blockchain,pool,token,symbol,decimals,local_date,net_raw,transfers
optimism,0x00d09cccda09bb97132293c571ead11630d57a71,0x289f635106d5b822a505b39ac237a0ae9189335b,scrvUSD,18,2026-05-06,19782393489568389124,1
optimism,0x00d09cccda09bb97132293c571ead11630d57a71,0x289f635106d5b822a505b39ac237a0ae9189335b,scrvUSD,18,2026-05-12,-95701391852056036689,1
optimism,0x00d09cccda09bb97132293c571ead11630d57a71,0x289f635106d5b822a505b39ac237a0ae9189335b,scrvUSD,18,2026-05-22,95701391852056036689,1
optimism,0x00d09cccda09bb97132293c571ead11630d57a71,0x289f635106d5b822a505b39ac237a0ae9189335b,scrvUSD,18,2026-05-24,-5529613161767223373909,2
optimism,0x00d09cccda09bb97132293c571ead11630d57a71,0x289f635106d5b822a505b39ac237a0ae9189335b,scrvUSD,18,2026-06-09,-1717480091964847580,2
optimism,0x00d09cccda09bb97132293c571ead11630d57a71,0x289f635106d5b822a505b39ac237a0ae9189335b,scrvUSD,18,2026-06-11,-701264859142794309,5
optimism,0x00d09cccda09bb97132293c571ead11630d57a71,0x289f635106d5b822a505b39ac237a0ae9189335b,scrvUSD,18,2026-06-12,-59767307106529791,7
optimism,0x00d09cccda09bb97132293c571ead11630d57a71,0x289f635106d5b822a505b39ac237a0ae9189335b,scrvUSD,18,2026-06-13,-263979097464298453,1
optimism,0x00d09cccda09bb97132293c571ead11630d57a71,0x289f635106d5b822a505b39ac237a0ae9189335b,scrvUSD,18,2026-06-14,-182085442979465982,2
optimism,0x00d09cccda09bb97132293c571ead11630d57a71,0x289f635106d5b822a505b39ac237a0ae9189335b,scrvUSD,18,2026-06-15,-389861676457785556,2
optimism,0x00d09cccda09bb97132293c571ead11630d57a71,0x289f635106d5b822a505b39ac237a0ae9189335b,scrvUSD,18,2026-06-16,-466167440295847582,2
optimism,0x00d09cccda09bb97132293c571ead11630d57a71,0x289f635106d5b822a505b39ac237a0ae9189335b,scrvUSD,18,2026-06-17,-400781116756684481,2
optimism,0x00d09cccda09bb97132293c571ead11630d57a71,0x289f635106d5b822a505b39ac237a0ae9189335b,scrvUSD,18,2026-06-18,-396532811982335454,3
optimism,0x00d09cccda09bb97132293c571ead11630d57a71,0x289f635106d5b822a505b39ac237a0ae9189335b,scrvUSD,18,2026-06-19,37609794796521341,7
optimism,0x00d09cccda09bb97132293c571ead11630d57a71,0x289f635106d5b822a505b39ac237a0ae9189335b,scrvUSD,18,2026-06-20,-625415564350817727,3
optimism,0x00d09cccda09bb97132293c571ead11630d57a71,0x289f635106d5b822a505b39ac237a0ae9189335b,scrvUSD,18,2026-06-22,-475377541243325029,2
optimism,0x00d09cccda09bb97132293c571ead11630d57a71,0x289f635106d5b822a505b39ac237a0ae9189335b,scrvUSD,18,2026-06-23,-241861234214913060,7
optimism,0x00d09cccda09bb97132293c571ead11630d57a71,0x289f635106d5b822a505b39ac237a0ae9189335b,scrvUSD,18,2026-06-24,-178795219512866696,8
optimism,0x00d09cccda09bb97132293c571ead11630d57a71,0x289f635106d5b822a505b39ac237a0ae9189335b,scrvUSD,18,2026-06-25,-193587048490317889,16
optimism,0x00d09cccda09bb97132293c571ead11630d57a71,0x289f635106d5b822a505b39ac237a0ae9189335b,scrvUSD,18,2026-06-26,-97202666638679725,1
optimism,0x00d09cccda09bb97132293c571ead11630d57a71,0x289f635106d5b822a505b39ac237a0ae9189335b,scrvUSD,18,2026-06-27,-235145885009662605,2
optimism,0x00d09cccda09bb97132293c571ead11630d57a71,0x289f635106d5b822a505b39ac237a0ae9189335b,scrvUSD,18,2026-06-29,-74267250306385405,1
optimism,0x00d09cccda09bb97132293c571ead11630d57a71,0x289f635106d5b822a505b39ac237a0ae9189335b,scrvUSD,18,2026-07-01,-29980741270017538,1
optimism,0x00d09cccda09bb97132293c571ead11630d57a71,0x289f635106d5b822a505b39ac237a0ae9189335b,scrvUSD,18,2026-07-02,-66560503366899973,1
optimism,0x00d09cccda09bb97132293c571ead11630d57a71,0x289f635106d5b822a505b39ac237a0ae9189335b,scrvUSD,18,2026-07-03,-177845870293807587,1
optimism,0x00d09cccda09bb97132293c571ead11630d57a71,0x289f635106d5b822a505b39ac237a0ae9189335b,scrvUSD,18,2026-07-27,73966463553015898,1
optimism,0x00d09cccda09bb97132293c571ead11630d57a71,0x289f635106d5b822a505b39ac237a0ae9189335b,scrvUSD,18,2026-08-01,-150375238401293560,1
optimism,0x00d09cccda09bb97132293c571ead11630d57a71,0x289f635106d5b822a505b39ac237a0ae9189335b,scrvUSD,18,2026-08-03,2168745016211920606,2
optimism,0x00d09cccda09bb97132293c571ead11630d57a71,0x289f635106d5b822a505b39ac237a0ae9189335b,scrvUSD,18,2026-08-06,-84245748308798048,1
optimism,0x00d09cccda09bb97132293c571ead11630d57a71,0x289f635106d5b822a505b39ac237a0ae9189335b,scrvUSD,18,2026-08-09,-80879859725868686,1
optimism,0x00d09cccda09bb97132293c571ead11630d57a71,0x289f635106d5b822a505b39ac237a0ae9189335b,scrvUSD,18,2026-08-10,-78253276774849172,1
optimism,0x00d09cccda09bb97132293c571ead11630d57a71,0x289f635106d5b822a505b39ac237a0ae9189335b,scrvUSD,18,2026-08-12,5263614316030177,1
optimism,0x00d09cccda09bb97132293c571ead11630d57a71,0x289f635106d5b822a505b39ac237a0ae9189335b,scrvUSD,18,2026-08-20,-93715529122237085,1
optimism,0x00d09cccda09bb97132293c571ead11630d57a71,0x289f635106d5b822a505b39ac237a0ae9189335b,scrvUSD,18,2026-08-21,-202243250903285393,2
optimism,0x00d09cccda09bb97132293c571ead11630d57a71,0x289f635106d5b822a505b39ac237a0ae9189335b,scrvUSD,18,2026-08-26,146521480884079914,1
optimism,0x00d09cccda09bb97132293c571ead11630d57a71,0x289f635106d5b822a505b39ac237a0ae9189335b,scrvUSD,18,2026-09-01,-191152012071796672,2
optimism,0x00d09cccda09bb97132293c571ead11630d57a71,0x289f635106d5b822a505b39ac237a0ae9189335b,scrvUSD,18,2026-09-02,-10994949898305742685680,2
optimism,0x00d09cccda09bb97132293c571ead11630d57a71,0x289f635106d5b822a505b39ac237a0ae9189335b,scrvUSD,18,2026-09-06,-105229560564851547,1
optimism,0x00d09cccda09bb97132293c571ead11630d57a71,0x289f635106d5b822a505b39ac237a0ae9189335b,scrvUSD,18,2026-09-08,124036445374106993,1
optimism,0x00d09cccda09bb97132293c571ead11630d57a71,0x289f635106d5b822a505b39ac237a0ae9189335b,scrvUSD,18,2026-09-11,89833446774169820,1
optimism,0x00d09cccda09bb97132293c571ead11630d57a71,0x289f635106d5b822a505b39ac237a0ae9189335b,scrvUSD,18,2026-09-15,91836680652240088,1
optimism,0x00d09cccda09bb97132293c571ead11630d57a71,0xc52d7f23a2e460248db6ee192cb23dd12bddcbf6,crvUSD,18,2026-05-06,-21726959933602233017,1
optimism,0x00d09cccda09bb97132293c571ead11630d57a71,0xc52d7f23a2e460248db6ee192cb23dd12bddcbf6,crvUSD,18,2026-05-22,-105171035286588543070,1
optimism,0x00d09cccda09bb97132293c571ead11630d57a71,0xc52d7f23a2e460248db6ee192cb23dd12bddcbf6,crvUSD,18,2026-05-24,-4067572734909468525930,2
optimism,0x00d09cccda09bb97132293c571ead11630d57a71,0xc52d7f23a2e460248db6ee192cb23dd12bddcbf6,crvUSD,18,2026-06-09,1891114295426638605,2
optimism,0x00d09cccda09bb97132293c571ead11630d57a71,0xc52d7f23a2e460248db6ee192cb23dd12bddcbf6,crvUSD,18,2026-06-11,772337023980733668,5
optimism,0x00d09cccda09bb97132293c571ead11630d57a71,0xc52d7f23a2e460248db6ee192cb23dd12bddcbf6,crvUSD,18,2026-06-12,66603697784917657,7
optimism,0x00d09cccda09bb97132293c571ead11630d57a71,0xc52d7f23a2e460248db6ee192cb23dd12bddcbf6,crvUSD,18,2026-06-13,290830041478877880,1
optimism,0x00d09cccda09bb97132293c571ead11630d57a71,0xc52d7f23a2e460248db6ee192cb23dd12bddcbf6,crvUSD,18,2026-06-14,200637209440694492,2
optimism,0x00d09cccda09bb97132293c571ead11630d57a71,0xc52d7f23a2e460248db6ee192cb23dd12bddcbf6,crvUSD,18,2026-06-15,429643757771236485,2
optimism,0x00d09cccda09bb97132293c571ead11630d57a71,0xc52d7f23a2e460248db6ee192cb23dd12bddcbf6,crvUSD,18,2026-06-16,513769163768722495,2
optimism,0x00d09cccda09bb97132293c571ead11630d57a71,0xc52d7f23a2e460248db6ee192cb23dd12bddcbf6,crvUSD,18,2026-06-17,441754948450673570,2
optimism,0x00d09cccda09bb97132293c571ead11630d57a71,0xc52d7f23a2e460248db6ee192cb23dd12bddcbf6,crvUSD,18,2026-06-18,437139969419358326,3
optimism,0x00d09cccda09bb97132293c571ead11630d57a71,0xc52d7f23a2e460248db6ee192cb23dd12bddcbf6,crvUSD,18,2026-06-19,-41360313885579481,7
optimism,0x00d09cccda09bb97132293c571ead11630d57a71,0xc52d7f23a2e460248db6ee192cb23dd12bddcbf6,crvUSD,18,2026-06-20,689555429683241737,3
optimism,0x00d09cccda09bb97132293c571ead11630d57a71,0xc52d7f23a2e460248db6ee192cb23dd12bddcbf6,crvUSD,18,2026-06-22,524215235557976365,2
optimism,0x00d09cccda09bb97132293c571ead11630d57a71,0xc52d7f23a2e460248db6ee192cb23dd12bddcbf6,crvUSD,18,2026-06-23,266774046517338076,7
optimism,0x00d09cccda09bb97132293c571ead11630d57a71,0xc52d7f23a2e460248db6ee192cb23dd12bddcbf6,crvUSD,18,2026-06-24,197364242531890952,8
optimism,0x00d09cccda09bb97132293c571ead11630d57a71,0xc52d7f23a2e460248db6ee192cb23dd12bddcbf6,crvUSD,18,2026-06-25,213898851021471328,16
optimism,0x00d09cccda09bb97132293c571ead11630d57a71,0xc52d7f23a2e460248db6ee192cb23dd12bddcbf6,crvUSD,18,2026-06-26,107201687496743144,1
optimism,0x00d09cccda09bb97132293c571ead11630d57a71,0xc52d7f23a2e460248db6ee192cb23dd12bddcbf6,crvUSD,18,2026-06-27,259346277946909723,2
optimism,0x00d09cccda09bb97132293c571ead11630d57a71,0xc52d7f23a2e460248db6ee192cb23dd12bddcbf6,crvUSD,18,2026-06-29,81911458234519790,1
optimism,0x00d09cccda09bb97132293c571ead11630d57a71,0xc52d7f23a2e460248db6ee192cb23dd12bddcbf6,crvUSD,18,2026-07-01,33073279347254427,1
optimism,0x00d09cccda09bb97132293c571ead11630d57a71,0xc52d7f23a2e460248db6ee192cb23dd12bddcbf6,crvUSD,18,2026-07-02,73432579275895739,1
optimism,0x00d09cccda09bb97132293c571ead11630d57a71,0xc52d7f23a2e460248db6ee192cb23dd12bddcbf6,crvUSD,18,2026-07-03,196213527990796435,1
optimism,0x00d09cccda09bb97132293c571ead11630d57a71,0xc52d7f23a2e460248db6ee192cb23dd12bddcbf6,crvUSD,18,2026-07-27,-81719208842500602,1
optimism,0x00d09cccda09bb97132293c571ead11630d57a71,0xc52d7f23a2e460248db6ee192cb23dd12bddcbf6,crvUSD,18,2026-08-01,166192503403640460,1
optimism,0x00d09cccda09bb97132293c571ead11630d57a71,0xc52d7f23a2e460248db6ee192cb23dd12bddcbf6,crvUSD,18,2026-08-03,-2396550194088443745,2
optimism,0x00d09cccda09bb97132293c571ead11630d57a71,0xc52d7f23a2e460248db6ee192cb23dd12bddcbf6,crvUSD,18,2026-08-06,93122388832301608,1
optimism,0x00d09cccda09bb97132293c571ead11630d57a71,0xc52d7f23a2e460248db6ee192cb23dd12bddcbf6,crvUSD,18,2026-08-09,89410799035591693,1
optimism,0x00d09cccda09bb97132293c571ead11630d57a71,0xc52d7f23a2e460248db6ee192cb23dd12bddcbf6,crvUSD,18,2026-08-10,86511356653212648,1
optimism,0x00d09cccda09bb97132293c571ead11630d57a71,0xc52d7f23a2e460248db6ee192cb23dd12bddcbf6,crvUSD,18,2026-08-12,-5818020107200719,1
optimism,0x00d09cccda09bb97132293c571ead11630d57a71,0xc52d7f23a2e460248db6ee192cb23dd12bddcbf6,crvUSD,18,2026-08-20,103646292730107543,1
optimism,0x00d09cccda09bb97132293c571ead11630d57a71,0xc52d7f23a2e460248db6ee192cb23dd12bddcbf6,crvUSD,18,2026-08-21,223679523111415163,2
optimism,0x00d09cccda09bb97132293c571ead11630d57a71,0xc52d7f23a2e460248db6ee192cb23dd12bddcbf6,crvUSD,18,2026-08-26,-162037959478039790,1
optimism,0x00d09cccda09bb97132293c571ead11630d57a71,0xc52d7f23a2e460248db6ee192cb23dd12bddcbf6,crvUSD,18,2026-09-01,211454445057161377,2
optimism,0x00d09cccda09bb97132293c571ead11630d57a71,0xc52d7f23a2e460248db6ee192cb23dd12bddcbf6,crvUSD,18,2026-09-02,-8097634381832357671308,2
optimism,0x00d09cccda09bb97132293c571ead11630d57a71,0xc52d7f23a2e460248db6ee192cb23dd12bddcbf6,crvUSD,18,2026-09-06,116424452881235061,1
optimism,0x00d09cccda09bb97132293c571ead11630d57a71,0xc52d7f23a2e460248db6ee192cb23dd12bddcbf6,crvUSD,18,2026-09-08,-137208994110848158,1
optimism,0x00d09cccda09bb97132293c571ead11630d57a71,0xc52d7f23a2e460248db6ee192cb23dd12bddcbf6,crvUSD,18,2026-09-11,-99382772671784487,1
optimism,0x00d09cccda09bb97132293c571ead11630d57a71,0xc52d7f23a2e460248db6ee192cb23dd12bddcbf6,crvUSD,18,2026-09-15,-101628738255868304,1
optimism,0x4456d13fc6736e8e8330394c0c622103e06ea419,0x4200000000000000000000000000000000000006,WETH,18,2026-04-18,93892951466702174,87
optimism,0x4456d13fc6736e8e8330394c0c622103e06ea419,0x4200000000000000000000000000000000000006,WETH,18,2026-04-19,53047728305806060,85
optimism,0x4456d13fc6736e8e8330394c0c622103e06ea419,0x4200000000000000000000000000000000000006,WETH,18,2026-04-20,-71037169072964359,463
optimism,0x4456d13fc6736e8e8330394c0c622103e06ea419,0x4200000000000000000000000000000000000006,WETH,18,2026-04-21,-40747758251333662,516
optimism,0x4456d13fc6736e8e8330394c0c622103e06ea419,0x4200000000000000000000000000000000000006,WETH,18,2026-04-22,97399386562571166,127
optimism,0x4456d13fc6736e8e8330394c0c622103e06ea419,0x4200000000000000000000000000000000000006,WETH,18,2026-04-23,41056481124185243,127
optimism,0x4456d13fc6736e8e8330394c0c622103e06ea419,0x4200000000000000000000000000000000000006,WETH,18,2026-04-24,-33732475641654000,281
optimism,0x4456d13fc6736e8e8330394c0c622103e06ea419,0x4200000000000000000000000000000000000006,WETH,18,2026-04-25,-27745239023678942,218
optimism,0x4456d13fc6736e8e8330394c0c622103e06ea419,0x4200000000000000000000000000000000000006,WETH,18,2026-04-26,34298463852092206,80
optimism,0x4456d13fc6736e8e8330394c0c622103e06ea419,0x4200000000000000000000000000000000000006,WETH,18,2026-04-27,30017563652444026,55
optimism,0x4456d13fc6736e8e8330394c0c622103e06ea419,0x4200000000000000000000000000000000000006,WETH,18,2026-04-28,-80225092630225306,199
optimism,0x4456d13fc6736e8e8330394c0c622103e06ea419,0x4200000000000000000000000000000000000006,WETH,18,2026-04-29,114370222159414381,191
optimism,0x4456d13fc6736e8e8330394c0c622103e06ea419,0x4200000000000000000000000000000000000006,WETH,18,2026-04-30,-66301759322184368,378
optimism,0x4456d13fc6736e8e8330394c0c622103e06ea419,0x4200000000000000000000000000000000000006,WETH,18,2026-05-01,17598256909741376,292
optimism,0x4456d13fc6736e8e8330394c0c622103e06ea419,0x4200000000000000000000000000000000000006,WETH,18,2026-05-02,16633362964282131,225
optimism,0x4456d13fc6736e8e8330394c0c622103e06ea419,0x4200000000000000000000000000000000000006,WETH,18,2026-05-03,-89777342323790241,320
optimism,0x4456d13fc6736e8e8330394c0c622103e06ea419,0x4200000000000000000000000000000000000006,WETH,18,2026-05-04,8929316107268658,284
optimism,0x4456d13fc6736e8e8330394c0c622103e06ea419,0x4200000000000000000000000000000000000006,WETH,18,2026-05-05,68427227451489173,302
optimism,0x4456d13fc6736e8e8330394c0c622103e06ea419,0x4200000000000000000000000000000000000006,WETH,18,2026-05-06,34112118976682997,217
optimism,0x4456d13fc6736e8e8330394c0c622103e06ea419,0x4200000000000000000000000000000000000006,WETH,18,2026-05-07,29262399397231941,64
optimism,0x4456d13fc6736e8e8330394c0c622103e06ea419,0x4200000000000000000000000000000000000006,WETH,18,2026-05-08,-48388020727346471,166
optimism,0x4456d13fc6736e8e8330394c0c622103e06ea419,0x4200000000000000000000000000000000000006,WETH,18,2026-05-09,5018471377094906,757
optimism,0x4456d13fc6736e8e8330394c0c622103e06ea419,0x4200000000000000000000000000000000000006,WETH,18,2026-05-10,8529077524114307,583
optimism,0x4456d13fc6736e8e8330394c0c622103e06ea419,0x4200000000000000000000000000000000000006,WETH,18,2026-05-11,19423550529097448,138
optimism,0x4456d13fc6736e8e8330394c0c622103e06ea419,0x4200000000000000000000000000000000000006,WETH,18,2026-05-12,14715198106361849,136
optimism,0x4456d13fc6736e8e8330394c0c622103e06ea419,0x4200000000000000000000000000000000000006,WETH,18,2026-05-13,28930638056439485,196
optimism,0x4456d13fc6736e8e8330394c0c622103e06ea419,0x4200000000000000000000000000000000000006,WETH,18,2026-05-14,35480243732875140,155
optimism,0x4456d13fc6736e8e8330394c0c622103e06ea419,0x4200000000000000000000000000000000000006,WETH,18,2026-05-15,-2449252855153131,43
optimism,0x4456d13fc6736e8e8330394c0c622103e06ea419,0x4200000000000000000000000000000000000006,WETH,18,2026-05-16,31061908058777017,33
optimism,0x4456d13fc6736e8e8330394c0c622103e06ea419,0x4200000000000000000000000000000000000006,WETH,18,2026-05-17,56468909549211886,65
optimism,0x4456d13fc6736e8e8330394c0c622103e06ea419,0x4200000000000000000000000000000000000006,WETH,18,2026-05-18,-3807504967439773,98
optimism,0x4456d13fc6736e8e8330394c0c622103e06ea419,0x4200000000000000000000000000000000000006,WETH,18,2026-05-19,-17742002067679621,113
optimism,0x4456d13fc6736e8e8330394c0c622103e06ea419,0x4200000000000000000000000000000000000006,WETH,18,2026-05-20,-27715383354814155,353
optimism,0x4456d13fc6736e8e8330394c0c622103e06ea419,0x4200000000000000000000000000000000000006,WETH,18,2026-05-21,55390931585663183,386
optimism,0x4456d13fc6736e8e8330394c0c622103e06ea419,0x4200000000000000000000000000000000000006,WETH,18,2026-05-22,45820831548858884,139
optimism,0x4456d13fc6736e8e8330394c0c622103e06ea419,0x4200000000000000000000000000000000000006,WETH,18,2026-05-23,-90547170455132648,138
optimism,0x4456d13fc6736e8e8330394c0c622103e06ea419,0x4200000000000000000000000000000000000006,WETH,18,2026-05-24,30447739730455411,303
optimism,0x4456d13fc6736e8e8330394c0c622103e06ea419,0x4200000000000000000000000000000000000006,WETH,18,2026-05-25,40790422086748836,163
optimism,0x4456d13fc6736e8e8330394c0c622103e06ea419,0x4200000000000000000000000000000000000006,WETH,18,2026-05-26,28176174533690383,190
optimism,0x4456d13fc6736e8e8330394c0c622103e06ea419,0x4200000000000000000000000000000000000006,WETH,18,2026-05-27,65635037355163121,298
optimism,0x4456d13fc6736e8e8330394c0c622103e06ea419,0x4200000000000000000000000000000000000006,WETH,18,2026-05-28,-35862421379293165,60
optimism,0x4456d13fc6736e8e8330394c0c622103e06ea419,0x4200000000000000000000000000000000000006,WETH,18,2026-05-29,-18104924015454402,454
optimism,0x4456d13fc6736e8e8330394c0c622103e06ea419,0x4200000000000000000000000000000000000006,WETH,18,2026-05-30,2589517933066977,430
optimism,0x4456d13fc6736e8e8330394c0c622103e06ea419,0x4200000000000000000000000000000000000006,WETH,18,2026-05-31,44840254968833165,224
optimism,0x4456d13fc6736e8e8330394c0c622103e06ea419,0x4200000000000000000000000000000000000006,WETH,18,2026-06-01,-92066506866452955,160
optimism,0x4456d13fc6736e8e8330394c0c622103e06ea419,0x4200000000000000000000000000000000000006,WETH,18,2026-06-02,151187386734674761,125
optimism,0x4456d13fc6736e8e8330394c0c622103e06ea419,0x4200000000000000000000000000000000000006,WETH,18,2026-06-03,58728731256420854,258
optimism,0x4456d13fc6736e8e8330394c0c622103e06ea419,0x4200000000000000000000000000000000000006,WETH,18,2026-06-04,135159472631032736,697
optimism,0x4456d13fc6736e8e8330394c0c622103e06ea419,0x4200000000000000000000000000000000000006,WETH,18,2026-06-05,152233547145398083,461
optimism,0x4456d13fc6736e8e8330394c0c622103e06ea419,0x4200000000000000000000000000000000000006,WETH,18,2026-06-06,-50679436415049682,709
optimism,0x4456d13fc6736e8e8330394c0c622103e06ea419,0x4200000000000000000000000000000000000006,WETH,18,2026-06-07,-54714152082032998,171
optimism,0x4456d13fc6736e8e8330394c0c622103e06ea419,0x4200000000000000000000000000000000000006,WETH,18,2026-06-08,-66058249551988056,206
optimism,0x4456d13fc6736e8e8330394c0c622103e06ea419,0x4200000000000000000000000000000000000006,WETH,18,2026-06-09,65679606877474860,447
optimism,0x4456d13fc6736e8e8330394c0c622103e06ea419,0x4200000000000000000000000000000000000006,WETH,18,2026-06-10,9975971486286761,405
optimism,0x4456d13fc6736e8e8330394c0c622103e06ea419,0x4200000000000000000000000000000000000006,WETH,18,2026-06-11,-10454569237710244,302
optimism,0x4456d13fc6736e8e8330394c0c622103e06ea419,0x4200000000000000000000000000000000000006,WETH,18,2026-06-12,28629606879455253,501
optimism,0x4456d13fc6736e8e8330394c0c622103e06ea419,0x4200000000000000000000000000000000000006,WETH,18,2026-06-13,-31317803660845270,348
optimism,0x4456d13fc6736e8e8330394c0c622103e06ea419,0x4200000000000000000000000000000000000006,WETH,18,2026-06-14,-66929431212895640,215
optimism,0x4456d13fc6736e8e8330394c0c622103e06ea419,0x4200000000000000000000000000000000000006,WETH,18,2026-06-15,-16000532053703298,239
optimism,0x4456d13fc6736e8e8330394c0c622103e06ea419,0x4200000000000000000000000000000000000006,WETH,18,2026-06-16,-72938567850921708,767
optimism,0x4456d13fc6736e8e8330394c0c622103e06ea419,0x4200000000000000000000000000000000000006,WETH,18,2026-06-17,82001751761380962,716
optimism,0x4456d13fc6736e8e8330394c0c622103e06ea419,0x4200000000000000000000000000000000000006,WETH,18,2026-06-18,32409659930025640,474
optimism,0x4456d13fc6736e8e8330394c0c622103e06ea419,0x4200000000000000000000000000000000000006,WETH,18,2026-06-19,-78093359466606486,728
optimism,0x4456d13fc6736e8e8330394c0c622103e06ea419,0x4200000000000000000000000000000000000006,WETH,18,2026-06-20,10191843070631922,347
optimism,0x4456d13fc6736e8e8330394c0c622103e06ea419,0x4200000000000000000000000000000000000006,WETH,18,2026-06-21,-3895391462569436,444
optimism,0x4456d13fc6736e8e8330394c0c622103e06ea419,0x4200000000000000000000000000000000000006,WETH,18,2026-06-22,55308279874624430,175
optimism,0x4456d13fc6736e8e8330394c0c622103e06ea419,0x4200000000000000000000000000000000000006,WETH,18,2026-06-23,68401732916620178,616
optimism,0x4456d13fc6736e8e8330394c0c622103e06ea419,0x4200000000000000000000000000000000000006,WETH,18,2026-06-24,-35116116844190321,439
optimism,0x4456d13fc6736e8e8330394c0c622103e06ea419,0x4200000000000000000000000000000000000006,WETH,18,2026-06-25,155699078365211563,843
optimism,0x4456d13fc6736e8e8330394c0c622103e06ea419,0x4200000000000000000000000000000000000006,WETH,18,2026-06-26,-71787865122774112,373
optimism,0x4456d13fc6736e8e8330394c0c622103e06ea419,0x4200000000000000000000000000000000000006,WETH,18,2026-06-27,61915508587075836,447
optimism,0x4456d13fc6736e8e8330394c0c622103e06ea419,0x4200000000000000000000000000000000000006,WETH,18,2026-06-28,-61252551757863567,510
optimism,0x4456d13fc6736e8e8330394c0c622103e06ea419,0x4200000000000000000000000000000000000006,WETH,18,2026-06-29,2279092982542111,786
optimism,0x4456d13fc6736e8e8330394c0c622103e06ea419,0x4200000000000000000000000000000000000006,WETH,18,2026-06-30,-38805838775133896,768
optimism,0x4456d13fc6736e8e8330394c0c622103e06ea419,0x4200000000000000000000000000000000000006,WETH,18,2026-07-01,-41419779659899395,452
optimism,0x4456d13fc6736e8e8330394c0c622103e06ea419,0x4200000000000000000000000000000000000006,WETH,18,2026-07-02,-130666755980754345,149
optimism,0x4456d13fc6736e8e8330394c0c622103e06ea419,0x4200000000000000000000000000000000000006,WETH,18,2026-07-03,-36335415481470785,854
optimism,0x4456d13fc6736e8e8330394c0c622103e06ea419,0x4200000000000000000000000000000000000006,WETH,18,2026-07-04,21575823929706579,173
optimism,0x4456d13fc6736e8e8330394c0c622103e06ea419,0x4200000000000000000000000000000000000006,WETH,18,2026-07-05,725572805246278,493
optimism,0x4456d13fc6736e8e8330394c0c622103e06ea419,0x4200000000000000000000000000000000000006,WETH,18,2026-07-06,15778864225128191,470
optimism,0x4456d13fc6736e8e8330394c0c622103e06ea419,0x4200000000000000000000000000000000000006,WETH,18,2026-07-07,11082237928175460,407
optimism,0x4456d13fc6736e8e8330394c0c622103e06ea419,0x4200000000000000000000000000000000000006,WETH,18,2026-07-08,-31795552441263315,446
optimism,0x4456d13fc6736e8e8330394c0c622103e06ea419,0x4200000000000000000000000000000000000006,WETH,18,2026-07-09,-10901911883938657,473
optimism,0x4456d13fc6736e8e8330394c0c622103e06ea419,0x4200000000000000000000000000000000000006,WETH,18,2026-07-10,-38098967761494321,84
optimism,0x4456d13fc6736e8e8330394c0c622103e06ea419,0x4200000000000000000000000000000000000006,WETH,18,2026-07-11,-25853530019910484,221
optimism,0x4456d13fc6736e8e8330394c0c622103e06ea419,0x4200000000000000000000000000000000000006,WETH,18,2026-07-12,67948213471590803,599
optimism,0x4456d13fc6736e8e8330394c0c622103e06ea419,0x4200000000000000000000000000000000000006,WETH,18,2026-07-13,-50826647158772341,471
optimism,0x4456d13fc6736e8e8330394c0c622103e06ea419,0x4200000000000000000000000000000000000006,WETH,18,2026-07-14,-103647748563753350,1138
optimism,0x4456d13fc6736e8e8330394c0c622103e06ea419,0x4200000000000000000000000000000000000006,WETH,18,2026-07-15,-60948997712480543,59
optimism,0x4456d13fc6736e8e8330394c0c622103e06ea419,0x4200000000000000000000000000000000000006,WETH,18,2026-07-16,137010906199095536,367
optimism,0x4456d13fc6736e8e8330394c0c622103e06ea419,0x4200000000000000000000000000000000000006,WETH,18,2026-07-17,-51666891779218661,373
optimism,0x4456d13fc6736e8e8330394c0c622103e06ea419,0x4200000000000000000000000000000000000006,WETH,18,2026-07-18,-8601387726186551,263
optimism,0x4456d13fc6736e8e8330394c0c622103e06ea419,0x4200000000000000000000000000000000000006,WETH,18,2026-07-19,44168329539839011,569
optimism,0x4456d13fc6736e8e8330394c0c622103e06ea419,0x4200000000000000000000000000000000000006,WETH,18,2026-07-20,-108276324680330786,308
optimism,0x4456d13fc6736e8e8330394c0c622103e06ea419,0x4200000000000000000000000000000000000006,WETH,18,2026-07-21,10637045336463151,238
optimism,0x4456d13fc6736e8e8330394c0c622103e06ea419,0x4200000000000000000000000000000000000006,WETH,18,2026-07-22,24373317603277324,431
optimism,0x4456d13fc6736e8e8330394c0c622103e06ea419,0x4200000000000000000000000000000000000006,WETH,18,2026-07-23,66312643016665799,686
optimism,0x4456d13fc6736e8e8330394c0c622103e06ea419,0x4200000000000000000000000000000000000006,WETH,18,2026-07-24,992200785269746,180
optimism,0x4456d13fc6736e8e8330394c0c622103e06ea419,0x4200000000000000000000000000000000000006,WETH,18,2026-07-25,-75504422187793412,64
optimism,0x4456d13fc6736e8e8330394c0c622103e06ea419,0x4200000000000000000000000000000000000006,WETH,18,2026-07-26,-84003220374062572,106
optimism,0x4456d13fc6736e8e8330394c0c622103e06ea419,0x4200000000000000000000000000000000000006,WETH,18,2026-07-27,119527302344698460,177
optimism,0x4456d13fc6736e8e8330394c0c622103e06ea419,0x4200000000000000000000000000000000000006,WETH,18,2026-07-28,-80561361695189706,592
optimism,0x4456d13fc6736e8e8330394c0c622103e06ea419,0x4200000000000000000000000000000000000006,WETH,18,2026-07-29,60869378903703853,521
optimism,0x4456d13fc6736e8e8330394c0c622103e06ea419,0x4200000000000000000000000000000000000006,WETH,18,2026-07-30,-18408089787775561,190
optimism,0x4456d13fc6736e8e8330394c0c622103e06ea419,0x4200000000000000000000000000000000000006,WETH,18,2026-07-31,38298694297514494,262
optimism,0x4456d13fc6736e8e8330394c0c622103e06ea419,0x4200000000000000000000000000000000000006,WETH,18,2026-08-01,-37242040631628422,513
optimism,0x4456d13fc6736e8e8330394c0c622103e06ea419,0x4200000000000000000000000000000000000006,WETH,18,2026-08-02,51028421501099499,297
optimism,0x4456d13fc6736e8e8330394c0c622103e06ea419,0x4200000000000000000000000000000000000006,WETH,18,2026-08-03,-20291370711226605,227
optimism,0x4456d13fc6736e8e8330394c0c622103e06ea419,0x4200000000000000000000000000000000000006,WETH,18,2026-08-04,-10668810965751228,506
optimism,0x4456d13fc6736e8e8330394c0c622103e06ea419,0x4200000000000000000000000000000000000006,WETH,18,2026-08-05,-52961019293312554,315
optimism,0x4456d13fc6736e8e8330394c0c622103e06ea419,0x4200000000000000000000000000000000000006,WETH,18,2026-08-06,18124005640642823,185
optimism,0x4456d13fc6736e8e8330394c0c622103e06ea419,0x4200000000000000000000000000000000000006,WETH,18,2026-08-07,6721875801015201,534
optimism,0x4456d13fc6736e8e8330394c0c622103e06ea419,0x4200000000000000000000000000000000000006,WETH,18,2026-08-08,14203422263852720,107
optimism,0x4456d13fc6736e8e8330394c0c622103e06ea419,0x4200000000000000000000000000000000000006,WETH,18,2026-08-09,-37215892491931700,772
optimism,0x4456d13fc6736e8e8330394c0c622103e06ea419,0x4200000000000000000000000000000000000006,WETH,18,2026-08-10,88072166887353279,291
optimism,0x4456d13fc6736e8e8330394c0c622103e06ea419,0x4200000000000000000000000000000000000006,WETH,18,2026-08-11,-71166998094689387,158
optimism,0x4456d13fc6736e8e8330394c0c622103e06ea419,0x4200000000000000000000000000000000000006,WETH,18,2026-08-12,-9229774412759343,571
optimism,0x4456d13fc6736e8e8330394c0c622103e06ea419,0x4200000000000000000000000000000000000006,WETH,18,2026-08-13,46490560459417170,701
optimism,0x4456d13fc6736e8e8330394c0c622103e06ea419,0x4200000000000000000000000000000000000006,WETH,18,2026-08-14,-38095113244924458,318
optimism,0x4456d13fc6736e8e8330394c0c622103e06ea419,0x4200000000000000000000000000000000000006,WETH,18,2026-08-15,34615705646936360,306
optimism,0x4456d13fc6736e8e8330394c0c622103e06ea419,0x4200000000000000000000000000000000000006,WETH,18,2026-08-16,-77759465322200856,298
optimism,0x4456d13fc6736e8e8330394c0c622103e06ea419,0x4200000000000000000000000000000000000006,WETH,18,2026-08-17,68193447360257744,549
optimism,0x4456d13fc6736e8e8330394c0c622103e06ea419,0x4200000000000000000000000000000000000006,WETH,18,2026-08-18,-37886271420279282,538
optimism,0x4456d13fc6736e8e8330394c0c622103e06ea419,0x4200000000000000000000000000000000000006,WETH,18,2026-08-19,-355904690134408193,916
optimism,0x4456d13fc6736e8e8330394c0c622103e06ea419,0x4200000000000000000000000000000000000006,WETH,18,2026-08-20,-3182678461842045,2102
optimism,0x4456d13fc6736e8e8330394c0c622103e06ea419,0x4200000000000000000000000000000000000006,WETH,18,2026-08-21,-28483697381957367,308
optimism,0x4456d13fc6736e8e8330394c0c622103e06ea419,0x4200000000000000000000000000000000000006,WETH,18,2026-08-22,52613596068193004,1146
optimism,0x4456d13fc6736e8e8330394c0c622103e06ea419,0x4200000000000000000000000000000000000006,WETH,18,2026-08-23,-79771053958310903,1231
optimism,0x4456d13fc6736e8e8330394c0c622103e06ea419,0x4200000000000000000000000000000000000006,WETH,18,2026-08-24,-3614024959080399,1192
optimism,0x4456d13fc6736e8e8330394c0c622103e06ea419,0x4200000000000000000000000000000000000006,WETH,18,2026-08-25,4437044749839362,751
optimism,0x4456d13fc6736e8e8330394c0c622103e06ea419,0x4200000000000000000000000000000000000006,WETH,18,2026-08-26,-48256111049670399,554
optimism,0x4456d13fc6736e8e8330394c0c622103e06ea419,0x4200000000000000000000000000000000000006,WETH,18,2026-08-27,21336131145288167,545
optimism,0x4456d13fc6736e8e8330394c0c622103e06ea419,0x4200000000000000000000000000000000000006,WETH,18,2026-08-28,66671771991725743,364
optimism,0x4456d13fc6736e8e8330394c0c622103e06ea419,0x4200000000000000000000000000000000000006,WETH,18,2026-08-29,-16574744050623365,35
optimism,0x4456d13fc6736e8e8330394c0c622103e06ea419,0x4200000000000000000000000000000000000006,WETH,18,2026-08-30,34697182041147351,475
optimism,0x4456d13fc6736e8e8330394c0c622103e06ea419,0x4200000000000000000000000000000000000006,WETH,18,2026-08-31,-70757886286005454,526
optimism,0x4456d13fc6736e8e8330394c0c622103e06ea419,0x4200000000000000000000000000000000000006,WETH,18,2026-09-01,73771599868516715,202
optimism,0x4456d13fc6736e8e8330394c0c622103e06ea419,0x4200000000000000000000000000000000000006,WETH,18,2026-09-02,-27268568613821689,677
optimism,0x4456d13fc6736e8e8330394c0c622103e06ea419,0x4200000000000000000000000000000000000006,WETH,18,2026-09-03,-52146295884034254,389
optimism,0x4456d13fc6736e8e8330394c0c622103e06ea419,0x4200000000000000000000000000000000000006,WETH,18,2026-09-04,48248107438044217,344
optimism,0x4456d13fc6736e8e8330394c0c622103e06ea419,0x4200000000000000000000000000000000000006,WETH,18,2026-09-05,-78216332014692090,308
optimism,0x4456d13fc6736e8e8330394c0c622103e06ea419,0x4200000000000000000000000000000000000006,WETH,18,2026-09-06,43444619456998685,1012
optimism,0x4456d13fc6736e8e8330394c0c622103e06ea419,0x4200000000000000000000000000000000000006,WETH,18,2026-09-07,10940127769336730,1451
optimism,0x4456d13fc6736e8e8330394c0c622103e06ea419,0x4200000000000000000000000000000000000006,WETH,18,2026-09-08,-3966184253672757,1340
optimism,0x4456d13fc6736e8e8330394c0c622103e06ea419,0x4200000000000000000000000000000000000006,WETH,18,2026-09-09,-19463467305725828,1371
optimism,0x4456d13fc6736e8e8330394c0c622103e06ea419,0x4200000000000000000000000000000000000006,WETH,18,2026-09-10,-12572722017786858,806
optimism,0x4456d13fc6736e8e8330394c0c622103e06ea419,0x4200000000000000000000000000000000000006,WETH,18,2026-09-11,-13519847145638888,1717
optimism,0x4456d13fc6736e8e8330394c0c622103e06ea419,0x4200000000000000000000000000000000000006,WETH,18,2026-09-12,-7131039889149767,1281
optimism,0x4456d13fc6736e8e8330394c0c622103e06ea419,0x4200000000000000000000000000000000000006,WETH,18,2026-09-13,-16213968652853461,1793
optimism,0x4456d13fc6736e8e8330394c0c622103e06ea419,0x4200000000000000000000000000000000000006,WETH,18,2026-09-14,46633646613153496,3106
optimism,0x4456d13fc6736e8e8330394c0c622103e06ea419,0x4200000000000000000000000000000000000006,WETH,18,2026-09-15,73506252139255840,2679
optimism,0x4456d13fc6736e8e8330394c0c622103e06ea419,0x68f180fcce6836688e9084f035309e29bf0a2095,WBTC,8,2026-04-18,87910,59
optimism,0x4456d13fc6736e8e8330394c0c622103e06ea419,0x68f180fcce6836688e9084f035309e29bf0a2095,WBTC,8,2026-04-19,-1370,14
optimism,0x4456d13fc6736e8e8330394c0c622103e06ea419,0x68f180fcce6836688e9084f035309e29bf0a2095,WBTC,8,2026-04-20,-37308,200
optimism,0x4456d13fc6736e8e8330394c0c622103e06ea419,0x68f180fcce6836688e9084f035309e29bf0a2095,WBTC,8,2026-04-21,-162527,411
optimism,0x4456d13fc6736e8e8330394c0c622103e06ea419,0x68f180fcce6836688e9084f035309e29bf0a2095,WBTC,8,2026-04-22,-53560,111
optimism,0x4456d13fc6736e8e8330394c0c622103e06ea419,0x68f180fcce6836688e9084f035309e29bf0a2095,WBTC,8,2026-04-23,-79226,89
optimism,0x4456d13fc6736e8e8330394c0c622103e06ea419,0x68f180fcce6836688e9084f035309e29bf0a2095,WBTC,8,2026-04-24,98732,222
optimism,0x4456d13fc6736e8e8330394c0c622103e06ea419,0x68f180fcce6836688e9084f035309e29bf0a2095,WBTC,8,2026-04-25,-89314,169
optimism,0x4456d13fc6736e8e8330394c0c622103e06ea419,0x68f180fcce6836688e9084f035309e29bf0a2095,WBTC,8,2026-04-26,82007,60
optimism,0x4456d13fc6736e8e8330394c0c622103e06ea419,0x68f180fcce6836688e9084f035309e29bf0a2095,WBTC,8,2026-04-27,3866,41
optimism,0x4456d13fc6736e8e8330394c0c622103e06ea419,0x68f180fcce6836688e9084f035309e29bf0a2095,WBTC,8,2026-04-28,-9755,205
optimism,0x4456d13fc6736e8e8330394c0c622103e06ea419,0x68f180fcce6836688e9084f035309e29bf0a2095,WBTC,8,2026-04-29,53030,197
optimism,0x4456d13fc6736e8e8330394c0c622103e06ea419,0x68f180fcce6836688e9084f035309e29bf0a2095,WBTC,8,2026-04-30,-108013,162
optimism,0x4456d13fc6736e8e8330394c0c622103e06ea419,0x68f180fcce6836688e9084f035309e29bf0a2095,WBTC,8,2026-05-01,14690,141
optimism,0x4456d13fc6736e8e8330394c0c622103e06ea419,0x68f180fcce6836688e9084f035309e29bf0a2095,WBTC,8,2026-05-02,-40812,70
optimism,0x4456d13fc6736e8e8330394c0c622103e06ea419,0x68f180fcce6836688e9084f035309e29bf0a2095,WBTC,8,2026-05-03,-124482,279
optimism,0x4456d13fc6736e8e8330394c0c622103e06ea419,0x68f180fcce6836688e9084f035309e29bf0a2095,WBTC,8,2026-05-04,-43549,247
optimism,0x4456d13fc6736e8e8330394c0c622103e06ea419,0x68f180fcce6836688e9084f035309e29bf0a2095,WBTC,8,2026-05-05,-37044,213
optimism,0x4456d13fc6736e8e8330394c0c622103e06ea419,0x68f180fcce6836688e9084f035309e29bf0a2095,WBTC,8,2026-05-06,-21099,27
optimism,0x4456d13fc6736e8e8330394c0c622103e06ea419,0x68f180fcce6836688e9084f035309e29bf0a2095,WBTC,8,2026-05-07,38981,18
optimism,0x4456d13fc6736e8e8330394c0c622103e06ea419,0x68f180fcce6836688e9084f035309e29bf0a2095,WBTC,8,2026-05-08,-340,34
optimism,0x4456d13fc6736e8e8330394c0c622103e06ea419,0x68f180fcce6836688e9084f035309e29bf0a2095,WBTC,8,2026-05-09,-18884,87
optimism,0x4456d13fc6736e8e8330394c0c622103e06ea419,0x68f180fcce6836688e9084f035309e29bf0a2095,WBTC,8,2026-05-10,1330,92
optimism,0x4456d13fc6736e8e8330394c0c622103e06ea419,0x68f180fcce6836688e9084f035309e29bf0a2095,WBTC,8,2026-05-11,-22364,71
optimism,0x4456d13fc6736e8e8330394c0c622103e06ea419,0x68f180fcce6836688e9084f035309e29bf0a2095,WBTC,8,2026-05-12,-50031,52
optimism,0x4456d13fc6736e8e8330394c0c622103e06ea419,0x68f180fcce6836688e9084f035309e29bf0a2095,WBTC,8,2026-05-13,89534,23
optimism,0x4456d13fc6736e8e8330394c0c622103e06ea419,0x68f180fcce6836688e9084f035309e29bf0a2095,WBTC,8,2026-05-14,-163797,52
optimism,0x4456d13fc6736e8e8330394c0c622103e06ea419,0x68f180fcce6836688e9084f035309e29bf0a2095,WBTC,8,2026-05-15,139009,37
optimism,0x4456d13fc6736e8e8330394c0c622103e06ea419,0x68f180fcce6836688e9084f035309e29bf0a2095,WBTC,8,2026-05-16,26170,7
optimism,0x4456d13fc6736e8e8330394c0c622103e06ea419,0x68f180fcce6836688e9084f035309e29bf0a2095,WBTC,8,2026-05-17,42500,17
optimism,0x4456d13fc6736e8e8330394c0c622103e06ea419,0x68f180fcce6836688e9084f035309e29bf0a2095,WBTC,8,2026-05-18,-17113,8
optimism,0x4456d13fc6736e8e8330394c0c622103e06ea419,0x68f180fcce6836688e9084f035309e29bf0a2095,WBTC,8,2026-05-19,-112648,43
optimism,0x4456d13fc6736e8e8330394c0c622103e06ea419,0x68f180fcce6836688e9084f035309e29bf0a2095,WBTC,8,2026-05-20,11368,127
optimism,0x4456d13fc6736e8e8330394c0c622103e06ea419,0x68f180fcce6836688e9084f035309e29bf0a2095,WBTC,8,2026-05-21,13538,118
optimism,0x4456d13fc6736e8e8330394c0c622103e06ea419,0x68f180fcce6836688e9084f035309e29bf0a2095,WBTC,8,2026-05-22,100755,30
optimism,0x4456d13fc6736e8e8330394c0c622103e06ea419,0x68f180fcce6836688e9084f035309e29bf0a2095,WBTC,8,2026-05-23,-52984,15
optimism,0x4456d13fc6736e8e8330394c0c622103e06ea419,0x68f180fcce6836688e9084f035309e29bf0a2095,WBTC,8,2026-05-24,-82033,62
optimism,0x4456d13fc6736e8e8330394c0c622103e06ea419,0x68f180fcce6836688e9084f035309e29bf0a2095,WBTC,8,2026-05-25,92439,18
optimism,0x4456d13fc6736e8e8330394c0c622103e06ea419,0x68f180fcce6836688e9084f035309e29bf0a2095,WBTC,8,2026-05-26,27551,42
optimism,0x4456d13fc6736e8e8330394c0c622103e06ea419,0x68f180fcce6836688e9084f035309e29bf0a2095,WBTC,8,2026-05-27,72655,78
optimism,0x4456d13fc6736e8e8330394c0c622103e06ea419,0x68f180fcce6836688e9084f035309e29bf0a2095,WBTC,8,2026-05-28,84926,24
optimism,0x4456d13fc6736e8e8330394c0c622103e06ea419,0x68f180fcce6836688e9084f035309e29bf0a2095,WBTC,8,2026-05-29,-86248,125
optimism,0x4456d13fc6736e8e8330394c0c622103e06ea419,0x68f180fcce6836688e9084f035309e29bf0a2095,WBTC,8,2026-05-30,-31320,98
optimism,0x4456d13fc6736e8e8330394c0c622103e06ea419,0x68f180fcce6836688e9084f035309e29bf0a2095,WBTC,8,2026-05-31,31774,126
optimism,0x4456d13fc6736e8e8330394c0c622103e06ea419,0x68f180fcce6836688e9084f035309e29bf0a2095,WBTC,8,2026-06-01,386398,111
optimism,0x4456d13fc6736e8e8330394c0c622103e06ea419,0x68f180fcce6836688e9084f035309e29bf0a2095,WBTC,8,2026-06-02,136025,80
optimism,0x4456d13fc6736e8e8330394c0c622103e06ea419,0x68f180fcce6836688e9084f035309e29bf0a2095,WBTC,8,2026-06-03,158755,124
optimism,0x4456d13fc6736e8e8330394c0c622103e06ea419,0x68f180fcce6836688e9084f035309e29bf0a2095,WBTC,8,2026-06-04,-88859,341
optimism,0x4456d13fc6736e8e8330394c0c622103e06ea419,0x68f180fcce6836688e9084f035309e29bf0a2095,WBTC,8,2026-06-05,-94092,176
optimism,0x4456d13fc6736e8e8330394c0c622103e06ea419,0x68f180fcce6836688e9084f035309e29bf0a2095,WBTC,8,2026-06-06,2181,159
optimism,0x4456d13fc6736e8e8330394c0c622103e06ea419,0x68f180fcce6836688e9084f035309e29bf0a2095,WBTC,8,2026-06-07,-37464,66
optimism,0x4456d13fc6736e8e8330394c0c622103e06ea419,0x68f180fcce6836688e9084f035309e29bf0a2095,WBTC,8,2026-06-08,21720,81
optimism,0x4456d13fc6736e8e8330394c0c622103e06ea419,0x68f180fcce6836688e9084f035309e29bf0a2095,WBTC,8,2026-06-09,132805,137
optimism,0x4456d13fc6736e8e8330394c0c622103e06ea419,0x68f180fcce6836688e9084f035309e29bf0a2095,WBTC,8,2026-06-10,-157100,164
optimism,0x4456d13fc6736e8e8330394c0c622103e06ea419,0x68f180fcce6836688e9084f035309e29bf0a2095,WBTC,8,2026-06-11,-51825,76
optimism,0x4456d13fc6736e8e8330394c0c622103e06ea419,0x68f180fcce6836688e9084f035309e29bf0a2095,WBTC,8,2026-06-12,40923,237
optimism,0x4456d13fc6736e8e8330394c0c622103e06ea419,0x68f180fcce6836688e9084f035309e29bf0a2095,WBTC,8,2026-06-13,-150210,500
optimism,0x4456d13fc6736e8e8330394c0c622103e06ea419,0x68f180fcce6836688e9084f035309e29bf0a2095,WBTC,8,2026-06-14,-700,451
optimism,0x4456d13fc6736e8e8330394c0c622103e06ea419,0x68f180fcce6836688e9084f035309e29bf0a2095,WBTC,8,2026-06-15,13860,226
optimism,0x4456d13fc6736e8e8330394c0c622103e06ea419,0x68f180fcce6836688e9084f035309e29bf0a2095,WBTC,8,2026-06-16,176133,691
optimism,0x4456d13fc6736e8e8330394c0c622103e06ea419,0x68f180fcce6836688e9084f035309e29bf0a2095,WBTC,8,2026-06-17,93626,751
optimism,0x4456d13fc6736e8e8330394c0c622103e06ea419,0x68f180fcce6836688e9084f035309e29bf0a2095,WBTC,8,2026-06-18,81233,483
optimism,0x4456d13fc6736e8e8330394c0c622103e06ea419,0x68f180fcce6836688e9084f035309e29bf0a2095,WBTC,8,2026-06-19,-95599,570
optimism,0x4456d13fc6736e8e8330394c0c622103e06ea419,0x68f180fcce6836688e9084f035309e29bf0a2095,WBTC,8,2026-06-20,-108938,518
optimism,0x4456d13fc6736e8e8330394c0c622103e06ea419,0x68f180fcce6836688e9084f035309e29bf0a2095,WBTC,8,2026-06-21,40265,500
optimism,0x4456d13fc6736e8e8330394c0c622103e06ea419,0x68f180fcce6836688e9084f035309e29bf0a2095,WBTC,8,2026-06-22,90415,266
optimism,0x4456d13fc6736e8e8330394c0c622103e06ea419,0x68f180fcce6836688e9084f035309e29bf0a2095,WBTC,8,2026-06-23,2141,559
optimism,0x4456d13fc6736e8e8330394c0c622103e06ea419,0x68f180fcce6836688e9084f035309e29bf0a2095,WBTC,8,2026-06-24,55465,374
optimism,0x4456d13fc6736e8e8330394c0c622103e06ea419,0x68f180fcce6836688e9084f035309e29bf0a2095,WBTC,8,2026-06-25,-61811,790
optimism,0x4456d13fc6736e8e8330394c0c622103e06ea419,0x68f180fcce6836688e9084f035309e29bf0a2095,WBTC,8,2026-06-26,75225,591
optimism,0x4456d13fc6736e8e8330394c0c622103e06ea419,0x68f180fcce6836688e9084f035309e29bf0a2095,WBTC,8,2026-06-27,80213,285
optimism,0x4456d13fc6736e8e8330394c0c622103e06ea419,0x68f180fcce6836688e9084f035309e29bf0a2095,WBTC,8,2026-06-28,-33053,601
optimism,0x4456d13fc6736e8e8330394c0c622103e06ea419,0x68f180fcce6836688e9084f035309e29bf0a2095,WBTC,8,2026-06-29,41608,797
optimism,0x4456d13fc6736e8e8330394c0c622103e06ea419,0x68f180fcce6836688e9084f035309e29bf0a2095,WBTC,8,2026-06-30,70842,679
optimism,0x4456d13fc6736e8e8330394c0c622103e06ea419,0x68f180fcce6836688e9084f035309e29bf0a2095,WBTC,8,2026-07-01,-100721,633
optimism,0x4456d13fc6736e8e8330394c0c622103e06ea419,0x68f180fcce6836688e9084f035309e29bf0a2095,WBTC,8,2026-07-02,133276,112
optimism,0x4456d13fc6736e8e8330394c0c622103e06ea419,0x68f180fcce6836688e9084f035309e29bf0a2095,WBTC,8,2026-07-03,-71037,1062
optimism,0x4456d13fc6736e8e8330394c0c622103e06ea419,0x68f180fcce6836688e9084f035309e29bf0a2095,WBTC,8,2026-07-04,59658,69
optimism,0x4456d13fc6736e8e8330394c0c622103e06ea419,0x68f180fcce6836688e9084f035309e29bf0a2095,WBTC,8,2026-07-05,-36059,319
optimism,0x4456d13fc6736e8e8330394c0c622103e06ea419,0x68f180fcce6836688e9084f035309e29bf0a2095,WBTC,8,2026-07-06,-26667,466
optimism,0x4456d13fc6736e8e8330394c0c622103e06ea419,0x68f180fcce6836688e9084f035309e29bf0a2095,WBTC,8,2026-07-07,28551,511
optimism,0x4456d13fc6736e8e8330394c0c622103e06ea419,0x68f180fcce6836688e9084f035309e29bf0a2095,WBTC,8,2026-07-08,-49200,359
optimism,0x4456d13fc6736e8e8330394c0c622103e06ea419,0x68f180fcce6836688e9084f035309e29bf0a2095,WBTC,8,2026-07-09,-124823,712
optimism,0x4456d13fc6736e8e8330394c0c622103e06ea419,0x68f180fcce6836688e9084f035309e29bf0a2095,WBTC,8,2026-07-10,55780,47
optimism,0x4456d13fc6736e8e8330394c0c622103e06ea419,0x68f180fcce6836688e9084f035309e29bf0a2095,WBTC,8,2026-07-11,51357,162
optimism,0x4456d13fc6736e8e8330394c0c622103e06ea419,0x68f180fcce6836688e9084f035309e29bf0a2095,WBTC,8,2026-07-12,102832,302
optimism,0x4456d13fc6736e8e8330394c0c622103e06ea419,0x68f180fcce6836688e9084f035309e29bf0a2095,WBTC,8,2026-07-13,-28652,377
optimism,0x4456d13fc6736e8e8330394c0c622103e06ea419,0x68f180fcce6836688e9084f035309e29bf0a2095,WBTC,8,2026-07-14,-32140,1126
optimism,0x4456d13fc6736e8e8330394c0c622103e06ea419,0x68f180fcce6836688e9084f035309e29bf0a2095,WBTC,8,2026-07-15,89715,47
optimism,0x4456d13fc6736e8e8330394c0c622103e06ea419,0x68f180fcce6836688e9084f035309e29bf0a2095,WBTC,8,2026-07-16,69342,189
optimism,0x4456d13fc6736e8e8330394c0c622103e06ea419,0x68f180fcce6836688e9084f035309e29bf0a2095,WBTC,8,2026-07-17,-50006,352
optimism,0x4456d13fc6736e8e8330394c0c622103e06ea419,0x68f180fcce6836688e9084f035309e29bf0a2095,WBTC,8,2026-07-18,-137522,198
optimism,0x4456d13fc6736e8e8330394c0c622103e06ea419,0x68f180fcce6836688e9084f035309e29bf0a2095,WBTC,8,2026-07-19,111809,269
optimism,0x4456d13fc6736e8e8330394c0c622103e06ea419,0x68f180fcce6836688e9084f035309e29bf0a2095,WBTC,8,2026-07-20,-85040,221
optimism,0x4456d13fc6736e8e8330394c0c622103e06ea419,0x68f180fcce6836688e9084f035309e29bf0a2095,WBTC,8,2026-07-21,-103197,205
optimism,0x4456d13fc6736e8e8330394c0c622103e06ea419,0x68f180fcce6836688e9084f035309e29bf0a2095,WBTC,8,2026-07-22,165777,364
optimism,0x4456d13fc6736e8e8330394c0c622103e06ea419,0x68f180fcce6836688e9084f035309e29bf0a2095,WBTC,8,2026-07-23,-63591,654
optimism,0x4456d13fc6736e8e8330394c0c622103e06ea419,0x68f180fcce6836688e9084f035309e29bf0a2095,WBTC,8,2026-07-24,103370,197
optimism,0x4456d13fc6736e8e8330394c0c622103e06ea419,0x68f180fcce6836688e9084f035309e29bf0a2095,WBTC,8,2026-07-25,46633,20
optimism,0x4456d13fc6736e8e8330394c0c622103e06ea419,0x68f180fcce6836688e9084f035309e29bf0a2095,WBTC,8,2026-07-26,-4243,30
optimism,0x4456d13fc6736e8e8330394c0c622103e06ea419,0x68f180fcce6836688e9084f035309e29bf0a2095,WBTC,8,2026-07-27,66617,76
optimism,0x4456d13fc6736e8e8330394c0c622103e06ea419,0x68f180fcce6836688e9084f035309e29bf0a2095,WBTC,8,2026-07-28,-13369,318
optimism,0x4456d13fc6736e8e8330394c0c622103e06ea419,0x68f180fcce6836688e9084f035309e29bf0a2095,WBTC,8,2026-07-29,-79565,500
optimism,0x4456d13fc6736e8e8330394c0c622103e06ea419,0x68f180fcce6836688e9084f035309e29bf0a2095,WBTC,8,2026-07-30,21793,169
optimism,0x4456d13fc6736e8e8330394c0c622103e06ea419,0x68f180fcce6836688e9084f035309e29bf0a2095,WBTC,8,2026-07-31,134182,163
optimism,0x4456d13fc6736e8e8330394c0c622103e06ea419,0x68f180fcce6836688e9084f035309e29bf0a2095,WBTC,8,2026-08-01,-121922,497
optimism,0x4456d13fc6736e8e8330394c0c622103e06ea419,0x68f180fcce6836688e9084f035309e29bf0a2095,WBTC,8,2026-08-02,115268,173
optimism,0x4456d13fc6736e8e8330394c0c622103e06ea419,0x68f180fcce6836688e9084f035309e29bf0a2095,WBTC,8,2026-08-03,-209229,206
optimism,0x4456d13fc6736e8e8330394c0c622103e06ea419,0x68f180fcce6836688e9084f035309e29bf0a2095,WBTC,8,2026-08-04,5166,399
optimism,0x4456d13fc6736e8e8330394c0c622103e06ea419,0x68f180fcce6836688e9084f035309e29bf0a2095,WBTC,8,2026-08-05,56571,175
optimism,0x4456d13fc6736e8e8330394c0c622103e06ea419,0x68f180fcce6836688e9084f035309e29bf0a2095,WBTC,8,2026-08-06,16573,86
optimism,0x4456d13fc6736e8e8330394c0c622103e06ea419,0x68f180fcce6836688e9084f035309e29bf0a2095,WBTC,8,2026-08-07,-120958,647
optimism,0x4456d13fc6736e8e8330394c0c622103e06ea419,0x68f180fcce6836688e9084f035309e29bf0a2095,WBTC,8,2026-08-08,111724,42
optimism,0x4456d13fc6736e8e8330394c0c622103e06ea419,0x68f180fcce6836688e9084f035309e29bf0a2095,WBTC,8,2026-08-09,-42046,494
optimism,0x4456d13fc6736e8e8330394c0c622103e06ea419,0x68f180fcce6836688e9084f035309e29bf0a2095,WBTC,8,2026-08-10,34246,141
optimism,0x4456d13fc6736e8e8330394c0c622103e06ea419,0x68f180fcce6836688e9084f035309e29bf0a2095,WBTC,8,2026-08-11,136794,64
optimism,0x4456d13fc6736e8e8330394c0c622103e06ea419,0x68f180fcce6836688e9084f035309e29bf0a2095,WBTC,8,2026-08-12,-84572,291
optimism,0x4456d13fc6736e8e8330394c0c622103e06ea419,0x68f180fcce6836688e9084f035309e29bf0a2095,WBTC,8,2026-08-13,64187,497
optimism,0x4456d13fc6736e8e8330394c0c622103e06ea419,0x68f180fcce6836688e9084f035309e29bf0a2095,WBTC,8,2026-08-14,14426,292
optimism,0x4456d13fc6736e8e8330394c0c622103e06ea419,0x68f180fcce6836688e9084f035309e29bf0a2095,WBTC,8,2026-08-15,10853,143
optimism,0x4456d13fc6736e8e8330394c0c622103e06ea419,0x68f180fcce6836688e9084f035309e29bf0a2095,WBTC,8,2026-08-16,-54202,220
optimism,0x4456d13fc6736e8e8330394c0c622103e06ea419,0x68f180fcce6836688e9084f035309e29bf0a2095,WBTC,8,2026-08-17,-185795,608
optimism,0x4456d13fc6736e8e8330394c0c622103e06ea419,0x68f180fcce6836688e9084f035309e29bf0a2095,WBTC,8,2026-08-18,141060,215
optimism,0x4456d13fc6736e8e8330394c0c622103e06ea419,0x68f180fcce6836688e9084f035309e29bf0a2095,WBTC,8,2026-08-19,18369,714
optimism,0x4456d13fc6736e8e8330394c0c622103e06ea419,0x68f180fcce6836688e9084f035309e29bf0a2095,WBTC,8,2026-08-20,-470523,2170
optimism,0x4456d13fc6736e8e8330394c0c622103e06ea419,0x68f180fcce6836688e9084f035309e29bf0a2095,WBTC,8,2026-08-21,-139530,193
optimism,0x4456d13fc6736e8e8330394c0c622103e06ea419,0x68f180fcce6836688e9084f035309e29bf0a2095,WBTC,8,2026-08-22,92611,589
optimism,0x4456d13fc6736e8e8330394c0c622103e06ea419,0x68f180fcce6836688e9084f035309e29bf0a2095,WBTC,8,2026-08-23,-37730,852
optimism,0x4456d13fc6736e8e8330394c0c622103e06ea419,0x68f180fcce6836688e9084f035309e29bf0a2095,WBTC,8,2026-08-24,-286900,1159
optimism,0x4456d13fc6736e8e8330394c0c622103e06ea419,0x68f180fcce6836688e9084f035309e29bf0a2095,WBTC,8,2026-08-25,134567,590
optimism,0x4456d13fc6736e8e8330394c0c622103e06ea419,0x68f180fcce6836688e9084f035309e29bf0a2095,WBTC,8,2026-08-26,75722,315
optimism,0x4456d13fc6736e8e8330394c0c622103e06ea419,0x68f180fcce6836688e9084f035309e29bf0a2095,WBTC,8,2026-08-27,-40594,764
optimism,0x4456d13fc6736e8e8330394c0c622103e06ea419,0x68f180fcce6836688e9084f035309e29bf0a2095,WBTC,8,2026-08-28,96977,267
optimism,0x4456d13fc6736e8e8330394c0c622103e06ea419,0x68f180fcce6836688e9084f035309e29bf0a2095,WBTC,8,2026-08-29,-6558,46
optimism,0x4456d13fc6736e8e8330394c0c622103e06ea419,0x68f180fcce6836688e9084f035309e29bf0a2095,WBTC,8,2026-08-30,-57898,279
optimism,0x4456d13fc6736e8e8330394c0c622103e06ea419,0x68f180fcce6836688e9084f035309e29bf0a2095,WBTC,8,2026-08-31,-81433,638
optimism,0x4456d13fc6736e8e8330394c0c622103e06ea419,0x68f180fcce6836688e9084f035309e29bf0a2095,WBTC,8,2026-09-01,130411,225
optimism,0x4456d13fc6736e8e8330394c0c622103e06ea419,0x68f180fcce6836688e9084f035309e29bf0a2095,WBTC,8,2026-09-02,-60153,671
optimism,0x4456d13fc6736e8e8330394c0c622103e06ea419,0x68f180fcce6836688e9084f035309e29bf0a2095,WBTC,8,2026-09-03,-207082,515
optimism,0x4456d13fc6736e8e8330394c0c622103e06ea419,0x68f180fcce6836688e9084f035309e29bf0a2095,WBTC,8,2026-09-04,98113,409
optimism,0x4456d13fc6736e8e8330394c0c622103e06ea419,0x68f180fcce6836688e9084f035309e29bf0a2095,WBTC,8,2026-09-05,76958,156
optimism,0x4456d13fc6736e8e8330394c0c622103e06ea419,0x68f180fcce6836688e9084f035309e29bf0a2095,WBTC,8,2026-09-06,-46100,417
optimism,0x4456d13fc6736e8e8330394c0c622103e06ea419,0x68f180fcce6836688e9084f035309e29bf0a2095,WBTC,8,2026-09-07,138614,297
optimism,0x4456d13fc6736e8e8330394c0c622103e06ea419,0x68f180fcce6836688e9084f035309e29bf0a2095,WBTC,8,2026-09-08,-67879,333
optimism,0x4456d13fc6736e8e8330394c0c622103e06ea419,0x68f180fcce6836688e9084f035309e29bf0a2095,WBTC,8,2026-09-09,16192,503
optimism,0x4456d13fc6736e8e8330394c0c622103e06ea419,0x68f180fcce6836688e9084f035309e29bf0a2095,WBTC,8,2026-09-10,109418,309
optimism,0x4456d13fc6736e8e8330394c0c622103e06ea419,0x68f180fcce6836688e9084f035309e29bf0a2095,WBTC,8,2026-09-11,128326,670
optimism,0x4456d13fc6736e8e8330394c0c622103e06ea419,0x68f180fcce6836688e9084f035309e29bf0a2095,WBTC,8,2026-09-12,-11657,102
optimism,0x4456d13fc6736e8e8330394c0c622103e06ea419,0x68f180fcce6836688e9084f035309e29bf0a2095,WBTC,8,2026-09-13,-113868,727
optimism,0x4456d13fc6736e8e8330394c0c622103e06ea419,0x68f180fcce6836688e9084f035309e29bf0a2095,WBTC,8,2026-09-14,63139,1358
optimism,0x4456d13fc6736e8e8330394c0c622103e06ea419,0x68f180fcce6836688e9084f035309e29bf0a2095,WBTC,8,2026-09-15,20978,452
optimism,0x4456d13fc6736e8e8330394c0c622103e06ea419,0xc52d7f23a2e460248db6ee192cb23dd12bddcbf6,crvUSD,18,2026-04-18,-289481681453875526780,92
optimism,0x4456d13fc6736e8e8330394c0c622103e06ea419,0xc52d7f23a2e460248db6ee192cb23dd12bddcbf6,crvUSD,18,2026-04-19,-125916415244432701302,86
optimism,0x4456d13fc6736e8e8330394c0c622103e06ea419,0xc52d7f23a2e460248db6ee192cb23dd12bddcbf6,crvUSD,18,2026-04-20,194389214853301230149,383
optimism,0x4456d13fc6736e8e8330394c0c622103e06ea419,0xc52d7f23a2e460248db6ee192cb23dd12bddcbf6,crvUSD,18,2026-04-21,223072368579574235003,607
optimism,0x4456d13fc6736e8e8330394c0c622103e06ea419,0xc52d7f23a2e460248db6ee192cb23dd12bddcbf6,crvUSD,18,2026-04-22,-186311300791250838192,116
optimism,0x4456d13fc6736e8e8330394c0c622103e06ea419,0xc52d7f23a2e460248db6ee192cb23dd12bddcbf6,crvUSD,18,2026-04-23,-31974812003659316988,130
optimism,0x4456d13fc6736e8e8330394c0c622103e06ea419,0xc52d7f23a2e460248db6ee192cb23dd12bddcbf6,crvUSD,18,2026-04-24,2939293780221969090,343
optimism,0x4456d13fc6736e8e8330394c0c622103e06ea419,0xc52d7f23a2e460248db6ee192cb23dd12bddcbf6,crvUSD,18,2026-04-25,133995537139199443181,265
optimism,0x4456d13fc6736e8e8330394c0c622103e06ea419,0xc52d7f23a2e460248db6ee192cb23dd12bddcbf6,crvUSD,18,2026-04-26,-142657619232652563777,100
optimism,0x4456d13fc6736e8e8330394c0c622103e06ea419,0xc52d7f23a2e460248db6ee192cb23dd12bddcbf6,crvUSD,18,2026-04-27,-70745739843191980091,62
optimism,0x4456d13fc6736e8e8330394c0c622103e06ea419,0xc52d7f23a2e460248db6ee192cb23dd12bddcbf6,crvUSD,18,2026-04-28,193695425741986189900,126
optimism,0x4456d13fc6736e8e8330394c0c622103e06ea419,0xc52d7f23a2e460248db6ee192cb23dd12bddcbf6,crvUSD,18,2026-04-29,-300839105742019504038,198
optimism,0x4456d13fc6736e8e8330394c0c622103e06ea419,0xc52d7f23a2e460248db6ee192cb23dd12bddcbf6,crvUSD,18,2026-04-30,234266520310419071654,360
optimism,0x4456d13fc6736e8e8330394c0c622103e06ea419,0xc52d7f23a2e460248db6ee192cb23dd12bddcbf6,crvUSD,18,2026-05-01,-50484747851448627910,265
optimism,0x4456d13fc6736e8e8330394c0c622103e06ea419,0xc52d7f23a2e460248db6ee192cb23dd12bddcbf6,crvUSD,18,2026-05-02,-6242746221327021992,205
optimism,0x4456d13fc6736e8e8330394c0c622103e06ea419,0xc52d7f23a2e460248db6ee192cb23dd12bddcbf6,crvUSD,18,2026-05-03,309027294673133805616,365
optimism,0x4456d13fc6736e8e8330394c0c622103e06ea419,0xc52d7f23a2e460248db6ee192cb23dd12bddcbf6,crvUSD,18,2026-05-04,15958601268547353803,483
optimism,0x4456d13fc6736e8e8330394c0c622103e06ea419,0xc52d7f23a2e460248db6ee192cb23dd12bddcbf6,crvUSD,18,2026-05-05,-130594847828922978330,289
optimism,0x4456d13fc6736e8e8330394c0c622103e06ea419,0xc52d7f23a2e460248db6ee192cb23dd12bddcbf6,crvUSD,18,2026-05-06,-62156671273884151121,216
optimism,0x4456d13fc6736e8e8330394c0c622103e06ea419,0xc52d7f23a2e460248db6ee192cb23dd12bddcbf6,crvUSD,18,2026-05-07,-97173053342175302079,80
optimism,0x4456d13fc6736e8e8330394c0c622103e06ea419,0xc52d7f23a2e460248db6ee192cb23dd12bddcbf6,crvUSD,18,2026-05-08,113638082071577451761,160
optimism,0x4456d13fc6736e8e8330394c0c622103e06ea419,0xc52d7f23a2e460248db6ee192cb23dd12bddcbf6,crvUSD,18,2026-05-09,3945523529927319321,719
optimism,0x4456d13fc6736e8e8330394c0c622103e06ea419,0xc52d7f23a2e460248db6ee192cb23dd12bddcbf6,crvUSD,18,2026-05-10,-20047187683843067875,575
optimism,0x4456d13fc6736e8e8330394c0c622103e06ea419,0xc52d7f23a2e460248db6ee192cb23dd12bddcbf6,crvUSD,18,2026-05-11,-25925176042718974981,139
optimism,0x4456d13fc6736e8e8330394c0c622103e06ea419,0xc52d7f23a2e460248db6ee192cb23dd12bddcbf6,crvUSD,18,2026-05-12,7812379287229855468,122
optimism,0x4456d13fc6736e8e8330394c0c622103e06ea419,0xc52d7f23a2e460248db6ee192cb23dd12bddcbf6,crvUSD,18,2026-05-13,-136520666829151203212,199
optimism,0x4456d13fc6736e8e8330394c0c622103e06ea419,0xc52d7f23a2e460248db6ee192cb23dd12bddcbf6,crvUSD,18,2026-05-14,52362762263824892704,175
optimism,0x4456d13fc6736e8e8330394c0c622103e06ea419,0xc52d7f23a2e460248db6ee192cb23dd12bddcbf6,crvUSD,18,2026-05-15,-107507382041057676970,73
optimism,0x4456d13fc6736e8e8330394c0c622103e06ea419,0xc52d7f23a2e460248db6ee192cb23dd12bddcbf6,crvUSD,18,2026-05-16,-87547112116564020887,40
optimism,0x4456d13fc6736e8e8330394c0c622103e06ea419,0xc52d7f23a2e460248db6ee192cb23dd12bddcbf6,crvUSD,18,2026-05-17,-152340364242087321722,51
optimism,0x4456d13fc6736e8e8330394c0c622103e06ea419,0xc52d7f23a2e460248db6ee192cb23dd12bddcbf6,crvUSD,18,2026-05-18,23414583012761386256,104
optimism,0x4456d13fc6736e8e8330394c0c622103e06ea419,0xc52d7f23a2e460248db6ee192cb23dd12bddcbf6,crvUSD,18,2026-05-19,125223337896523420537,118
optimism,0x4456d13fc6736e8e8330394c0c622103e06ea419,0xc52d7f23a2e460248db6ee192cb23dd12bddcbf6,crvUSD,18,2026-05-20,51524128919950794531,355
optimism,0x4456d13fc6736e8e8330394c0c622103e06ea419,0xc52d7f23a2e460248db6ee192cb23dd12bddcbf6,crvUSD,18,2026-05-21,-127536600368680364714,402
optimism,0x4456d13fc6736e8e8330394c0c622103e06ea419,0xc52d7f23a2e460248db6ee192cb23dd12bddcbf6,crvUSD,18,2026-05-22,-171823107571115601776,155
optimism,0x4456d13fc6736e8e8330394c0c622103e06ea419,0xc52d7f23a2e460248db6ee192cb23dd12bddcbf6,crvUSD,18,2026-05-23,231752267829129069566,131
optimism,0x4456d13fc6736e8e8330394c0c622103e06ea419,0xc52d7f23a2e460248db6ee192cb23dd12bddcbf6,crvUSD,18,2026-05-24,-835234472391211045,310
optimism,0x4456d13fc6736e8e8330394c0c622103e06ea419,0xc52d7f23a2e460248db6ee192cb23dd12bddcbf6,crvUSD,18,2026-05-25,-155937642474989425986,163
optimism,0x4456d13fc6736e8e8330394c0c622103e06ea419,0xc52d7f23a2e460248db6ee192cb23dd12bddcbf6,crvUSD,18,2026-05-26,-78182448419738120691,206
optimism,0x4456d13fc6736e8e8330394c0c622103e06ea419,0xc52d7f23a2e460248db6ee192cb23dd12bddcbf6,crvUSD,18,2026-05-27,-184353657808099724435,298
optimism,0x4456d13fc6736e8e8330394c0c622103e06ea419,0xc52d7f23a2e460248db6ee192cb23dd12bddcbf6,crvUSD,18,2026-05-28,10846347383598067411,54
optimism,0x4456d13fc6736e8e8330394c0c622103e06ea419,0xc52d7f23a2e460248db6ee192cb23dd12bddcbf6,crvUSD,18,2026-05-29,101611172574362150097,439
optimism,0x4456d13fc6736e8e8330394c0c622103e06ea419,0xc52d7f23a2e460248db6ee192cb23dd12bddcbf6,crvUSD,18,2026-05-30,18464531748225437820,424
optimism,0x4456d13fc6736e8e8330394c0c622103e06ea419,0xc52d7f23a2e460248db6ee192cb23dd12bddcbf6,crvUSD,18,2026-05-31,-112338156752728514618,232
optimism,0x4456d13fc6736e8e8330394c0c622103e06ea419,0xc52d7f23a2e460248db6ee192cb23dd12bddcbf6,crvUSD,18,2026-06-01,-91763937015242077007,185
optimism,0x4456d13fc6736e8e8330394c0c622103e06ea419,0xc52d7f23a2e460248db6ee192cb23dd12bddcbf6,crvUSD,18,2026-06-02,-379940279385326865157,184
optimism,0x4456d13fc6736e8e8330394c0c622103e06ea419,0xc52d7f23a2e460248db6ee192cb23dd12bddcbf6,crvUSD,18,2026-06-03,-203384413001783348363,308
optimism,0x4456d13fc6736e8e8330394c0c622103e06ea419,0xc52d7f23a2e460248db6ee192cb23dd12bddcbf6,crvUSD,18,2026-06-04,-174198943111411621182,740
optimism,0x4456d13fc6736e8e8330394c0c622103e06ea419,0xc52d7f23a2e460248db6ee192cb23dd12bddcbf6,crvUSD,18,2026-06-05,-182438476235490516982,545
optimism,0x4456d13fc6736e8e8330394c0c622103e06ea419,0xc52d7f23a2e460248db6ee192cb23dd12bddcbf6,crvUSD,18,2026-06-06,81581096899042563501,734
optimism,0x4456d13fc6736e8e8330394c0c622103e06ea419,0xc52d7f23a2e460248db6ee192cb23dd12bddcbf6,crvUSD,18,2026-06-07,116562511142679781964,165
optimism,0x4456d13fc6736e8e8330394c0c622103e06ea419,0xc52d7f23a2e460248db6ee192cb23dd12bddcbf6,crvUSD,18,2026-06-08,99467112659071325447,209
optimism,0x4456d13fc6736e8e8330394c0c622103e06ea419,0xc52d7f23a2e460248db6ee192cb23dd12bddcbf6,crvUSD,18,2026-06-09,-191120498932478797078,476
optimism,0x4456d13fc6736e8e8330394c0c622103e06ea419,0xc52d7f23a2e460248db6ee192cb23dd12bddcbf6,crvUSD,18,2026-06-10,83609615658437214611,431
optimism,0x4456d13fc6736e8e8330394c0c622103e06ea419,0xc52d7f23a2e460248db6ee192cb23dd12bddcbf6,crvUSD,18,2026-06-11,51973414710319565157,304
optimism,0x4456d13fc6736e8e8330394c0c622103e06ea419,0xc52d7f23a2e460248db6ee192cb23dd12bddcbf6,crvUSD,18,2026-06-12,-72108864040737055330,576
optimism,0x4456d13fc6736e8e8330394c0c622103e06ea419,0xc52d7f23a2e460248db6ee192cb23dd12bddcbf6,crvUSD,18,2026-06-13,148819712675402845715,320
optimism,0x4456d13fc6736e8e8330394c0c622103e06ea419,0xc52d7f23a2e460248db6ee192cb23dd12bddcbf6,crvUSD,18,2026-06-14,115451520613858699670,430
optimism,0x4456d13fc6736e8e8330394c0c622103e06ea419,0xc52d7f23a2e460248db6ee192cb23dd12bddcbf6,crvUSD,18,2026-06-15,22388639482788584528,329
optimism,0x4456d13fc6736e8e8330394c0c622103e06ea419,0xc52d7f23a2e460248db6ee192cb23dd12bddcbf6,crvUSD,18,2026-06-16,15630404721073426214,882
optimism,0x4456d13fc6736e8e8330394c0c622103e06ea419,0xc52d7f23a2e460248db6ee192cb23dd12bddcbf6,crvUSD,18,2026-06-17,-201197550597325062193,743
optimism,0x4456d13fc6736e8e8330394c0c622103e06ea419,0xc52d7f23a2e460248db6ee192cb23dd12bddcbf6,crvUSD,18,2026-06-18,-104772023203307410905,389
optimism,0x4456d13fc6736e8e8330394c0c622103e06ea419,0xc52d7f23a2e460248db6ee192cb23dd12bddcbf6,crvUSD,18,2026-06-19,195191849895855987062,454
optimism,0x4456d13fc6736e8e8330394c0c622103e06ea419,0xc52d7f23a2e460248db6ee192cb23dd12bddcbf6,crvUSD,18,2026-06-20,53167858365927781140,349
optimism,0x4456d13fc6736e8e8330394c0c622103e06ea419,0xc52d7f23a2e460248db6ee192cb23dd12bddcbf6,crvUSD,18,2026-06-21,-17404486992815254216,498
optimism,0x4456d13fc6736e8e8330394c0c622103e06ea419,0xc52d7f23a2e460248db6ee192cb23dd12bddcbf6,crvUSD,18,2026-06-22,-152765474879504656295,301
optimism,0x4456d13fc6736e8e8330394c0c622103e06ea419,0xc52d7f23a2e460248db6ee192cb23dd12bddcbf6,crvUSD,18,2026-06-23,-114933497394738882437,97
optimism,0x4456d13fc6736e8e8330394c0c622103e06ea419,0xc52d7f23a2e460248db6ee192cb23dd12bddcbf6,crvUSD,18,2026-06-24,26762301160820635931,203
optimism,0x4456d13fc6736e8e8330394c0c622103e06ea419,0xc52d7f23a2e460248db6ee192cb23dd12bddcbf6,crvUSD,18,2026-06-25,-209501701895953972280,943
optimism,0x4456d13fc6736e8e8330394c0c622103e06ea419,0xc52d7f23a2e460248db6ee192cb23dd12bddcbf6,crvUSD,18,2026-06-26,69584434558429659236,654
optimism,0x4456d13fc6736e8e8330394c0c622103e06ea419,0xc52d7f23a2e460248db6ee192cb23dd12bddcbf6,crvUSD,18,2026-06-27,-144536705292320702618,348
optimism,0x4456d13fc6736e8e8330394c0c622103e06ea419,0xc52d7f23a2e460248db6ee192cb23dd12bddcbf6,crvUSD,18,2026-06-28,118174588835054803206,773
optimism,0x4456d13fc6736e8e8330394c0c622103e06ea419,0xc52d7f23a2e460248db6ee192cb23dd12bddcbf6,crvUSD,18,2026-06-29,-22333107700616978935,1341
optimism,0x4456d13fc6736e8e8330394c0c622103e06ea419,0xc52d7f23a2e460248db6ee192cb23dd12bddcbf6,crvUSD,18,2026-06-30,20596959758150473536,989
optimism,0x4456d13fc6736e8e8330394c0c622103e06ea419,0xc52d7f23a2e460248db6ee192cb23dd12bddcbf6,crvUSD,18,2026-07-01,130763788445803927182,793
optimism,0x4456d13fc6736e8e8330394c0c622103e06ea419,0xc52d7f23a2e460248db6ee192cb23dd12bddcbf6,crvUSD,18,2026-07-02,140011875230750978045,227
optimism,0x4456d13fc6736e8e8330394c0c622103e06ea419,0xc52d7f23a2e460248db6ee192cb23dd12bddcbf6,crvUSD,18,2026-07-03,108961915679360081401,358
optimism,0x4456d13fc6736e8e8330394c0c622103e06ea419,0xc52d7f23a2e460248db6ee192cb23dd12bddcbf6,crvUSD,18,2026-07-04,-71369117968274346457,168
optimism,0x4456d13fc6736e8e8330394c0c622103e06ea419,0xc52d7f23a2e460248db6ee192cb23dd12bddcbf6,crvUSD,18,2026-07-05,22722977022761433438,514
optimism,0x4456d13fc6736e8e8330394c0c622103e06ea419,0xc52d7f23a2e460248db6ee192cb23dd12bddcbf6,crvUSD,18,2026-07-06,-8974917036829776284,544
optimism,0x4456d13fc6736e8e8330394c0c622103e06ea419,0xc52d7f23a2e460248db6ee192cb23dd12bddcbf6,crvUSD,18,2026-07-07,-35298549602695237966,754
optimism,0x4456d13fc6736e8e8330394c0c622103e06ea419,0xc52d7f23a2e460248db6ee192cb23dd12bddcbf6,crvUSD,18,2026-07-08,87747230897524028805,349
optimism,0x4456d13fc6736e8e8330394c0c622103e06ea419,0xc52d7f23a2e460248db6ee192cb23dd12bddcbf6,crvUSD,18,2026-07-09,99307298973923210897,632
optimism,0x4456d13fc6736e8e8330394c0c622103e06ea419,0xc52d7f23a2e460248db6ee192cb23dd12bddcbf6,crvUSD,18,2026-07-10,33417935167996827009,103
optimism,0x4456d13fc6736e8e8330394c0c622103e06ea419,0xc52d7f23a2e460248db6ee192cb23dd12bddcbf6,crvUSD,18,2026-07-11,15136167473724569226,231
optimism,0x4456d13fc6736e8e8330394c0c622103e06ea419,0xc52d7f23a2e460248db6ee192cb23dd12bddcbf6,crvUSD,18,2026-07-12,-185587929129749071613,479
optimism,0x4456d13fc6736e8e8330394c0c622103e06ea419,0xc52d7f23a2e460248db6ee192cb23dd12bddcbf6,crvUSD,18,2026-07-13,110294225598525891924,282
optimism,0x4456d13fc6736e8e8330394c0c622103e06ea419,0xc52d7f23a2e460248db6ee192cb23dd12bddcbf6,crvUSD,18,2026-07-14,212617560763102526474,348
optimism,0x4456d13fc6736e8e8330394c0c622103e06ea419,0xc52d7f23a2e460248db6ee192cb23dd12bddcbf6,crvUSD,18,2026-07-15,59388182428189856918,82
optimism,0x4456d13fc6736e8e8330394c0c622103e06ea419,0xc52d7f23a2e460248db6ee192cb23dd12bddcbf6,crvUSD,18,2026-07-16,-298888366296159452554,354
optimism,0x4456d13fc6736e8e8330394c0c622103e06ea419,0xc52d7f23a2e460248db6ee192cb23dd12bddcbf6,crvUSD,18,2026-07-17,128326651918167597373,223
optimism,0x4456d13fc6736e8e8330394c0c622103e06ea419,0xc52d7f23a2e460248db6ee192cb23dd12bddcbf6,crvUSD,18,2026-07-18,104914938718267945960,155
optimism,0x4456d13fc6736e8e8330394c0c622103e06ea419,0xc52d7f23a2e460248db6ee192cb23dd12bddcbf6,crvUSD,18,2026-07-19,-152687019381639771327,502
optimism,0x4456d13fc6736e8e8330394c0c622103e06ea419,0xc52d7f23a2e460248db6ee192cb23dd12bddcbf6,crvUSD,18,2026-07-20,260277317537580841754,415
optimism,0x4456d13fc6736e8e8330394c0c622103e06ea419,0xc52d7f23a2e460248db6ee192cb23dd12bddcbf6,crvUSD,18,2026-07-21,49010084614683857308,73
optimism,0x4456d13fc6736e8e8330394c0c622103e06ea419,0xc52d7f23a2e460248db6ee192cb23dd12bddcbf6,crvUSD,18,2026-07-22,-154532659192544560080,479
optimism,0x4456d13fc6736e8e8330394c0c622103e06ea419,0xc52d7f23a2e460248db6ee192cb23dd12bddcbf6,crvUSD,18,2026-07-23,-83625214617305336357,204
optimism,0x4456d13fc6736e8e8330394c0c622103e06ea419,0xc52d7f23a2e460248db6ee192cb23dd12bddcbf6,crvUSD,18,2026-07-24,-68042911725826622891,141
optimism,0x4456d13fc6736e8e8330394c0c622103e06ea419,0xc52d7f23a2e460248db6ee192cb23dd12bddcbf6,crvUSD,18,2026-07-25,112233489686843237455,48
optimism,0x4456d13fc6736e8e8330394c0c622103e06ea419,0xc52d7f23a2e460248db6ee192cb23dd12bddcbf6,crvUSD,18,2026-07-26,164992505619913459118,112
optimism,0x4456d13fc6736e8e8330394c0c622103e06ea419,0xc52d7f23a2e460248db6ee192cb23dd12bddcbf6,crvUSD,18,2026-07-27,-270272253847579716894,183
optimism,0x4456d13fc6736e8e8330394c0c622103e06ea419,0xc52d7f23a2e460248db6ee192cb23dd12bddcbf6,crvUSD,18,2026-07-28,163534874145216748158,430
optimism,0x4456d13fc6736e8e8330394c0c622103e06ea419,0xc52d7f23a2e460248db6ee192cb23dd12bddcbf6,crvUSD,18,2026-07-29,-63005882229749764610,567
optimism,0x4456d13fc6736e8e8330394c0c622103e06ea419,0xc52d7f23a2e460248db6ee192cb23dd12bddcbf6,crvUSD,18,2026-07-30,11813448934124011393,220
optimism,0x4456d13fc6736e8e8330394c0c622103e06ea419,0xc52d7f23a2e460248db6ee192cb23dd12bddcbf6,crvUSD,18,2026-07-31,-156363647725525163741,161
optimism,0x4456d13fc6736e8e8330394c0c622103e06ea419,0xc52d7f23a2e460248db6ee192cb23dd12bddcbf6,crvUSD,18,2026-08-01,147306792732509774151,188
optimism,0x4456d13fc6736e8e8330394c0c622103e06ea419,0xc52d7f23a2e460248db6ee192cb23dd12bddcbf6,crvUSD,18,2026-08-02,-167249128249509613532,228
optimism,0x4456d13fc6736e8e8330394c0c622103e06ea419,0xc52d7f23a2e460248db6ee192cb23dd12bddcbf6,crvUSD,18,2026-08-03,171198584112736725737,205
optimism,0x4456d13fc6736e8e8330394c0c622103e06ea419,0xc52d7f23a2e460248db6ee192cb23dd12bddcbf6,crvUSD,18,2026-08-04,18392489738616504263,625
optimism,0x4456d13fc6736e8e8330394c0c622103e06ea419,0xc52d7f23a2e460248db6ee192cb23dd12bddcbf6,crvUSD,18,2026-08-05,65151310988654159112,340
optimism,0x4456d13fc6736e8e8330394c0c622103e06ea419,0xc52d7f23a2e460248db6ee192cb23dd12bddcbf6,crvUSD,18,2026-08-06,-44243435506842561910,235
optimism,0x4456d13fc6736e8e8330394c0c622103e06ea419,0xc52d7f23a2e460248db6ee192cb23dd12bddcbf6,crvUSD,18,2026-08-07,66359236124591929883,391
optimism,0x4456d13fc6736e8e8330394c0c622103e06ea419,0xc52d7f23a2e460248db6ee192cb23dd12bddcbf6,crvUSD,18,2026-08-08,-99583653616686880173,83
optimism,0x4456d13fc6736e8e8330394c0c622103e06ea419,0xc52d7f23a2e460248db6ee192cb23dd12bddcbf6,crvUSD,18,2026-08-09,99736140049153732782,492
optimism,0x4456d13fc6736e8e8330394c0c622103e06ea419,0xc52d7f23a2e460248db6ee192cb23dd12bddcbf6,crvUSD,18,2026-08-10,-189471126503776906347,280
optimism,0x4456d13fc6736e8e8330394c0c622103e06ea419,0xc52d7f23a2e460248db6ee192cb23dd12bddcbf6,crvUSD,18,2026-08-11,47982573900826732490,142
optimism,0x4456d13fc6736e8e8330394c0c622103e06ea419,0xc52d7f23a2e460248db6ee192cb23dd12bddcbf6,crvUSD,18,2026-08-12,72594628163101420375,542
optimism,0x4456d13fc6736e8e8330394c0c622103e06ea419,0xc52d7f23a2e460248db6ee192cb23dd12bddcbf6,crvUSD,18,2026-08-13,-125955359951668737929,754
optimism,0x4456d13fc6736e8e8330394c0c622103e06ea419,0xc52d7f23a2e460248db6ee192cb23dd12bddcbf6,crvUSD,18,2026-08-14,63030318393924887340,416
optimism,0x4456d13fc6736e8e8330394c0c622103e06ea419,0xc52d7f23a2e460248db6ee192cb23dd12bddcbf6,crvUSD,18,2026-08-15,-71717623485326056835,265
optimism,0x4456d13fc6736e8e8330394c0c622103e06ea419,0xc52d7f23a2e460248db6ee192cb23dd12bddcbf6,crvUSD,18,2026-08-16,91760655243102586655,348
optimism,0x4456d13fc6736e8e8330394c0c622103e06ea419,0xc52d7f23a2e460248db6ee192cb23dd12bddcbf6,crvUSD,18,2026-08-17,-10119494874049724153,231
optimism,0x4456d13fc6736e8e8330394c0c622103e06ea419,0xc52d7f23a2e460248db6ee192cb23dd12bddcbf6,crvUSD,18,2026-08-18,-14985798469517400539,602
optimism,0x4456d13fc6736e8e8330394c0c622103e06ea419,0xc52d7f23a2e460248db6ee192cb23dd12bddcbf6,crvUSD,18,2026-08-19,729969881592433793773,550
optimism,0x4456d13fc6736e8e8330394c0c622103e06ea419,0xc52d7f23a2e460248db6ee192cb23dd12bddcbf6,crvUSD,18,2026-08-20,389686380512548209252,269
optimism,0x4456d13fc6736e8e8330394c0c622103e06ea419,0xc52d7f23a2e460248db6ee192cb23dd12bddcbf6,crvUSD,18,2026-08-21,142744344322101405069,387
optimism,0x4456d13fc6736e8e8330394c0c622103e06ea419,0xc52d7f23a2e460248db6ee192cb23dd12bddcbf6,crvUSD,18,2026-08-22,-196375033682262794892,1062
optimism,0x4456d13fc6736e8e8330394c0c622103e06ea419,0xc52d7f23a2e460248db6ee192cb23dd12bddcbf6,crvUSD,18,2026-08-23,223808593760697774169,1529
optimism,0x4456d13fc6736e8e8330394c0c622103e06ea419,0xc52d7f23a2e460248db6ee192cb23dd12bddcbf6,crvUSD,18,2026-08-24,238210367357200704110,799
optimism,0x4456d13fc6736e8e8330394c0c622103e06ea419,0xc52d7f23a2e460248db6ee192cb23dd12bddcbf6,crvUSD,18,2026-08-25,-115825505047489263602,853
optimism,0x4456d13fc6736e8e8330394c0c622103e06ea419,0xc52d7f23a2e460248db6ee192cb23dd12bddcbf6,crvUSD,18,2026-08-26,57900051185542263354,626
optimism,0x4456d13fc6736e8e8330394c0c622103e06ea419,0xc52d7f23a2e460248db6ee192cb23dd12bddcbf6,crvUSD,18,2026-08-27,-18883029858610422652,549
optimism,0x4456d13fc6736e8e8330394c0c622103e06ea419,0xc52d7f23a2e460248db6ee192cb23dd12bddcbf6,crvUSD,18,2026-08-28,-239402372160895916510,485
optimism,0x4456d13fc6736e8e8330394c0c622103e06ea419,0xc52d7f23a2e460248db6ee192cb23dd12bddcbf6,crvUSD,18,2026-08-29,42431522474719470102,78
optimism,0x4456d13fc6736e8e8330394c0c622103e06ea419,0xc52d7f23a2e460248db6ee192cb23dd12bddcbf6,crvUSD,18,2026-08-30,-37631376362833343438,338
optimism,0x4456d13fc6736e8e8330394c0c622103e06ea419,0xc52d7f23a2e460248db6ee192cb23dd12bddcbf6,crvUSD,18,2026-08-31,238751034329924999355,592
optimism,0x4456d13fc6736e8e8330394c0c622103e06ea419,0xc52d7f23a2e460248db6ee192cb23dd12bddcbf6,crvUSD,18,2026-09-01,-281159871898765349097,385
optimism,0x4456d13fc6736e8e8330394c0c622103e06ea419,0xc52d7f23a2e460248db6ee192cb23dd12bddcbf6,crvUSD,18,2026-09-02,113875214465477150407,492
optimism,0x4456d13fc6736e8e8330394c0c622103e06ea419,0xc52d7f23a2e460248db6ee192cb23dd12bddcbf6,crvUSD,18,2026-09-03,294451180277521823107,578
optimism,0x4456d13fc6736e8e8330394c0c622103e06ea419,0xc52d7f23a2e460248db6ee192cb23dd12bddcbf6,crvUSD,18,2026-09-04,-195782755420220061793,589
optimism,0x4456d13fc6736e8e8330394c0c622103e06ea419,0xc52d7f23a2e460248db6ee192cb23dd12bddcbf6,crvUSD,18,2026-09-05,133692601329436442994,342
optimism,0x4456d13fc6736e8e8330394c0c622103e06ea419,0xc52d7f23a2e460248db6ee192cb23dd12bddcbf6,crvUSD,18,2026-09-06,-70458069131780714778,947
optimism,0x4456d13fc6736e8e8330394c0c622103e06ea419,0xc52d7f23a2e460248db6ee192cb23dd12bddcbf6,crvUSD,18,2026-09-07,-135953929185820548338,1348
optimism,0x4456d13fc6736e8e8330394c0c622103e06ea419,0xc52d7f23a2e460248db6ee192cb23dd12bddcbf6,crvUSD,18,2026-09-08,64505208789923307944,1369
optimism,0x4456d13fc6736e8e8330394c0c622103e06ea419,0xc52d7f23a2e460248db6ee192cb23dd12bddcbf6,crvUSD,18,2026-09-09,37035772740139882423,1644
optimism,0x4456d13fc6736e8e8330394c0c622103e06ea419,0xc52d7f23a2e460248db6ee192cb23dd12bddcbf6,crvUSD,18,2026-09-10,-53541007141297481132,889
optimism,0x4456d13fc6736e8e8330394c0c622103e06ea419,0xc52d7f23a2e460248db6ee192cb23dd12bddcbf6,crvUSD,18,2026-09-11,-62618258044250329292,1521
optimism,0x4456d13fc6736e8e8330394c0c622103e06ea419,0xc52d7f23a2e460248db6ee192cb23dd12bddcbf6,crvUSD,18,2026-09-12,27618725772149892757,1243
optimism,0x4456d13fc6736e8e8330394c0c622103e06ea419,0xc52d7f23a2e460248db6ee192cb23dd12bddcbf6,crvUSD,18,2026-09-13,129974099444841791329,2344
optimism,0x4456d13fc6736e8e8330394c0c622103e06ea419,0xc52d7f23a2e460248db6ee192cb23dd12bddcbf6,crvUSD,18,2026-09-14,-164010000813549269962,3260
optimism,0x4456d13fc6736e8e8330394c0c622103e06ea419,0xc52d7f23a2e460248db6ee192cb23dd12bddcbf6,crvUSD,18,2026-09-15,-192068592924973695042,2321
optimism,0xd8dd9a8b2aca88e68c46af9008259d0ec04b7751,0x0994206dfe8de6ec6920ff4d779b0d950605fb53,CRV,18,2026-04-18,3512743297225834505827,1590
optimism,0xd8dd9a8b2aca88e68c46af9008259d0ec04b7751,0x0994206dfe8de6ec6920ff4d779b0d950605fb53,CRV,18,2026-04-19,-116829329514370661251,1530
optimism,0xd8dd9a8b2aca88e68c46af9008259d0ec04b7751,0x0994206dfe8de6ec6920ff4d779b0d950605fb53,CRV,18,2026-04-20,-4951612108365271202257,1527
optimism,0xd8dd9a8b2aca88e68c46af9008259d0ec04b7751,0x0994206dfe8de6ec6920ff4d779b0d950605fb53,CRV,18,2026-04-21,-1378020789717188763981,1444
optimism,0xd8dd9a8b2aca88e68c46af9008259d0ec04b7751,0x0994206dfe8de6ec6920ff4d779b0d950605fb53,CRV,18,2026-04-22,4123259225584553188797,1502
optimism,0xd8dd9a8b2aca88e68c46af9008259d0ec04b7751,0x0994206dfe8de6ec6920ff4d779b0d950605fb53,CRV,18,2026-04-23,1759879237745355082877,1198
optimism,0xd8dd9a8b2aca88e68c46af9008259d0ec04b7751,0x0994206dfe8de6ec6920ff4d779b0d950605fb53,CRV,18,2026-04-24,2516747193222941645680,1239
optimism,0xd8dd9a8b2aca88e68c46af9008259d0ec04b7751,0x0994206dfe8de6ec6920ff4d779b0d950605fb53,CRV,18,2026-04-25,7091247436209837931,1325
optimism,0xd8dd9a8b2aca88e68c46af9008259d0ec04b7751,0x0994206dfe8de6ec6920ff4d779b0d950605fb53,CRV,18,2026-04-26,-1529474904927916860667,1026
optimism,0xd8dd9a8b2aca88e68c46af9008259d0ec04b7751,0x0994206dfe8de6ec6920ff4d779b0d950605fb53,CRV,18,2026-04-27,-4200033602210802840714,1293
optimism,0xd8dd9a8b2aca88e68c46af9008259d0ec04b7751,0x0994206dfe8de6ec6920ff4d779b0d950605fb53,CRV,18,2026-04-28,-590104465337861876784,1307
optimism,0xd8dd9a8b2aca88e68c46af9008259d0ec04b7751,0x0994206dfe8de6ec6920ff4d779b0d950605fb53,CRV,18,2026-04-29,-112221938968829480892,1710
optimism,0xd8dd9a8b2aca88e68c46af9008259d0ec04b7751,0x0994206dfe8de6ec6920ff4d779b0d950605fb53,CRV,18,2026-04-30,-2560021344948054434234,1656
optimism,0xd8dd9a8b2aca88e68c46af9008259d0ec04b7751,0x0994206dfe8de6ec6920ff4d779b0d950605fb53,CRV,18,2026-05-01,961484153673997730496,849
optimism,0xd8dd9a8b2aca88e68c46af9008259d0ec04b7751,0x0994206dfe8de6ec6920ff4d779b0d950605fb53,CRV,18,2026-05-02,359463322711553663949,652
optimism,0xd8dd9a8b2aca88e68c46af9008259d0ec04b7751,0x0994206dfe8de6ec6920ff4d779b0d950605fb53,CRV,18,2026-05-03,-4380559575376964004713,837
optimism,0xd8dd9a8b2aca88e68c46af9008259d0ec04b7751,0x0994206dfe8de6ec6920ff4d779b0d950605fb53,CRV,18,2026-05-04,2747995596144918021801,553
optimism,0xd8dd9a8b2aca88e68c46af9008259d0ec04b7751,0x0994206dfe8de6ec6920ff4d779b0d950605fb53,CRV,18,2026-05-05,-615193704162511446863,448
optimism,0xd8dd9a8b2aca88e68c46af9008259d0ec04b7751,0x0994206dfe8de6ec6920ff4d779b0d950605fb53,CRV,18,2026-05-06,8656598713589787926007,876
optimism,0xd8dd9a8b2aca88e68c46af9008259d0ec04b7751,0x0994206dfe8de6ec6920ff4d779b0d950605fb53,CRV,18,2026-05-07,3449103482700445871770,585
optimism,0xd8dd9a8b2aca88e68c46af9008259d0ec04b7751,0x0994206dfe8de6ec6920ff4d779b0d950605fb53,CRV,18,2026-05-08,833585752825692485226,1210
optimism,0xd8dd9a8b2aca88e68c46af9008259d0ec04b7751,0x0994206dfe8de6ec6920ff4d779b0d950605fb53,CRV,18,2026-05-09,-161184186049597599172,842
optimism,0xd8dd9a8b2aca88e68c46af9008259d0ec04b7751,0x0994206dfe8de6ec6920ff4d779b0d950605fb53,CRV,18,2026-05-10,-5057182302103146610242,899
optimism,0xd8dd9a8b2aca88e68c46af9008259d0ec04b7751,0x0994206dfe8de6ec6920ff4d779b0d950605fb53,CRV,18,2026-05-11,-17831243561443194454758,3210
optimism,0xd8dd9a8b2aca88e68c46af9008259d0ec04b7751,0x0994206dfe8de6ec6920ff4d779b0d950605fb53,CRV,18,2026-05-12,127391378511367387204,3771
optimism,0xd8dd9a8b2aca88e68c46af9008259d0ec04b7751,0x0994206dfe8de6ec6920ff4d779b0d950605fb53,CRV,18,2026-05-13,3133158304840225784176,1903
optimism,0xd8dd9a8b2aca88e68c46af9008259d0ec04b7751,0x0994206dfe8de6ec6920ff4d779b0d950605fb53,CRV,18,2026-05-14,-902552841136146852049,1764
optimism,0xd8dd9a8b2aca88e68c46af9008259d0ec04b7751,0x0994206dfe8de6ec6920ff4d779b0d950605fb53,CRV,18,2026-05-15,6569793403883363857565,1190
optimism,0xd8dd9a8b2aca88e68c46af9008259d0ec04b7751,0x0994206dfe8de6ec6920ff4d779b0d950605fb53,CRV,18,2026-05-16,6028124818955727586351,1537
optimism,0xd8dd9a8b2aca88e68c46af9008259d0ec04b7751,0x0994206dfe8de6ec6920ff4d779b0d950605fb53,CRV,18,2026-05-17,2337348371347275823500,729
optimism,0xd8dd9a8b2aca88e68c46af9008259d0ec04b7751,0x0994206dfe8de6ec6920ff4d779b0d950605fb53,CRV,18,2026-05-18,-2995004734449070871850,443
optimism,0xd8dd9a8b2aca88e68c46af9008259d0ec04b7751,0x0994206dfe8de6ec6920ff4d779b0d950605fb53,CRV,18,2026-05-19,-334317725743547710920,327
optimism,0xd8dd9a8b2aca88e68c46af9008259d0ec04b7751,0x0994206dfe8de6ec6920ff4d779b0d950605fb53,CRV,18,2026-05-20,1284397915675731671824,177
optimism,0xd8dd9a8b2aca88e68c46af9008259d0ec04b7751,0x0994206dfe8de6ec6920ff4d779b0d950605fb53,CRV,18,2026-05-21,-873284421166626652132,208
optimism,0xd8dd9a8b2aca88e68c46af9008259d0ec04b7751,0x0994206dfe8de6ec6920ff4d779b0d950605fb53,CRV,18,2026-05-22,4139387542697854871398,239
optimism,0xd8dd9a8b2aca88e68c46af9008259d0ec04b7751,0x0994206dfe8de6ec6920ff4d779b0d950605fb53,CRV,18,2026-05-23,-1566290206474192078576,264
optimism,0xd8dd9a8b2aca88e68c46af9008259d0ec04b7751,0x0994206dfe8de6ec6920ff4d779b0d950605fb53,CRV,18,2026-05-24,1650499499868611864441,113
optimism,0xd8dd9a8b2aca88e68c46af9008259d0ec04b7751,0x0994206dfe8de6ec6920ff4d779b0d950605fb53,CRV,18,2026-05-25,7871351119443150899851,247
optimism,0xd8dd9a8b2aca88e68c46af9008259d0ec04b7751,0x0994206dfe8de6ec6920ff4d779b0d950605fb53,CRV,18,2026-05-26,-120333844215741008540,222
optimism,0xd8dd9a8b2aca88e68c46af9008259d0ec04b7751,0x0994206dfe8de6ec6920ff4d779b0d950605fb53,CRV,18,2026-05-27,-331700490179668902072,315
optimism,0xd8dd9a8b2aca88e68c46af9008259d0ec04b7751,0x0994206dfe8de6ec6920ff4d779b0d950605fb53,CRV,18,2026-05-28,63364836143272937762,1295
optimism,0xd8dd9a8b2aca88e68c46af9008259d0ec04b7751,0x0994206dfe8de6ec6920ff4d779b0d950605fb53,CRV,18,2026-05-29,-1723709474260843517716,1016
optimism,0xd8dd9a8b2aca88e68c46af9008259d0ec04b7751,0x0994206dfe8de6ec6920ff4d779b0d950605fb53,CRV,18,2026-05-30,824756541064718527289,523
optimism,0xd8dd9a8b2aca88e68c46af9008259d0ec04b7751,0x0994206dfe8de6ec6920ff4d779b0d950605fb53,CRV,18,2026-05-31,-2150004697784628407996,820
optimism,0xd8dd9a8b2aca88e68c46af9008259d0ec04b7751,0x0994206dfe8de6ec6920ff4d779b0d950605fb53,CRV,18,2026-06-01,6360524930007198046649,1258
optimism,0xd8dd9a8b2aca88e68c46af9008259d0ec04b7751,0x0994206dfe8de6ec6920ff4d779b0d950605fb53,CRV,18,2026-06-02,5900771071666682588543,1550
optimism,0xd8dd9a8b2aca88e68c46af9008259d0ec04b7751,0x0994206dfe8de6ec6920ff4d779b0d950605fb53,CRV,18,2026-06-03,-1925410344837807214517,1340
optimism,0xd8dd9a8b2aca88e68c46af9008259d0ec04b7751,0x0994206dfe8de6ec6920ff4d779b0d950605fb53,CRV,18,2026-06-04,7101360275678461927219,1380
optimism,0xd8dd9a8b2aca88e68c46af9008259d0ec04b7751,0x0994206dfe8de6ec6920ff4d779b0d950605fb53,CRV,18,2026-06-05,-4084351528035939840626,3072
optimism,0xd8dd9a8b2aca88e68c46af9008259d0ec04b7751,0x0994206dfe8de6ec6920ff4d779b0d950605fb53,CRV,18,2026-06-06,-10909196422626319810603,1937
optimism,0xd8dd9a8b2aca88e68c46af9008259d0ec04b7751,0x0994206dfe8de6ec6920ff4d779b0d950605fb53,CRV,18,2026-06-07,-6086700211202596405253,1827
optimism,0xd8dd9a8b2aca88e68c46af9008259d0ec04b7751,0x0994206dfe8de6ec6920ff4d779b0d950605fb53,CRV,18,2026-06-08,-1027498272121419604484,1817
optimism,0xd8dd9a8b2aca88e68c46af9008259d0ec04b7751,0x0994206dfe8de6ec6920ff4d779b0d950605fb53,CRV,18,2026-06-09,-10081173256263943539860,1468
optimism,0xd8dd9a8b2aca88e68c46af9008259d0ec04b7751,0x0994206dfe8de6ec6920ff4d779b0d950605fb53,CRV,18,2026-06-10,-27382253605746079705525,1205
optimism,0xd8dd9a8b2aca88e68c46af9008259d0ec04b7751,0x0994206dfe8de6ec6920ff4d779b0d950605fb53,CRV,18,2026-06-11,-3775788508968824154721,2298
optimism,0xd8dd9a8b2aca88e68c46af9008259d0ec04b7751,0x0994206dfe8de6ec6920ff4d779b0d950605fb53,CRV,18,2026-06-12,14077126972086158447148,399
optimism,0xd8dd9a8b2aca88e68c46af9008259d0ec04b7751,0x0994206dfe8de6ec6920ff4d779b0d950605fb53,CRV,18,2026-06-13,4090475599199372878365,509
optimism,0xd8dd9a8b2aca88e68c46af9008259d0ec04b7751,0x0994206dfe8de6ec6920ff4d779b0d950605fb53,CRV,18,2026-06-14,-1642500392059062371085,366
optimism,0xd8dd9a8b2aca88e68c46af9008259d0ec04b7751,0x0994206dfe8de6ec6920ff4d779b0d950605fb53,CRV,18,2026-06-15,-7380790266886430656292,413
optimism,0xd8dd9a8b2aca88e68c46af9008259d0ec04b7751,0x0994206dfe8de6ec6920ff4d779b0d950605fb53,CRV,18,2026-06-16,3701675425613577018500,229
optimism,0xd8dd9a8b2aca88e68c46af9008259d0ec04b7751,0x0994206dfe8de6ec6920ff4d779b0d950605fb53,CRV,18,2026-06-17,11244209887964036973535,491
optimism,0xd8dd9a8b2aca88e68c46af9008259d0ec04b7751,0x0994206dfe8de6ec6920ff4d779b0d950605fb53,CRV,18,2026-06-18,1536120742715402100960,420
optimism,0xd8dd9a8b2aca88e68c46af9008259d0ec04b7751,0x0994206dfe8de6ec6920ff4d779b0d950605fb53,CRV,18,2026-06-19,4950350550994163342252,407
optimism,0xd8dd9a8b2aca88e68c46af9008259d0ec04b7751,0x0994206dfe8de6ec6920ff4d779b0d950605fb53,CRV,18,2026-06-20,-1867743158753475462617,143
optimism,0xd8dd9a8b2aca88e68c46af9008259d0ec04b7751,0x0994206dfe8de6ec6920ff4d779b0d950605fb53,CRV,18,2026-06-21,4302609772987523436153,121
optimism,0xd8dd9a8b2aca88e68c46af9008259d0ec04b7751,0x0994206dfe8de6ec6920ff4d779b0d950605fb53,CRV,18,2026-06-22,-3699383865315535504236,165
optimism,0xd8dd9a8b2aca88e68c46af9008259d0ec04b7751,0x0994206dfe8de6ec6920ff4d779b0d950605fb53,CRV,18,2026-06-23,11313970347758295056742,332
optimism,0xd8dd9a8b2aca88e68c46af9008259d0ec04b7751,0x0994206dfe8de6ec6920ff4d779b0d950605fb53,CRV,18,2026-06-24,7933363788737703916278,436
optimism,0xd8dd9a8b2aca88e68c46af9008259d0ec04b7751,0x0994206dfe8de6ec6920ff4d779b0d950605fb53,CRV,18,2026-06-25,-701534185996102097749,294
optimism,0xd8dd9a8b2aca88e68c46af9008259d0ec04b7751,0x0994206dfe8de6ec6920ff4d779b0d950605fb53,CRV,18,2026-06-26,-295205789520006764277,160
optimism,0xd8dd9a8b2aca88e68c46af9008259d0ec04b7751,0x0994206dfe8de6ec6920ff4d779b0d950605fb53,CRV,18,2026-06-27,-1084315342897383434393,232
optimism,0xd8dd9a8b2aca88e68c46af9008259d0ec04b7751,0x0994206dfe8de6ec6920ff4d779b0d950605fb53,CRV,18,2026-06-28,915078679413769273453,144
optimism,0xd8dd9a8b2aca88e68c46af9008259d0ec04b7751,0x0994206dfe8de6ec6920ff4d779b0d950605fb53,CRV,18,2026-06-29,-1895416710762995249086,137
optimism,0xd8dd9a8b2aca88e68c46af9008259d0ec04b7751,0x0994206dfe8de6ec6920ff4d779b0d950605fb53,CRV,18,2026-06-30,-361170400726249809415,167
optimism,0xd8dd9a8b2aca88e68c46af9008259d0ec04b7751,0x0994206dfe8de6ec6920ff4d779b0d950605fb53,CRV,18,2026-07-01,-11215413891068331024883,414
optimism,0xd8dd9a8b2aca88e68c46af9008259d0ec04b7751,0x0994206dfe8de6ec6920ff4d779b0d950605fb53,CRV,18,2026-07-02,-692255866641097058361,1288
optimism,0xd8dd9a8b2aca88e68c46af9008259d0ec04b7751,0x0994206dfe8de6ec6920ff4d779b0d950605fb53,CRV,18,2026-07-03,6046474414756051181625,1572
optimism,0xd8dd9a8b2aca88e68c46af9008259d0ec04b7751,0x0994206dfe8de6ec6920ff4d779b0d950605fb53,CRV,18,2026-07-04,-3147106177383749124568,1579
optimism,0xd8dd9a8b2aca88e68c46af9008259d0ec04b7751,0x0994206dfe8de6ec6920ff4d779b0d950605fb53,CRV,18,2026-07-05,-1634217900561022809318,1150
optimism,0xd8dd9a8b2aca88e68c46af9008259d0ec04b7751,0x0994206dfe8de6ec6920ff4d779b0d950605fb53,CRV,18,2026-07-06,1317778630331124437840,366
optimism,0xd8dd9a8b2aca88e68c46af9008259d0ec04b7751,0x0994206dfe8de6ec6920ff4d779b0d950605fb53,CRV,18,2026-07-07,-4559158673668736308790,633
optimism,0xd8dd9a8b2aca88e68c46af9008259d0ec04b7751,0x0994206dfe8de6ec6920ff4d779b0d950605fb53,CRV,18,2026-07-08,5408075112979447671123,744
optimism,0xd8dd9a8b2aca88e68c46af9008259d0ec04b7751,0x0994206dfe8de6ec6920ff4d779b0d950605fb53,CRV,18,2026-07-09,1946740040575587413271,763
optimism,0xd8dd9a8b2aca88e68c46af9008259d0ec04b7751,0x0994206dfe8de6ec6920ff4d779b0d950605fb53,CRV,18,2026-07-10,-1662078414494564781382,692
optimism,0xd8dd9a8b2aca88e68c46af9008259d0ec04b7751,0x0994206dfe8de6ec6920ff4d779b0d950605fb53,CRV,18,2026-07-11,-2692137321025171395490,803
optimism,0xd8dd9a8b2aca88e68c46af9008259d0ec04b7751,0x0994206dfe8de6ec6920ff4d779b0d950605fb53,CRV,18,2026-07-12,1811097465783771534533,690
optimism,0xd8dd9a8b2aca88e68c46af9008259d0ec04b7751,0x0994206dfe8de6ec6920ff4d779b0d950605fb53,CRV,18,2026-07-13,-16768293305893847024275,1913
optimism,0xd8dd9a8b2aca88e68c46af9008259d0ec04b7751,0x0994206dfe8de6ec6920ff4d779b0d950605fb53,CRV,18,2026-07-14,2245080934829915695876,1818
optimism,0xd8dd9a8b2aca88e68c46af9008259d0ec04b7751,0x0994206dfe8de6ec6920ff4d779b0d950605fb53,CRV,18,2026-07-15,5177399892931489204343,1151
optimism,0xd8dd9a8b2aca88e68c46af9008259d0ec04b7751,0x0994206dfe8de6ec6920ff4d779b0d950605fb53,CRV,18,2026-07-16,1192634829204569735777,1104
optimism,0xd8dd9a8b2aca88e68c46af9008259d0ec04b7751,0x0994206dfe8de6ec6920ff4d779b0d950605fb53,CRV,18,2026-07-17,-3209102863932125371200,923
optimism,0xd8dd9a8b2aca88e68c46af9008259d0ec04b7751,0x0994206dfe8de6ec6920ff4d779b0d950605fb53,CRV,18,2026-07-18,-1918836761008370298966,436
optimism,0xd8dd9a8b2aca88e68c46af9008259d0ec04b7751,0x0994206dfe8de6ec6920ff4d779b0d950605fb53,CRV,18,2026-07-19,3545603042921655921971,599
optimism,0xd8dd9a8b2aca88e68c46af9008259d0ec04b7751,0x0994206dfe8de6ec6920ff4d779b0d950605fb53,CRV,18,2026-07-20,-4082014880831487341555,1078
optimism,0xd8dd9a8b2aca88e68c46af9008259d0ec04b7751,0x0994206dfe8de6ec6920ff4d779b0d950605fb53,CRV,18,2026-07-21,2458814115349983533992,730
optimism,0xd8dd9a8b2aca88e68c46af9008259d0ec04b7751,0x0994206dfe8de6ec6920ff4d779b0d950605fb53,CRV,18,2026-07-22,912948458724070059964,684
optimism,0xd8dd9a8b2aca88e68c46af9008259d0ec04b7751,0x0994206dfe8de6ec6920ff4d779b0d950605fb53,CRV,18,2026-07-23,1415400694077054593668,447
optimism,0xd8dd9a8b2aca88e68c46af9008259d0ec04b7751,0x0994206dfe8de6ec6920ff4d779b0d950605fb53,CRV,18,2026-07-24,1580893433159026467876,493
optimism,0xd8dd9a8b2aca88e68c46af9008259d0ec04b7751,0x0994206dfe8de6ec6920ff4d779b0d950605fb53,CRV,18,2026-07-25,1200905337911826805203,355
optimism,0xd8dd9a8b2aca88e68c46af9008259d0ec04b7751,0x0994206dfe8de6ec6920ff4d779b0d950605fb53,CRV,18,2026-07-26,-4365551471342777435139,565
optimism,0xd8dd9a8b2aca88e68c46af9008259d0ec04b7751,0x0994206dfe8de6ec6920ff4d779b0d950605fb53,CRV,18,2026-07-27,-9229686048399807112826,877
optimism,0xd8dd9a8b2aca88e68c46af9008259d0ec04b7751,0x0994206dfe8de6ec6920ff4d779b0d950605fb53,CRV,18,2026-07-28,2815377635304820282138,827
optimism,0xd8dd9a8b2aca88e68c46af9008259d0ec04b7751,0x0994206dfe8de6ec6920ff4d779b0d950605fb53,CRV,18,2026-07-29,2659696977327294714043,693
optimism,0xd8dd9a8b2aca88e68c46af9008259d0ec04b7751,0x0994206dfe8de6ec6920ff4d779b0d950605fb53,CRV,18,2026-07-30,-2023336874216456307242,696
optimism,0xd8dd9a8b2aca88e68c46af9008259d0ec04b7751,0x0994206dfe8de6ec6920ff4d779b0d950605fb53,CRV,18,2026-07-31,-434552991850791773267,596
optimism,0xd8dd9a8b2aca88e68c46af9008259d0ec04b7751,0x0994206dfe8de6ec6920ff4d779b0d950605fb53,CRV,18,2026-08-01,956343709089396201735,450
optimism,0xd8dd9a8b2aca88e68c46af9008259d0ec04b7751,0x0994206dfe8de6ec6920ff4d779b0d950605fb53,CRV,18,2026-08-02,4242873222052840771601,340
optimism,0xd8dd9a8b2aca88e68c46af9008259d0ec04b7751,0x0994206dfe8de6ec6920ff4d779b0d950605fb53,CRV,18,2026-08-03,-1759608245074016949716,391
optimism,0xd8dd9a8b2aca88e68c46af9008259d0ec04b7751,0x0994206dfe8de6ec6920ff4d779b0d950605fb53,CRV,18,2026-08-04,-714707572363134020652,415
optimism,0xd8dd9a8b2aca88e68c46af9008259d0ec04b7751,0x0994206dfe8de6ec6920ff4d779b0d950605fb53,CRV,18,2026-08-05,-1208066918735264768840,425
optimism,0xd8dd9a8b2aca88e68c46af9008259d0ec04b7751,0x0994206dfe8de6ec6920ff4d779b0d950605fb53,CRV,18,2026-08-06,-5805545553520003249176,1039
optimism,0xd8dd9a8b2aca88e68c46af9008259d0ec04b7751,0x0994206dfe8de6ec6920ff4d779b0d950605fb53,CRV,18,2026-08-07,-4068880318979198341994,582
optimism,0xd8dd9a8b2aca88e68c46af9008259d0ec04b7751,0x0994206dfe8de6ec6920ff4d779b0d950605fb53,CRV,18,2026-08-08,-3608645288223411689599,997
optimism,0xd8dd9a8b2aca88e68c46af9008259d0ec04b7751,0x0994206dfe8de6ec6920ff4d779b0d950605fb53,CRV,18,2026-08-09,-6701024762982596930777,1314
optimism,0xd8dd9a8b2aca88e68c46af9008259d0ec04b7751,0x0994206dfe8de6ec6920ff4d779b0d950605fb53,CRV,18,2026-08-10,-13303845060659605252758,1539
optimism,0xd8dd9a8b2aca88e68c46af9008259d0ec04b7751,0x0994206dfe8de6ec6920ff4d779b0d950605fb53,CRV,18,2026-08-11,-5741585435965415749435,1827
optimism,0xd8dd9a8b2aca88e68c46af9008259d0ec04b7751,0x0994206dfe8de6ec6920ff4d779b0d950605fb53,CRV,18,2026-08-12,7387489977100120089432,1400
optimism,0xd8dd9a8b2aca88e68c46af9008259d0ec04b7751,0x0994206dfe8de6ec6920ff4d779b0d950605fb53,CRV,18,2026-08-13,2577045337160346221091,691
optimism,0xd8dd9a8b2aca88e68c46af9008259d0ec04b7751,0x0994206dfe8de6ec6920ff4d779b0d950605fb53,CRV,18,2026-08-14,5561014137818071234250,654
optimism,0xd8dd9a8b2aca88e68c46af9008259d0ec04b7751,0x0994206dfe8de6ec6920ff4d779b0d950605fb53,CRV,18,2026-08-15,-1109823140695430161584,129
optimism,0xd8dd9a8b2aca88e68c46af9008259d0ec04b7751,0x0994206dfe8de6ec6920ff4d779b0d950605fb53,CRV,18,2026-08-16,-4690224522431981599563,405
optimism,0xd8dd9a8b2aca88e68c46af9008259d0ec04b7751,0x0994206dfe8de6ec6920ff4d779b0d950605fb53,CRV,18,2026-08-17,-1284737626619024621399,635
optimism,0xd8dd9a8b2aca88e68c46af9008259d0ec04b7751,0x0994206dfe8de6ec6920ff4d779b0d950605fb53,CRV,18,2026-08-18,5497441896970485363043,787
optimism,0xd8dd9a8b2aca88e68c46af9008259d0ec04b7751,0x0994206dfe8de6ec6920ff4d779b0d950605fb53,CRV,18,2026-08-19,-10661086241848319572701,686
optimism,0xd8dd9a8b2aca88e68c46af9008259d0ec04b7751,0x0994206dfe8de6ec6920ff4d779b0d950605fb53,CRV,18,2026-08-20,-13110136287044338410673,1722
optimism,0xd8dd9a8b2aca88e68c46af9008259d0ec04b7751,0x0994206dfe8de6ec6920ff4d779b0d950605fb53,CRV,18,2026-08-21,1834934429707620545757,3223
optimism,0xd8dd9a8b2aca88e68c46af9008259d0ec04b7751,0x0994206dfe8de6ec6920ff4d779b0d950605fb53,CRV,18,2026-08-22,12039674222211842964565,1852
optimism,0xd8dd9a8b2aca88e68c46af9008259d0ec04b7751,0x0994206dfe8de6ec6920ff4d779b0d950605fb53,CRV,18,2026-08-23,-1008027035039424607166,1518
optimism,0xd8dd9a8b2aca88e68c46af9008259d0ec04b7751,0x0994206dfe8de6ec6920ff4d779b0d950605fb53,CRV,18,2026-08-24,-5104304748178990253924,1015
optimism,0xd8dd9a8b2aca88e68c46af9008259d0ec04b7751,0x0994206dfe8de6ec6920ff4d779b0d950605fb53,CRV,18,2026-08-25,3135609262395689560633,435
optimism,0xd8dd9a8b2aca88e68c46af9008259d0ec04b7751,0x0994206dfe8de6ec6920ff4d779b0d950605fb53,CRV,18,2026-08-26,-6297508321799030373196,724
optimism,0xd8dd9a8b2aca88e68c46af9008259d0ec04b7751,0x0994206dfe8de6ec6920ff4d779b0d950605fb53,CRV,18,2026-08-27,295769497979022864089,466
optimism,0xd8dd9a8b2aca88e68c46af9008259d0ec04b7751,0x0994206dfe8de6ec6920ff4d779b0d950605fb53,CRV,18,2026-08-28,2733785333723065176315,407
optimism,0xd8dd9a8b2aca88e68c46af9008259d0ec04b7751,0x0994206dfe8de6ec6920ff4d779b0d950605fb53,CRV,18,2026-08-29,2999837754241081475992,381
optimism,0xd8dd9a8b2aca88e68c46af9008259d0ec04b7751,0x0994206dfe8de6ec6920ff4d779b0d950605fb53,CRV,18,2026-08-30,-2960145779320981547213,516
optimism,0xd8dd9a8b2aca88e68c46af9008259d0ec04b7751,0x0994206dfe8de6ec6920ff4d779b0d950605fb53,CRV,18,2026-08-31,-14814473410929374397830,1391
optimism,0xd8dd9a8b2aca88e68c46af9008259d0ec04b7751,0x0994206dfe8de6ec6920ff4d779b0d950605fb53,CRV,18,2026-09-01,-7579038990568129452832,1662
optimism,0xd8dd9a8b2aca88e68c46af9008259d0ec04b7751,0x0994206dfe8de6ec6920ff4d779b0d950605fb53,CRV,18,2026-09-02,7701630054604985119954,1139
optimism,0xd8dd9a8b2aca88e68c46af9008259d0ec04b7751,0x0994206dfe8de6ec6920ff4d779b0d950605fb53,CRV,18,2026-09-03,-3133913805391459646895,1200
optimism,0xd8dd9a8b2aca88e68c46af9008259d0ec04b7751,0x0994206dfe8de6ec6920ff4d779b0d950605fb53,CRV,18,2026-09-04,5982846041696672226450,933
optimism,0xd8dd9a8b2aca88e68c46af9008259d0ec04b7751,0x0994206dfe8de6ec6920ff4d779b0d950605fb53,CRV,18,2026-09-05,-1924449476004539118390,1308
optimism,0xd8dd9a8b2aca88e68c46af9008259d0ec04b7751,0x0994206dfe8de6ec6920ff4d779b0d950605fb53,CRV,18,2026-09-06,-246033917267578916219,1815
optimism,0xd8dd9a8b2aca88e68c46af9008259d0ec04b7751,0x0994206dfe8de6ec6920ff4d779b0d950605fb53,CRV,18,2026-09-07,6924073425155388013676,1488
optimism,0xd8dd9a8b2aca88e68c46af9008259d0ec04b7751,0x0994206dfe8de6ec6920ff4d779b0d950605fb53,CRV,18,2026-09-08,-4667200509066810393210,793
optimism,0xd8dd9a8b2aca88e68c46af9008259d0ec04b7751,0x0994206dfe8de6ec6920ff4d779b0d950605fb53,CRV,18,2026-09-09,5248866722695331469634,995
optimism,0xd8dd9a8b2aca88e68c46af9008259d0ec04b7751,0x0994206dfe8de6ec6920ff4d779b0d950605fb53,CRV,18,2026-09-10,-3570578303052873148225,574
optimism,0xd8dd9a8b2aca88e68c46af9008259d0ec04b7751,0x0994206dfe8de6ec6920ff4d779b0d950605fb53,CRV,18,2026-09-11,4097799325393092435438,909
optimism,0xd8dd9a8b2aca88e68c46af9008259d0ec04b7751,0x0994206dfe8de6ec6920ff4d779b0d950605fb53,CRV,18,2026-09-12,-1456257238671685746444,790
optimism,0xd8dd9a8b2aca88e68c46af9008259d0ec04b7751,0x0994206dfe8de6ec6920ff4d779b0d950605fb53,CRV,18,2026-09-13,-6737338291510234748502,1231
optimism,0xd8dd9a8b2aca88e68c46af9008259d0ec04b7751,0x0994206dfe8de6ec6920ff4d779b0d950605fb53,CRV,18,2026-09-14,4958407761958197927422,1868
optimism,0xd8dd9a8b2aca88e68c46af9008259d0ec04b7751,0x0994206dfe8de6ec6920ff4d779b0d950605fb53,CRV,18,2026-09-15,10162255525469543972240,2220
optimism,0xd8dd9a8b2aca88e68c46af9008259d0ec04b7751,0x4200000000000000000000000000000000000042,OP,18,2026-04-18,15776196121692748498559,1683
optimism,0xd8dd9a8b2aca88e68c46af9008259d0ec04b7751,0x4200000000000000000000000000000000000042,OP,18,2026-04-19,3578487373400067788142,1617
optimism,0xd8dd9a8b2aca88e68c46af9008259d0ec04b7751,0x4200000000000000000000000000000000000042,OP,18,2026-04-20,-960761860130427184601,1573
optimism,0xd8dd9a8b2aca88e68c46af9008259d0ec04b7751,0x4200000000000000000000000000000000000042,OP,18,2026-04-21,-4997513052601738095028,1698
optimism,0xd8dd9a8b2aca88e68c46af9008259d0ec04b7751,0x4200000000000000000000000000000000000042,OP,18,2026-04-22,12691222267078936655253,1604
optimism,0xd8dd9a8b2aca88e68c46af9008259d0ec04b7751,0x4200000000000000000000000000000000000042,OP,18,2026-04-23,-6226795275396344834301,1495
optimism,0xd8dd9a8b2aca88e68c46af9008259d0ec04b7751,0x4200000000000000000000000000000000000042,OP,18,2026-04-24,-17200143026472295794299,1913
optimism,0xd8dd9a8b2aca88e68c46af9008259d0ec04b7751,0x4200000000000000000000000000000000000042,OP,18,2026-04-25,6963426609048292603349,2013
optimism,0xd8dd9a8b2aca88e68c46af9008259d0ec04b7751,0x4200000000000000000000000000000000000042,OP,18,2026-04-26,3338109422795015571204,1423
optimism,0xd8dd9a8b2aca88e68c46af9008259d0ec04b7751,0x4200000000000000000000000000000000000042,OP,18,2026-04-27,8063065329314194961904,1235
optimism,0xd8dd9a8b2aca88e68c46af9008259d0ec04b7751,0x4200000000000000000000000000000000000042,OP,18,2026-04-28,-2607437545335648769636,1184
optimism,0xd8dd9a8b2aca88e68c46af9008259d0ec04b7751,0x4200000000000000000000000000000000000042,OP,18,2026-04-29,10190669573500732230906,1667
optimism,0xd8dd9a8b2aca88e68c46af9008259d0ec04b7751,0x4200000000000000000000000000000000000042,OP,18,2026-04-30,-3167292291195419146690,1479
optimism,0xd8dd9a8b2aca88e68c46af9008259d0ec04b7751,0x4200000000000000000000000000000000000042,OP,18,2026-05-01,3238505810216980769144,1215
optimism,0xd8dd9a8b2aca88e68c46af9008259d0ec04b7751,0x4200000000000000000000000000000000000042,OP,18,2026-05-02,-5590321430304568760996,1155
optimism,0xd8dd9a8b2aca88e68c46af9008259d0ec04b7751,0x4200000000000000000000000000000000000042,OP,18,2026-05-03,-4279557741597512293000,1189
optimism,0xd8dd9a8b2aca88e68c46af9008259d0ec04b7751,0x4200000000000000000000000000000000000042,OP,18,2026-05-04,-4996448162673285501719,1996
optimism,0xd8dd9a8b2aca88e68c46af9008259d0ec04b7751,0x4200000000000000000000000000000000000042,OP,18,2026-05-05,-7955352028917414825484,2059
optimism,0xd8dd9a8b2aca88e68c46af9008259d0ec04b7751,0x4200000000000000000000000000000000000042,OP,18,2026-05-06,-35331876423815316712491,2795
optimism,0xd8dd9a8b2aca88e68c46af9008259d0ec04b7751,0x4200000000000000000000000000000000000042,OP,18,2026-05-07,1247672924313768591471,2382
optimism,0xd8dd9a8b2aca88e68c46af9008259d0ec04b7751,0x4200000000000000000000000000000000000042,OP,18,2026-05-08,-29740192470273422351192,3670
optimism,0xd8dd9a8b2aca88e68c46af9008259d0ec04b7751,0x4200000000000000000000000000000000000042,OP,18,2026-05-09,8684381027132494204085,2298
optimism,0xd8dd9a8b2aca88e68c46af9008259d0ec04b7751,0x4200000000000000000000000000000000000042,OP,18,2026-05-10,7482648113926538193294,2188
optimism,0xd8dd9a8b2aca88e68c46af9008259d0ec04b7751,0x4200000000000000000000000000000000000042,OP,18,2026-05-11,20047464143644926552973,2424
optimism,0xd8dd9a8b2aca88e68c46af9008259d0ec04b7751,0x4200000000000000000000000000000000000042,OP,18,2026-05-12,2057458257548515064743,2517
optimism,0xd8dd9a8b2aca88e68c46af9008259d0ec04b7751,0x4200000000000000000000000000000000000042,OP,18,2026-05-13,9164522055654753574151,2027
optimism,0xd8dd9a8b2aca88e68c46af9008259d0ec04b7751,0x4200000000000000000000000000000000000042,OP,18,2026-05-14,12380916177071627257784,1915
optimism,0xd8dd9a8b2aca88e68c46af9008259d0ec04b7751,0x4200000000000000000000000000000000000042,OP,18,2026-05-15,932321474140481416917,1730
optimism,0xd8dd9a8b2aca88e68c46af9008259d0ec04b7751,0x4200000000000000000000000000000000000042,OP,18,2026-05-16,-1500871863931828359304,1279
optimism,0xd8dd9a8b2aca88e68c46af9008259d0ec04b7751,0x4200000000000000000000000000000000000042,OP,18,2026-05-17,8154264460984033017712,1467
optimism,0xd8dd9a8b2aca88e68c46af9008259d0ec04b7751,0x4200000000000000000000000000000000000042,OP,18,2026-05-18,-779568504080613150129,1901
optimism,0xd8dd9a8b2aca88e68c46af9008259d0ec04b7751,0x4200000000000000000000000000000000000042,OP,18,2026-05-19,2733337720642760045308,1655
optimism,0xd8dd9a8b2aca88e68c46af9008259d0ec04b7751,0x4200000000000000000000000000000000000042,OP,18,2026-05-20,-3279669291142219804962,1647
optimism,0xd8dd9a8b2aca88e68c46af9008259d0ec04b7751,0x4200000000000000000000000000000000000042,OP,18,2026-05-21,-7164244772732881936081,1854
optimism,0xd8dd9a8b2aca88e68c46af9008259d0ec04b7751,0x4200000000000000000000000000000000000042,OP,18,2026-05-22,9311947855994024321835,2005
optimism,0xd8dd9a8b2aca88e68c46af9008259d0ec04b7751,0x4200000000000000000000000000000000000042,OP,18,2026-05-23,-1669066966238889846036,1618
optimism,0xd8dd9a8b2aca88e68c46af9008259d0ec04b7751,0x4200000000000000000000000000000000000042,OP,18,2026-05-24,-1014040933118341630217,1119
optimism,0xd8dd9a8b2aca88e68c46af9008259d0ec04b7751,0x4200000000000000000000000000000000000042,OP,18,2026-05-25,-11863428929910242573217,1680
optimism,0xd8dd9a8b2aca88e68c46af9008259d0ec04b7751,0x4200000000000000000000000000000000000042,OP,18,2026-05-26,4320145539094361615627,2213
optimism,0xd8dd9a8b2aca88e68c46af9008259d0ec04b7751,0x4200000000000000000000000000000000000042,OP,18,2026-05-27,22064782701099774346706,2735
optimism,0xd8dd9a8b2aca88e68c46af9008259d0ec04b7751,0x4200000000000000000000000000000000000042,OP,18,2026-05-28,-4268475670268386885916,1843
optimism,0xd8dd9a8b2aca88e68c46af9008259d0ec04b7751,0x4200000000000000000000000000000000000042,OP,18,2026-05-29,-4092691168149318448100,1783
optimism,0xd8dd9a8b2aca88e68c46af9008259d0ec04b7751,0x4200000000000000000000000000000000000042,OP,18,2026-05-30,1586696315888610787150,1194
optimism,0xd8dd9a8b2aca88e68c46af9008259d0ec04b7751,0x4200000000000000000000000000000000000042,OP,18,2026-05-31,7829099958562807594056,1495
optimism,0xd8dd9a8b2aca88e68c46af9008259d0ec04b7751,0x4200000000000000000000000000000000000042,OP,18,2026-06-01,-14063183632484831294182,2606
optimism,0xd8dd9a8b2aca88e68c46af9008259d0ec04b7751,0x4200000000000000000000000000000000000042,OP,18,2026-06-02,-8761424607542797165878,3790
optimism,0xd8dd9a8b2aca88e68c46af9008259d0ec04b7751,0x4200000000000000000000000000000000000042,OP,18,2026-06-03,27749545452151943773933,4535
optimism,0xd8dd9a8b2aca88e68c46af9008259d0ec04b7751,0x4200000000000000000000000000000000000042,OP,18,2026-06-04,4198977736750508607376,5031
optimism,0xd8dd9a8b2aca88e68c46af9008259d0ec04b7751,0x4200000000000000000000000000000000000042,OP,18,2026-06-05,31048415009991695874463,5011
optimism,0xd8dd9a8b2aca88e68c46af9008259d0ec04b7751,0x4200000000000000000000000000000000000042,OP,18,2026-06-06,13500012682609526581685,2825
optimism,0xd8dd9a8b2aca88e68c46af9008259d0ec04b7751,0x4200000000000000000000000000000000000042,OP,18,2026-06-07,3252882862176680698520,2467
optimism,0xd8dd9a8b2aca88e68c46af9008259d0ec04b7751,0x4200000000000000000000000000000000000042,OP,18,2026-06-08,-601043264799260268543,2223
optimism,0xd8dd9a8b2aca88e68c46af9008259d0ec04b7751,0x4200000000000000000000000000000000000042,OP,18,2026-06-09,-1516965709322033903374,2284
optimism,0xd8dd9a8b2aca88e68c46af9008259d0ec04b7751,0x4200000000000000000000000000000000000042,OP,18,2026-06-10,36018460504466511683488,2532
optimism,0xd8dd9a8b2aca88e68c46af9008259d0ec04b7751,0x4200000000000000000000000000000000000042,OP,18,2026-06-11,-3339540391417473823730,2731
optimism,0xd8dd9a8b2aca88e68c46af9008259d0ec04b7751,0x4200000000000000000000000000000000000042,OP,18,2026-06-12,-33651362443051034144120,1994
optimism,0xd8dd9a8b2aca88e68c46af9008259d0ec04b7751,0x4200000000000000000000000000000000000042,OP,18,2026-06-13,-12459519101307689366774,3080
optimism,0xd8dd9a8b2aca88e68c46af9008259d0ec04b7751,0x4200000000000000000000000000000000000042,OP,18,2026-06-14,-15921477334021966746460,1945
optimism,0xd8dd9a8b2aca88e68c46af9008259d0ec04b7751,0x4200000000000000000000000000000000000042,OP,18,2026-06-15,17936749890313434036531,1251
optimism,0xd8dd9a8b2aca88e68c46af9008259d0ec04b7751,0x4200000000000000000000000000000000000042,OP,18,2026-06-16,-8337080633143248033603,1883
optimism,0xd8dd9a8b2aca88e68c46af9008259d0ec04b7751,0x4200000000000000000000000000000000000042,OP,18,2026-06-17,-280892325316035315696,2088
optimism,0xd8dd9a8b2aca88e68c46af9008259d0ec04b7751,0x4200000000000000000000000000000000000042,OP,18,2026-06-18,5289750235743776636522,2292
optimism,0xd8dd9a8b2aca88e68c46af9008259d0ec04b7751,0x4200000000000000000000000000000000000042,OP,18,2026-06-19,-13300345143346110281118,1644
optimism,0xd8dd9a8b2aca88e68c46af9008259d0ec04b7751,0x4200000000000000000000000000000000000042,OP,18,2026-06-20,6125746084159273841899,1276
optimism,0xd8dd9a8b2aca88e68c46af9008259d0ec04b7751,0x4200000000000000000000000000000000000042,OP,18,2026-06-21,-813374050916524614643,1052
optimism,0xd8dd9a8b2aca88e68c46af9008259d0ec04b7751,0x4200000000000000000000000000000000000042,OP,18,2026-06-22,6854345382122055965585,979
optimism,0xd8dd9a8b2aca88e68c46af9008259d0ec04b7751,0x4200000000000000000000000000000000000042,OP,18,2026-06-23,-15116364132496456977217,1357
optimism,0xd8dd9a8b2aca88e68c46af9008259d0ec04b7751,0x4200000000000000000000000000000000000042,OP,18,2026-06-24,-23254522192147956191632,2330
optimism,0xd8dd9a8b2aca88e68c46af9008259d0ec04b7751,0x4200000000000000000000000000000000000042,OP,18,2026-06-25,10082906645947405175887,2322
optimism,0xd8dd9a8b2aca88e68c46af9008259d0ec04b7751,0x4200000000000000000000000000000000000042,OP,18,2026-06-26,-1232421504475488681296,1758
optimism,0xd8dd9a8b2aca88e68c46af9008259d0ec04b7751,0x4200000000000000000000000000000000000042,OP,18,2026-06-27,9959938208533757448543,901
optimism,0xd8dd9a8b2aca88e68c46af9008259d0ec04b7751,0x4200000000000000000000000000000000000042,OP,18,2026-06-28,-2096402834999879435597,1305
optimism,0xd8dd9a8b2aca88e68c46af9008259d0ec04b7751,0x4200000000000000000000000000000000000042,OP,18,2026-06-29,9461415942313799613058,1120
optimism,0xd8dd9a8b2aca88e68c46af9008259d0ec04b7751,0x4200000000000000000000000000000000000042,OP,18,2026-06-30,5560974898322287598995,1075
optimism,0xd8dd9a8b2aca88e68c46af9008259d0ec04b7751,0x4200000000000000000000000000000000000042,OP,18,2026-07-01,11558848190095683384037,1568
optimism,0xd8dd9a8b2aca88e68c46af9008259d0ec04b7751,0x4200000000000000000000000000000000000042,OP,18,2026-07-02,-10455053693704090661494,1746
optimism,0xd8dd9a8b2aca88e68c46af9008259d0ec04b7751,0x4200000000000000000000000000000000000042,OP,18,2026-07-03,-22261245278775888001521,1830
optimism,0xd8dd9a8b2aca88e68c46af9008259d0ec04b7751,0x4200000000000000000000000000000000000042,OP,18,2026-07-04,6039936098605897331626,1627
optimism,0xd8dd9a8b2aca88e68c46af9008259d0ec04b7751,0x4200000000000000000000000000000000000042,OP,18,2026-07-05,1349577714442346164302,1389
optimism,0xd8dd9a8b2aca88e68c46af9008259d0ec04b7751,0x4200000000000000000000000000000000000042,OP,18,2026-07-06,-1169882462094952916732,1513
optimism,0xd8dd9a8b2aca88e68c46af9008259d0ec04b7751,0x4200000000000000000000000000000000000042,OP,18,2026-07-07,21354110124336663856590,1483
optimism,0xd8dd9a8b2aca88e68c46af9008259d0ec04b7751,0x4200000000000000000000000000000000000042,OP,18,2026-07-08,-11084967107230808773627,1802
optimism,0xd8dd9a8b2aca88e68c46af9008259d0ec04b7751,0x4200000000000000000000000000000000000042,OP,18,2026-07-09,-13129968171976241492039,1268
optimism,0xd8dd9a8b2aca88e68c46af9008259d0ec04b7751,0x4200000000000000000000000000000000000042,OP,18,2026-07-10,6444931479303422040758,938
optimism,0xd8dd9a8b2aca88e68c46af9008259d0ec04b7751,0x4200000000000000000000000000000000000042,OP,18,2026-07-11,8639431672331920866455,1003
optimism,0xd8dd9a8b2aca88e68c46af9008259d0ec04b7751,0x4200000000000000000000000000000000000042,OP,18,2026-07-12,1027249617308686972538,1050
optimism,0xd8dd9a8b2aca88e68c46af9008259d0ec04b7751,0x4200000000000000000000000000000000000042,OP,18,2026-07-13,16896861826220981228860,1626
optimism,0xd8dd9a8b2aca88e68c46af9008259d0ec04b7751,0x4200000000000000000000000000000000000042,OP,18,2026-07-14,-5640760866713849857726,1432
optimism,0xd8dd9a8b2aca88e68c46af9008259d0ec04b7751,0x4200000000000000000000000000000000000042,OP,18,2026-07-15,-6184655167662666832964,1261
optimism,0xd8dd9a8b2aca88e68c46af9008259d0ec04b7751,0x4200000000000000000000000000000000000042,OP,18,2026-07-16,14481356506707369978977,1126
optimism,0xd8dd9a8b2aca88e68c46af9008259d0ec04b7751,0x4200000000000000000000000000000000000042,OP,18,2026-07-17,5612718149006364383653,979
optimism,0xd8dd9a8b2aca88e68c46af9008259d0ec04b7751,0x4200000000000000000000000000000000000042,OP,18,2026-07-18,3576287145234678510709,518
optimism,0xd8dd9a8b2aca88e68c46af9008259d0ec04b7751,0x4200000000000000000000000000000000000042,OP,18,2026-07-19,3295532361377252338376,874
optimism,0xd8dd9a8b2aca88e68c46af9008259d0ec04b7751,0x4200000000000000000000000000000000000042,OP,18,2026-07-20,-7038605342554869965257,1332
optimism,0xd8dd9a8b2aca88e68c46af9008259d0ec04b7751,0x4200000000000000000000000000000000000042,OP,18,2026-07-21,-1637849898796727925002,1028
optimism,0xd8dd9a8b2aca88e68c46af9008259d0ec04b7751,0x4200000000000000000000000000000000000042,OP,18,2026-07-22,382221187609607702827,841
optimism,0xd8dd9a8b2aca88e68c46af9008259d0ec04b7751,0x4200000000000000000000000000000000000042,OP,18,2026-07-23,3515318352912542772049,746
optimism,0xd8dd9a8b2aca88e68c46af9008259d0ec04b7751,0x4200000000000000000000000000000000000042,OP,18,2026-07-24,6950829174975635619310,607
optimism,0xd8dd9a8b2aca88e68c46af9008259d0ec04b7751,0x4200000000000000000000000000000000000042,OP,18,2026-07-25,-6532178940195344302214,448
optimism,0xd8dd9a8b2aca88e68c46af9008259d0ec04b7751,0x4200000000000000000000000000000000000042,OP,18,2026-07-26,-185443757749022960279,730
optimism,0xd8dd9a8b2aca88e68c46af9008259d0ec04b7751,0x4200000000000000000000000000000000000042,OP,18,2026-07-27,32720793012895932199834,1133
optimism,0xd8dd9a8b2aca88e68c46af9008259d0ec04b7751,0x4200000000000000000000000000000000000042,OP,18,2026-07-28,-3393765883523289555980,1108
optimism,0xd8dd9a8b2aca88e68c46af9008259d0ec04b7751,0x4200000000000000000000000000000000000042,OP,18,2026-07-29,-11438668868415530084376,1011
optimism,0xd8dd9a8b2aca88e68c46af9008259d0ec04b7751,0x4200000000000000000000000000000000000042,OP,18,2026-07-30,12549981470842217421041,752
optimism,0xd8dd9a8b2aca88e68c46af9008259d0ec04b7751,0x4200000000000000000000000000000000000042,OP,18,2026-07-31,6517705635007602603679,823
optimism,0xd8dd9a8b2aca88e68c46af9008259d0ec04b7751,0x4200000000000000000000000000000000000042,OP,18,2026-08-01,-696157738947935675052,650
optimism,0xd8dd9a8b2aca88e68c46af9008259d0ec04b7751,0x4200000000000000000000000000000000000042,OP,18,2026-08-02,-12195845873628699154504,641
optimism,0xd8dd9a8b2aca88e68c46af9008259d0ec04b7751,0x4200000000000000000000000000000000000042,OP,18,2026-08-03,-7158559503908627083877,765
optimism,0xd8dd9a8b2aca88e68c46af9008259d0ec04b7751,0x4200000000000000000000000000000000000042,OP,18,2026-08-04,4333812927239726645331,775
optimism,0xd8dd9a8b2aca88e68c46af9008259d0ec04b7751,0x4200000000000000000000000000000000000042,OP,18,2026-08-05,3947271528994312629145,799
optimism,0xd8dd9a8b2aca88e68c46af9008259d0ec04b7751,0x4200000000000000000000000000000000000042,OP,18,2026-08-06,3197840067939241387715,981
optimism,0xd8dd9a8b2aca88e68c46af9008259d0ec04b7751,0x4200000000000000000000000000000000000042,OP,18,2026-08-07,9722405510263076508907,1026
optimism,0xd8dd9a8b2aca88e68c46af9008259d0ec04b7751,0x4200000000000000000000000000000000000042,OP,18,2026-08-08,2246031608666739440214,930
optimism,0xd8dd9a8b2aca88e68c46af9008259d0ec04b7751,0x4200000000000000000000000000000000000042,OP,18,2026-08-09,1207278178869088700083,1276
optimism,0xd8dd9a8b2aca88e68c46af9008259d0ec04b7751,0x4200000000000000000000000000000000000042,OP,18,2026-08-10,17128257858498027195903,1786
optimism,0xd8dd9a8b2aca88e68c46af9008259d0ec04b7751,0x4200000000000000000000000000000000000042,OP,18,2026-08-11,8990795346180709719810,1891
optimism,0xd8dd9a8b2aca88e68c46af9008259d0ec04b7751,0x4200000000000000000000000000000000000042,OP,18,2026-08-12,3632384574899004304607,1504
optimism,0xd8dd9a8b2aca88e68c46af9008259d0ec04b7751,0x4200000000000000000000000000000000000042,OP,18,2026-08-13,-4992205095131456226981,1260
optimism,0xd8dd9a8b2aca88e68c46af9008259d0ec04b7751,0x4200000000000000000000000000000000000042,OP,18,2026-08-14,-10032080671330943655551,879
optimism,0xd8dd9a8b2aca88e68c46af9008259d0ec04b7751,0x4200000000000000000000000000000000000042,OP,18,2026-08-15,12109624589270919618072,521
optimism,0xd8dd9a8b2aca88e68c46af9008259d0ec04b7751,0x4200000000000000000000000000000000000042,OP,18,2026-08-16,6021298205856588992098,655
optimism,0xd8dd9a8b2aca88e68c46af9008259d0ec04b7751,0x4200000000000000000000000000000000000042,OP,18,2026-08-17,13647287181871673858222,972
optimism,0xd8dd9a8b2aca88e68c46af9008259d0ec04b7751,0x4200000000000000000000000000000000000042,OP,18,2026-08-18,-5087696991165818736248,1535
optimism,0xd8dd9a8b2aca88e68c46af9008259d0ec04b7751,0x4200000000000000000000000000000000000042,OP,18,2026-08-19,-11482371387741857542518,1840
optimism,0xd8dd9a8b2aca88e68c46af9008259d0ec04b7751,0x4200000000000000000000000000000000000042,OP,18,2026-08-20,-10006975689163697724771,2651
optimism,0xd8dd9a8b2aca88e68c46af9008259d0ec04b7751,0x4200000000000000000000000000000000000042,OP,18,2026-08-21,-55723004710510851127462,5378
optimism,0xd8dd9a8b2aca88e68c46af9008259d0ec04b7751,0x4200000000000000000000000000000000000042,OP,18,2026-08-22,70907968479368603922047,4925
optimism,0xd8dd9a8b2aca88e68c46af9008259d0ec04b7751,0x4200000000000000000000000000000000000042,OP,18,2026-08-23,-12563483028154382275463,3728
optimism,0xd8dd9a8b2aca88e68c46af9008259d0ec04b7751,0x4200000000000000000000000000000000000042,OP,18,2026-08-24,13448880900382736599862,2746
optimism,0xd8dd9a8b2aca88e68c46af9008259d0ec04b7751,0x4200000000000000000000000000000000000042,OP,18,2026-08-25,10803471699524666554582,1901
optimism,0xd8dd9a8b2aca88e68c46af9008259d0ec04b7751,0x4200000000000000000000000000000000000042,OP,18,2026-08-26,30284542915952007143886,1872
optimism,0xd8dd9a8b2aca88e68c46af9008259d0ec04b7751,0x4200000000000000000000000000000000000042,OP,18,2026-08-27,10721762388992300259138,1786
optimism,0xd8dd9a8b2aca88e68c46af9008259d0ec04b7751,0x4200000000000000000000000000000000000042,OP,18,2026-08-28,6647791693193951743024,1515
optimism,0xd8dd9a8b2aca88e68c46af9008259d0ec04b7751,0x4200000000000000000000000000000000000042,OP,18,2026-08-29,-423126052939469118826,1019
optimism,0xd8dd9a8b2aca88e68c46af9008259d0ec04b7751,0x4200000000000000000000000000000000000042,OP,18,2026-08-30,9944393179301060971649,1512
optimism,0xd8dd9a8b2aca88e68c46af9008259d0ec04b7751,0x4200000000000000000000000000000000000042,OP,18,2026-08-31,-3195121863729520606247,3646
optimism,0xd8dd9a8b2aca88e68c46af9008259d0ec04b7751,0x4200000000000000000000000000000000000042,OP,18,2026-09-01,13185552478490612809444,4129
optimism,0xd8dd9a8b2aca88e68c46af9008259d0ec04b7751,0x4200000000000000000000000000000000000042,OP,18,2026-09-02,-22976154292808495073109,3252
optimism,0xd8dd9a8b2aca88e68c46af9008259d0ec04b7751,0x4200000000000000000000000000000000000042,OP,18,2026-09-03,5508542252032954989249,2733
optimism,0xd8dd9a8b2aca88e68c46af9008259d0ec04b7751,0x4200000000000000000000000000000000000042,OP,18,2026-09-04,-16895620276515472745150,1938
optimism,0xd8dd9a8b2aca88e68c46af9008259d0ec04b7751,0x4200000000000000000000000000000000000042,OP,18,2026-09-05,-22166682931426775255610,4480
optimism,0xd8dd9a8b2aca88e68c46af9008259d0ec04b7751,0x4200000000000000000000000000000000000042,OP,18,2026-09-06,2765724117575470014034,3270
optimism,0xd8dd9a8b2aca88e68c46af9008259d0ec04b7751,0x4200000000000000000000000000000000000042,OP,18,2026-09-07,-12570287949374143861378,3343
optimism,0xd8dd9a8b2aca88e68c46af9008259d0ec04b7751,0x4200000000000000000000000000000000000042,OP,18,2026-09-08,25554777596426838682174,1937
optimism,0xd8dd9a8b2aca88e68c46af9008259d0ec04b7751,0x4200000000000000000000000000000000000042,OP,18,2026-09-09,4192165065354273778071,2372
optimism,0xd8dd9a8b2aca88e68c46af9008259d0ec04b7751,0x4200000000000000000000000000000000000042,OP,18,2026-09-10,16981720671312632669572,1672
optimism,0xd8dd9a8b2aca88e68c46af9008259d0ec04b7751,0x4200000000000000000000000000000000000042,OP,18,2026-09-11,-5073970554086276195269,2116
optimism,0xd8dd9a8b2aca88e68c46af9008259d0ec04b7751,0x4200000000000000000000000000000000000042,OP,18,2026-09-12,19689485727886276610,1002
optimism,0xd8dd9a8b2aca88e68c46af9008259d0ec04b7751,0x4200000000000000000000000000000000000042,OP,18,2026-09-13,15245310955128546533105,1934
optimism,0xd8dd9a8b2aca88e68c46af9008259d0ec04b7751,0x4200000000000000000000000000000000000042,OP,18,2026-09-14,-26888576967564589624907,3915
optimism,0xd8dd9a8b2aca88e68c46af9008259d0ec04b7751,0x4200000000000000000000000000000000000042,OP,18,2026-09-15,9986743443559218180898,4459
optimism,0xd8dd9a8b2aca88e68c46af9008259d0ec04b7751,0xc52d7f23a2e460248db6ee192cb23dd12bddcbf6,crvUSD,18,2026-04-18,-2782777672578629051893,2168
optimism,0xd8dd9a8b2aca88e68c46af9008259d0ec04b7751,0xc52d7f23a2e460248db6ee192cb23dd12bddcbf6,crvUSD,18,2026-04-19,-404267290846697606223,2085
optimism,0xd8dd9a8b2aca88e68c46af9008259d0ec04b7751,0xc52d7f23a2e460248db6ee192cb23dd12bddcbf6,crvUSD,18,2026-04-20,1258050647392203469929,2053
optimism,0xd8dd9a8b2aca88e68c46af9008259d0ec04b7751,0xc52d7f23a2e460248db6ee192cb23dd12bddcbf6,crvUSD,18,2026-04-21,960262771791418478114,2225
optimism,0xd8dd9a8b2aca88e68c46af9008259d0ec04b7751,0xc52d7f23a2e460248db6ee192cb23dd12bddcbf6,crvUSD,18,2026-04-22,-2503922773981638770279,1970
optimism,0xd8dd9a8b2aca88e68c46af9008259d0ec04b7751,0xc52d7f23a2e460248db6ee192cb23dd12bddcbf6,crvUSD,18,2026-04-23,394311841662676732201,1682
optimism,0xd8dd9a8b2aca88e68c46af9008259d0ec04b7751,0xc52d7f23a2e460248db6ee192cb23dd12bddcbf6,crvUSD,18,2026-04-24,1592281203024188153204,1919
optimism,0xd8dd9a8b2aca88e68c46af9008259d0ec04b7751,0xc52d7f23a2e460248db6ee192cb23dd12bddcbf6,crvUSD,18,2026-04-25,-839533668469292619581,1869
optimism,0xd8dd9a8b2aca88e68c46af9008259d0ec04b7751,0xc52d7f23a2e460248db6ee192cb23dd12bddcbf6,crvUSD,18,2026-04-26,-52243862656201172326,1654
optimism,0xd8dd9a8b2aca88e68c46af9008259d0ec04b7751,0xc52d7f23a2e460248db6ee192cb23dd12bddcbf6,crvUSD,18,2026-04-27,-30880290430218088611,1649
optimism,0xd8dd9a8b2aca88e68c46af9008259d0ec04b7751,0xc52d7f23a2e460248db6ee192cb23dd12bddcbf6,crvUSD,18,2026-04-28,460799951813354934492,1621
optimism,0xd8dd9a8b2aca88e68c46af9008259d0ec04b7751,0xc52d7f23a2e460248db6ee192cb23dd12bddcbf6,crvUSD,18,2026-04-29,-1206923669382484860818,2432
optimism,0xd8dd9a8b2aca88e68c46af9008259d0ec04b7751,0xc52d7f23a2e460248db6ee192cb23dd12bddcbf6,crvUSD,18,2026-04-30,978431864028193460079,1940
optimism,0xd8dd9a8b2aca88e68c46af9008259d0ec04b7751,0xc52d7f23a2e460248db6ee192cb23dd12bddcbf6,crvUSD,18,2026-05-01,-586604597543727447302,1419
optimism,0xd8dd9a8b2aca88e68c46af9008259d0ec04b7751,0xc52d7f23a2e460248db6ee192cb23dd12bddcbf6,crvUSD,18,2026-05-02,618082365883785858367,1056
optimism,0xd8dd9a8b2aca88e68c46af9008259d0ec04b7751,0xc52d7f23a2e460248db6ee192cb23dd12bddcbf6,crvUSD,18,2026-05-03,1594394759905898921113,1286
optimism,0xd8dd9a8b2aca88e68c46af9008259d0ec04b7751,0xc52d7f23a2e460248db6ee192cb23dd12bddcbf6,crvUSD,18,2026-05-04,-262398608670283848703,2001
optimism,0xd8dd9a8b2aca88e68c46af9008259d0ec04b7751,0xc52d7f23a2e460248db6ee192cb23dd12bddcbf6,crvUSD,18,2026-05-05,1185125715278112079052,1734
optimism,0xd8dd9a8b2aca88e68c46af9008259d0ec04b7751,0xc52d7f23a2e460248db6ee192cb23dd12bddcbf6,crvUSD,18,2026-05-06,2850379933958563991645,2176
optimism,0xd8dd9a8b2aca88e68c46af9008259d0ec04b7751,0xc52d7f23a2e460248db6ee192cb23dd12bddcbf6,crvUSD,18,2026-05-07,-1021609045584452819089,1922
optimism,0xd8dd9a8b2aca88e68c46af9008259d0ec04b7751,0xc52d7f23a2e460248db6ee192cb23dd12bddcbf6,crvUSD,18,2026-05-08,4503858669763582234967,2735
optimism,0xd8dd9a8b2aca88e68c46af9008259d0ec04b7751,0xc52d7f23a2e460248db6ee192cb23dd12bddcbf6,crvUSD,18,2026-05-09,-1365641794593424994141,1763
optimism,0xd8dd9a8b2aca88e68c46af9008259d0ec04b7751,0xc52d7f23a2e460248db6ee192cb23dd12bddcbf6,crvUSD,18,2026-05-10,82724407320433249547,1673
optimism,0xd8dd9a8b2aca88e68c46af9008259d0ec04b7751,0xc52d7f23a2e460248db6ee192cb23dd12bddcbf6,crvUSD,18,2026-05-11,1661153069600529189596,2389
optimism,0xd8dd9a8b2aca88e68c46af9008259d0ec04b7751,0xc52d7f23a2e460248db6ee192cb23dd12bddcbf6,crvUSD,18,2026-05-12,-331605862694488832789,2667
optimism,0xd8dd9a8b2aca88e68c46af9008259d0ec04b7751,0xc52d7f23a2e460248db6ee192cb23dd12bddcbf6,crvUSD,18,2026-05-13,-2217917084176917352642,2014
optimism,0xd8dd9a8b2aca88e68c46af9008259d0ec04b7751,0xc52d7f23a2e460248db6ee192cb23dd12bddcbf6,crvUSD,18,2026-05-14,-1503322810919686731408,2006
optimism,0xd8dd9a8b2aca88e68c46af9008259d0ec04b7751,0xc52d7f23a2e460248db6ee192cb23dd12bddcbf6,crvUSD,18,2026-05-15,-1846659509570472062955,1661
optimism,0xd8dd9a8b2aca88e68c46af9008259d0ec04b7751,0xc52d7f23a2e460248db6ee192cb23dd12bddcbf6,crvUSD,18,2026-05-16,-1238102328479748013393,1578
optimism,0xd8dd9a8b2aca88e68c46af9008259d0ec04b7751,0xc52d7f23a2e460248db6ee192cb23dd12bddcbf6,crvUSD,18,2026-05-17,-1598332396302973079528,1437
optimism,0xd8dd9a8b2aca88e68c46af9008259d0ec04b7751,0xc52d7f23a2e460248db6ee192cb23dd12bddcbf6,crvUSD,18,2026-05-18,799136602160088044451,1639
optimism,0xd8dd9a8b2aca88e68c46af9008259d0ec04b7751,0xc52d7f23a2e460248db6ee192cb23dd12bddcbf6,crvUSD,18,2026-05-19,-270260797064970874574,1449
optimism,0xd8dd9a8b2aca88e68c46af9008259d0ec04b7751,0xc52d7f23a2e460248db6ee192cb23dd12bddcbf6,crvUSD,18,2026-05-20,117361413809108701339,1521
optimism,0xd8dd9a8b2aca88e68c46af9008259d0ec04b7751,0xc52d7f23a2e460248db6ee192cb23dd12bddcbf6,crvUSD,18,2026-05-21,1143337325145961046749,1733
optimism,0xd8dd9a8b2aca88e68c46af9008259d0ec04b7751,0xc52d7f23a2e460248db6ee192cb23dd12bddcbf6,crvUSD,18,2026-05-22,-2177604622777590378860,1843
optimism,0xd8dd9a8b2aca88e68c46af9008259d0ec04b7751,0xc52d7f23a2e460248db6ee192cb23dd12bddcbf6,crvUSD,18,2026-05-23,611336720912094099988,1435
optimism,0xd8dd9a8b2aca88e68c46af9008259d0ec04b7751,0xc52d7f23a2e460248db6ee192cb23dd12bddcbf6,crvUSD,18,2026-05-24,-251476569738752589743,1049
optimism,0xd8dd9a8b2aca88e68c46af9008259d0ec04b7751,0xc52d7f23a2e460248db6ee192cb23dd12bddcbf6,crvUSD,18,2026-05-25,-245049763757617098707,1498
optimism,0xd8dd9a8b2aca88e68c46af9008259d0ec04b7751,0xc52d7f23a2e460248db6ee192cb23dd12bddcbf6,crvUSD,18,2026-05-26,-529925384688817539122,2098
optimism,0xd8dd9a8b2aca88e68c46af9008259d0ec04b7751,0xc52d7f23a2e460248db6ee192cb23dd12bddcbf6,crvUSD,18,2026-05-27,-2645274915618124674449,2512
optimism,0xd8dd9a8b2aca88e68c46af9008259d0ec04b7751,0xc52d7f23a2e460248db6ee192cb23dd12bddcbf6,crvUSD,18,2026-05-28,493319315808528565012,1979
optimism,0xd8dd9a8b2aca88e68c46af9008259d0ec04b7751,0xc52d7f23a2e460248db6ee192cb23dd12bddcbf6,crvUSD,18,2026-05-29,864429889406119546227,1872
optimism,0xd8dd9a8b2aca88e68c46af9008259d0ec04b7751,0xc52d7f23a2e460248db6ee192cb23dd12bddcbf6,crvUSD,18,2026-05-30,-331961176029322761422,1174
optimism,0xd8dd9a8b2aca88e68c46af9008259d0ec04b7751,0xc52d7f23a2e460248db6ee192cb23dd12bddcbf6,crvUSD,18,2026-05-31,-469676593086269794898,1608
optimism,0xd8dd9a8b2aca88e68c46af9008259d0ec04b7751,0xc52d7f23a2e460248db6ee192cb23dd12bddcbf6,crvUSD,18,2026-06-01,336341824512132465773,2717
optimism,0xd8dd9a8b2aca88e68c46af9008259d0ec04b7751,0xc52d7f23a2e460248db6ee192cb23dd12bddcbf6,crvUSD,18,2026-06-02,-126080031958687822295,4023
optimism,0xd8dd9a8b2aca88e68c46af9008259d0ec04b7751,0xc52d7f23a2e460248db6ee192cb23dd12bddcbf6,crvUSD,18,2026-06-03,-2838848565195913376747,4336
optimism,0xd8dd9a8b2aca88e68c46af9008259d0ec04b7751,0xc52d7f23a2e460248db6ee192cb23dd12bddcbf6,crvUSD,18,2026-06-04,-1797238221859337715583,5110
optimism,0xd8dd9a8b2aca88e68c46af9008259d0ec04b7751,0xc52d7f23a2e460248db6ee192cb23dd12bddcbf6,crvUSD,18,2026-06-05,-2386417897096550322753,6488
optimism,0xd8dd9a8b2aca88e68c46af9008259d0ec04b7751,0xc52d7f23a2e460248db6ee192cb23dd12bddcbf6,crvUSD,18,2026-06-06,745898085430348528449,3457
optimism,0xd8dd9a8b2aca88e68c46af9008259d0ec04b7751,0xc52d7f23a2e460248db6ee192cb23dd12bddcbf6,crvUSD,18,2026-06-07,894583866896300210634,2927
optimism,0xd8dd9a8b2aca88e68c46af9008259d0ec04b7751,0xc52d7f23a2e460248db6ee192cb23dd12bddcbf6,crvUSD,18,2026-06-08,278476571425534089816,2559
optimism,0xd8dd9a8b2aca88e68c46af9008259d0ec04b7751,0xc52d7f23a2e460248db6ee192cb23dd12bddcbf6,crvUSD,18,2026-06-09,-934046980643320881836,2513
optimism,0xd8dd9a8b2aca88e68c46af9008259d0ec04b7751,0xc52d7f23a2e460248db6ee192cb23dd12bddcbf6,crvUSD,18,2026-06-10,2716297144010315458588,2075
optimism,0xd8dd9a8b2aca88e68c46af9008259d0ec04b7751,0xc52d7f23a2e460248db6ee192cb23dd12bddcbf6,crvUSD,18,2026-06-11,1274354453207037327294,1934
optimism,0xd8dd9a8b2aca88e68c46af9008259d0ec04b7751,0xc52d7f23a2e460248db6ee192cb23dd12bddcbf6,crvUSD,18,2026-06-12,-71432059651787303630,1796
optimism,0xd8dd9a8b2aca88e68c46af9008259d0ec04b7751,0xc52d7f23a2e460248db6ee192cb23dd12bddcbf6,crvUSD,18,2026-06-13,386614511803080341378,2734
optimism,0xd8dd9a8b2aca88e68c46af9008259d0ec04b7751,0xc52d7f23a2e460248db6ee192cb23dd12bddcbf6,crvUSD,18,2026-06-14,1283716418467510724039,1750
optimism,0xd8dd9a8b2aca88e68c46af9008259d0ec04b7751,0xc52d7f23a2e460248db6ee192cb23dd12bddcbf6,crvUSD,18,2026-06-15,-144110767695056482819,1159
optimism,0xd8dd9a8b2aca88e68c46af9008259d0ec04b7751,0xc52d7f23a2e460248db6ee192cb23dd12bddcbf6,crvUSD,18,2026-06-16,4060749610615299886,1845
optimism,0xd8dd9a8b2aca88e68c46af9008259d0ec04b7751,0xc52d7f23a2e460248db6ee192cb23dd12bddcbf6,crvUSD,18,2026-06-17,-2568726807198065704477,1918
optimism,0xd8dd9a8b2aca88e68c46af9008259d0ec04b7751,0xc52d7f23a2e460248db6ee192cb23dd12bddcbf6,crvUSD,18,2026-06-18,-862203793480407326102,2001
optimism,0xd8dd9a8b2aca88e68c46af9008259d0ec04b7751,0xc52d7f23a2e460248db6ee192cb23dd12bddcbf6,crvUSD,18,2026-06-19,340653097541448704270,1389
optimism,0xd8dd9a8b2aca88e68c46af9008259d0ec04b7751,0xc52d7f23a2e460248db6ee192cb23dd12bddcbf6,crvUSD,18,2026-06-20,-261476567809378300586,1182
optimism,0xd8dd9a8b2aca88e68c46af9008259d0ec04b7751,0xc52d7f23a2e460248db6ee192cb23dd12bddcbf6,crvUSD,18,2026-06-21,-818003614859853140240,1016
optimism,0xd8dd9a8b2aca88e68c46af9008259d0ec04b7751,0xc52d7f23a2e460248db6ee192cb23dd12bddcbf6,crvUSD,18,2026-06-22,91635689338762354752,967
optimism,0xd8dd9a8b2aca88e68c46af9008259d0ec04b7751,0xc52d7f23a2e460248db6ee192cb23dd12bddcbf6,crvUSD,18,2026-06-23,-778137718962770163211,1186
optimism,0xd8dd9a8b2aca88e68c46af9008259d0ec04b7751,0xc52d7f23a2e460248db6ee192cb23dd12bddcbf6,crvUSD,18,2026-06-24,687814990218127333102,2117
optimism,0xd8dd9a8b2aca88e68c46af9008259d0ec04b7751,0xc52d7f23a2e460248db6ee192cb23dd12bddcbf6,crvUSD,18,2026-06-25,-911883890187772860781,2215
optimism,0xd8dd9a8b2aca88e68c46af9008259d0ec04b7751,0xc52d7f23a2e460248db6ee192cb23dd12bddcbf6,crvUSD,18,2026-06-26,216272536767596974259,1655
optimism,0xd8dd9a8b2aca88e68c46af9008259d0ec04b7751,0xc52d7f23a2e460248db6ee192cb23dd12bddcbf6,crvUSD,18,2026-06-27,-804231812278400380374,753
optimism,0xd8dd9a8b2aca88e68c46af9008259d0ec04b7751,0xc52d7f23a2e460248db6ee192cb23dd12bddcbf6,crvUSD,18,2026-06-28,47054672656971661532,1276
optimism,0xd8dd9a8b2aca88e68c46af9008259d0ec04b7751,0xc52d7f23a2e460248db6ee192cb23dd12bddcbf6,crvUSD,18,2026-06-29,-577063360008794585892,1110
optimism,0xd8dd9a8b2aca88e68c46af9008259d0ec04b7751,0xc52d7f23a2e460248db6ee192cb23dd12bddcbf6,crvUSD,18,2026-06-30,-463515656442929423086,1003
optimism,0xd8dd9a8b2aca88e68c46af9008259d0ec04b7751,0xc52d7f23a2e460248db6ee192cb23dd12bddcbf6,crvUSD,18,2026-07-01,1086444010140468055179,1449
optimism,0xd8dd9a8b2aca88e68c46af9008259d0ec04b7751,0xc52d7f23a2e460248db6ee192cb23dd12bddcbf6,crvUSD,18,2026-07-02,1184882366682969060280,1697
optimism,0xd8dd9a8b2aca88e68c46af9008259d0ec04b7751,0xc52d7f23a2e460248db6ee192cb23dd12bddcbf6,crvUSD,18,2026-07-03,1084679209576775390106,1661
optimism,0xd8dd9a8b2aca88e68c46af9008259d0ec04b7751,0xc52d7f23a2e460248db6ee192cb23dd12bddcbf6,crvUSD,18,2026-07-04,45330657515660480927,1766
optimism,0xd8dd9a8b2aca88e68c46af9008259d0ec04b7751,0xc52d7f23a2e460248db6ee192cb23dd12bddcbf6,crvUSD,18,2026-07-05,219970332579164022529,1495
optimism,0xd8dd9a8b2aca88e68c46af9008259d0ec04b7751,0xc52d7f23a2e460248db6ee192cb23dd12bddcbf6,crvUSD,18,2026-07-06,-135201775532007793805,1503
optimism,0xd8dd9a8b2aca88e68c46af9008259d0ec04b7751,0xc52d7f23a2e460248db6ee192cb23dd12bddcbf6,crvUSD,18,2026-07-07,-1235288212456697121976,1677
optimism,0xd8dd9a8b2aca88e68c46af9008259d0ec04b7751,0xc52d7f23a2e460248db6ee192cb23dd12bddcbf6,crvUSD,18,2026-07-08,17531876982020233817,1807
optimism,0xd8dd9a8b2aca88e68c46af9008259d0ec04b7751,0xc52d7f23a2e460248db6ee192cb23dd12bddcbf6,crvUSD,18,2026-07-09,979011128747100295913,1150
optimism,0xd8dd9a8b2aca88e68c46af9008259d0ec04b7751,0xc52d7f23a2e460248db6ee192cb23dd12bddcbf6,crvUSD,18,2026-07-10,-308768211665076645470,946
optimism,0xd8dd9a8b2aca88e68c46af9008259d0ec04b7751,0xc52d7f23a2e460248db6ee192cb23dd12bddcbf6,crvUSD,18,2026-07-11,-563393269988783037933,998
optimism,0xd8dd9a8b2aca88e68c46af9008259d0ec04b7751,0xc52d7f23a2e460248db6ee192cb23dd12bddcbf6,crvUSD,18,2026-07-12,-460708498898273666580,1220
optimism,0xd8dd9a8b2aca88e68c46af9008259d0ec04b7751,0xc52d7f23a2e460248db6ee192cb23dd12bddcbf6,crvUSD,18,2026-07-13,1904535297598261972290,1646
optimism,0xd8dd9a8b2aca88e68c46af9008259d0ec04b7751,0xc52d7f23a2e460248db6ee192cb23dd12bddcbf6,crvUSD,18,2026-07-14,71806890801377739607,1443
optimism,0xd8dd9a8b2aca88e68c46af9008259d0ec04b7751,0xc52d7f23a2e460248db6ee192cb23dd12bddcbf6,crvUSD,18,2026-07-15,-482149587119134059184,1354
optimism,0xd8dd9a8b2aca88e68c46af9008259d0ec04b7751,0xc52d7f23a2e460248db6ee192cb23dd12bddcbf6,crvUSD,18,2026-07-16,-1681860514194488841231,1171
optimism,0xd8dd9a8b2aca88e68c46af9008259d0ec04b7751,0xc52d7f23a2e460248db6ee192cb23dd12bddcbf6,crvUSD,18,2026-07-17,121925886742753819641,929
optimism,0xd8dd9a8b2aca88e68c46af9008259d0ec04b7751,0xc52d7f23a2e460248db6ee192cb23dd12bddcbf6,crvUSD,18,2026-07-18,99130038875567672050,547
optimism,0xd8dd9a8b2aca88e68c46af9008259d0ec04b7751,0xc52d7f23a2e460248db6ee192cb23dd12bddcbf6,crvUSD,18,2026-07-19,-1048246886380929855777,1001
optimism,0xd8dd9a8b2aca88e68c46af9008259d0ec04b7751,0xc52d7f23a2e460248db6ee192cb23dd12bddcbf6,crvUSD,18,2026-07-20,1546008406107035952265,1325
optimism,0xd8dd9a8b2aca88e68c46af9008259d0ec04b7751,0xc52d7f23a2e460248db6ee192cb23dd12bddcbf6,crvUSD,18,2026-07-21,-359538078709253605841,939
optimism,0xd8dd9a8b2aca88e68c46af9008259d0ec04b7751,0xc52d7f23a2e460248db6ee192cb23dd12bddcbf6,crvUSD,18,2026-07-22,-207894266911465973452,859
optimism,0xd8dd9a8b2aca88e68c46af9008259d0ec04b7751,0xc52d7f23a2e460248db6ee192cb23dd12bddcbf6,crvUSD,18,2026-07-23,-625240412273866612199,802
optimism,0xd8dd9a8b2aca88e68c46af9008259d0ec04b7751,0xc52d7f23a2e460248db6ee192cb23dd12bddcbf6,crvUSD,18,2026-07-24,-939715015654919488648,659
optimism,0xd8dd9a8b2aca88e68c46af9008259d0ec04b7751,0xc52d7f23a2e460248db6ee192cb23dd12bddcbf6,crvUSD,18,2026-07-25,365307128845083186202,458
optimism,0xd8dd9a8b2aca88e68c46af9008259d0ec04b7751,0xc52d7f23a2e460248db6ee192cb23dd12bddcbf6,crvUSD,18,2026-07-26,928640927390303011558,704
optimism,0xd8dd9a8b2aca88e68c46af9008259d0ec04b7751,0xc52d7f23a2e460248db6ee192cb23dd12bddcbf6,crvUSD,18,2026-07-27,-1093248717966789669112,1221
optimism,0xd8dd9a8b2aca88e68c46af9008259d0ec04b7751,0xc52d7f23a2e460248db6ee192cb23dd12bddcbf6,crvUSD,18,2026-07-28,-287431791153108137078,1100
optimism,0xd8dd9a8b2aca88e68c46af9008259d0ec04b7751,0xc52d7f23a2e460248db6ee192cb23dd12bddcbf6,crvUSD,18,2026-07-29,469985266958486384427,1099
optimism,0xd8dd9a8b2aca88e68c46af9008259d0ec04b7751,0xc52d7f23a2e460248db6ee192cb23dd12bddcbf6,crvUSD,18,2026-07-30,-680899828083848199125,755
optimism,0xd8dd9a8b2aca88e68c46af9008259d0ec04b7751,0xc52d7f23a2e460248db6ee192cb23dd12bddcbf6,crvUSD,18,2026-07-31,-440591636956765671766,871
optimism,0xd8dd9a8b2aca88e68c46af9008259d0ec04b7751,0xc52d7f23a2e460248db6ee192cb23dd12bddcbf6,crvUSD,18,2026-08-01,-130303139489761984321,621
optimism,0xd8dd9a8b2aca88e68c46af9008259d0ec04b7751,0xc52d7f23a2e460248db6ee192cb23dd12bddcbf6,crvUSD,18,2026-08-02,-214690240853928458361,580
optimism,0xd8dd9a8b2aca88e68c46af9008259d0ec04b7751,0xc52d7f23a2e460248db6ee192cb23dd12bddcbf6,crvUSD,18,2026-08-03,998621395115145254449,749
optimism,0xd8dd9a8b2aca88e68c46af9008259d0ec04b7751,0xc52d7f23a2e460248db6ee192cb23dd12bddcbf6,crvUSD,18,2026-08-04,-230347356067008217473,801
optimism,0xd8dd9a8b2aca88e68c46af9008259d0ec04b7751,0xc52d7f23a2e460248db6ee192cb23dd12bddcbf6,crvUSD,18,2026-08-05,-89162767467473400244,785
optimism,0xd8dd9a8b2aca88e68c46af9008259d0ec04b7751,0xc52d7f23a2e460248db6ee192cb23dd12bddcbf6,crvUSD,18,2026-08-06,922996740666314760971,857
optimism,0xd8dd9a8b2aca88e68c46af9008259d0ec04b7751,0xc52d7f23a2e460248db6ee192cb23dd12bddcbf6,crvUSD,18,2026-08-07,64184134781969508406,943
optimism,0xd8dd9a8b2aca88e68c46af9008259d0ec04b7751,0xc52d7f23a2e460248db6ee192cb23dd12bddcbf6,crvUSD,18,2026-08-08,622463986486881646952,796
optimism,0xd8dd9a8b2aca88e68c46af9008259d0ec04b7751,0xc52d7f23a2e460248db6ee192cb23dd12bddcbf6,crvUSD,18,2026-08-09,1474407714415834467181,1255
optimism,0xd8dd9a8b2aca88e68c46af9008259d0ec04b7751,0xc52d7f23a2e460248db6ee192cb23dd12bddcbf6,crvUSD,18,2026-08-10,1825662757139024008387,1342
optimism,0xd8dd9a8b2aca88e68c46af9008259d0ec04b7751,0xc52d7f23a2e460248db6ee192cb23dd12bddcbf6,crvUSD,18,2026-08-11,759905759847194562558,1395
optimism,0xd8dd9a8b2aca88e68c46af9008259d0ec04b7751,0xc52d7f23a2e460248db6ee192cb23dd12bddcbf6,crvUSD,18,2026-08-12,-2273885199980915567191,1064
optimism,0xd8dd9a8b2aca88e68c46af9008259d0ec04b7751,0xc52d7f23a2e460248db6ee192cb23dd12bddcbf6,crvUSD,18,2026-08-13,-210560655099778771635,1017
optimism,0xd8dd9a8b2aca88e68c46af9008259d0ec04b7751,0xc52d7f23a2e460248db6ee192cb23dd12bddcbf6,crvUSD,18,2026-08-14,-491664175022135149961,748
optimism,0xd8dd9a8b2aca88e68c46af9008259d0ec04b7751,0xc52d7f23a2e460248db6ee192cb23dd12bddcbf6,crvUSD,18,2026-08-15,-738566732552812945932,513
optimism,0xd8dd9a8b2aca88e68c46af9008259d0ec04b7751,0xc52d7f23a2e460248db6ee192cb23dd12bddcbf6,crvUSD,18,2026-08-16,646674099649358318244,556
optimism,0xd8dd9a8b2aca88e68c46af9008259d0ec04b7751,0xc52d7f23a2e460248db6ee192cb23dd12bddcbf6,crvUSD,18,2026-08-17,-808482020306688001428,883
optimism,0xd8dd9a8b2aca88e68c46af9008259d0ec04b7751,0xc52d7f23a2e460248db6ee192cb23dd12bddcbf6,crvUSD,18,2026-08-18,-762690645886262746538,1355
optimism,0xd8dd9a8b2aca88e68c46af9008259d0ec04b7751,0xc52d7f23a2e460248db6ee192cb23dd12bddcbf6,crvUSD,18,2026-08-19,3671840890528013624982,1751
optimism,0xd8dd9a8b2aca88e68c46af9008259d0ec04b7751,0xc52d7f23a2e460248db6ee192cb23dd12bddcbf6,crvUSD,18,2026-08-20,4737601632150301183230,2023
optimism,0xd8dd9a8b2aca88e68c46af9008259d0ec04b7751,0xc52d7f23a2e460248db6ee192cb23dd12bddcbf6,crvUSD,18,2026-08-21,2327635285260553326823,4291
optimism,0xd8dd9a8b2aca88e68c46af9008259d0ec04b7751,0xc52d7f23a2e460248db6ee192cb23dd12bddcbf6,crvUSD,18,2026-08-22,3347113098101601450469,4494
optimism,0xd8dd9a8b2aca88e68c46af9008259d0ec04b7751,0xc52d7f23a2e460248db6ee192cb23dd12bddcbf6,crvUSD,18,2026-08-23,1685317570940548268408,3226
optimism,0xd8dd9a8b2aca88e68c46af9008259d0ec04b7751,0xc52d7f23a2e460248db6ee192cb23dd12bddcbf6,crvUSD,18,2026-08-24,250711796602790425855,2478
optimism,0xd8dd9a8b2aca88e68c46af9008259d0ec04b7751,0xc52d7f23a2e460248db6ee192cb23dd12bddcbf6,crvUSD,18,2026-08-25,-2149562331666682340612,1861
optimism,0xd8dd9a8b2aca88e68c46af9008259d0ec04b7751,0xc52d7f23a2e460248db6ee192cb23dd12bddcbf6,crvUSD,18,2026-08-26,-954936498692505385502,1667
optimism,0xd8dd9a8b2aca88e68c46af9008259d0ec04b7751,0xc52d7f23a2e460248db6ee192cb23dd12bddcbf6,crvUSD,18,2026-08-27,-1134019010123130248734,1617
optimism,0xd8dd9a8b2aca88e68c46af9008259d0ec04b7751,0xc52d7f23a2e460248db6ee192cb23dd12bddcbf6,crvUSD,18,2026-08-28,-1431059231226743007155,1445
optimism,0xd8dd9a8b2aca88e68c46af9008259d0ec04b7751,0xc52d7f23a2e460248db6ee192cb23dd12bddcbf6,crvUSD,18,2026-08-29,-856518192913377564804,798
optimism,0xd8dd9a8b2aca88e68c46af9008259d0ec04b7751,0xc52d7f23a2e460248db6ee192cb23dd12bddcbf6,crvUSD,18,2026-08-30,30344843007086922001,1434
optimism,0xd8dd9a8b2aca88e68c46af9008259d0ec04b7751,0xc52d7f23a2e460248db6ee192cb23dd12bddcbf6,crvUSD,18,2026-08-31,5215519558606160135202,2911
optimism,0xd8dd9a8b2aca88e68c46af9008259d0ec04b7751,0xc52d7f23a2e460248db6ee192cb23dd12bddcbf6,crvUSD,18,2026-09-01,1577902170397757775187,3502
optimism,0xd8dd9a8b2aca88e68c46af9008259d0ec04b7751,0xc52d7f23a2e460248db6ee192cb23dd12bddcbf6,crvUSD,18,2026-09-02,-605003521283724919814,2788
optimism,0xd8dd9a8b2aca88e68c46af9008259d0ec04b7751,0xc52d7f23a2e460248db6ee192cb23dd12bddcbf6,crvUSD,18,2026-09-03,623577596183363635392,2298
optimism,0xd8dd9a8b2aca88e68c46af9008259d0ec04b7751,0xc52d7f23a2e460248db6ee192cb23dd12bddcbf6,crvUSD,18,2026-09-04,-485489412141570676013,1635
optimism,0xd8dd9a8b2aca88e68c46af9008259d0ec04b7751,0xc52d7f23a2e460248db6ee192cb23dd12bddcbf6,crvUSD,18,2026-09-05,3738769447427999602521,3642
optimism,0xd8dd9a8b2aca88e68c46af9008259d0ec04b7751,0xc52d7f23a2e460248db6ee192cb23dd12bddcbf6,crvUSD,18,2026-09-06,-353580905965810208340,2848
optimism,0xd8dd9a8b2aca88e68c46af9008259d0ec04b7751,0xc52d7f23a2e460248db6ee192cb23dd12bddcbf6,crvUSD,18,2026-09-07,-1172269395723339472730,3161
optimism,0xd8dd9a8b2aca88e68c46af9008259d0ec04b7751,0xc52d7f23a2e460248db6ee192cb23dd12bddcbf6,crvUSD,18,2026-09-08,-1004445315551719609529,2228
optimism,0xd8dd9a8b2aca88e68c46af9008259d0ec04b7751,0xc52d7f23a2e460248db6ee192cb23dd12bddcbf6,crvUSD,18,2026-09-09,-2257712698224507245323,2670
optimism,0xd8dd9a8b2aca88e68c46af9008259d0ec04b7751,0xc52d7f23a2e460248db6ee192cb23dd12bddcbf6,crvUSD,18,2026-09-10,-410325661289158132484,1834
optimism,0xd8dd9a8b2aca88e68c46af9008259d0ec04b7751,0xc52d7f23a2e460248db6ee192cb23dd12bddcbf6,crvUSD,18,2026-09-11,-887544884163645892741,2593
optimism,0xd8dd9a8b2aca88e68c46af9008259d0ec04b7751,0xc52d7f23a2e460248db6ee192cb23dd12bddcbf6,crvUSD,18,2026-09-12,524615851339612055705,1519
optimism,0xd8dd9a8b2aca88e68c46af9008259d0ec04b7751,0xc52d7f23a2e460248db6ee192cb23dd12bddcbf6,crvUSD,18,2026-09-13,906742050291343667203,2682
optimism,0xd8dd9a8b2aca88e68c46af9008259d0ec04b7751,0xc52d7f23a2e460248db6ee192cb23dd12bddcbf6,crvUSD,18,2026-09-14,899581792890601924859,4385
optimism,0xd8dd9a8b2aca88e68c46af9008259d0ec04b7751,0xc52d7f23a2e460248db6ee192cb23dd12bddcbf6,crvUSD,18,2026-09-15,-4385271083562532502734,5285
