pool,token,symbol,decimals,local_date,net_raw,transfers
0x034196aee7968d4c85b00b40c4e88ef706577cfa,0x4200000000000000000000000000000000000006,WETH,18,2025-12-20,-2092849834187644452,65
0x034196aee7968d4c85b00b40c4e88ef706577cfa,0x4200000000000000000000000000000000000006,WETH,18,2025-12-21,-1087250588225525994,50
0x034196aee7968d4c85b00b40c4e88ef706577cfa,0x4200000000000000000000000000000000000006,WETH,18,2025-12-22,1349967371760507906,78
0x034196aee7968d4c85b00b40c4e88ef706577cfa,0x4200000000000000000000000000000000000006,WETH,18,2025-12-23,-360236890261782870,38
0x034196aee7968d4c85b00b40c4e88ef706577cfa,0x4200000000000000000000000000000000000006,WETH,18,2025-12-24,-316307924578943529,146
0x034196aee7968d4c85b00b40c4e88ef706577cfa,0x4200000000000000000000000000000000000006,WETH,18,2025-12-25,-1991967131895034601,104
0x034196aee7968d4c85b00b40c4e88ef706577cfa,0x4200000000000000000000000000000000000006,WETH,18,2025-12-26,499836398703260846,61
0x034196aee7968d4c85b00b40c4e88ef706577cfa,0x4200000000000000000000000000000000000006,WETH,18,2025-12-27,2234306954990771331,59
0x034196aee7968d4c85b00b40c4e88ef706577cfa,0x4200000000000000000000000000000000000006,WETH,18,2025-12-28,-605759397479097006,80
0x034196aee7968d4c85b00b40c4e88ef706577cfa,0x4200000000000000000000000000000000000006,WETH,18,2025-12-29,-1990324982641291664,73
0x034196aee7968d4c85b00b40c4e88ef706577cfa,0x4200000000000000000000000000000000000006,WETH,18,2025-12-30,-224532936156568217,24
0x034196aee7968d4c85b00b40c4e88ef706577cfa,0x4200000000000000000000000000000000000006,WETH,18,2025-12-31,-1463360252546086430,72
0x034196aee7968d4c85b00b40c4e88ef706577cfa,0x4200000000000000000000000000000000000006,WETH,18,2026-01-01,3764370771279016720,103
0x034196aee7968d4c85b00b40c4e88ef706577cfa,0x4200000000000000000000000000000000000006,WETH,18,2026-01-02,3551591807983154671,169
0x034196aee7968d4c85b00b40c4e88ef706577cfa,0x4200000000000000000000000000000000000006,WETH,18,2026-01-03,-1706842621880726976,49
0x034196aee7968d4c85b00b40c4e88ef706577cfa,0x4200000000000000000000000000000000000006,WETH,18,2026-01-04,-816266929881758185,57
0x034196aee7968d4c85b00b40c4e88ef706577cfa,0x4200000000000000000000000000000000000006,WETH,18,2026-01-05,6256488312441252912,112
0x034196aee7968d4c85b00b40c4e88ef706577cfa,0x4200000000000000000000000000000000000006,WETH,18,2026-01-06,-2412906233103105750,159
0x034196aee7968d4c85b00b40c4e88ef706577cfa,0x4200000000000000000000000000000000000006,WETH,18,2026-01-07,55366723215329189,73
0x034196aee7968d4c85b00b40c4e88ef706577cfa,0x4200000000000000000000000000000000000006,WETH,18,2026-01-08,373165802896983994,114
0x034196aee7968d4c85b00b40c4e88ef706577cfa,0x4200000000000000000000000000000000000006,WETH,18,2026-01-09,-857635670282622009,258
0x034196aee7968d4c85b00b40c4e88ef706577cfa,0x4200000000000000000000000000000000000006,WETH,18,2026-01-10,178338860450709437,173
0x034196aee7968d4c85b00b40c4e88ef706577cfa,0x4200000000000000000000000000000000000006,WETH,18,2026-01-11,217279520012749636,477
0x034196aee7968d4c85b00b40c4e88ef706577cfa,0x4200000000000000000000000000000000000006,WETH,18,2026-01-12,3455120699219316812,379
0x034196aee7968d4c85b00b40c4e88ef706577cfa,0x4200000000000000000000000000000000000006,WETH,18,2026-01-13,2614478652987121187,333
0x034196aee7968d4c85b00b40c4e88ef706577cfa,0x4200000000000000000000000000000000000006,WETH,18,2026-01-14,-4796621857010090289,219
0x034196aee7968d4c85b00b40c4e88ef706577cfa,0x4200000000000000000000000000000000000006,WETH,18,2026-01-15,-4514767859799011630,138
0x034196aee7968d4c85b00b40c4e88ef706577cfa,0x4200000000000000000000000000000000000006,WETH,18,2026-01-16,758743548404590544,94
0x034196aee7968d4c85b00b40c4e88ef706577cfa,0x4200000000000000000000000000000000000006,WETH,18,2026-01-17,-472553741931274700,69
0x034196aee7968d4c85b00b40c4e88ef706577cfa,0x4200000000000000000000000000000000000006,WETH,18,2026-01-18,-1328297285511478945,171
0x034196aee7968d4c85b00b40c4e88ef706577cfa,0x4200000000000000000000000000000000000006,WETH,18,2026-01-19,1247778207599226407,142
0x034196aee7968d4c85b00b40c4e88ef706577cfa,0x4200000000000000000000000000000000000006,WETH,18,2026-01-20,-1763055185276120477,184
0x034196aee7968d4c85b00b40c4e88ef706577cfa,0x4200000000000000000000000000000000000006,WETH,18,2026-01-21,-463458371379441818,197
0x034196aee7968d4c85b00b40c4e88ef706577cfa,0x4200000000000000000000000000000000000006,WETH,18,2026-01-22,976975669844270574,201
0x034196aee7968d4c85b00b40c4e88ef706577cfa,0x4200000000000000000000000000000000000006,WETH,18,2026-01-23,251157037502087290,171
0x034196aee7968d4c85b00b40c4e88ef706577cfa,0x4200000000000000000000000000000000000006,WETH,18,2026-01-24,-468663916733270355,67
0x034196aee7968d4c85b00b40c4e88ef706577cfa,0x4200000000000000000000000000000000000006,WETH,18,2026-01-25,193628484387769996,157
0x034196aee7968d4c85b00b40c4e88ef706577cfa,0x4200000000000000000000000000000000000006,WETH,18,2026-01-26,-667123810264396918,112
0x034196aee7968d4c85b00b40c4e88ef706577cfa,0x4200000000000000000000000000000000000006,WETH,18,2026-01-27,-602005844302309433,153
0x034196aee7968d4c85b00b40c4e88ef706577cfa,0x4200000000000000000000000000000000000006,WETH,18,2026-01-28,-117422963115621094,93
0x034196aee7968d4c85b00b40c4e88ef706577cfa,0x4200000000000000000000000000000000000006,WETH,18,2026-01-29,-4594320619751920536,77
0x034196aee7968d4c85b00b40c4e88ef706577cfa,0x4200000000000000000000000000000000000006,WETH,18,2026-01-30,-648874473374213247,128
0x034196aee7968d4c85b00b40c4e88ef706577cfa,0x4200000000000000000000000000000000000006,WETH,18,2026-01-31,1184809673931582326,106
0x034196aee7968d4c85b00b40c4e88ef706577cfa,0x4200000000000000000000000000000000000006,WETH,18,2026-02-01,1619042747724455064,145
0x034196aee7968d4c85b00b40c4e88ef706577cfa,0x4200000000000000000000000000000000000006,WETH,18,2026-02-02,408856379102318393,103
0x034196aee7968d4c85b00b40c4e88ef706577cfa,0x4200000000000000000000000000000000000006,WETH,18,2026-02-03,509782038175033068,126
0x034196aee7968d4c85b00b40c4e88ef706577cfa,0x4200000000000000000000000000000000000006,WETH,18,2026-02-04,991739402114779609,141
0x034196aee7968d4c85b00b40c4e88ef706577cfa,0x4200000000000000000000000000000000000006,WETH,18,2026-02-05,-3209497609708289023,292
0x034196aee7968d4c85b00b40c4e88ef706577cfa,0x4200000000000000000000000000000000000006,WETH,18,2026-02-06,-58698465881648676,198
0x034196aee7968d4c85b00b40c4e88ef706577cfa,0x4200000000000000000000000000000000000006,WETH,18,2026-02-07,-644408365831976770,124
0x034196aee7968d4c85b00b40c4e88ef706577cfa,0x4200000000000000000000000000000000000006,WETH,18,2026-02-08,222035211954775200,68
0x034196aee7968d4c85b00b40c4e88ef706577cfa,0x4200000000000000000000000000000000000006,WETH,18,2026-02-09,-796130909250529759,126
0x034196aee7968d4c85b00b40c4e88ef706577cfa,0x4200000000000000000000000000000000000006,WETH,18,2026-02-10,536971372282747306,90
0x034196aee7968d4c85b00b40c4e88ef706577cfa,0x4200000000000000000000000000000000000006,WETH,18,2026-02-11,69823266947175240,80
0x034196aee7968d4c85b00b40c4e88ef706577cfa,0x4200000000000000000000000000000000000006,WETH,18,2026-02-12,-588959334271821274,81
0x034196aee7968d4c85b00b40c4e88ef706577cfa,0x4200000000000000000000000000000000000006,WETH,18,2026-02-13,-5028158835862298353,75
0x034196aee7968d4c85b00b40c4e88ef706577cfa,0x4200000000000000000000000000000000000006,WETH,18,2026-02-14,707699509652648823,138
0x034196aee7968d4c85b00b40c4e88ef706577cfa,0x4200000000000000000000000000000000000006,WETH,18,2026-02-15,-53228418808243216,101
0x034196aee7968d4c85b00b40c4e88ef706577cfa,0x4200000000000000000000000000000000000006,WETH,18,2026-02-16,190208603839388745,69
0x034196aee7968d4c85b00b40c4e88ef706577cfa,0x4200000000000000000000000000000000000006,WETH,18,2026-02-17,-518235514740622502,70
0x034196aee7968d4c85b00b40c4e88ef706577cfa,0x4200000000000000000000000000000000000006,WETH,18,2026-02-18,-340076651809421040,56
0x034196aee7968d4c85b00b40c4e88ef706577cfa,0x4200000000000000000000000000000000000006,WETH,18,2026-02-19,-899139072921728490,41
0x034196aee7968d4c85b00b40c4e88ef706577cfa,0x4200000000000000000000000000000000000006,WETH,18,2026-02-20,210509554473081360,134
0x034196aee7968d4c85b00b40c4e88ef706577cfa,0x4200000000000000000000000000000000000006,WETH,18,2026-02-21,-191656508698036491,56
0x034196aee7968d4c85b00b40c4e88ef706577cfa,0x4200000000000000000000000000000000000006,WETH,18,2026-02-22,16467095694508238,36
0x034196aee7968d4c85b00b40c4e88ef706577cfa,0x4200000000000000000000000000000000000006,WETH,18,2026-02-23,96454031100687179,53
0x034196aee7968d4c85b00b40c4e88ef706577cfa,0x4200000000000000000000000000000000000006,WETH,18,2026-02-24,-63490817314823356,35
0x034196aee7968d4c85b00b40c4e88ef706577cfa,0x4200000000000000000000000000000000000006,WETH,18,2026-02-25,-146947745851831201,248
0x034196aee7968d4c85b00b40c4e88ef706577cfa,0x4200000000000000000000000000000000000006,WETH,18,2026-02-26,267254811888320073,150
0x034196aee7968d4c85b00b40c4e88ef706577cfa,0x4200000000000000000000000000000000000006,WETH,18,2026-02-27,-74858053379703975,62
0x034196aee7968d4c85b00b40c4e88ef706577cfa,0x4200000000000000000000000000000000000006,WETH,18,2026-02-28,-248445382187236663,58
0x034196aee7968d4c85b00b40c4e88ef706577cfa,0x4200000000000000000000000000000000000006,WETH,18,2026-03-01,-126865006622569060,54
0x034196aee7968d4c85b00b40c4e88ef706577cfa,0x4200000000000000000000000000000000000006,WETH,18,2026-03-02,-190820719645031603,56
0x034196aee7968d4c85b00b40c4e88ef706577cfa,0x4200000000000000000000000000000000000006,WETH,18,2026-03-03,-70805992584538992,68
0x034196aee7968d4c85b00b40c4e88ef706577cfa,0x4200000000000000000000000000000000000006,WETH,18,2026-03-04,-37391288935101108,71
0x034196aee7968d4c85b00b40c4e88ef706577cfa,0x4200000000000000000000000000000000000006,WETH,18,2026-03-05,55413802924198351,48
0x034196aee7968d4c85b00b40c4e88ef706577cfa,0x4200000000000000000000000000000000000006,WETH,18,2026-03-06,-152267772594241175,38
0x034196aee7968d4c85b00b40c4e88ef706577cfa,0x4200000000000000000000000000000000000006,WETH,18,2026-03-07,26029805510066066,40
0x034196aee7968d4c85b00b40c4e88ef706577cfa,0x4200000000000000000000000000000000000006,WETH,18,2026-03-08,-75981481106227223,47
0x034196aee7968d4c85b00b40c4e88ef706577cfa,0x4200000000000000000000000000000000000006,WETH,18,2026-03-09,41205408406108195,43
0x034196aee7968d4c85b00b40c4e88ef706577cfa,0x4200000000000000000000000000000000000006,WETH,18,2026-03-10,-880160140598671584,88
0x034196aee7968d4c85b00b40c4e88ef706577cfa,0x4200000000000000000000000000000000000006,WETH,18,2026-03-11,-1350765733546192,25
0x034196aee7968d4c85b00b40c4e88ef706577cfa,0x4200000000000000000000000000000000000006,WETH,18,2026-03-12,255150831928802691,75
0x034196aee7968d4c85b00b40c4e88ef706577cfa,0x4200000000000000000000000000000000000006,WETH,18,2026-03-13,-259175185708914542,48
0x034196aee7968d4c85b00b40c4e88ef706577cfa,0x4200000000000000000000000000000000000006,WETH,18,2026-03-14,68409277385056206,22
0x034196aee7968d4c85b00b40c4e88ef706577cfa,0x4200000000000000000000000000000000000006,WETH,18,2026-03-15,80506679063781401,90
0x034196aee7968d4c85b00b40c4e88ef706577cfa,0x4200000000000000000000000000000000000006,WETH,18,2026-03-16,-119176170132316486,132
0x034196aee7968d4c85b00b40c4e88ef706577cfa,0x4200000000000000000000000000000000000006,WETH,18,2026-03-17,151134323410757132,74
0x034196aee7968d4c85b00b40c4e88ef706577cfa,0x4200000000000000000000000000000000000006,WETH,18,2026-03-18,-193744773467011197,98
0x034196aee7968d4c85b00b40c4e88ef706577cfa,0x4200000000000000000000000000000000000006,WETH,18,2026-03-19,113171108198437899,55
0x034196aee7968d4c85b00b40c4e88ef706577cfa,0x4200000000000000000000000000000000000006,WETH,18,2026-03-20,-58276391098931646,28
0x034196aee7968d4c85b00b40c4e88ef706577cfa,0x4200000000000000000000000000000000000006,WETH,18,2026-03-21,-13789730952723825,15
0x034196aee7968d4c85b00b40c4e88ef706577cfa,0x4200000000000000000000000000000000000006,WETH,18,2026-03-22,-45540721508746312,36
0x034196aee7968d4c85b00b40c4e88ef706577cfa,0x4200000000000000000000000000000000000006,WETH,18,2026-03-23,45937803892485150,95
0x034196aee7968d4c85b00b40c4e88ef706577cfa,0x4200000000000000000000000000000000000006,WETH,18,2026-03-24,29111941479200905,74
0x034196aee7968d4c85b00b40c4e88ef706577cfa,0x4200000000000000000000000000000000000006,WETH,18,2026-03-25,-5439561023230875,69
0x034196aee7968d4c85b00b40c4e88ef706577cfa,0xcbada732173e39521cdbe8bf59a6dc85a9fc7b8c,cbADA,6,2025-12-20,43369555319,68
0x034196aee7968d4c85b00b40c4e88ef706577cfa,0xcbada732173e39521cdbe8bf59a6dc85a9fc7b8c,cbADA,6,2025-12-21,-3864572785,58
0x034196aee7968d4c85b00b40c4e88ef706577cfa,0xcbada732173e39521cdbe8bf59a6dc85a9fc7b8c,cbADA,6,2025-12-22,-27068362709,77
0x034196aee7968d4c85b00b40c4e88ef706577cfa,0xcbada732173e39521cdbe8bf59a6dc85a9fc7b8c,cbADA,6,2025-12-23,5720719987,43
0x034196aee7968d4c85b00b40c4e88ef706577cfa,0xcbada732173e39521cdbe8bf59a6dc85a9fc7b8c,cbADA,6,2025-12-24,-2860663488,152
0x034196aee7968d4c85b00b40c4e88ef706577cfa,0xcbada732173e39521cdbe8bf59a6dc85a9fc7b8c,cbADA,6,2025-12-25,14651574639,113
0x034196aee7968d4c85b00b40c4e88ef706577cfa,0xcbada732173e39521cdbe8bf59a6dc85a9fc7b8c,cbADA,6,2025-12-26,-8461080633,55
0x034196aee7968d4c85b00b40c4e88ef706577cfa,0xcbada732173e39521cdbe8bf59a6dc85a9fc7b8c,cbADA,6,2025-12-27,-16378720214,58
0x034196aee7968d4c85b00b40c4e88ef706577cfa,0xcbada732173e39521cdbe8bf59a6dc85a9fc7b8c,cbADA,6,2025-12-28,4815618145,80
0x034196aee7968d4c85b00b40c4e88ef706577cfa,0xcbada732173e39521cdbe8bf59a6dc85a9fc7b8c,cbADA,6,2025-12-29,16354755549,80
0x034196aee7968d4c85b00b40c4e88ef706577cfa,0xcbada732173e39521cdbe8bf59a6dc85a9fc7b8c,cbADA,6,2025-12-30,2120350583,26
0x034196aee7968d4c85b00b40c4e88ef706577cfa,0xcbada732173e39521cdbe8bf59a6dc85a9fc7b8c,cbADA,6,2025-12-31,9757336718,92
0x034196aee7968d4c85b00b40c4e88ef706577cfa,0xcbada732173e39521cdbe8bf59a6dc85a9fc7b8c,cbADA,6,2026-01-01,-12497756362,98
0x034196aee7968d4c85b00b40c4e88ef706577cfa,0xcbada732173e39521cdbe8bf59a6dc85a9fc7b8c,cbADA,6,2026-01-02,-14653863982,159
0x034196aee7968d4c85b00b40c4e88ef706577cfa,0xcbada732173e39521cdbe8bf59a6dc85a9fc7b8c,cbADA,6,2026-01-03,-348751243,48
0x034196aee7968d4c85b00b40c4e88ef706577cfa,0xcbada732173e39521cdbe8bf59a6dc85a9fc7b8c,cbADA,6,2026-01-04,7704484053,54
0x034196aee7968d4c85b00b40c4e88ef706577cfa,0xcbada732173e39521cdbe8bf59a6dc85a9fc7b8c,cbADA,6,2026-01-05,9963027044,102
0x034196aee7968d4c85b00b40c4e88ef706577cfa,0xcbada732173e39521cdbe8bf59a6dc85a9fc7b8c,cbADA,6,2026-01-06,18525125014,162
0x034196aee7968d4c85b00b40c4e88ef706577cfa,0xcbada732173e39521cdbe8bf59a6dc85a9fc7b8c,cbADA,6,2026-01-07,766361484,76
0x034196aee7968d4c85b00b40c4e88ef706577cfa,0xcbada732173e39521cdbe8bf59a6dc85a9fc7b8c,cbADA,6,2026-01-08,-913554222,118
0x034196aee7968d4c85b00b40c4e88ef706577cfa,0xcbada732173e39521cdbe8bf59a6dc85a9fc7b8c,cbADA,6,2026-01-09,6764078916,260
0x034196aee7968d4c85b00b40c4e88ef706577cfa,0xcbada732173e39521cdbe8bf59a6dc85a9fc7b8c,cbADA,6,2026-01-10,-1419460617,173
0x034196aee7968d4c85b00b40c4e88ef706577cfa,0xcbada732173e39521cdbe8bf59a6dc85a9fc7b8c,cbADA,6,2026-01-11,-1717196483,481
0x034196aee7968d4c85b00b40c4e88ef706577cfa,0xcbada732173e39521cdbe8bf59a6dc85a9fc7b8c,cbADA,6,2026-01-12,4854867544,383
0x034196aee7968d4c85b00b40c4e88ef706577cfa,0xcbada732173e39521cdbe8bf59a6dc85a9fc7b8c,cbADA,6,2026-01-13,-10764160624,331
0x034196aee7968d4c85b00b40c4e88ef706577cfa,0xcbada732173e39521cdbe8bf59a6dc85a9fc7b8c,cbADA,6,2026-01-14,25611260982,224
0x034196aee7968d4c85b00b40c4e88ef706577cfa,0xcbada732173e39521cdbe8bf59a6dc85a9fc7b8c,cbADA,6,2026-01-15,-19404779255,146
0x034196aee7968d4c85b00b40c4e88ef706577cfa,0xcbada732173e39521cdbe8bf59a6dc85a9fc7b8c,cbADA,6,2026-01-16,-6383788116,98
0x034196aee7968d4c85b00b40c4e88ef706577cfa,0xcbada732173e39521cdbe8bf59a6dc85a9fc7b8c,cbADA,6,2026-01-17,3959965453,71
0x034196aee7968d4c85b00b40c4e88ef706577cfa,0xcbada732173e39521cdbe8bf59a6dc85a9fc7b8c,cbADA,6,2026-01-18,11265574863,178
0x034196aee7968d4c85b00b40c4e88ef706577cfa,0xcbada732173e39521cdbe8bf59a6dc85a9fc7b8c,cbADA,6,2026-01-19,-10866132285,142
0x034196aee7968d4c85b00b40c4e88ef706577cfa,0xcbada732173e39521cdbe8bf59a6dc85a9fc7b8c,cbADA,6,2026-01-20,-26379547763,183
0x034196aee7968d4c85b00b40c4e88ef706577cfa,0xcbada732173e39521cdbe8bf59a6dc85a9fc7b8c,cbADA,6,2026-01-21,272590523,190
0x034196aee7968d4c85b00b40c4e88ef706577cfa,0xcbada732173e39521cdbe8bf59a6dc85a9fc7b8c,cbADA,6,2026-01-22,11249084404,198
0x034196aee7968d4c85b00b40c4e88ef706577cfa,0xcbada732173e39521cdbe8bf59a6dc85a9fc7b8c,cbADA,6,2026-01-23,-2057117873,173
0x034196aee7968d4c85b00b40c4e88ef706577cfa,0xcbada732173e39521cdbe8bf59a6dc85a9fc7b8c,cbADA,6,2026-01-24,3858491653,65
0x034196aee7968d4c85b00b40c4e88ef706577cfa,0xcbada732173e39521cdbe8bf59a6dc85a9fc7b8c,cbADA,6,2026-01-25,-1585374616,157
0x034196aee7968d4c85b00b40c4e88ef706577cfa,0xcbada732173e39521cdbe8bf59a6dc85a9fc7b8c,cbADA,6,2026-01-26,5525697303,110
0x034196aee7968d4c85b00b40c4e88ef706577cfa,0xcbada732173e39521cdbe8bf59a6dc85a9fc7b8c,cbADA,6,2026-01-27,5141630671,154
0x034196aee7968d4c85b00b40c4e88ef706577cfa,0xcbada732173e39521cdbe8bf59a6dc85a9fc7b8c,cbADA,6,2026-01-28,907288847,94
0x034196aee7968d4c85b00b40c4e88ef706577cfa,0xcbada732173e39521cdbe8bf59a6dc85a9fc7b8c,cbADA,6,2026-01-29,-42944801959,77
0x034196aee7968d4c85b00b40c4e88ef706577cfa,0xcbada732173e39521cdbe8bf59a6dc85a9fc7b8c,cbADA,6,2026-01-30,5512258968,132
0x034196aee7968d4c85b00b40c4e88ef706577cfa,0xcbada732173e39521cdbe8bf59a6dc85a9fc7b8c,cbADA,6,2026-01-31,-20260510905,102
0x034196aee7968d4c85b00b40c4e88ef706577cfa,0xcbada732173e39521cdbe8bf59a6dc85a9fc7b8c,cbADA,6,2026-02-01,-13077344601,135
0x034196aee7968d4c85b00b40c4e88ef706577cfa,0xcbada732173e39521cdbe8bf59a6dc85a9fc7b8c,cbADA,6,2026-02-02,-3224151821,99
0x034196aee7968d4c85b00b40c4e88ef706577cfa,0xcbada732173e39521cdbe8bf59a6dc85a9fc7b8c,cbADA,6,2026-02-03,-4115457749,115
0x034196aee7968d4c85b00b40c4e88ef706577cfa,0xcbada732173e39521cdbe8bf59a6dc85a9fc7b8c,cbADA,6,2026-02-04,-7453214960,135
0x034196aee7968d4c85b00b40c4e88ef706577cfa,0xcbada732173e39521cdbe8bf59a6dc85a9fc7b8c,cbADA,6,2026-02-05,585435123,298
0x034196aee7968d4c85b00b40c4e88ef706577cfa,0xcbada732173e39521cdbe8bf59a6dc85a9fc7b8c,cbADA,6,2026-02-06,374866603,197
0x034196aee7968d4c85b00b40c4e88ef706577cfa,0xcbada732173e39521cdbe8bf59a6dc85a9fc7b8c,cbADA,6,2026-02-07,4898626653,130
0x034196aee7968d4c85b00b40c4e88ef706577cfa,0xcbada732173e39521cdbe8bf59a6dc85a9fc7b8c,cbADA,6,2026-02-08,-1716767119,70
0x034196aee7968d4c85b00b40c4e88ef706577cfa,0xcbada732173e39521cdbe8bf59a6dc85a9fc7b8c,cbADA,6,2026-02-09,3481981,131
0x034196aee7968d4c85b00b40c4e88ef706577cfa,0xcbada732173e39521cdbe8bf59a6dc85a9fc7b8c,cbADA,6,2026-02-10,-4129892284,92
0x034196aee7968d4c85b00b40c4e88ef706577cfa,0xcbada732173e39521cdbe8bf59a6dc85a9fc7b8c,cbADA,6,2026-02-11,-538827134,84
0x034196aee7968d4c85b00b40c4e88ef706577cfa,0xcbada732173e39521cdbe8bf59a6dc85a9fc7b8c,cbADA,6,2026-02-12,-14755436686,79
0x034196aee7968d4c85b00b40c4e88ef706577cfa,0xcbada732173e39521cdbe8bf59a6dc85a9fc7b8c,cbADA,6,2026-02-13,-38211295833,75
0x034196aee7968d4c85b00b40c4e88ef706577cfa,0xcbada732173e39521cdbe8bf59a6dc85a9fc7b8c,cbADA,6,2026-02-14,2466674506,126
0x034196aee7968d4c85b00b40c4e88ef706577cfa,0xcbada732173e39521cdbe8bf59a6dc85a9fc7b8c,cbADA,6,2026-02-15,371560761,101
0x034196aee7968d4c85b00b40c4e88ef706577cfa,0xcbada732173e39521cdbe8bf59a6dc85a9fc7b8c,cbADA,6,2026-02-16,-1327639077,71
0x034196aee7968d4c85b00b40c4e88ef706577cfa,0xcbada732173e39521cdbe8bf59a6dc85a9fc7b8c,cbADA,6,2026-02-17,3627304355,68
0x034196aee7968d4c85b00b40c4e88ef706577cfa,0xcbada732173e39521cdbe8bf59a6dc85a9fc7b8c,cbADA,6,2026-02-18,2418404677,58
0x034196aee7968d4c85b00b40c4e88ef706577cfa,0xcbada732173e39521cdbe8bf59a6dc85a9fc7b8c,cbADA,6,2026-02-19,-7893863047,42
0x034196aee7968d4c85b00b40c4e88ef706577cfa,0xcbada732173e39521cdbe8bf59a6dc85a9fc7b8c,cbADA,6,2026-02-20,-1532302732,135
0x034196aee7968d4c85b00b40c4e88ef706577cfa,0xcbada732173e39521cdbe8bf59a6dc85a9fc7b8c,cbADA,6,2026-02-21,1347482033,60
0x034196aee7968d4c85b00b40c4e88ef706577cfa,0xcbada732173e39521cdbe8bf59a6dc85a9fc7b8c,cbADA,6,2026-02-22,-118951324,38
0x034196aee7968d4c85b00b40c4e88ef706577cfa,0xcbada732173e39521cdbe8bf59a6dc85a9fc7b8c,cbADA,6,2026-02-23,-687389238,53
0x034196aee7968d4c85b00b40c4e88ef706577cfa,0xcbada732173e39521cdbe8bf59a6dc85a9fc7b8c,cbADA,6,2026-02-24,455559761,38
0x034196aee7968d4c85b00b40c4e88ef706577cfa,0xcbada732173e39521cdbe8bf59a6dc85a9fc7b8c,cbADA,6,2026-02-25,946499215,240
0x034196aee7968d4c85b00b40c4e88ef706577cfa,0xcbada732173e39521cdbe8bf59a6dc85a9fc7b8c,cbADA,6,2026-02-26,-1821025395,155
0x034196aee7968d4c85b00b40c4e88ef706577cfa,0xcbada732173e39521cdbe8bf59a6dc85a9fc7b8c,cbADA,6,2026-02-27,515630977,62
0x034196aee7968d4c85b00b40c4e88ef706577cfa,0xcbada732173e39521cdbe8bf59a6dc85a9fc7b8c,cbADA,6,2026-02-28,1737643684,60
0x034196aee7968d4c85b00b40c4e88ef706577cfa,0xcbada732173e39521cdbe8bf59a6dc85a9fc7b8c,cbADA,6,2026-03-01,906373324,57
0x034196aee7968d4c85b00b40c4e88ef706577cfa,0xcbada732173e39521cdbe8bf59a6dc85a9fc7b8c,cbADA,6,2026-03-02,1217140260,63
0x034196aee7968d4c85b00b40c4e88ef706577cfa,0xcbada732173e39521cdbe8bf59a6dc85a9fc7b8c,cbADA,6,2026-03-03,525532382,76
0x034196aee7968d4c85b00b40c4e88ef706577cfa,0xcbada732173e39521cdbe8bf59a6dc85a9fc7b8c,cbADA,6,2026-03-04,250190669,79
0x034196aee7968d4c85b00b40c4e88ef706577cfa,0xcbada732173e39521cdbe8bf59a6dc85a9fc7b8c,cbADA,6,2026-03-05,-780563172,48
0x034196aee7968d4c85b00b40c4e88ef706577cfa,0xcbada732173e39521cdbe8bf59a6dc85a9fc7b8c,cbADA,6,2026-03-06,-15860550208,36
0x034196aee7968d4c85b00b40c4e88ef706577cfa,0xcbada732173e39521cdbe8bf59a6dc85a9fc7b8c,cbADA,6,2026-03-07,-203574541,43
0x034196aee7968d4c85b00b40c4e88ef706577cfa,0xcbada732173e39521cdbe8bf59a6dc85a9fc7b8c,cbADA,6,2026-03-08,585144159,50
0x034196aee7968d4c85b00b40c4e88ef706577cfa,0xcbada732173e39521cdbe8bf59a6dc85a9fc7b8c,cbADA,6,2026-03-09,-324211718,47
0x034196aee7968d4c85b00b40c4e88ef706577cfa,0xcbada732173e39521cdbe8bf59a6dc85a9fc7b8c,cbADA,6,2026-03-10,-6177335521,90
0x034196aee7968d4c85b00b40c4e88ef706577cfa,0xcbada732173e39521cdbe8bf59a6dc85a9fc7b8c,cbADA,6,2026-03-11,-6055735,28
0x034196aee7968d4c85b00b40c4e88ef706577cfa,0xcbada732173e39521cdbe8bf59a6dc85a9fc7b8c,cbADA,6,2026-03-12,-1976711928,77
0x034196aee7968d4c85b00b40c4e88ef706577cfa,0xcbada732173e39521cdbe8bf59a6dc85a9fc7b8c,cbADA,6,2026-03-13,2006483081,55
0x034196aee7968d4c85b00b40c4e88ef706577cfa,0xcbada732173e39521cdbe8bf59a6dc85a9fc7b8c,cbADA,6,2026-03-14,-542524113,25
0x034196aee7968d4c85b00b40c4e88ef706577cfa,0xcbada732173e39521cdbe8bf59a6dc85a9fc7b8c,cbADA,6,2026-03-15,-639896355,92
0x034196aee7968d4c85b00b40c4e88ef706577cfa,0xcbada732173e39521cdbe8bf59a6dc85a9fc7b8c,cbADA,6,2026-03-16,940674504,140
0x034196aee7968d4c85b00b40c4e88ef706577cfa,0xcbada732173e39521cdbe8bf59a6dc85a9fc7b8c,cbADA,6,2026-03-17,-1208115699,72
0x034196aee7968d4c85b00b40c4e88ef706577cfa,0xcbada732173e39521cdbe8bf59a6dc85a9fc7b8c,cbADA,6,2026-03-18,1553729919,98
0x034196aee7968d4c85b00b40c4e88ef706577cfa,0xcbada732173e39521cdbe8bf59a6dc85a9fc7b8c,cbADA,6,2026-03-19,-897541953,55
0x034196aee7968d4c85b00b40c4e88ef706577cfa,0xcbada732173e39521cdbe8bf59a6dc85a9fc7b8c,cbADA,6,2026-03-20,463023503,32
0x034196aee7968d4c85b00b40c4e88ef706577cfa,0xcbada732173e39521cdbe8bf59a6dc85a9fc7b8c,cbADA,6,2026-03-21,111815178,19
0x034196aee7968d4c85b00b40c4e88ef706577cfa,0xcbada732173e39521cdbe8bf59a6dc85a9fc7b8c,cbADA,6,2026-03-22,372626856,38
0x034196aee7968d4c85b00b40c4e88ef706577cfa,0xcbada732173e39521cdbe8bf59a6dc85a9fc7b8c,cbADA,6,2026-03-23,-379256116,99
0x034196aee7968d4c85b00b40c4e88ef706577cfa,0xcbada732173e39521cdbe8bf59a6dc85a9fc7b8c,cbADA,6,2026-03-24,-235241778,76
0x034196aee7968d4c85b00b40c4e88ef706577cfa,0xcbada732173e39521cdbe8bf59a6dc85a9fc7b8c,cbADA,6,2026-03-25,43522191,69
0x8772c46a7d10d7189d21eb635a9d271c83f66263,0x4200000000000000000000000000000000000006,WETH,18,2025-12-20,2456841794034584715,10
0x8772c46a7d10d7189d21eb635a9d271c83f66263,0x4200000000000000000000000000000000000006,WETH,18,2025-12-21,-442315443804488695,34
0x8772c46a7d10d7189d21eb635a9d271c83f66263,0x4200000000000000000000000000000000000006,WETH,18,2025-12-22,203143968652262960,25
0x8772c46a7d10d7189d21eb635a9d271c83f66263,0x4200000000000000000000000000000000000006,WETH,18,2025-12-23,-475292917891694832,23
0x8772c46a7d10d7189d21eb635a9d271c83f66263,0x4200000000000000000000000000000000000006,WETH,18,2025-12-24,-715629514490736134,30
0x8772c46a7d10d7189d21eb635a9d271c83f66263,0x4200000000000000000000000000000000000006,WETH,18,2025-12-25,5524280949320737591,62
0x8772c46a7d10d7189d21eb635a9d271c83f66263,0x4200000000000000000000000000000000000006,WETH,18,2025-12-26,-244511671407088081,61
0x8772c46a7d10d7189d21eb635a9d271c83f66263,0x4200000000000000000000000000000000000006,WETH,18,2025-12-27,735589541811669473,14
0x8772c46a7d10d7189d21eb635a9d271c83f66263,0x4200000000000000000000000000000000000006,WETH,18,2025-12-28,-133372087660457638,12
0x8772c46a7d10d7189d21eb635a9d271c83f66263,0x4200000000000000000000000000000000000006,WETH,18,2025-12-29,-5002774923854177,16
0x8772c46a7d10d7189d21eb635a9d271c83f66263,0x4200000000000000000000000000000000000006,WETH,18,2025-12-30,-147318193153223785,24
0x8772c46a7d10d7189d21eb635a9d271c83f66263,0x4200000000000000000000000000000000000006,WETH,18,2025-12-31,-368849007658131366,55
0x8772c46a7d10d7189d21eb635a9d271c83f66263,0x4200000000000000000000000000000000000006,WETH,18,2026-01-01,3808575322341091541,111
0x8772c46a7d10d7189d21eb635a9d271c83f66263,0x4200000000000000000000000000000000000006,WETH,18,2026-01-02,-1187425044594566,186
0x8772c46a7d10d7189d21eb635a9d271c83f66263,0x4200000000000000000000000000000000000006,WETH,18,2026-01-03,-2828805579831904751,99
0x8772c46a7d10d7189d21eb635a9d271c83f66263,0x4200000000000000000000000000000000000006,WETH,18,2026-01-04,-587806152334866514,69
0x8772c46a7d10d7189d21eb635a9d271c83f66263,0x4200000000000000000000000000000000000006,WETH,18,2026-01-05,4479611836252315846,58
0x8772c46a7d10d7189d21eb635a9d271c83f66263,0x4200000000000000000000000000000000000006,WETH,18,2026-01-06,-1389415046704266861,84
0x8772c46a7d10d7189d21eb635a9d271c83f66263,0x4200000000000000000000000000000000000006,WETH,18,2026-01-07,2047715402477421258,55
0x8772c46a7d10d7189d21eb635a9d271c83f66263,0x4200000000000000000000000000000000000006,WETH,18,2026-01-08,24123547934927034,54
0x8772c46a7d10d7189d21eb635a9d271c83f66263,0x4200000000000000000000000000000000000006,WETH,18,2026-01-09,1485439239055898604,90
0x8772c46a7d10d7189d21eb635a9d271c83f66263,0x4200000000000000000000000000000000000006,WETH,18,2026-01-10,-124172825542787898,98
0x8772c46a7d10d7189d21eb635a9d271c83f66263,0x4200000000000000000000000000000000000006,WETH,18,2026-01-11,-321009659861919518,155
0x8772c46a7d10d7189d21eb635a9d271c83f66263,0x4200000000000000000000000000000000000006,WETH,18,2026-01-12,573956513006524855,122
0x8772c46a7d10d7189d21eb635a9d271c83f66263,0x4200000000000000000000000000000000000006,WETH,18,2026-01-13,1899255147136960119,165
0x8772c46a7d10d7189d21eb635a9d271c83f66263,0x4200000000000000000000000000000000000006,WETH,18,2026-01-14,-2937789820620253373,171
0x8772c46a7d10d7189d21eb635a9d271c83f66263,0x4200000000000000000000000000000000000006,WETH,18,2026-01-15,-2833731180594091626,77
0x8772c46a7d10d7189d21eb635a9d271c83f66263,0x4200000000000000000000000000000000000006,WETH,18,2026-01-16,-60459136682992699,43
0x8772c46a7d10d7189d21eb635a9d271c83f66263,0x4200000000000000000000000000000000000006,WETH,18,2026-01-17,-1960209194560798197,101
0x8772c46a7d10d7189d21eb635a9d271c83f66263,0x4200000000000000000000000000000000000006,WETH,18,2026-01-18,-750303258992653979,105
0x8772c46a7d10d7189d21eb635a9d271c83f66263,0x4200000000000000000000000000000000000006,WETH,18,2026-01-19,792798609570753671,72
0x8772c46a7d10d7189d21eb635a9d271c83f66263,0x4200000000000000000000000000000000000006,WETH,18,2026-01-20,2068349794485553956,79
0x8772c46a7d10d7189d21eb635a9d271c83f66263,0x4200000000000000000000000000000000000006,WETH,18,2026-01-21,-832821485312628562,68
0x8772c46a7d10d7189d21eb635a9d271c83f66263,0x4200000000000000000000000000000000000006,WETH,18,2026-01-22,-145955956412135605,81
0x8772c46a7d10d7189d21eb635a9d271c83f66263,0x4200000000000000000000000000000000000006,WETH,18,2026-01-23,-209407891367228047,71
0x8772c46a7d10d7189d21eb635a9d271c83f66263,0x4200000000000000000000000000000000000006,WETH,18,2026-01-24,-112088121934965765,74
0x8772c46a7d10d7189d21eb635a9d271c83f66263,0x4200000000000000000000000000000000000006,WETH,18,2026-01-25,559267567852907797,69
0x8772c46a7d10d7189d21eb635a9d271c83f66263,0x4200000000000000000000000000000000000006,WETH,18,2026-01-26,-727725350448467029,63
0x8772c46a7d10d7189d21eb635a9d271c83f66263,0x4200000000000000000000000000000000000006,WETH,18,2026-01-27,-131628388726892869,90
0x8772c46a7d10d7189d21eb635a9d271c83f66263,0x4200000000000000000000000000000000000006,WETH,18,2026-01-28,-4935805514288127962,123
0x8772c46a7d10d7189d21eb635a9d271c83f66263,0x4200000000000000000000000000000000000006,WETH,18,2026-01-29,149729460886547619,95
0x8772c46a7d10d7189d21eb635a9d271c83f66263,0x4200000000000000000000000000000000000006,WETH,18,2026-01-30,-910630197153086833,58
0x8772c46a7d10d7189d21eb635a9d271c83f66263,0x4200000000000000000000000000000000000006,WETH,18,2026-01-31,245105086076008656,69
0x8772c46a7d10d7189d21eb635a9d271c83f66263,0x4200000000000000000000000000000000000006,WETH,18,2026-02-01,211770722310715521,108
0x8772c46a7d10d7189d21eb635a9d271c83f66263,0x4200000000000000000000000000000000000006,WETH,18,2026-02-02,-347685056520517519,63
0x8772c46a7d10d7189d21eb635a9d271c83f66263,0x4200000000000000000000000000000000000006,WETH,18,2026-02-03,-194512770734657041,131
0x8772c46a7d10d7189d21eb635a9d271c83f66263,0x4200000000000000000000000000000000000006,WETH,18,2026-02-04,370037743933252398,70
0x8772c46a7d10d7189d21eb635a9d271c83f66263,0x4200000000000000000000000000000000000006,WETH,18,2026-02-05,-389621054374074995,152
0x8772c46a7d10d7189d21eb635a9d271c83f66263,0x4200000000000000000000000000000000000006,WETH,18,2026-02-06,-3296254801827587452,106
0x8772c46a7d10d7189d21eb635a9d271c83f66263,0x4200000000000000000000000000000000000006,WETH,18,2026-02-07,-246667514428888113,63
0x8772c46a7d10d7189d21eb635a9d271c83f66263,0x4200000000000000000000000000000000000006,WETH,18,2026-02-08,-265546080974028408,37
0x8772c46a7d10d7189d21eb635a9d271c83f66263,0x4200000000000000000000000000000000000006,WETH,18,2026-02-09,-102813420666214416,115
0x8772c46a7d10d7189d21eb635a9d271c83f66263,0x4200000000000000000000000000000000000006,WETH,18,2026-02-10,235219571777764581,54
0x8772c46a7d10d7189d21eb635a9d271c83f66263,0x4200000000000000000000000000000000000006,WETH,18,2026-02-11,128163490754772199,76
0x8772c46a7d10d7189d21eb635a9d271c83f66263,0x4200000000000000000000000000000000000006,WETH,18,2026-02-12,387444035173791532,31
0x8772c46a7d10d7189d21eb635a9d271c83f66263,0x4200000000000000000000000000000000000006,WETH,18,2026-02-13,-489780220923553348,37
0x8772c46a7d10d7189d21eb635a9d271c83f66263,0x4200000000000000000000000000000000000006,WETH,18,2026-02-14,2445933329115348556,172
0x8772c46a7d10d7189d21eb635a9d271c83f66263,0x4200000000000000000000000000000000000006,WETH,18,2026-02-15,-1331686864463072422,93
0x8772c46a7d10d7189d21eb635a9d271c83f66263,0x4200000000000000000000000000000000000006,WETH,18,2026-02-16,-652449950790790844,35
0x8772c46a7d10d7189d21eb635a9d271c83f66263,0x4200000000000000000000000000000000000006,WETH,18,2026-02-17,73768090039231449,47
0x8772c46a7d10d7189d21eb635a9d271c83f66263,0x4200000000000000000000000000000000000006,WETH,18,2026-02-18,-419348270404222894,82
0x8772c46a7d10d7189d21eb635a9d271c83f66263,0x4200000000000000000000000000000000000006,WETH,18,2026-02-19,611725904001104115,60
0x8772c46a7d10d7189d21eb635a9d271c83f66263,0x4200000000000000000000000000000000000006,WETH,18,2026-02-20,90564154488841181,131
0x8772c46a7d10d7189d21eb635a9d271c83f66263,0x4200000000000000000000000000000000000006,WETH,18,2026-02-21,-765921213156911251,45
0x8772c46a7d10d7189d21eb635a9d271c83f66263,0x4200000000000000000000000000000000000006,WETH,18,2026-02-22,232430527070451287,45
0x8772c46a7d10d7189d21eb635a9d271c83f66263,0x4200000000000000000000000000000000000006,WETH,18,2026-02-23,134608665125587943,42
0x8772c46a7d10d7189d21eb635a9d271c83f66263,0x4200000000000000000000000000000000000006,WETH,18,2026-02-24,-587561541275482740,51
0x8772c46a7d10d7189d21eb635a9d271c83f66263,0x4200000000000000000000000000000000000006,WETH,18,2026-02-25,36145750696456740,116
0x8772c46a7d10d7189d21eb635a9d271c83f66263,0x4200000000000000000000000000000000000006,WETH,18,2026-02-26,-73009475141465008,48
0x8772c46a7d10d7189d21eb635a9d271c83f66263,0x4200000000000000000000000000000000000006,WETH,18,2026-02-27,63290728127277657,47
0x8772c46a7d10d7189d21eb635a9d271c83f66263,0x4200000000000000000000000000000000000006,WETH,18,2026-02-28,-173688561317420626,69
0x8772c46a7d10d7189d21eb635a9d271c83f66263,0x4200000000000000000000000000000000000006,WETH,18,2026-03-01,-85489288313585099,45
0x8772c46a7d10d7189d21eb635a9d271c83f66263,0x4200000000000000000000000000000000000006,WETH,18,2026-03-02,-406933035894470497,65
0x8772c46a7d10d7189d21eb635a9d271c83f66263,0x4200000000000000000000000000000000000006,WETH,18,2026-03-03,-130028325726829792,45
0x8772c46a7d10d7189d21eb635a9d271c83f66263,0x4200000000000000000000000000000000000006,WETH,18,2026-03-04,114639764012985421,190
0x8772c46a7d10d7189d21eb635a9d271c83f66263,0x4200000000000000000000000000000000000006,WETH,18,2026-03-05,-243135833594700557,59
0x8772c46a7d10d7189d21eb635a9d271c83f66263,0x4200000000000000000000000000000000000006,WETH,18,2026-03-06,397134373559948385,79
0x8772c46a7d10d7189d21eb635a9d271c83f66263,0x4200000000000000000000000000000000000006,WETH,18,2026-03-07,-78584802257152706,34
0x8772c46a7d10d7189d21eb635a9d271c83f66263,0x4200000000000000000000000000000000000006,WETH,18,2026-03-08,-187919725882926882,95
0x8772c46a7d10d7189d21eb635a9d271c83f66263,0x4200000000000000000000000000000000000006,WETH,18,2026-03-09,-185298214500186319,77
0x8772c46a7d10d7189d21eb635a9d271c83f66263,0x4200000000000000000000000000000000000006,WETH,18,2026-03-10,298222483789578048,187
0x8772c46a7d10d7189d21eb635a9d271c83f66263,0x4200000000000000000000000000000000000006,WETH,18,2026-03-11,-46463935823543089,57
0x8772c46a7d10d7189d21eb635a9d271c83f66263,0x4200000000000000000000000000000000000006,WETH,18,2026-03-12,155690961039246871,110
0x8772c46a7d10d7189d21eb635a9d271c83f66263,0x4200000000000000000000000000000000000006,WETH,18,2026-03-13,-52415584255250608,123
0x8772c46a7d10d7189d21eb635a9d271c83f66263,0x4200000000000000000000000000000000000006,WETH,18,2026-03-14,-66067776971209362,54
0x8772c46a7d10d7189d21eb635a9d271c83f66263,0x4200000000000000000000000000000000000006,WETH,18,2026-03-15,-378221324885360714,85
0x8772c46a7d10d7189d21eb635a9d271c83f66263,0x4200000000000000000000000000000000000006,WETH,18,2026-03-16,-231025663926781261,153
0x8772c46a7d10d7189d21eb635a9d271c83f66263,0x4200000000000000000000000000000000000006,WETH,18,2026-03-17,59787160105577606,61
0x8772c46a7d10d7189d21eb635a9d271c83f66263,0x4200000000000000000000000000000000000006,WETH,18,2026-03-18,-98233917961873426,118
0x8772c46a7d10d7189d21eb635a9d271c83f66263,0x4200000000000000000000000000000000000006,WETH,18,2026-03-19,-502830266403803168,73
0x8772c46a7d10d7189d21eb635a9d271c83f66263,0x4200000000000000000000000000000000000006,WETH,18,2026-03-20,-78779557936714173,45
0x8772c46a7d10d7189d21eb635a9d271c83f66263,0x4200000000000000000000000000000000000006,WETH,18,2026-03-21,-107779509958336079,47
0x8772c46a7d10d7189d21eb635a9d271c83f66263,0x4200000000000000000000000000000000000006,WETH,18,2026-03-22,141665787741418173,33
0x8772c46a7d10d7189d21eb635a9d271c83f66263,0x4200000000000000000000000000000000000006,WETH,18,2026-03-23,-115058247121862874,102
0x8772c46a7d10d7189d21eb635a9d271c83f66263,0x4200000000000000000000000000000000000006,WETH,18,2026-03-24,201942601394262979,61
0x8772c46a7d10d7189d21eb635a9d271c83f66263,0x4200000000000000000000000000000000000006,WETH,18,2026-03-25,-171284106813888888,45
0x8772c46a7d10d7189d21eb635a9d271c83f66263,0xcbd06e5a2b0c65597161de254aa074e489deb510,cbDOGE,8,2025-12-20,3694719095988,13
0x8772c46a7d10d7189d21eb635a9d271c83f66263,0xcbd06e5a2b0c65597161de254aa074e489deb510,cbDOGE,8,2025-12-21,571682274230,36
0x8772c46a7d10d7189d21eb635a9d271c83f66263,0xcbd06e5a2b0c65597161de254aa074e489deb510,cbDOGE,8,2025-12-22,-1161873608452,23
0x8772c46a7d10d7189d21eb635a9d271c83f66263,0xcbd06e5a2b0c65597161de254aa074e489deb510,cbDOGE,8,2025-12-23,1083979869750,24
0x8772c46a7d10d7189d21eb635a9d271c83f66263,0xcbd06e5a2b0c65597161de254aa074e489deb510,cbDOGE,8,2025-12-24,-38547344358,33
0x8772c46a7d10d7189d21eb635a9d271c83f66263,0xcbd06e5a2b0c65597161de254aa074e489deb510,cbDOGE,8,2025-12-25,9094192120761,75
0x8772c46a7d10d7189d21eb635a9d271c83f66263,0xcbd06e5a2b0c65597161de254aa074e489deb510,cbDOGE,8,2025-12-26,572722834728,72
0x8772c46a7d10d7189d21eb635a9d271c83f66263,0xcbd06e5a2b0c65597161de254aa074e489deb510,cbDOGE,8,2025-12-27,-545332444887,11
0x8772c46a7d10d7189d21eb635a9d271c83f66263,0xcbd06e5a2b0c65597161de254aa074e489deb510,cbDOGE,8,2025-12-28,363493547694,11
0x8772c46a7d10d7189d21eb635a9d271c83f66263,0xcbd06e5a2b0c65597161de254aa074e489deb510,cbDOGE,8,2025-12-29,10855776092,16
0x8772c46a7d10d7189d21eb635a9d271c83f66263,0xcbd06e5a2b0c65597161de254aa074e489deb510,cbDOGE,8,2025-12-30,2400676224263,25
0x8772c46a7d10d7189d21eb635a9d271c83f66263,0xcbd06e5a2b0c65597161de254aa074e489deb510,cbDOGE,8,2025-12-31,-903545717574,72
0x8772c46a7d10d7189d21eb635a9d271c83f66263,0xcbd06e5a2b0c65597161de254aa074e489deb510,cbDOGE,8,2026-01-01,-5787628254651,110
0x8772c46a7d10d7189d21eb635a9d271c83f66263,0xcbd06e5a2b0c65597161de254aa074e489deb510,cbDOGE,8,2026-01-02,-1291216003447,155
0x8772c46a7d10d7189d21eb635a9d271c83f66263,0xcbd06e5a2b0c65597161de254aa074e489deb510,cbDOGE,8,2026-01-03,-942565578633,80
0x8772c46a7d10d7189d21eb635a9d271c83f66263,0xcbd06e5a2b0c65597161de254aa074e489deb510,cbDOGE,8,2026-01-04,1128536315969,66
0x8772c46a7d10d7189d21eb635a9d271c83f66263,0xcbd06e5a2b0c65597161de254aa074e489deb510,cbDOGE,8,2026-01-05,95372125361,62
0x8772c46a7d10d7189d21eb635a9d271c83f66263,0xcbd06e5a2b0c65597161de254aa074e489deb510,cbDOGE,8,2026-01-06,2859807801286,89
0x8772c46a7d10d7189d21eb635a9d271c83f66263,0xcbd06e5a2b0c65597161de254aa074e489deb510,cbDOGE,8,2026-01-07,-1912911391968,59
0x8772c46a7d10d7189d21eb635a9d271c83f66263,0xcbd06e5a2b0c65597161de254aa074e489deb510,cbDOGE,8,2026-01-08,6932216661760,59
0x8772c46a7d10d7189d21eb635a9d271c83f66263,0xcbd06e5a2b0c65597161de254aa074e489deb510,cbDOGE,8,2026-01-09,3825397416234,93
0x8772c46a7d10d7189d21eb635a9d271c83f66263,0xcbd06e5a2b0c65597161de254aa074e489deb510,cbDOGE,8,2026-01-10,954470779113,101
0x8772c46a7d10d7189d21eb635a9d271c83f66263,0xcbd06e5a2b0c65597161de254aa074e489deb510,cbDOGE,8,2026-01-11,723816694394,155
0x8772c46a7d10d7189d21eb635a9d271c83f66263,0xcbd06e5a2b0c65597161de254aa074e489deb510,cbDOGE,8,2026-01-12,1144780282746,124
0x8772c46a7d10d7189d21eb635a9d271c83f66263,0xcbd06e5a2b0c65597161de254aa074e489deb510,cbDOGE,8,2026-01-13,-480935333825,165
0x8772c46a7d10d7189d21eb635a9d271c83f66263,0xcbd06e5a2b0c65597161de254aa074e489deb510,cbDOGE,8,2026-01-14,-2414742306889,174
0x8772c46a7d10d7189d21eb635a9d271c83f66263,0xcbd06e5a2b0c65597161de254aa074e489deb510,cbDOGE,8,2026-01-15,-2709285860274,89
0x8772c46a7d10d7189d21eb635a9d271c83f66263,0xcbd06e5a2b0c65597161de254aa074e489deb510,cbDOGE,8,2026-01-16,145684124530,50
0x8772c46a7d10d7189d21eb635a9d271c83f66263,0xcbd06e5a2b0c65597161de254aa074e489deb510,cbDOGE,8,2026-01-17,-1304335613246,108
0x8772c46a7d10d7189d21eb635a9d271c83f66263,0xcbd06e5a2b0c65597161de254aa074e489deb510,cbDOGE,8,2026-01-18,1848256478876,115
0x8772c46a7d10d7189d21eb635a9d271c83f66263,0xcbd06e5a2b0c65597161de254aa074e489deb510,cbDOGE,8,2026-01-19,-1432088947854,72
0x8772c46a7d10d7189d21eb635a9d271c83f66263,0xcbd06e5a2b0c65597161de254aa074e489deb510,cbDOGE,8,2026-01-20,-5011861869984,77
0x8772c46a7d10d7189d21eb635a9d271c83f66263,0xcbd06e5a2b0c65597161de254aa074e489deb510,cbDOGE,8,2026-01-21,-272238035148,67
0x8772c46a7d10d7189d21eb635a9d271c83f66263,0xcbd06e5a2b0c65597161de254aa074e489deb510,cbDOGE,8,2026-01-22,-269187450746,82
0x8772c46a7d10d7189d21eb635a9d271c83f66263,0xcbd06e5a2b0c65597161de254aa074e489deb510,cbDOGE,8,2026-01-23,528741643276,69
0x8772c46a7d10d7189d21eb635a9d271c83f66263,0xcbd06e5a2b0c65597161de254aa074e489deb510,cbDOGE,8,2026-01-24,264237236745,74
0x8772c46a7d10d7189d21eb635a9d271c83f66263,0xcbd06e5a2b0c65597161de254aa074e489deb510,cbDOGE,8,2026-01-25,-1339092908746,68
0x8772c46a7d10d7189d21eb635a9d271c83f66263,0xcbd06e5a2b0c65597161de254aa074e489deb510,cbDOGE,8,2026-01-26,1727586235290,63
0x8772c46a7d10d7189d21eb635a9d271c83f66263,0xcbd06e5a2b0c65597161de254aa074e489deb510,cbDOGE,8,2026-01-27,316890372726,90
0x8772c46a7d10d7189d21eb635a9d271c83f66263,0xcbd06e5a2b0c65597161de254aa074e489deb510,cbDOGE,8,2026-01-28,-1877918273931,122
0x8772c46a7d10d7189d21eb635a9d271c83f66263,0xcbd06e5a2b0c65597161de254aa074e489deb510,cbDOGE,8,2026-01-29,-1191245947621,91
0x8772c46a7d10d7189d21eb635a9d271c83f66263,0xcbd06e5a2b0c65597161de254aa074e489deb510,cbDOGE,8,2026-01-30,-4587890779580,54
0x8772c46a7d10d7189d21eb635a9d271c83f66263,0xcbd06e5a2b0c65597161de254aa074e489deb510,cbDOGE,8,2026-01-31,-570230368548,67
0x8772c46a7d10d7189d21eb635a9d271c83f66263,0xcbd06e5a2b0c65597161de254aa074e489deb510,cbDOGE,8,2026-02-01,-2489564302604,90
0x8772c46a7d10d7189d21eb635a9d271c83f66263,0xcbd06e5a2b0c65597161de254aa074e489deb510,cbDOGE,8,2026-02-02,-22851516800,60
0x8772c46a7d10d7189d21eb635a9d271c83f66263,0xcbd06e5a2b0c65597161de254aa074e489deb510,cbDOGE,8,2026-02-03,-1267223415020,121
0x8772c46a7d10d7189d21eb635a9d271c83f66263,0xcbd06e5a2b0c65597161de254aa074e489deb510,cbDOGE,8,2026-02-04,-825163632310,63
0x8772c46a7d10d7189d21eb635a9d271c83f66263,0xcbd06e5a2b0c65597161de254aa074e489deb510,cbDOGE,8,2026-02-05,857067947685,156
0x8772c46a7d10d7189d21eb635a9d271c83f66263,0xcbd06e5a2b0c65597161de254aa074e489deb510,cbDOGE,8,2026-02-06,-4297834823346,99
0x8772c46a7d10d7189d21eb635a9d271c83f66263,0xcbd06e5a2b0c65597161de254aa074e489deb510,cbDOGE,8,2026-02-07,491614743357,62
0x8772c46a7d10d7189d21eb635a9d271c83f66263,0xcbd06e5a2b0c65597161de254aa074e489deb510,cbDOGE,8,2026-02-08,573944186374,38
0x8772c46a7d10d7189d21eb635a9d271c83f66263,0xcbd06e5a2b0c65597161de254aa074e489deb510,cbDOGE,8,2026-02-09,222782700898,117
0x8772c46a7d10d7189d21eb635a9d271c83f66263,0xcbd06e5a2b0c65597161de254aa074e489deb510,cbDOGE,8,2026-02-10,-507944562139,54
0x8772c46a7d10d7189d21eb635a9d271c83f66263,0xcbd06e5a2b0c65597161de254aa074e489deb510,cbDOGE,8,2026-02-11,-275257275113,78
0x8772c46a7d10d7189d21eb635a9d271c83f66263,0xcbd06e5a2b0c65597161de254aa074e489deb510,cbDOGE,8,2026-02-12,-821936127788,31
0x8772c46a7d10d7189d21eb635a9d271c83f66263,0xcbd06e5a2b0c65597161de254aa074e489deb510,cbDOGE,8,2026-02-13,65569331913,37
0x8772c46a7d10d7189d21eb635a9d271c83f66263,0xcbd06e5a2b0c65597161de254aa074e489deb510,cbDOGE,8,2026-02-14,-4868643454942,152
0x8772c46a7d10d7189d21eb635a9d271c83f66263,0xcbd06e5a2b0c65597161de254aa074e489deb510,cbDOGE,8,2026-02-15,2499436010820,95
0x8772c46a7d10d7189d21eb635a9d271c83f66263,0xcbd06e5a2b0c65597161de254aa074e489deb510,cbDOGE,8,2026-02-16,1273931763125,39
0x8772c46a7d10d7189d21eb635a9d271c83f66263,0xcbd06e5a2b0c65597161de254aa074e489deb510,cbDOGE,8,2026-02-17,-145386153534,49
0x8772c46a7d10d7189d21eb635a9d271c83f66263,0xcbd06e5a2b0c65597161de254aa074e489deb510,cbDOGE,8,2026-02-18,827362110288,87
0x8772c46a7d10d7189d21eb635a9d271c83f66263,0xcbd06e5a2b0c65597161de254aa074e489deb510,cbDOGE,8,2026-02-19,-1222077591142,58
0x8772c46a7d10d7189d21eb635a9d271c83f66263,0xcbd06e5a2b0c65597161de254aa074e489deb510,cbDOGE,8,2026-02-20,-178681573949,131
0x8772c46a7d10d7189d21eb635a9d271c83f66263,0xcbd06e5a2b0c65597161de254aa074e489deb510,cbDOGE,8,2026-02-21,1531040011830,47
0x8772c46a7d10d7189d21eb635a9d271c83f66263,0xcbd06e5a2b0c65597161de254aa074e489deb510,cbDOGE,8,2026-02-22,-467720631587,47
0x8772c46a7d10d7189d21eb635a9d271c83f66263,0xcbd06e5a2b0c65597161de254aa074e489deb510,cbDOGE,8,2026-02-23,-271625048547,42
0x8772c46a7d10d7189d21eb635a9d271c83f66263,0xcbd06e5a2b0c65597161de254aa074e489deb510,cbDOGE,8,2026-02-24,1189801058544,55
0x8772c46a7d10d7189d21eb635a9d271c83f66263,0xcbd06e5a2b0c65597161de254aa074e489deb510,cbDOGE,8,2026-02-25,-53003122466,119
0x8772c46a7d10d7189d21eb635a9d271c83f66263,0xcbd06e5a2b0c65597161de254aa074e489deb510,cbDOGE,8,2026-02-26,143948514492,53
0x8772c46a7d10d7189d21eb635a9d271c83f66263,0xcbd06e5a2b0c65597161de254aa074e489deb510,cbDOGE,8,2026-02-27,-132032411315,45
0x8772c46a7d10d7189d21eb635a9d271c83f66263,0xcbd06e5a2b0c65597161de254aa074e489deb510,cbDOGE,8,2026-02-28,362154933324,76
0x8772c46a7d10d7189d21eb635a9d271c83f66263,0xcbd06e5a2b0c65597161de254aa074e489deb510,cbDOGE,8,2026-03-01,177695200676,47
0x8772c46a7d10d7189d21eb635a9d271c83f66263,0xcbd06e5a2b0c65597161de254aa074e489deb510,cbDOGE,8,2026-03-02,870612122356,73
0x8772c46a7d10d7189d21eb635a9d271c83f66263,0xcbd06e5a2b0c65597161de254aa074e489deb510,cbDOGE,8,2026-03-03,292095449310,53
0x8772c46a7d10d7189d21eb635a9d271c83f66263,0xcbd06e5a2b0c65597161de254aa074e489deb510,cbDOGE,8,2026-03-04,-253348807006,192
0x8772c46a7d10d7189d21eb635a9d271c83f66263,0xcbd06e5a2b0c65597161de254aa074e489deb510,cbDOGE,8,2026-03-05,281715003480,61
0x8772c46a7d10d7189d21eb635a9d271c83f66263,0xcbd06e5a2b0c65597161de254aa074e489deb510,cbDOGE,8,2026-03-06,-870670859799,77
0x8772c46a7d10d7189d21eb635a9d271c83f66263,0xcbd06e5a2b0c65597161de254aa074e489deb510,cbDOGE,8,2026-03-07,170540582119,36
0x8772c46a7d10d7189d21eb635a9d271c83f66263,0xcbd06e5a2b0c65597161de254aa074e489deb510,cbDOGE,8,2026-03-08,412657249537,97
0x8772c46a7d10d7189d21eb635a9d271c83f66263,0xcbd06e5a2b0c65597161de254aa074e489deb510,cbDOGE,8,2026-03-09,409228748658,81
0x8772c46a7d10d7189d21eb635a9d271c83f66263,0xcbd06e5a2b0c65597161de254aa074e489deb510,cbDOGE,8,2026-03-10,-657825426674,187
0x8772c46a7d10d7189d21eb635a9d271c83f66263,0xcbd06e5a2b0c65597161de254aa074e489deb510,cbDOGE,8,2026-03-11,93289980457,63
0x8772c46a7d10d7189d21eb635a9d271c83f66263,0xcbd06e5a2b0c65597161de254aa074e489deb510,cbDOGE,8,2026-03-12,-341663118499,110
0x8772c46a7d10d7189d21eb635a9d271c83f66263,0xcbd06e5a2b0c65597161de254aa074e489deb510,cbDOGE,8,2026-03-13,114766162834,125
0x8772c46a7d10d7189d21eb635a9d271c83f66263,0xcbd06e5a2b0c65597161de254aa074e489deb510,cbDOGE,8,2026-03-14,143985328478,56
0x8772c46a7d10d7189d21eb635a9d271c83f66263,0xcbd06e5a2b0c65597161de254aa074e489deb510,cbDOGE,8,2026-03-15,844094269640,91
0x8772c46a7d10d7189d21eb635a9d271c83f66263,0xcbd06e5a2b0c65597161de254aa074e489deb510,cbDOGE,8,2026-03-16,520135043940,161
0x8772c46a7d10d7189d21eb635a9d271c83f66263,0xcbd06e5a2b0c65597161de254aa074e489deb510,cbDOGE,8,2026-03-17,-139660216135,67
0x8772c46a7d10d7189d21eb635a9d271c83f66263,0xcbd06e5a2b0c65597161de254aa074e489deb510,cbDOGE,8,2026-03-18,224987213240,120
0x8772c46a7d10d7189d21eb635a9d271c83f66263,0xcbd06e5a2b0c65597161de254aa074e489deb510,cbDOGE,8,2026-03-19,-5504185552078,73
0x8772c46a7d10d7189d21eb635a9d271c83f66263,0xcbd06e5a2b0c65597161de254aa074e489deb510,cbDOGE,8,2026-03-20,178640366150,45
0x8772c46a7d10d7189d21eb635a9d271c83f66263,0xcbd06e5a2b0c65597161de254aa074e489deb510,cbDOGE,8,2026-03-21,247929892680,47
0x8772c46a7d10d7189d21eb635a9d271c83f66263,0xcbd06e5a2b0c65597161de254aa074e489deb510,cbDOGE,8,2026-03-22,-325154541814,33
0x8772c46a7d10d7189d21eb635a9d271c83f66263,0xcbd06e5a2b0c65597161de254aa074e489deb510,cbDOGE,8,2026-03-23,261986935815,102
0x8772c46a7d10d7189d21eb635a9d271c83f66263,0xcbd06e5a2b0c65597161de254aa074e489deb510,cbDOGE,8,2026-03-24,-458277056988,61
0x8772c46a7d10d7189d21eb635a9d271c83f66263,0xcbd06e5a2b0c65597161de254aa074e489deb510,cbDOGE,8,2026-03-25,389317984092,45
0x8c8063a449eb9f020449fec4d9f0bca845188929,0x4200000000000000000000000000000000000006,WETH,18,2025-12-20,2413907275730201515,162
0x8c8063a449eb9f020449fec4d9f0bca845188929,0x4200000000000000000000000000000000000006,WETH,18,2025-12-21,2470607184773719311,58
0x8c8063a449eb9f020449fec4d9f0bca845188929,0x4200000000000000000000000000000000000006,WETH,18,2025-12-22,-2541432011406932380,144
0x8c8063a449eb9f020449fec4d9f0bca845188929,0x4200000000000000000000000000000000000006,WETH,18,2025-12-23,1218962582341192110,62
0x8c8063a449eb9f020449fec4d9f0bca845188929,0x4200000000000000000000000000000000000006,WETH,18,2025-12-24,16128688993650347,111
0x8c8063a449eb9f020449fec4d9f0bca845188929,0x4200000000000000000000000000000000000006,WETH,18,2025-12-25,3950763322547363703,49
0x8c8063a449eb9f020449fec4d9f0bca845188929,0x4200000000000000000000000000000000000006,WETH,18,2025-12-26,3353287441105472644,68
0x8c8063a449eb9f020449fec4d9f0bca845188929,0x4200000000000000000000000000000000000006,WETH,18,2025-12-27,-4070613244370573297,77
0x8c8063a449eb9f020449fec4d9f0bca845188929,0x4200000000000000000000000000000000000006,WETH,18,2025-12-28,-2125069676207080551,65
0x8c8063a449eb9f020449fec4d9f0bca845188929,0x4200000000000000000000000000000000000006,WETH,18,2025-12-29,557432128223510992,35
0x8c8063a449eb9f020449fec4d9f0bca845188929,0x4200000000000000000000000000000000000006,WETH,18,2025-12-30,-1087695809343390776,99
0x8c8063a449eb9f020449fec4d9f0bca845188929,0x4200000000000000000000000000000000000006,WETH,18,2025-12-31,-590148591499803021,76
0x8c8063a449eb9f020449fec4d9f0bca845188929,0x4200000000000000000000000000000000000006,WETH,18,2026-01-01,2674732112550649129,97
0x8c8063a449eb9f020449fec4d9f0bca845188929,0x4200000000000000000000000000000000000006,WETH,18,2026-01-02,-1120024885325023463,87
0x8c8063a449eb9f020449fec4d9f0bca845188929,0x4200000000000000000000000000000000000006,WETH,18,2026-01-03,1539370934015583154,121
0x8c8063a449eb9f020449fec4d9f0bca845188929,0x4200000000000000000000000000000000000006,WETH,18,2026-01-04,-1557769851685605449,102
0x8c8063a449eb9f020449fec4d9f0bca845188929,0x4200000000000000000000000000000000000006,WETH,18,2026-01-05,1333108513804555962,81
0x8c8063a449eb9f020449fec4d9f0bca845188929,0x4200000000000000000000000000000000000006,WETH,18,2026-01-06,-355191024135849874,60
0x8c8063a449eb9f020449fec4d9f0bca845188929,0x4200000000000000000000000000000000000006,WETH,18,2026-01-07,561664631156430263,51
0x8c8063a449eb9f020449fec4d9f0bca845188929,0x4200000000000000000000000000000000000006,WETH,18,2026-01-08,2492169624604385760,55
0x8c8063a449eb9f020449fec4d9f0bca845188929,0x4200000000000000000000000000000000000006,WETH,18,2026-01-09,1063387668653683506,126
0x8c8063a449eb9f020449fec4d9f0bca845188929,0x4200000000000000000000000000000000000006,WETH,18,2026-01-10,2187782025122851126,217
0x8c8063a449eb9f020449fec4d9f0bca845188929,0x4200000000000000000000000000000000000006,WETH,18,2026-01-11,-2318241713393198515,322
0x8c8063a449eb9f020449fec4d9f0bca845188929,0x4200000000000000000000000000000000000006,WETH,18,2026-01-12,-1157940958178408832,178
0x8c8063a449eb9f020449fec4d9f0bca845188929,0x4200000000000000000000000000000000000006,WETH,18,2026-01-13,-507537399760406399,278
0x8c8063a449eb9f020449fec4d9f0bca845188929,0x4200000000000000000000000000000000000006,WETH,18,2026-01-14,-2943405042710900463,257
0x8c8063a449eb9f020449fec4d9f0bca845188929,0x4200000000000000000000000000000000000006,WETH,18,2026-01-15,-3165289798509136602,193
0x8c8063a449eb9f020449fec4d9f0bca845188929,0x4200000000000000000000000000000000000006,WETH,18,2026-01-16,4860829663665476934,246
0x8c8063a449eb9f020449fec4d9f0bca845188929,0x4200000000000000000000000000000000000006,WETH,18,2026-01-17,-444927299273421890,92
0x8c8063a449eb9f020449fec4d9f0bca845188929,0x4200000000000000000000000000000000000006,WETH,18,2026-01-18,-2044376693896986732,292
0x8c8063a449eb9f020449fec4d9f0bca845188929,0x4200000000000000000000000000000000000006,WETH,18,2026-01-19,-135884252241723171,111
0x8c8063a449eb9f020449fec4d9f0bca845188929,0x4200000000000000000000000000000000000006,WETH,18,2026-01-20,3721223432004329416,189
0x8c8063a449eb9f020449fec4d9f0bca845188929,0x4200000000000000000000000000000000000006,WETH,18,2026-01-21,-5715018678240087130,151
0x8c8063a449eb9f020449fec4d9f0bca845188929,0x4200000000000000000000000000000000000006,WETH,18,2026-01-22,1265696195365238099,108
0x8c8063a449eb9f020449fec4d9f0bca845188929,0x4200000000000000000000000000000000000006,WETH,18,2026-01-23,-55534872090456215,69
0x8c8063a449eb9f020449fec4d9f0bca845188929,0x4200000000000000000000000000000000000006,WETH,18,2026-01-24,251977973775835305,68
0x8c8063a449eb9f020449fec4d9f0bca845188929,0x4200000000000000000000000000000000000006,WETH,18,2026-01-25,292217283155840148,163
0x8c8063a449eb9f020449fec4d9f0bca845188929,0x4200000000000000000000000000000000000006,WETH,18,2026-01-26,-314987134254487871,140
0x8c8063a449eb9f020449fec4d9f0bca845188929,0x4200000000000000000000000000000000000006,WETH,18,2026-01-27,-1565400502171556219,219
0x8c8063a449eb9f020449fec4d9f0bca845188929,0x4200000000000000000000000000000000000006,WETH,18,2026-01-28,-383987225311754160,78
0x8c8063a449eb9f020449fec4d9f0bca845188929,0x4200000000000000000000000000000000000006,WETH,18,2026-01-29,897609366956947118,190
0x8c8063a449eb9f020449fec4d9f0bca845188929,0x4200000000000000000000000000000000000006,WETH,18,2026-01-30,884090296545897069,86
0x8c8063a449eb9f020449fec4d9f0bca845188929,0x4200000000000000000000000000000000000006,WETH,18,2026-01-31,490751699327751293,109
0x8c8063a449eb9f020449fec4d9f0bca845188929,0x4200000000000000000000000000000000000006,WETH,18,2026-02-01,1165464402840554900,120
0x8c8063a449eb9f020449fec4d9f0bca845188929,0x4200000000000000000000000000000000000006,WETH,18,2026-02-02,-105038717506979064,95
0x8c8063a449eb9f020449fec4d9f0bca845188929,0x4200000000000000000000000000000000000006,WETH,18,2026-02-03,-1744431908479152560,145
0x8c8063a449eb9f020449fec4d9f0bca845188929,0x4200000000000000000000000000000000000006,WETH,18,2026-02-04,-3904871217888793801,152
0x8c8063a449eb9f020449fec4d9f0bca845188929,0x4200000000000000000000000000000000000006,WETH,18,2026-02-05,-2436046748497149578,221
0x8c8063a449eb9f020449fec4d9f0bca845188929,0x4200000000000000000000000000000000000006,WETH,18,2026-02-06,-3374621374533434528,137
0x8c8063a449eb9f020449fec4d9f0bca845188929,0x4200000000000000000000000000000000000006,WETH,18,2026-02-07,-352121862189778333,85
0x8c8063a449eb9f020449fec4d9f0bca845188929,0x4200000000000000000000000000000000000006,WETH,18,2026-02-08,-33996726397530863,66
0x8c8063a449eb9f020449fec4d9f0bca845188929,0x4200000000000000000000000000000000000006,WETH,18,2026-02-09,131990580431072473,76
0x8c8063a449eb9f020449fec4d9f0bca845188929,0x4200000000000000000000000000000000000006,WETH,18,2026-02-10,594626649667427386,61
0x8c8063a449eb9f020449fec4d9f0bca845188929,0x4200000000000000000000000000000000000006,WETH,18,2026-02-11,312996780972779082,82
0x8c8063a449eb9f020449fec4d9f0bca845188929,0x4200000000000000000000000000000000000006,WETH,18,2026-02-12,315773777102792196,145
0x8c8063a449eb9f020449fec4d9f0bca845188929,0x4200000000000000000000000000000000000006,WETH,18,2026-02-13,-114199811449951133,54
0x8c8063a449eb9f020449fec4d9f0bca845188929,0x4200000000000000000000000000000000000006,WETH,18,2026-02-14,-19463888756838990,62
0x8c8063a449eb9f020449fec4d9f0bca845188929,0x4200000000000000000000000000000000000006,WETH,18,2026-02-15,-23019115209334136,97
0x8c8063a449eb9f020449fec4d9f0bca845188929,0x4200000000000000000000000000000000000006,WETH,18,2026-02-16,250795854890783814,85
0x8c8063a449eb9f020449fec4d9f0bca845188929,0x4200000000000000000000000000000000000006,WETH,18,2026-02-17,-719028247105662012,65
0x8c8063a449eb9f020449fec4d9f0bca845188929,0x4200000000000000000000000000000000000006,WETH,18,2026-02-18,-34930636676881848,37
0x8c8063a449eb9f020449fec4d9f0bca845188929,0x4200000000000000000000000000000000000006,WETH,18,2026-02-19,280325267016754477,39
0x8c8063a449eb9f020449fec4d9f0bca845188929,0x4200000000000000000000000000000000000006,WETH,18,2026-02-20,641289832644799776,59
0x8c8063a449eb9f020449fec4d9f0bca845188929,0x4200000000000000000000000000000000000006,WETH,18,2026-02-21,-1560741744435536718,46
0x8c8063a449eb9f020449fec4d9f0bca845188929,0x4200000000000000000000000000000000000006,WETH,18,2026-02-22,-14991037936439674,61
0x8c8063a449eb9f020449fec4d9f0bca845188929,0x4200000000000000000000000000000000000006,WETH,18,2026-02-23,142535930971929512,85
0x8c8063a449eb9f020449fec4d9f0bca845188929,0x4200000000000000000000000000000000000006,WETH,18,2026-02-24,-95313966203942924,114
0x8c8063a449eb9f020449fec4d9f0bca845188929,0x4200000000000000000000000000000000000006,WETH,18,2026-02-25,-721675939229994153,164
0x8c8063a449eb9f020449fec4d9f0bca845188929,0x4200000000000000000000000000000000000006,WETH,18,2026-02-26,20559917094606512,64
0x8c8063a449eb9f020449fec4d9f0bca845188929,0x4200000000000000000000000000000000000006,WETH,18,2026-02-27,753836491112647211,52
0x8c8063a449eb9f020449fec4d9f0bca845188929,0x4200000000000000000000000000000000000006,WETH,18,2026-02-28,-859467615581888124,78
0x8c8063a449eb9f020449fec4d9f0bca845188929,0x4200000000000000000000000000000000000006,WETH,18,2026-03-01,155690899983227324,35
0x8c8063a449eb9f020449fec4d9f0bca845188929,0x4200000000000000000000000000000000000006,WETH,18,2026-03-02,-51377385227202282,57
0x8c8063a449eb9f020449fec4d9f0bca845188929,0x4200000000000000000000000000000000000006,WETH,18,2026-03-03,892136679794313382,55
0x8c8063a449eb9f020449fec4d9f0bca845188929,0x4200000000000000000000000000000000000006,WETH,18,2026-03-04,-1244845828252949401,83
0x8c8063a449eb9f020449fec4d9f0bca845188929,0x4200000000000000000000000000000000000006,WETH,18,2026-03-05,238678801344869924,82
0x8c8063a449eb9f020449fec4d9f0bca845188929,0x4200000000000000000000000000000000000006,WETH,18,2026-03-06,-2026447408560427807,54
0x8c8063a449eb9f020449fec4d9f0bca845188929,0x4200000000000000000000000000000000000006,WETH,18,2026-03-07,63363806193997907,39
0x8c8063a449eb9f020449fec4d9f0bca845188929,0x4200000000000000000000000000000000000006,WETH,18,2026-03-08,-321321004916208451,77
0x8c8063a449eb9f020449fec4d9f0bca845188929,0x4200000000000000000000000000000000000006,WETH,18,2026-03-09,-169807617611186314,58
0x8c8063a449eb9f020449fec4d9f0bca845188929,0x4200000000000000000000000000000000000006,WETH,18,2026-03-10,-794995283893812112,45
0x8c8063a449eb9f020449fec4d9f0bca845188929,0x4200000000000000000000000000000000000006,WETH,18,2026-03-11,47721328001252550,51
0x8c8063a449eb9f020449fec4d9f0bca845188929,0x4200000000000000000000000000000000000006,WETH,18,2026-03-12,-150394485865444312,78
0x8c8063a449eb9f020449fec4d9f0bca845188929,0x4200000000000000000000000000000000000006,WETH,18,2026-03-13,113562085352211661,78
0x8c8063a449eb9f020449fec4d9f0bca845188929,0x4200000000000000000000000000000000000006,WETH,18,2026-03-14,-98469692715483837,28
0x8c8063a449eb9f020449fec4d9f0bca845188929,0x4200000000000000000000000000000000000006,WETH,18,2026-03-15,-312740984049992743,74
0x8c8063a449eb9f020449fec4d9f0bca845188929,0x4200000000000000000000000000000000000006,WETH,18,2026-03-16,-319155399462267370,78
0x8c8063a449eb9f020449fec4d9f0bca845188929,0x4200000000000000000000000000000000000006,WETH,18,2026-03-17,-3441489968385629,36
0x8c8063a449eb9f020449fec4d9f0bca845188929,0x4200000000000000000000000000000000000006,WETH,18,2026-03-18,192553063798418997,96
0x8c8063a449eb9f020449fec4d9f0bca845188929,0x4200000000000000000000000000000000000006,WETH,18,2026-03-19,342369145122181938,35
0x8c8063a449eb9f020449fec4d9f0bca845188929,0x4200000000000000000000000000000000000006,WETH,18,2026-03-20,31164545591922197,23
0x8c8063a449eb9f020449fec4d9f0bca845188929,0x4200000000000000000000000000000000000006,WETH,18,2026-03-21,-201504722954885365,43
0x8c8063a449eb9f020449fec4d9f0bca845188929,0x4200000000000000000000000000000000000006,WETH,18,2026-03-22,210667603076320664,36
0x8c8063a449eb9f020449fec4d9f0bca845188929,0x4200000000000000000000000000000000000006,WETH,18,2026-03-23,-155002616117815778,54
0x8c8063a449eb9f020449fec4d9f0bca845188929,0x4200000000000000000000000000000000000006,WETH,18,2026-03-24,79710391444414713,34
0x8c8063a449eb9f020449fec4d9f0bca845188929,0x4200000000000000000000000000000000000006,WETH,18,2026-03-25,-29922629999261243,40
0x8c8063a449eb9f020449fec4d9f0bca845188929,0xcb17c9db87b595717c857a08468793f5bab6445f,cbLTC,8,2025-12-20,4532835859,161
0x8c8063a449eb9f020449fec4d9f0bca845188929,0xcb17c9db87b595717c857a08468793f5bab6445f,cbLTC,8,2025-12-21,3829946983,63
0x8c8063a449eb9f020449fec4d9f0bca845188929,0xcb17c9db87b595717c857a08468793f5bab6445f,cbLTC,8,2025-12-22,-690579202,145
0x8c8063a449eb9f020449fec4d9f0bca845188929,0xcb17c9db87b595717c857a08468793f5bab6445f,cbLTC,8,2025-12-23,-4699526959,60
0x8c8063a449eb9f020449fec4d9f0bca845188929,0xcb17c9db87b595717c857a08468793f5bab6445f,cbLTC,8,2025-12-24,1493397194,116
0x8c8063a449eb9f020449fec4d9f0bca845188929,0xcb17c9db87b595717c857a08468793f5bab6445f,cbLTC,8,2025-12-25,11497115709,54
0x8c8063a449eb9f020449fec4d9f0bca845188929,0xcb17c9db87b595717c857a08468793f5bab6445f,cbLTC,8,2025-12-26,-2216684231,73
0x8c8063a449eb9f020449fec4d9f0bca845188929,0xcb17c9db87b595717c857a08468793f5bab6445f,cbLTC,8,2025-12-27,-3874995345,65
0x8c8063a449eb9f020449fec4d9f0bca845188929,0xcb17c9db87b595717c857a08468793f5bab6445f,cbLTC,8,2025-12-28,8272046434,69
0x8c8063a449eb9f020449fec4d9f0bca845188929,0xcb17c9db87b595717c857a08468793f5bab6445f,cbLTC,8,2025-12-29,-2449173670,36
0x8c8063a449eb9f020449fec4d9f0bca845188929,0xcb17c9db87b595717c857a08468793f5bab6445f,cbLTC,8,2025-12-30,4275572742,99
0x8c8063a449eb9f020449fec4d9f0bca845188929,0xcb17c9db87b595717c857a08468793f5bab6445f,cbLTC,8,2025-12-31,5420524090,86
0x8c8063a449eb9f020449fec4d9f0bca845188929,0xcb17c9db87b595717c857a08468793f5bab6445f,cbLTC,8,2026-01-01,-6862297150,97
0x8c8063a449eb9f020449fec4d9f0bca845188929,0xcb17c9db87b595717c857a08468793f5bab6445f,cbLTC,8,2026-01-02,189594440,93
0x8c8063a449eb9f020449fec4d9f0bca845188929,0xcb17c9db87b595717c857a08468793f5bab6445f,cbLTC,8,2026-01-03,19167668073,127
0x8c8063a449eb9f020449fec4d9f0bca845188929,0xcb17c9db87b595717c857a08468793f5bab6445f,cbLTC,8,2026-01-04,4763387103,105
0x8c8063a449eb9f020449fec4d9f0bca845188929,0xcb17c9db87b595717c857a08468793f5bab6445f,cbLTC,8,2026-01-05,-8552856938,81
0x8c8063a449eb9f020449fec4d9f0bca845188929,0xcb17c9db87b595717c857a08468793f5bab6445f,cbLTC,8,2026-01-06,1388809979,68
0x8c8063a449eb9f020449fec4d9f0bca845188929,0xcb17c9db87b595717c857a08468793f5bab6445f,cbLTC,8,2026-01-07,-2722738293,48
0x8c8063a449eb9f020449fec4d9f0bca845188929,0xcb17c9db87b595717c857a08468793f5bab6445f,cbLTC,8,2026-01-08,2254496518,53
0x8c8063a449eb9f020449fec4d9f0bca845188929,0xcb17c9db87b595717c857a08468793f5bab6445f,cbLTC,8,2026-01-09,-860313230,127
0x8c8063a449eb9f020449fec4d9f0bca845188929,0xcb17c9db87b595717c857a08468793f5bab6445f,cbLTC,8,2026-01-10,-415594753,219
0x8c8063a449eb9f020449fec4d9f0bca845188929,0xcb17c9db87b595717c857a08468793f5bab6445f,cbLTC,8,2026-01-11,9934974649,332
0x8c8063a449eb9f020449fec4d9f0bca845188929,0xcb17c9db87b595717c857a08468793f5bab6445f,cbLTC,8,2026-01-12,4750191152,190
0x8c8063a449eb9f020449fec4d9f0bca845188929,0xcb17c9db87b595717c857a08468793f5bab6445f,cbLTC,8,2026-01-13,5038978766,287
0x8c8063a449eb9f020449fec4d9f0bca845188929,0xcb17c9db87b595717c857a08468793f5bab6445f,cbLTC,8,2026-01-14,945579692,276
0x8c8063a449eb9f020449fec4d9f0bca845188929,0xcb17c9db87b595717c857a08468793f5bab6445f,cbLTC,8,2026-01-15,-11356463547,208
0x8c8063a449eb9f020449fec4d9f0bca845188929,0xcb17c9db87b595717c857a08468793f5bab6445f,cbLTC,8,2026-01-16,-9998027420,248
0x8c8063a449eb9f020449fec4d9f0bca845188929,0xcb17c9db87b595717c857a08468793f5bab6445f,cbLTC,8,2026-01-17,1903982396,92
0x8c8063a449eb9f020449fec4d9f0bca845188929,0xcb17c9db87b595717c857a08468793f5bab6445f,cbLTC,8,2026-01-18,9134624034,298
0x8c8063a449eb9f020449fec4d9f0bca845188929,0xcb17c9db87b595717c857a08468793f5bab6445f,cbLTC,8,2026-01-19,-2164887575,108
0x8c8063a449eb9f020449fec4d9f0bca845188929,0xcb17c9db87b595717c857a08468793f5bab6445f,cbLTC,8,2026-01-20,-16410437803,189
0x8c8063a449eb9f020449fec4d9f0bca845188929,0xcb17c9db87b595717c857a08468793f5bab6445f,cbLTC,8,2026-01-21,3739249104,149
0x8c8063a449eb9f020449fec4d9f0bca845188929,0xcb17c9db87b595717c857a08468793f5bab6445f,cbLTC,8,2026-01-22,-5535263970,106
0x8c8063a449eb9f020449fec4d9f0bca845188929,0xcb17c9db87b595717c857a08468793f5bab6445f,cbLTC,8,2026-01-23,859492213,70
0x8c8063a449eb9f020449fec4d9f0bca845188929,0xcb17c9db87b595717c857a08468793f5bab6445f,cbLTC,8,2026-01-24,-88049441,68
0x8c8063a449eb9f020449fec4d9f0bca845188929,0xcb17c9db87b595717c857a08468793f5bab6445f,cbLTC,8,2026-01-25,-1177447537,158
0x8c8063a449eb9f020449fec4d9f0bca845188929,0xcb17c9db87b595717c857a08468793f5bab6445f,cbLTC,8,2026-01-26,1884507856,136
0x8c8063a449eb9f020449fec4d9f0bca845188929,0xcb17c9db87b595717c857a08468793f5bab6445f,cbLTC,8,2026-01-27,10564615411,224
0x8c8063a449eb9f020449fec4d9f0bca845188929,0xcb17c9db87b595717c857a08468793f5bab6445f,cbLTC,8,2026-01-28,1665229437,80
0x8c8063a449eb9f020449fec4d9f0bca845188929,0xcb17c9db87b595717c857a08468793f5bab6445f,cbLTC,8,2026-01-29,-4589680891,190
0x8c8063a449eb9f020449fec4d9f0bca845188929,0xcb17c9db87b595717c857a08468793f5bab6445f,cbLTC,8,2026-01-30,-7509267742,84
0x8c8063a449eb9f020449fec4d9f0bca845188929,0xcb17c9db87b595717c857a08468793f5bab6445f,cbLTC,8,2026-01-31,-2027423618,109
0x8c8063a449eb9f020449fec4d9f0bca845188929,0xcb17c9db87b595717c857a08468793f5bab6445f,cbLTC,8,2026-02-01,-4640104514,104
0x8c8063a449eb9f020449fec4d9f0bca845188929,0xcb17c9db87b595717c857a08468793f5bab6445f,cbLTC,8,2026-02-02,877156726,95
0x8c8063a449eb9f020449fec4d9f0bca845188929,0xcb17c9db87b595717c857a08468793f5bab6445f,cbLTC,8,2026-02-03,-2494399281,130
0x8c8063a449eb9f020449fec4d9f0bca845188929,0xcb17c9db87b595717c857a08468793f5bab6445f,cbLTC,8,2026-02-04,-14787806592,139
0x8c8063a449eb9f020449fec4d9f0bca845188929,0xcb17c9db87b595717c857a08468793f5bab6445f,cbLTC,8,2026-02-05,2177480069,229
0x8c8063a449eb9f020449fec4d9f0bca845188929,0xcb17c9db87b595717c857a08468793f5bab6445f,cbLTC,8,2026-02-06,-10898402801,140
0x8c8063a449eb9f020449fec4d9f0bca845188929,0xcb17c9db87b595717c857a08468793f5bab6445f,cbLTC,8,2026-02-07,-3152888039,87
0x8c8063a449eb9f020449fec4d9f0bca845188929,0xcb17c9db87b595717c857a08468793f5bab6445f,cbLTC,8,2026-02-08,129666817,70
0x8c8063a449eb9f020449fec4d9f0bca845188929,0xcb17c9db87b595717c857a08468793f5bab6445f,cbLTC,8,2026-02-09,16760880,78
0x8c8063a449eb9f020449fec4d9f0bca845188929,0xcb17c9db87b595717c857a08468793f5bab6445f,cbLTC,8,2026-02-10,-2493280928,61
0x8c8063a449eb9f020449fec4d9f0bca845188929,0xcb17c9db87b595717c857a08468793f5bab6445f,cbLTC,8,2026-02-11,-1173504920,82
0x8c8063a449eb9f020449fec4d9f0bca845188929,0xcb17c9db87b595717c857a08468793f5bab6445f,cbLTC,8,2026-02-12,-1170320176,143
0x8c8063a449eb9f020449fec4d9f0bca845188929,0xcb17c9db87b595717c857a08468793f5bab6445f,cbLTC,8,2026-02-13,422299241,56
0x8c8063a449eb9f020449fec4d9f0bca845188929,0xcb17c9db87b595717c857a08468793f5bab6445f,cbLTC,8,2026-02-14,72917753,62
0x8c8063a449eb9f020449fec4d9f0bca845188929,0xcb17c9db87b595717c857a08468793f5bab6445f,cbLTC,8,2026-02-15,253832604,87
0x8c8063a449eb9f020449fec4d9f0bca845188929,0xcb17c9db87b595717c857a08468793f5bab6445f,cbLTC,8,2026-02-16,-1383046184,82
0x8c8063a449eb9f020449fec4d9f0bca845188929,0xcb17c9db87b595717c857a08468793f5bab6445f,cbLTC,8,2026-02-17,2623085520,65
0x8c8063a449eb9f020449fec4d9f0bca845188929,0xcb17c9db87b595717c857a08468793f5bab6445f,cbLTC,8,2026-02-18,127988670,38
0x8c8063a449eb9f020449fec4d9f0bca845188929,0xcb17c9db87b595717c857a08468793f5bab6445f,cbLTC,8,2026-02-19,-1026767885,39
0x8c8063a449eb9f020449fec4d9f0bca845188929,0xcb17c9db87b595717c857a08468793f5bab6445f,cbLTC,8,2026-02-20,-2327047289,53
0x8c8063a449eb9f020449fec4d9f0bca845188929,0xcb17c9db87b595717c857a08468793f5bab6445f,cbLTC,8,2026-02-21,778425613,48
0x8c8063a449eb9f020449fec4d9f0bca845188929,0xcb17c9db87b595717c857a08468793f5bab6445f,cbLTC,8,2026-02-22,801507551,59
0x8c8063a449eb9f020449fec4d9f0bca845188929,0xcb17c9db87b595717c857a08468793f5bab6445f,cbLTC,8,2026-02-23,-507961884,85
0x8c8063a449eb9f020449fec4d9f0bca845188929,0xcb17c9db87b595717c857a08468793f5bab6445f,cbLTC,8,2026-02-24,341364638,114
0x8c8063a449eb9f020449fec4d9f0bca845188929,0xcb17c9db87b595717c857a08468793f5bab6445f,cbLTC,8,2026-02-25,2276502015,163
0x8c8063a449eb9f020449fec4d9f0bca845188929,0xcb17c9db87b595717c857a08468793f5bab6445f,cbLTC,8,2026-02-26,-56080880,70
0x8c8063a449eb9f020449fec4d9f0bca845188929,0xcb17c9db87b595717c857a08468793f5bab6445f,cbLTC,8,2026-02-27,-2885885508,53
0x8c8063a449eb9f020449fec4d9f0bca845188929,0xcb17c9db87b595717c857a08468793f5bab6445f,cbLTC,8,2026-02-28,3081452243,80
0x8c8063a449eb9f020449fec4d9f0bca845188929,0xcb17c9db87b595717c857a08468793f5bab6445f,cbLTC,8,2026-03-01,-568289899,37
0x8c8063a449eb9f020449fec4d9f0bca845188929,0xcb17c9db87b595717c857a08468793f5bab6445f,cbLTC,8,2026-03-02,164909880,61
0x8c8063a449eb9f020449fec4d9f0bca845188929,0xcb17c9db87b595717c857a08468793f5bab6445f,cbLTC,8,2026-03-03,-3255600778,55
0x8c8063a449eb9f020449fec4d9f0bca845188929,0xcb17c9db87b595717c857a08468793f5bab6445f,cbLTC,8,2026-03-04,4570883463,87
0x8c8063a449eb9f020449fec4d9f0bca845188929,0xcb17c9db87b595717c857a08468793f5bab6445f,cbLTC,8,2026-03-05,-1255520952,84
0x8c8063a449eb9f020449fec4d9f0bca845188929,0xcb17c9db87b595717c857a08468793f5bab6445f,cbLTC,8,2026-03-06,-3589498340,54
0x8c8063a449eb9f020449fec4d9f0bca845188929,0xcb17c9db87b595717c857a08468793f5bab6445f,cbLTC,8,2026-03-07,-31527329,37
0x8c8063a449eb9f020449fec4d9f0bca845188929,0xcb17c9db87b595717c857a08468793f5bab6445f,cbLTC,8,2026-03-08,1188171434,79
0x8c8063a449eb9f020449fec4d9f0bca845188929,0xcb17c9db87b595717c857a08468793f5bab6445f,cbLTC,8,2026-03-09,638250341,60
0x8c8063a449eb9f020449fec4d9f0bca845188929,0xcb17c9db87b595717c857a08468793f5bab6445f,cbLTC,8,2026-03-10,-3311239837,45
0x8c8063a449eb9f020449fec4d9f0bca845188929,0xcb17c9db87b595717c857a08468793f5bab6445f,cbLTC,8,2026-03-11,-185194043,52
0x8c8063a449eb9f020449fec4d9f0bca845188929,0xcb17c9db87b595717c857a08468793f5bab6445f,cbLTC,8,2026-03-12,570509736,88
0x8c8063a449eb9f020449fec4d9f0bca845188929,0xcb17c9db87b595717c857a08468793f5bab6445f,cbLTC,8,2026-03-13,-474416165,78
0x8c8063a449eb9f020449fec4d9f0bca845188929,0xcb17c9db87b595717c857a08468793f5bab6445f,cbLTC,8,2026-03-14,373940021,30
0x8c8063a449eb9f020449fec4d9f0bca845188929,0xcb17c9db87b595717c857a08468793f5bab6445f,cbLTC,8,2026-03-15,1212859829,84
0x8c8063a449eb9f020449fec4d9f0bca845188929,0xcb17c9db87b595717c857a08468793f5bab6445f,cbLTC,8,2026-03-16,-1037332712,86
0x8c8063a449eb9f020449fec4d9f0bca845188929,0xcb17c9db87b595717c857a08468793f5bab6445f,cbLTC,8,2026-03-17,11143415,33
0x8c8063a449eb9f020449fec4d9f0bca845188929,0xcb17c9db87b595717c857a08468793f5bab6445f,cbLTC,8,2026-03-18,-902014484,96
0x8c8063a449eb9f020449fec4d9f0bca845188929,0xcb17c9db87b595717c857a08468793f5bab6445f,cbLTC,8,2026-03-19,-1333544515,35
0x8c8063a449eb9f020449fec4d9f0bca845188929,0xcb17c9db87b595717c857a08468793f5bab6445f,cbLTC,8,2026-03-20,-119232536,22
0x8c8063a449eb9f020449fec4d9f0bca845188929,0xcb17c9db87b595717c857a08468793f5bab6445f,cbLTC,8,2026-03-21,635322400,43
0x8c8063a449eb9f020449fec4d9f0bca845188929,0xcb17c9db87b595717c857a08468793f5bab6445f,cbLTC,8,2026-03-22,-809913009,36
0x8c8063a449eb9f020449fec4d9f0bca845188929,0xcb17c9db87b595717c857a08468793f5bab6445f,cbLTC,8,2026-03-23,595437905,56
0x8c8063a449eb9f020449fec4d9f0bca845188929,0xcb17c9db87b595717c857a08468793f5bab6445f,cbLTC,8,2026-03-24,-306762107,34
0x8c8063a449eb9f020449fec4d9f0bca845188929,0xcb17c9db87b595717c857a08468793f5bab6445f,cbLTC,8,2026-03-25,-308307444,43
0xd604cf300a4ae4345426df42ffb296aa35b4bef2,0x50c5725949a6f0c72e6c4a641f24049a917db0cb,DAI,18,2025-12-20,-3239583064041514070379,311
0xd604cf300a4ae4345426df42ffb296aa35b4bef2,0x50c5725949a6f0c72e6c4a641f24049a917db0cb,DAI,18,2025-12-21,-9052564219031744013273,350
0xd604cf300a4ae4345426df42ffb296aa35b4bef2,0x50c5725949a6f0c72e6c4a641f24049a917db0cb,DAI,18,2025-12-22,-13235828331623348978752,634
0xd604cf300a4ae4345426df42ffb296aa35b4bef2,0x50c5725949a6f0c72e6c4a641f24049a917db0cb,DAI,18,2025-12-23,-287130747025068880239,345
0xd604cf300a4ae4345426df42ffb296aa35b4bef2,0x50c5725949a6f0c72e6c4a641f24049a917db0cb,DAI,18,2025-12-24,40143964625307828517802,496
0xd604cf300a4ae4345426df42ffb296aa35b4bef2,0x50c5725949a6f0c72e6c4a641f24049a917db0cb,DAI,18,2025-12-25,3953185342352831457791,441
0xd604cf300a4ae4345426df42ffb296aa35b4bef2,0x50c5725949a6f0c72e6c4a641f24049a917db0cb,DAI,18,2025-12-26,6434833457044275327682,639
0xd604cf300a4ae4345426df42ffb296aa35b4bef2,0x50c5725949a6f0c72e6c4a641f24049a917db0cb,DAI,18,2025-12-27,-1746075283331267032547,188
0xd604cf300a4ae4345426df42ffb296aa35b4bef2,0x50c5725949a6f0c72e6c4a641f24049a917db0cb,DAI,18,2025-12-28,17064237410914329356891,256
0xd604cf300a4ae4345426df42ffb296aa35b4bef2,0x50c5725949a6f0c72e6c4a641f24049a917db0cb,DAI,18,2025-12-29,-3808091640424069925499,306
0xd604cf300a4ae4345426df42ffb296aa35b4bef2,0x50c5725949a6f0c72e6c4a641f24049a917db0cb,DAI,18,2025-12-30,23973224712135552361456,635
0xd604cf300a4ae4345426df42ffb296aa35b4bef2,0x50c5725949a6f0c72e6c4a641f24049a917db0cb,DAI,18,2025-12-31,-912757303831676264942,538
0xd604cf300a4ae4345426df42ffb296aa35b4bef2,0x50c5725949a6f0c72e6c4a641f24049a917db0cb,DAI,18,2026-01-01,-38108282240899013385491,607
0xd604cf300a4ae4345426df42ffb296aa35b4bef2,0x50c5725949a6f0c72e6c4a641f24049a917db0cb,DAI,18,2026-01-02,-43289335382543060591572,634
0xd604cf300a4ae4345426df42ffb296aa35b4bef2,0x50c5725949a6f0c72e6c4a641f24049a917db0cb,DAI,18,2026-01-03,-1027707154800229493635,420
0xd604cf300a4ae4345426df42ffb296aa35b4bef2,0x50c5725949a6f0c72e6c4a641f24049a917db0cb,DAI,18,2026-01-04,-3380152498810645446893,369
0xd604cf300a4ae4345426df42ffb296aa35b4bef2,0x50c5725949a6f0c72e6c4a641f24049a917db0cb,DAI,18,2026-01-05,10948959728125701708854,421
0xd604cf300a4ae4345426df42ffb296aa35b4bef2,0x50c5725949a6f0c72e6c4a641f24049a917db0cb,DAI,18,2026-01-06,-97806181724053703045007,544
0xd604cf300a4ae4345426df42ffb296aa35b4bef2,0x50c5725949a6f0c72e6c4a641f24049a917db0cb,DAI,18,2026-01-07,7427361790575978868501,438
0xd604cf300a4ae4345426df42ffb296aa35b4bef2,0x50c5725949a6f0c72e6c4a641f24049a917db0cb,DAI,18,2026-01-08,35728594514756273124687,428
0xd604cf300a4ae4345426df42ffb296aa35b4bef2,0x50c5725949a6f0c72e6c4a641f24049a917db0cb,DAI,18,2026-01-09,111313365173507651349555,396
0xd604cf300a4ae4345426df42ffb296aa35b4bef2,0x50c5725949a6f0c72e6c4a641f24049a917db0cb,DAI,18,2026-01-10,-1508078863121947848071,285
0xd604cf300a4ae4345426df42ffb296aa35b4bef2,0x50c5725949a6f0c72e6c4a641f24049a917db0cb,DAI,18,2026-01-11,-20484410846857297274059,442
0xd604cf300a4ae4345426df42ffb296aa35b4bef2,0x50c5725949a6f0c72e6c4a641f24049a917db0cb,DAI,18,2026-01-12,32306523368584664327750,297
0xd604cf300a4ae4345426df42ffb296aa35b4bef2,0x50c5725949a6f0c72e6c4a641f24049a917db0cb,DAI,18,2026-01-13,-23646556121015268516613,958
0xd604cf300a4ae4345426df42ffb296aa35b4bef2,0x50c5725949a6f0c72e6c4a641f24049a917db0cb,DAI,18,2026-01-14,-6297902461913639471426,962
0xd604cf300a4ae4345426df42ffb296aa35b4bef2,0x50c5725949a6f0c72e6c4a641f24049a917db0cb,DAI,18,2026-01-15,8772918455769626780832,250
0xd604cf300a4ae4345426df42ffb296aa35b4bef2,0x50c5725949a6f0c72e6c4a641f24049a917db0cb,DAI,18,2026-01-16,-2821441399832656845819,230
0xd604cf300a4ae4345426df42ffb296aa35b4bef2,0x50c5725949a6f0c72e6c4a641f24049a917db0cb,DAI,18,2026-01-17,-576519489565173197659,166
0xd604cf300a4ae4345426df42ffb296aa35b4bef2,0x50c5725949a6f0c72e6c4a641f24049a917db0cb,DAI,18,2026-01-18,-4443289210776589905505,121
0xd604cf300a4ae4345426df42ffb296aa35b4bef2,0x50c5725949a6f0c72e6c4a641f24049a917db0cb,DAI,18,2026-01-19,-24513082921838705414694,306
0xd604cf300a4ae4345426df42ffb296aa35b4bef2,0x50c5725949a6f0c72e6c4a641f24049a917db0cb,DAI,18,2026-01-20,-55008040797186260551385,223
0xd604cf300a4ae4345426df42ffb296aa35b4bef2,0x50c5725949a6f0c72e6c4a641f24049a917db0cb,DAI,18,2026-01-21,5509130366893006881904,350
0xd604cf300a4ae4345426df42ffb296aa35b4bef2,0x50c5725949a6f0c72e6c4a641f24049a917db0cb,DAI,18,2026-01-22,14463726824211010779290,200
0xd604cf300a4ae4345426df42ffb296aa35b4bef2,0x50c5725949a6f0c72e6c4a641f24049a917db0cb,DAI,18,2026-01-23,-2991309344656471563915,99
0xd604cf300a4ae4345426df42ffb296aa35b4bef2,0x50c5725949a6f0c72e6c4a641f24049a917db0cb,DAI,18,2026-01-24,125597244340880906364,84
0xd604cf300a4ae4345426df42ffb296aa35b4bef2,0x50c5725949a6f0c72e6c4a641f24049a917db0cb,DAI,18,2026-01-25,400447973429876374024,137
0xd604cf300a4ae4345426df42ffb296aa35b4bef2,0x50c5725949a6f0c72e6c4a641f24049a917db0cb,DAI,18,2026-01-26,657984755407721719337,162
0xd604cf300a4ae4345426df42ffb296aa35b4bef2,0x50c5725949a6f0c72e6c4a641f24049a917db0cb,DAI,18,2026-01-27,2155508340345505397353,196
0xd604cf300a4ae4345426df42ffb296aa35b4bef2,0x50c5725949a6f0c72e6c4a641f24049a917db0cb,DAI,18,2026-01-28,-639216123588710133040,178
0xd604cf300a4ae4345426df42ffb296aa35b4bef2,0x50c5725949a6f0c72e6c4a641f24049a917db0cb,DAI,18,2026-01-29,4746917811998148099126,73
0xd604cf300a4ae4345426df42ffb296aa35b4bef2,0x50c5725949a6f0c72e6c4a641f24049a917db0cb,DAI,18,2026-01-30,-1588006136935598795208,176
0xd604cf300a4ae4345426df42ffb296aa35b4bef2,0x50c5725949a6f0c72e6c4a641f24049a917db0cb,DAI,18,2026-01-31,-6777391873840245531895,134
0xd604cf300a4ae4345426df42ffb296aa35b4bef2,0x50c5725949a6f0c72e6c4a641f24049a917db0cb,DAI,18,2026-02-01,6882199747517728997553,426
0xd604cf300a4ae4345426df42ffb296aa35b4bef2,0x50c5725949a6f0c72e6c4a641f24049a917db0cb,DAI,18,2026-02-02,-705700614356015467334,420
0xd604cf300a4ae4345426df42ffb296aa35b4bef2,0x50c5725949a6f0c72e6c4a641f24049a917db0cb,DAI,18,2026-02-03,-4681687129413509864287,161
0xd604cf300a4ae4345426df42ffb296aa35b4bef2,0x50c5725949a6f0c72e6c4a641f24049a917db0cb,DAI,18,2026-02-04,1331998550565990150719,110
0xd604cf300a4ae4345426df42ffb296aa35b4bef2,0x50c5725949a6f0c72e6c4a641f24049a917db0cb,DAI,18,2026-02-05,-8316859802148938202709,333
0xd604cf300a4ae4345426df42ffb296aa35b4bef2,0x50c5725949a6f0c72e6c4a641f24049a917db0cb,DAI,18,2026-02-06,626470519644588531841,179
0xd604cf300a4ae4345426df42ffb296aa35b4bef2,0x50c5725949a6f0c72e6c4a641f24049a917db0cb,DAI,18,2026-02-07,-920662721496753735517,83
0xd604cf300a4ae4345426df42ffb296aa35b4bef2,0x50c5725949a6f0c72e6c4a641f24049a917db0cb,DAI,18,2026-02-08,3005153066946191425220,125
0xd604cf300a4ae4345426df42ffb296aa35b4bef2,0x50c5725949a6f0c72e6c4a641f24049a917db0cb,DAI,18,2026-02-09,1075141258308382523683,269
0xd604cf300a4ae4345426df42ffb296aa35b4bef2,0x50c5725949a6f0c72e6c4a641f24049a917db0cb,DAI,18,2026-02-10,-223136439263892311942,230
0xd604cf300a4ae4345426df42ffb296aa35b4bef2,0x50c5725949a6f0c72e6c4a641f24049a917db0cb,DAI,18,2026-02-11,1132789678876880357893,420
0xd604cf300a4ae4345426df42ffb296aa35b4bef2,0x50c5725949a6f0c72e6c4a641f24049a917db0cb,DAI,18,2026-02-12,800061724322638527658,495
0xd604cf300a4ae4345426df42ffb296aa35b4bef2,0x50c5725949a6f0c72e6c4a641f24049a917db0cb,DAI,18,2026-02-13,-1212817047188525293483,252
0xd604cf300a4ae4345426df42ffb296aa35b4bef2,0x50c5725949a6f0c72e6c4a641f24049a917db0cb,DAI,18,2026-02-14,2872034946300482097718,393
0xd604cf300a4ae4345426df42ffb296aa35b4bef2,0x50c5725949a6f0c72e6c4a641f24049a917db0cb,DAI,18,2026-02-15,-308390929491598306381,724
0xd604cf300a4ae4345426df42ffb296aa35b4bef2,0x50c5725949a6f0c72e6c4a641f24049a917db0cb,DAI,18,2026-02-16,-67931455458483986903193,459
0xd604cf300a4ae4345426df42ffb296aa35b4bef2,0x50c5725949a6f0c72e6c4a641f24049a917db0cb,DAI,18,2026-02-17,-1169243507492808484076,50
0xd604cf300a4ae4345426df42ffb296aa35b4bef2,0x50c5725949a6f0c72e6c4a641f24049a917db0cb,DAI,18,2026-02-18,1578001328515703937645,100
0xd604cf300a4ae4345426df42ffb296aa35b4bef2,0x50c5725949a6f0c72e6c4a641f24049a917db0cb,DAI,18,2026-02-19,5461003726756411777883,93
0xd604cf300a4ae4345426df42ffb296aa35b4bef2,0x50c5725949a6f0c72e6c4a641f24049a917db0cb,DAI,18,2026-02-20,1292298408492057745190,75
0xd604cf300a4ae4345426df42ffb296aa35b4bef2,0x50c5725949a6f0c72e6c4a641f24049a917db0cb,DAI,18,2026-02-21,510021526507075774133,24
0xd604cf300a4ae4345426df42ffb296aa35b4bef2,0x50c5725949a6f0c72e6c4a641f24049a917db0cb,DAI,18,2026-02-22,-11907795724348476145994,58
0xd604cf300a4ae4345426df42ffb296aa35b4bef2,0x50c5725949a6f0c72e6c4a641f24049a917db0cb,DAI,18,2026-02-23,1854773752397212569313,165
0xd604cf300a4ae4345426df42ffb296aa35b4bef2,0x50c5725949a6f0c72e6c4a641f24049a917db0cb,DAI,18,2026-02-24,-1554660092280695165734,63
0xd604cf300a4ae4345426df42ffb296aa35b4bef2,0x50c5725949a6f0c72e6c4a641f24049a917db0cb,DAI,18,2026-02-25,-5625565617848155193800,97
0xd604cf300a4ae4345426df42ffb296aa35b4bef2,0x50c5725949a6f0c72e6c4a641f24049a917db0cb,DAI,18,2026-02-26,2021234531362152004513,67
0xd604cf300a4ae4345426df42ffb296aa35b4bef2,0x50c5725949a6f0c72e6c4a641f24049a917db0cb,DAI,18,2026-02-27,736482104541554148063,71
0xd604cf300a4ae4345426df42ffb296aa35b4bef2,0x50c5725949a6f0c72e6c4a641f24049a917db0cb,DAI,18,2026-02-28,340823988306988908573,201
0xd604cf300a4ae4345426df42ffb296aa35b4bef2,0x50c5725949a6f0c72e6c4a641f24049a917db0cb,DAI,18,2026-03-01,-622849476429452259476,114
0xd604cf300a4ae4345426df42ffb296aa35b4bef2,0x50c5725949a6f0c72e6c4a641f24049a917db0cb,DAI,18,2026-03-02,3184230711892578118911,128
0xd604cf300a4ae4345426df42ffb296aa35b4bef2,0x50c5725949a6f0c72e6c4a641f24049a917db0cb,DAI,18,2026-03-03,351647352452556962319,121
0xd604cf300a4ae4345426df42ffb296aa35b4bef2,0x50c5725949a6f0c72e6c4a641f24049a917db0cb,DAI,18,2026-03-04,-1310919849083269456024,187
0xd604cf300a4ae4345426df42ffb296aa35b4bef2,0x50c5725949a6f0c72e6c4a641f24049a917db0cb,DAI,18,2026-03-05,1224601050260467601338,139
0xd604cf300a4ae4345426df42ffb296aa35b4bef2,0x50c5725949a6f0c72e6c4a641f24049a917db0cb,DAI,18,2026-03-06,-1487907674918161006377,154
0xd604cf300a4ae4345426df42ffb296aa35b4bef2,0x50c5725949a6f0c72e6c4a641f24049a917db0cb,DAI,18,2026-03-07,321939758114696723781,209
0xd604cf300a4ae4345426df42ffb296aa35b4bef2,0x50c5725949a6f0c72e6c4a641f24049a917db0cb,DAI,18,2026-03-08,1094014479454317091430,221
0xd604cf300a4ae4345426df42ffb296aa35b4bef2,0x50c5725949a6f0c72e6c4a641f24049a917db0cb,DAI,18,2026-03-09,-370698239839168270012,115
0xd604cf300a4ae4345426df42ffb296aa35b4bef2,0x50c5725949a6f0c72e6c4a641f24049a917db0cb,DAI,18,2026-03-10,780951505140267188564,180
0xd604cf300a4ae4345426df42ffb296aa35b4bef2,0x50c5725949a6f0c72e6c4a641f24049a917db0cb,DAI,18,2026-03-11,-37848008749498526479,65
0xd604cf300a4ae4345426df42ffb296aa35b4bef2,0x50c5725949a6f0c72e6c4a641f24049a917db0cb,DAI,18,2026-03-12,-49740531190743981789,128
0xd604cf300a4ae4345426df42ffb296aa35b4bef2,0x50c5725949a6f0c72e6c4a641f24049a917db0cb,DAI,18,2026-03-13,1483040800425906445860,103
0xd604cf300a4ae4345426df42ffb296aa35b4bef2,0x50c5725949a6f0c72e6c4a641f24049a917db0cb,DAI,18,2026-03-14,-273201452038583328241,51
0xd604cf300a4ae4345426df42ffb296aa35b4bef2,0x50c5725949a6f0c72e6c4a641f24049a917db0cb,DAI,18,2026-03-15,-285836200641570061867,98
0xd604cf300a4ae4345426df42ffb296aa35b4bef2,0x50c5725949a6f0c72e6c4a641f24049a917db0cb,DAI,18,2026-03-16,-484210632434547445224,262
0xd604cf300a4ae4345426df42ffb296aa35b4bef2,0x50c5725949a6f0c72e6c4a641f24049a917db0cb,DAI,18,2026-03-17,-10674576368934008181747,65
0xd604cf300a4ae4345426df42ffb296aa35b4bef2,0x50c5725949a6f0c72e6c4a641f24049a917db0cb,DAI,18,2026-03-18,4325855392807212236880,310
0xd604cf300a4ae4345426df42ffb296aa35b4bef2,0x50c5725949a6f0c72e6c4a641f24049a917db0cb,DAI,18,2026-03-19,-126076684917987782151,172
0xd604cf300a4ae4345426df42ffb296aa35b4bef2,0x50c5725949a6f0c72e6c4a641f24049a917db0cb,DAI,18,2026-03-20,-97169967536827571533,175
0xd604cf300a4ae4345426df42ffb296aa35b4bef2,0x50c5725949a6f0c72e6c4a641f24049a917db0cb,DAI,18,2026-03-21,-2928411069998951850501,105
0xd604cf300a4ae4345426df42ffb296aa35b4bef2,0x50c5725949a6f0c72e6c4a641f24049a917db0cb,DAI,18,2026-03-22,1482315621487820350847,115
0xd604cf300a4ae4345426df42ffb296aa35b4bef2,0x50c5725949a6f0c72e6c4a641f24049a917db0cb,DAI,18,2026-03-23,-317028193431078338241,116
0xd604cf300a4ae4345426df42ffb296aa35b4bef2,0x50c5725949a6f0c72e6c4a641f24049a917db0cb,DAI,18,2026-03-24,-214311838034763074772,116
0xd604cf300a4ae4345426df42ffb296aa35b4bef2,0x50c5725949a6f0c72e6c4a641f24049a917db0cb,DAI,18,2026-03-25,303671726131748060180,233
0xd604cf300a4ae4345426df42ffb296aa35b4bef2,0x833589fcd6edb6e08f4c7c32d4f71b54bda02913,USDC,6,2025-12-20,2135252060,311
0xd604cf300a4ae4345426df42ffb296aa35b4bef2,0x833589fcd6edb6e08f4c7c32d4f71b54bda02913,USDC,6,2025-12-21,-24120061,347
0xd604cf300a4ae4345426df42ffb296aa35b4bef2,0x833589fcd6edb6e08f4c7c32d4f71b54bda02913,USDC,6,2025-12-22,18186400198,637
0xd604cf300a4ae4345426df42ffb296aa35b4bef2,0x833589fcd6edb6e08f4c7c32d4f71b54bda02913,USDC,6,2025-12-23,352158612,347
0xd604cf300a4ae4345426df42ffb296aa35b4bef2,0x833589fcd6edb6e08f4c7c32d4f71b54bda02913,USDC,6,2025-12-24,-40119439459,493
0xd604cf300a4ae4345426df42ffb296aa35b4bef2,0x833589fcd6edb6e08f4c7c32d4f71b54bda02913,USDC,6,2025-12-25,2472467272,443
0xd604cf300a4ae4345426df42ffb296aa35b4bef2,0x833589fcd6edb6e08f4c7c32d4f71b54bda02913,USDC,6,2025-12-26,7732636254,639
0xd604cf300a4ae4345426df42ffb296aa35b4bef2,0x833589fcd6edb6e08f4c7c32d4f71b54bda02913,USDC,6,2025-12-27,1800685232,188
0xd604cf300a4ae4345426df42ffb296aa35b4bef2,0x833589fcd6edb6e08f4c7c32d4f71b54bda02913,USDC,6,2025-12-28,-17005486292,258
0xd604cf300a4ae4345426df42ffb296aa35b4bef2,0x833589fcd6edb6e08f4c7c32d4f71b54bda02913,USDC,6,2025-12-29,2743792847,312
0xd604cf300a4ae4345426df42ffb296aa35b4bef2,0x833589fcd6edb6e08f4c7c32d4f71b54bda02913,USDC,6,2025-12-30,-25182196580,629
0xd604cf300a4ae4345426df42ffb296aa35b4bef2,0x833589fcd6edb6e08f4c7c32d4f71b54bda02913,USDC,6,2025-12-31,-11520446060,537
0xd604cf300a4ae4345426df42ffb296aa35b4bef2,0x833589fcd6edb6e08f4c7c32d4f71b54bda02913,USDC,6,2026-01-01,25062635085,588
0xd604cf300a4ae4345426df42ffb296aa35b4bef2,0x833589fcd6edb6e08f4c7c32d4f71b54bda02913,USDC,6,2026-01-02,64496276371,633
0xd604cf300a4ae4345426df42ffb296aa35b4bef2,0x833589fcd6edb6e08f4c7c32d4f71b54bda02913,USDC,6,2026-01-03,6215698227,421
0xd604cf300a4ae4345426df42ffb296aa35b4bef2,0x833589fcd6edb6e08f4c7c32d4f71b54bda02913,USDC,6,2026-01-04,-11695105770,374
0xd604cf300a4ae4345426df42ffb296aa35b4bef2,0x833589fcd6edb6e08f4c7c32d4f71b54bda02913,USDC,6,2026-01-05,-15120390849,427
0xd604cf300a4ae4345426df42ffb296aa35b4bef2,0x833589fcd6edb6e08f4c7c32d4f71b54bda02913,USDC,6,2026-01-06,129808458956,548
0xd604cf300a4ae4345426df42ffb296aa35b4bef2,0x833589fcd6edb6e08f4c7c32d4f71b54bda02913,USDC,6,2026-01-07,18708927694,441
0xd604cf300a4ae4345426df42ffb296aa35b4bef2,0x833589fcd6edb6e08f4c7c32d4f71b54bda02913,USDC,6,2026-01-08,-27193114900,459
0xd604cf300a4ae4345426df42ffb296aa35b4bef2,0x833589fcd6edb6e08f4c7c32d4f71b54bda02913,USDC,6,2026-01-09,-103319105098,415
0xd604cf300a4ae4345426df42ffb296aa35b4bef2,0x833589fcd6edb6e08f4c7c32d4f71b54bda02913,USDC,6,2026-01-10,-13492670054,284
0xd604cf300a4ae4345426df42ffb296aa35b4bef2,0x833589fcd6edb6e08f4c7c32d4f71b54bda02913,USDC,6,2026-01-11,19600761372,436
0xd604cf300a4ae4345426df42ffb296aa35b4bef2,0x833589fcd6edb6e08f4c7c32d4f71b54bda02913,USDC,6,2026-01-12,-32494201682,296
0xd604cf300a4ae4345426df42ffb296aa35b4bef2,0x833589fcd6edb6e08f4c7c32d4f71b54bda02913,USDC,6,2026-01-13,33964203018,956
0xd604cf300a4ae4345426df42ffb296aa35b4bef2,0x833589fcd6edb6e08f4c7c32d4f71b54bda02913,USDC,6,2026-01-14,-7463965670,965
0xd604cf300a4ae4345426df42ffb296aa35b4bef2,0x833589fcd6edb6e08f4c7c32d4f71b54bda02913,USDC,6,2026-01-15,-27723628900,243
0xd604cf300a4ae4345426df42ffb296aa35b4bef2,0x833589fcd6edb6e08f4c7c32d4f71b54bda02913,USDC,6,2026-01-16,4951856124,234
0xd604cf300a4ae4345426df42ffb296aa35b4bef2,0x833589fcd6edb6e08f4c7c32d4f71b54bda02913,USDC,6,2026-01-17,-8592219352,169
0xd604cf300a4ae4345426df42ffb296aa35b4bef2,0x833589fcd6edb6e08f4c7c32d4f71b54bda02913,USDC,6,2026-01-18,783557396,115
0xd604cf300a4ae4345426df42ffb296aa35b4bef2,0x833589fcd6edb6e08f4c7c32d4f71b54bda02913,USDC,6,2026-01-19,-8231491573,307
0xd604cf300a4ae4345426df42ffb296aa35b4bef2,0x833589fcd6edb6e08f4c7c32d4f71b54bda02913,USDC,6,2026-01-20,-10158102606,221
0xd604cf300a4ae4345426df42ffb296aa35b4bef2,0x833589fcd6edb6e08f4c7c32d4f71b54bda02913,USDC,6,2026-01-21,-5534792147,353
0xd604cf300a4ae4345426df42ffb296aa35b4bef2,0x833589fcd6edb6e08f4c7c32d4f71b54bda02913,USDC,6,2026-01-22,15538031362,202
0xd604cf300a4ae4345426df42ffb296aa35b4bef2,0x833589fcd6edb6e08f4c7c32d4f71b54bda02913,USDC,6,2026-01-23,-14605646978,100
0xd604cf300a4ae4345426df42ffb296aa35b4bef2,0x833589fcd6edb6e08f4c7c32d4f71b54bda02913,USDC,6,2026-01-24,-14873359420,84
0xd604cf300a4ae4345426df42ffb296aa35b4bef2,0x833589fcd6edb6e08f4c7c32d4f71b54bda02913,USDC,6,2026-01-25,2730274919,137
0xd604cf300a4ae4345426df42ffb296aa35b4bef2,0x833589fcd6edb6e08f4c7c32d4f71b54bda02913,USDC,6,2026-01-26,-6272455102,165
0xd604cf300a4ae4345426df42ffb296aa35b4bef2,0x833589fcd6edb6e08f4c7c32d4f71b54bda02913,USDC,6,2026-01-27,-2219656783,200
0xd604cf300a4ae4345426df42ffb296aa35b4bef2,0x833589fcd6edb6e08f4c7c32d4f71b54bda02913,USDC,6,2026-01-28,-4442780585,177
0xd604cf300a4ae4345426df42ffb296aa35b4bef2,0x833589fcd6edb6e08f4c7c32d4f71b54bda02913,USDC,6,2026-01-29,-3339910403,69
0xd604cf300a4ae4345426df42ffb296aa35b4bef2,0x833589fcd6edb6e08f4c7c32d4f71b54bda02913,USDC,6,2026-01-30,1035603333,176
0xd604cf300a4ae4345426df42ffb296aa35b4bef2,0x833589fcd6edb6e08f4c7c32d4f71b54bda02913,USDC,6,2026-01-31,-1321195286,133
0xd604cf300a4ae4345426df42ffb296aa35b4bef2,0x833589fcd6edb6e08f4c7c32d4f71b54bda02913,USDC,6,2026-02-01,-14731291292,425
0xd604cf300a4ae4345426df42ffb296aa35b4bef2,0x833589fcd6edb6e08f4c7c32d4f71b54bda02913,USDC,6,2026-02-02,485814953,416
0xd604cf300a4ae4345426df42ffb296aa35b4bef2,0x833589fcd6edb6e08f4c7c32d4f71b54bda02913,USDC,6,2026-02-03,-3337660224,160
0xd604cf300a4ae4345426df42ffb296aa35b4bef2,0x833589fcd6edb6e08f4c7c32d4f71b54bda02913,USDC,6,2026-02-04,-4737654483,110
0xd604cf300a4ae4345426df42ffb296aa35b4bef2,0x833589fcd6edb6e08f4c7c32d4f71b54bda02913,USDC,6,2026-02-05,-8697366682,329
0xd604cf300a4ae4345426df42ffb296aa35b4bef2,0x833589fcd6edb6e08f4c7c32d4f71b54bda02913,USDC,6,2026-02-06,-657064212,171
0xd604cf300a4ae4345426df42ffb296aa35b4bef2,0x833589fcd6edb6e08f4c7c32d4f71b54bda02913,USDC,6,2026-02-07,920101598,83
0xd604cf300a4ae4345426df42ffb296aa35b4bef2,0x833589fcd6edb6e08f4c7c32d4f71b54bda02913,USDC,6,2026-02-08,-3003789435,127
0xd604cf300a4ae4345426df42ffb296aa35b4bef2,0x833589fcd6edb6e08f4c7c32d4f71b54bda02913,USDC,6,2026-02-09,-1118864571,269
0xd604cf300a4ae4345426df42ffb296aa35b4bef2,0x833589fcd6edb6e08f4c7c32d4f71b54bda02913,USDC,6,2026-02-10,-2825711719,230
0xd604cf300a4ae4345426df42ffb296aa35b4bef2,0x833589fcd6edb6e08f4c7c32d4f71b54bda02913,USDC,6,2026-02-11,-1265867185,414
0xd604cf300a4ae4345426df42ffb296aa35b4bef2,0x833589fcd6edb6e08f4c7c32d4f71b54bda02913,USDC,6,2026-02-12,-799646939,495
0xd604cf300a4ae4345426df42ffb296aa35b4bef2,0x833589fcd6edb6e08f4c7c32d4f71b54bda02913,USDC,6,2026-02-13,546153501,251
0xd604cf300a4ae4345426df42ffb296aa35b4bef2,0x833589fcd6edb6e08f4c7c32d4f71b54bda02913,USDC,6,2026-02-14,-2730995862,392
0xd604cf300a4ae4345426df42ffb296aa35b4bef2,0x833589fcd6edb6e08f4c7c32d4f71b54bda02913,USDC,6,2026-02-15,153774654,719
0xd604cf300a4ae4345426df42ffb296aa35b4bef2,0x833589fcd6edb6e08f4c7c32d4f71b54bda02913,USDC,6,2026-02-16,46894774460,456
0xd604cf300a4ae4345426df42ffb296aa35b4bef2,0x833589fcd6edb6e08f4c7c32d4f71b54bda02913,USDC,6,2026-02-17,1249260620,49
0xd604cf300a4ae4345426df42ffb296aa35b4bef2,0x833589fcd6edb6e08f4c7c32d4f71b54bda02913,USDC,6,2026-02-18,-11468226012,116
0xd604cf300a4ae4345426df42ffb296aa35b4bef2,0x833589fcd6edb6e08f4c7c32d4f71b54bda02913,USDC,6,2026-02-19,-5460872429,94
0xd604cf300a4ae4345426df42ffb296aa35b4bef2,0x833589fcd6edb6e08f4c7c32d4f71b54bda02913,USDC,6,2026-02-20,-1292121044,75
0xd604cf300a4ae4345426df42ffb296aa35b4bef2,0x833589fcd6edb6e08f4c7c32d4f71b54bda02913,USDC,6,2026-02-21,-510062480,24
0xd604cf300a4ae4345426df42ffb296aa35b4bef2,0x833589fcd6edb6e08f4c7c32d4f71b54bda02913,USDC,6,2026-02-22,-20050738558,60
0xd604cf300a4ae4345426df42ffb296aa35b4bef2,0x833589fcd6edb6e08f4c7c32d4f71b54bda02913,USDC,6,2026-02-23,-1854674980,164
0xd604cf300a4ae4345426df42ffb296aa35b4bef2,0x833589fcd6edb6e08f4c7c32d4f71b54bda02913,USDC,6,2026-02-24,1554570116,63
0xd604cf300a4ae4345426df42ffb296aa35b4bef2,0x833589fcd6edb6e08f4c7c32d4f71b54bda02913,USDC,6,2026-02-25,-20716882371,98
0xd604cf300a4ae4345426df42ffb296aa35b4bef2,0x833589fcd6edb6e08f4c7c32d4f71b54bda02913,USDC,6,2026-02-26,-2071686837,69
0xd604cf300a4ae4345426df42ffb296aa35b4bef2,0x833589fcd6edb6e08f4c7c32d4f71b54bda02913,USDC,6,2026-02-27,-5729325782,73
0xd604cf300a4ae4345426df42ffb296aa35b4bef2,0x833589fcd6edb6e08f4c7c32d4f71b54bda02913,USDC,6,2026-02-28,-290977210,200
0xd604cf300a4ae4345426df42ffb296aa35b4bef2,0x833589fcd6edb6e08f4c7c32d4f71b54bda02913,USDC,6,2026-03-01,622726388,114
0xd604cf300a4ae4345426df42ffb296aa35b4bef2,0x833589fcd6edb6e08f4c7c32d4f71b54bda02913,USDC,6,2026-03-02,-3187443623,126
0xd604cf300a4ae4345426df42ffb296aa35b4bef2,0x833589fcd6edb6e08f4c7c32d4f71b54bda02913,USDC,6,2026-03-03,-351497331,121
0xd604cf300a4ae4345426df42ffb296aa35b4bef2,0x833589fcd6edb6e08f4c7c32d4f71b54bda02913,USDC,6,2026-03-04,1310448513,187
0xd604cf300a4ae4345426df42ffb296aa35b4bef2,0x833589fcd6edb6e08f4c7c32d4f71b54bda02913,USDC,6,2026-03-05,-2123876669,137
0xd604cf300a4ae4345426df42ffb296aa35b4bef2,0x833589fcd6edb6e08f4c7c32d4f71b54bda02913,USDC,6,2026-03-06,987163133,153
0xd604cf300a4ae4345426df42ffb296aa35b4bef2,0x833589fcd6edb6e08f4c7c32d4f71b54bda02913,USDC,6,2026-03-07,-321822976,209
0xd604cf300a4ae4345426df42ffb296aa35b4bef2,0x833589fcd6edb6e08f4c7c32d4f71b54bda02913,USDC,6,2026-03-08,-1093721200,220
0xd604cf300a4ae4345426df42ffb296aa35b4bef2,0x833589fcd6edb6e08f4c7c32d4f71b54bda02913,USDC,6,2026-03-09,370572570,115
0xd604cf300a4ae4345426df42ffb296aa35b4bef2,0x833589fcd6edb6e08f4c7c32d4f71b54bda02913,USDC,6,2026-03-10,-796645539,176
0xd604cf300a4ae4345426df42ffb296aa35b4bef2,0x833589fcd6edb6e08f4c7c32d4f71b54bda02913,USDC,6,2026-03-11,37832917,65
0xd604cf300a4ae4345426df42ffb296aa35b4bef2,0x833589fcd6edb6e08f4c7c32d4f71b54bda02913,USDC,6,2026-03-12,49751283,128
0xd604cf300a4ae4345426df42ffb296aa35b4bef2,0x833589fcd6edb6e08f4c7c32d4f71b54bda02913,USDC,6,2026-03-13,-1482500147,102
0xd604cf300a4ae4345426df42ffb296aa35b4bef2,0x833589fcd6edb6e08f4c7c32d4f71b54bda02913,USDC,6,2026-03-14,273078280,51
0xd604cf300a4ae4345426df42ffb296aa35b4bef2,0x833589fcd6edb6e08f4c7c32d4f71b54bda02913,USDC,6,2026-03-15,305589891,93
0xd604cf300a4ae4345426df42ffb296aa35b4bef2,0x833589fcd6edb6e08f4c7c32d4f71b54bda02913,USDC,6,2026-03-16,484094103,264
0xd604cf300a4ae4345426df42ffb296aa35b4bef2,0x833589fcd6edb6e08f4c7c32d4f71b54bda02913,USDC,6,2026-03-17,10672675590,64
0xd604cf300a4ae4345426df42ffb296aa35b4bef2,0x833589fcd6edb6e08f4c7c32d4f71b54bda02913,USDC,6,2026-03-18,-4360139553,312
0xd604cf300a4ae4345426df42ffb296aa35b4bef2,0x833589fcd6edb6e08f4c7c32d4f71b54bda02913,USDC,6,2026-03-19,160930533,182
0xd604cf300a4ae4345426df42ffb296aa35b4bef2,0x833589fcd6edb6e08f4c7c32d4f71b54bda02913,USDC,6,2026-03-20,97020287,176
0xd604cf300a4ae4345426df42ffb296aa35b4bef2,0x833589fcd6edb6e08f4c7c32d4f71b54bda02913,USDC,6,2026-03-21,2928197259,105
0xd604cf300a4ae4345426df42ffb296aa35b4bef2,0x833589fcd6edb6e08f4c7c32d4f71b54bda02913,USDC,6,2026-03-22,-1482280377,115
0xd604cf300a4ae4345426df42ffb296aa35b4bef2,0x833589fcd6edb6e08f4c7c32d4f71b54bda02913,USDC,6,2026-03-23,300274199,120
0xd604cf300a4ae4345426df42ffb296aa35b4bef2,0x833589fcd6edb6e08f4c7c32d4f71b54bda02913,USDC,6,2026-03-24,214728878,116
0xd604cf300a4ae4345426df42ffb296aa35b4bef2,0x833589fcd6edb6e08f4c7c32d4f71b54bda02913,USDC,6,2026-03-25,-304079843,231
0xee58348059c9ad6ac345be79c399da0c200627ed,0x4200000000000000000000000000000000000006,WETH,18,2025-12-20,12019055287370872675,165
0xee58348059c9ad6ac345be79c399da0c200627ed,0x4200000000000000000000000000000000000006,WETH,18,2025-12-21,-13687070573370616527,187
0xee58348059c9ad6ac345be79c399da0c200627ed,0x4200000000000000000000000000000000000006,WETH,18,2025-12-22,2234062337273722271,80
0xee58348059c9ad6ac345be79c399da0c200627ed,0x4200000000000000000000000000000000000006,WETH,18,2025-12-23,-1572773894546079164,206
0xee58348059c9ad6ac345be79c399da0c200627ed,0x4200000000000000000000000000000000000006,WETH,18,2025-12-24,984417292139349384,112
0xee58348059c9ad6ac345be79c399da0c200627ed,0x4200000000000000000000000000000000000006,WETH,18,2025-12-25,-490267833037742416,90
0xee58348059c9ad6ac345be79c399da0c200627ed,0x4200000000000000000000000000000000000006,WETH,18,2025-12-26,1470550700551189421,51
0xee58348059c9ad6ac345be79c399da0c200627ed,0x4200000000000000000000000000000000000006,WETH,18,2025-12-27,6447145607559189704,75
0xee58348059c9ad6ac345be79c399da0c200627ed,0x4200000000000000000000000000000000000006,WETH,18,2025-12-28,-10268051197174424358,74
0xee58348059c9ad6ac345be79c399da0c200627ed,0x4200000000000000000000000000000000000006,WETH,18,2025-12-29,2099821313877393965,110
0xee58348059c9ad6ac345be79c399da0c200627ed,0x4200000000000000000000000000000000000006,WETH,18,2025-12-30,-325439889802609940,88
0xee58348059c9ad6ac345be79c399da0c200627ed,0x4200000000000000000000000000000000000006,WETH,18,2025-12-31,-3654332595588873727,119
0xee58348059c9ad6ac345be79c399da0c200627ed,0x4200000000000000000000000000000000000006,WETH,18,2026-01-01,5791858690410976468,105
0xee58348059c9ad6ac345be79c399da0c200627ed,0x4200000000000000000000000000000000000006,WETH,18,2026-01-02,27249564977472428284,360
0xee58348059c9ad6ac345be79c399da0c200627ed,0x4200000000000000000000000000000000000006,WETH,18,2026-01-03,-2838143762147792748,86
0xee58348059c9ad6ac345be79c399da0c200627ed,0x4200000000000000000000000000000000000006,WETH,18,2026-01-04,2195424734365737758,88
0xee58348059c9ad6ac345be79c399da0c200627ed,0x4200000000000000000000000000000000000006,WETH,18,2026-01-05,-96556525252533160,259
0xee58348059c9ad6ac345be79c399da0c200627ed,0x4200000000000000000000000000000000000006,WETH,18,2026-01-06,-30714453648245490533,413
0xee58348059c9ad6ac345be79c399da0c200627ed,0x4200000000000000000000000000000000000006,WETH,18,2026-01-07,-7679794900917485551,131
0xee58348059c9ad6ac345be79c399da0c200627ed,0x4200000000000000000000000000000000000006,WETH,18,2026-01-08,16066180963642552162,155
0xee58348059c9ad6ac345be79c399da0c200627ed,0x4200000000000000000000000000000000000006,WETH,18,2026-01-09,298920206606642412,395
0xee58348059c9ad6ac345be79c399da0c200627ed,0x4200000000000000000000000000000000000006,WETH,18,2026-01-10,-9102787342447148062,423
0xee58348059c9ad6ac345be79c399da0c200627ed,0x4200000000000000000000000000000000000006,WETH,18,2026-01-11,-4808627636981232205,482
0xee58348059c9ad6ac345be79c399da0c200627ed,0x4200000000000000000000000000000000000006,WETH,18,2026-01-12,-215292386073427564,275
0xee58348059c9ad6ac345be79c399da0c200627ed,0x4200000000000000000000000000000000000006,WETH,18,2026-01-13,3494923514520780070,804
0xee58348059c9ad6ac345be79c399da0c200627ed,0x4200000000000000000000000000000000000006,WETH,18,2026-01-14,-1358820754834710292,135
0xee58348059c9ad6ac345be79c399da0c200627ed,0x4200000000000000000000000000000000000006,WETH,18,2026-01-15,-3807695237857178590,65
0xee58348059c9ad6ac345be79c399da0c200627ed,0x4200000000000000000000000000000000000006,WETH,18,2026-01-16,184316575559620565,352
0xee58348059c9ad6ac345be79c399da0c200627ed,0x4200000000000000000000000000000000000006,WETH,18,2026-01-17,1712841932617201079,250
0xee58348059c9ad6ac345be79c399da0c200627ed,0x4200000000000000000000000000000000000006,WETH,18,2026-01-18,4171264185711573235,311
0xee58348059c9ad6ac345be79c399da0c200627ed,0x4200000000000000000000000000000000000006,WETH,18,2026-01-19,6539439488910499197,437
0xee58348059c9ad6ac345be79c399da0c200627ed,0x4200000000000000000000000000000000000006,WETH,18,2026-01-20,17019099826005991529,315
0xee58348059c9ad6ac345be79c399da0c200627ed,0x4200000000000000000000000000000000000006,WETH,18,2026-01-21,-1166726891722726675,303
0xee58348059c9ad6ac345be79c399da0c200627ed,0x4200000000000000000000000000000000000006,WETH,18,2026-01-22,-1897738497472752656,305
0xee58348059c9ad6ac345be79c399da0c200627ed,0x4200000000000000000000000000000000000006,WETH,18,2026-01-23,1568577755550890609,371
0xee58348059c9ad6ac345be79c399da0c200627ed,0x4200000000000000000000000000000000000006,WETH,18,2026-01-24,-3301478810717472874,275
0xee58348059c9ad6ac345be79c399da0c200627ed,0x4200000000000000000000000000000000000006,WETH,18,2026-01-25,5719049860047291808,651
0xee58348059c9ad6ac345be79c399da0c200627ed,0x4200000000000000000000000000000000000006,WETH,18,2026-01-26,-6972951246433836497,292
0xee58348059c9ad6ac345be79c399da0c200627ed,0x4200000000000000000000000000000000000006,WETH,18,2026-01-27,-12429986953929056472,314
0xee58348059c9ad6ac345be79c399da0c200627ed,0x4200000000000000000000000000000000000006,WETH,18,2026-01-28,1049159259211339656,183
0xee58348059c9ad6ac345be79c399da0c200627ed,0x4200000000000000000000000000000000000006,WETH,18,2026-01-29,2765725696151149783,428
0xee58348059c9ad6ac345be79c399da0c200627ed,0x4200000000000000000000000000000000000006,WETH,18,2026-01-30,3015713641762353161,330
0xee58348059c9ad6ac345be79c399da0c200627ed,0x4200000000000000000000000000000000000006,WETH,18,2026-01-31,17230251006263600173,383
0xee58348059c9ad6ac345be79c399da0c200627ed,0x4200000000000000000000000000000000000006,WETH,18,2026-02-01,405074602903107710,237
0xee58348059c9ad6ac345be79c399da0c200627ed,0x4200000000000000000000000000000000000006,WETH,18,2026-02-02,-14013758926145906640,309
0xee58348059c9ad6ac345be79c399da0c200627ed,0x4200000000000000000000000000000000000006,WETH,18,2026-02-03,-533009795919812479,369
0xee58348059c9ad6ac345be79c399da0c200627ed,0x4200000000000000000000000000000000000006,WETH,18,2026-02-04,-15987122513140592942,470
0xee58348059c9ad6ac345be79c399da0c200627ed,0x4200000000000000000000000000000000000006,WETH,18,2026-02-05,26591090213805188484,1251
0xee58348059c9ad6ac345be79c399da0c200627ed,0x4200000000000000000000000000000000000006,WETH,18,2026-02-06,-24298458943027466895,1112
0xee58348059c9ad6ac345be79c399da0c200627ed,0x4200000000000000000000000000000000000006,WETH,18,2026-02-07,-10106368352952862895,403
0xee58348059c9ad6ac345be79c399da0c200627ed,0x4200000000000000000000000000000000000006,WETH,18,2026-02-08,3368865975208974508,126
0xee58348059c9ad6ac345be79c399da0c200627ed,0x4200000000000000000000000000000000000006,WETH,18,2026-02-09,6493989771272873941,489
0xee58348059c9ad6ac345be79c399da0c200627ed,0x4200000000000000000000000000000000000006,WETH,18,2026-02-10,-1759256622257930641,236
0xee58348059c9ad6ac345be79c399da0c200627ed,0x4200000000000000000000000000000000000006,WETH,18,2026-02-11,2558470590664164552,419
0xee58348059c9ad6ac345be79c399da0c200627ed,0x4200000000000000000000000000000000000006,WETH,18,2026-02-12,-895534235696085719,326
0xee58348059c9ad6ac345be79c399da0c200627ed,0x4200000000000000000000000000000000000006,WETH,18,2026-02-13,-9244039327023082648,168
0xee58348059c9ad6ac345be79c399da0c200627ed,0x4200000000000000000000000000000000000006,WETH,18,2026-02-14,32039784461681164555,439
0xee58348059c9ad6ac345be79c399da0c200627ed,0x4200000000000000000000000000000000000006,WETH,18,2026-02-15,-19762932348266573971,644
0xee58348059c9ad6ac345be79c399da0c200627ed,0x4200000000000000000000000000000000000006,WETH,18,2026-02-16,2941893737798220715,253
0xee58348059c9ad6ac345be79c399da0c200627ed,0x4200000000000000000000000000000000000006,WETH,18,2026-02-17,-5150463821147760314,246
0xee58348059c9ad6ac345be79c399da0c200627ed,0x4200000000000000000000000000000000000006,WETH,18,2026-02-18,-9025740946146851136,264
0xee58348059c9ad6ac345be79c399da0c200627ed,0x4200000000000000000000000000000000000006,WETH,18,2026-02-19,29110254065465389119,146
0xee58348059c9ad6ac345be79c399da0c200627ed,0x4200000000000000000000000000000000000006,WETH,18,2026-02-20,9917768075775825691,194
0xee58348059c9ad6ac345be79c399da0c200627ed,0x4200000000000000000000000000000000000006,WETH,18,2026-02-21,1926203542234232246,171
0xee58348059c9ad6ac345be79c399da0c200627ed,0x4200000000000000000000000000000000000006,WETH,18,2026-02-22,7239741019159238268,147
0xee58348059c9ad6ac345be79c399da0c200627ed,0x4200000000000000000000000000000000000006,WETH,18,2026-02-23,-31156237858806358491,398
0xee58348059c9ad6ac345be79c399da0c200627ed,0x4200000000000000000000000000000000000006,WETH,18,2026-02-24,-8326046680065129281,248
0xee58348059c9ad6ac345be79c399da0c200627ed,0x4200000000000000000000000000000000000006,WETH,18,2026-02-25,-1496156856176247895,284
0xee58348059c9ad6ac345be79c399da0c200627ed,0x4200000000000000000000000000000000000006,WETH,18,2026-02-26,8449121136451236661,139
0xee58348059c9ad6ac345be79c399da0c200627ed,0x4200000000000000000000000000000000000006,WETH,18,2026-02-27,289239271785716084,224
0xee58348059c9ad6ac345be79c399da0c200627ed,0x4200000000000000000000000000000000000006,WETH,18,2026-02-28,-6303201328700550870,299
0xee58348059c9ad6ac345be79c399da0c200627ed,0x4200000000000000000000000000000000000006,WETH,18,2026-03-01,-672576584081278558,193
0xee58348059c9ad6ac345be79c399da0c200627ed,0x4200000000000000000000000000000000000006,WETH,18,2026-03-02,-6003663215154466220,114
0xee58348059c9ad6ac345be79c399da0c200627ed,0x4200000000000000000000000000000000000006,WETH,18,2026-03-03,1019675003542052550,174
0xee58348059c9ad6ac345be79c399da0c200627ed,0x4200000000000000000000000000000000000006,WETH,18,2026-03-04,-7121319941394101264,252
0xee58348059c9ad6ac345be79c399da0c200627ed,0x4200000000000000000000000000000000000006,WETH,18,2026-03-05,4613189933419496010,99
0xee58348059c9ad6ac345be79c399da0c200627ed,0x4200000000000000000000000000000000000006,WETH,18,2026-03-06,5359331267632849087,58
0xee58348059c9ad6ac345be79c399da0c200627ed,0x4200000000000000000000000000000000000006,WETH,18,2026-03-07,3092641760748357844,22
0xee58348059c9ad6ac345be79c399da0c200627ed,0x4200000000000000000000000000000000000006,WETH,18,2026-03-08,-7643340552012002374,68
0xee58348059c9ad6ac345be79c399da0c200627ed,0x4200000000000000000000000000000000000006,WETH,18,2026-03-09,-12999082284001462671,9
0xee58348059c9ad6ac345be79c399da0c200627ed,0x4200000000000000000000000000000000000006,WETH,18,2026-03-10,521964053386755850,69
0xee58348059c9ad6ac345be79c399da0c200627ed,0x4200000000000000000000000000000000000006,WETH,18,2026-03-11,-893693373299134528,122
0xee58348059c9ad6ac345be79c399da0c200627ed,0x4200000000000000000000000000000000000006,WETH,18,2026-03-12,376352242944945954,130
0xee58348059c9ad6ac345be79c399da0c200627ed,0x4200000000000000000000000000000000000006,WETH,18,2026-03-13,-148086017806138069,142
0xee58348059c9ad6ac345be79c399da0c200627ed,0x4200000000000000000000000000000000000006,WETH,18,2026-03-14,497022937410350665,71
0xee58348059c9ad6ac345be79c399da0c200627ed,0x4200000000000000000000000000000000000006,WETH,18,2026-03-15,-2302164323944590384,169
0xee58348059c9ad6ac345be79c399da0c200627ed,0x4200000000000000000000000000000000000006,WETH,18,2026-03-16,791988455288585201,320
0xee58348059c9ad6ac345be79c399da0c200627ed,0x4200000000000000000000000000000000000006,WETH,18,2026-03-17,973448419827846105,175
0xee58348059c9ad6ac345be79c399da0c200627ed,0x4200000000000000000000000000000000000006,WETH,18,2026-03-18,1632558920315800436,204
0xee58348059c9ad6ac345be79c399da0c200627ed,0x4200000000000000000000000000000000000006,WETH,18,2026-03-19,1641751321618009805,111
0xee58348059c9ad6ac345be79c399da0c200627ed,0x4200000000000000000000000000000000000006,WETH,18,2026-03-20,-944626145813622451,93
0xee58348059c9ad6ac345be79c399da0c200627ed,0x4200000000000000000000000000000000000006,WETH,18,2026-03-21,-556560657467360530,128
0xee58348059c9ad6ac345be79c399da0c200627ed,0x4200000000000000000000000000000000000006,WETH,18,2026-03-22,871043922729826371,97
0xee58348059c9ad6ac345be79c399da0c200627ed,0x4200000000000000000000000000000000000006,WETH,18,2026-03-23,-2195321564785906815,201
0xee58348059c9ad6ac345be79c399da0c200627ed,0x4200000000000000000000000000000000000006,WETH,18,2026-03-24,-1022585617962001045,50
0xee58348059c9ad6ac345be79c399da0c200627ed,0x4200000000000000000000000000000000000006,WETH,18,2026-03-25,31960343654629568,102
0xee58348059c9ad6ac345be79c399da0c200627ed,0xcb585250f852c6c6bf90434ab21a00f02833a4af,cbXRP,6,2025-12-20,-18477268345,163
0xee58348059c9ad6ac345be79c399da0c200627ed,0xcb585250f852c6c6bf90434ab21a00f02833a4af,cbXRP,6,2025-12-21,21356172397,186
0xee58348059c9ad6ac345be79c399da0c200627ed,0xcb585250f852c6c6bf90434ab21a00f02833a4af,cbXRP,6,2025-12-22,3752571471,82
0xee58348059c9ad6ac345be79c399da0c200627ed,0xcb585250f852c6c6bf90434ab21a00f02833a4af,cbXRP,6,2025-12-23,2469693115,203
0xee58348059c9ad6ac345be79c399da0c200627ed,0xcb585250f852c6c6bf90434ab21a00f02833a4af,cbXRP,6,2025-12-24,-5517580421,120
0xee58348059c9ad6ac345be79c399da0c200627ed,0xcb585250f852c6c6bf90434ab21a00f02833a4af,cbXRP,6,2025-12-25,2949163524,95
0xee58348059c9ad6ac345be79c399da0c200627ed,0xcb585250f852c6c6bf90434ab21a00f02833a4af,cbXRP,6,2025-12-26,-2656326546,53
0xee58348059c9ad6ac345be79c399da0c200627ed,0xcb585250f852c6c6bf90434ab21a00f02833a4af,cbXRP,6,2025-12-27,-8624643244,71
0xee58348059c9ad6ac345be79c399da0c200627ed,0xcb585250f852c6c6bf90434ab21a00f02833a4af,cbXRP,6,2025-12-28,9279441107,76
0xee58348059c9ad6ac345be79c399da0c200627ed,0xcb585250f852c6c6bf90434ab21a00f02833a4af,cbXRP,6,2025-12-29,4512125447,115
0xee58348059c9ad6ac345be79c399da0c200627ed,0xcb585250f852c6c6bf90434ab21a00f02833a4af,cbXRP,6,2025-12-30,195289593,93
0xee58348059c9ad6ac345be79c399da0c200627ed,0xcb585250f852c6c6bf90434ab21a00f02833a4af,cbXRP,6,2025-12-31,5766371431,132
0xee58348059c9ad6ac345be79c399da0c200627ed,0xcb585250f852c6c6bf90434ab21a00f02833a4af,cbXRP,6,2026-01-01,-9745251023,101
0xee58348059c9ad6ac345be79c399da0c200627ed,0xcb585250f852c6c6bf90434ab21a00f02833a4af,cbXRP,6,2026-01-02,-45388635845,360
0xee58348059c9ad6ac345be79c399da0c200627ed,0xcb585250f852c6c6bf90434ab21a00f02833a4af,cbXRP,6,2026-01-03,-3731913241,87
0xee58348059c9ad6ac345be79c399da0c200627ed,0xcb585250f852c6c6bf90434ab21a00f02833a4af,cbXRP,6,2026-01-04,-2860540494,79
0xee58348059c9ad6ac345be79c399da0c200627ed,0xcb585250f852c6c6bf90434ab21a00f02833a4af,cbXRP,6,2026-01-05,-10272424110,228
0xee58348059c9ad6ac345be79c399da0c200627ed,0xcb585250f852c6c6bf90434ab21a00f02833a4af,cbXRP,6,2026-01-06,42933824212,417
0xee58348059c9ad6ac345be79c399da0c200627ed,0xcb585250f852c6c6bf90434ab21a00f02833a4af,cbXRP,6,2026-01-07,10173854956,135
0xee58348059c9ad6ac345be79c399da0c200627ed,0xcb585250f852c6c6bf90434ab21a00f02833a4af,cbXRP,6,2026-01-08,-934908829,164
0xee58348059c9ad6ac345be79c399da0c200627ed,0xcb585250f852c6c6bf90434ab21a00f02833a4af,cbXRP,6,2026-01-09,11991646082,399
0xee58348059c9ad6ac345be79c399da0c200627ed,0xcb585250f852c6c6bf90434ab21a00f02833a4af,cbXRP,6,2026-01-10,-12917848553,424
0xee58348059c9ad6ac345be79c399da0c200627ed,0xcb585250f852c6c6bf90434ab21a00f02833a4af,cbXRP,6,2026-01-11,10180111930,492
0xee58348059c9ad6ac345be79c399da0c200627ed,0xcb585250f852c6c6bf90434ab21a00f02833a4af,cbXRP,6,2026-01-12,526695599,275
0xee58348059c9ad6ac345be79c399da0c200627ed,0xcb585250f852c6c6bf90434ab21a00f02833a4af,cbXRP,6,2026-01-13,5017071381,807
0xee58348059c9ad6ac345be79c399da0c200627ed,0xcb585250f852c6c6bf90434ab21a00f02833a4af,cbXRP,6,2026-01-14,-1653570068,144
0xee58348059c9ad6ac345be79c399da0c200627ed,0xcb585250f852c6c6bf90434ab21a00f02833a4af,cbXRP,6,2026-01-15,-4395390,69
0xee58348059c9ad6ac345be79c399da0c200627ed,0xcb585250f852c6c6bf90434ab21a00f02833a4af,cbXRP,6,2026-01-16,-292344786,353
0xee58348059c9ad6ac345be79c399da0c200627ed,0xcb585250f852c6c6bf90434ab21a00f02833a4af,cbXRP,6,2026-01-17,4719930850,254
0xee58348059c9ad6ac345be79c399da0c200627ed,0xcb585250f852c6c6bf90434ab21a00f02833a4af,cbXRP,6,2026-01-18,-5351468819,319
0xee58348059c9ad6ac345be79c399da0c200627ed,0xcb585250f852c6c6bf90434ab21a00f02833a4af,cbXRP,6,2026-01-19,-11211811016,437
0xee58348059c9ad6ac345be79c399da0c200627ed,0xcb585250f852c6c6bf90434ab21a00f02833a4af,cbXRP,6,2026-01-20,-29689434851,311
0xee58348059c9ad6ac345be79c399da0c200627ed,0xcb585250f852c6c6bf90434ab21a00f02833a4af,cbXRP,6,2026-01-21,-3125751108,298
0xee58348059c9ad6ac345be79c399da0c200627ed,0xcb585250f852c6c6bf90434ab21a00f02833a4af,cbXRP,6,2026-01-22,2179579248,307
0xee58348059c9ad6ac345be79c399da0c200627ed,0xcb585250f852c6c6bf90434ab21a00f02833a4af,cbXRP,6,2026-01-23,-2865370118,369
0xee58348059c9ad6ac345be79c399da0c200627ed,0xcb585250f852c6c6bf90434ab21a00f02833a4af,cbXRP,6,2026-01-24,5554955336,275
0xee58348059c9ad6ac345be79c399da0c200627ed,0xcb585250f852c6c6bf90434ab21a00f02833a4af,cbXRP,6,2026-01-25,-8918934387,647
0xee58348059c9ad6ac345be79c399da0c200627ed,0xcb585250f852c6c6bf90434ab21a00f02833a4af,cbXRP,6,2026-01-26,9615794040,291
0xee58348059c9ad6ac345be79c399da0c200627ed,0xcb585250f852c6c6bf90434ab21a00f02833a4af,cbXRP,6,2026-01-27,17224492804,314
0xee58348059c9ad6ac345be79c399da0c200627ed,0xcb585250f852c6c6bf90434ab21a00f02833a4af,cbXRP,6,2026-01-28,-1632970560,183
0xee58348059c9ad6ac345be79c399da0c200627ed,0xcb585250f852c6c6bf90434ab21a00f02833a4af,cbXRP,6,2026-01-29,-9330303268,428
0xee58348059c9ad6ac345be79c399da0c200627ed,0xcb585250f852c6c6bf90434ab21a00f02833a4af,cbXRP,6,2026-01-30,-4725790489,330
0xee58348059c9ad6ac345be79c399da0c200627ed,0xcb585250f852c6c6bf90434ab21a00f02833a4af,cbXRP,6,2026-01-31,-26306884435,369
0xee58348059c9ad6ac345be79c399da0c200627ed,0xcb585250f852c6c6bf90434ab21a00f02833a4af,cbXRP,6,2026-02-01,-4552353125,229
0xee58348059c9ad6ac345be79c399da0c200627ed,0xcb585250f852c6c6bf90434ab21a00f02833a4af,cbXRP,6,2026-02-02,19945699042,307
0xee58348059c9ad6ac345be79c399da0c200627ed,0xcb585250f852c6c6bf90434ab21a00f02833a4af,cbXRP,6,2026-02-03,507133176,363
0xee58348059c9ad6ac345be79c399da0c200627ed,0xcb585250f852c6c6bf90434ab21a00f02833a4af,cbXRP,6,2026-02-04,19845019981,465
0xee58348059c9ad6ac345be79c399da0c200627ed,0xcb585250f852c6c6bf90434ab21a00f02833a4af,cbXRP,6,2026-02-05,-41084290645,1252
0xee58348059c9ad6ac345be79c399da0c200627ed,0xcb585250f852c6c6bf90434ab21a00f02833a4af,cbXRP,6,2026-02-06,33040135813,1098
0xee58348059c9ad6ac345be79c399da0c200627ed,0xcb585250f852c6c6bf90434ab21a00f02833a4af,cbXRP,6,2026-02-07,13068453045,407
0xee58348059c9ad6ac345be79c399da0c200627ed,0xcb585250f852c6c6bf90434ab21a00f02833a4af,cbXRP,6,2026-02-08,-4873418936,126
0xee58348059c9ad6ac345be79c399da0c200627ed,0xcb585250f852c6c6bf90434ab21a00f02833a4af,cbXRP,6,2026-02-09,-16142192508,494
0xee58348059c9ad6ac345be79c399da0c200627ed,0xcb585250f852c6c6bf90434ab21a00f02833a4af,cbXRP,6,2026-02-10,2072373053,237
0xee58348059c9ad6ac345be79c399da0c200627ed,0xcb585250f852c6c6bf90434ab21a00f02833a4af,cbXRP,6,2026-02-11,-3671191774,419
0xee58348059c9ad6ac345be79c399da0c200627ed,0xcb585250f852c6c6bf90434ab21a00f02833a4af,cbXRP,6,2026-02-12,2877979731,326
0xee58348059c9ad6ac345be79c399da0c200627ed,0xcb585250f852c6c6bf90434ab21a00f02833a4af,cbXRP,6,2026-02-13,13571929091,170
0xee58348059c9ad6ac345be79c399da0c200627ed,0xcb585250f852c6c6bf90434ab21a00f02833a4af,cbXRP,6,2026-02-14,-46659120148,428
0xee58348059c9ad6ac345be79c399da0c200627ed,0xcb585250f852c6c6bf90434ab21a00f02833a4af,cbXRP,6,2026-02-15,26100875307,640
0xee58348059c9ad6ac345be79c399da0c200627ed,0xcb585250f852c6c6bf90434ab21a00f02833a4af,cbXRP,6,2026-02-16,-3407946729,255
0xee58348059c9ad6ac345be79c399da0c200627ed,0xcb585250f852c6c6bf90434ab21a00f02833a4af,cbXRP,6,2026-02-17,6924441021,248
0xee58348059c9ad6ac345be79c399da0c200627ed,0xcb585250f852c6c6bf90434ab21a00f02833a4af,cbXRP,6,2026-02-18,12306165236,272
0xee58348059c9ad6ac345be79c399da0c200627ed,0xcb585250f852c6c6bf90434ab21a00f02833a4af,cbXRP,6,2026-02-19,3782614756,147
0xee58348059c9ad6ac345be79c399da0c200627ed,0xcb585250f852c6c6bf90434ab21a00f02833a4af,cbXRP,6,2026-02-20,2151843438,196
0xee58348059c9ad6ac345be79c399da0c200627ed,0xcb585250f852c6c6bf90434ab21a00f02833a4af,cbXRP,6,2026-02-21,10532325962,169
0xee58348059c9ad6ac345be79c399da0c200627ed,0xcb585250f852c6c6bf90434ab21a00f02833a4af,cbXRP,6,2026-02-22,-7887778455,153
0xee58348059c9ad6ac345be79c399da0c200627ed,0xcb585250f852c6c6bf90434ab21a00f02833a4af,cbXRP,6,2026-02-23,-22575566232,398
0xee58348059c9ad6ac345be79c399da0c200627ed,0xcb585250f852c6c6bf90434ab21a00f02833a4af,cbXRP,6,2026-02-24,11485018519,248
0xee58348059c9ad6ac345be79c399da0c200627ed,0xcb585250f852c6c6bf90434ab21a00f02833a4af,cbXRP,6,2026-02-25,11553467109,291
0xee58348059c9ad6ac345be79c399da0c200627ed,0xcb585250f852c6c6bf90434ab21a00f02833a4af,cbXRP,6,2026-02-26,3334071125,143
0xee58348059c9ad6ac345be79c399da0c200627ed,0xcb585250f852c6c6bf90434ab21a00f02833a4af,cbXRP,6,2026-02-27,-16289645300,226
0xee58348059c9ad6ac345be79c399da0c200627ed,0xcb585250f852c6c6bf90434ab21a00f02833a4af,cbXRP,6,2026-02-28,9072153409,301
0xee58348059c9ad6ac345be79c399da0c200627ed,0xcb585250f852c6c6bf90434ab21a00f02833a4af,cbXRP,6,2026-03-01,538263639,200
0xee58348059c9ad6ac345be79c399da0c200627ed,0xcb585250f852c6c6bf90434ab21a00f02833a4af,cbXRP,6,2026-03-02,-2026408639,119
0xee58348059c9ad6ac345be79c399da0c200627ed,0xcb585250f852c6c6bf90434ab21a00f02833a4af,cbXRP,6,2026-03-03,-8570321806,174
0xee58348059c9ad6ac345be79c399da0c200627ed,0xcb585250f852c6c6bf90434ab21a00f02833a4af,cbXRP,6,2026-03-04,10720446936,258
0xee58348059c9ad6ac345be79c399da0c200627ed,0xcb585250f852c6c6bf90434ab21a00f02833a4af,cbXRP,6,2026-03-05,-7009043737,97
0xee58348059c9ad6ac345be79c399da0c200627ed,0xcb585250f852c6c6bf90434ab21a00f02833a4af,cbXRP,6,2026-03-06,-9760173636,58
0xee58348059c9ad6ac345be79c399da0c200627ed,0xcb585250f852c6c6bf90434ab21a00f02833a4af,cbXRP,6,2026-03-07,-4473923030,21
0xee58348059c9ad6ac345be79c399da0c200627ed,0xcb585250f852c6c6bf90434ab21a00f02833a4af,cbXRP,6,2026-03-08,11244316144,67
0xee58348059c9ad6ac345be79c399da0c200627ed,0xcb585250f852c6c6bf90434ab21a00f02833a4af,cbXRP,6,2026-03-09,-139893275219,8
0xee58348059c9ad6ac345be79c399da0c200627ed,0xcb585250f852c6c6bf90434ab21a00f02833a4af,cbXRP,6,2026-03-10,-770126501,69
0xee58348059c9ad6ac345be79c399da0c200627ed,0xcb585250f852c6c6bf90434ab21a00f02833a4af,cbXRP,6,2026-03-11,1311358249,125
0xee58348059c9ad6ac345be79c399da0c200627ed,0xcb585250f852c6c6bf90434ab21a00f02833a4af,cbXRP,6,2026-03-12,-560188276,134
0xee58348059c9ad6ac345be79c399da0c200627ed,0xcb585250f852c6c6bf90434ab21a00f02833a4af,cbXRP,6,2026-03-13,79003029,149
0xee58348059c9ad6ac345be79c399da0c200627ed,0xcb585250f852c6c6bf90434ab21a00f02833a4af,cbXRP,6,2026-03-14,-1957923563,69
0xee58348059c9ad6ac345be79c399da0c200627ed,0xcb585250f852c6c6bf90434ab21a00f02833a4af,cbXRP,6,2026-03-15,3462473472,175
0xee58348059c9ad6ac345be79c399da0c200627ed,0xcb585250f852c6c6bf90434ab21a00f02833a4af,cbXRP,6,2026-03-16,-1210557963,322
0xee58348059c9ad6ac345be79c399da0c200627ed,0xcb585250f852c6c6bf90434ab21a00f02833a4af,cbXRP,6,2026-03-17,-1539031336,178
0xee58348059c9ad6ac345be79c399da0c200627ed,0xcb585250f852c6c6bf90434ab21a00f02833a4af,cbXRP,6,2026-03-18,-2459908425,202
0xee58348059c9ad6ac345be79c399da0c200627ed,0xcb585250f852c6c6bf90434ab21a00f02833a4af,cbXRP,6,2026-03-19,-2446476846,111
0xee58348059c9ad6ac345be79c399da0c200627ed,0xcb585250f852c6c6bf90434ab21a00f02833a4af,cbXRP,6,2026-03-20,1393581644,94
0xee58348059c9ad6ac345be79c399da0c200627ed,0xcb585250f852c6c6bf90434ab21a00f02833a4af,cbXRP,6,2026-03-21,936863190,126
0xee58348059c9ad6ac345be79c399da0c200627ed,0xcb585250f852c6c6bf90434ab21a00f02833a4af,cbXRP,6,2026-03-22,-1299582377,97
0xee58348059c9ad6ac345be79c399da0c200627ed,0xcb585250f852c6c6bf90434ab21a00f02833a4af,cbXRP,6,2026-03-23,3289204083,201
0xee58348059c9ad6ac345be79c399da0c200627ed,0xcb585250f852c6c6bf90434ab21a00f02833a4af,cbXRP,6,2026-03-24,1487740248,51
0xee58348059c9ad6ac345be79c399da0c200627ed,0xcb585250f852c6c6bf90434ab21a00f02833a4af,cbXRP,6,2026-03-25,-47944352,104
