pool,token,symbol,decimals,local_date,net_raw,transfers
0x02a4a0db44682be4d5c4c7809c0c96c4f0464d9b565d9fcdf536b23738277d9f,0x449b3317a6d1efb1bc3ba0700c9eaa4ffff4ae65,AUDD,6,2026-03-30,5839304,2
0x02a4a0db44682be4d5c4c7809c0c96c4f0464d9b565d9fcdf536b23738277d9f,0x449b3317a6d1efb1bc3ba0700c9eaa4ffff4ae65,AUDD,6,2026-03-31,-127626,1
0x02a4a0db44682be4d5c4c7809c0c96c4f0464d9b565d9fcdf536b23738277d9f,0x449b3317a6d1efb1bc3ba0700c9eaa4ffff4ae65,AUDD,6,2026-04-01,97940824,8
0x02a4a0db44682be4d5c4c7809c0c96c4f0464d9b565d9fcdf536b23738277d9f,0x449b3317a6d1efb1bc3ba0700c9eaa4ffff4ae65,AUDD,6,2026-04-02,371867084,34
0x02a4a0db44682be4d5c4c7809c0c96c4f0464d9b565d9fcdf536b23738277d9f,0x449b3317a6d1efb1bc3ba0700c9eaa4ffff4ae65,AUDD,6,2026-04-03,1059756380,22
0x02a4a0db44682be4d5c4c7809c0c96c4f0464d9b565d9fcdf536b23738277d9f,0x449b3317a6d1efb1bc3ba0700c9eaa4ffff4ae65,AUDD,6,2026-04-04,763216098,32
0x02a4a0db44682be4d5c4c7809c0c96c4f0464d9b565d9fcdf536b23738277d9f,0x449b3317a6d1efb1bc3ba0700c9eaa4ffff4ae65,AUDD,6,2026-04-05,-1185949759,70
0x02a4a0db44682be4d5c4c7809c0c96c4f0464d9b565d9fcdf536b23738277d9f,0x449b3317a6d1efb1bc3ba0700c9eaa4ffff4ae65,AUDD,6,2026-04-06,-17973070,49
0x02a4a0db44682be4d5c4c7809c0c96c4f0464d9b565d9fcdf536b23738277d9f,0x449b3317a6d1efb1bc3ba0700c9eaa4ffff4ae65,AUDD,6,2026-04-07,-398296505,66
0x02a4a0db44682be4d5c4c7809c0c96c4f0464d9b565d9fcdf536b23738277d9f,0x449b3317a6d1efb1bc3ba0700c9eaa4ffff4ae65,AUDD,6,2026-04-08,-180019221,76
0x02a4a0db44682be4d5c4c7809c0c96c4f0464d9b565d9fcdf536b23738277d9f,0x449b3317a6d1efb1bc3ba0700c9eaa4ffff4ae65,AUDD,6,2026-04-09,-510572071,21
0x02a4a0db44682be4d5c4c7809c0c96c4f0464d9b565d9fcdf536b23738277d9f,0x449b3317a6d1efb1bc3ba0700c9eaa4ffff4ae65,AUDD,6,2026-04-10,-188888,7
0x02a4a0db44682be4d5c4c7809c0c96c4f0464d9b565d9fcdf536b23738277d9f,0x449b3317a6d1efb1bc3ba0700c9eaa4ffff4ae65,AUDD,6,2026-04-11,237408961,7
0x02a4a0db44682be4d5c4c7809c0c96c4f0464d9b565d9fcdf536b23738277d9f,0x449b3317a6d1efb1bc3ba0700c9eaa4ffff4ae65,AUDD,6,2026-04-12,2469037475,23
0x02a4a0db44682be4d5c4c7809c0c96c4f0464d9b565d9fcdf536b23738277d9f,0x449b3317a6d1efb1bc3ba0700c9eaa4ffff4ae65,AUDD,6,2026-04-13,-1447600507,30
0x02a4a0db44682be4d5c4c7809c0c96c4f0464d9b565d9fcdf536b23738277d9f,0x449b3317a6d1efb1bc3ba0700c9eaa4ffff4ae65,AUDD,6,2026-04-14,-517539904,67
0x02a4a0db44682be4d5c4c7809c0c96c4f0464d9b565d9fcdf536b23738277d9f,0x449b3317a6d1efb1bc3ba0700c9eaa4ffff4ae65,AUDD,6,2026-04-15,-516057399,24
0x02a4a0db44682be4d5c4c7809c0c96c4f0464d9b565d9fcdf536b23738277d9f,0x449b3317a6d1efb1bc3ba0700c9eaa4ffff4ae65,AUDD,6,2026-04-16,269761644,14
0x02a4a0db44682be4d5c4c7809c0c96c4f0464d9b565d9fcdf536b23738277d9f,0x449b3317a6d1efb1bc3ba0700c9eaa4ffff4ae65,AUDD,6,2026-04-17,-14876898,32
0x02a4a0db44682be4d5c4c7809c0c96c4f0464d9b565d9fcdf536b23738277d9f,0x449b3317a6d1efb1bc3ba0700c9eaa4ffff4ae65,AUDD,6,2026-04-18,-127615295,4
0x02a4a0db44682be4d5c4c7809c0c96c4f0464d9b565d9fcdf536b23738277d9f,0x449b3317a6d1efb1bc3ba0700c9eaa4ffff4ae65,AUDD,6,2026-04-19,463045611,7
0x02a4a0db44682be4d5c4c7809c0c96c4f0464d9b565d9fcdf536b23738277d9f,0x449b3317a6d1efb1bc3ba0700c9eaa4ffff4ae65,AUDD,6,2026-04-20,-339229262,12
0x02a4a0db44682be4d5c4c7809c0c96c4f0464d9b565d9fcdf536b23738277d9f,0x449b3317a6d1efb1bc3ba0700c9eaa4ffff4ae65,AUDD,6,2026-04-21,212601560,28
0x02a4a0db44682be4d5c4c7809c0c96c4f0464d9b565d9fcdf536b23738277d9f,0x449b3317a6d1efb1bc3ba0700c9eaa4ffff4ae65,AUDD,6,2026-04-22,1945746,10
0x02a4a0db44682be4d5c4c7809c0c96c4f0464d9b565d9fcdf536b23738277d9f,0x449b3317a6d1efb1bc3ba0700c9eaa4ffff4ae65,AUDD,6,2026-04-23,655911835,30
0x02a4a0db44682be4d5c4c7809c0c96c4f0464d9b565d9fcdf536b23738277d9f,0x449b3317a6d1efb1bc3ba0700c9eaa4ffff4ae65,AUDD,6,2026-04-24,830744420,15
0x02a4a0db44682be4d5c4c7809c0c96c4f0464d9b565d9fcdf536b23738277d9f,0x449b3317a6d1efb1bc3ba0700c9eaa4ffff4ae65,AUDD,6,2026-04-25,404071649,6
0x02a4a0db44682be4d5c4c7809c0c96c4f0464d9b565d9fcdf536b23738277d9f,0x449b3317a6d1efb1bc3ba0700c9eaa4ffff4ae65,AUDD,6,2026-04-26,-575977595,24
0x02a4a0db44682be4d5c4c7809c0c96c4f0464d9b565d9fcdf536b23738277d9f,0x449b3317a6d1efb1bc3ba0700c9eaa4ffff4ae65,AUDD,6,2026-04-27,-503213193,24
0x02a4a0db44682be4d5c4c7809c0c96c4f0464d9b565d9fcdf536b23738277d9f,0x449b3317a6d1efb1bc3ba0700c9eaa4ffff4ae65,AUDD,6,2026-04-28,374165576,30
0x02a4a0db44682be4d5c4c7809c0c96c4f0464d9b565d9fcdf536b23738277d9f,0x449b3317a6d1efb1bc3ba0700c9eaa4ffff4ae65,AUDD,6,2026-04-29,909087680,21
0x02a4a0db44682be4d5c4c7809c0c96c4f0464d9b565d9fcdf536b23738277d9f,0x449b3317a6d1efb1bc3ba0700c9eaa4ffff4ae65,AUDD,6,2026-04-30,-1806980051,38
0x02a4a0db44682be4d5c4c7809c0c96c4f0464d9b565d9fcdf536b23738277d9f,0x449b3317a6d1efb1bc3ba0700c9eaa4ffff4ae65,AUDD,6,2026-05-01,571982668,46
0x02a4a0db44682be4d5c4c7809c0c96c4f0464d9b565d9fcdf536b23738277d9f,0x449b3317a6d1efb1bc3ba0700c9eaa4ffff4ae65,AUDD,6,2026-05-02,15757659,1
0x02a4a0db44682be4d5c4c7809c0c96c4f0464d9b565d9fcdf536b23738277d9f,0x449b3317a6d1efb1bc3ba0700c9eaa4ffff4ae65,AUDD,6,2026-05-03,-326444744,7
0x02a4a0db44682be4d5c4c7809c0c96c4f0464d9b565d9fcdf536b23738277d9f,0x449b3317a6d1efb1bc3ba0700c9eaa4ffff4ae65,AUDD,6,2026-05-04,1185149319,40
0x02a4a0db44682be4d5c4c7809c0c96c4f0464d9b565d9fcdf536b23738277d9f,0x449b3317a6d1efb1bc3ba0700c9eaa4ffff4ae65,AUDD,6,2026-05-05,-1403975869,42
0x02a4a0db44682be4d5c4c7809c0c96c4f0464d9b565d9fcdf536b23738277d9f,0x449b3317a6d1efb1bc3ba0700c9eaa4ffff4ae65,AUDD,6,2026-05-06,1329466690,31
0x02a4a0db44682be4d5c4c7809c0c96c4f0464d9b565d9fcdf536b23738277d9f,0x449b3317a6d1efb1bc3ba0700c9eaa4ffff4ae65,AUDD,6,2026-05-07,1559248991,7
0x02a4a0db44682be4d5c4c7809c0c96c4f0464d9b565d9fcdf536b23738277d9f,0x449b3317a6d1efb1bc3ba0700c9eaa4ffff4ae65,AUDD,6,2026-05-08,-3093293432,21
0x02a4a0db44682be4d5c4c7809c0c96c4f0464d9b565d9fcdf536b23738277d9f,0x449b3317a6d1efb1bc3ba0700c9eaa4ffff4ae65,AUDD,6,2026-05-10,854731001,11
0x02a4a0db44682be4d5c4c7809c0c96c4f0464d9b565d9fcdf536b23738277d9f,0x449b3317a6d1efb1bc3ba0700c9eaa4ffff4ae65,AUDD,6,2026-05-11,357532348,20
0x02a4a0db44682be4d5c4c7809c0c96c4f0464d9b565d9fcdf536b23738277d9f,0x449b3317a6d1efb1bc3ba0700c9eaa4ffff4ae65,AUDD,6,2026-05-12,-646977192,17
0x02a4a0db44682be4d5c4c7809c0c96c4f0464d9b565d9fcdf536b23738277d9f,0x449b3317a6d1efb1bc3ba0700c9eaa4ffff4ae65,AUDD,6,2026-05-13,203412368,16
0x02a4a0db44682be4d5c4c7809c0c96c4f0464d9b565d9fcdf536b23738277d9f,0x449b3317a6d1efb1bc3ba0700c9eaa4ffff4ae65,AUDD,6,2026-05-14,1160003094,30
0x02a4a0db44682be4d5c4c7809c0c96c4f0464d9b565d9fcdf536b23738277d9f,0x449b3317a6d1efb1bc3ba0700c9eaa4ffff4ae65,AUDD,6,2026-05-15,-625813710,34
0x02a4a0db44682be4d5c4c7809c0c96c4f0464d9b565d9fcdf536b23738277d9f,0x449b3317a6d1efb1bc3ba0700c9eaa4ffff4ae65,AUDD,6,2026-05-16,-254749799,37
0x02a4a0db44682be4d5c4c7809c0c96c4f0464d9b565d9fcdf536b23738277d9f,0x449b3317a6d1efb1bc3ba0700c9eaa4ffff4ae65,AUDD,6,2026-05-17,490827643,8
0x02a4a0db44682be4d5c4c7809c0c96c4f0464d9b565d9fcdf536b23738277d9f,0x449b3317a6d1efb1bc3ba0700c9eaa4ffff4ae65,AUDD,6,2026-05-18,-340900436,64
0x02a4a0db44682be4d5c4c7809c0c96c4f0464d9b565d9fcdf536b23738277d9f,0x449b3317a6d1efb1bc3ba0700c9eaa4ffff4ae65,AUDD,6,2026-05-19,977305677,37
0x02a4a0db44682be4d5c4c7809c0c96c4f0464d9b565d9fcdf536b23738277d9f,0x449b3317a6d1efb1bc3ba0700c9eaa4ffff4ae65,AUDD,6,2026-05-20,-513806851,51
0x02a4a0db44682be4d5c4c7809c0c96c4f0464d9b565d9fcdf536b23738277d9f,0x449b3317a6d1efb1bc3ba0700c9eaa4ffff4ae65,AUDD,6,2026-05-21,-513291071,54
0x02a4a0db44682be4d5c4c7809c0c96c4f0464d9b565d9fcdf536b23738277d9f,0x449b3317a6d1efb1bc3ba0700c9eaa4ffff4ae65,AUDD,6,2026-05-22,328742849,11
0x02a4a0db44682be4d5c4c7809c0c96c4f0464d9b565d9fcdf536b23738277d9f,0x449b3317a6d1efb1bc3ba0700c9eaa4ffff4ae65,AUDD,6,2026-05-23,7215211,6
0x02a4a0db44682be4d5c4c7809c0c96c4f0464d9b565d9fcdf536b23738277d9f,0x449b3317a6d1efb1bc3ba0700c9eaa4ffff4ae65,AUDD,6,2026-05-24,-1075061918,31
0x02a4a0db44682be4d5c4c7809c0c96c4f0464d9b565d9fcdf536b23738277d9f,0x449b3317a6d1efb1bc3ba0700c9eaa4ffff4ae65,AUDD,6,2026-05-25,-92211201,25
0x02a4a0db44682be4d5c4c7809c0c96c4f0464d9b565d9fcdf536b23738277d9f,0x449b3317a6d1efb1bc3ba0700c9eaa4ffff4ae65,AUDD,6,2026-05-26,245212383,21
0x02a4a0db44682be4d5c4c7809c0c96c4f0464d9b565d9fcdf536b23738277d9f,0x449b3317a6d1efb1bc3ba0700c9eaa4ffff4ae65,AUDD,6,2026-05-27,1174491216,31
0x02a4a0db44682be4d5c4c7809c0c96c4f0464d9b565d9fcdf536b23738277d9f,0x449b3317a6d1efb1bc3ba0700c9eaa4ffff4ae65,AUDD,6,2026-05-28,-677428182,22
0x02a4a0db44682be4d5c4c7809c0c96c4f0464d9b565d9fcdf536b23738277d9f,0x449b3317a6d1efb1bc3ba0700c9eaa4ffff4ae65,AUDD,6,2026-05-29,-377966190,18
0x02a4a0db44682be4d5c4c7809c0c96c4f0464d9b565d9fcdf536b23738277d9f,0x449b3317a6d1efb1bc3ba0700c9eaa4ffff4ae65,AUDD,6,2026-05-30,-109672501,3
0x02a4a0db44682be4d5c4c7809c0c96c4f0464d9b565d9fcdf536b23738277d9f,0x449b3317a6d1efb1bc3ba0700c9eaa4ffff4ae65,AUDD,6,2026-05-31,128710740,7
0x02a4a0db44682be4d5c4c7809c0c96c4f0464d9b565d9fcdf536b23738277d9f,0x449b3317a6d1efb1bc3ba0700c9eaa4ffff4ae65,AUDD,6,2026-06-01,507990674,18
0x02a4a0db44682be4d5c4c7809c0c96c4f0464d9b565d9fcdf536b23738277d9f,0x449b3317a6d1efb1bc3ba0700c9eaa4ffff4ae65,AUDD,6,2026-06-02,159029161,46
0x02a4a0db44682be4d5c4c7809c0c96c4f0464d9b565d9fcdf536b23738277d9f,0x449b3317a6d1efb1bc3ba0700c9eaa4ffff4ae65,AUDD,6,2026-06-03,500557615,50
0x02a4a0db44682be4d5c4c7809c0c96c4f0464d9b565d9fcdf536b23738277d9f,0x449b3317a6d1efb1bc3ba0700c9eaa4ffff4ae65,AUDD,6,2026-06-04,-132986285,8
0x02a4a0db44682be4d5c4c7809c0c96c4f0464d9b565d9fcdf536b23738277d9f,0x449b3317a6d1efb1bc3ba0700c9eaa4ffff4ae65,AUDD,6,2026-06-05,900642540,18
0x02a4a0db44682be4d5c4c7809c0c96c4f0464d9b565d9fcdf536b23738277d9f,0x449b3317a6d1efb1bc3ba0700c9eaa4ffff4ae65,AUDD,6,2026-06-06,546665418,28
0x02a4a0db44682be4d5c4c7809c0c96c4f0464d9b565d9fcdf536b23738277d9f,0x449b3317a6d1efb1bc3ba0700c9eaa4ffff4ae65,AUDD,6,2026-06-07,-2255322240,6
0x02a4a0db44682be4d5c4c7809c0c96c4f0464d9b565d9fcdf536b23738277d9f,0x449b3317a6d1efb1bc3ba0700c9eaa4ffff4ae65,AUDD,6,2026-06-08,-106525333,13
0x02a4a0db44682be4d5c4c7809c0c96c4f0464d9b565d9fcdf536b23738277d9f,0x449b3317a6d1efb1bc3ba0700c9eaa4ffff4ae65,AUDD,6,2026-06-09,675018109,5
0x02a4a0db44682be4d5c4c7809c0c96c4f0464d9b565d9fcdf536b23738277d9f,0x449b3317a6d1efb1bc3ba0700c9eaa4ffff4ae65,AUDD,6,2026-06-10,103991678,61
0x02a4a0db44682be4d5c4c7809c0c96c4f0464d9b565d9fcdf536b23738277d9f,0x449b3317a6d1efb1bc3ba0700c9eaa4ffff4ae65,AUDD,6,2026-06-11,-113821441,24
0x02a4a0db44682be4d5c4c7809c0c96c4f0464d9b565d9fcdf536b23738277d9f,0x449b3317a6d1efb1bc3ba0700c9eaa4ffff4ae65,AUDD,6,2026-06-12,-796001379,24
0x02a4a0db44682be4d5c4c7809c0c96c4f0464d9b565d9fcdf536b23738277d9f,0x449b3317a6d1efb1bc3ba0700c9eaa4ffff4ae65,AUDD,6,2026-06-13,-1417556748,9
0x02a4a0db44682be4d5c4c7809c0c96c4f0464d9b565d9fcdf536b23738277d9f,0x449b3317a6d1efb1bc3ba0700c9eaa4ffff4ae65,AUDD,6,2026-06-14,-22832361,5
0x02a4a0db44682be4d5c4c7809c0c96c4f0464d9b565d9fcdf536b23738277d9f,0x449b3317a6d1efb1bc3ba0700c9eaa4ffff4ae65,AUDD,6,2026-06-15,1567277,3
0x02a4a0db44682be4d5c4c7809c0c96c4f0464d9b565d9fcdf536b23738277d9f,0x449b3317a6d1efb1bc3ba0700c9eaa4ffff4ae65,AUDD,6,2026-06-16,10369814,5
0x02a4a0db44682be4d5c4c7809c0c96c4f0464d9b565d9fcdf536b23738277d9f,0x449b3317a6d1efb1bc3ba0700c9eaa4ffff4ae65,AUDD,6,2026-06-17,305022431,2
0x02a4a0db44682be4d5c4c7809c0c96c4f0464d9b565d9fcdf536b23738277d9f,0x449b3317a6d1efb1bc3ba0700c9eaa4ffff4ae65,AUDD,6,2026-06-18,-278071023,2
0x02a4a0db44682be4d5c4c7809c0c96c4f0464d9b565d9fcdf536b23738277d9f,0x449b3317a6d1efb1bc3ba0700c9eaa4ffff4ae65,AUDD,6,2026-06-19,223300419,1
0x02a4a0db44682be4d5c4c7809c0c96c4f0464d9b565d9fcdf536b23738277d9f,0x449b3317a6d1efb1bc3ba0700c9eaa4ffff4ae65,AUDD,6,2026-06-20,10590118,2
0x02a4a0db44682be4d5c4c7809c0c96c4f0464d9b565d9fcdf536b23738277d9f,0x449b3317a6d1efb1bc3ba0700c9eaa4ffff4ae65,AUDD,6,2026-06-21,-5953394,2
0x02a4a0db44682be4d5c4c7809c0c96c4f0464d9b565d9fcdf536b23738277d9f,0x449b3317a6d1efb1bc3ba0700c9eaa4ffff4ae65,AUDD,6,2026-06-22,666567574,26
0x02a4a0db44682be4d5c4c7809c0c96c4f0464d9b565d9fcdf536b23738277d9f,0x449b3317a6d1efb1bc3ba0700c9eaa4ffff4ae65,AUDD,6,2026-06-23,298143784,17
0x02a4a0db44682be4d5c4c7809c0c96c4f0464d9b565d9fcdf536b23738277d9f,0x449b3317a6d1efb1bc3ba0700c9eaa4ffff4ae65,AUDD,6,2026-06-24,-61459723,43
0x02a4a0db44682be4d5c4c7809c0c96c4f0464d9b565d9fcdf536b23738277d9f,0x449b3317a6d1efb1bc3ba0700c9eaa4ffff4ae65,AUDD,6,2026-06-25,-1091150014,7
0x02a4a0db44682be4d5c4c7809c0c96c4f0464d9b565d9fcdf536b23738277d9f,0x449b3317a6d1efb1bc3ba0700c9eaa4ffff4ae65,AUDD,6,2026-06-27,8714048,2
0x02a4a0db44682be4d5c4c7809c0c96c4f0464d9b565d9fcdf536b23738277d9f,0x449b3317a6d1efb1bc3ba0700c9eaa4ffff4ae65,AUDD,6,2026-06-28,985383,2
0x02a4a0db44682be4d5c4c7809c0c96c4f0464d9b565d9fcdf536b23738277d9f,0x449b3317a6d1efb1bc3ba0700c9eaa4ffff4ae65,AUDD,6,2026-06-29,-1024882,4
0x02a4a0db44682be4d5c4c7809c0c96c4f0464d9b565d9fcdf536b23738277d9f,0x449b3317a6d1efb1bc3ba0700c9eaa4ffff4ae65,AUDD,6,2026-06-30,-8122616,3
0x02a4a0db44682be4d5c4c7809c0c96c4f0464d9b565d9fcdf536b23738277d9f,0x449b3317a6d1efb1bc3ba0700c9eaa4ffff4ae65,AUDD,6,2026-07-01,-2314605,7
0x02a4a0db44682be4d5c4c7809c0c96c4f0464d9b565d9fcdf536b23738277d9f,0x449b3317a6d1efb1bc3ba0700c9eaa4ffff4ae65,AUDD,6,2026-07-02,-8772533,7
0x02a4a0db44682be4d5c4c7809c0c96c4f0464d9b565d9fcdf536b23738277d9f,0x449b3317a6d1efb1bc3ba0700c9eaa4ffff4ae65,AUDD,6,2026-07-03,-101236985,1
0x02a4a0db44682be4d5c4c7809c0c96c4f0464d9b565d9fcdf536b23738277d9f,0x449b3317a6d1efb1bc3ba0700c9eaa4ffff4ae65,AUDD,6,2026-07-04,-16415,2
0x02a4a0db44682be4d5c4c7809c0c96c4f0464d9b565d9fcdf536b23738277d9f,0x449b3317a6d1efb1bc3ba0700c9eaa4ffff4ae65,AUDD,6,2026-07-05,-3879,2
0x02a4a0db44682be4d5c4c7809c0c96c4f0464d9b565d9fcdf536b23738277d9f,0x449b3317a6d1efb1bc3ba0700c9eaa4ffff4ae65,AUDD,6,2026-07-14,-540,1
0x02a4a0db44682be4d5c4c7809c0c96c4f0464d9b565d9fcdf536b23738277d9f,0x449b3317a6d1efb1bc3ba0700c9eaa4ffff4ae65,AUDD,6,2026-07-15,-63277,1
0x02a4a0db44682be4d5c4c7809c0c96c4f0464d9b565d9fcdf536b23738277d9f,0x449b3317a6d1efb1bc3ba0700c9eaa4ffff4ae65,AUDD,6,2026-07-16,-146881,1
0x02a4a0db44682be4d5c4c7809c0c96c4f0464d9b565d9fcdf536b23738277d9f,0x449b3317a6d1efb1bc3ba0700c9eaa4ffff4ae65,AUDD,6,2026-07-17,18349,2
0x02a4a0db44682be4d5c4c7809c0c96c4f0464d9b565d9fcdf536b23738277d9f,0x449b3317a6d1efb1bc3ba0700c9eaa4ffff4ae65,AUDD,6,2026-07-24,-16031,1
0x02a4a0db44682be4d5c4c7809c0c96c4f0464d9b565d9fcdf536b23738277d9f,0x833589fcd6edb6e08f4c7c32d4f71b54bda02913,USDC,6,2026-03-30,5821520,2
0x02a4a0db44682be4d5c4c7809c0c96c4f0464d9b565d9fcdf536b23738277d9f,0x833589fcd6edb6e08f4c7c32d4f71b54bda02913,USDC,6,2026-03-31,87695,1
0x02a4a0db44682be4d5c4c7809c0c96c4f0464d9b565d9fcdf536b23738277d9f,0x833589fcd6edb6e08f4c7c32d4f71b54bda02913,USDC,6,2026-04-01,-57578,8
0x02a4a0db44682be4d5c4c7809c0c96c4f0464d9b565d9fcdf536b23738277d9f,0x833589fcd6edb6e08f4c7c32d4f71b54bda02913,USDC,6,2026-04-02,891764390,34
0x02a4a0db44682be4d5c4c7809c0c96c4f0464d9b565d9fcdf536b23738277d9f,0x833589fcd6edb6e08f4c7c32d4f71b54bda02913,USDC,6,2026-04-03,-176939571,22
0x02a4a0db44682be4d5c4c7809c0c96c4f0464d9b565d9fcdf536b23738277d9f,0x833589fcd6edb6e08f4c7c32d4f71b54bda02913,USDC,6,2026-04-04,68713884,32
0x02a4a0db44682be4d5c4c7809c0c96c4f0464d9b565d9fcdf536b23738277d9f,0x833589fcd6edb6e08f4c7c32d4f71b54bda02913,USDC,6,2026-04-05,792775501,70
0x02a4a0db44682be4d5c4c7809c0c96c4f0464d9b565d9fcdf536b23738277d9f,0x833589fcd6edb6e08f4c7c32d4f71b54bda02913,USDC,6,2026-04-06,-21440434,49
0x02a4a0db44682be4d5c4c7809c0c96c4f0464d9b565d9fcdf536b23738277d9f,0x833589fcd6edb6e08f4c7c32d4f71b54bda02913,USDC,6,2026-04-07,2270144687,66
0x02a4a0db44682be4d5c4c7809c0c96c4f0464d9b565d9fcdf536b23738277d9f,0x833589fcd6edb6e08f4c7c32d4f71b54bda02913,USDC,6,2026-04-08,-1154784756,76
0x02a4a0db44682be4d5c4c7809c0c96c4f0464d9b565d9fcdf536b23738277d9f,0x833589fcd6edb6e08f4c7c32d4f71b54bda02913,USDC,6,2026-04-09,359629523,21
0x02a4a0db44682be4d5c4c7809c0c96c4f0464d9b565d9fcdf536b23738277d9f,0x833589fcd6edb6e08f4c7c32d4f71b54bda02913,USDC,6,2026-04-10,133296,7
0x02a4a0db44682be4d5c4c7809c0c96c4f0464d9b565d9fcdf536b23738277d9f,0x833589fcd6edb6e08f4c7c32d4f71b54bda02913,USDC,6,2026-04-11,-1142022184,7
0x02a4a0db44682be4d5c4c7809c0c96c4f0464d9b565d9fcdf536b23738277d9f,0x833589fcd6edb6e08f4c7c32d4f71b54bda02913,USDC,6,2026-04-12,-1743159635,23
0x02a4a0db44682be4d5c4c7809c0c96c4f0464d9b565d9fcdf536b23738277d9f,0x833589fcd6edb6e08f4c7c32d4f71b54bda02913,USDC,6,2026-04-13,1083273185,30
0x02a4a0db44682be4d5c4c7809c0c96c4f0464d9b565d9fcdf536b23738277d9f,0x833589fcd6edb6e08f4c7c32d4f71b54bda02913,USDC,6,2026-04-14,360603505,67
0x02a4a0db44682be4d5c4c7809c0c96c4f0464d9b565d9fcdf536b23738277d9f,0x833589fcd6edb6e08f4c7c32d4f71b54bda02913,USDC,6,2026-04-15,383292534,24
0x02a4a0db44682be4d5c4c7809c0c96c4f0464d9b565d9fcdf536b23738277d9f,0x833589fcd6edb6e08f4c7c32d4f71b54bda02913,USDC,6,2026-04-16,-180458387,14
0x02a4a0db44682be4d5c4c7809c0c96c4f0464d9b565d9fcdf536b23738277d9f,0x833589fcd6edb6e08f4c7c32d4f71b54bda02913,USDC,6,2026-04-17,10641349,32
0x02a4a0db44682be4d5c4c7809c0c96c4f0464d9b565d9fcdf536b23738277d9f,0x833589fcd6edb6e08f4c7c32d4f71b54bda02913,USDC,6,2026-04-18,91376202,4
0x02a4a0db44682be4d5c4c7809c0c96c4f0464d9b565d9fcdf536b23738277d9f,0x833589fcd6edb6e08f4c7c32d4f71b54bda02913,USDC,6,2026-04-19,-202263159,7
0x02a4a0db44682be4d5c4c7809c0c96c4f0464d9b565d9fcdf536b23738277d9f,0x833589fcd6edb6e08f4c7c32d4f71b54bda02913,USDC,6,2026-04-20,240099540,12
0x02a4a0db44682be4d5c4c7809c0c96c4f0464d9b565d9fcdf536b23738277d9f,0x833589fcd6edb6e08f4c7c32d4f71b54bda02913,USDC,6,2026-04-21,-151967108,28
0x02a4a0db44682be4d5c4c7809c0c96c4f0464d9b565d9fcdf536b23738277d9f,0x833589fcd6edb6e08f4c7c32d4f71b54bda02913,USDC,6,2026-04-22,21841776,10
0x02a4a0db44682be4d5c4c7809c0c96c4f0464d9b565d9fcdf536b23738277d9f,0x833589fcd6edb6e08f4c7c32d4f71b54bda02913,USDC,6,2026-04-23,31229838,30
0x02a4a0db44682be4d5c4c7809c0c96c4f0464d9b565d9fcdf536b23738277d9f,0x833589fcd6edb6e08f4c7c32d4f71b54bda02913,USDC,6,2026-04-24,1330343082,15
0x02a4a0db44682be4d5c4c7809c0c96c4f0464d9b565d9fcdf536b23738277d9f,0x833589fcd6edb6e08f4c7c32d4f71b54bda02913,USDC,6,2026-04-25,233937172,6
0x02a4a0db44682be4d5c4c7809c0c96c4f0464d9b565d9fcdf536b23738277d9f,0x833589fcd6edb6e08f4c7c32d4f71b54bda02913,USDC,6,2026-04-26,-672506278,24
0x02a4a0db44682be4d5c4c7809c0c96c4f0464d9b565d9fcdf536b23738277d9f,0x833589fcd6edb6e08f4c7c32d4f71b54bda02913,USDC,6,2026-04-27,-162458045,24
0x02a4a0db44682be4d5c4c7809c0c96c4f0464d9b565d9fcdf536b23738277d9f,0x833589fcd6edb6e08f4c7c32d4f71b54bda02913,USDC,6,2026-04-28,-267784339,30
0x02a4a0db44682be4d5c4c7809c0c96c4f0464d9b565d9fcdf536b23738277d9f,0x833589fcd6edb6e08f4c7c32d4f71b54bda02913,USDC,6,2026-04-29,-648777553,21
0x02a4a0db44682be4d5c4c7809c0c96c4f0464d9b565d9fcdf536b23738277d9f,0x833589fcd6edb6e08f4c7c32d4f71b54bda02913,USDC,6,2026-04-30,1292131366,38
0x02a4a0db44682be4d5c4c7809c0c96c4f0464d9b565d9fcdf536b23738277d9f,0x833589fcd6edb6e08f4c7c32d4f71b54bda02913,USDC,6,2026-05-01,-329261884,46
0x02a4a0db44682be4d5c4c7809c0c96c4f0464d9b565d9fcdf536b23738277d9f,0x833589fcd6edb6e08f4c7c32d4f71b54bda02913,USDC,6,2026-05-02,-11325038,1
0x02a4a0db44682be4d5c4c7809c0c96c4f0464d9b565d9fcdf536b23738277d9f,0x833589fcd6edb6e08f4c7c32d4f71b54bda02913,USDC,6,2026-05-03,193630360,7
0x02a4a0db44682be4d5c4c7809c0c96c4f0464d9b565d9fcdf536b23738277d9f,0x833589fcd6edb6e08f4c7c32d4f71b54bda02913,USDC,6,2026-05-04,-865177190,40
0x02a4a0db44682be4d5c4c7809c0c96c4f0464d9b565d9fcdf536b23738277d9f,0x833589fcd6edb6e08f4c7c32d4f71b54bda02913,USDC,6,2026-05-05,-769290919,42
0x02a4a0db44682be4d5c4c7809c0c96c4f0464d9b565d9fcdf536b23738277d9f,0x833589fcd6edb6e08f4c7c32d4f71b54bda02913,USDC,6,2026-05-06,233049886,31
0x02a4a0db44682be4d5c4c7809c0c96c4f0464d9b565d9fcdf536b23738277d9f,0x833589fcd6edb6e08f4c7c32d4f71b54bda02913,USDC,6,2026-05-07,-1125864126,7
0x02a4a0db44682be4d5c4c7809c0c96c4f0464d9b565d9fcdf536b23738277d9f,0x833589fcd6edb6e08f4c7c32d4f71b54bda02913,USDC,6,2026-05-08,3575256355,21
0x02a4a0db44682be4d5c4c7809c0c96c4f0464d9b565d9fcdf536b23738277d9f,0x833589fcd6edb6e08f4c7c32d4f71b54bda02913,USDC,6,2026-05-09,-2074135918,2
0x02a4a0db44682be4d5c4c7809c0c96c4f0464d9b565d9fcdf536b23738277d9f,0x833589fcd6edb6e08f4c7c32d4f71b54bda02913,USDC,6,2026-05-10,-618124720,11
0x02a4a0db44682be4d5c4c7809c0c96c4f0464d9b565d9fcdf536b23738277d9f,0x833589fcd6edb6e08f4c7c32d4f71b54bda02913,USDC,6,2026-05-11,-257716260,20
0x02a4a0db44682be4d5c4c7809c0c96c4f0464d9b565d9fcdf536b23738277d9f,0x833589fcd6edb6e08f4c7c32d4f71b54bda02913,USDC,6,2026-05-12,466717274,17
0x02a4a0db44682be4d5c4c7809c0c96c4f0464d9b565d9fcdf536b23738277d9f,0x833589fcd6edb6e08f4c7c32d4f71b54bda02913,USDC,6,2026-05-13,780488251,16
0x02a4a0db44682be4d5c4c7809c0c96c4f0464d9b565d9fcdf536b23738277d9f,0x833589fcd6edb6e08f4c7c32d4f71b54bda02913,USDC,6,2026-05-14,-866103985,30
0x02a4a0db44682be4d5c4c7809c0c96c4f0464d9b565d9fcdf536b23738277d9f,0x833589fcd6edb6e08f4c7c32d4f71b54bda02913,USDC,6,2026-05-15,-285200943,34
0x02a4a0db44682be4d5c4c7809c0c96c4f0464d9b565d9fcdf536b23738277d9f,0x833589fcd6edb6e08f4c7c32d4f71b54bda02913,USDC,6,2026-05-16,-3090594,37
0x02a4a0db44682be4d5c4c7809c0c96c4f0464d9b565d9fcdf536b23738277d9f,0x833589fcd6edb6e08f4c7c32d4f71b54bda02913,USDC,6,2026-05-17,874774032,8
0x02a4a0db44682be4d5c4c7809c0c96c4f0464d9b565d9fcdf536b23738277d9f,0x833589fcd6edb6e08f4c7c32d4f71b54bda02913,USDC,6,2026-05-18,242850072,64
0x02a4a0db44682be4d5c4c7809c0c96c4f0464d9b565d9fcdf536b23738277d9f,0x833589fcd6edb6e08f4c7c32d4f71b54bda02913,USDC,6,2026-05-19,-695013644,37
0x02a4a0db44682be4d5c4c7809c0c96c4f0464d9b565d9fcdf536b23738277d9f,0x833589fcd6edb6e08f4c7c32d4f71b54bda02913,USDC,6,2026-05-20,364936718,51
0x02a4a0db44682be4d5c4c7809c0c96c4f0464d9b565d9fcdf536b23738277d9f,0x833589fcd6edb6e08f4c7c32d4f71b54bda02913,USDC,6,2026-05-21,365585406,54
0x02a4a0db44682be4d5c4c7809c0c96c4f0464d9b565d9fcdf536b23738277d9f,0x833589fcd6edb6e08f4c7c32d4f71b54bda02913,USDC,6,2026-05-22,-234260177,11
0x02a4a0db44682be4d5c4c7809c0c96c4f0464d9b565d9fcdf536b23738277d9f,0x833589fcd6edb6e08f4c7c32d4f71b54bda02913,USDC,6,2026-05-23,-5136838,6
0x02a4a0db44682be4d5c4c7809c0c96c4f0464d9b565d9fcdf536b23738277d9f,0x833589fcd6edb6e08f4c7c32d4f71b54bda02913,USDC,6,2026-05-24,771626607,31
0x02a4a0db44682be4d5c4c7809c0c96c4f0464d9b565d9fcdf536b23738277d9f,0x833589fcd6edb6e08f4c7c32d4f71b54bda02913,USDC,6,2026-05-25,66049642,25
0x02a4a0db44682be4d5c4c7809c0c96c4f0464d9b565d9fcdf536b23738277d9f,0x833589fcd6edb6e08f4c7c32d4f71b54bda02913,USDC,6,2026-05-26,-175569448,21
0x02a4a0db44682be4d5c4c7809c0c96c4f0464d9b565d9fcdf536b23738277d9f,0x833589fcd6edb6e08f4c7c32d4f71b54bda02913,USDC,6,2026-05-27,-837695616,31
0x02a4a0db44682be4d5c4c7809c0c96c4f0464d9b565d9fcdf536b23738277d9f,0x833589fcd6edb6e08f4c7c32d4f71b54bda02913,USDC,6,2026-05-28,482519274,22
0x02a4a0db44682be4d5c4c7809c0c96c4f0464d9b565d9fcdf536b23738277d9f,0x833589fcd6edb6e08f4c7c32d4f71b54bda02913,USDC,6,2026-05-29,269988498,18
0x02a4a0db44682be4d5c4c7809c0c96c4f0464d9b565d9fcdf536b23738277d9f,0x833589fcd6edb6e08f4c7c32d4f71b54bda02913,USDC,6,2026-05-30,78444776,3
0x02a4a0db44682be4d5c4c7809c0c96c4f0464d9b565d9fcdf536b23738277d9f,0x833589fcd6edb6e08f4c7c32d4f71b54bda02913,USDC,6,2026-05-31,-92057389,7
0x02a4a0db44682be4d5c4c7809c0c96c4f0464d9b565d9fcdf536b23738277d9f,0x833589fcd6edb6e08f4c7c32d4f71b54bda02913,USDC,6,2026-06-01,-362702320,18
0x02a4a0db44682be4d5c4c7809c0c96c4f0464d9b565d9fcdf536b23738277d9f,0x833589fcd6edb6e08f4c7c32d4f71b54bda02913,USDC,6,2026-06-02,-113340918,46
0x02a4a0db44682be4d5c4c7809c0c96c4f0464d9b565d9fcdf536b23738277d9f,0x833589fcd6edb6e08f4c7c32d4f71b54bda02913,USDC,6,2026-06-03,-356114122,50
0x02a4a0db44682be4d5c4c7809c0c96c4f0464d9b565d9fcdf536b23738277d9f,0x833589fcd6edb6e08f4c7c32d4f71b54bda02913,USDC,6,2026-06-04,94517058,8
0x02a4a0db44682be4d5c4c7809c0c96c4f0464d9b565d9fcdf536b23738277d9f,0x833589fcd6edb6e08f4c7c32d4f71b54bda02913,USDC,6,2026-06-05,-638786529,18
0x02a4a0db44682be4d5c4c7809c0c96c4f0464d9b565d9fcdf536b23738277d9f,0x833589fcd6edb6e08f4c7c32d4f71b54bda02913,USDC,6,2026-06-06,-386214449,28
0x02a4a0db44682be4d5c4c7809c0c96c4f0464d9b565d9fcdf536b23738277d9f,0x833589fcd6edb6e08f4c7c32d4f71b54bda02913,USDC,6,2026-06-07,545486251,6
0x02a4a0db44682be4d5c4c7809c0c96c4f0464d9b565d9fcdf536b23738277d9f,0x833589fcd6edb6e08f4c7c32d4f71b54bda02913,USDC,6,2026-06-08,75105220,13
0x02a4a0db44682be4d5c4c7809c0c96c4f0464d9b565d9fcdf536b23738277d9f,0x833589fcd6edb6e08f4c7c32d4f71b54bda02913,USDC,6,2026-06-09,-475103511,5
0x02a4a0db44682be4d5c4c7809c0c96c4f0464d9b565d9fcdf536b23738277d9f,0x833589fcd6edb6e08f4c7c32d4f71b54bda02913,USDC,6,2026-06-10,-73021599,61
0x02a4a0db44682be4d5c4c7809c0c96c4f0464d9b565d9fcdf536b23738277d9f,0x833589fcd6edb6e08f4c7c32d4f71b54bda02913,USDC,6,2026-06-11,79926297,24
0x02a4a0db44682be4d5c4c7809c0c96c4f0464d9b565d9fcdf536b23738277d9f,0x833589fcd6edb6e08f4c7c32d4f71b54bda02913,USDC,6,2026-06-12,560494072,24
0x02a4a0db44682be4d5c4c7809c0c96c4f0464d9b565d9fcdf536b23738277d9f,0x833589fcd6edb6e08f4c7c32d4f71b54bda02913,USDC,6,2026-06-13,-1347978633,9
0x02a4a0db44682be4d5c4c7809c0c96c4f0464d9b565d9fcdf536b23738277d9f,0x833589fcd6edb6e08f4c7c32d4f71b54bda02913,USDC,6,2026-06-14,24579921,5
0x02a4a0db44682be4d5c4c7809c0c96c4f0464d9b565d9fcdf536b23738277d9f,0x833589fcd6edb6e08f4c7c32d4f71b54bda02913,USDC,6,2026-06-15,-9558158,3
0x02a4a0db44682be4d5c4c7809c0c96c4f0464d9b565d9fcdf536b23738277d9f,0x833589fcd6edb6e08f4c7c32d4f71b54bda02913,USDC,6,2026-06-16,-7335547,5
0x02a4a0db44682be4d5c4c7809c0c96c4f0464d9b565d9fcdf536b23738277d9f,0x833589fcd6edb6e08f4c7c32d4f71b54bda02913,USDC,6,2026-06-17,190912191,2
0x02a4a0db44682be4d5c4c7809c0c96c4f0464d9b565d9fcdf536b23738277d9f,0x833589fcd6edb6e08f4c7c32d4f71b54bda02913,USDC,6,2026-06-18,-209886323,2
0x02a4a0db44682be4d5c4c7809c0c96c4f0464d9b565d9fcdf536b23738277d9f,0x833589fcd6edb6e08f4c7c32d4f71b54bda02913,USDC,6,2026-06-19,161805000,1
0x02a4a0db44682be4d5c4c7809c0c96c4f0464d9b565d9fcdf536b23738277d9f,0x833589fcd6edb6e08f4c7c32d4f71b54bda02913,USDC,6,2026-06-20,-7428327,2
0x02a4a0db44682be4d5c4c7809c0c96c4f0464d9b565d9fcdf536b23738277d9f,0x833589fcd6edb6e08f4c7c32d4f71b54bda02913,USDC,6,2026-06-21,4175571,2
0x02a4a0db44682be4d5c4c7809c0c96c4f0464d9b565d9fcdf536b23738277d9f,0x833589fcd6edb6e08f4c7c32d4f71b54bda02913,USDC,6,2026-06-22,212200995,26
0x02a4a0db44682be4d5c4c7809c0c96c4f0464d9b565d9fcdf536b23738277d9f,0x833589fcd6edb6e08f4c7c32d4f71b54bda02913,USDC,6,2026-06-23,311526093,17
0x02a4a0db44682be4d5c4c7809c0c96c4f0464d9b565d9fcdf536b23738277d9f,0x833589fcd6edb6e08f4c7c32d4f71b54bda02913,USDC,6,2026-06-24,42631003,43
0x02a4a0db44682be4d5c4c7809c0c96c4f0464d9b565d9fcdf536b23738277d9f,0x833589fcd6edb6e08f4c7c32d4f71b54bda02913,USDC,6,2026-06-25,-752772885,7
0x02a4a0db44682be4d5c4c7809c0c96c4f0464d9b565d9fcdf536b23738277d9f,0x833589fcd6edb6e08f4c7c32d4f71b54bda02913,USDC,6,2026-06-27,-6003021,2
0x02a4a0db44682be4d5c4c7809c0c96c4f0464d9b565d9fcdf536b23738277d9f,0x833589fcd6edb6e08f4c7c32d4f71b54bda02913,USDC,6,2026-06-28,-677462,2
0x02a4a0db44682be4d5c4c7809c0c96c4f0464d9b565d9fcdf536b23738277d9f,0x833589fcd6edb6e08f4c7c32d4f71b54bda02913,USDC,6,2026-06-29,704624,4
0x02a4a0db44682be4d5c4c7809c0c96c4f0464d9b565d9fcdf536b23738277d9f,0x833589fcd6edb6e08f4c7c32d4f71b54bda02913,USDC,6,2026-06-30,5594996,3
0x02a4a0db44682be4d5c4c7809c0c96c4f0464d9b565d9fcdf536b23738277d9f,0x833589fcd6edb6e08f4c7c32d4f71b54bda02913,USDC,6,2026-07-01,1597780,7
0x02a4a0db44682be4d5c4c7809c0c96c4f0464d9b565d9fcdf536b23738277d9f,0x833589fcd6edb6e08f4c7c32d4f71b54bda02913,USDC,6,2026-07-02,6069623,7
0x02a4a0db44682be4d5c4c7809c0c96c4f0464d9b565d9fcdf536b23738277d9f,0x833589fcd6edb6e08f4c7c32d4f71b54bda02913,USDC,6,2026-07-03,-28537928,1
0x02a4a0db44682be4d5c4c7809c0c96c4f0464d9b565d9fcdf536b23738277d9f,0x833589fcd6edb6e08f4c7c32d4f71b54bda02913,USDC,6,2026-07-04,11383,2
0x02a4a0db44682be4d5c4c7809c0c96c4f0464d9b565d9fcdf536b23738277d9f,0x833589fcd6edb6e08f4c7c32d4f71b54bda02913,USDC,6,2026-07-05,2691,2
0x02a4a0db44682be4d5c4c7809c0c96c4f0464d9b565d9fcdf536b23738277d9f,0x833589fcd6edb6e08f4c7c32d4f71b54bda02913,USDC,6,2026-07-14,375,1
0x02a4a0db44682be4d5c4c7809c0c96c4f0464d9b565d9fcdf536b23738277d9f,0x833589fcd6edb6e08f4c7c32d4f71b54bda02913,USDC,6,2026-07-15,43983,1
0x02a4a0db44682be4d5c4c7809c0c96c4f0464d9b565d9fcdf536b23738277d9f,0x833589fcd6edb6e08f4c7c32d4f71b54bda02913,USDC,6,2026-07-16,102670,1
0x02a4a0db44682be4d5c4c7809c0c96c4f0464d9b565d9fcdf536b23738277d9f,0x833589fcd6edb6e08f4c7c32d4f71b54bda02913,USDC,6,2026-07-17,-12869,2
0x02a4a0db44682be4d5c4c7809c0c96c4f0464d9b565d9fcdf536b23738277d9f,0x833589fcd6edb6e08f4c7c32d4f71b54bda02913,USDC,6,2026-07-24,11243,1
0x1fe14350e72ed606c8850a16d91d5500c18274b7a19852dacf7c4164f78d820b,0x60a3e35cc302bfa44cb288bc5a4f316fdb1adb42,EURC,6,2025-11-27,2826163487,1515
0x1fe14350e72ed606c8850a16d91d5500c18274b7a19852dacf7c4164f78d820b,0x60a3e35cc302bfa44cb288bc5a4f316fdb1adb42,EURC,6,2025-11-28,1478820329,2161
0x1fe14350e72ed606c8850a16d91d5500c18274b7a19852dacf7c4164f78d820b,0x60a3e35cc302bfa44cb288bc5a4f316fdb1adb42,EURC,6,2025-11-29,-4759609299,1525
0x1fe14350e72ed606c8850a16d91d5500c18274b7a19852dacf7c4164f78d820b,0x60a3e35cc302bfa44cb288bc5a4f316fdb1adb42,EURC,6,2025-11-30,-173816069,1975
0x1fe14350e72ed606c8850a16d91d5500c18274b7a19852dacf7c4164f78d820b,0x60a3e35cc302bfa44cb288bc5a4f316fdb1adb42,EURC,6,2025-12-01,7822217446,1629
0x1fe14350e72ed606c8850a16d91d5500c18274b7a19852dacf7c4164f78d820b,0x60a3e35cc302bfa44cb288bc5a4f316fdb1adb42,EURC,6,2025-12-02,-9348236417,1826
0x1fe14350e72ed606c8850a16d91d5500c18274b7a19852dacf7c4164f78d820b,0x60a3e35cc302bfa44cb288bc5a4f316fdb1adb42,EURC,6,2025-12-03,-310494980,1887
0x1fe14350e72ed606c8850a16d91d5500c18274b7a19852dacf7c4164f78d820b,0x60a3e35cc302bfa44cb288bc5a4f316fdb1adb42,EURC,6,2025-12-04,-1814263673,2294
0x1fe14350e72ed606c8850a16d91d5500c18274b7a19852dacf7c4164f78d820b,0x60a3e35cc302bfa44cb288bc5a4f316fdb1adb42,EURC,6,2025-12-05,4293012414,1795
0x1fe14350e72ed606c8850a16d91d5500c18274b7a19852dacf7c4164f78d820b,0x60a3e35cc302bfa44cb288bc5a4f316fdb1adb42,EURC,6,2025-12-06,-175842384,992
0x1fe14350e72ed606c8850a16d91d5500c18274b7a19852dacf7c4164f78d820b,0x60a3e35cc302bfa44cb288bc5a4f316fdb1adb42,EURC,6,2025-12-07,-3446918255,1591
0x1fe14350e72ed606c8850a16d91d5500c18274b7a19852dacf7c4164f78d820b,0x60a3e35cc302bfa44cb288bc5a4f316fdb1adb42,EURC,6,2025-12-08,-1105512482,1463
0x1fe14350e72ed606c8850a16d91d5500c18274b7a19852dacf7c4164f78d820b,0x60a3e35cc302bfa44cb288bc5a4f316fdb1adb42,EURC,6,2025-12-09,3464933479,1385
0x1fe14350e72ed606c8850a16d91d5500c18274b7a19852dacf7c4164f78d820b,0x60a3e35cc302bfa44cb288bc5a4f316fdb1adb42,EURC,6,2025-12-10,-5349119938,1871
0x1fe14350e72ed606c8850a16d91d5500c18274b7a19852dacf7c4164f78d820b,0x60a3e35cc302bfa44cb288bc5a4f316fdb1adb42,EURC,6,2025-12-11,-4635908338,1736
0x1fe14350e72ed606c8850a16d91d5500c18274b7a19852dacf7c4164f78d820b,0x60a3e35cc302bfa44cb288bc5a4f316fdb1adb42,EURC,6,2025-12-12,787823271,1247
0x1fe14350e72ed606c8850a16d91d5500c18274b7a19852dacf7c4164f78d820b,0x60a3e35cc302bfa44cb288bc5a4f316fdb1adb42,EURC,6,2025-12-13,36138904278,1113
0x1fe14350e72ed606c8850a16d91d5500c18274b7a19852dacf7c4164f78d820b,0x60a3e35cc302bfa44cb288bc5a4f316fdb1adb42,EURC,6,2025-12-14,-31145063304,1945
0x1fe14350e72ed606c8850a16d91d5500c18274b7a19852dacf7c4164f78d820b,0x60a3e35cc302bfa44cb288bc5a4f316fdb1adb42,EURC,6,2025-12-15,-6453613709,1648
0x1fe14350e72ed606c8850a16d91d5500c18274b7a19852dacf7c4164f78d820b,0x60a3e35cc302bfa44cb288bc5a4f316fdb1adb42,EURC,6,2025-12-16,649470469,1269
0x1fe14350e72ed606c8850a16d91d5500c18274b7a19852dacf7c4164f78d820b,0x60a3e35cc302bfa44cb288bc5a4f316fdb1adb42,EURC,6,2025-12-17,-592588605,1368
0x1fe14350e72ed606c8850a16d91d5500c18274b7a19852dacf7c4164f78d820b,0x60a3e35cc302bfa44cb288bc5a4f316fdb1adb42,EURC,6,2025-12-18,6233425279,1382
0x1fe14350e72ed606c8850a16d91d5500c18274b7a19852dacf7c4164f78d820b,0x60a3e35cc302bfa44cb288bc5a4f316fdb1adb42,EURC,6,2025-12-19,-4204112625,1144
0x1fe14350e72ed606c8850a16d91d5500c18274b7a19852dacf7c4164f78d820b,0x60a3e35cc302bfa44cb288bc5a4f316fdb1adb42,EURC,6,2025-12-20,27181606147,750
0x1fe14350e72ed606c8850a16d91d5500c18274b7a19852dacf7c4164f78d820b,0x60a3e35cc302bfa44cb288bc5a4f316fdb1adb42,EURC,6,2025-12-21,-25935860464,1555
0x1fe14350e72ed606c8850a16d91d5500c18274b7a19852dacf7c4164f78d820b,0x60a3e35cc302bfa44cb288bc5a4f316fdb1adb42,EURC,6,2025-12-22,-7111597305,1232
0x1fe14350e72ed606c8850a16d91d5500c18274b7a19852dacf7c4164f78d820b,0x60a3e35cc302bfa44cb288bc5a4f316fdb1adb42,EURC,6,2025-12-23,-1156034062,932
0x1fe14350e72ed606c8850a16d91d5500c18274b7a19852dacf7c4164f78d820b,0x60a3e35cc302bfa44cb288bc5a4f316fdb1adb42,EURC,6,2025-12-24,1338711160,1126
0x1fe14350e72ed606c8850a16d91d5500c18274b7a19852dacf7c4164f78d820b,0x60a3e35cc302bfa44cb288bc5a4f316fdb1adb42,EURC,6,2025-12-25,-83266580,1028
0x1fe14350e72ed606c8850a16d91d5500c18274b7a19852dacf7c4164f78d820b,0x60a3e35cc302bfa44cb288bc5a4f316fdb1adb42,EURC,6,2025-12-26,3827681314,1188
0x1fe14350e72ed606c8850a16d91d5500c18274b7a19852dacf7c4164f78d820b,0x60a3e35cc302bfa44cb288bc5a4f316fdb1adb42,EURC,6,2025-12-27,5278657757,758
0x1fe14350e72ed606c8850a16d91d5500c18274b7a19852dacf7c4164f78d820b,0x60a3e35cc302bfa44cb288bc5a4f316fdb1adb42,EURC,6,2025-12-28,10317863721,1073
0x1fe14350e72ed606c8850a16d91d5500c18274b7a19852dacf7c4164f78d820b,0x60a3e35cc302bfa44cb288bc5a4f316fdb1adb42,EURC,6,2025-12-29,-2742284353,1068
0x1fe14350e72ed606c8850a16d91d5500c18274b7a19852dacf7c4164f78d820b,0x60a3e35cc302bfa44cb288bc5a4f316fdb1adb42,EURC,6,2025-12-30,26808705293,884
0x1fe14350e72ed606c8850a16d91d5500c18274b7a19852dacf7c4164f78d820b,0x60a3e35cc302bfa44cb288bc5a4f316fdb1adb42,EURC,6,2025-12-31,-11612939529,1728
0x1fe14350e72ed606c8850a16d91d5500c18274b7a19852dacf7c4164f78d820b,0x60a3e35cc302bfa44cb288bc5a4f316fdb1adb42,EURC,6,2026-01-01,-1915741903,915
0x1fe14350e72ed606c8850a16d91d5500c18274b7a19852dacf7c4164f78d820b,0x60a3e35cc302bfa44cb288bc5a4f316fdb1adb42,EURC,6,2026-01-02,40344592459,1160
0x1fe14350e72ed606c8850a16d91d5500c18274b7a19852dacf7c4164f78d820b,0x60a3e35cc302bfa44cb288bc5a4f316fdb1adb42,EURC,6,2026-01-03,2560871284,621
0x1fe14350e72ed606c8850a16d91d5500c18274b7a19852dacf7c4164f78d820b,0x60a3e35cc302bfa44cb288bc5a4f316fdb1adb42,EURC,6,2026-01-04,9512923058,651
0x1fe14350e72ed606c8850a16d91d5500c18274b7a19852dacf7c4164f78d820b,0x60a3e35cc302bfa44cb288bc5a4f316fdb1adb42,EURC,6,2026-01-05,-22407622423,644
0x1fe14350e72ed606c8850a16d91d5500c18274b7a19852dacf7c4164f78d820b,0x60a3e35cc302bfa44cb288bc5a4f316fdb1adb42,EURC,6,2026-01-06,20410689893,1128
0x1fe14350e72ed606c8850a16d91d5500c18274b7a19852dacf7c4164f78d820b,0x60a3e35cc302bfa44cb288bc5a4f316fdb1adb42,EURC,6,2026-01-07,2979117169,1881
0x1fe14350e72ed606c8850a16d91d5500c18274b7a19852dacf7c4164f78d820b,0x60a3e35cc302bfa44cb288bc5a4f316fdb1adb42,EURC,6,2026-01-08,8777381505,829
0x1fe14350e72ed606c8850a16d91d5500c18274b7a19852dacf7c4164f78d820b,0x60a3e35cc302bfa44cb288bc5a4f316fdb1adb42,EURC,6,2026-01-09,15042712231,903
0x1fe14350e72ed606c8850a16d91d5500c18274b7a19852dacf7c4164f78d820b,0x60a3e35cc302bfa44cb288bc5a4f316fdb1adb42,EURC,6,2026-01-10,-10027632438,590
0x1fe14350e72ed606c8850a16d91d5500c18274b7a19852dacf7c4164f78d820b,0x60a3e35cc302bfa44cb288bc5a4f316fdb1adb42,EURC,6,2026-01-11,-45229469762,927
0x1fe14350e72ed606c8850a16d91d5500c18274b7a19852dacf7c4164f78d820b,0x60a3e35cc302bfa44cb288bc5a4f316fdb1adb42,EURC,6,2026-01-12,1107542594,1432
0x1fe14350e72ed606c8850a16d91d5500c18274b7a19852dacf7c4164f78d820b,0x60a3e35cc302bfa44cb288bc5a4f316fdb1adb42,EURC,6,2026-01-13,4882345127,2021
0x1fe14350e72ed606c8850a16d91d5500c18274b7a19852dacf7c4164f78d820b,0x60a3e35cc302bfa44cb288bc5a4f316fdb1adb42,EURC,6,2026-01-14,4374376448,2094
0x1fe14350e72ed606c8850a16d91d5500c18274b7a19852dacf7c4164f78d820b,0x60a3e35cc302bfa44cb288bc5a4f316fdb1adb42,EURC,6,2026-01-15,4137887655,1071
0x1fe14350e72ed606c8850a16d91d5500c18274b7a19852dacf7c4164f78d820b,0x60a3e35cc302bfa44cb288bc5a4f316fdb1adb42,EURC,6,2026-01-16,-2179381011,846
0x1fe14350e72ed606c8850a16d91d5500c18274b7a19852dacf7c4164f78d820b,0x60a3e35cc302bfa44cb288bc5a4f316fdb1adb42,EURC,6,2026-01-17,2410262552,483
0x1fe14350e72ed606c8850a16d91d5500c18274b7a19852dacf7c4164f78d820b,0x60a3e35cc302bfa44cb288bc5a4f316fdb1adb42,EURC,6,2026-01-18,-9611170137,793
0x1fe14350e72ed606c8850a16d91d5500c18274b7a19852dacf7c4164f78d820b,0x60a3e35cc302bfa44cb288bc5a4f316fdb1adb42,EURC,6,2026-01-19,-9197276722,821
0x1fe14350e72ed606c8850a16d91d5500c18274b7a19852dacf7c4164f78d820b,0x60a3e35cc302bfa44cb288bc5a4f316fdb1adb42,EURC,6,2026-01-20,-8786787509,1270
0x1fe14350e72ed606c8850a16d91d5500c18274b7a19852dacf7c4164f78d820b,0x60a3e35cc302bfa44cb288bc5a4f316fdb1adb42,EURC,6,2026-01-21,6899162243,2216
0x1fe14350e72ed606c8850a16d91d5500c18274b7a19852dacf7c4164f78d820b,0x60a3e35cc302bfa44cb288bc5a4f316fdb1adb42,EURC,6,2026-01-22,-29982603214,1705
0x1fe14350e72ed606c8850a16d91d5500c18274b7a19852dacf7c4164f78d820b,0x60a3e35cc302bfa44cb288bc5a4f316fdb1adb42,EURC,6,2026-01-23,-15119068736,835
0x1fe14350e72ed606c8850a16d91d5500c18274b7a19852dacf7c4164f78d820b,0x60a3e35cc302bfa44cb288bc5a4f316fdb1adb42,EURC,6,2026-01-24,4170383627,593
0x1fe14350e72ed606c8850a16d91d5500c18274b7a19852dacf7c4164f78d820b,0x60a3e35cc302bfa44cb288bc5a4f316fdb1adb42,EURC,6,2026-01-25,-3973538492,885
0x1fe14350e72ed606c8850a16d91d5500c18274b7a19852dacf7c4164f78d820b,0x60a3e35cc302bfa44cb288bc5a4f316fdb1adb42,EURC,6,2026-01-26,4574239971,1042
0x1fe14350e72ed606c8850a16d91d5500c18274b7a19852dacf7c4164f78d820b,0x60a3e35cc302bfa44cb288bc5a4f316fdb1adb42,EURC,6,2026-01-27,-8108752746,399
0x1fe14350e72ed606c8850a16d91d5500c18274b7a19852dacf7c4164f78d820b,0x60a3e35cc302bfa44cb288bc5a4f316fdb1adb42,EURC,6,2026-01-28,1312781880,439
0x1fe14350e72ed606c8850a16d91d5500c18274b7a19852dacf7c4164f78d820b,0x60a3e35cc302bfa44cb288bc5a4f316fdb1adb42,EURC,6,2026-01-29,-1259205610,742
0x1fe14350e72ed606c8850a16d91d5500c18274b7a19852dacf7c4164f78d820b,0x60a3e35cc302bfa44cb288bc5a4f316fdb1adb42,EURC,6,2026-01-30,2028807619,578
0x1fe14350e72ed606c8850a16d91d5500c18274b7a19852dacf7c4164f78d820b,0x60a3e35cc302bfa44cb288bc5a4f316fdb1adb42,EURC,6,2026-01-31,858025766,729
0x1fe14350e72ed606c8850a16d91d5500c18274b7a19852dacf7c4164f78d820b,0x60a3e35cc302bfa44cb288bc5a4f316fdb1adb42,EURC,6,2026-02-01,-1086908929,831
0x1fe14350e72ed606c8850a16d91d5500c18274b7a19852dacf7c4164f78d820b,0x60a3e35cc302bfa44cb288bc5a4f316fdb1adb42,EURC,6,2026-02-02,2503437816,973
0x1fe14350e72ed606c8850a16d91d5500c18274b7a19852dacf7c4164f78d820b,0x60a3e35cc302bfa44cb288bc5a4f316fdb1adb42,EURC,6,2026-02-03,-850867413,888
0x1fe14350e72ed606c8850a16d91d5500c18274b7a19852dacf7c4164f78d820b,0x60a3e35cc302bfa44cb288bc5a4f316fdb1adb42,EURC,6,2026-02-04,3280195499,1302
0x1fe14350e72ed606c8850a16d91d5500c18274b7a19852dacf7c4164f78d820b,0x60a3e35cc302bfa44cb288bc5a4f316fdb1adb42,EURC,6,2026-02-05,-1971071154,1939
0x1fe14350e72ed606c8850a16d91d5500c18274b7a19852dacf7c4164f78d820b,0x60a3e35cc302bfa44cb288bc5a4f316fdb1adb42,EURC,6,2026-02-06,1062649179,1889
0x1fe14350e72ed606c8850a16d91d5500c18274b7a19852dacf7c4164f78d820b,0x60a3e35cc302bfa44cb288bc5a4f316fdb1adb42,EURC,6,2026-02-07,454393604,1052
0x1fe14350e72ed606c8850a16d91d5500c18274b7a19852dacf7c4164f78d820b,0x60a3e35cc302bfa44cb288bc5a4f316fdb1adb42,EURC,6,2026-02-08,-3204388685,901
0x1fe14350e72ed606c8850a16d91d5500c18274b7a19852dacf7c4164f78d820b,0x60a3e35cc302bfa44cb288bc5a4f316fdb1adb42,EURC,6,2026-02-09,-3056934393,603
0x1fe14350e72ed606c8850a16d91d5500c18274b7a19852dacf7c4164f78d820b,0x60a3e35cc302bfa44cb288bc5a4f316fdb1adb42,EURC,6,2026-02-10,-6256211,492
0x1fe14350e72ed606c8850a16d91d5500c18274b7a19852dacf7c4164f78d820b,0x60a3e35cc302bfa44cb288bc5a4f316fdb1adb42,EURC,6,2026-02-11,1643912002,1217
0x1fe14350e72ed606c8850a16d91d5500c18274b7a19852dacf7c4164f78d820b,0x60a3e35cc302bfa44cb288bc5a4f316fdb1adb42,EURC,6,2026-02-12,707322319,1031
0x1fe14350e72ed606c8850a16d91d5500c18274b7a19852dacf7c4164f78d820b,0x60a3e35cc302bfa44cb288bc5a4f316fdb1adb42,EURC,6,2026-02-13,76216930,848
0x1fe14350e72ed606c8850a16d91d5500c18274b7a19852dacf7c4164f78d820b,0x60a3e35cc302bfa44cb288bc5a4f316fdb1adb42,EURC,6,2026-02-14,517460458,799
0x1fe14350e72ed606c8850a16d91d5500c18274b7a19852dacf7c4164f78d820b,0x60a3e35cc302bfa44cb288bc5a4f316fdb1adb42,EURC,6,2026-02-15,-833696884,853
0x1fe14350e72ed606c8850a16d91d5500c18274b7a19852dacf7c4164f78d820b,0x60a3e35cc302bfa44cb288bc5a4f316fdb1adb42,EURC,6,2026-02-16,1322585934,744
0x1fe14350e72ed606c8850a16d91d5500c18274b7a19852dacf7c4164f78d820b,0x60a3e35cc302bfa44cb288bc5a4f316fdb1adb42,EURC,6,2026-02-17,-222422002,587
0x1fe14350e72ed606c8850a16d91d5500c18274b7a19852dacf7c4164f78d820b,0x60a3e35cc302bfa44cb288bc5a4f316fdb1adb42,EURC,6,2026-02-18,2437410564,1399
0x1fe14350e72ed606c8850a16d91d5500c18274b7a19852dacf7c4164f78d820b,0x60a3e35cc302bfa44cb288bc5a4f316fdb1adb42,EURC,6,2026-02-19,9193009328,1246
0x1fe14350e72ed606c8850a16d91d5500c18274b7a19852dacf7c4164f78d820b,0x60a3e35cc302bfa44cb288bc5a4f316fdb1adb42,EURC,6,2026-02-20,-7426411824,1070
0x1fe14350e72ed606c8850a16d91d5500c18274b7a19852dacf7c4164f78d820b,0x60a3e35cc302bfa44cb288bc5a4f316fdb1adb42,EURC,6,2026-02-21,1946313739,785
0x1fe14350e72ed606c8850a16d91d5500c18274b7a19852dacf7c4164f78d820b,0x60a3e35cc302bfa44cb288bc5a4f316fdb1adb42,EURC,6,2026-02-22,-5043850472,441
0x1fe14350e72ed606c8850a16d91d5500c18274b7a19852dacf7c4164f78d820b,0x60a3e35cc302bfa44cb288bc5a4f316fdb1adb42,EURC,6,2026-02-23,4438328678,698
0x1fe14350e72ed606c8850a16d91d5500c18274b7a19852dacf7c4164f78d820b,0x60a3e35cc302bfa44cb288bc5a4f316fdb1adb42,EURC,6,2026-02-24,-4515165302,828
0x1fe14350e72ed606c8850a16d91d5500c18274b7a19852dacf7c4164f78d820b,0x60a3e35cc302bfa44cb288bc5a4f316fdb1adb42,EURC,6,2026-02-25,-650655979,1030
0x1fe14350e72ed606c8850a16d91d5500c18274b7a19852dacf7c4164f78d820b,0x60a3e35cc302bfa44cb288bc5a4f316fdb1adb42,EURC,6,2026-02-26,-2389083375,828
0x1fe14350e72ed606c8850a16d91d5500c18274b7a19852dacf7c4164f78d820b,0x60a3e35cc302bfa44cb288bc5a4f316fdb1adb42,EURC,6,2026-02-27,468902743,508
0x1fe14350e72ed606c8850a16d91d5500c18274b7a19852dacf7c4164f78d820b,0x60a3e35cc302bfa44cb288bc5a4f316fdb1adb42,EURC,6,2026-02-28,-222952553,713
0x1fe14350e72ed606c8850a16d91d5500c18274b7a19852dacf7c4164f78d820b,0x60a3e35cc302bfa44cb288bc5a4f316fdb1adb42,EURC,6,2026-03-01,1519808642,690
0x1fe14350e72ed606c8850a16d91d5500c18274b7a19852dacf7c4164f78d820b,0x60a3e35cc302bfa44cb288bc5a4f316fdb1adb42,EURC,6,2026-03-02,1127412034,1024
0x1fe14350e72ed606c8850a16d91d5500c18274b7a19852dacf7c4164f78d820b,0x60a3e35cc302bfa44cb288bc5a4f316fdb1adb42,EURC,6,2026-03-03,738070537,1042
0x1fe14350e72ed606c8850a16d91d5500c18274b7a19852dacf7c4164f78d820b,0x60a3e35cc302bfa44cb288bc5a4f316fdb1adb42,EURC,6,2026-03-04,544233984,911
0x1fe14350e72ed606c8850a16d91d5500c18274b7a19852dacf7c4164f78d820b,0x60a3e35cc302bfa44cb288bc5a4f316fdb1adb42,EURC,6,2026-03-05,-754036726,1018
0x1fe14350e72ed606c8850a16d91d5500c18274b7a19852dacf7c4164f78d820b,0x60a3e35cc302bfa44cb288bc5a4f316fdb1adb42,EURC,6,2026-03-06,156230872,706
0x1fe14350e72ed606c8850a16d91d5500c18274b7a19852dacf7c4164f78d820b,0x60a3e35cc302bfa44cb288bc5a4f316fdb1adb42,EURC,6,2026-03-07,1789974652,309
0x1fe14350e72ed606c8850a16d91d5500c18274b7a19852dacf7c4164f78d820b,0x60a3e35cc302bfa44cb288bc5a4f316fdb1adb42,EURC,6,2026-03-08,988662635,771
0x1fe14350e72ed606c8850a16d91d5500c18274b7a19852dacf7c4164f78d820b,0x60a3e35cc302bfa44cb288bc5a4f316fdb1adb42,EURC,6,2026-03-09,-2268685755,991
0x1fe14350e72ed606c8850a16d91d5500c18274b7a19852dacf7c4164f78d820b,0x60a3e35cc302bfa44cb288bc5a4f316fdb1adb42,EURC,6,2026-03-10,150897685,899
0x1fe14350e72ed606c8850a16d91d5500c18274b7a19852dacf7c4164f78d820b,0x60a3e35cc302bfa44cb288bc5a4f316fdb1adb42,EURC,6,2026-03-11,3287229711,1038
0x1fe14350e72ed606c8850a16d91d5500c18274b7a19852dacf7c4164f78d820b,0x60a3e35cc302bfa44cb288bc5a4f316fdb1adb42,EURC,6,2026-03-12,-1375533593,816
0x1fe14350e72ed606c8850a16d91d5500c18274b7a19852dacf7c4164f78d820b,0x60a3e35cc302bfa44cb288bc5a4f316fdb1adb42,EURC,6,2026-03-13,-774850812,438
0x1fe14350e72ed606c8850a16d91d5500c18274b7a19852dacf7c4164f78d820b,0x60a3e35cc302bfa44cb288bc5a4f316fdb1adb42,EURC,6,2026-03-14,150529124,258
0x1fe14350e72ed606c8850a16d91d5500c18274b7a19852dacf7c4164f78d820b,0x60a3e35cc302bfa44cb288bc5a4f316fdb1adb42,EURC,6,2026-03-15,318300289,429
0x1fe14350e72ed606c8850a16d91d5500c18274b7a19852dacf7c4164f78d820b,0x60a3e35cc302bfa44cb288bc5a4f316fdb1adb42,EURC,6,2026-03-16,561894152,615
0x1fe14350e72ed606c8850a16d91d5500c18274b7a19852dacf7c4164f78d820b,0x60a3e35cc302bfa44cb288bc5a4f316fdb1adb42,EURC,6,2026-03-17,-2328147524,596
0x1fe14350e72ed606c8850a16d91d5500c18274b7a19852dacf7c4164f78d820b,0x60a3e35cc302bfa44cb288bc5a4f316fdb1adb42,EURC,6,2026-03-18,8139322679,967
0x1fe14350e72ed606c8850a16d91d5500c18274b7a19852dacf7c4164f78d820b,0x60a3e35cc302bfa44cb288bc5a4f316fdb1adb42,EURC,6,2026-03-19,-3359620950,1429
0x1fe14350e72ed606c8850a16d91d5500c18274b7a19852dacf7c4164f78d820b,0x60a3e35cc302bfa44cb288bc5a4f316fdb1adb42,EURC,6,2026-03-20,-2180523960,1052
0x1fe14350e72ed606c8850a16d91d5500c18274b7a19852dacf7c4164f78d820b,0x60a3e35cc302bfa44cb288bc5a4f316fdb1adb42,EURC,6,2026-03-21,2595623292,558
0x1fe14350e72ed606c8850a16d91d5500c18274b7a19852dacf7c4164f78d820b,0x60a3e35cc302bfa44cb288bc5a4f316fdb1adb42,EURC,6,2026-03-22,2444988863,785
0x1fe14350e72ed606c8850a16d91d5500c18274b7a19852dacf7c4164f78d820b,0x60a3e35cc302bfa44cb288bc5a4f316fdb1adb42,EURC,6,2026-03-23,-5826308781,1370
0x1fe14350e72ed606c8850a16d91d5500c18274b7a19852dacf7c4164f78d820b,0x60a3e35cc302bfa44cb288bc5a4f316fdb1adb42,EURC,6,2026-03-24,787428755,1020
0x1fe14350e72ed606c8850a16d91d5500c18274b7a19852dacf7c4164f78d820b,0x60a3e35cc302bfa44cb288bc5a4f316fdb1adb42,EURC,6,2026-03-25,3477198137,1032
0x1fe14350e72ed606c8850a16d91d5500c18274b7a19852dacf7c4164f78d820b,0x60a3e35cc302bfa44cb288bc5a4f316fdb1adb42,EURC,6,2026-03-26,-1099806598,954
0x1fe14350e72ed606c8850a16d91d5500c18274b7a19852dacf7c4164f78d820b,0x60a3e35cc302bfa44cb288bc5a4f316fdb1adb42,EURC,6,2026-03-27,2902363988,808
0x1fe14350e72ed606c8850a16d91d5500c18274b7a19852dacf7c4164f78d820b,0x60a3e35cc302bfa44cb288bc5a4f316fdb1adb42,EURC,6,2026-03-28,5466818523,450
0x1fe14350e72ed606c8850a16d91d5500c18274b7a19852dacf7c4164f78d820b,0x60a3e35cc302bfa44cb288bc5a4f316fdb1adb42,EURC,6,2026-03-29,-1077296228,889
0x1fe14350e72ed606c8850a16d91d5500c18274b7a19852dacf7c4164f78d820b,0x60a3e35cc302bfa44cb288bc5a4f316fdb1adb42,EURC,6,2026-03-30,3839895152,881
0x1fe14350e72ed606c8850a16d91d5500c18274b7a19852dacf7c4164f78d820b,0x60a3e35cc302bfa44cb288bc5a4f316fdb1adb42,EURC,6,2026-03-31,-14149962256,1073
0x1fe14350e72ed606c8850a16d91d5500c18274b7a19852dacf7c4164f78d820b,0x60a3e35cc302bfa44cb288bc5a4f316fdb1adb42,EURC,6,2026-04-01,5616481999,1080
0x1fe14350e72ed606c8850a16d91d5500c18274b7a19852dacf7c4164f78d820b,0x60a3e35cc302bfa44cb288bc5a4f316fdb1adb42,EURC,6,2026-04-02,-498837513,747
0x1fe14350e72ed606c8850a16d91d5500c18274b7a19852dacf7c4164f78d820b,0x60a3e35cc302bfa44cb288bc5a4f316fdb1adb42,EURC,6,2026-04-03,3301736688,464
0x1fe14350e72ed606c8850a16d91d5500c18274b7a19852dacf7c4164f78d820b,0x60a3e35cc302bfa44cb288bc5a4f316fdb1adb42,EURC,6,2026-04-04,6948196067,501
0x1fe14350e72ed606c8850a16d91d5500c18274b7a19852dacf7c4164f78d820b,0x60a3e35cc302bfa44cb288bc5a4f316fdb1adb42,EURC,6,2026-04-05,-9670549208,669
0x1fe14350e72ed606c8850a16d91d5500c18274b7a19852dacf7c4164f78d820b,0x60a3e35cc302bfa44cb288bc5a4f316fdb1adb42,EURC,6,2026-04-06,-455711497,642
0x1fe14350e72ed606c8850a16d91d5500c18274b7a19852dacf7c4164f78d820b,0x60a3e35cc302bfa44cb288bc5a4f316fdb1adb42,EURC,6,2026-04-07,-9267996333,853
0x1fe14350e72ed606c8850a16d91d5500c18274b7a19852dacf7c4164f78d820b,0x60a3e35cc302bfa44cb288bc5a4f316fdb1adb42,EURC,6,2026-04-08,1071644571,545
0x1fe14350e72ed606c8850a16d91d5500c18274b7a19852dacf7c4164f78d820b,0x60a3e35cc302bfa44cb288bc5a4f316fdb1adb42,EURC,6,2026-04-09,-451010368,477
0x1fe14350e72ed606c8850a16d91d5500c18274b7a19852dacf7c4164f78d820b,0x60a3e35cc302bfa44cb288bc5a4f316fdb1adb42,EURC,6,2026-04-10,13833295404,482
0x1fe14350e72ed606c8850a16d91d5500c18274b7a19852dacf7c4164f78d820b,0x60a3e35cc302bfa44cb288bc5a4f316fdb1adb42,EURC,6,2026-04-11,-8965131037,514
0x1fe14350e72ed606c8850a16d91d5500c18274b7a19852dacf7c4164f78d820b,0x60a3e35cc302bfa44cb288bc5a4f316fdb1adb42,EURC,6,2026-04-12,-4301414084,451
0x1fe14350e72ed606c8850a16d91d5500c18274b7a19852dacf7c4164f78d820b,0x60a3e35cc302bfa44cb288bc5a4f316fdb1adb42,EURC,6,2026-04-13,-2056988228,583
0x1fe14350e72ed606c8850a16d91d5500c18274b7a19852dacf7c4164f78d820b,0x60a3e35cc302bfa44cb288bc5a4f316fdb1adb42,EURC,6,2026-04-14,1812072117,678
0x1fe14350e72ed606c8850a16d91d5500c18274b7a19852dacf7c4164f78d820b,0x60a3e35cc302bfa44cb288bc5a4f316fdb1adb42,EURC,6,2026-04-15,254292088,903
0x1fe14350e72ed606c8850a16d91d5500c18274b7a19852dacf7c4164f78d820b,0x60a3e35cc302bfa44cb288bc5a4f316fdb1adb42,EURC,6,2026-04-16,6216132249,627
0x1fe14350e72ed606c8850a16d91d5500c18274b7a19852dacf7c4164f78d820b,0x60a3e35cc302bfa44cb288bc5a4f316fdb1adb42,EURC,6,2026-04-17,6136979392,1019
0x1fe14350e72ed606c8850a16d91d5500c18274b7a19852dacf7c4164f78d820b,0x60a3e35cc302bfa44cb288bc5a4f316fdb1adb42,EURC,6,2026-04-18,2674850922,1013
0x1fe14350e72ed606c8850a16d91d5500c18274b7a19852dacf7c4164f78d820b,0x60a3e35cc302bfa44cb288bc5a4f316fdb1adb42,EURC,6,2026-04-19,-6936491274,937
0x1fe14350e72ed606c8850a16d91d5500c18274b7a19852dacf7c4164f78d820b,0x60a3e35cc302bfa44cb288bc5a4f316fdb1adb42,EURC,6,2026-04-20,-1443650989,611
0x1fe14350e72ed606c8850a16d91d5500c18274b7a19852dacf7c4164f78d820b,0x60a3e35cc302bfa44cb288bc5a4f316fdb1adb42,EURC,6,2026-04-21,13123476792,909
0x1fe14350e72ed606c8850a16d91d5500c18274b7a19852dacf7c4164f78d820b,0x60a3e35cc302bfa44cb288bc5a4f316fdb1adb42,EURC,6,2026-04-22,3938738937,898
0x1fe14350e72ed606c8850a16d91d5500c18274b7a19852dacf7c4164f78d820b,0x60a3e35cc302bfa44cb288bc5a4f316fdb1adb42,EURC,6,2026-04-23,1724026488,716
0x1fe14350e72ed606c8850a16d91d5500c18274b7a19852dacf7c4164f78d820b,0x60a3e35cc302bfa44cb288bc5a4f316fdb1adb42,EURC,6,2026-04-24,-3102917338,453
0x1fe14350e72ed606c8850a16d91d5500c18274b7a19852dacf7c4164f78d820b,0x60a3e35cc302bfa44cb288bc5a4f316fdb1adb42,EURC,6,2026-04-25,3192058533,225
0x1fe14350e72ed606c8850a16d91d5500c18274b7a19852dacf7c4164f78d820b,0x60a3e35cc302bfa44cb288bc5a4f316fdb1adb42,EURC,6,2026-04-26,-3686209263,508
0x1fe14350e72ed606c8850a16d91d5500c18274b7a19852dacf7c4164f78d820b,0x60a3e35cc302bfa44cb288bc5a4f316fdb1adb42,EURC,6,2026-04-27,1937026514,430
0x1fe14350e72ed606c8850a16d91d5500c18274b7a19852dacf7c4164f78d820b,0x60a3e35cc302bfa44cb288bc5a4f316fdb1adb42,EURC,6,2026-04-28,863455447,535
0x1fe14350e72ed606c8850a16d91d5500c18274b7a19852dacf7c4164f78d820b,0x60a3e35cc302bfa44cb288bc5a4f316fdb1adb42,EURC,6,2026-04-29,7919166339,774
0x1fe14350e72ed606c8850a16d91d5500c18274b7a19852dacf7c4164f78d820b,0x60a3e35cc302bfa44cb288bc5a4f316fdb1adb42,EURC,6,2026-04-30,-9367031658,953
0x1fe14350e72ed606c8850a16d91d5500c18274b7a19852dacf7c4164f78d820b,0x60a3e35cc302bfa44cb288bc5a4f316fdb1adb42,EURC,6,2026-05-01,13292143829,894
0x1fe14350e72ed606c8850a16d91d5500c18274b7a19852dacf7c4164f78d820b,0x60a3e35cc302bfa44cb288bc5a4f316fdb1adb42,EURC,6,2026-05-02,-3241163936,721
0x1fe14350e72ed606c8850a16d91d5500c18274b7a19852dacf7c4164f78d820b,0x60a3e35cc302bfa44cb288bc5a4f316fdb1adb42,EURC,6,2026-05-03,-11040835113,892
0x1fe14350e72ed606c8850a16d91d5500c18274b7a19852dacf7c4164f78d820b,0x60a3e35cc302bfa44cb288bc5a4f316fdb1adb42,EURC,6,2026-05-04,12815907331,912
0x1fe14350e72ed606c8850a16d91d5500c18274b7a19852dacf7c4164f78d820b,0x60a3e35cc302bfa44cb288bc5a4f316fdb1adb42,EURC,6,2026-05-05,-9485889501,1084
0x1fe14350e72ed606c8850a16d91d5500c18274b7a19852dacf7c4164f78d820b,0x60a3e35cc302bfa44cb288bc5a4f316fdb1adb42,EURC,6,2026-05-06,20166036887,1393
0x1fe14350e72ed606c8850a16d91d5500c18274b7a19852dacf7c4164f78d820b,0x60a3e35cc302bfa44cb288bc5a4f316fdb1adb42,EURC,6,2026-05-07,-12190855138,1564
0x1fe14350e72ed606c8850a16d91d5500c18274b7a19852dacf7c4164f78d820b,0x60a3e35cc302bfa44cb288bc5a4f316fdb1adb42,EURC,6,2026-05-08,-1940873468,1124
0x1fe14350e72ed606c8850a16d91d5500c18274b7a19852dacf7c4164f78d820b,0x60a3e35cc302bfa44cb288bc5a4f316fdb1adb42,EURC,6,2026-05-09,4257117809,939
0x1fe14350e72ed606c8850a16d91d5500c18274b7a19852dacf7c4164f78d820b,0x60a3e35cc302bfa44cb288bc5a4f316fdb1adb42,EURC,6,2026-05-10,187630207,1267
0x1fe14350e72ed606c8850a16d91d5500c18274b7a19852dacf7c4164f78d820b,0x60a3e35cc302bfa44cb288bc5a4f316fdb1adb42,EURC,6,2026-05-11,-3597840244,1229
0x1fe14350e72ed606c8850a16d91d5500c18274b7a19852dacf7c4164f78d820b,0x60a3e35cc302bfa44cb288bc5a4f316fdb1adb42,EURC,6,2026-05-12,5594081412,1416
0x1fe14350e72ed606c8850a16d91d5500c18274b7a19852dacf7c4164f78d820b,0x60a3e35cc302bfa44cb288bc5a4f316fdb1adb42,EURC,6,2026-05-13,8309569152,1258
0x1fe14350e72ed606c8850a16d91d5500c18274b7a19852dacf7c4164f78d820b,0x60a3e35cc302bfa44cb288bc5a4f316fdb1adb42,EURC,6,2026-05-14,45649286197,1973
0x1fe14350e72ed606c8850a16d91d5500c18274b7a19852dacf7c4164f78d820b,0x60a3e35cc302bfa44cb288bc5a4f316fdb1adb42,EURC,6,2026-05-15,-36818735233,1144
0x1fe14350e72ed606c8850a16d91d5500c18274b7a19852dacf7c4164f78d820b,0x60a3e35cc302bfa44cb288bc5a4f316fdb1adb42,EURC,6,2026-05-16,10655254383,894
0x1fe14350e72ed606c8850a16d91d5500c18274b7a19852dacf7c4164f78d820b,0x60a3e35cc302bfa44cb288bc5a4f316fdb1adb42,EURC,6,2026-05-17,-9204381261,1167
0x1fe14350e72ed606c8850a16d91d5500c18274b7a19852dacf7c4164f78d820b,0x60a3e35cc302bfa44cb288bc5a4f316fdb1adb42,EURC,6,2026-05-18,1179234814,1970
0x1fe14350e72ed606c8850a16d91d5500c18274b7a19852dacf7c4164f78d820b,0x60a3e35cc302bfa44cb288bc5a4f316fdb1adb42,EURC,6,2026-05-19,11352932043,1574
0x1fe14350e72ed606c8850a16d91d5500c18274b7a19852dacf7c4164f78d820b,0x60a3e35cc302bfa44cb288bc5a4f316fdb1adb42,EURC,6,2026-05-20,-6709900770,1731
0x1fe14350e72ed606c8850a16d91d5500c18274b7a19852dacf7c4164f78d820b,0x60a3e35cc302bfa44cb288bc5a4f316fdb1adb42,EURC,6,2026-05-21,-130499751,1898
0x1fe14350e72ed606c8850a16d91d5500c18274b7a19852dacf7c4164f78d820b,0x60a3e35cc302bfa44cb288bc5a4f316fdb1adb42,EURC,6,2026-05-22,28236588454,1848
0x1fe14350e72ed606c8850a16d91d5500c18274b7a19852dacf7c4164f78d820b,0x60a3e35cc302bfa44cb288bc5a4f316fdb1adb42,EURC,6,2026-05-23,-9237117469,2170
0x1fe14350e72ed606c8850a16d91d5500c18274b7a19852dacf7c4164f78d820b,0x60a3e35cc302bfa44cb288bc5a4f316fdb1adb42,EURC,6,2026-05-24,-27971925499,1869
0x1fe14350e72ed606c8850a16d91d5500c18274b7a19852dacf7c4164f78d820b,0x60a3e35cc302bfa44cb288bc5a4f316fdb1adb42,EURC,6,2026-05-25,21312984513,2120
0x1fe14350e72ed606c8850a16d91d5500c18274b7a19852dacf7c4164f78d820b,0x60a3e35cc302bfa44cb288bc5a4f316fdb1adb42,EURC,6,2026-05-26,-14745007161,2339
0x1fe14350e72ed606c8850a16d91d5500c18274b7a19852dacf7c4164f78d820b,0x60a3e35cc302bfa44cb288bc5a4f316fdb1adb42,EURC,6,2026-05-27,39628611632,2397
0x1fe14350e72ed606c8850a16d91d5500c18274b7a19852dacf7c4164f78d820b,0x60a3e35cc302bfa44cb288bc5a4f316fdb1adb42,EURC,6,2026-05-28,-41157815567,2171
0x1fe14350e72ed606c8850a16d91d5500c18274b7a19852dacf7c4164f78d820b,0x60a3e35cc302bfa44cb288bc5a4f316fdb1adb42,EURC,6,2026-05-29,-7536807421,2634
0x1fe14350e72ed606c8850a16d91d5500c18274b7a19852dacf7c4164f78d820b,0x60a3e35cc302bfa44cb288bc5a4f316fdb1adb42,EURC,6,2026-05-30,2474877569,1949
0x1fe14350e72ed606c8850a16d91d5500c18274b7a19852dacf7c4164f78d820b,0x60a3e35cc302bfa44cb288bc5a4f316fdb1adb42,EURC,6,2026-05-31,-24453691166,2309
0x1fe14350e72ed606c8850a16d91d5500c18274b7a19852dacf7c4164f78d820b,0x60a3e35cc302bfa44cb288bc5a4f316fdb1adb42,EURC,6,2026-06-01,13561913499,1865
0x1fe14350e72ed606c8850a16d91d5500c18274b7a19852dacf7c4164f78d820b,0x60a3e35cc302bfa44cb288bc5a4f316fdb1adb42,EURC,6,2026-06-02,6586623651,1783
0x1fe14350e72ed606c8850a16d91d5500c18274b7a19852dacf7c4164f78d820b,0x60a3e35cc302bfa44cb288bc5a4f316fdb1adb42,EURC,6,2026-06-03,14489075669,2359
0x1fe14350e72ed606c8850a16d91d5500c18274b7a19852dacf7c4164f78d820b,0x60a3e35cc302bfa44cb288bc5a4f316fdb1adb42,EURC,6,2026-06-04,-4619526314,2925
0x1fe14350e72ed606c8850a16d91d5500c18274b7a19852dacf7c4164f78d820b,0x60a3e35cc302bfa44cb288bc5a4f316fdb1adb42,EURC,6,2026-06-05,59307284451,2878
0x1fe14350e72ed606c8850a16d91d5500c18274b7a19852dacf7c4164f78d820b,0x60a3e35cc302bfa44cb288bc5a4f316fdb1adb42,EURC,6,2026-06-06,-3002340337,2255
0x1fe14350e72ed606c8850a16d91d5500c18274b7a19852dacf7c4164f78d820b,0x60a3e35cc302bfa44cb288bc5a4f316fdb1adb42,EURC,6,2026-06-07,-28535094056,2015
0x1fe14350e72ed606c8850a16d91d5500c18274b7a19852dacf7c4164f78d820b,0x60a3e35cc302bfa44cb288bc5a4f316fdb1adb42,EURC,6,2026-06-08,-21484096178,1585
0x1fe14350e72ed606c8850a16d91d5500c18274b7a19852dacf7c4164f78d820b,0x60a3e35cc302bfa44cb288bc5a4f316fdb1adb42,EURC,6,2026-06-09,-2968786993,1389
0x1fe14350e72ed606c8850a16d91d5500c18274b7a19852dacf7c4164f78d820b,0x60a3e35cc302bfa44cb288bc5a4f316fdb1adb42,EURC,6,2026-06-10,2080698588,1378
0x1fe14350e72ed606c8850a16d91d5500c18274b7a19852dacf7c4164f78d820b,0x60a3e35cc302bfa44cb288bc5a4f316fdb1adb42,EURC,6,2026-06-11,-4933035928,1372
0x1fe14350e72ed606c8850a16d91d5500c18274b7a19852dacf7c4164f78d820b,0x60a3e35cc302bfa44cb288bc5a4f316fdb1adb42,EURC,6,2026-06-12,3692415212,1019
0x1fe14350e72ed606c8850a16d91d5500c18274b7a19852dacf7c4164f78d820b,0x60a3e35cc302bfa44cb288bc5a4f316fdb1adb42,EURC,6,2026-06-13,3788319553,415
0x1fe14350e72ed606c8850a16d91d5500c18274b7a19852dacf7c4164f78d820b,0x60a3e35cc302bfa44cb288bc5a4f316fdb1adb42,EURC,6,2026-06-14,-23270070863,681
0x1fe14350e72ed606c8850a16d91d5500c18274b7a19852dacf7c4164f78d820b,0x60a3e35cc302bfa44cb288bc5a4f316fdb1adb42,EURC,6,2026-06-15,10870555188,1042
0x1fe14350e72ed606c8850a16d91d5500c18274b7a19852dacf7c4164f78d820b,0x60a3e35cc302bfa44cb288bc5a4f316fdb1adb42,EURC,6,2026-06-16,-12690528297,934
0x1fe14350e72ed606c8850a16d91d5500c18274b7a19852dacf7c4164f78d820b,0x60a3e35cc302bfa44cb288bc5a4f316fdb1adb42,EURC,6,2026-06-17,32761138104,1388
0x1fe14350e72ed606c8850a16d91d5500c18274b7a19852dacf7c4164f78d820b,0x60a3e35cc302bfa44cb288bc5a4f316fdb1adb42,EURC,6,2026-06-18,22927091076,971
0x1fe14350e72ed606c8850a16d91d5500c18274b7a19852dacf7c4164f78d820b,0x60a3e35cc302bfa44cb288bc5a4f316fdb1adb42,EURC,6,2026-06-19,-9119076001,704
0x1fe14350e72ed606c8850a16d91d5500c18274b7a19852dacf7c4164f78d820b,0x60a3e35cc302bfa44cb288bc5a4f316fdb1adb42,EURC,6,2026-06-20,-2230586133,735
0x1fe14350e72ed606c8850a16d91d5500c18274b7a19852dacf7c4164f78d820b,0x60a3e35cc302bfa44cb288bc5a4f316fdb1adb42,EURC,6,2026-06-21,-7520559503,827
0x1fe14350e72ed606c8850a16d91d5500c18274b7a19852dacf7c4164f78d820b,0x60a3e35cc302bfa44cb288bc5a4f316fdb1adb42,EURC,6,2026-06-22,-1369479089,880
0x1fe14350e72ed606c8850a16d91d5500c18274b7a19852dacf7c4164f78d820b,0x60a3e35cc302bfa44cb288bc5a4f316fdb1adb42,EURC,6,2026-06-23,6082652092,941
0x1fe14350e72ed606c8850a16d91d5500c18274b7a19852dacf7c4164f78d820b,0x60a3e35cc302bfa44cb288bc5a4f316fdb1adb42,EURC,6,2026-06-24,-5102081467,1043
0x1fe14350e72ed606c8850a16d91d5500c18274b7a19852dacf7c4164f78d820b,0x60a3e35cc302bfa44cb288bc5a4f316fdb1adb42,EURC,6,2026-06-25,-5513026332,1225
0x1fe14350e72ed606c8850a16d91d5500c18274b7a19852dacf7c4164f78d820b,0x60a3e35cc302bfa44cb288bc5a4f316fdb1adb42,EURC,6,2026-06-26,5803854742,1298
0x1fe14350e72ed606c8850a16d91d5500c18274b7a19852dacf7c4164f78d820b,0x60a3e35cc302bfa44cb288bc5a4f316fdb1adb42,EURC,6,2026-06-27,1041880653,817
0x1fe14350e72ed606c8850a16d91d5500c18274b7a19852dacf7c4164f78d820b,0x60a3e35cc302bfa44cb288bc5a4f316fdb1adb42,EURC,6,2026-06-28,-14982805522,763
0x1fe14350e72ed606c8850a16d91d5500c18274b7a19852dacf7c4164f78d820b,0x60a3e35cc302bfa44cb288bc5a4f316fdb1adb42,EURC,6,2026-06-29,30894488380,1196
0x1fe14350e72ed606c8850a16d91d5500c18274b7a19852dacf7c4164f78d820b,0x60a3e35cc302bfa44cb288bc5a4f316fdb1adb42,EURC,6,2026-06-30,-17058523532,1191
0x1fe14350e72ed606c8850a16d91d5500c18274b7a19852dacf7c4164f78d820b,0x60a3e35cc302bfa44cb288bc5a4f316fdb1adb42,EURC,6,2026-07-01,13336963004,1229
0x1fe14350e72ed606c8850a16d91d5500c18274b7a19852dacf7c4164f78d820b,0x60a3e35cc302bfa44cb288bc5a4f316fdb1adb42,EURC,6,2026-07-02,-45601286891,1467
0x1fe14350e72ed606c8850a16d91d5500c18274b7a19852dacf7c4164f78d820b,0x60a3e35cc302bfa44cb288bc5a4f316fdb1adb42,EURC,6,2026-07-03,15389676501,915
0x1fe14350e72ed606c8850a16d91d5500c18274b7a19852dacf7c4164f78d820b,0x60a3e35cc302bfa44cb288bc5a4f316fdb1adb42,EURC,6,2026-07-04,620994482,768
0x1fe14350e72ed606c8850a16d91d5500c18274b7a19852dacf7c4164f78d820b,0x60a3e35cc302bfa44cb288bc5a4f316fdb1adb42,EURC,6,2026-07-05,-2406669857,762
0x1fe14350e72ed606c8850a16d91d5500c18274b7a19852dacf7c4164f78d820b,0x60a3e35cc302bfa44cb288bc5a4f316fdb1adb42,EURC,6,2026-07-06,-2303932377,1113
0x1fe14350e72ed606c8850a16d91d5500c18274b7a19852dacf7c4164f78d820b,0x60a3e35cc302bfa44cb288bc5a4f316fdb1adb42,EURC,6,2026-07-07,1457307647,1264
0x1fe14350e72ed606c8850a16d91d5500c18274b7a19852dacf7c4164f78d820b,0x60a3e35cc302bfa44cb288bc5a4f316fdb1adb42,EURC,6,2026-07-08,-4789012873,1372
0x1fe14350e72ed606c8850a16d91d5500c18274b7a19852dacf7c4164f78d820b,0x60a3e35cc302bfa44cb288bc5a4f316fdb1adb42,EURC,6,2026-07-09,-1767288055,1192
0x1fe14350e72ed606c8850a16d91d5500c18274b7a19852dacf7c4164f78d820b,0x60a3e35cc302bfa44cb288bc5a4f316fdb1adb42,EURC,6,2026-07-10,22707972428,1212
0x1fe14350e72ed606c8850a16d91d5500c18274b7a19852dacf7c4164f78d820b,0x60a3e35cc302bfa44cb288bc5a4f316fdb1adb42,EURC,6,2026-07-11,-504909793,851
0x1fe14350e72ed606c8850a16d91d5500c18274b7a19852dacf7c4164f78d820b,0x60a3e35cc302bfa44cb288bc5a4f316fdb1adb42,EURC,6,2026-07-12,-6901137643,971
0x1fe14350e72ed606c8850a16d91d5500c18274b7a19852dacf7c4164f78d820b,0x60a3e35cc302bfa44cb288bc5a4f316fdb1adb42,EURC,6,2026-07-13,-1718055971,1305
0x1fe14350e72ed606c8850a16d91d5500c18274b7a19852dacf7c4164f78d820b,0x60a3e35cc302bfa44cb288bc5a4f316fdb1adb42,EURC,6,2026-07-14,-22630199868,1890
0x1fe14350e72ed606c8850a16d91d5500c18274b7a19852dacf7c4164f78d820b,0x60a3e35cc302bfa44cb288bc5a4f316fdb1adb42,EURC,6,2026-07-15,-5561700448,1474
0x1fe14350e72ed606c8850a16d91d5500c18274b7a19852dacf7c4164f78d820b,0x60a3e35cc302bfa44cb288bc5a4f316fdb1adb42,EURC,6,2026-07-16,10503015045,1264
0x1fe14350e72ed606c8850a16d91d5500c18274b7a19852dacf7c4164f78d820b,0x60a3e35cc302bfa44cb288bc5a4f316fdb1adb42,EURC,6,2026-07-17,2020010975,1038
0x1fe14350e72ed606c8850a16d91d5500c18274b7a19852dacf7c4164f78d820b,0x60a3e35cc302bfa44cb288bc5a4f316fdb1adb42,EURC,6,2026-07-18,630793243,419
0x1fe14350e72ed606c8850a16d91d5500c18274b7a19852dacf7c4164f78d820b,0x60a3e35cc302bfa44cb288bc5a4f316fdb1adb42,EURC,6,2026-07-19,-2460052497,897
0x1fe14350e72ed606c8850a16d91d5500c18274b7a19852dacf7c4164f78d820b,0x60a3e35cc302bfa44cb288bc5a4f316fdb1adb42,EURC,6,2026-07-20,11006919751,1537
0x1fe14350e72ed606c8850a16d91d5500c18274b7a19852dacf7c4164f78d820b,0x60a3e35cc302bfa44cb288bc5a4f316fdb1adb42,EURC,6,2026-07-21,9607964084,1324
0x1fe14350e72ed606c8850a16d91d5500c18274b7a19852dacf7c4164f78d820b,0x60a3e35cc302bfa44cb288bc5a4f316fdb1adb42,EURC,6,2026-07-22,-16867799725,1648
0x1fe14350e72ed606c8850a16d91d5500c18274b7a19852dacf7c4164f78d820b,0x60a3e35cc302bfa44cb288bc5a4f316fdb1adb42,EURC,6,2026-07-23,25582809910,2247
0x1fe14350e72ed606c8850a16d91d5500c18274b7a19852dacf7c4164f78d820b,0x60a3e35cc302bfa44cb288bc5a4f316fdb1adb42,EURC,6,2026-07-24,-3422158486,1311
0x1fe14350e72ed606c8850a16d91d5500c18274b7a19852dacf7c4164f78d820b,0x833589fcd6edb6e08f4c7c32d4f71b54bda02913,USDC,6,2025-11-27,-12154415001,1515
0x1fe14350e72ed606c8850a16d91d5500c18274b7a19852dacf7c4164f78d820b,0x833589fcd6edb6e08f4c7c32d4f71b54bda02913,USDC,6,2025-11-28,4176865652,2161
0x1fe14350e72ed606c8850a16d91d5500c18274b7a19852dacf7c4164f78d820b,0x833589fcd6edb6e08f4c7c32d4f71b54bda02913,USDC,6,2025-11-29,-6733264552,1525
0x1fe14350e72ed606c8850a16d91d5500c18274b7a19852dacf7c4164f78d820b,0x833589fcd6edb6e08f4c7c32d4f71b54bda02913,USDC,6,2025-11-30,16792833357,1975
0x1fe14350e72ed606c8850a16d91d5500c18274b7a19852dacf7c4164f78d820b,0x833589fcd6edb6e08f4c7c32d4f71b54bda02913,USDC,6,2025-12-01,-3401464463,1629
0x1fe14350e72ed606c8850a16d91d5500c18274b7a19852dacf7c4164f78d820b,0x833589fcd6edb6e08f4c7c32d4f71b54bda02913,USDC,6,2025-12-02,5613550325,1826
0x1fe14350e72ed606c8850a16d91d5500c18274b7a19852dacf7c4164f78d820b,0x833589fcd6edb6e08f4c7c32d4f71b54bda02913,USDC,6,2025-12-03,4568007374,1887
0x1fe14350e72ed606c8850a16d91d5500c18274b7a19852dacf7c4164f78d820b,0x833589fcd6edb6e08f4c7c32d4f71b54bda02913,USDC,6,2025-12-04,-815106943,2294
0x1fe14350e72ed606c8850a16d91d5500c18274b7a19852dacf7c4164f78d820b,0x833589fcd6edb6e08f4c7c32d4f71b54bda02913,USDC,6,2025-12-05,-7965724242,1795
0x1fe14350e72ed606c8850a16d91d5500c18274b7a19852dacf7c4164f78d820b,0x833589fcd6edb6e08f4c7c32d4f71b54bda02913,USDC,6,2025-12-06,-1125032198,992
0x1fe14350e72ed606c8850a16d91d5500c18274b7a19852dacf7c4164f78d820b,0x833589fcd6edb6e08f4c7c32d4f71b54bda02913,USDC,6,2025-12-07,6306564000,1591
0x1fe14350e72ed606c8850a16d91d5500c18274b7a19852dacf7c4164f78d820b,0x833589fcd6edb6e08f4c7c32d4f71b54bda02913,USDC,6,2025-12-08,3042315626,1463
0x1fe14350e72ed606c8850a16d91d5500c18274b7a19852dacf7c4164f78d820b,0x833589fcd6edb6e08f4c7c32d4f71b54bda02913,USDC,6,2025-12-09,-4317286649,1385
0x1fe14350e72ed606c8850a16d91d5500c18274b7a19852dacf7c4164f78d820b,0x833589fcd6edb6e08f4c7c32d4f71b54bda02913,USDC,6,2025-12-10,5346324604,1871
0x1fe14350e72ed606c8850a16d91d5500c18274b7a19852dacf7c4164f78d820b,0x833589fcd6edb6e08f4c7c32d4f71b54bda02913,USDC,6,2025-12-11,2988853139,1736
0x1fe14350e72ed606c8850a16d91d5500c18274b7a19852dacf7c4164f78d820b,0x833589fcd6edb6e08f4c7c32d4f71b54bda02913,USDC,6,2025-12-12,-914648123,1247
0x1fe14350e72ed606c8850a16d91d5500c18274b7a19852dacf7c4164f78d820b,0x833589fcd6edb6e08f4c7c32d4f71b54bda02913,USDC,6,2025-12-13,61802704137,1113
0x1fe14350e72ed606c8850a16d91d5500c18274b7a19852dacf7c4164f78d820b,0x833589fcd6edb6e08f4c7c32d4f71b54bda02913,USDC,6,2025-12-14,-59779602032,1945
0x1fe14350e72ed606c8850a16d91d5500c18274b7a19852dacf7c4164f78d820b,0x833589fcd6edb6e08f4c7c32d4f71b54bda02913,USDC,6,2025-12-15,5529894685,1648
0x1fe14350e72ed606c8850a16d91d5500c18274b7a19852dacf7c4164f78d820b,0x833589fcd6edb6e08f4c7c32d4f71b54bda02913,USDC,6,2025-12-16,-5859308122,1269
0x1fe14350e72ed606c8850a16d91d5500c18274b7a19852dacf7c4164f78d820b,0x833589fcd6edb6e08f4c7c32d4f71b54bda02913,USDC,6,2025-12-17,4349212251,1368
0x1fe14350e72ed606c8850a16d91d5500c18274b7a19852dacf7c4164f78d820b,0x833589fcd6edb6e08f4c7c32d4f71b54bda02913,USDC,6,2025-12-18,-3489335417,1382
0x1fe14350e72ed606c8850a16d91d5500c18274b7a19852dacf7c4164f78d820b,0x833589fcd6edb6e08f4c7c32d4f71b54bda02913,USDC,6,2025-12-19,-1287477541,1144
0x1fe14350e72ed606c8850a16d91d5500c18274b7a19852dacf7c4164f78d820b,0x833589fcd6edb6e08f4c7c32d4f71b54bda02913,USDC,6,2025-12-20,17489650389,750
0x1fe14350e72ed606c8850a16d91d5500c18274b7a19852dacf7c4164f78d820b,0x833589fcd6edb6e08f4c7c32d4f71b54bda02913,USDC,6,2025-12-21,-13957399470,1555
0x1fe14350e72ed606c8850a16d91d5500c18274b7a19852dacf7c4164f78d820b,0x833589fcd6edb6e08f4c7c32d4f71b54bda02913,USDC,6,2025-12-22,2408546169,1232
0x1fe14350e72ed606c8850a16d91d5500c18274b7a19852dacf7c4164f78d820b,0x833589fcd6edb6e08f4c7c32d4f71b54bda02913,USDC,6,2025-12-23,1377727884,932
0x1fe14350e72ed606c8850a16d91d5500c18274b7a19852dacf7c4164f78d820b,0x833589fcd6edb6e08f4c7c32d4f71b54bda02913,USDC,6,2025-12-24,-577666316,1126
0x1fe14350e72ed606c8850a16d91d5500c18274b7a19852dacf7c4164f78d820b,0x833589fcd6edb6e08f4c7c32d4f71b54bda02913,USDC,6,2025-12-25,3300014162,1028
0x1fe14350e72ed606c8850a16d91d5500c18274b7a19852dacf7c4164f78d820b,0x833589fcd6edb6e08f4c7c32d4f71b54bda02913,USDC,6,2025-12-26,1074075025,1188
0x1fe14350e72ed606c8850a16d91d5500c18274b7a19852dacf7c4164f78d820b,0x833589fcd6edb6e08f4c7c32d4f71b54bda02913,USDC,6,2025-12-27,43203190383,758
0x1fe14350e72ed606c8850a16d91d5500c18274b7a19852dacf7c4164f78d820b,0x833589fcd6edb6e08f4c7c32d4f71b54bda02913,USDC,6,2025-12-28,8246446024,1073
0x1fe14350e72ed606c8850a16d91d5500c18274b7a19852dacf7c4164f78d820b,0x833589fcd6edb6e08f4c7c32d4f71b54bda02913,USDC,6,2025-12-29,3420932402,1068
0x1fe14350e72ed606c8850a16d91d5500c18274b7a19852dacf7c4164f78d820b,0x833589fcd6edb6e08f4c7c32d4f71b54bda02913,USDC,6,2025-12-30,-31524856077,884
0x1fe14350e72ed606c8850a16d91d5500c18274b7a19852dacf7c4164f78d820b,0x833589fcd6edb6e08f4c7c32d4f71b54bda02913,USDC,6,2025-12-31,13646584046,1728
0x1fe14350e72ed606c8850a16d91d5500c18274b7a19852dacf7c4164f78d820b,0x833589fcd6edb6e08f4c7c32d4f71b54bda02913,USDC,6,2026-01-01,2222830671,915
0x1fe14350e72ed606c8850a16d91d5500c18274b7a19852dacf7c4164f78d820b,0x833589fcd6edb6e08f4c7c32d4f71b54bda02913,USDC,6,2026-01-02,-42733381664,1160
0x1fe14350e72ed606c8850a16d91d5500c18274b7a19852dacf7c4164f78d820b,0x833589fcd6edb6e08f4c7c32d4f71b54bda02913,USDC,6,2026-01-03,-1741338250,621
0x1fe14350e72ed606c8850a16d91d5500c18274b7a19852dacf7c4164f78d820b,0x833589fcd6edb6e08f4c7c32d4f71b54bda02913,USDC,6,2026-01-04,-9440654555,651
0x1fe14350e72ed606c8850a16d91d5500c18274b7a19852dacf7c4164f78d820b,0x833589fcd6edb6e08f4c7c32d4f71b54bda02913,USDC,6,2026-01-05,25789915003,644
0x1fe14350e72ed606c8850a16d91d5500c18274b7a19852dacf7c4164f78d820b,0x833589fcd6edb6e08f4c7c32d4f71b54bda02913,USDC,6,2026-01-06,-24632432797,1128
0x1fe14350e72ed606c8850a16d91d5500c18274b7a19852dacf7c4164f78d820b,0x833589fcd6edb6e08f4c7c32d4f71b54bda02913,USDC,6,2026-01-07,-514669113,1881
0x1fe14350e72ed606c8850a16d91d5500c18274b7a19852dacf7c4164f78d820b,0x833589fcd6edb6e08f4c7c32d4f71b54bda02913,USDC,6,2026-01-08,-4024538085,829
0x1fe14350e72ed606c8850a16d91d5500c18274b7a19852dacf7c4164f78d820b,0x833589fcd6edb6e08f4c7c32d4f71b54bda02913,USDC,6,2026-01-09,-3937576004,903
0x1fe14350e72ed606c8850a16d91d5500c18274b7a19852dacf7c4164f78d820b,0x833589fcd6edb6e08f4c7c32d4f71b54bda02913,USDC,6,2026-01-10,-1898419786,590
0x1fe14350e72ed606c8850a16d91d5500c18274b7a19852dacf7c4164f78d820b,0x833589fcd6edb6e08f4c7c32d4f71b54bda02913,USDC,6,2026-01-11,13771733359,927
0x1fe14350e72ed606c8850a16d91d5500c18274b7a19852dacf7c4164f78d820b,0x833589fcd6edb6e08f4c7c32d4f71b54bda02913,USDC,6,2026-01-12,-1305523439,1432
0x1fe14350e72ed606c8850a16d91d5500c18274b7a19852dacf7c4164f78d820b,0x833589fcd6edb6e08f4c7c32d4f71b54bda02913,USDC,6,2026-01-13,-4021835496,2021
0x1fe14350e72ed606c8850a16d91d5500c18274b7a19852dacf7c4164f78d820b,0x833589fcd6edb6e08f4c7c32d4f71b54bda02913,USDC,6,2026-01-14,-2503984694,2094
0x1fe14350e72ed606c8850a16d91d5500c18274b7a19852dacf7c4164f78d820b,0x833589fcd6edb6e08f4c7c32d4f71b54bda02913,USDC,6,2026-01-15,-7698258645,1071
0x1fe14350e72ed606c8850a16d91d5500c18274b7a19852dacf7c4164f78d820b,0x833589fcd6edb6e08f4c7c32d4f71b54bda02913,USDC,6,2026-01-16,-3995999573,846
0x1fe14350e72ed606c8850a16d91d5500c18274b7a19852dacf7c4164f78d820b,0x833589fcd6edb6e08f4c7c32d4f71b54bda02913,USDC,6,2026-01-17,-1690089882,483
0x1fe14350e72ed606c8850a16d91d5500c18274b7a19852dacf7c4164f78d820b,0x833589fcd6edb6e08f4c7c32d4f71b54bda02913,USDC,6,2026-01-18,7862111387,793
0x1fe14350e72ed606c8850a16d91d5500c18274b7a19852dacf7c4164f78d820b,0x833589fcd6edb6e08f4c7c32d4f71b54bda02913,USDC,6,2026-01-19,6941128820,821
0x1fe14350e72ed606c8850a16d91d5500c18274b7a19852dacf7c4164f78d820b,0x833589fcd6edb6e08f4c7c32d4f71b54bda02913,USDC,6,2026-01-20,12493542104,1270
0x1fe14350e72ed606c8850a16d91d5500c18274b7a19852dacf7c4164f78d820b,0x833589fcd6edb6e08f4c7c32d4f71b54bda02913,USDC,6,2026-01-21,-5363363268,2216
0x1fe14350e72ed606c8850a16d91d5500c18274b7a19852dacf7c4164f78d820b,0x833589fcd6edb6e08f4c7c32d4f71b54bda02913,USDC,6,2026-01-22,30433372878,1705
0x1fe14350e72ed606c8850a16d91d5500c18274b7a19852dacf7c4164f78d820b,0x833589fcd6edb6e08f4c7c32d4f71b54bda02913,USDC,6,2026-01-23,17334717197,835
0x1fe14350e72ed606c8850a16d91d5500c18274b7a19852dacf7c4164f78d820b,0x833589fcd6edb6e08f4c7c32d4f71b54bda02913,USDC,6,2026-01-24,542002953,593
0x1fe14350e72ed606c8850a16d91d5500c18274b7a19852dacf7c4164f78d820b,0x833589fcd6edb6e08f4c7c32d4f71b54bda02913,USDC,6,2026-01-25,2019573180,885
0x1fe14350e72ed606c8850a16d91d5500c18274b7a19852dacf7c4164f78d820b,0x833589fcd6edb6e08f4c7c32d4f71b54bda02913,USDC,6,2026-01-26,-2842591872,1042
0x1fe14350e72ed606c8850a16d91d5500c18274b7a19852dacf7c4164f78d820b,0x833589fcd6edb6e08f4c7c32d4f71b54bda02913,USDC,6,2026-01-27,-5613783037,399
0x1fe14350e72ed606c8850a16d91d5500c18274b7a19852dacf7c4164f78d820b,0x833589fcd6edb6e08f4c7c32d4f71b54bda02913,USDC,6,2026-01-28,-1387302483,439
0x1fe14350e72ed606c8850a16d91d5500c18274b7a19852dacf7c4164f78d820b,0x833589fcd6edb6e08f4c7c32d4f71b54bda02913,USDC,6,2026-01-29,-29013115979,742
0x1fe14350e72ed606c8850a16d91d5500c18274b7a19852dacf7c4164f78d820b,0x833589fcd6edb6e08f4c7c32d4f71b54bda02913,USDC,6,2026-01-30,-2409140666,578
0x1fe14350e72ed606c8850a16d91d5500c18274b7a19852dacf7c4164f78d820b,0x833589fcd6edb6e08f4c7c32d4f71b54bda02913,USDC,6,2026-01-31,-996061359,729
0x1fe14350e72ed606c8850a16d91d5500c18274b7a19852dacf7c4164f78d820b,0x833589fcd6edb6e08f4c7c32d4f71b54bda02913,USDC,6,2026-02-01,1262816495,831
0x1fe14350e72ed606c8850a16d91d5500c18274b7a19852dacf7c4164f78d820b,0x833589fcd6edb6e08f4c7c32d4f71b54bda02913,USDC,6,2026-02-02,-9104068398,973
0x1fe14350e72ed606c8850a16d91d5500c18274b7a19852dacf7c4164f78d820b,0x833589fcd6edb6e08f4c7c32d4f71b54bda02913,USDC,6,2026-02-03,2974295163,888
0x1fe14350e72ed606c8850a16d91d5500c18274b7a19852dacf7c4164f78d820b,0x833589fcd6edb6e08f4c7c32d4f71b54bda02913,USDC,6,2026-02-04,-3838812388,1302
0x1fe14350e72ed606c8850a16d91d5500c18274b7a19852dacf7c4164f78d820b,0x833589fcd6edb6e08f4c7c32d4f71b54bda02913,USDC,6,2026-02-05,2728593584,1939
0x1fe14350e72ed606c8850a16d91d5500c18274b7a19852dacf7c4164f78d820b,0x833589fcd6edb6e08f4c7c32d4f71b54bda02913,USDC,6,2026-02-06,-1646965175,1889
0x1fe14350e72ed606c8850a16d91d5500c18274b7a19852dacf7c4164f78d820b,0x833589fcd6edb6e08f4c7c32d4f71b54bda02913,USDC,6,2026-02-07,-434813332,1052
0x1fe14350e72ed606c8850a16d91d5500c18274b7a19852dacf7c4164f78d820b,0x833589fcd6edb6e08f4c7c32d4f71b54bda02913,USDC,6,2026-02-08,566859005,901
0x1fe14350e72ed606c8850a16d91d5500c18274b7a19852dacf7c4164f78d820b,0x833589fcd6edb6e08f4c7c32d4f71b54bda02913,USDC,6,2026-02-09,3626077078,603
0x1fe14350e72ed606c8850a16d91d5500c18274b7a19852dacf7c4164f78d820b,0x833589fcd6edb6e08f4c7c32d4f71b54bda02913,USDC,6,2026-02-10,7448444,492
0x1fe14350e72ed606c8850a16d91d5500c18274b7a19852dacf7c4164f78d820b,0x833589fcd6edb6e08f4c7c32d4f71b54bda02913,USDC,6,2026-02-11,-1952834657,1217
0x1fe14350e72ed606c8850a16d91d5500c18274b7a19852dacf7c4164f78d820b,0x833589fcd6edb6e08f4c7c32d4f71b54bda02913,USDC,6,2026-02-12,467184131,1031
0x1fe14350e72ed606c8850a16d91d5500c18274b7a19852dacf7c4164f78d820b,0x833589fcd6edb6e08f4c7c32d4f71b54bda02913,USDC,6,2026-02-13,135191259,848
0x1fe14350e72ed606c8850a16d91d5500c18274b7a19852dacf7c4164f78d820b,0x833589fcd6edb6e08f4c7c32d4f71b54bda02913,USDC,6,2026-02-14,-503824205,799
0x1fe14350e72ed606c8850a16d91d5500c18274b7a19852dacf7c4164f78d820b,0x833589fcd6edb6e08f4c7c32d4f71b54bda02913,USDC,6,2026-02-15,924004332,853
0x1fe14350e72ed606c8850a16d91d5500c18274b7a19852dacf7c4164f78d820b,0x833589fcd6edb6e08f4c7c32d4f71b54bda02913,USDC,6,2026-02-16,-1559294920,744
0x1fe14350e72ed606c8850a16d91d5500c18274b7a19852dacf7c4164f78d820b,0x833589fcd6edb6e08f4c7c32d4f71b54bda02913,USDC,6,2026-02-17,349481314,587
0x1fe14350e72ed606c8850a16d91d5500c18274b7a19852dacf7c4164f78d820b,0x833589fcd6edb6e08f4c7c32d4f71b54bda02913,USDC,6,2026-02-18,-2988168681,1399
0x1fe14350e72ed606c8850a16d91d5500c18274b7a19852dacf7c4164f78d820b,0x833589fcd6edb6e08f4c7c32d4f71b54bda02913,USDC,6,2026-02-19,-12113071236,1246
0x1fe14350e72ed606c8850a16d91d5500c18274b7a19852dacf7c4164f78d820b,0x833589fcd6edb6e08f4c7c32d4f71b54bda02913,USDC,6,2026-02-20,12890153740,1070
0x1fe14350e72ed606c8850a16d91d5500c18274b7a19852dacf7c4164f78d820b,0x833589fcd6edb6e08f4c7c32d4f71b54bda02913,USDC,6,2026-02-21,-919085045,785
0x1fe14350e72ed606c8850a16d91d5500c18274b7a19852dacf7c4164f78d820b,0x833589fcd6edb6e08f4c7c32d4f71b54bda02913,USDC,6,2026-02-22,1633360207,441
0x1fe14350e72ed606c8850a16d91d5500c18274b7a19852dacf7c4164f78d820b,0x833589fcd6edb6e08f4c7c32d4f71b54bda02913,USDC,6,2026-02-23,-30684018405,698
0x1fe14350e72ed606c8850a16d91d5500c18274b7a19852dacf7c4164f78d820b,0x833589fcd6edb6e08f4c7c32d4f71b54bda02913,USDC,6,2026-02-24,-456365019,828
0x1fe14350e72ed606c8850a16d91d5500c18274b7a19852dacf7c4164f78d820b,0x833589fcd6edb6e08f4c7c32d4f71b54bda02913,USDC,6,2026-02-25,2147080393,1030
0x1fe14350e72ed606c8850a16d91d5500c18274b7a19852dacf7c4164f78d820b,0x833589fcd6edb6e08f4c7c32d4f71b54bda02913,USDC,6,2026-02-26,-8279220204,828
0x1fe14350e72ed606c8850a16d91d5500c18274b7a19852dacf7c4164f78d820b,0x833589fcd6edb6e08f4c7c32d4f71b54bda02913,USDC,6,2026-02-27,-493470518,508
0x1fe14350e72ed606c8850a16d91d5500c18274b7a19852dacf7c4164f78d820b,0x833589fcd6edb6e08f4c7c32d4f71b54bda02913,USDC,6,2026-02-28,917648372,713
0x1fe14350e72ed606c8850a16d91d5500c18274b7a19852dacf7c4164f78d820b,0x833589fcd6edb6e08f4c7c32d4f71b54bda02913,USDC,6,2026-03-01,-2277904091,690
0x1fe14350e72ed606c8850a16d91d5500c18274b7a19852dacf7c4164f78d820b,0x833589fcd6edb6e08f4c7c32d4f71b54bda02913,USDC,6,2026-03-02,-1560751214,1024
0x1fe14350e72ed606c8850a16d91d5500c18274b7a19852dacf7c4164f78d820b,0x833589fcd6edb6e08f4c7c32d4f71b54bda02913,USDC,6,2026-03-03,-1258500077,1042
0x1fe14350e72ed606c8850a16d91d5500c18274b7a19852dacf7c4164f78d820b,0x833589fcd6edb6e08f4c7c32d4f71b54bda02913,USDC,6,2026-03-04,-587781719,911
0x1fe14350e72ed606c8850a16d91d5500c18274b7a19852dacf7c4164f78d820b,0x833589fcd6edb6e08f4c7c32d4f71b54bda02913,USDC,6,2026-03-05,821649690,1018
0x1fe14350e72ed606c8850a16d91d5500c18274b7a19852dacf7c4164f78d820b,0x833589fcd6edb6e08f4c7c32d4f71b54bda02913,USDC,6,2026-03-06,703957801,706
0x1fe14350e72ed606c8850a16d91d5500c18274b7a19852dacf7c4164f78d820b,0x833589fcd6edb6e08f4c7c32d4f71b54bda02913,USDC,6,2026-03-07,494098178,309
0x1fe14350e72ed606c8850a16d91d5500c18274b7a19852dacf7c4164f78d820b,0x833589fcd6edb6e08f4c7c32d4f71b54bda02913,USDC,6,2026-03-08,-2670437451,771
0x1fe14350e72ed606c8850a16d91d5500c18274b7a19852dacf7c4164f78d820b,0x833589fcd6edb6e08f4c7c32d4f71b54bda02913,USDC,6,2026-03-09,2628810752,991
0x1fe14350e72ed606c8850a16d91d5500c18274b7a19852dacf7c4164f78d820b,0x833589fcd6edb6e08f4c7c32d4f71b54bda02913,USDC,6,2026-03-10,1273996980,899
0x1fe14350e72ed606c8850a16d91d5500c18274b7a19852dacf7c4164f78d820b,0x833589fcd6edb6e08f4c7c32d4f71b54bda02913,USDC,6,2026-03-11,-3839019289,1038
0x1fe14350e72ed606c8850a16d91d5500c18274b7a19852dacf7c4164f78d820b,0x833589fcd6edb6e08f4c7c32d4f71b54bda02913,USDC,6,2026-03-12,-519398492,816
0x1fe14350e72ed606c8850a16d91d5500c18274b7a19852dacf7c4164f78d820b,0x833589fcd6edb6e08f4c7c32d4f71b54bda02913,USDC,6,2026-03-13,-900435178,438
0x1fe14350e72ed606c8850a16d91d5500c18274b7a19852dacf7c4164f78d820b,0x833589fcd6edb6e08f4c7c32d4f71b54bda02913,USDC,6,2026-03-14,833907261,258
0x1fe14350e72ed606c8850a16d91d5500c18274b7a19852dacf7c4164f78d820b,0x833589fcd6edb6e08f4c7c32d4f71b54bda02913,USDC,6,2026-03-15,1347897514,429
0x1fe14350e72ed606c8850a16d91d5500c18274b7a19852dacf7c4164f78d820b,0x833589fcd6edb6e08f4c7c32d4f71b54bda02913,USDC,6,2026-03-16,-222636745,615
0x1fe14350e72ed606c8850a16d91d5500c18274b7a19852dacf7c4164f78d820b,0x833589fcd6edb6e08f4c7c32d4f71b54bda02913,USDC,6,2026-03-17,-97113833,596
0x1fe14350e72ed606c8850a16d91d5500c18274b7a19852dacf7c4164f78d820b,0x833589fcd6edb6e08f4c7c32d4f71b54bda02913,USDC,6,2026-03-18,3726648529,967
0x1fe14350e72ed606c8850a16d91d5500c18274b7a19852dacf7c4164f78d820b,0x833589fcd6edb6e08f4c7c32d4f71b54bda02913,USDC,6,2026-03-19,11763015669,1429
0x1fe14350e72ed606c8850a16d91d5500c18274b7a19852dacf7c4164f78d820b,0x833589fcd6edb6e08f4c7c32d4f71b54bda02913,USDC,6,2026-03-20,2521000517,1052
0x1fe14350e72ed606c8850a16d91d5500c18274b7a19852dacf7c4164f78d820b,0x833589fcd6edb6e08f4c7c32d4f71b54bda02913,USDC,6,2026-03-21,-1214925809,558
0x1fe14350e72ed606c8850a16d91d5500c18274b7a19852dacf7c4164f78d820b,0x833589fcd6edb6e08f4c7c32d4f71b54bda02913,USDC,6,2026-03-22,-4607994687,785
0x1fe14350e72ed606c8850a16d91d5500c18274b7a19852dacf7c4164f78d820b,0x833589fcd6edb6e08f4c7c32d4f71b54bda02913,USDC,6,2026-03-23,4731611280,1370
0x1fe14350e72ed606c8850a16d91d5500c18274b7a19852dacf7c4164f78d820b,0x833589fcd6edb6e08f4c7c32d4f71b54bda02913,USDC,6,2026-03-24,1969043687,1020
0x1fe14350e72ed606c8850a16d91d5500c18274b7a19852dacf7c4164f78d820b,0x833589fcd6edb6e08f4c7c32d4f71b54bda02913,USDC,6,2026-03-25,-3898689512,1032
0x1fe14350e72ed606c8850a16d91d5500c18274b7a19852dacf7c4164f78d820b,0x833589fcd6edb6e08f4c7c32d4f71b54bda02913,USDC,6,2026-03-26,-2242452711,954
0x1fe14350e72ed606c8850a16d91d5500c18274b7a19852dacf7c4164f78d820b,0x833589fcd6edb6e08f4c7c32d4f71b54bda02913,USDC,6,2026-03-27,-3241755786,808
0x1fe14350e72ed606c8850a16d91d5500c18274b7a19852dacf7c4164f78d820b,0x833589fcd6edb6e08f4c7c32d4f71b54bda02913,USDC,6,2026-03-28,-4641058997,450
0x1fe14350e72ed606c8850a16d91d5500c18274b7a19852dacf7c4164f78d820b,0x833589fcd6edb6e08f4c7c32d4f71b54bda02913,USDC,6,2026-03-29,4603608201,889
0x1fe14350e72ed606c8850a16d91d5500c18274b7a19852dacf7c4164f78d820b,0x833589fcd6edb6e08f4c7c32d4f71b54bda02913,USDC,6,2026-03-30,5701841197,881
0x1fe14350e72ed606c8850a16d91d5500c18274b7a19852dacf7c4164f78d820b,0x833589fcd6edb6e08f4c7c32d4f71b54bda02913,USDC,6,2026-03-31,-2791461118,1073
0x1fe14350e72ed606c8850a16d91d5500c18274b7a19852dacf7c4164f78d820b,0x833589fcd6edb6e08f4c7c32d4f71b54bda02913,USDC,6,2026-04-01,-2229162305,1080
0x1fe14350e72ed606c8850a16d91d5500c18274b7a19852dacf7c4164f78d820b,0x833589fcd6edb6e08f4c7c32d4f71b54bda02913,USDC,6,2026-04-02,1371880034,747
0x1fe14350e72ed606c8850a16d91d5500c18274b7a19852dacf7c4164f78d820b,0x833589fcd6edb6e08f4c7c32d4f71b54bda02913,USDC,6,2026-04-03,-777598477,464
0x1fe14350e72ed606c8850a16d91d5500c18274b7a19852dacf7c4164f78d820b,0x833589fcd6edb6e08f4c7c32d4f71b54bda02913,USDC,6,2026-04-04,8172958574,501
0x1fe14350e72ed606c8850a16d91d5500c18274b7a19852dacf7c4164f78d820b,0x833589fcd6edb6e08f4c7c32d4f71b54bda02913,USDC,6,2026-04-05,-7457450571,669
0x1fe14350e72ed606c8850a16d91d5500c18274b7a19852dacf7c4164f78d820b,0x833589fcd6edb6e08f4c7c32d4f71b54bda02913,USDC,6,2026-04-06,826359492,642
0x1fe14350e72ed606c8850a16d91d5500c18274b7a19852dacf7c4164f78d820b,0x833589fcd6edb6e08f4c7c32d4f71b54bda02913,USDC,6,2026-04-07,15980349881,853
0x1fe14350e72ed606c8850a16d91d5500c18274b7a19852dacf7c4164f78d820b,0x833589fcd6edb6e08f4c7c32d4f71b54bda02913,USDC,6,2026-04-08,-17033663358,545
0x1fe14350e72ed606c8850a16d91d5500c18274b7a19852dacf7c4164f78d820b,0x833589fcd6edb6e08f4c7c32d4f71b54bda02913,USDC,6,2026-04-09,1058774978,477
0x1fe14350e72ed606c8850a16d91d5500c18274b7a19852dacf7c4164f78d820b,0x833589fcd6edb6e08f4c7c32d4f71b54bda02913,USDC,6,2026-04-10,2584974315,482
0x1fe14350e72ed606c8850a16d91d5500c18274b7a19852dacf7c4164f78d820b,0x833589fcd6edb6e08f4c7c32d4f71b54bda02913,USDC,6,2026-04-11,-343042474,514
0x1fe14350e72ed606c8850a16d91d5500c18274b7a19852dacf7c4164f78d820b,0x833589fcd6edb6e08f4c7c32d4f71b54bda02913,USDC,6,2026-04-12,-2017173755,451
0x1fe14350e72ed606c8850a16d91d5500c18274b7a19852dacf7c4164f78d820b,0x833589fcd6edb6e08f4c7c32d4f71b54bda02913,USDC,6,2026-04-13,1580310614,583
0x1fe14350e72ed606c8850a16d91d5500c18274b7a19852dacf7c4164f78d820b,0x833589fcd6edb6e08f4c7c32d4f71b54bda02913,USDC,6,2026-04-14,2679247639,678
0x1fe14350e72ed606c8850a16d91d5500c18274b7a19852dacf7c4164f78d820b,0x833589fcd6edb6e08f4c7c32d4f71b54bda02913,USDC,6,2026-04-15,13323356732,903
0x1fe14350e72ed606c8850a16d91d5500c18274b7a19852dacf7c4164f78d820b,0x833589fcd6edb6e08f4c7c32d4f71b54bda02913,USDC,6,2026-04-16,-9091233243,627
0x1fe14350e72ed606c8850a16d91d5500c18274b7a19852dacf7c4164f78d820b,0x833589fcd6edb6e08f4c7c32d4f71b54bda02913,USDC,6,2026-04-17,7386532435,1019
0x1fe14350e72ed606c8850a16d91d5500c18274b7a19852dacf7c4164f78d820b,0x833589fcd6edb6e08f4c7c32d4f71b54bda02913,USDC,6,2026-04-18,4278445335,1013
0x1fe14350e72ed606c8850a16d91d5500c18274b7a19852dacf7c4164f78d820b,0x833589fcd6edb6e08f4c7c32d4f71b54bda02913,USDC,6,2026-04-19,-13161823322,937
0x1fe14350e72ed606c8850a16d91d5500c18274b7a19852dacf7c4164f78d820b,0x833589fcd6edb6e08f4c7c32d4f71b54bda02913,USDC,6,2026-04-20,1753215949,611
0x1fe14350e72ed606c8850a16d91d5500c18274b7a19852dacf7c4164f78d820b,0x833589fcd6edb6e08f4c7c32d4f71b54bda02913,USDC,6,2026-04-21,9824196846,909
0x1fe14350e72ed606c8850a16d91d5500c18274b7a19852dacf7c4164f78d820b,0x833589fcd6edb6e08f4c7c32d4f71b54bda02913,USDC,6,2026-04-22,-4970653492,898
0x1fe14350e72ed606c8850a16d91d5500c18274b7a19852dacf7c4164f78d820b,0x833589fcd6edb6e08f4c7c32d4f71b54bda02913,USDC,6,2026-04-23,-2283902384,716
0x1fe14350e72ed606c8850a16d91d5500c18274b7a19852dacf7c4164f78d820b,0x833589fcd6edb6e08f4c7c32d4f71b54bda02913,USDC,6,2026-04-24,3828999244,453
0x1fe14350e72ed606c8850a16d91d5500c18274b7a19852dacf7c4164f78d820b,0x833589fcd6edb6e08f4c7c32d4f71b54bda02913,USDC,6,2026-04-25,-769392378,225
0x1fe14350e72ed606c8850a16d91d5500c18274b7a19852dacf7c4164f78d820b,0x833589fcd6edb6e08f4c7c32d4f71b54bda02913,USDC,6,2026-04-26,4371410003,508
0x1fe14350e72ed606c8850a16d91d5500c18274b7a19852dacf7c4164f78d820b,0x833589fcd6edb6e08f4c7c32d4f71b54bda02913,USDC,6,2026-04-27,-5244406201,430
0x1fe14350e72ed606c8850a16d91d5500c18274b7a19852dacf7c4164f78d820b,0x833589fcd6edb6e08f4c7c32d4f71b54bda02913,USDC,6,2026-04-28,-890919970,535
0x1fe14350e72ed606c8850a16d91d5500c18274b7a19852dacf7c4164f78d820b,0x833589fcd6edb6e08f4c7c32d4f71b54bda02913,USDC,6,2026-04-29,2357617944,774
0x1fe14350e72ed606c8850a16d91d5500c18274b7a19852dacf7c4164f78d820b,0x833589fcd6edb6e08f4c7c32d4f71b54bda02913,USDC,6,2026-04-30,10978578682,953
0x1fe14350e72ed606c8850a16d91d5500c18274b7a19852dacf7c4164f78d820b,0x833589fcd6edb6e08f4c7c32d4f71b54bda02913,USDC,6,2026-05-01,2459558143,894
0x1fe14350e72ed606c8850a16d91d5500c18274b7a19852dacf7c4164f78d820b,0x833589fcd6edb6e08f4c7c32d4f71b54bda02913,USDC,6,2026-05-02,2103776367,721
0x1fe14350e72ed606c8850a16d91d5500c18274b7a19852dacf7c4164f78d820b,0x833589fcd6edb6e08f4c7c32d4f71b54bda02913,USDC,6,2026-05-03,-12084738349,892
0x1fe14350e72ed606c8850a16d91d5500c18274b7a19852dacf7c4164f78d820b,0x833589fcd6edb6e08f4c7c32d4f71b54bda02913,USDC,6,2026-05-04,-4659883950,912
0x1fe14350e72ed606c8850a16d91d5500c18274b7a19852dacf7c4164f78d820b,0x833589fcd6edb6e08f4c7c32d4f71b54bda02913,USDC,6,2026-05-05,4849681900,1084
0x1fe14350e72ed606c8850a16d91d5500c18274b7a19852dacf7c4164f78d820b,0x833589fcd6edb6e08f4c7c32d4f71b54bda02913,USDC,6,2026-05-06,5805658964,1393
0x1fe14350e72ed606c8850a16d91d5500c18274b7a19852dacf7c4164f78d820b,0x833589fcd6edb6e08f4c7c32d4f71b54bda02913,USDC,6,2026-05-07,10766166569,1564
0x1fe14350e72ed606c8850a16d91d5500c18274b7a19852dacf7c4164f78d820b,0x833589fcd6edb6e08f4c7c32d4f71b54bda02913,USDC,6,2026-05-08,5676579501,1124
0x1fe14350e72ed606c8850a16d91d5500c18274b7a19852dacf7c4164f78d820b,0x833589fcd6edb6e08f4c7c32d4f71b54bda02913,USDC,6,2026-05-09,-3604735093,939
0x1fe14350e72ed606c8850a16d91d5500c18274b7a19852dacf7c4164f78d820b,0x833589fcd6edb6e08f4c7c32d4f71b54bda02913,USDC,6,2026-05-10,-11149632970,1267
0x1fe14350e72ed606c8850a16d91d5500c18274b7a19852dacf7c4164f78d820b,0x833589fcd6edb6e08f4c7c32d4f71b54bda02913,USDC,6,2026-05-11,4511792437,1229
0x1fe14350e72ed606c8850a16d91d5500c18274b7a19852dacf7c4164f78d820b,0x833589fcd6edb6e08f4c7c32d4f71b54bda02913,USDC,6,2026-05-12,-9059964207,1416
0x1fe14350e72ed606c8850a16d91d5500c18274b7a19852dacf7c4164f78d820b,0x833589fcd6edb6e08f4c7c32d4f71b54bda02913,USDC,6,2026-05-13,-3462399241,1258
0x1fe14350e72ed606c8850a16d91d5500c18274b7a19852dacf7c4164f78d820b,0x833589fcd6edb6e08f4c7c32d4f71b54bda02913,USDC,6,2026-05-14,-14179003029,1973
0x1fe14350e72ed606c8850a16d91d5500c18274b7a19852dacf7c4164f78d820b,0x833589fcd6edb6e08f4c7c32d4f71b54bda02913,USDC,6,2026-05-15,5624348583,1144
0x1fe14350e72ed606c8850a16d91d5500c18274b7a19852dacf7c4164f78d820b,0x833589fcd6edb6e08f4c7c32d4f71b54bda02913,USDC,6,2026-05-16,16698907716,894
0x1fe14350e72ed606c8850a16d91d5500c18274b7a19852dacf7c4164f78d820b,0x833589fcd6edb6e08f4c7c32d4f71b54bda02913,USDC,6,2026-05-17,-3775918770,1167
0x1fe14350e72ed606c8850a16d91d5500c18274b7a19852dacf7c4164f78d820b,0x833589fcd6edb6e08f4c7c32d4f71b54bda02913,USDC,6,2026-05-18,2749141611,1970
0x1fe14350e72ed606c8850a16d91d5500c18274b7a19852dacf7c4164f78d820b,0x833589fcd6edb6e08f4c7c32d4f71b54bda02913,USDC,6,2026-05-19,-21744161476,1574
0x1fe14350e72ed606c8850a16d91d5500c18274b7a19852dacf7c4164f78d820b,0x833589fcd6edb6e08f4c7c32d4f71b54bda02913,USDC,6,2026-05-20,11891866630,1731
0x1fe14350e72ed606c8850a16d91d5500c18274b7a19852dacf7c4164f78d820b,0x833589fcd6edb6e08f4c7c32d4f71b54bda02913,USDC,6,2026-05-21,-8264288554,1898
0x1fe14350e72ed606c8850a16d91d5500c18274b7a19852dacf7c4164f78d820b,0x833589fcd6edb6e08f4c7c32d4f71b54bda02913,USDC,6,2026-05-22,8266342973,1848
0x1fe14350e72ed606c8850a16d91d5500c18274b7a19852dacf7c4164f78d820b,0x833589fcd6edb6e08f4c7c32d4f71b54bda02913,USDC,6,2026-05-23,11608048084,2170
0x1fe14350e72ed606c8850a16d91d5500c18274b7a19852dacf7c4164f78d820b,0x833589fcd6edb6e08f4c7c32d4f71b54bda02913,USDC,6,2026-05-24,510046278,1869
0x1fe14350e72ed606c8850a16d91d5500c18274b7a19852dacf7c4164f78d820b,0x833589fcd6edb6e08f4c7c32d4f71b54bda02913,USDC,6,2026-05-25,5768851543,2120
0x1fe14350e72ed606c8850a16d91d5500c18274b7a19852dacf7c4164f78d820b,0x833589fcd6edb6e08f4c7c32d4f71b54bda02913,USDC,6,2026-05-26,13349947302,2339
0x1fe14350e72ed606c8850a16d91d5500c18274b7a19852dacf7c4164f78d820b,0x833589fcd6edb6e08f4c7c32d4f71b54bda02913,USDC,6,2026-05-27,-31153539492,2397
0x1fe14350e72ed606c8850a16d91d5500c18274b7a19852dacf7c4164f78d820b,0x833589fcd6edb6e08f4c7c32d4f71b54bda02913,USDC,6,2026-05-28,22841805962,2171
0x1fe14350e72ed606c8850a16d91d5500c18274b7a19852dacf7c4164f78d820b,0x833589fcd6edb6e08f4c7c32d4f71b54bda02913,USDC,6,2026-05-29,17122661914,2634
0x1fe14350e72ed606c8850a16d91d5500c18274b7a19852dacf7c4164f78d820b,0x833589fcd6edb6e08f4c7c32d4f71b54bda02913,USDC,6,2026-05-30,5896361681,1949
0x1fe14350e72ed606c8850a16d91d5500c18274b7a19852dacf7c4164f78d820b,0x833589fcd6edb6e08f4c7c32d4f71b54bda02913,USDC,6,2026-05-31,-27474231172,2309
0x1fe14350e72ed606c8850a16d91d5500c18274b7a19852dacf7c4164f78d820b,0x833589fcd6edb6e08f4c7c32d4f71b54bda02913,USDC,6,2026-06-01,-8822886080,1865
0x1fe14350e72ed606c8850a16d91d5500c18274b7a19852dacf7c4164f78d820b,0x833589fcd6edb6e08f4c7c32d4f71b54bda02913,USDC,6,2026-06-02,-15398771189,1783
0x1fe14350e72ed606c8850a16d91d5500c18274b7a19852dacf7c4164f78d820b,0x833589fcd6edb6e08f4c7c32d4f71b54bda02913,USDC,6,2026-06-03,19829372621,2359
0x1fe14350e72ed606c8850a16d91d5500c18274b7a19852dacf7c4164f78d820b,0x833589fcd6edb6e08f4c7c32d4f71b54bda02913,USDC,6,2026-06-04,21122779951,2925
0x1fe14350e72ed606c8850a16d91d5500c18274b7a19852dacf7c4164f78d820b,0x833589fcd6edb6e08f4c7c32d4f71b54bda02913,USDC,6,2026-06-05,-50714599214,2878
0x1fe14350e72ed606c8850a16d91d5500c18274b7a19852dacf7c4164f78d820b,0x833589fcd6edb6e08f4c7c32d4f71b54bda02913,USDC,6,2026-06-06,19085121337,2255
0x1fe14350e72ed606c8850a16d91d5500c18274b7a19852dacf7c4164f78d820b,0x833589fcd6edb6e08f4c7c32d4f71b54bda02913,USDC,6,2026-06-07,4551570493,2015
0x1fe14350e72ed606c8850a16d91d5500c18274b7a19852dacf7c4164f78d820b,0x833589fcd6edb6e08f4c7c32d4f71b54bda02913,USDC,6,2026-06-08,-12323711382,1585
0x1fe14350e72ed606c8850a16d91d5500c18274b7a19852dacf7c4164f78d820b,0x833589fcd6edb6e08f4c7c32d4f71b54bda02913,USDC,6,2026-06-09,3782561545,1389
0x1fe14350e72ed606c8850a16d91d5500c18274b7a19852dacf7c4164f78d820b,0x833589fcd6edb6e08f4c7c32d4f71b54bda02913,USDC,6,2026-06-10,-1452304149,1378
0x1fe14350e72ed606c8850a16d91d5500c18274b7a19852dacf7c4164f78d820b,0x833589fcd6edb6e08f4c7c32d4f71b54bda02913,USDC,6,2026-06-11,3218102484,1372
0x1fe14350e72ed606c8850a16d91d5500c18274b7a19852dacf7c4164f78d820b,0x833589fcd6edb6e08f4c7c32d4f71b54bda02913,USDC,6,2026-06-12,1467796343,1019
0x1fe14350e72ed606c8850a16d91d5500c18274b7a19852dacf7c4164f78d820b,0x833589fcd6edb6e08f4c7c32d4f71b54bda02913,USDC,6,2026-06-13,-3480451562,415
0x1fe14350e72ed606c8850a16d91d5500c18274b7a19852dacf7c4164f78d820b,0x833589fcd6edb6e08f4c7c32d4f71b54bda02913,USDC,6,2026-06-14,26956615442,681
0x1fe14350e72ed606c8850a16d91d5500c18274b7a19852dacf7c4164f78d820b,0x833589fcd6edb6e08f4c7c32d4f71b54bda02913,USDC,6,2026-06-15,-16637443829,1042
0x1fe14350e72ed606c8850a16d91d5500c18274b7a19852dacf7c4164f78d820b,0x833589fcd6edb6e08f4c7c32d4f71b54bda02913,USDC,6,2026-06-16,14076983188,934
0x1fe14350e72ed606c8850a16d91d5500c18274b7a19852dacf7c4164f78d820b,0x833589fcd6edb6e08f4c7c32d4f71b54bda02913,USDC,6,2026-06-17,-38319978573,1388
0x1fe14350e72ed606c8850a16d91d5500c18274b7a19852dacf7c4164f78d820b,0x833589fcd6edb6e08f4c7c32d4f71b54bda02913,USDC,6,2026-06-18,-7672791543,971
0x1fe14350e72ed606c8850a16d91d5500c18274b7a19852dacf7c4164f78d820b,0x833589fcd6edb6e08f4c7c32d4f71b54bda02913,USDC,6,2026-06-19,19649723719,704
0x1fe14350e72ed606c8850a16d91d5500c18274b7a19852dacf7c4164f78d820b,0x833589fcd6edb6e08f4c7c32d4f71b54bda02913,USDC,6,2026-06-20,-4146909576,735
0x1fe14350e72ed606c8850a16d91d5500c18274b7a19852dacf7c4164f78d820b,0x833589fcd6edb6e08f4c7c32d4f71b54bda02913,USDC,6,2026-06-21,-11193605521,827
0x1fe14350e72ed606c8850a16d91d5500c18274b7a19852dacf7c4164f78d820b,0x833589fcd6edb6e08f4c7c32d4f71b54bda02913,USDC,6,2026-06-22,2570414879,880
0x1fe14350e72ed606c8850a16d91d5500c18274b7a19852dacf7c4164f78d820b,0x833589fcd6edb6e08f4c7c32d4f71b54bda02913,USDC,6,2026-06-23,-7618554991,941
0x1fe14350e72ed606c8850a16d91d5500c18274b7a19852dacf7c4164f78d820b,0x833589fcd6edb6e08f4c7c32d4f71b54bda02913,USDC,6,2026-06-24,7107553564,1043
0x1fe14350e72ed606c8850a16d91d5500c18274b7a19852dacf7c4164f78d820b,0x833589fcd6edb6e08f4c7c32d4f71b54bda02913,USDC,6,2026-06-25,6696981541,1225
0x1fe14350e72ed606c8850a16d91d5500c18274b7a19852dacf7c4164f78d820b,0x833589fcd6edb6e08f4c7c32d4f71b54bda02913,USDC,6,2026-06-26,21217087720,1298
0x1fe14350e72ed606c8850a16d91d5500c18274b7a19852dacf7c4164f78d820b,0x833589fcd6edb6e08f4c7c32d4f71b54bda02913,USDC,6,2026-06-27,-3549255071,817
0x1fe14350e72ed606c8850a16d91d5500c18274b7a19852dacf7c4164f78d820b,0x833589fcd6edb6e08f4c7c32d4f71b54bda02913,USDC,6,2026-06-28,-11780273456,763
0x1fe14350e72ed606c8850a16d91d5500c18274b7a19852dacf7c4164f78d820b,0x833589fcd6edb6e08f4c7c32d4f71b54bda02913,USDC,6,2026-06-29,1717562697,1196
0x1fe14350e72ed606c8850a16d91d5500c18274b7a19852dacf7c4164f78d820b,0x833589fcd6edb6e08f4c7c32d4f71b54bda02913,USDC,6,2026-06-30,13924498261,1191
0x1fe14350e72ed606c8850a16d91d5500c18274b7a19852dacf7c4164f78d820b,0x833589fcd6edb6e08f4c7c32d4f71b54bda02913,USDC,6,2026-07-01,-15200855613,1229
0x1fe14350e72ed606c8850a16d91d5500c18274b7a19852dacf7c4164f78d820b,0x833589fcd6edb6e08f4c7c32d4f71b54bda02913,USDC,6,2026-07-02,10109716234,1467
0x1fe14350e72ed606c8850a16d91d5500c18274b7a19852dacf7c4164f78d820b,0x833589fcd6edb6e08f4c7c32d4f71b54bda02913,USDC,6,2026-07-03,-5832508414,915
0x1fe14350e72ed606c8850a16d91d5500c18274b7a19852dacf7c4164f78d820b,0x833589fcd6edb6e08f4c7c32d4f71b54bda02913,USDC,6,2026-07-04,-540605336,768
0x1fe14350e72ed606c8850a16d91d5500c18274b7a19852dacf7c4164f78d820b,0x833589fcd6edb6e08f4c7c32d4f71b54bda02913,USDC,6,2026-07-05,-8873735888,762
0x1fe14350e72ed606c8850a16d91d5500c18274b7a19852dacf7c4164f78d820b,0x833589fcd6edb6e08f4c7c32d4f71b54bda02913,USDC,6,2026-07-06,2807410309,1113
0x1fe14350e72ed606c8850a16d91d5500c18274b7a19852dacf7c4164f78d820b,0x833589fcd6edb6e08f4c7c32d4f71b54bda02913,USDC,6,2026-07-07,233612998,1264
0x1fe14350e72ed606c8850a16d91d5500c18274b7a19852dacf7c4164f78d820b,0x833589fcd6edb6e08f4c7c32d4f71b54bda02913,USDC,6,2026-07-08,6543967737,1372
0x1fe14350e72ed606c8850a16d91d5500c18274b7a19852dacf7c4164f78d820b,0x833589fcd6edb6e08f4c7c32d4f71b54bda02913,USDC,6,2026-07-09,2655346455,1192
0x1fe14350e72ed606c8850a16d91d5500c18274b7a19852dacf7c4164f78d820b,0x833589fcd6edb6e08f4c7c32d4f71b54bda02913,USDC,6,2026-07-10,-3257098314,1212
0x1fe14350e72ed606c8850a16d91d5500c18274b7a19852dacf7c4164f78d820b,0x833589fcd6edb6e08f4c7c32d4f71b54bda02913,USDC,6,2026-07-11,1421043845,851
0x1fe14350e72ed606c8850a16d91d5500c18274b7a19852dacf7c4164f78d820b,0x833589fcd6edb6e08f4c7c32d4f71b54bda02913,USDC,6,2026-07-12,-18452541562,971
0x1fe14350e72ed606c8850a16d91d5500c18274b7a19852dacf7c4164f78d820b,0x833589fcd6edb6e08f4c7c32d4f71b54bda02913,USDC,6,2026-07-13,3450706219,1305
0x1fe14350e72ed606c8850a16d91d5500c18274b7a19852dacf7c4164f78d820b,0x833589fcd6edb6e08f4c7c32d4f71b54bda02913,USDC,6,2026-07-14,32168841651,1890
0x1fe14350e72ed606c8850a16d91d5500c18274b7a19852dacf7c4164f78d820b,0x833589fcd6edb6e08f4c7c32d4f71b54bda02913,USDC,6,2026-07-15,893364107,1474
0x1fe14350e72ed606c8850a16d91d5500c18274b7a19852dacf7c4164f78d820b,0x833589fcd6edb6e08f4c7c32d4f71b54bda02913,USDC,6,2026-07-16,-14181584031,1264
0x1fe14350e72ed606c8850a16d91d5500c18274b7a19852dacf7c4164f78d820b,0x833589fcd6edb6e08f4c7c32d4f71b54bda02913,USDC,6,2026-07-17,-1308087051,1038
0x1fe14350e72ed606c8850a16d91d5500c18274b7a19852dacf7c4164f78d820b,0x833589fcd6edb6e08f4c7c32d4f71b54bda02913,USDC,6,2026-07-18,-193577151,419
0x1fe14350e72ed606c8850a16d91d5500c18274b7a19852dacf7c4164f78d820b,0x833589fcd6edb6e08f4c7c32d4f71b54bda02913,USDC,6,2026-07-19,2928765370,897
0x1fe14350e72ed606c8850a16d91d5500c18274b7a19852dacf7c4164f78d820b,0x833589fcd6edb6e08f4c7c32d4f71b54bda02913,USDC,6,2026-07-20,-12319084294,1537
0x1fe14350e72ed606c8850a16d91d5500c18274b7a19852dacf7c4164f78d820b,0x833589fcd6edb6e08f4c7c32d4f71b54bda02913,USDC,6,2026-07-21,71246368,1324
0x1fe14350e72ed606c8850a16d91d5500c18274b7a19852dacf7c4164f78d820b,0x833589fcd6edb6e08f4c7c32d4f71b54bda02913,USDC,6,2026-07-22,21012885941,1648
0x1fe14350e72ed606c8850a16d91d5500c18274b7a19852dacf7c4164f78d820b,0x833589fcd6edb6e08f4c7c32d4f71b54bda02913,USDC,6,2026-07-23,-26015364698,2247
0x1fe14350e72ed606c8850a16d91d5500c18274b7a19852dacf7c4164f78d820b,0x833589fcd6edb6e08f4c7c32d4f71b54bda02913,USDC,6,2026-07-24,-2957487484,1311
0x6763ac78b18c40e59dce6a8acf7c9f9c046555fa2ebc76cf2634afdc5363bd9a,0x27f6c8289550fce67f6b50bed1f519966afe5287,TGBP,18,2026-04-23,77436074452736448397312,9
0x6763ac78b18c40e59dce6a8acf7c9f9c046555fa2ebc76cf2634afdc5363bd9a,0x27f6c8289550fce67f6b50bed1f519966afe5287,TGBP,18,2026-04-24,-7342301873438720,1
0x6763ac78b18c40e59dce6a8acf7c9f9c046555fa2ebc76cf2634afdc5363bd9a,0x27f6c8289550fce67f6b50bed1f519966afe5287,TGBP,18,2026-04-25,-1655050447435763548160,4
0x6763ac78b18c40e59dce6a8acf7c9f9c046555fa2ebc76cf2634afdc5363bd9a,0x27f6c8289550fce67f6b50bed1f519966afe5287,TGBP,18,2026-04-26,897925814485927329792,9
0x6763ac78b18c40e59dce6a8acf7c9f9c046555fa2ebc76cf2634afdc5363bd9a,0x27f6c8289550fce67f6b50bed1f519966afe5287,TGBP,18,2026-04-27,-3116128947169382105088,10
0x6763ac78b18c40e59dce6a8acf7c9f9c046555fa2ebc76cf2634afdc5363bd9a,0x27f6c8289550fce67f6b50bed1f519966afe5287,TGBP,18,2026-04-28,-101008136746588700672,2
0x6763ac78b18c40e59dce6a8acf7c9f9c046555fa2ebc76cf2634afdc5363bd9a,0x27f6c8289550fce67f6b50bed1f519966afe5287,TGBP,18,2026-04-29,-40428987700828176384,5
0x6763ac78b18c40e59dce6a8acf7c9f9c046555fa2ebc76cf2634afdc5363bd9a,0x27f6c8289550fce67f6b50bed1f519966afe5287,TGBP,18,2026-04-30,-8397000226726037422080,12
0x6763ac78b18c40e59dce6a8acf7c9f9c046555fa2ebc76cf2634afdc5363bd9a,0x27f6c8289550fce67f6b50bed1f519966afe5287,TGBP,18,2026-05-01,-4415452426831684173824,22
0x6763ac78b18c40e59dce6a8acf7c9f9c046555fa2ebc76cf2634afdc5363bd9a,0x27f6c8289550fce67f6b50bed1f519966afe5287,TGBP,18,2026-05-02,1037051989423829286912,3
0x6763ac78b18c40e59dce6a8acf7c9f9c046555fa2ebc76cf2634afdc5363bd9a,0x27f6c8289550fce67f6b50bed1f519966afe5287,TGBP,18,2026-05-03,4626668497710088192,2
0x6763ac78b18c40e59dce6a8acf7c9f9c046555fa2ebc76cf2634afdc5363bd9a,0x27f6c8289550fce67f6b50bed1f519966afe5287,TGBP,18,2026-05-04,6567676669664633552896,15
0x6763ac78b18c40e59dce6a8acf7c9f9c046555fa2ebc76cf2634afdc5363bd9a,0x27f6c8289550fce67f6b50bed1f519966afe5287,TGBP,18,2026-05-05,-6478625229611307368448,9
0x6763ac78b18c40e59dce6a8acf7c9f9c046555fa2ebc76cf2634afdc5363bd9a,0x27f6c8289550fce67f6b50bed1f519966afe5287,TGBP,18,2026-05-06,-3818221569194973986816,9
0x6763ac78b18c40e59dce6a8acf7c9f9c046555fa2ebc76cf2634afdc5363bd9a,0x27f6c8289550fce67f6b50bed1f519966afe5287,TGBP,18,2026-05-07,5779211753399305371648,8
0x6763ac78b18c40e59dce6a8acf7c9f9c046555fa2ebc76cf2634afdc5363bd9a,0x27f6c8289550fce67f6b50bed1f519966afe5287,TGBP,18,2026-05-11,-500727090874679296,1
0x6763ac78b18c40e59dce6a8acf7c9f9c046555fa2ebc76cf2634afdc5363bd9a,0x27f6c8289550fce67f6b50bed1f519966afe5287,TGBP,18,2026-05-12,6492527016196756733952,10
0x6763ac78b18c40e59dce6a8acf7c9f9c046555fa2ebc76cf2634afdc5363bd9a,0x27f6c8289550fce67f6b50bed1f519966afe5287,TGBP,18,2026-05-13,-66494300291550150656,2
0x6763ac78b18c40e59dce6a8acf7c9f9c046555fa2ebc76cf2634afdc5363bd9a,0x27f6c8289550fce67f6b50bed1f519966afe5287,TGBP,18,2026-05-14,24216330252799405195264,58
0x6763ac78b18c40e59dce6a8acf7c9f9c046555fa2ebc76cf2634afdc5363bd9a,0x27f6c8289550fce67f6b50bed1f519966afe5287,TGBP,18,2026-05-15,4400086932240310730752,18
0x6763ac78b18c40e59dce6a8acf7c9f9c046555fa2ebc76cf2634afdc5363bd9a,0x27f6c8289550fce67f6b50bed1f519966afe5287,TGBP,18,2026-05-16,-447351029505305083904,4
0x6763ac78b18c40e59dce6a8acf7c9f9c046555fa2ebc76cf2634afdc5363bd9a,0x27f6c8289550fce67f6b50bed1f519966afe5287,TGBP,18,2026-05-17,-506758718633401122816,38
0x6763ac78b18c40e59dce6a8acf7c9f9c046555fa2ebc76cf2634afdc5363bd9a,0x27f6c8289550fce67f6b50bed1f519966afe5287,TGBP,18,2026-05-18,-10538244866599869743104,42
0x6763ac78b18c40e59dce6a8acf7c9f9c046555fa2ebc76cf2634afdc5363bd9a,0x27f6c8289550fce67f6b50bed1f519966afe5287,TGBP,18,2026-05-19,20750125841982160896,26
0x6763ac78b18c40e59dce6a8acf7c9f9c046555fa2ebc76cf2634afdc5363bd9a,0x27f6c8289550fce67f6b50bed1f519966afe5287,TGBP,18,2026-05-20,-2823353156967625392128,22
0x6763ac78b18c40e59dce6a8acf7c9f9c046555fa2ebc76cf2634afdc5363bd9a,0x27f6c8289550fce67f6b50bed1f519966afe5287,TGBP,18,2026-05-21,887618354959708323840,36
0x6763ac78b18c40e59dce6a8acf7c9f9c046555fa2ebc76cf2634afdc5363bd9a,0x27f6c8289550fce67f6b50bed1f519966afe5287,TGBP,18,2026-05-22,-478304579353516703744,24
0x6763ac78b18c40e59dce6a8acf7c9f9c046555fa2ebc76cf2634afdc5363bd9a,0x27f6c8289550fce67f6b50bed1f519966afe5287,TGBP,18,2026-05-23,-208851849859722903552,21
0x6763ac78b18c40e59dce6a8acf7c9f9c046555fa2ebc76cf2634afdc5363bd9a,0x27f6c8289550fce67f6b50bed1f519966afe5287,TGBP,18,2026-05-24,-6515477461533397614592,32
0x6763ac78b18c40e59dce6a8acf7c9f9c046555fa2ebc76cf2634afdc5363bd9a,0x27f6c8289550fce67f6b50bed1f519966afe5287,TGBP,18,2026-05-25,-1871236895787020451840,11
0x6763ac78b18c40e59dce6a8acf7c9f9c046555fa2ebc76cf2634afdc5363bd9a,0x27f6c8289550fce67f6b50bed1f519966afe5287,TGBP,18,2026-05-26,4873955302860709167104,6
0x6763ac78b18c40e59dce6a8acf7c9f9c046555fa2ebc76cf2634afdc5363bd9a,0x27f6c8289550fce67f6b50bed1f519966afe5287,TGBP,18,2026-05-27,8390170379961828900864,20
0x6763ac78b18c40e59dce6a8acf7c9f9c046555fa2ebc76cf2634afdc5363bd9a,0x27f6c8289550fce67f6b50bed1f519966afe5287,TGBP,18,2026-05-28,-4175614461653905571840,10
0x6763ac78b18c40e59dce6a8acf7c9f9c046555fa2ebc76cf2634afdc5363bd9a,0x27f6c8289550fce67f6b50bed1f519966afe5287,TGBP,18,2026-05-29,-5762229669560749916160,6
0x6763ac78b18c40e59dce6a8acf7c9f9c046555fa2ebc76cf2634afdc5363bd9a,0x27f6c8289550fce67f6b50bed1f519966afe5287,TGBP,18,2026-05-30,11742935448027136,1
0x6763ac78b18c40e59dce6a8acf7c9f9c046555fa2ebc76cf2634afdc5363bd9a,0x27f6c8289550fce67f6b50bed1f519966afe5287,TGBP,18,2026-05-31,1576138512032971358208,4
0x6763ac78b18c40e59dce6a8acf7c9f9c046555fa2ebc76cf2634afdc5363bd9a,0x27f6c8289550fce67f6b50bed1f519966afe5287,TGBP,18,2026-06-01,710589826868327743488,4
0x6763ac78b18c40e59dce6a8acf7c9f9c046555fa2ebc76cf2634afdc5363bd9a,0x27f6c8289550fce67f6b50bed1f519966afe5287,TGBP,18,2026-06-02,-2264902623552331579392,3
0x6763ac78b18c40e59dce6a8acf7c9f9c046555fa2ebc76cf2634afdc5363bd9a,0x27f6c8289550fce67f6b50bed1f519966afe5287,TGBP,18,2026-06-03,5081752892175019933696,27
0x6763ac78b18c40e59dce6a8acf7c9f9c046555fa2ebc76cf2634afdc5363bd9a,0x27f6c8289550fce67f6b50bed1f519966afe5287,TGBP,18,2026-06-04,-1677696299204085809152,17
0x6763ac78b18c40e59dce6a8acf7c9f9c046555fa2ebc76cf2634afdc5363bd9a,0x27f6c8289550fce67f6b50bed1f519966afe5287,TGBP,18,2026-06-05,14998636130299950399488,37
0x6763ac78b18c40e59dce6a8acf7c9f9c046555fa2ebc76cf2634afdc5363bd9a,0x27f6c8289550fce67f6b50bed1f519966afe5287,TGBP,18,2026-06-06,1532423950447834824704,24
0x6763ac78b18c40e59dce6a8acf7c9f9c046555fa2ebc76cf2634afdc5363bd9a,0x27f6c8289550fce67f6b50bed1f519966afe5287,TGBP,18,2026-06-07,-792717224035269738496,23
0x6763ac78b18c40e59dce6a8acf7c9f9c046555fa2ebc76cf2634afdc5363bd9a,0x27f6c8289550fce67f6b50bed1f519966afe5287,TGBP,18,2026-06-08,-1474645962861691535360,30
0x6763ac78b18c40e59dce6a8acf7c9f9c046555fa2ebc76cf2634afdc5363bd9a,0x27f6c8289550fce67f6b50bed1f519966afe5287,TGBP,18,2026-06-09,-4839682137803437637632,8
0x6763ac78b18c40e59dce6a8acf7c9f9c046555fa2ebc76cf2634afdc5363bd9a,0x27f6c8289550fce67f6b50bed1f519966afe5287,TGBP,18,2026-06-10,1597428401472307986432,8
0x6763ac78b18c40e59dce6a8acf7c9f9c046555fa2ebc76cf2634afdc5363bd9a,0x27f6c8289550fce67f6b50bed1f519966afe5287,TGBP,18,2026-06-11,-5878382282458989068288,18
0x6763ac78b18c40e59dce6a8acf7c9f9c046555fa2ebc76cf2634afdc5363bd9a,0x27f6c8289550fce67f6b50bed1f519966afe5287,TGBP,18,2026-06-12,541577157663153717248,4
0x6763ac78b18c40e59dce6a8acf7c9f9c046555fa2ebc76cf2634afdc5363bd9a,0x27f6c8289550fce67f6b50bed1f519966afe5287,TGBP,18,2026-06-14,-3352958414362905673728,2
0x6763ac78b18c40e59dce6a8acf7c9f9c046555fa2ebc76cf2634afdc5363bd9a,0x27f6c8289550fce67f6b50bed1f519966afe5287,TGBP,18,2026-06-15,514807159119385985024,11
0x6763ac78b18c40e59dce6a8acf7c9f9c046555fa2ebc76cf2634afdc5363bd9a,0x27f6c8289550fce67f6b50bed1f519966afe5287,TGBP,18,2026-06-16,-367630328575117230080,3
0x6763ac78b18c40e59dce6a8acf7c9f9c046555fa2ebc76cf2634afdc5363bd9a,0x27f6c8289550fce67f6b50bed1f519966afe5287,TGBP,18,2026-06-17,17566069271939407413248,26
0x6763ac78b18c40e59dce6a8acf7c9f9c046555fa2ebc76cf2634afdc5363bd9a,0x27f6c8289550fce67f6b50bed1f519966afe5287,TGBP,18,2026-06-18,18298690030844447293440,31
0x6763ac78b18c40e59dce6a8acf7c9f9c046555fa2ebc76cf2634afdc5363bd9a,0x27f6c8289550fce67f6b50bed1f519966afe5287,TGBP,18,2026-06-19,-4581475619969741881344,6
0x6763ac78b18c40e59dce6a8acf7c9f9c046555fa2ebc76cf2634afdc5363bd9a,0x27f6c8289550fce67f6b50bed1f519966afe5287,TGBP,18,2026-06-20,-173643804493777731584,2
0x6763ac78b18c40e59dce6a8acf7c9f9c046555fa2ebc76cf2634afdc5363bd9a,0x27f6c8289550fce67f6b50bed1f519966afe5287,TGBP,18,2026-06-21,1286348068580642258944,3
0x6763ac78b18c40e59dce6a8acf7c9f9c046555fa2ebc76cf2634afdc5363bd9a,0x27f6c8289550fce67f6b50bed1f519966afe5287,TGBP,18,2026-06-22,-4657207192488477982720,9
0x6763ac78b18c40e59dce6a8acf7c9f9c046555fa2ebc76cf2634afdc5363bd9a,0x27f6c8289550fce67f6b50bed1f519966afe5287,TGBP,18,2026-06-23,5757077532286277124096,5
0x6763ac78b18c40e59dce6a8acf7c9f9c046555fa2ebc76cf2634afdc5363bd9a,0x27f6c8289550fce67f6b50bed1f519966afe5287,TGBP,18,2026-06-24,7209657708198978650112,12
0x6763ac78b18c40e59dce6a8acf7c9f9c046555fa2ebc76cf2634afdc5363bd9a,0x27f6c8289550fce67f6b50bed1f519966afe5287,TGBP,18,2026-06-25,-5291278201644178735104,9
0x6763ac78b18c40e59dce6a8acf7c9f9c046555fa2ebc76cf2634afdc5363bd9a,0x27f6c8289550fce67f6b50bed1f519966afe5287,TGBP,18,2026-06-26,-2611280240778164568064,2
0x6763ac78b18c40e59dce6a8acf7c9f9c046555fa2ebc76cf2634afdc5363bd9a,0x27f6c8289550fce67f6b50bed1f519966afe5287,TGBP,18,2026-06-28,82958583892803584,2
0x6763ac78b18c40e59dce6a8acf7c9f9c046555fa2ebc76cf2634afdc5363bd9a,0x27f6c8289550fce67f6b50bed1f519966afe5287,TGBP,18,2026-06-29,-5744377956913494622208,13
0x6763ac78b18c40e59dce6a8acf7c9f9c046555fa2ebc76cf2634afdc5363bd9a,0x27f6c8289550fce67f6b50bed1f519966afe5287,TGBP,18,2026-06-30,220280681682142494720,4
0x6763ac78b18c40e59dce6a8acf7c9f9c046555fa2ebc76cf2634afdc5363bd9a,0x27f6c8289550fce67f6b50bed1f519966afe5287,TGBP,18,2026-07-01,-3070032363693216366592,3
0x6763ac78b18c40e59dce6a8acf7c9f9c046555fa2ebc76cf2634afdc5363bd9a,0x27f6c8289550fce67f6b50bed1f519966afe5287,TGBP,18,2026-07-02,-14557392310723531505664,26
0x6763ac78b18c40e59dce6a8acf7c9f9c046555fa2ebc76cf2634afdc5363bd9a,0x27f6c8289550fce67f6b50bed1f519966afe5287,TGBP,18,2026-07-03,933922875189607006208,3
0x6763ac78b18c40e59dce6a8acf7c9f9c046555fa2ebc76cf2634afdc5363bd9a,0x27f6c8289550fce67f6b50bed1f519966afe5287,TGBP,18,2026-07-04,1499001659599227977728,1
0x6763ac78b18c40e59dce6a8acf7c9f9c046555fa2ebc76cf2634afdc5363bd9a,0x27f6c8289550fce67f6b50bed1f519966afe5287,TGBP,18,2026-07-06,-4543921744816589766656,8
0x6763ac78b18c40e59dce6a8acf7c9f9c046555fa2ebc76cf2634afdc5363bd9a,0x27f6c8289550fce67f6b50bed1f519966afe5287,TGBP,18,2026-07-07,-93029208551272371140096,1
0x6763ac78b18c40e59dce6a8acf7c9f9c046555fa2ebc76cf2634afdc5363bd9a,0x27f6c8289550fce67f6b50bed1f519966afe5287,TGBP,18,2026-07-15,-26458915838926848,1
0x6763ac78b18c40e59dce6a8acf7c9f9c046555fa2ebc76cf2634afdc5363bd9a,0x27f6c8289550fce67f6b50bed1f519966afe5287,TGBP,18,2026-07-17,-136493514707968512,1
0x6763ac78b18c40e59dce6a8acf7c9f9c046555fa2ebc76cf2634afdc5363bd9a,0x27f6c8289550fce67f6b50bed1f519966afe5287,TGBP,18,2026-07-20,-1402457823817216,1
0x6763ac78b18c40e59dce6a8acf7c9f9c046555fa2ebc76cf2634afdc5363bd9a,0x27f6c8289550fce67f6b50bed1f519966afe5287,TGBP,18,2026-07-22,162106087628969984,2
0x6763ac78b18c40e59dce6a8acf7c9f9c046555fa2ebc76cf2634afdc5363bd9a,0x27f6c8289550fce67f6b50bed1f519966afe5287,TGBP,18,2026-07-23,26330638076276736,1
0x6763ac78b18c40e59dce6a8acf7c9f9c046555fa2ebc76cf2634afdc5363bd9a,0x27f6c8289550fce67f6b50bed1f519966afe5287,TGBP,18,2026-07-24,-5569153703683584,3
0x6763ac78b18c40e59dce6a8acf7c9f9c046555fa2ebc76cf2634afdc5363bd9a,0x833589fcd6edb6e08f4c7c32d4f71b54bda02913,USDC,6,2026-04-23,123916847531,9
0x6763ac78b18c40e59dce6a8acf7c9f9c046555fa2ebc76cf2634afdc5363bd9a,0x833589fcd6edb6e08f4c7c32d4f71b54bda02913,USDC,6,2026-04-24,9896,1
0x6763ac78b18c40e59dce6a8acf7c9f9c046555fa2ebc76cf2634afdc5363bd9a,0x833589fcd6edb6e08f4c7c32d4f71b54bda02913,USDC,6,2026-04-25,2231582674,4
0x6763ac78b18c40e59dce6a8acf7c9f9c046555fa2ebc76cf2634afdc5363bd9a,0x833589fcd6edb6e08f4c7c32d4f71b54bda02913,USDC,6,2026-04-26,-1210938083,9
0x6763ac78b18c40e59dce6a8acf7c9f9c046555fa2ebc76cf2634afdc5363bd9a,0x833589fcd6edb6e08f4c7c32d4f71b54bda02913,USDC,6,2026-04-27,4204657673,10
0x6763ac78b18c40e59dce6a8acf7c9f9c046555fa2ebc76cf2634afdc5363bd9a,0x833589fcd6edb6e08f4c7c32d4f71b54bda02913,USDC,6,2026-04-28,136398801,2
0x6763ac78b18c40e59dce6a8acf7c9f9c046555fa2ebc76cf2634afdc5363bd9a,0x833589fcd6edb6e08f4c7c32d4f71b54bda02913,USDC,6,2026-04-29,54596144,5
0x6763ac78b18c40e59dce6a8acf7c9f9c046555fa2ebc76cf2634afdc5363bd9a,0x833589fcd6edb6e08f4c7c32d4f71b54bda02913,USDC,6,2026-04-30,11362752037,12
0x6763ac78b18c40e59dce6a8acf7c9f9c046555fa2ebc76cf2634afdc5363bd9a,0x833589fcd6edb6e08f4c7c32d4f71b54bda02913,USDC,6,2026-05-01,5993592247,22
0x6763ac78b18c40e59dce6a8acf7c9f9c046555fa2ebc76cf2634afdc5363bd9a,0x833589fcd6edb6e08f4c7c32d4f71b54bda02913,USDC,6,2026-05-02,-1408865363,3
0x6763ac78b18c40e59dce6a8acf7c9f9c046555fa2ebc76cf2634afdc5363bd9a,0x833589fcd6edb6e08f4c7c32d4f71b54bda02913,USDC,6,2026-05-03,-6283870,2
0x6763ac78b18c40e59dce6a8acf7c9f9c046555fa2ebc76cf2634afdc5363bd9a,0x833589fcd6edb6e08f4c7c32d4f71b54bda02913,USDC,6,2026-05-04,-8905871106,15
0x6763ac78b18c40e59dce6a8acf7c9f9c046555fa2ebc76cf2634afdc5363bd9a,0x833589fcd6edb6e08f4c7c32d4f71b54bda02913,USDC,6,2026-05-05,8784925560,9
0x6763ac78b18c40e59dce6a8acf7c9f9c046555fa2ebc76cf2634afdc5363bd9a,0x833589fcd6edb6e08f4c7c32d4f71b54bda02913,USDC,6,2026-05-06,5190443201,9
0x6763ac78b18c40e59dce6a8acf7c9f9c046555fa2ebc76cf2634afdc5363bd9a,0x833589fcd6edb6e08f4c7c32d4f71b54bda02913,USDC,6,2026-05-07,-7852441046,8
0x6763ac78b18c40e59dce6a8acf7c9f9c046555fa2ebc76cf2634afdc5363bd9a,0x833589fcd6edb6e08f4c7c32d4f71b54bda02913,USDC,6,2026-05-11,679401,1
0x6763ac78b18c40e59dce6a8acf7c9f9c046555fa2ebc76cf2634afdc5363bd9a,0x833589fcd6edb6e08f4c7c32d4f71b54bda02913,USDC,6,2026-05-12,-8795357165,10
0x6763ac78b18c40e59dce6a8acf7c9f9c046555fa2ebc76cf2634afdc5363bd9a,0x833589fcd6edb6e08f4c7c32d4f71b54bda02913,USDC,6,2026-05-13,89938516,2
0x6763ac78b18c40e59dce6a8acf7c9f9c046555fa2ebc76cf2634afdc5363bd9a,0x833589fcd6edb6e08f4c7c32d4f71b54bda02913,USDC,6,2026-05-14,-32563383648,58
0x6763ac78b18c40e59dce6a8acf7c9f9c046555fa2ebc76cf2634afdc5363bd9a,0x833589fcd6edb6e08f4c7c32d4f71b54bda02913,USDC,6,2026-05-15,-5875896344,18
0x6763ac78b18c40e59dce6a8acf7c9f9c046555fa2ebc76cf2634afdc5363bd9a,0x833589fcd6edb6e08f4c7c32d4f71b54bda02913,USDC,6,2026-05-16,596824948,4
0x6763ac78b18c40e59dce6a8acf7c9f9c046555fa2ebc76cf2634afdc5363bd9a,0x833589fcd6edb6e08f4c7c32d4f71b54bda02913,USDC,6,2026-05-17,676238237,38
0x6763ac78b18c40e59dce6a8acf7c9f9c046555fa2ebc76cf2634afdc5363bd9a,0x833589fcd6edb6e08f4c7c32d4f71b54bda02913,USDC,6,2026-05-18,14100209090,42
0x6763ac78b18c40e59dce6a8acf7c9f9c046555fa2ebc76cf2634afdc5363bd9a,0x833589fcd6edb6e08f4c7c32d4f71b54bda02913,USDC,6,2026-05-19,-27834376,26
0x6763ac78b18c40e59dce6a8acf7c9f9c046555fa2ebc76cf2634afdc5363bd9a,0x833589fcd6edb6e08f4c7c32d4f71b54bda02913,USDC,6,2026-05-20,3789836647,22
0x6763ac78b18c40e59dce6a8acf7c9f9c046555fa2ebc76cf2634afdc5363bd9a,0x833589fcd6edb6e08f4c7c32d4f71b54bda02913,USDC,6,2026-05-21,-1192023901,36
0x6763ac78b18c40e59dce6a8acf7c9f9c046555fa2ebc76cf2634afdc5363bd9a,0x833589fcd6edb6e08f4c7c32d4f71b54bda02913,USDC,6,2026-05-22,642273792,24
0x6763ac78b18c40e59dce6a8acf7c9f9c046555fa2ebc76cf2634afdc5363bd9a,0x833589fcd6edb6e08f4c7c32d4f71b54bda02913,USDC,6,2026-05-23,280495705,21
0x6763ac78b18c40e59dce6a8acf7c9f9c046555fa2ebc76cf2634afdc5363bd9a,0x833589fcd6edb6e08f4c7c32d4f71b54bda02913,USDC,6,2026-05-24,8764790474,32
0x6763ac78b18c40e59dce6a8acf7c9f9c046555fa2ebc76cf2634afdc5363bd9a,0x833589fcd6edb6e08f4c7c32d4f71b54bda02913,USDC,6,2026-05-25,2522357101,11
0x6763ac78b18c40e59dce6a8acf7c9f9c046555fa2ebc76cf2634afdc5363bd9a,0x833589fcd6edb6e08f4c7c32d4f71b54bda02913,USDC,6,2026-05-26,-6565129727,6
0x6763ac78b18c40e59dce6a8acf7c9f9c046555fa2ebc76cf2634afdc5363bd9a,0x833589fcd6edb6e08f4c7c32d4f71b54bda02913,USDC,6,2026-05-27,-11265166923,20
0x6763ac78b18c40e59dce6a8acf7c9f9c046555fa2ebc76cf2634afdc5363bd9a,0x833589fcd6edb6e08f4c7c32d4f71b54bda02913,USDC,6,2026-05-28,5600722551,10
0x6763ac78b18c40e59dce6a8acf7c9f9c046555fa2ebc76cf2634afdc5363bd9a,0x833589fcd6edb6e08f4c7c32d4f71b54bda02913,USDC,6,2026-05-29,7747452469,6
0x6763ac78b18c40e59dce6a8acf7c9f9c046555fa2ebc76cf2634afdc5363bd9a,0x833589fcd6edb6e08f4c7c32d4f71b54bda02913,USDC,6,2026-05-30,-15810,1
0x6763ac78b18c40e59dce6a8acf7c9f9c046555fa2ebc76cf2634afdc5363bd9a,0x833589fcd6edb6e08f4c7c32d4f71b54bda02913,USDC,6,2026-05-31,-2121304069,4
0x6763ac78b18c40e59dce6a8acf7c9f9c046555fa2ebc76cf2634afdc5363bd9a,0x833589fcd6edb6e08f4c7c32d4f71b54bda02913,USDC,6,2026-06-01,-955843785,4
0x6763ac78b18c40e59dce6a8acf7c9f9c046555fa2ebc76cf2634afdc5363bd9a,0x833589fcd6edb6e08f4c7c32d4f71b54bda02913,USDC,6,2026-06-02,3047761846,3
0x6763ac78b18c40e59dce6a8acf7c9f9c046555fa2ebc76cf2634afdc5363bd9a,0x833589fcd6edb6e08f4c7c32d4f71b54bda02913,USDC,6,2026-06-03,-6833588619,27
0x6763ac78b18c40e59dce6a8acf7c9f9c046555fa2ebc76cf2634afdc5363bd9a,0x833589fcd6edb6e08f4c7c32d4f71b54bda02913,USDC,6,2026-06-04,2254189957,17
0x6763ac78b18c40e59dce6a8acf7c9f9c046555fa2ebc76cf2634afdc5363bd9a,0x833589fcd6edb6e08f4c7c32d4f71b54bda02913,USDC,6,2026-06-05,-20087731872,37
0x6763ac78b18c40e59dce6a8acf7c9f9c046555fa2ebc76cf2634afdc5363bd9a,0x833589fcd6edb6e08f4c7c32d4f71b54bda02913,USDC,6,2026-06-06,-2044198670,24
0x6763ac78b18c40e59dce6a8acf7c9f9c046555fa2ebc76cf2634afdc5363bd9a,0x833589fcd6edb6e08f4c7c32d4f71b54bda02913,USDC,6,2026-06-07,1057267700,23
0x6763ac78b18c40e59dce6a8acf7c9f9c046555fa2ebc76cf2634afdc5363bd9a,0x833589fcd6edb6e08f4c7c32d4f71b54bda02913,USDC,6,2026-06-08,1967849996,30
0x6763ac78b18c40e59dce6a8acf7c9f9c046555fa2ebc76cf2634afdc5363bd9a,0x833589fcd6edb6e08f4c7c32d4f71b54bda02913,USDC,6,2026-06-09,6468194508,8
0x6763ac78b18c40e59dce6a8acf7c9f9c046555fa2ebc76cf2634afdc5363bd9a,0x833589fcd6edb6e08f4c7c32d4f71b54bda02913,USDC,6,2026-06-10,-2136621303,8
0x6763ac78b18c40e59dce6a8acf7c9f9c046555fa2ebc76cf2634afdc5363bd9a,0x833589fcd6edb6e08f4c7c32d4f71b54bda02913,USDC,6,2026-06-11,7870700338,18
0x6763ac78b18c40e59dce6a8acf7c9f9c046555fa2ebc76cf2634afdc5363bd9a,0x833589fcd6edb6e08f4c7c32d4f71b54bda02913,USDC,6,2026-06-12,-726065808,4
0x6763ac78b18c40e59dce6a8acf7c9f9c046555fa2ebc76cf2634afdc5363bd9a,0x833589fcd6edb6e08f4c7c32d4f71b54bda02913,USDC,6,2026-06-14,4498204500,2
0x6763ac78b18c40e59dce6a8acf7c9f9c046555fa2ebc76cf2634afdc5363bd9a,0x833589fcd6edb6e08f4c7c32d4f71b54bda02913,USDC,6,2026-06-15,-691120480,11
0x6763ac78b18c40e59dce6a8acf7c9f9c046555fa2ebc76cf2634afdc5363bd9a,0x833589fcd6edb6e08f4c7c32d4f71b54bda02913,USDC,6,2026-06-16,493520332,3
0x6763ac78b18c40e59dce6a8acf7c9f9c046555fa2ebc76cf2634afdc5363bd9a,0x833589fcd6edb6e08f4c7c32d4f71b54bda02913,USDC,6,2026-06-17,-23483600749,26
0x6763ac78b18c40e59dce6a8acf7c9f9c046555fa2ebc76cf2634afdc5363bd9a,0x833589fcd6edb6e08f4c7c32d4f71b54bda02913,USDC,6,2026-06-18,-24252528676,31
0x6763ac78b18c40e59dce6a8acf7c9f9c046555fa2ebc76cf2634afdc5363bd9a,0x833589fcd6edb6e08f4c7c32d4f71b54bda02913,USDC,6,2026-06-19,6052143496,6
0x6763ac78b18c40e59dce6a8acf7c9f9c046555fa2ebc76cf2634afdc5363bd9a,0x833589fcd6edb6e08f4c7c32d4f71b54bda02913,USDC,6,2026-06-20,229645991,2
0x6763ac78b18c40e59dce6a8acf7c9f9c046555fa2ebc76cf2634afdc5363bd9a,0x833589fcd6edb6e08f4c7c32d4f71b54bda02913,USDC,6,2026-06-21,-1700756051,3
0x6763ac78b18c40e59dce6a8acf7c9f9c046555fa2ebc76cf2634afdc5363bd9a,0x833589fcd6edb6e08f4c7c32d4f71b54bda02913,USDC,6,2026-06-22,6162555638,9
0x6763ac78b18c40e59dce6a8acf7c9f9c046555fa2ebc76cf2634afdc5363bd9a,0x833589fcd6edb6e08f4c7c32d4f71b54bda02913,USDC,6,2026-06-23,-7615925580,5
0x6763ac78b18c40e59dce6a8acf7c9f9c046555fa2ebc76cf2634afdc5363bd9a,0x833589fcd6edb6e08f4c7c32d4f71b54bda02913,USDC,6,2026-06-24,-9507879455,12
0x6763ac78b18c40e59dce6a8acf7c9f9c046555fa2ebc76cf2634afdc5363bd9a,0x833589fcd6edb6e08f4c7c32d4f71b54bda02913,USDC,6,2026-06-25,6974766375,9
0x6763ac78b18c40e59dce6a8acf7c9f9c046555fa2ebc76cf2634afdc5363bd9a,0x833589fcd6edb6e08f4c7c32d4f71b54bda02913,USDC,6,2026-06-26,3448623450,2
0x6763ac78b18c40e59dce6a8acf7c9f9c046555fa2ebc76cf2634afdc5363bd9a,0x833589fcd6edb6e08f4c7c32d4f71b54bda02913,USDC,6,2026-06-28,-109629,2
0x6763ac78b18c40e59dce6a8acf7c9f9c046555fa2ebc76cf2634afdc5363bd9a,0x833589fcd6edb6e08f4c7c32d4f71b54bda02913,USDC,6,2026-06-29,7601632391,13
0x6763ac78b18c40e59dce6a8acf7c9f9c046555fa2ebc76cf2634afdc5363bd9a,0x833589fcd6edb6e08f4c7c32d4f71b54bda02913,USDC,6,2026-06-30,-291888277,4
0x6763ac78b18c40e59dce6a8acf7c9f9c046555fa2ebc76cf2634afdc5363bd9a,0x833589fcd6edb6e08f4c7c32d4f71b54bda02913,USDC,6,2026-07-01,4070810192,3
0x6763ac78b18c40e59dce6a8acf7c9f9c046555fa2ebc76cf2634afdc5363bd9a,0x833589fcd6edb6e08f4c7c32d4f71b54bda02913,USDC,6,2026-07-02,19385002591,26
0x6763ac78b18c40e59dce6a8acf7c9f9c046555fa2ebc76cf2634afdc5363bd9a,0x833589fcd6edb6e08f4c7c32d4f71b54bda02913,USDC,6,2026-07-03,-1247725629,3
0x6763ac78b18c40e59dce6a8acf7c9f9c046555fa2ebc76cf2634afdc5363bd9a,0x833589fcd6edb6e08f4c7c32d4f71b54bda02913,USDC,6,2026-07-04,-2001498045,1
0x6763ac78b18c40e59dce6a8acf7c9f9c046555fa2ebc76cf2634afdc5363bd9a,0x833589fcd6edb6e08f4c7c32d4f71b54bda02913,USDC,6,2026-07-06,6071600896,8
0x6763ac78b18c40e59dce6a8acf7c9f9c046555fa2ebc76cf2634afdc5363bd9a,0x833589fcd6edb6e08f4c7c32d4f71b54bda02913,USDC,6,2026-07-07,-102968863775,1
0x6763ac78b18c40e59dce6a8acf7c9f9c046555fa2ebc76cf2634afdc5363bd9a,0x833589fcd6edb6e08f4c7c32d4f71b54bda02913,USDC,6,2026-07-15,35416,1
0x6763ac78b18c40e59dce6a8acf7c9f9c046555fa2ebc76cf2634afdc5363bd9a,0x833589fcd6edb6e08f4c7c32d4f71b54bda02913,USDC,6,2026-07-17,183425,1
0x6763ac78b18c40e59dce6a8acf7c9f9c046555fa2ebc76cf2634afdc5363bd9a,0x833589fcd6edb6e08f4c7c32d4f71b54bda02913,USDC,6,2026-07-20,1891,1
0x6763ac78b18c40e59dce6a8acf7c9f9c046555fa2ebc76cf2634afdc5363bd9a,0x833589fcd6edb6e08f4c7c32d4f71b54bda02913,USDC,6,2026-07-22,-217724,2
0x6763ac78b18c40e59dce6a8acf7c9f9c046555fa2ebc76cf2634afdc5363bd9a,0x833589fcd6edb6e08f4c7c32d4f71b54bda02913,USDC,6,2026-07-23,-35203,1
0x6763ac78b18c40e59dce6a8acf7c9f9c046555fa2ebc76cf2634afdc5363bd9a,0x833589fcd6edb6e08f4c7c32d4f71b54bda02913,USDC,6,2026-07-24,7442,3
0x9dc5b572d9618d1d82e0f6a6c7c7e9da3ff85b9c86b6308abe14440e0e01061e,0x0a4c9cb2778ab3302996a34befcf9a8bc288c33b,XSGD,6,2026-03-30,6448513,2
0x9dc5b572d9618d1d82e0f6a6c7c7e9da3ff85b9c86b6308abe14440e0e01061e,0x0a4c9cb2778ab3302996a34befcf9a8bc288c33b,XSGD,6,2026-04-01,1067566179,15
0x9dc5b572d9618d1d82e0f6a6c7c7e9da3ff85b9c86b6308abe14440e0e01061e,0x0a4c9cb2778ab3302996a34befcf9a8bc288c33b,XSGD,6,2026-04-02,22873441,41
0x9dc5b572d9618d1d82e0f6a6c7c7e9da3ff85b9c86b6308abe14440e0e01061e,0x0a4c9cb2778ab3302996a34befcf9a8bc288c33b,XSGD,6,2026-04-03,32849359,16
0x9dc5b572d9618d1d82e0f6a6c7c7e9da3ff85b9c86b6308abe14440e0e01061e,0x0a4c9cb2778ab3302996a34befcf9a8bc288c33b,XSGD,6,2026-04-04,125323568,14
0x9dc5b572d9618d1d82e0f6a6c7c7e9da3ff85b9c86b6308abe14440e0e01061e,0x0a4c9cb2778ab3302996a34befcf9a8bc288c33b,XSGD,6,2026-04-05,45571831,36
0x9dc5b572d9618d1d82e0f6a6c7c7e9da3ff85b9c86b6308abe14440e0e01061e,0x0a4c9cb2778ab3302996a34befcf9a8bc288c33b,XSGD,6,2026-04-06,4790721217,54
0x9dc5b572d9618d1d82e0f6a6c7c7e9da3ff85b9c86b6308abe14440e0e01061e,0x0a4c9cb2778ab3302996a34befcf9a8bc288c33b,XSGD,6,2026-04-07,-5778937727,50
0x9dc5b572d9618d1d82e0f6a6c7c7e9da3ff85b9c86b6308abe14440e0e01061e,0x0a4c9cb2778ab3302996a34befcf9a8bc288c33b,XSGD,6,2026-04-08,1167634291,32
0x9dc5b572d9618d1d82e0f6a6c7c7e9da3ff85b9c86b6308abe14440e0e01061e,0x0a4c9cb2778ab3302996a34befcf9a8bc288c33b,XSGD,6,2026-04-09,-417909103,15
0x9dc5b572d9618d1d82e0f6a6c7c7e9da3ff85b9c86b6308abe14440e0e01061e,0x0a4c9cb2778ab3302996a34befcf9a8bc288c33b,XSGD,6,2026-04-10,275741993,10
0x9dc5b572d9618d1d82e0f6a6c7c7e9da3ff85b9c86b6308abe14440e0e01061e,0x0a4c9cb2778ab3302996a34befcf9a8bc288c33b,XSGD,6,2026-04-11,594790654,9
0x9dc5b572d9618d1d82e0f6a6c7c7e9da3ff85b9c86b6308abe14440e0e01061e,0x0a4c9cb2778ab3302996a34befcf9a8bc288c33b,XSGD,6,2026-04-12,1016479341,15
0x9dc5b572d9618d1d82e0f6a6c7c7e9da3ff85b9c86b6308abe14440e0e01061e,0x0a4c9cb2778ab3302996a34befcf9a8bc288c33b,XSGD,6,2026-04-13,-1625505294,25
0x9dc5b572d9618d1d82e0f6a6c7c7e9da3ff85b9c86b6308abe14440e0e01061e,0x0a4c9cb2778ab3302996a34befcf9a8bc288c33b,XSGD,6,2026-04-14,-828257649,22
0x9dc5b572d9618d1d82e0f6a6c7c7e9da3ff85b9c86b6308abe14440e0e01061e,0x0a4c9cb2778ab3302996a34befcf9a8bc288c33b,XSGD,6,2026-04-15,-488783076,19
0x9dc5b572d9618d1d82e0f6a6c7c7e9da3ff85b9c86b6308abe14440e0e01061e,0x0a4c9cb2778ab3302996a34befcf9a8bc288c33b,XSGD,6,2026-04-16,953433229,18
0x9dc5b572d9618d1d82e0f6a6c7c7e9da3ff85b9c86b6308abe14440e0e01061e,0x0a4c9cb2778ab3302996a34befcf9a8bc288c33b,XSGD,6,2026-04-17,-952573948,21
0x9dc5b572d9618d1d82e0f6a6c7c7e9da3ff85b9c86b6308abe14440e0e01061e,0x0a4c9cb2778ab3302996a34befcf9a8bc288c33b,XSGD,6,2026-04-18,104754171,8
0x9dc5b572d9618d1d82e0f6a6c7c7e9da3ff85b9c86b6308abe14440e0e01061e,0x0a4c9cb2778ab3302996a34befcf9a8bc288c33b,XSGD,6,2026-04-19,862734460,7
0x9dc5b572d9618d1d82e0f6a6c7c7e9da3ff85b9c86b6308abe14440e0e01061e,0x0a4c9cb2778ab3302996a34befcf9a8bc288c33b,XSGD,6,2026-04-20,-823072247,30
0x9dc5b572d9618d1d82e0f6a6c7c7e9da3ff85b9c86b6308abe14440e0e01061e,0x0a4c9cb2778ab3302996a34befcf9a8bc288c33b,XSGD,6,2026-04-21,1364705165,22
0x9dc5b572d9618d1d82e0f6a6c7c7e9da3ff85b9c86b6308abe14440e0e01061e,0x0a4c9cb2778ab3302996a34befcf9a8bc288c33b,XSGD,6,2026-04-22,1036325035,18
0x9dc5b572d9618d1d82e0f6a6c7c7e9da3ff85b9c86b6308abe14440e0e01061e,0x0a4c9cb2778ab3302996a34befcf9a8bc288c33b,XSGD,6,2026-04-23,276109790,32
0x9dc5b572d9618d1d82e0f6a6c7c7e9da3ff85b9c86b6308abe14440e0e01061e,0x0a4c9cb2778ab3302996a34befcf9a8bc288c33b,XSGD,6,2026-04-24,65552500,15
0x9dc5b572d9618d1d82e0f6a6c7c7e9da3ff85b9c86b6308abe14440e0e01061e,0x0a4c9cb2778ab3302996a34befcf9a8bc288c33b,XSGD,6,2026-04-25,-233362170,18
0x9dc5b572d9618d1d82e0f6a6c7c7e9da3ff85b9c86b6308abe14440e0e01061e,0x0a4c9cb2778ab3302996a34befcf9a8bc288c33b,XSGD,6,2026-04-26,-173999027,8
0x9dc5b572d9618d1d82e0f6a6c7c7e9da3ff85b9c86b6308abe14440e0e01061e,0x0a4c9cb2778ab3302996a34befcf9a8bc288c33b,XSGD,6,2026-04-27,-471689704,11
0x9dc5b572d9618d1d82e0f6a6c7c7e9da3ff85b9c86b6308abe14440e0e01061e,0x0a4c9cb2778ab3302996a34befcf9a8bc288c33b,XSGD,6,2026-04-28,790524056,19
0x9dc5b572d9618d1d82e0f6a6c7c7e9da3ff85b9c86b6308abe14440e0e01061e,0x0a4c9cb2778ab3302996a34befcf9a8bc288c33b,XSGD,6,2026-04-29,826270056,11
0x9dc5b572d9618d1d82e0f6a6c7c7e9da3ff85b9c86b6308abe14440e0e01061e,0x0a4c9cb2778ab3302996a34befcf9a8bc288c33b,XSGD,6,2026-04-30,-1943853621,21
0x9dc5b572d9618d1d82e0f6a6c7c7e9da3ff85b9c86b6308abe14440e0e01061e,0x0a4c9cb2778ab3302996a34befcf9a8bc288c33b,XSGD,6,2026-05-01,-307785839,19
0x9dc5b572d9618d1d82e0f6a6c7c7e9da3ff85b9c86b6308abe14440e0e01061e,0x0a4c9cb2778ab3302996a34befcf9a8bc288c33b,XSGD,6,2026-05-02,329732287,3
0x9dc5b572d9618d1d82e0f6a6c7c7e9da3ff85b9c86b6308abe14440e0e01061e,0x0a4c9cb2778ab3302996a34befcf9a8bc288c33b,XSGD,6,2026-05-03,-199578537,13
0x9dc5b572d9618d1d82e0f6a6c7c7e9da3ff85b9c86b6308abe14440e0e01061e,0x0a4c9cb2778ab3302996a34befcf9a8bc288c33b,XSGD,6,2026-05-04,1540307168,29
0x9dc5b572d9618d1d82e0f6a6c7c7e9da3ff85b9c86b6308abe14440e0e01061e,0x0a4c9cb2778ab3302996a34befcf9a8bc288c33b,XSGD,6,2026-05-05,-1848247019,21
0x9dc5b572d9618d1d82e0f6a6c7c7e9da3ff85b9c86b6308abe14440e0e01061e,0x0a4c9cb2778ab3302996a34befcf9a8bc288c33b,XSGD,6,2026-05-06,117248808,57
0x9dc5b572d9618d1d82e0f6a6c7c7e9da3ff85b9c86b6308abe14440e0e01061e,0x0a4c9cb2778ab3302996a34befcf9a8bc288c33b,XSGD,6,2026-05-07,414094729,58
0x9dc5b572d9618d1d82e0f6a6c7c7e9da3ff85b9c86b6308abe14440e0e01061e,0x0a4c9cb2778ab3302996a34befcf9a8bc288c33b,XSGD,6,2026-05-08,462279815,30
0x9dc5b572d9618d1d82e0f6a6c7c7e9da3ff85b9c86b6308abe14440e0e01061e,0x0a4c9cb2778ab3302996a34befcf9a8bc288c33b,XSGD,6,2026-05-09,216667773,15
0x9dc5b572d9618d1d82e0f6a6c7c7e9da3ff85b9c86b6308abe14440e0e01061e,0x0a4c9cb2778ab3302996a34befcf9a8bc288c33b,XSGD,6,2026-05-10,797885719,60
0x9dc5b572d9618d1d82e0f6a6c7c7e9da3ff85b9c86b6308abe14440e0e01061e,0x0a4c9cb2778ab3302996a34befcf9a8bc288c33b,XSGD,6,2026-05-11,768420908,108
0x9dc5b572d9618d1d82e0f6a6c7c7e9da3ff85b9c86b6308abe14440e0e01061e,0x0a4c9cb2778ab3302996a34befcf9a8bc288c33b,XSGD,6,2026-05-12,229992842,135
0x9dc5b572d9618d1d82e0f6a6c7c7e9da3ff85b9c86b6308abe14440e0e01061e,0x0a4c9cb2778ab3302996a34befcf9a8bc288c33b,XSGD,6,2026-05-13,227294178,72
0x9dc5b572d9618d1d82e0f6a6c7c7e9da3ff85b9c86b6308abe14440e0e01061e,0x0a4c9cb2778ab3302996a34befcf9a8bc288c33b,XSGD,6,2026-05-14,-689858640,134
0x9dc5b572d9618d1d82e0f6a6c7c7e9da3ff85b9c86b6308abe14440e0e01061e,0x0a4c9cb2778ab3302996a34befcf9a8bc288c33b,XSGD,6,2026-05-15,1529540782,77
0x9dc5b572d9618d1d82e0f6a6c7c7e9da3ff85b9c86b6308abe14440e0e01061e,0x0a4c9cb2778ab3302996a34befcf9a8bc288c33b,XSGD,6,2026-05-16,-107880765,80
0x9dc5b572d9618d1d82e0f6a6c7c7e9da3ff85b9c86b6308abe14440e0e01061e,0x0a4c9cb2778ab3302996a34befcf9a8bc288c33b,XSGD,6,2026-05-17,-98068699,49
0x9dc5b572d9618d1d82e0f6a6c7c7e9da3ff85b9c86b6308abe14440e0e01061e,0x0a4c9cb2778ab3302996a34befcf9a8bc288c33b,XSGD,6,2026-05-18,-366101577,75
0x9dc5b572d9618d1d82e0f6a6c7c7e9da3ff85b9c86b6308abe14440e0e01061e,0x0a4c9cb2778ab3302996a34befcf9a8bc288c33b,XSGD,6,2026-05-19,474812132,168
0x9dc5b572d9618d1d82e0f6a6c7c7e9da3ff85b9c86b6308abe14440e0e01061e,0x0a4c9cb2778ab3302996a34befcf9a8bc288c33b,XSGD,6,2026-05-20,-697584347,142
0x9dc5b572d9618d1d82e0f6a6c7c7e9da3ff85b9c86b6308abe14440e0e01061e,0x0a4c9cb2778ab3302996a34befcf9a8bc288c33b,XSGD,6,2026-05-21,-255350385,123
0x9dc5b572d9618d1d82e0f6a6c7c7e9da3ff85b9c86b6308abe14440e0e01061e,0x0a4c9cb2778ab3302996a34befcf9a8bc288c33b,XSGD,6,2026-05-22,30540712,122
0x9dc5b572d9618d1d82e0f6a6c7c7e9da3ff85b9c86b6308abe14440e0e01061e,0x0a4c9cb2778ab3302996a34befcf9a8bc288c33b,XSGD,6,2026-05-23,87155326,121
0x9dc5b572d9618d1d82e0f6a6c7c7e9da3ff85b9c86b6308abe14440e0e01061e,0x0a4c9cb2778ab3302996a34befcf9a8bc288c33b,XSGD,6,2026-05-24,-607259777,168
0x9dc5b572d9618d1d82e0f6a6c7c7e9da3ff85b9c86b6308abe14440e0e01061e,0x0a4c9cb2778ab3302996a34befcf9a8bc288c33b,XSGD,6,2026-05-25,154113087,109
0x9dc5b572d9618d1d82e0f6a6c7c7e9da3ff85b9c86b6308abe14440e0e01061e,0x0a4c9cb2778ab3302996a34befcf9a8bc288c33b,XSGD,6,2026-05-26,-94291000,133
0x9dc5b572d9618d1d82e0f6a6c7c7e9da3ff85b9c86b6308abe14440e0e01061e,0x0a4c9cb2778ab3302996a34befcf9a8bc288c33b,XSGD,6,2026-05-27,625130405,175
0x9dc5b572d9618d1d82e0f6a6c7c7e9da3ff85b9c86b6308abe14440e0e01061e,0x0a4c9cb2778ab3302996a34befcf9a8bc288c33b,XSGD,6,2026-05-28,-551161003,137
0x9dc5b572d9618d1d82e0f6a6c7c7e9da3ff85b9c86b6308abe14440e0e01061e,0x0a4c9cb2778ab3302996a34befcf9a8bc288c33b,XSGD,6,2026-05-29,-160055481,136
0x9dc5b572d9618d1d82e0f6a6c7c7e9da3ff85b9c86b6308abe14440e0e01061e,0x0a4c9cb2778ab3302996a34befcf9a8bc288c33b,XSGD,6,2026-05-30,29540377,71
0x9dc5b572d9618d1d82e0f6a6c7c7e9da3ff85b9c86b6308abe14440e0e01061e,0x0a4c9cb2778ab3302996a34befcf9a8bc288c33b,XSGD,6,2026-05-31,297919282,103
0x9dc5b572d9618d1d82e0f6a6c7c7e9da3ff85b9c86b6308abe14440e0e01061e,0x0a4c9cb2778ab3302996a34befcf9a8bc288c33b,XSGD,6,2026-06-01,290297879,205
0x9dc5b572d9618d1d82e0f6a6c7c7e9da3ff85b9c86b6308abe14440e0e01061e,0x0a4c9cb2778ab3302996a34befcf9a8bc288c33b,XSGD,6,2026-06-02,678259306,846
0x9dc5b572d9618d1d82e0f6a6c7c7e9da3ff85b9c86b6308abe14440e0e01061e,0x0a4c9cb2778ab3302996a34befcf9a8bc288c33b,XSGD,6,2026-06-03,463516271,660
0x9dc5b572d9618d1d82e0f6a6c7c7e9da3ff85b9c86b6308abe14440e0e01061e,0x0a4c9cb2778ab3302996a34befcf9a8bc288c33b,XSGD,6,2026-06-04,-1511045125,802
0x9dc5b572d9618d1d82e0f6a6c7c7e9da3ff85b9c86b6308abe14440e0e01061e,0x0a4c9cb2778ab3302996a34befcf9a8bc288c33b,XSGD,6,2026-06-05,783190252,1280
0x9dc5b572d9618d1d82e0f6a6c7c7e9da3ff85b9c86b6308abe14440e0e01061e,0x0a4c9cb2778ab3302996a34befcf9a8bc288c33b,XSGD,6,2026-06-06,-630881255,995
0x9dc5b572d9618d1d82e0f6a6c7c7e9da3ff85b9c86b6308abe14440e0e01061e,0x0a4c9cb2778ab3302996a34befcf9a8bc288c33b,XSGD,6,2026-06-07,-307893218,677
0x9dc5b572d9618d1d82e0f6a6c7c7e9da3ff85b9c86b6308abe14440e0e01061e,0x0a4c9cb2778ab3302996a34befcf9a8bc288c33b,XSGD,6,2026-06-08,-473611719,424
0x9dc5b572d9618d1d82e0f6a6c7c7e9da3ff85b9c86b6308abe14440e0e01061e,0x0a4c9cb2778ab3302996a34befcf9a8bc288c33b,XSGD,6,2026-06-09,54018843,478
0x9dc5b572d9618d1d82e0f6a6c7c7e9da3ff85b9c86b6308abe14440e0e01061e,0x0a4c9cb2778ab3302996a34befcf9a8bc288c33b,XSGD,6,2026-06-10,-134033419,440
0x9dc5b572d9618d1d82e0f6a6c7c7e9da3ff85b9c86b6308abe14440e0e01061e,0x0a4c9cb2778ab3302996a34befcf9a8bc288c33b,XSGD,6,2026-06-11,866029994,375
0x9dc5b572d9618d1d82e0f6a6c7c7e9da3ff85b9c86b6308abe14440e0e01061e,0x0a4c9cb2778ab3302996a34befcf9a8bc288c33b,XSGD,6,2026-06-12,-384102771,217
0x9dc5b572d9618d1d82e0f6a6c7c7e9da3ff85b9c86b6308abe14440e0e01061e,0x0a4c9cb2778ab3302996a34befcf9a8bc288c33b,XSGD,6,2026-06-13,-30707229,84
0x9dc5b572d9618d1d82e0f6a6c7c7e9da3ff85b9c86b6308abe14440e0e01061e,0x0a4c9cb2778ab3302996a34befcf9a8bc288c33b,XSGD,6,2026-06-14,-486942131,164
0x9dc5b572d9618d1d82e0f6a6c7c7e9da3ff85b9c86b6308abe14440e0e01061e,0x0a4c9cb2778ab3302996a34befcf9a8bc288c33b,XSGD,6,2026-06-15,235824841,239
0x9dc5b572d9618d1d82e0f6a6c7c7e9da3ff85b9c86b6308abe14440e0e01061e,0x0a4c9cb2778ab3302996a34befcf9a8bc288c33b,XSGD,6,2026-06-16,17697294,274
0x9dc5b572d9618d1d82e0f6a6c7c7e9da3ff85b9c86b6308abe14440e0e01061e,0x0a4c9cb2778ab3302996a34befcf9a8bc288c33b,XSGD,6,2026-06-17,598590039,537
0x9dc5b572d9618d1d82e0f6a6c7c7e9da3ff85b9c86b6308abe14440e0e01061e,0x0a4c9cb2778ab3302996a34befcf9a8bc288c33b,XSGD,6,2026-06-18,612669146,404
0x9dc5b572d9618d1d82e0f6a6c7c7e9da3ff85b9c86b6308abe14440e0e01061e,0x0a4c9cb2778ab3302996a34befcf9a8bc288c33b,XSGD,6,2026-06-19,107906546,299
0x9dc5b572d9618d1d82e0f6a6c7c7e9da3ff85b9c86b6308abe14440e0e01061e,0x0a4c9cb2778ab3302996a34befcf9a8bc288c33b,XSGD,6,2026-06-20,313310187,176
0x9dc5b572d9618d1d82e0f6a6c7c7e9da3ff85b9c86b6308abe14440e0e01061e,0x0a4c9cb2778ab3302996a34befcf9a8bc288c33b,XSGD,6,2026-06-21,303768726,252
0x9dc5b572d9618d1d82e0f6a6c7c7e9da3ff85b9c86b6308abe14440e0e01061e,0x0a4c9cb2778ab3302996a34befcf9a8bc288c33b,XSGD,6,2026-06-22,-198021664,331
0x9dc5b572d9618d1d82e0f6a6c7c7e9da3ff85b9c86b6308abe14440e0e01061e,0x0a4c9cb2778ab3302996a34befcf9a8bc288c33b,XSGD,6,2026-06-23,238588001,423
0x9dc5b572d9618d1d82e0f6a6c7c7e9da3ff85b9c86b6308abe14440e0e01061e,0x0a4c9cb2778ab3302996a34befcf9a8bc288c33b,XSGD,6,2026-06-24,717628227,693
0x9dc5b572d9618d1d82e0f6a6c7c7e9da3ff85b9c86b6308abe14440e0e01061e,0x0a4c9cb2778ab3302996a34befcf9a8bc288c33b,XSGD,6,2026-06-25,-23759046,849
0x9dc5b572d9618d1d82e0f6a6c7c7e9da3ff85b9c86b6308abe14440e0e01061e,0x0a4c9cb2778ab3302996a34befcf9a8bc288c33b,XSGD,6,2026-06-26,471238106,542
0x9dc5b572d9618d1d82e0f6a6c7c7e9da3ff85b9c86b6308abe14440e0e01061e,0x0a4c9cb2778ab3302996a34befcf9a8bc288c33b,XSGD,6,2026-06-27,-21583570,243
0x9dc5b572d9618d1d82e0f6a6c7c7e9da3ff85b9c86b6308abe14440e0e01061e,0x0a4c9cb2778ab3302996a34befcf9a8bc288c33b,XSGD,6,2026-06-28,-849304460,484
0x9dc5b572d9618d1d82e0f6a6c7c7e9da3ff85b9c86b6308abe14440e0e01061e,0x0a4c9cb2778ab3302996a34befcf9a8bc288c33b,XSGD,6,2026-06-29,-53035203,634
0x9dc5b572d9618d1d82e0f6a6c7c7e9da3ff85b9c86b6308abe14440e0e01061e,0x0a4c9cb2778ab3302996a34befcf9a8bc288c33b,XSGD,6,2026-06-30,1718162524,454
0x9dc5b572d9618d1d82e0f6a6c7c7e9da3ff85b9c86b6308abe14440e0e01061e,0x0a4c9cb2778ab3302996a34befcf9a8bc288c33b,XSGD,6,2026-07-01,-742402772,665
0x9dc5b572d9618d1d82e0f6a6c7c7e9da3ff85b9c86b6308abe14440e0e01061e,0x0a4c9cb2778ab3302996a34befcf9a8bc288c33b,XSGD,6,2026-07-02,-1878723245,609
0x9dc5b572d9618d1d82e0f6a6c7c7e9da3ff85b9c86b6308abe14440e0e01061e,0x0a4c9cb2778ab3302996a34befcf9a8bc288c33b,XSGD,6,2026-07-03,-26406908,424
0x9dc5b572d9618d1d82e0f6a6c7c7e9da3ff85b9c86b6308abe14440e0e01061e,0x0a4c9cb2778ab3302996a34befcf9a8bc288c33b,XSGD,6,2026-07-04,440654456,370
0x9dc5b572d9618d1d82e0f6a6c7c7e9da3ff85b9c86b6308abe14440e0e01061e,0x0a4c9cb2778ab3302996a34befcf9a8bc288c33b,XSGD,6,2026-07-05,109787973,376
0x9dc5b572d9618d1d82e0f6a6c7c7e9da3ff85b9c86b6308abe14440e0e01061e,0x0a4c9cb2778ab3302996a34befcf9a8bc288c33b,XSGD,6,2026-07-06,-290751129,529
0x9dc5b572d9618d1d82e0f6a6c7c7e9da3ff85b9c86b6308abe14440e0e01061e,0x0a4c9cb2778ab3302996a34befcf9a8bc288c33b,XSGD,6,2026-07-07,205224048,420
0x9dc5b572d9618d1d82e0f6a6c7c7e9da3ff85b9c86b6308abe14440e0e01061e,0x0a4c9cb2778ab3302996a34befcf9a8bc288c33b,XSGD,6,2026-07-08,311141117,475
0x9dc5b572d9618d1d82e0f6a6c7c7e9da3ff85b9c86b6308abe14440e0e01061e,0x0a4c9cb2778ab3302996a34befcf9a8bc288c33b,XSGD,6,2026-07-09,-1194432493,388
0x9dc5b572d9618d1d82e0f6a6c7c7e9da3ff85b9c86b6308abe14440e0e01061e,0x0a4c9cb2778ab3302996a34befcf9a8bc288c33b,XSGD,6,2026-07-10,1089109982,228
0x9dc5b572d9618d1d82e0f6a6c7c7e9da3ff85b9c86b6308abe14440e0e01061e,0x0a4c9cb2778ab3302996a34befcf9a8bc288c33b,XSGD,6,2026-07-11,424066366,276
0x9dc5b572d9618d1d82e0f6a6c7c7e9da3ff85b9c86b6308abe14440e0e01061e,0x0a4c9cb2778ab3302996a34befcf9a8bc288c33b,XSGD,6,2026-07-12,969616240,538
0x9dc5b572d9618d1d82e0f6a6c7c7e9da3ff85b9c86b6308abe14440e0e01061e,0x0a4c9cb2778ab3302996a34befcf9a8bc288c33b,XSGD,6,2026-07-13,26931677,460
0x9dc5b572d9618d1d82e0f6a6c7c7e9da3ff85b9c86b6308abe14440e0e01061e,0x0a4c9cb2778ab3302996a34befcf9a8bc288c33b,XSGD,6,2026-07-14,-2478841266,477
0x9dc5b572d9618d1d82e0f6a6c7c7e9da3ff85b9c86b6308abe14440e0e01061e,0x0a4c9cb2778ab3302996a34befcf9a8bc288c33b,XSGD,6,2026-07-15,-1159692212,431
0x9dc5b572d9618d1d82e0f6a6c7c7e9da3ff85b9c86b6308abe14440e0e01061e,0x0a4c9cb2778ab3302996a34befcf9a8bc288c33b,XSGD,6,2026-07-16,1651648108,494
0x9dc5b572d9618d1d82e0f6a6c7c7e9da3ff85b9c86b6308abe14440e0e01061e,0x0a4c9cb2778ab3302996a34befcf9a8bc288c33b,XSGD,6,2026-07-17,127831178,316
0x9dc5b572d9618d1d82e0f6a6c7c7e9da3ff85b9c86b6308abe14440e0e01061e,0x0a4c9cb2778ab3302996a34befcf9a8bc288c33b,XSGD,6,2026-07-18,195715716,117
0x9dc5b572d9618d1d82e0f6a6c7c7e9da3ff85b9c86b6308abe14440e0e01061e,0x0a4c9cb2778ab3302996a34befcf9a8bc288c33b,XSGD,6,2026-07-19,1202042652,307
0x9dc5b572d9618d1d82e0f6a6c7c7e9da3ff85b9c86b6308abe14440e0e01061e,0x0a4c9cb2778ab3302996a34befcf9a8bc288c33b,XSGD,6,2026-07-20,-259081226,471
0x9dc5b572d9618d1d82e0f6a6c7c7e9da3ff85b9c86b6308abe14440e0e01061e,0x0a4c9cb2778ab3302996a34befcf9a8bc288c33b,XSGD,6,2026-07-21,835662664,340
0x9dc5b572d9618d1d82e0f6a6c7c7e9da3ff85b9c86b6308abe14440e0e01061e,0x0a4c9cb2778ab3302996a34befcf9a8bc288c33b,XSGD,6,2026-07-22,-2375656561,418
0x9dc5b572d9618d1d82e0f6a6c7c7e9da3ff85b9c86b6308abe14440e0e01061e,0x0a4c9cb2778ab3302996a34befcf9a8bc288c33b,XSGD,6,2026-07-23,2263613890,468
0x9dc5b572d9618d1d82e0f6a6c7c7e9da3ff85b9c86b6308abe14440e0e01061e,0x0a4c9cb2778ab3302996a34befcf9a8bc288c33b,XSGD,6,2026-07-24,-1135723825,400
0x9dc5b572d9618d1d82e0f6a6c7c7e9da3ff85b9c86b6308abe14440e0e01061e,0x833589fcd6edb6e08f4c7c32d4f71b54bda02913,USDC,6,2026-03-30,5783312,2
0x9dc5b572d9618d1d82e0f6a6c7c7e9da3ff85b9c86b6308abe14440e0e01061e,0x833589fcd6edb6e08f4c7c32d4f71b54bda02913,USDC,6,2026-04-01,571170931,15
0x9dc5b572d9618d1d82e0f6a6c7c7e9da3ff85b9c86b6308abe14440e0e01061e,0x833589fcd6edb6e08f4c7c32d4f71b54bda02913,USDC,6,2026-04-02,-17798018,41
0x9dc5b572d9618d1d82e0f6a6c7c7e9da3ff85b9c86b6308abe14440e0e01061e,0x833589fcd6edb6e08f4c7c32d4f71b54bda02913,USDC,6,2026-04-03,-25552419,16
0x9dc5b572d9618d1d82e0f6a6c7c7e9da3ff85b9c86b6308abe14440e0e01061e,0x833589fcd6edb6e08f4c7c32d4f71b54bda02913,USDC,6,2026-04-04,-97399035,14
0x9dc5b572d9618d1d82e0f6a6c7c7e9da3ff85b9c86b6308abe14440e0e01061e,0x833589fcd6edb6e08f4c7c32d4f71b54bda02913,USDC,6,2026-04-05,161629386,36
0x9dc5b572d9618d1d82e0f6a6c7c7e9da3ff85b9c86b6308abe14440e0e01061e,0x833589fcd6edb6e08f4c7c32d4f71b54bda02913,USDC,6,2026-04-06,2224360384,54
0x9dc5b572d9618d1d82e0f6a6c7c7e9da3ff85b9c86b6308abe14440e0e01061e,0x833589fcd6edb6e08f4c7c32d4f71b54bda02913,USDC,6,2026-04-07,6682344423,50
0x9dc5b572d9618d1d82e0f6a6c7c7e9da3ff85b9c86b6308abe14440e0e01061e,0x833589fcd6edb6e08f4c7c32d4f71b54bda02913,USDC,6,2026-04-08,-8776107174,32
0x9dc5b572d9618d1d82e0f6a6c7c7e9da3ff85b9c86b6308abe14440e0e01061e,0x833589fcd6edb6e08f4c7c32d4f71b54bda02913,USDC,6,2026-04-09,327964563,15
0x9dc5b572d9618d1d82e0f6a6c7c7e9da3ff85b9c86b6308abe14440e0e01061e,0x833589fcd6edb6e08f4c7c32d4f71b54bda02913,USDC,6,2026-04-10,-216433894,10
0x9dc5b572d9618d1d82e0f6a6c7c7e9da3ff85b9c86b6308abe14440e0e01061e,0x833589fcd6edb6e08f4c7c32d4f71b54bda02913,USDC,6,2026-04-11,459706773,9
0x9dc5b572d9618d1d82e0f6a6c7c7e9da3ff85b9c86b6308abe14440e0e01061e,0x833589fcd6edb6e08f4c7c32d4f71b54bda02913,USDC,6,2026-04-12,-796951428,15
0x9dc5b572d9618d1d82e0f6a6c7c7e9da3ff85b9c86b6308abe14440e0e01061e,0x833589fcd6edb6e08f4c7c32d4f71b54bda02913,USDC,6,2026-04-13,1275097790,25
0x9dc5b572d9618d1d82e0f6a6c7c7e9da3ff85b9c86b6308abe14440e0e01061e,0x833589fcd6edb6e08f4c7c32d4f71b54bda02913,USDC,6,2026-04-14,651049715,22
0x9dc5b572d9618d1d82e0f6a6c7c7e9da3ff85b9c86b6308abe14440e0e01061e,0x833589fcd6edb6e08f4c7c32d4f71b54bda02913,USDC,6,2026-04-15,384632053,19
0x9dc5b572d9618d1d82e0f6a6c7c7e9da3ff85b9c86b6308abe14440e0e01061e,0x833589fcd6edb6e08f4c7c32d4f71b54bda02913,USDC,6,2026-04-16,-749980498,18
0x9dc5b572d9618d1d82e0f6a6c7c7e9da3ff85b9c86b6308abe14440e0e01061e,0x833589fcd6edb6e08f4c7c32d4f71b54bda02913,USDC,6,2026-04-17,749304017,21
0x9dc5b572d9618d1d82e0f6a6c7c7e9da3ff85b9c86b6308abe14440e0e01061e,0x833589fcd6edb6e08f4c7c32d4f71b54bda02913,USDC,6,2026-04-18,-82459741,8
0x9dc5b572d9618d1d82e0f6a6c7c7e9da3ff85b9c86b6308abe14440e0e01061e,0x833589fcd6edb6e08f4c7c32d4f71b54bda02913,USDC,6,2026-04-19,-678566781,7
0x9dc5b572d9618d1d82e0f6a6c7c7e9da3ff85b9c86b6308abe14440e0e01061e,0x833589fcd6edb6e08f4c7c32d4f71b54bda02913,USDC,6,2026-04-20,-279860796,30
0x9dc5b572d9618d1d82e0f6a6c7c7e9da3ff85b9c86b6308abe14440e0e01061e,0x833589fcd6edb6e08f4c7c32d4f71b54bda02913,USDC,6,2026-04-21,-64420278,22
0x9dc5b572d9618d1d82e0f6a6c7c7e9da3ff85b9c86b6308abe14440e0e01061e,0x833589fcd6edb6e08f4c7c32d4f71b54bda02913,USDC,6,2026-04-22,-813312364,18
0x9dc5b572d9618d1d82e0f6a6c7c7e9da3ff85b9c86b6308abe14440e0e01061e,0x833589fcd6edb6e08f4c7c32d4f71b54bda02913,USDC,6,2026-04-23,-216385819,32
0x9dc5b572d9618d1d82e0f6a6c7c7e9da3ff85b9c86b6308abe14440e0e01061e,0x833589fcd6edb6e08f4c7c32d4f71b54bda02913,USDC,6,2026-04-24,-51354251,15
0x9dc5b572d9618d1d82e0f6a6c7c7e9da3ff85b9c86b6308abe14440e0e01061e,0x833589fcd6edb6e08f4c7c32d4f71b54bda02913,USDC,6,2026-04-25,182850481,18
0x9dc5b572d9618d1d82e0f6a6c7c7e9da3ff85b9c86b6308abe14440e0e01061e,0x833589fcd6edb6e08f4c7c32d4f71b54bda02913,USDC,6,2026-04-26,661643011,8
0x9dc5b572d9618d1d82e0f6a6c7c7e9da3ff85b9c86b6308abe14440e0e01061e,0x833589fcd6edb6e08f4c7c32d4f71b54bda02913,USDC,6,2026-04-27,370044995,11
0x9dc5b572d9618d1d82e0f6a6c7c7e9da3ff85b9c86b6308abe14440e0e01061e,0x833589fcd6edb6e08f4c7c32d4f71b54bda02913,USDC,6,2026-04-28,-619966809,19
0x9dc5b572d9618d1d82e0f6a6c7c7e9da3ff85b9c86b6308abe14440e0e01061e,0x833589fcd6edb6e08f4c7c32d4f71b54bda02913,USDC,6,2026-04-29,-646756823,11
0x9dc5b572d9618d1d82e0f6a6c7c7e9da3ff85b9c86b6308abe14440e0e01061e,0x833589fcd6edb6e08f4c7c32d4f71b54bda02913,USDC,6,2026-04-30,1523519397,21
0x9dc5b572d9618d1d82e0f6a6c7c7e9da3ff85b9c86b6308abe14440e0e01061e,0x833589fcd6edb6e08f4c7c32d4f71b54bda02913,USDC,6,2026-05-01,241823385,19
0x9dc5b572d9618d1d82e0f6a6c7c7e9da3ff85b9c86b6308abe14440e0e01061e,0x833589fcd6edb6e08f4c7c32d4f71b54bda02913,USDC,6,2026-05-02,-259060476,3
0x9dc5b572d9618d1d82e0f6a6c7c7e9da3ff85b9c86b6308abe14440e0e01061e,0x833589fcd6edb6e08f4c7c32d4f71b54bda02913,USDC,6,2026-05-03,188043658,13
0x9dc5b572d9618d1d82e0f6a6c7c7e9da3ff85b9c86b6308abe14440e0e01061e,0x833589fcd6edb6e08f4c7c32d4f71b54bda02913,USDC,6,2026-05-04,-1208374215,29
0x9dc5b572d9618d1d82e0f6a6c7c7e9da3ff85b9c86b6308abe14440e0e01061e,0x833589fcd6edb6e08f4c7c32d4f71b54bda02913,USDC,6,2026-05-05,1450419329,21
0x9dc5b572d9618d1d82e0f6a6c7c7e9da3ff85b9c86b6308abe14440e0e01061e,0x833589fcd6edb6e08f4c7c32d4f71b54bda02913,USDC,6,2026-05-06,-613225357,57
0x9dc5b572d9618d1d82e0f6a6c7c7e9da3ff85b9c86b6308abe14440e0e01061e,0x833589fcd6edb6e08f4c7c32d4f71b54bda02913,USDC,6,2026-05-07,-326671293,58
0x9dc5b572d9618d1d82e0f6a6c7c7e9da3ff85b9c86b6308abe14440e0e01061e,0x833589fcd6edb6e08f4c7c32d4f71b54bda02913,USDC,6,2026-05-08,1021686902,30
0x9dc5b572d9618d1d82e0f6a6c7c7e9da3ff85b9c86b6308abe14440e0e01061e,0x833589fcd6edb6e08f4c7c32d4f71b54bda02913,USDC,6,2026-05-09,684210609,15
0x9dc5b572d9618d1d82e0f6a6c7c7e9da3ff85b9c86b6308abe14440e0e01061e,0x833589fcd6edb6e08f4c7c32d4f71b54bda02913,USDC,6,2026-05-10,-629387405,60
0x9dc5b572d9618d1d82e0f6a6c7c7e9da3ff85b9c86b6308abe14440e0e01061e,0x833589fcd6edb6e08f4c7c32d4f71b54bda02913,USDC,6,2026-05-11,-605222523,108
0x9dc5b572d9618d1d82e0f6a6c7c7e9da3ff85b9c86b6308abe14440e0e01061e,0x833589fcd6edb6e08f4c7c32d4f71b54bda02913,USDC,6,2026-05-12,-180970928,135
0x9dc5b572d9618d1d82e0f6a6c7c7e9da3ff85b9c86b6308abe14440e0e01061e,0x833589fcd6edb6e08f4c7c32d4f71b54bda02913,USDC,6,2026-05-13,-178768042,72
0x9dc5b572d9618d1d82e0f6a6c7c7e9da3ff85b9c86b6308abe14440e0e01061e,0x833589fcd6edb6e08f4c7c32d4f71b54bda02913,USDC,6,2026-05-14,527365771,134
0x9dc5b572d9618d1d82e0f6a6c7c7e9da3ff85b9c86b6308abe14440e0e01061e,0x833589fcd6edb6e08f4c7c32d4f71b54bda02913,USDC,6,2026-05-15,836027686,77
0x9dc5b572d9618d1d82e0f6a6c7c7e9da3ff85b9c86b6308abe14440e0e01061e,0x833589fcd6edb6e08f4c7c32d4f71b54bda02913,USDC,6,2026-05-16,84368557,80
0x9dc5b572d9618d1d82e0f6a6c7c7e9da3ff85b9c86b6308abe14440e0e01061e,0x833589fcd6edb6e08f4c7c32d4f71b54bda02913,USDC,6,2026-05-17,-571481114,49
0x9dc5b572d9618d1d82e0f6a6c7c7e9da3ff85b9c86b6308abe14440e0e01061e,0x833589fcd6edb6e08f4c7c32d4f71b54bda02913,USDC,6,2026-05-18,286184748,75
0x9dc5b572d9618d1d82e0f6a6c7c7e9da3ff85b9c86b6308abe14440e0e01061e,0x833589fcd6edb6e08f4c7c32d4f71b54bda02913,USDC,6,2026-05-19,-371101769,168
0x9dc5b572d9618d1d82e0f6a6c7c7e9da3ff85b9c86b6308abe14440e0e01061e,0x833589fcd6edb6e08f4c7c32d4f71b54bda02913,USDC,6,2026-05-20,545404897,142
0x9dc5b572d9618d1d82e0f6a6c7c7e9da3ff85b9c86b6308abe14440e0e01061e,0x833589fcd6edb6e08f4c7c32d4f71b54bda02913,USDC,6,2026-05-21,-293063194,123
0x9dc5b572d9618d1d82e0f6a6c7c7e9da3ff85b9c86b6308abe14440e0e01061e,0x833589fcd6edb6e08f4c7c32d4f71b54bda02913,USDC,6,2026-05-22,-23896226,122
0x9dc5b572d9618d1d82e0f6a6c7c7e9da3ff85b9c86b6308abe14440e0e01061e,0x833589fcd6edb6e08f4c7c32d4f71b54bda02913,USDC,6,2026-05-23,-68179814,121
0x9dc5b572d9618d1d82e0f6a6c7c7e9da3ff85b9c86b6308abe14440e0e01061e,0x833589fcd6edb6e08f4c7c32d4f71b54bda02913,USDC,6,2026-05-24,475473882,168
0x9dc5b572d9618d1d82e0f6a6c7c7e9da3ff85b9c86b6308abe14440e0e01061e,0x833589fcd6edb6e08f4c7c32d4f71b54bda02913,USDC,6,2026-05-25,-120762369,109
0x9dc5b572d9618d1d82e0f6a6c7c7e9da3ff85b9c86b6308abe14440e0e01061e,0x833589fcd6edb6e08f4c7c32d4f71b54bda02913,USDC,6,2026-05-26,89395617,133
0x9dc5b572d9618d1d82e0f6a6c7c7e9da3ff85b9c86b6308abe14440e0e01061e,0x833589fcd6edb6e08f4c7c32d4f71b54bda02913,USDC,6,2026-05-27,-489366831,175
0x9dc5b572d9618d1d82e0f6a6c7c7e9da3ff85b9c86b6308abe14440e0e01061e,0x833589fcd6edb6e08f4c7c32d4f71b54bda02913,USDC,6,2026-05-28,415891451,137
0x9dc5b572d9618d1d82e0f6a6c7c7e9da3ff85b9c86b6308abe14440e0e01061e,0x833589fcd6edb6e08f4c7c32d4f71b54bda02913,USDC,6,2026-05-29,125428904,136
0x9dc5b572d9618d1d82e0f6a6c7c7e9da3ff85b9c86b6308abe14440e0e01061e,0x833589fcd6edb6e08f4c7c32d4f71b54bda02913,USDC,6,2026-05-30,-23154803,71
0x9dc5b572d9618d1d82e0f6a6c7c7e9da3ff85b9c86b6308abe14440e0e01061e,0x833589fcd6edb6e08f4c7c32d4f71b54bda02913,USDC,6,2026-05-31,-233387658,103
0x9dc5b572d9618d1d82e0f6a6c7c7e9da3ff85b9c86b6308abe14440e0e01061e,0x833589fcd6edb6e08f4c7c32d4f71b54bda02913,USDC,6,2026-06-01,-227186116,205
0x9dc5b572d9618d1d82e0f6a6c7c7e9da3ff85b9c86b6308abe14440e0e01061e,0x833589fcd6edb6e08f4c7c32d4f71b54bda02913,USDC,6,2026-06-02,1310881177,846
0x9dc5b572d9618d1d82e0f6a6c7c7e9da3ff85b9c86b6308abe14440e0e01061e,0x833589fcd6edb6e08f4c7c32d4f71b54bda02913,USDC,6,2026-06-03,-2202225489,660
0x9dc5b572d9618d1d82e0f6a6c7c7e9da3ff85b9c86b6308abe14440e0e01061e,0x833589fcd6edb6e08f4c7c32d4f71b54bda02913,USDC,6,2026-06-04,133000348,802
0x9dc5b572d9618d1d82e0f6a6c7c7e9da3ff85b9c86b6308abe14440e0e01061e,0x833589fcd6edb6e08f4c7c32d4f71b54bda02913,USDC,6,2026-06-05,-607762263,1280
0x9dc5b572d9618d1d82e0f6a6c7c7e9da3ff85b9c86b6308abe14440e0e01061e,0x833589fcd6edb6e08f4c7c32d4f71b54bda02913,USDC,6,2026-06-06,998691999,995
0x9dc5b572d9618d1d82e0f6a6c7c7e9da3ff85b9c86b6308abe14440e0e01061e,0x833589fcd6edb6e08f4c7c32d4f71b54bda02913,USDC,6,2026-06-07,-262245607,677
0x9dc5b572d9618d1d82e0f6a6c7c7e9da3ff85b9c86b6308abe14440e0e01061e,0x833589fcd6edb6e08f4c7c32d4f71b54bda02913,USDC,6,2026-06-08,367528926,424
0x9dc5b572d9618d1d82e0f6a6c7c7e9da3ff85b9c86b6308abe14440e0e01061e,0x833589fcd6edb6e08f4c7c32d4f71b54bda02913,USDC,6,2026-06-09,-41967336,478
0x9dc5b572d9618d1d82e0f6a6c7c7e9da3ff85b9c86b6308abe14440e0e01061e,0x833589fcd6edb6e08f4c7c32d4f71b54bda02913,USDC,6,2026-06-10,104153553,440
0x9dc5b572d9618d1d82e0f6a6c7c7e9da3ff85b9c86b6308abe14440e0e01061e,0x833589fcd6edb6e08f4c7c32d4f71b54bda02913,USDC,6,2026-06-11,135759029,375
0x9dc5b572d9618d1d82e0f6a6c7c7e9da3ff85b9c86b6308abe14440e0e01061e,0x833589fcd6edb6e08f4c7c32d4f71b54bda02913,USDC,6,2026-06-12,298972929,217
0x9dc5b572d9618d1d82e0f6a6c7c7e9da3ff85b9c86b6308abe14440e0e01061e,0x833589fcd6edb6e08f4c7c32d4f71b54bda02913,USDC,6,2026-06-13,23922097,84
0x9dc5b572d9618d1d82e0f6a6c7c7e9da3ff85b9c86b6308abe14440e0e01061e,0x833589fcd6edb6e08f4c7c32d4f71b54bda02913,USDC,6,2026-06-14,379754911,164
0x9dc5b572d9618d1d82e0f6a6c7c7e9da3ff85b9c86b6308abe14440e0e01061e,0x833589fcd6edb6e08f4c7c32d4f71b54bda02913,USDC,6,2026-06-15,-184010367,239
0x9dc5b572d9618d1d82e0f6a6c7c7e9da3ff85b9c86b6308abe14440e0e01061e,0x833589fcd6edb6e08f4c7c32d4f71b54bda02913,USDC,6,2026-06-16,-13801638,274
0x9dc5b572d9618d1d82e0f6a6c7c7e9da3ff85b9c86b6308abe14440e0e01061e,0x833589fcd6edb6e08f4c7c32d4f71b54bda02913,USDC,6,2026-06-17,-466226662,537
0x9dc5b572d9618d1d82e0f6a6c7c7e9da3ff85b9c86b6308abe14440e0e01061e,0x833589fcd6edb6e08f4c7c32d4f71b54bda02913,USDC,6,2026-06-18,-467939466,404
0x9dc5b572d9618d1d82e0f6a6c7c7e9da3ff85b9c86b6308abe14440e0e01061e,0x833589fcd6edb6e08f4c7c32d4f71b54bda02913,USDC,6,2026-06-19,-91630689,299
0x9dc5b572d9618d1d82e0f6a6c7c7e9da3ff85b9c86b6308abe14440e0e01061e,0x833589fcd6edb6e08f4c7c32d4f71b54bda02913,USDC,6,2026-06-20,-236363073,176
0x9dc5b572d9618d1d82e0f6a6c7c7e9da3ff85b9c86b6308abe14440e0e01061e,0x833589fcd6edb6e08f4c7c32d4f71b54bda02913,USDC,6,2026-06-21,-234893083,252
0x9dc5b572d9618d1d82e0f6a6c7c7e9da3ff85b9c86b6308abe14440e0e01061e,0x833589fcd6edb6e08f4c7c32d4f71b54bda02913,USDC,6,2026-06-22,124712062,331
0x9dc5b572d9618d1d82e0f6a6c7c7e9da3ff85b9c86b6308abe14440e0e01061e,0x833589fcd6edb6e08f4c7c32d4f71b54bda02913,USDC,6,2026-06-23,-178419944,423
0x9dc5b572d9618d1d82e0f6a6c7c7e9da3ff85b9c86b6308abe14440e0e01061e,0x833589fcd6edb6e08f4c7c32d4f71b54bda02913,USDC,6,2026-06-24,1949455727,693
0x9dc5b572d9618d1d82e0f6a6c7c7e9da3ff85b9c86b6308abe14440e0e01061e,0x833589fcd6edb6e08f4c7c32d4f71b54bda02913,USDC,6,2026-06-25,18327628,849
0x9dc5b572d9618d1d82e0f6a6c7c7e9da3ff85b9c86b6308abe14440e0e01061e,0x833589fcd6edb6e08f4c7c32d4f71b54bda02913,USDC,6,2026-06-26,-248006455,542
0x9dc5b572d9618d1d82e0f6a6c7c7e9da3ff85b9c86b6308abe14440e0e01061e,0x833589fcd6edb6e08f4c7c32d4f71b54bda02913,USDC,6,2026-06-27,16667120,243
0x9dc5b572d9618d1d82e0f6a6c7c7e9da3ff85b9c86b6308abe14440e0e01061e,0x833589fcd6edb6e08f4c7c32d4f71b54bda02913,USDC,6,2026-06-28,470954334,484
0x9dc5b572d9618d1d82e0f6a6c7c7e9da3ff85b9c86b6308abe14440e0e01061e,0x833589fcd6edb6e08f4c7c32d4f71b54bda02913,USDC,6,2026-06-29,121047091,634
0x9dc5b572d9618d1d82e0f6a6c7c7e9da3ff85b9c86b6308abe14440e0e01061e,0x833589fcd6edb6e08f4c7c32d4f71b54bda02913,USDC,6,2026-06-30,-1309180617,454
0x9dc5b572d9618d1d82e0f6a6c7c7e9da3ff85b9c86b6308abe14440e0e01061e,0x833589fcd6edb6e08f4c7c32d4f71b54bda02913,USDC,6,2026-07-01,575836421,665
0x9dc5b572d9618d1d82e0f6a6c7c7e9da3ff85b9c86b6308abe14440e0e01061e,0x833589fcd6edb6e08f4c7c32d4f71b54bda02913,USDC,6,2026-07-02,1452658942,609
0x9dc5b572d9618d1d82e0f6a6c7c7e9da3ff85b9c86b6308abe14440e0e01061e,0x833589fcd6edb6e08f4c7c32d4f71b54bda02913,USDC,6,2026-07-03,20449951,424
0x9dc5b572d9618d1d82e0f6a6c7c7e9da3ff85b9c86b6308abe14440e0e01061e,0x833589fcd6edb6e08f4c7c32d4f71b54bda02913,USDC,6,2026-07-04,-341134705,370
0x9dc5b572d9618d1d82e0f6a6c7c7e9da3ff85b9c86b6308abe14440e0e01061e,0x833589fcd6edb6e08f4c7c32d4f71b54bda02913,USDC,6,2026-07-05,-84954774,376
0x9dc5b572d9618d1d82e0f6a6c7c7e9da3ff85b9c86b6308abe14440e0e01061e,0x833589fcd6edb6e08f4c7c32d4f71b54bda02913,USDC,6,2026-07-06,225018599,529
0x9dc5b572d9618d1d82e0f6a6c7c7e9da3ff85b9c86b6308abe14440e0e01061e,0x833589fcd6edb6e08f4c7c32d4f71b54bda02913,USDC,6,2026-07-07,-158838397,420
0x9dc5b572d9618d1d82e0f6a6c7c7e9da3ff85b9c86b6308abe14440e0e01061e,0x833589fcd6edb6e08f4c7c32d4f71b54bda02913,USDC,6,2026-07-08,-240714411,475
0x9dc5b572d9618d1d82e0f6a6c7c7e9da3ff85b9c86b6308abe14440e0e01061e,0x833589fcd6edb6e08f4c7c32d4f71b54bda02913,USDC,6,2026-07-09,924739618,388
0x9dc5b572d9618d1d82e0f6a6c7c7e9da3ff85b9c86b6308abe14440e0e01061e,0x833589fcd6edb6e08f4c7c32d4f71b54bda02913,USDC,6,2026-07-10,-122714167,228
0x9dc5b572d9618d1d82e0f6a6c7c7e9da3ff85b9c86b6308abe14440e0e01061e,0x833589fcd6edb6e08f4c7c32d4f71b54bda02913,USDC,6,2026-07-11,73254325,276
0x9dc5b572d9618d1d82e0f6a6c7c7e9da3ff85b9c86b6308abe14440e0e01061e,0x833589fcd6edb6e08f4c7c32d4f71b54bda02913,USDC,6,2026-07-12,-882863515,538
0x9dc5b572d9618d1d82e0f6a6c7c7e9da3ff85b9c86b6308abe14440e0e01061e,0x833589fcd6edb6e08f4c7c32d4f71b54bda02913,USDC,6,2026-07-13,10121278,460
0x9dc5b572d9618d1d82e0f6a6c7c7e9da3ff85b9c86b6308abe14440e0e01061e,0x833589fcd6edb6e08f4c7c32d4f71b54bda02913,USDC,6,2026-07-14,885830541,477
0x9dc5b572d9618d1d82e0f6a6c7c7e9da3ff85b9c86b6308abe14440e0e01061e,0x833589fcd6edb6e08f4c7c32d4f71b54bda02913,USDC,6,2026-07-15,995770496,431
0x9dc5b572d9618d1d82e0f6a6c7c7e9da3ff85b9c86b6308abe14440e0e01061e,0x833589fcd6edb6e08f4c7c32d4f71b54bda02913,USDC,6,2026-07-16,-1280708560,494
0x9dc5b572d9618d1d82e0f6a6c7c7e9da3ff85b9c86b6308abe14440e0e01061e,0x833589fcd6edb6e08f4c7c32d4f71b54bda02913,USDC,6,2026-07-17,-98982866,316
0x9dc5b572d9618d1d82e0f6a6c7c7e9da3ff85b9c86b6308abe14440e0e01061e,0x833589fcd6edb6e08f4c7c32d4f71b54bda02913,USDC,6,2026-07-18,125679667,117
0x9dc5b572d9618d1d82e0f6a6c7c7e9da3ff85b9c86b6308abe14440e0e01061e,0x833589fcd6edb6e08f4c7c32d4f71b54bda02913,USDC,6,2026-07-19,889502513,307
0x9dc5b572d9618d1d82e0f6a6c7c7e9da3ff85b9c86b6308abe14440e0e01061e,0x833589fcd6edb6e08f4c7c32d4f71b54bda02913,USDC,6,2026-07-20,974145056,471
0x9dc5b572d9618d1d82e0f6a6c7c7e9da3ff85b9c86b6308abe14440e0e01061e,0x833589fcd6edb6e08f4c7c32d4f71b54bda02913,USDC,6,2026-07-21,-647139723,340
0x9dc5b572d9618d1d82e0f6a6c7c7e9da3ff85b9c86b6308abe14440e0e01061e,0x833589fcd6edb6e08f4c7c32d4f71b54bda02913,USDC,6,2026-07-22,1511683446,418
0x9dc5b572d9618d1d82e0f6a6c7c7e9da3ff85b9c86b6308abe14440e0e01061e,0x833589fcd6edb6e08f4c7c32d4f71b54bda02913,USDC,6,2026-07-23,-954628602,468
0x9dc5b572d9618d1d82e0f6a6c7c7e9da3ff85b9c86b6308abe14440e0e01061e,0x833589fcd6edb6e08f4c7c32d4f71b54bda02913,USDC,6,2026-07-24,879845230,400
0x9ed2b133457a9debb64997f932b15a0a81f61718e8a267a4b36fab7b960d788a,0x833589fcd6edb6e08f4c7c32d4f71b54bda02913,USDC,6,2025-11-27,-6165540,504
0x9ed2b133457a9debb64997f932b15a0a81f61718e8a267a4b36fab7b960d788a,0x833589fcd6edb6e08f4c7c32d4f71b54bda02913,USDC,6,2025-11-28,2323153,445
0x9ed2b133457a9debb64997f932b15a0a81f61718e8a267a4b36fab7b960d788a,0x833589fcd6edb6e08f4c7c32d4f71b54bda02913,USDC,6,2025-11-29,651761,302
0x9ed2b133457a9debb64997f932b15a0a81f61718e8a267a4b36fab7b960d788a,0x833589fcd6edb6e08f4c7c32d4f71b54bda02913,USDC,6,2025-11-30,-1709263,311
0x9ed2b133457a9debb64997f932b15a0a81f61718e8a267a4b36fab7b960d788a,0x833589fcd6edb6e08f4c7c32d4f71b54bda02913,USDC,6,2025-12-01,251018,315
0x9ed2b133457a9debb64997f932b15a0a81f61718e8a267a4b36fab7b960d788a,0x833589fcd6edb6e08f4c7c32d4f71b54bda02913,USDC,6,2025-12-02,1445307,293
0x9ed2b133457a9debb64997f932b15a0a81f61718e8a267a4b36fab7b960d788a,0x833589fcd6edb6e08f4c7c32d4f71b54bda02913,USDC,6,2025-12-03,2319551,390
0x9ed2b133457a9debb64997f932b15a0a81f61718e8a267a4b36fab7b960d788a,0x833589fcd6edb6e08f4c7c32d4f71b54bda02913,USDC,6,2025-12-04,-1686080,325
0x9ed2b133457a9debb64997f932b15a0a81f61718e8a267a4b36fab7b960d788a,0x833589fcd6edb6e08f4c7c32d4f71b54bda02913,USDC,6,2025-12-05,1020082,265
0x9ed2b133457a9debb64997f932b15a0a81f61718e8a267a4b36fab7b960d788a,0x833589fcd6edb6e08f4c7c32d4f71b54bda02913,USDC,6,2025-12-06,-822619,275
0x9ed2b133457a9debb64997f932b15a0a81f61718e8a267a4b36fab7b960d788a,0x833589fcd6edb6e08f4c7c32d4f71b54bda02913,USDC,6,2025-12-07,3442653,228
0x9ed2b133457a9debb64997f932b15a0a81f61718e8a267a4b36fab7b960d788a,0x833589fcd6edb6e08f4c7c32d4f71b54bda02913,USDC,6,2025-12-08,1374254,321
0x9ed2b133457a9debb64997f932b15a0a81f61718e8a267a4b36fab7b960d788a,0x833589fcd6edb6e08f4c7c32d4f71b54bda02913,USDC,6,2025-12-09,3685817,148
0x9ed2b133457a9debb64997f932b15a0a81f61718e8a267a4b36fab7b960d788a,0x833589fcd6edb6e08f4c7c32d4f71b54bda02913,USDC,6,2025-12-10,-60809,124
0x9ed2b133457a9debb64997f932b15a0a81f61718e8a267a4b36fab7b960d788a,0x833589fcd6edb6e08f4c7c32d4f71b54bda02913,USDC,6,2025-12-11,-642232,97
0x9ed2b133457a9debb64997f932b15a0a81f61718e8a267a4b36fab7b960d788a,0x833589fcd6edb6e08f4c7c32d4f71b54bda02913,USDC,6,2025-12-12,348269,81
0x9ed2b133457a9debb64997f932b15a0a81f61718e8a267a4b36fab7b960d788a,0x833589fcd6edb6e08f4c7c32d4f71b54bda02913,USDC,6,2025-12-13,-624675,230
0x9ed2b133457a9debb64997f932b15a0a81f61718e8a267a4b36fab7b960d788a,0x833589fcd6edb6e08f4c7c32d4f71b54bda02913,USDC,6,2025-12-14,107706,101
0x9ed2b133457a9debb64997f932b15a0a81f61718e8a267a4b36fab7b960d788a,0x833589fcd6edb6e08f4c7c32d4f71b54bda02913,USDC,6,2025-12-15,-17291981,146
0x9ed2b133457a9debb64997f932b15a0a81f61718e8a267a4b36fab7b960d788a,0x833589fcd6edb6e08f4c7c32d4f71b54bda02913,USDC,6,2025-12-16,-376488,75
0x9ed2b133457a9debb64997f932b15a0a81f61718e8a267a4b36fab7b960d788a,0x833589fcd6edb6e08f4c7c32d4f71b54bda02913,USDC,6,2025-12-17,379033,48
0x9ed2b133457a9debb64997f932b15a0a81f61718e8a267a4b36fab7b960d788a,0x833589fcd6edb6e08f4c7c32d4f71b54bda02913,USDC,6,2025-12-18,-46521,52
0x9ed2b133457a9debb64997f932b15a0a81f61718e8a267a4b36fab7b960d788a,0x833589fcd6edb6e08f4c7c32d4f71b54bda02913,USDC,6,2025-12-19,9546,54
0x9ed2b133457a9debb64997f932b15a0a81f61718e8a267a4b36fab7b960d788a,0x833589fcd6edb6e08f4c7c32d4f71b54bda02913,USDC,6,2025-12-20,-364778,64
0x9ed2b133457a9debb64997f932b15a0a81f61718e8a267a4b36fab7b960d788a,0x833589fcd6edb6e08f4c7c32d4f71b54bda02913,USDC,6,2025-12-21,639543,66
0x9ed2b133457a9debb64997f932b15a0a81f61718e8a267a4b36fab7b960d788a,0x833589fcd6edb6e08f4c7c32d4f71b54bda02913,USDC,6,2025-12-22,-576346,40
0x9ed2b133457a9debb64997f932b15a0a81f61718e8a267a4b36fab7b960d788a,0x833589fcd6edb6e08f4c7c32d4f71b54bda02913,USDC,6,2025-12-23,-73801,76
0x9ed2b133457a9debb64997f932b15a0a81f61718e8a267a4b36fab7b960d788a,0x833589fcd6edb6e08f4c7c32d4f71b54bda02913,USDC,6,2025-12-24,55698,69
0x9ed2b133457a9debb64997f932b15a0a81f61718e8a267a4b36fab7b960d788a,0x833589fcd6edb6e08f4c7c32d4f71b54bda02913,USDC,6,2025-12-25,440564,146
0x9ed2b133457a9debb64997f932b15a0a81f61718e8a267a4b36fab7b960d788a,0x833589fcd6edb6e08f4c7c32d4f71b54bda02913,USDC,6,2025-12-26,-2228340,43
0x9ed2b133457a9debb64997f932b15a0a81f61718e8a267a4b36fab7b960d788a,0x833589fcd6edb6e08f4c7c32d4f71b54bda02913,USDC,6,2025-12-27,121406,31
0x9ed2b133457a9debb64997f932b15a0a81f61718e8a267a4b36fab7b960d788a,0x833589fcd6edb6e08f4c7c32d4f71b54bda02913,USDC,6,2025-12-28,-26084,38
0x9ed2b133457a9debb64997f932b15a0a81f61718e8a267a4b36fab7b960d788a,0x833589fcd6edb6e08f4c7c32d4f71b54bda02913,USDC,6,2025-12-29,-314776,40
0x9ed2b133457a9debb64997f932b15a0a81f61718e8a267a4b36fab7b960d788a,0x833589fcd6edb6e08f4c7c32d4f71b54bda02913,USDC,6,2025-12-30,-56386,174
0x9ed2b133457a9debb64997f932b15a0a81f61718e8a267a4b36fab7b960d788a,0x833589fcd6edb6e08f4c7c32d4f71b54bda02913,USDC,6,2025-12-31,-4966516,367
0x9ed2b133457a9debb64997f932b15a0a81f61718e8a267a4b36fab7b960d788a,0x833589fcd6edb6e08f4c7c32d4f71b54bda02913,USDC,6,2026-01-01,-4843208,186
0x9ed2b133457a9debb64997f932b15a0a81f61718e8a267a4b36fab7b960d788a,0x833589fcd6edb6e08f4c7c32d4f71b54bda02913,USDC,6,2026-01-02,2337440,116
0x9ed2b133457a9debb64997f932b15a0a81f61718e8a267a4b36fab7b960d788a,0x833589fcd6edb6e08f4c7c32d4f71b54bda02913,USDC,6,2026-01-03,647893,155
0x9ed2b133457a9debb64997f932b15a0a81f61718e8a267a4b36fab7b960d788a,0x833589fcd6edb6e08f4c7c32d4f71b54bda02913,USDC,6,2026-01-04,-2674230,234
0x9ed2b133457a9debb64997f932b15a0a81f61718e8a267a4b36fab7b960d788a,0x833589fcd6edb6e08f4c7c32d4f71b54bda02913,USDC,6,2026-01-05,-323200,417
0x9ed2b133457a9debb64997f932b15a0a81f61718e8a267a4b36fab7b960d788a,0x833589fcd6edb6e08f4c7c32d4f71b54bda02913,USDC,6,2026-01-06,5435601,404
0x9ed2b133457a9debb64997f932b15a0a81f61718e8a267a4b36fab7b960d788a,0x833589fcd6edb6e08f4c7c32d4f71b54bda02913,USDC,6,2026-01-07,-2624233,405
0x9ed2b133457a9debb64997f932b15a0a81f61718e8a267a4b36fab7b960d788a,0x833589fcd6edb6e08f4c7c32d4f71b54bda02913,USDC,6,2026-01-08,1679769,374
0x9ed2b133457a9debb64997f932b15a0a81f61718e8a267a4b36fab7b960d788a,0x833589fcd6edb6e08f4c7c32d4f71b54bda02913,USDC,6,2026-01-09,-412687,310
0x9ed2b133457a9debb64997f932b15a0a81f61718e8a267a4b36fab7b960d788a,0x833589fcd6edb6e08f4c7c32d4f71b54bda02913,USDC,6,2026-01-10,576081,948
0x9ed2b133457a9debb64997f932b15a0a81f61718e8a267a4b36fab7b960d788a,0x833589fcd6edb6e08f4c7c32d4f71b54bda02913,USDC,6,2026-01-11,-4106273,410
0x9ed2b133457a9debb64997f932b15a0a81f61718e8a267a4b36fab7b960d788a,0x833589fcd6edb6e08f4c7c32d4f71b54bda02913,USDC,6,2026-01-12,2346648,156
0x9ed2b133457a9debb64997f932b15a0a81f61718e8a267a4b36fab7b960d788a,0x833589fcd6edb6e08f4c7c32d4f71b54bda02913,USDC,6,2026-01-13,415245,187
0x9ed2b133457a9debb64997f932b15a0a81f61718e8a267a4b36fab7b960d788a,0x833589fcd6edb6e08f4c7c32d4f71b54bda02913,USDC,6,2026-01-14,451684,154
0x9ed2b133457a9debb64997f932b15a0a81f61718e8a267a4b36fab7b960d788a,0x833589fcd6edb6e08f4c7c32d4f71b54bda02913,USDC,6,2026-01-15,-1595281,83
0x9ed2b133457a9debb64997f932b15a0a81f61718e8a267a4b36fab7b960d788a,0x833589fcd6edb6e08f4c7c32d4f71b54bda02913,USDC,6,2026-01-16,2909153,104
0x9ed2b133457a9debb64997f932b15a0a81f61718e8a267a4b36fab7b960d788a,0x833589fcd6edb6e08f4c7c32d4f71b54bda02913,USDC,6,2026-01-17,1420682,110
0x9ed2b133457a9debb64997f932b15a0a81f61718e8a267a4b36fab7b960d788a,0x833589fcd6edb6e08f4c7c32d4f71b54bda02913,USDC,6,2026-01-18,-2681289,118
0x9ed2b133457a9debb64997f932b15a0a81f61718e8a267a4b36fab7b960d788a,0x833589fcd6edb6e08f4c7c32d4f71b54bda02913,USDC,6,2026-01-19,3049093,156
0x9ed2b133457a9debb64997f932b15a0a81f61718e8a267a4b36fab7b960d788a,0x833589fcd6edb6e08f4c7c32d4f71b54bda02913,USDC,6,2026-01-20,-3120195,170
0x9ed2b133457a9debb64997f932b15a0a81f61718e8a267a4b36fab7b960d788a,0x833589fcd6edb6e08f4c7c32d4f71b54bda02913,USDC,6,2026-01-21,-545152,95
0x9ed2b133457a9debb64997f932b15a0a81f61718e8a267a4b36fab7b960d788a,0x833589fcd6edb6e08f4c7c32d4f71b54bda02913,USDC,6,2026-01-22,-1941232,159
0x9ed2b133457a9debb64997f932b15a0a81f61718e8a267a4b36fab7b960d788a,0x833589fcd6edb6e08f4c7c32d4f71b54bda02913,USDC,6,2026-01-23,-40533349,149
0x9ed2b133457a9debb64997f932b15a0a81f61718e8a267a4b36fab7b960d788a,0x833589fcd6edb6e08f4c7c32d4f71b54bda02913,USDC,6,2026-01-24,287048,101
0x9ed2b133457a9debb64997f932b15a0a81f61718e8a267a4b36fab7b960d788a,0x833589fcd6edb6e08f4c7c32d4f71b54bda02913,USDC,6,2026-01-25,-451114,164
0x9ed2b133457a9debb64997f932b15a0a81f61718e8a267a4b36fab7b960d788a,0x833589fcd6edb6e08f4c7c32d4f71b54bda02913,USDC,6,2026-01-26,2660266,163
0x9ed2b133457a9debb64997f932b15a0a81f61718e8a267a4b36fab7b960d788a,0x833589fcd6edb6e08f4c7c32d4f71b54bda02913,USDC,6,2026-01-27,1175739,101
0x9ed2b133457a9debb64997f932b15a0a81f61718e8a267a4b36fab7b960d788a,0x833589fcd6edb6e08f4c7c32d4f71b54bda02913,USDC,6,2026-01-28,-1248128,138
0x9ed2b133457a9debb64997f932b15a0a81f61718e8a267a4b36fab7b960d788a,0x833589fcd6edb6e08f4c7c32d4f71b54bda02913,USDC,6,2026-01-29,1466336639,1016
0x9ed2b133457a9debb64997f932b15a0a81f61718e8a267a4b36fab7b960d788a,0x833589fcd6edb6e08f4c7c32d4f71b54bda02913,USDC,6,2026-01-30,1575598948,2446
0x9ed2b133457a9debb64997f932b15a0a81f61718e8a267a4b36fab7b960d788a,0x833589fcd6edb6e08f4c7c32d4f71b54bda02913,USDC,6,2026-01-31,6049855672,3125
0x9ed2b133457a9debb64997f932b15a0a81f61718e8a267a4b36fab7b960d788a,0x833589fcd6edb6e08f4c7c32d4f71b54bda02913,USDC,6,2026-02-01,5426610224,2961
0x9ed2b133457a9debb64997f932b15a0a81f61718e8a267a4b36fab7b960d788a,0x833589fcd6edb6e08f4c7c32d4f71b54bda02913,USDC,6,2026-02-02,-1002610193,2200
0x9ed2b133457a9debb64997f932b15a0a81f61718e8a267a4b36fab7b960d788a,0x833589fcd6edb6e08f4c7c32d4f71b54bda02913,USDC,6,2026-02-03,-124520129,2502
0x9ed2b133457a9debb64997f932b15a0a81f61718e8a267a4b36fab7b960d788a,0x833589fcd6edb6e08f4c7c32d4f71b54bda02913,USDC,6,2026-02-04,-12422758274,1989
0x9ed2b133457a9debb64997f932b15a0a81f61718e8a267a4b36fab7b960d788a,0x833589fcd6edb6e08f4c7c32d4f71b54bda02913,USDC,6,2026-02-05,-1012563916,2359
0x9ed2b133457a9debb64997f932b15a0a81f61718e8a267a4b36fab7b960d788a,0x833589fcd6edb6e08f4c7c32d4f71b54bda02913,USDC,6,2026-02-06,2729574412,1559
0x9ed2b133457a9debb64997f932b15a0a81f61718e8a267a4b36fab7b960d788a,0x833589fcd6edb6e08f4c7c32d4f71b54bda02913,USDC,6,2026-02-07,2206943175,1236
0x9ed2b133457a9debb64997f932b15a0a81f61718e8a267a4b36fab7b960d788a,0x833589fcd6edb6e08f4c7c32d4f71b54bda02913,USDC,6,2026-02-08,348100209,1398
0x9ed2b133457a9debb64997f932b15a0a81f61718e8a267a4b36fab7b960d788a,0x833589fcd6edb6e08f4c7c32d4f71b54bda02913,USDC,6,2026-02-09,1739661634,1612
0x9ed2b133457a9debb64997f932b15a0a81f61718e8a267a4b36fab7b960d788a,0x833589fcd6edb6e08f4c7c32d4f71b54bda02913,USDC,6,2026-02-10,-1522633178,2436
0x9ed2b133457a9debb64997f932b15a0a81f61718e8a267a4b36fab7b960d788a,0x833589fcd6edb6e08f4c7c32d4f71b54bda02913,USDC,6,2026-02-11,-1432270731,2382
0x9ed2b133457a9debb64997f932b15a0a81f61718e8a267a4b36fab7b960d788a,0x833589fcd6edb6e08f4c7c32d4f71b54bda02913,USDC,6,2026-02-12,678682134,2795
0x9ed2b133457a9debb64997f932b15a0a81f61718e8a267a4b36fab7b960d788a,0x833589fcd6edb6e08f4c7c32d4f71b54bda02913,USDC,6,2026-02-13,595963754,3579
0x9ed2b133457a9debb64997f932b15a0a81f61718e8a267a4b36fab7b960d788a,0x833589fcd6edb6e08f4c7c32d4f71b54bda02913,USDC,6,2026-02-14,1548698554,2984
0x9ed2b133457a9debb64997f932b15a0a81f61718e8a267a4b36fab7b960d788a,0x833589fcd6edb6e08f4c7c32d4f71b54bda02913,USDC,6,2026-02-15,-642384032,3415
0x9ed2b133457a9debb64997f932b15a0a81f61718e8a267a4b36fab7b960d788a,0x833589fcd6edb6e08f4c7c32d4f71b54bda02913,USDC,6,2026-02-16,4661131644,2918
0x9ed2b133457a9debb64997f932b15a0a81f61718e8a267a4b36fab7b960d788a,0x833589fcd6edb6e08f4c7c32d4f71b54bda02913,USDC,6,2026-02-17,-9037521513,1163
0x9ed2b133457a9debb64997f932b15a0a81f61718e8a267a4b36fab7b960d788a,0x833589fcd6edb6e08f4c7c32d4f71b54bda02913,USDC,6,2026-02-18,-1346714180,2198
0x9ed2b133457a9debb64997f932b15a0a81f61718e8a267a4b36fab7b960d788a,0x833589fcd6edb6e08f4c7c32d4f71b54bda02913,USDC,6,2026-02-19,1506710312,1778
0x9ed2b133457a9debb64997f932b15a0a81f61718e8a267a4b36fab7b960d788a,0x833589fcd6edb6e08f4c7c32d4f71b54bda02913,USDC,6,2026-02-20,-327756526,3155
0x9ed2b133457a9debb64997f932b15a0a81f61718e8a267a4b36fab7b960d788a,0x833589fcd6edb6e08f4c7c32d4f71b54bda02913,USDC,6,2026-02-21,660951346,2475
0x9ed2b133457a9debb64997f932b15a0a81f61718e8a267a4b36fab7b960d788a,0x833589fcd6edb6e08f4c7c32d4f71b54bda02913,USDC,6,2026-02-22,2973112653,1477
0x9ed2b133457a9debb64997f932b15a0a81f61718e8a267a4b36fab7b960d788a,0x833589fcd6edb6e08f4c7c32d4f71b54bda02913,USDC,6,2026-02-23,-14493703,1332
0x9ed2b133457a9debb64997f932b15a0a81f61718e8a267a4b36fab7b960d788a,0x833589fcd6edb6e08f4c7c32d4f71b54bda02913,USDC,6,2026-02-24,-437813810,2893
0x9ed2b133457a9debb64997f932b15a0a81f61718e8a267a4b36fab7b960d788a,0x833589fcd6edb6e08f4c7c32d4f71b54bda02913,USDC,6,2026-02-25,2089812411,4970
0x9ed2b133457a9debb64997f932b15a0a81f61718e8a267a4b36fab7b960d788a,0x833589fcd6edb6e08f4c7c32d4f71b54bda02913,USDC,6,2026-02-26,1987957684,4938
0x9ed2b133457a9debb64997f932b15a0a81f61718e8a267a4b36fab7b960d788a,0x833589fcd6edb6e08f4c7c32d4f71b54bda02913,USDC,6,2026-02-27,-2229686123,2673
0x9ed2b133457a9debb64997f932b15a0a81f61718e8a267a4b36fab7b960d788a,0x833589fcd6edb6e08f4c7c32d4f71b54bda02913,USDC,6,2026-02-28,2120161569,2498
0x9ed2b133457a9debb64997f932b15a0a81f61718e8a267a4b36fab7b960d788a,0x833589fcd6edb6e08f4c7c32d4f71b54bda02913,USDC,6,2026-03-01,-128907473,2592
0x9ed2b133457a9debb64997f932b15a0a81f61718e8a267a4b36fab7b960d788a,0x833589fcd6edb6e08f4c7c32d4f71b54bda02913,USDC,6,2026-03-02,-735530957,2373
0x9ed2b133457a9debb64997f932b15a0a81f61718e8a267a4b36fab7b960d788a,0x833589fcd6edb6e08f4c7c32d4f71b54bda02913,USDC,6,2026-03-03,-105906819,3763
0x9ed2b133457a9debb64997f932b15a0a81f61718e8a267a4b36fab7b960d788a,0x833589fcd6edb6e08f4c7c32d4f71b54bda02913,USDC,6,2026-03-04,-843330682,5550
0x9ed2b133457a9debb64997f932b15a0a81f61718e8a267a4b36fab7b960d788a,0x833589fcd6edb6e08f4c7c32d4f71b54bda02913,USDC,6,2026-03-05,238768299,4239
0x9ed2b133457a9debb64997f932b15a0a81f61718e8a267a4b36fab7b960d788a,0x833589fcd6edb6e08f4c7c32d4f71b54bda02913,USDC,6,2026-03-06,-249660718,3083
0x9ed2b133457a9debb64997f932b15a0a81f61718e8a267a4b36fab7b960d788a,0x833589fcd6edb6e08f4c7c32d4f71b54bda02913,USDC,6,2026-03-07,-364756528,2354
0x9ed2b133457a9debb64997f932b15a0a81f61718e8a267a4b36fab7b960d788a,0x833589fcd6edb6e08f4c7c32d4f71b54bda02913,USDC,6,2026-03-08,31190333,2498
0x9ed2b133457a9debb64997f932b15a0a81f61718e8a267a4b36fab7b960d788a,0x833589fcd6edb6e08f4c7c32d4f71b54bda02913,USDC,6,2026-03-09,-3685360370,2739
0x9ed2b133457a9debb64997f932b15a0a81f61718e8a267a4b36fab7b960d788a,0x833589fcd6edb6e08f4c7c32d4f71b54bda02913,USDC,6,2026-03-10,-671844868,7533
0x9ed2b133457a9debb64997f932b15a0a81f61718e8a267a4b36fab7b960d788a,0x833589fcd6edb6e08f4c7c32d4f71b54bda02913,USDC,6,2026-03-11,-473868130,12157
0x9ed2b133457a9debb64997f932b15a0a81f61718e8a267a4b36fab7b960d788a,0x833589fcd6edb6e08f4c7c32d4f71b54bda02913,USDC,6,2026-03-12,1111910427,6454
0x9ed2b133457a9debb64997f932b15a0a81f61718e8a267a4b36fab7b960d788a,0x833589fcd6edb6e08f4c7c32d4f71b54bda02913,USDC,6,2026-03-13,-103664942,4143
0x9ed2b133457a9debb64997f932b15a0a81f61718e8a267a4b36fab7b960d788a,0x833589fcd6edb6e08f4c7c32d4f71b54bda02913,USDC,6,2026-03-14,343658857,3413
0x9ed2b133457a9debb64997f932b15a0a81f61718e8a267a4b36fab7b960d788a,0x833589fcd6edb6e08f4c7c32d4f71b54bda02913,USDC,6,2026-03-15,2870741577,4189
0x9ed2b133457a9debb64997f932b15a0a81f61718e8a267a4b36fab7b960d788a,0x833589fcd6edb6e08f4c7c32d4f71b54bda02913,USDC,6,2026-03-16,180852602,3373
0x9ed2b133457a9debb64997f932b15a0a81f61718e8a267a4b36fab7b960d788a,0x833589fcd6edb6e08f4c7c32d4f71b54bda02913,USDC,6,2026-03-17,61527272,2137
0x9ed2b133457a9debb64997f932b15a0a81f61718e8a267a4b36fab7b960d788a,0x833589fcd6edb6e08f4c7c32d4f71b54bda02913,USDC,6,2026-03-18,2468507592,3624
0x9ed2b133457a9debb64997f932b15a0a81f61718e8a267a4b36fab7b960d788a,0x833589fcd6edb6e08f4c7c32d4f71b54bda02913,USDC,6,2026-03-19,-206607141,3183
0x9ed2b133457a9debb64997f932b15a0a81f61718e8a267a4b36fab7b960d788a,0x833589fcd6edb6e08f4c7c32d4f71b54bda02913,USDC,6,2026-03-20,-1724697754,2028
0x9ed2b133457a9debb64997f932b15a0a81f61718e8a267a4b36fab7b960d788a,0x833589fcd6edb6e08f4c7c32d4f71b54bda02913,USDC,6,2026-03-21,-775645379,1290
0x9ed2b133457a9debb64997f932b15a0a81f61718e8a267a4b36fab7b960d788a,0x833589fcd6edb6e08f4c7c32d4f71b54bda02913,USDC,6,2026-03-22,325508497,2239
0x9ed2b133457a9debb64997f932b15a0a81f61718e8a267a4b36fab7b960d788a,0x833589fcd6edb6e08f4c7c32d4f71b54bda02913,USDC,6,2026-03-23,-1600120974,2745
0x9ed2b133457a9debb64997f932b15a0a81f61718e8a267a4b36fab7b960d788a,0x833589fcd6edb6e08f4c7c32d4f71b54bda02913,USDC,6,2026-03-24,5807840391,3024
0x9ed2b133457a9debb64997f932b15a0a81f61718e8a267a4b36fab7b960d788a,0x833589fcd6edb6e08f4c7c32d4f71b54bda02913,USDC,6,2026-03-25,18471160813,3724
0x9ed2b133457a9debb64997f932b15a0a81f61718e8a267a4b36fab7b960d788a,0x833589fcd6edb6e08f4c7c32d4f71b54bda02913,USDC,6,2026-03-26,-4796716037,4148
0x9ed2b133457a9debb64997f932b15a0a81f61718e8a267a4b36fab7b960d788a,0x833589fcd6edb6e08f4c7c32d4f71b54bda02913,USDC,6,2026-03-27,-4080444638,3019
0x9ed2b133457a9debb64997f932b15a0a81f61718e8a267a4b36fab7b960d788a,0x833589fcd6edb6e08f4c7c32d4f71b54bda02913,USDC,6,2026-03-28,1503550689,4241
0x9ed2b133457a9debb64997f932b15a0a81f61718e8a267a4b36fab7b960d788a,0x833589fcd6edb6e08f4c7c32d4f71b54bda02913,USDC,6,2026-03-29,-6655183314,7228
0x9ed2b133457a9debb64997f932b15a0a81f61718e8a267a4b36fab7b960d788a,0x833589fcd6edb6e08f4c7c32d4f71b54bda02913,USDC,6,2026-03-30,2245058476,6334
0x9ed2b133457a9debb64997f932b15a0a81f61718e8a267a4b36fab7b960d788a,0x833589fcd6edb6e08f4c7c32d4f71b54bda02913,USDC,6,2026-03-31,1534617948,2101
0x9ed2b133457a9debb64997f932b15a0a81f61718e8a267a4b36fab7b960d788a,0x833589fcd6edb6e08f4c7c32d4f71b54bda02913,USDC,6,2026-04-01,-1599734554,2777
0x9ed2b133457a9debb64997f932b15a0a81f61718e8a267a4b36fab7b960d788a,0x833589fcd6edb6e08f4c7c32d4f71b54bda02913,USDC,6,2026-04-02,4175943695,2684
0x9ed2b133457a9debb64997f932b15a0a81f61718e8a267a4b36fab7b960d788a,0x833589fcd6edb6e08f4c7c32d4f71b54bda02913,USDC,6,2026-04-03,-5489670242,2023
0x9ed2b133457a9debb64997f932b15a0a81f61718e8a267a4b36fab7b960d788a,0x833589fcd6edb6e08f4c7c32d4f71b54bda02913,USDC,6,2026-04-04,-1398305867,2081
0x9ed2b133457a9debb64997f932b15a0a81f61718e8a267a4b36fab7b960d788a,0x833589fcd6edb6e08f4c7c32d4f71b54bda02913,USDC,6,2026-04-05,1488166825,1889
0x9ed2b133457a9debb64997f932b15a0a81f61718e8a267a4b36fab7b960d788a,0x833589fcd6edb6e08f4c7c32d4f71b54bda02913,USDC,6,2026-04-06,-6178781458,1718
0x9ed2b133457a9debb64997f932b15a0a81f61718e8a267a4b36fab7b960d788a,0x833589fcd6edb6e08f4c7c32d4f71b54bda02913,USDC,6,2026-04-07,4514753725,2154
0x9ed2b133457a9debb64997f932b15a0a81f61718e8a267a4b36fab7b960d788a,0x833589fcd6edb6e08f4c7c32d4f71b54bda02913,USDC,6,2026-04-08,13716834,2258
0x9ed2b133457a9debb64997f932b15a0a81f61718e8a267a4b36fab7b960d788a,0x833589fcd6edb6e08f4c7c32d4f71b54bda02913,USDC,6,2026-04-09,19553545188,3903
0x9ed2b133457a9debb64997f932b15a0a81f61718e8a267a4b36fab7b960d788a,0x833589fcd6edb6e08f4c7c32d4f71b54bda02913,USDC,6,2026-04-10,6611326912,2280
0x9ed2b133457a9debb64997f932b15a0a81f61718e8a267a4b36fab7b960d788a,0x833589fcd6edb6e08f4c7c32d4f71b54bda02913,USDC,6,2026-04-11,-1486556152,1822
0x9ed2b133457a9debb64997f932b15a0a81f61718e8a267a4b36fab7b960d788a,0x833589fcd6edb6e08f4c7c32d4f71b54bda02913,USDC,6,2026-04-12,5871199826,1640
0x9ed2b133457a9debb64997f932b15a0a81f61718e8a267a4b36fab7b960d788a,0x833589fcd6edb6e08f4c7c32d4f71b54bda02913,USDC,6,2026-04-13,-11457149846,1892
0x9ed2b133457a9debb64997f932b15a0a81f61718e8a267a4b36fab7b960d788a,0x833589fcd6edb6e08f4c7c32d4f71b54bda02913,USDC,6,2026-04-14,-265539167,1724
0x9ed2b133457a9debb64997f932b15a0a81f61718e8a267a4b36fab7b960d788a,0x833589fcd6edb6e08f4c7c32d4f71b54bda02913,USDC,6,2026-04-15,-1035830214,1788
0x9ed2b133457a9debb64997f932b15a0a81f61718e8a267a4b36fab7b960d788a,0x833589fcd6edb6e08f4c7c32d4f71b54bda02913,USDC,6,2026-04-16,-1129729309,2473
0x9ed2b133457a9debb64997f932b15a0a81f61718e8a267a4b36fab7b960d788a,0x833589fcd6edb6e08f4c7c32d4f71b54bda02913,USDC,6,2026-04-17,-6465060025,1957
0x9ed2b133457a9debb64997f932b15a0a81f61718e8a267a4b36fab7b960d788a,0x833589fcd6edb6e08f4c7c32d4f71b54bda02913,USDC,6,2026-04-18,-1535266718,1524
0x9ed2b133457a9debb64997f932b15a0a81f61718e8a267a4b36fab7b960d788a,0x833589fcd6edb6e08f4c7c32d4f71b54bda02913,USDC,6,2026-04-19,8742770035,1885
0x9ed2b133457a9debb64997f932b15a0a81f61718e8a267a4b36fab7b960d788a,0x833589fcd6edb6e08f4c7c32d4f71b54bda02913,USDC,6,2026-04-20,-2284941577,2530
0x9ed2b133457a9debb64997f932b15a0a81f61718e8a267a4b36fab7b960d788a,0x833589fcd6edb6e08f4c7c32d4f71b54bda02913,USDC,6,2026-04-21,-4958537983,2517
0x9ed2b133457a9debb64997f932b15a0a81f61718e8a267a4b36fab7b960d788a,0x833589fcd6edb6e08f4c7c32d4f71b54bda02913,USDC,6,2026-04-22,-3624963653,2207
0x9ed2b133457a9debb64997f932b15a0a81f61718e8a267a4b36fab7b960d788a,0x833589fcd6edb6e08f4c7c32d4f71b54bda02913,USDC,6,2026-04-23,133232294,1870
0x9ed2b133457a9debb64997f932b15a0a81f61718e8a267a4b36fab7b960d788a,0x833589fcd6edb6e08f4c7c32d4f71b54bda02913,USDC,6,2026-04-24,-1750435223,1786
0x9ed2b133457a9debb64997f932b15a0a81f61718e8a267a4b36fab7b960d788a,0x833589fcd6edb6e08f4c7c32d4f71b54bda02913,USDC,6,2026-04-25,-4744282387,1860
0x9ed2b133457a9debb64997f932b15a0a81f61718e8a267a4b36fab7b960d788a,0x833589fcd6edb6e08f4c7c32d4f71b54bda02913,USDC,6,2026-04-26,-577201452,2066
0x9ed2b133457a9debb64997f932b15a0a81f61718e8a267a4b36fab7b960d788a,0x833589fcd6edb6e08f4c7c32d4f71b54bda02913,USDC,6,2026-04-27,279050457,2188
0x9ed2b133457a9debb64997f932b15a0a81f61718e8a267a4b36fab7b960d788a,0x833589fcd6edb6e08f4c7c32d4f71b54bda02913,USDC,6,2026-04-28,5056400026,1957
0x9ed2b133457a9debb64997f932b15a0a81f61718e8a267a4b36fab7b960d788a,0x833589fcd6edb6e08f4c7c32d4f71b54bda02913,USDC,6,2026-04-29,-2979113837,2186
0x9ed2b133457a9debb64997f932b15a0a81f61718e8a267a4b36fab7b960d788a,0x833589fcd6edb6e08f4c7c32d4f71b54bda02913,USDC,6,2026-04-30,-1932183570,1762
0x9ed2b133457a9debb64997f932b15a0a81f61718e8a267a4b36fab7b960d788a,0x833589fcd6edb6e08f4c7c32d4f71b54bda02913,USDC,6,2026-05-01,-7554280915,2399
0x9ed2b133457a9debb64997f932b15a0a81f61718e8a267a4b36fab7b960d788a,0x833589fcd6edb6e08f4c7c32d4f71b54bda02913,USDC,6,2026-05-02,4989886913,2526
0x9ed2b133457a9debb64997f932b15a0a81f61718e8a267a4b36fab7b960d788a,0x833589fcd6edb6e08f4c7c32d4f71b54bda02913,USDC,6,2026-05-03,3601472375,2466
0x9ed2b133457a9debb64997f932b15a0a81f61718e8a267a4b36fab7b960d788a,0x833589fcd6edb6e08f4c7c32d4f71b54bda02913,USDC,6,2026-05-04,-2535673221,2272
0x9ed2b133457a9debb64997f932b15a0a81f61718e8a267a4b36fab7b960d788a,0x833589fcd6edb6e08f4c7c32d4f71b54bda02913,USDC,6,2026-05-05,130862932,2220
0x9ed2b133457a9debb64997f932b15a0a81f61718e8a267a4b36fab7b960d788a,0x833589fcd6edb6e08f4c7c32d4f71b54bda02913,USDC,6,2026-05-06,444774635,2274
0x9ed2b133457a9debb64997f932b15a0a81f61718e8a267a4b36fab7b960d788a,0x833589fcd6edb6e08f4c7c32d4f71b54bda02913,USDC,6,2026-05-07,-3445667544,2317
0x9ed2b133457a9debb64997f932b15a0a81f61718e8a267a4b36fab7b960d788a,0x833589fcd6edb6e08f4c7c32d4f71b54bda02913,USDC,6,2026-05-08,1606214448,2235
0x9ed2b133457a9debb64997f932b15a0a81f61718e8a267a4b36fab7b960d788a,0x833589fcd6edb6e08f4c7c32d4f71b54bda02913,USDC,6,2026-05-09,2736186492,1932
0x9ed2b133457a9debb64997f932b15a0a81f61718e8a267a4b36fab7b960d788a,0x833589fcd6edb6e08f4c7c32d4f71b54bda02913,USDC,6,2026-05-10,-346745533,1733
0x9ed2b133457a9debb64997f932b15a0a81f61718e8a267a4b36fab7b960d788a,0x833589fcd6edb6e08f4c7c32d4f71b54bda02913,USDC,6,2026-05-11,1480339832,1915
0x9ed2b133457a9debb64997f932b15a0a81f61718e8a267a4b36fab7b960d788a,0x833589fcd6edb6e08f4c7c32d4f71b54bda02913,USDC,6,2026-05-12,-2394635534,1838
0x9ed2b133457a9debb64997f932b15a0a81f61718e8a267a4b36fab7b960d788a,0x833589fcd6edb6e08f4c7c32d4f71b54bda02913,USDC,6,2026-05-13,1554186178,2818
0x9ed2b133457a9debb64997f932b15a0a81f61718e8a267a4b36fab7b960d788a,0x833589fcd6edb6e08f4c7c32d4f71b54bda02913,USDC,6,2026-05-14,2249069271,2182
0x9ed2b133457a9debb64997f932b15a0a81f61718e8a267a4b36fab7b960d788a,0x833589fcd6edb6e08f4c7c32d4f71b54bda02913,USDC,6,2026-05-15,-14820247446,1887
0x9ed2b133457a9debb64997f932b15a0a81f61718e8a267a4b36fab7b960d788a,0x833589fcd6edb6e08f4c7c32d4f71b54bda02913,USDC,6,2026-05-16,1646614175,1235
0x9ed2b133457a9debb64997f932b15a0a81f61718e8a267a4b36fab7b960d788a,0x833589fcd6edb6e08f4c7c32d4f71b54bda02913,USDC,6,2026-05-17,975357017,2339
0x9ed2b133457a9debb64997f932b15a0a81f61718e8a267a4b36fab7b960d788a,0x833589fcd6edb6e08f4c7c32d4f71b54bda02913,USDC,6,2026-05-18,-2242441777,2401
0x9ed2b133457a9debb64997f932b15a0a81f61718e8a267a4b36fab7b960d788a,0x833589fcd6edb6e08f4c7c32d4f71b54bda02913,USDC,6,2026-05-19,1693043107,2312
0x9ed2b133457a9debb64997f932b15a0a81f61718e8a267a4b36fab7b960d788a,0x833589fcd6edb6e08f4c7c32d4f71b54bda02913,USDC,6,2026-05-20,1164733883,2329
0x9ed2b133457a9debb64997f932b15a0a81f61718e8a267a4b36fab7b960d788a,0x833589fcd6edb6e08f4c7c32d4f71b54bda02913,USDC,6,2026-05-21,4162627623,2987
0x9ed2b133457a9debb64997f932b15a0a81f61718e8a267a4b36fab7b960d788a,0x833589fcd6edb6e08f4c7c32d4f71b54bda02913,USDC,6,2026-05-22,-8102517690,2994
0x9ed2b133457a9debb64997f932b15a0a81f61718e8a267a4b36fab7b960d788a,0x833589fcd6edb6e08f4c7c32d4f71b54bda02913,USDC,6,2026-05-23,9114588624,2191
0x9ed2b133457a9debb64997f932b15a0a81f61718e8a267a4b36fab7b960d788a,0x833589fcd6edb6e08f4c7c32d4f71b54bda02913,USDC,6,2026-05-24,1639652988,2451
0x9ed2b133457a9debb64997f932b15a0a81f61718e8a267a4b36fab7b960d788a,0x833589fcd6edb6e08f4c7c32d4f71b54bda02913,USDC,6,2026-05-25,-9373162018,3122
0x9ed2b133457a9debb64997f932b15a0a81f61718e8a267a4b36fab7b960d788a,0x833589fcd6edb6e08f4c7c32d4f71b54bda02913,USDC,6,2026-05-26,3116211381,5969
0x9ed2b133457a9debb64997f932b15a0a81f61718e8a267a4b36fab7b960d788a,0x833589fcd6edb6e08f4c7c32d4f71b54bda02913,USDC,6,2026-05-27,-1381142356,3575
0x9ed2b133457a9debb64997f932b15a0a81f61718e8a267a4b36fab7b960d788a,0x833589fcd6edb6e08f4c7c32d4f71b54bda02913,USDC,6,2026-05-28,1003684391,3160
0x9ed2b133457a9debb64997f932b15a0a81f61718e8a267a4b36fab7b960d788a,0x833589fcd6edb6e08f4c7c32d4f71b54bda02913,USDC,6,2026-05-29,-1391617358,3723
0x9ed2b133457a9debb64997f932b15a0a81f61718e8a267a4b36fab7b960d788a,0x833589fcd6edb6e08f4c7c32d4f71b54bda02913,USDC,6,2026-05-30,4605167697,3082
0x9ed2b133457a9debb64997f932b15a0a81f61718e8a267a4b36fab7b960d788a,0x833589fcd6edb6e08f4c7c32d4f71b54bda02913,USDC,6,2026-05-31,1767834582,2781
0x9ed2b133457a9debb64997f932b15a0a81f61718e8a267a4b36fab7b960d788a,0x833589fcd6edb6e08f4c7c32d4f71b54bda02913,USDC,6,2026-06-01,-8795661620,2884
0x9ed2b133457a9debb64997f932b15a0a81f61718e8a267a4b36fab7b960d788a,0x833589fcd6edb6e08f4c7c32d4f71b54bda02913,USDC,6,2026-06-02,3541310042,3317
0x9ed2b133457a9debb64997f932b15a0a81f61718e8a267a4b36fab7b960d788a,0x833589fcd6edb6e08f4c7c32d4f71b54bda02913,USDC,6,2026-06-03,499150212,2319
0x9ed2b133457a9debb64997f932b15a0a81f61718e8a267a4b36fab7b960d788a,0x833589fcd6edb6e08f4c7c32d4f71b54bda02913,USDC,6,2026-06-04,-1415441100,3056
0x9ed2b133457a9debb64997f932b15a0a81f61718e8a267a4b36fab7b960d788a,0x833589fcd6edb6e08f4c7c32d4f71b54bda02913,USDC,6,2026-06-05,-3530400215,2602
0x9ed2b133457a9debb64997f932b15a0a81f61718e8a267a4b36fab7b960d788a,0x833589fcd6edb6e08f4c7c32d4f71b54bda02913,USDC,6,2026-06-06,3208655820,1742
0x9ed2b133457a9debb64997f932b15a0a81f61718e8a267a4b36fab7b960d788a,0x833589fcd6edb6e08f4c7c32d4f71b54bda02913,USDC,6,2026-06-07,-2650106919,1907
0x9ed2b133457a9debb64997f932b15a0a81f61718e8a267a4b36fab7b960d788a,0x833589fcd6edb6e08f4c7c32d4f71b54bda02913,USDC,6,2026-06-08,3999493762,1751
0x9ed2b133457a9debb64997f932b15a0a81f61718e8a267a4b36fab7b960d788a,0x833589fcd6edb6e08f4c7c32d4f71b54bda02913,USDC,6,2026-06-09,-969169018,1764
0x9ed2b133457a9debb64997f932b15a0a81f61718e8a267a4b36fab7b960d788a,0x833589fcd6edb6e08f4c7c32d4f71b54bda02913,USDC,6,2026-06-10,-1902350860,1865
0x9ed2b133457a9debb64997f932b15a0a81f61718e8a267a4b36fab7b960d788a,0x833589fcd6edb6e08f4c7c32d4f71b54bda02913,USDC,6,2026-06-11,981467737,1683
0x9ed2b133457a9debb64997f932b15a0a81f61718e8a267a4b36fab7b960d788a,0x833589fcd6edb6e08f4c7c32d4f71b54bda02913,USDC,6,2026-06-12,784036650,1971
0x9ed2b133457a9debb64997f932b15a0a81f61718e8a267a4b36fab7b960d788a,0x833589fcd6edb6e08f4c7c32d4f71b54bda02913,USDC,6,2026-06-13,-29809728,1026
0x9ed2b133457a9debb64997f932b15a0a81f61718e8a267a4b36fab7b960d788a,0x833589fcd6edb6e08f4c7c32d4f71b54bda02913,USDC,6,2026-06-14,-784001420,1250
0x9ed2b133457a9debb64997f932b15a0a81f61718e8a267a4b36fab7b960d788a,0x833589fcd6edb6e08f4c7c32d4f71b54bda02913,USDC,6,2026-06-15,1246753840,1640
0x9ed2b133457a9debb64997f932b15a0a81f61718e8a267a4b36fab7b960d788a,0x833589fcd6edb6e08f4c7c32d4f71b54bda02913,USDC,6,2026-06-16,-1289594540,1372
0x9ed2b133457a9debb64997f932b15a0a81f61718e8a267a4b36fab7b960d788a,0x833589fcd6edb6e08f4c7c32d4f71b54bda02913,USDC,6,2026-06-17,268134866,1996
0x9ed2b133457a9debb64997f932b15a0a81f61718e8a267a4b36fab7b960d788a,0x833589fcd6edb6e08f4c7c32d4f71b54bda02913,USDC,6,2026-06-18,-476946049,1307
0x9ed2b133457a9debb64997f932b15a0a81f61718e8a267a4b36fab7b960d788a,0x833589fcd6edb6e08f4c7c32d4f71b54bda02913,USDC,6,2026-06-19,339962687,911
0x9ed2b133457a9debb64997f932b15a0a81f61718e8a267a4b36fab7b960d788a,0x833589fcd6edb6e08f4c7c32d4f71b54bda02913,USDC,6,2026-06-20,-270492873,1585
0x9ed2b133457a9debb64997f932b15a0a81f61718e8a267a4b36fab7b960d788a,0x833589fcd6edb6e08f4c7c32d4f71b54bda02913,USDC,6,2026-06-21,-257384908,1615
0x9ed2b133457a9debb64997f932b15a0a81f61718e8a267a4b36fab7b960d788a,0x833589fcd6edb6e08f4c7c32d4f71b54bda02913,USDC,6,2026-06-22,-20730263,1010
0x9ed2b133457a9debb64997f932b15a0a81f61718e8a267a4b36fab7b960d788a,0x833589fcd6edb6e08f4c7c32d4f71b54bda02913,USDC,6,2026-06-23,976159851,1506
0x9ed2b133457a9debb64997f932b15a0a81f61718e8a267a4b36fab7b960d788a,0x833589fcd6edb6e08f4c7c32d4f71b54bda02913,USDC,6,2026-06-24,-432530759,1698
0x9ed2b133457a9debb64997f932b15a0a81f61718e8a267a4b36fab7b960d788a,0x833589fcd6edb6e08f4c7c32d4f71b54bda02913,USDC,6,2026-06-25,-1033332198,1586
0x9ed2b133457a9debb64997f932b15a0a81f61718e8a267a4b36fab7b960d788a,0x833589fcd6edb6e08f4c7c32d4f71b54bda02913,USDC,6,2026-06-26,995112976,1453
0x9ed2b133457a9debb64997f932b15a0a81f61718e8a267a4b36fab7b960d788a,0x833589fcd6edb6e08f4c7c32d4f71b54bda02913,USDC,6,2026-06-27,-487168184,1170
0x9ed2b133457a9debb64997f932b15a0a81f61718e8a267a4b36fab7b960d788a,0x833589fcd6edb6e08f4c7c32d4f71b54bda02913,USDC,6,2026-06-28,-748438702,1334
0x9ed2b133457a9debb64997f932b15a0a81f61718e8a267a4b36fab7b960d788a,0x833589fcd6edb6e08f4c7c32d4f71b54bda02913,USDC,6,2026-06-29,-4892755,1537
0x9ed2b133457a9debb64997f932b15a0a81f61718e8a267a4b36fab7b960d788a,0x833589fcd6edb6e08f4c7c32d4f71b54bda02913,USDC,6,2026-06-30,317502357,1635
0x9ed2b133457a9debb64997f932b15a0a81f61718e8a267a4b36fab7b960d788a,0x833589fcd6edb6e08f4c7c32d4f71b54bda02913,USDC,6,2026-07-01,-119864891,1389
0x9ed2b133457a9debb64997f932b15a0a81f61718e8a267a4b36fab7b960d788a,0x833589fcd6edb6e08f4c7c32d4f71b54bda02913,USDC,6,2026-07-02,696365178,1585
0x9ed2b133457a9debb64997f932b15a0a81f61718e8a267a4b36fab7b960d788a,0x833589fcd6edb6e08f4c7c32d4f71b54bda02913,USDC,6,2026-07-03,3443452793,1380
0x9ed2b133457a9debb64997f932b15a0a81f61718e8a267a4b36fab7b960d788a,0x833589fcd6edb6e08f4c7c32d4f71b54bda02913,USDC,6,2026-07-04,-245974561,1382
0x9ed2b133457a9debb64997f932b15a0a81f61718e8a267a4b36fab7b960d788a,0x833589fcd6edb6e08f4c7c32d4f71b54bda02913,USDC,6,2026-07-05,-1638159290,1325
0x9ed2b133457a9debb64997f932b15a0a81f61718e8a267a4b36fab7b960d788a,0x833589fcd6edb6e08f4c7c32d4f71b54bda02913,USDC,6,2026-07-06,-36629481,1328
0x9ed2b133457a9debb64997f932b15a0a81f61718e8a267a4b36fab7b960d788a,0x833589fcd6edb6e08f4c7c32d4f71b54bda02913,USDC,6,2026-07-07,-387196357,1587
0x9ed2b133457a9debb64997f932b15a0a81f61718e8a267a4b36fab7b960d788a,0x833589fcd6edb6e08f4c7c32d4f71b54bda02913,USDC,6,2026-07-08,572236594,2042
0x9ed2b133457a9debb64997f932b15a0a81f61718e8a267a4b36fab7b960d788a,0x833589fcd6edb6e08f4c7c32d4f71b54bda02913,USDC,6,2026-07-09,-1154362194,1673
0x9ed2b133457a9debb64997f932b15a0a81f61718e8a267a4b36fab7b960d788a,0x833589fcd6edb6e08f4c7c32d4f71b54bda02913,USDC,6,2026-07-10,-55168610,1263
0x9ed2b133457a9debb64997f932b15a0a81f61718e8a267a4b36fab7b960d788a,0x833589fcd6edb6e08f4c7c32d4f71b54bda02913,USDC,6,2026-07-11,323949816,1514
0x9ed2b133457a9debb64997f932b15a0a81f61718e8a267a4b36fab7b960d788a,0x833589fcd6edb6e08f4c7c32d4f71b54bda02913,USDC,6,2026-07-12,-306591718,1212
0x9ed2b133457a9debb64997f932b15a0a81f61718e8a267a4b36fab7b960d788a,0x833589fcd6edb6e08f4c7c32d4f71b54bda02913,USDC,6,2026-07-13,-1389425439,1543
0x9ed2b133457a9debb64997f932b15a0a81f61718e8a267a4b36fab7b960d788a,0x833589fcd6edb6e08f4c7c32d4f71b54bda02913,USDC,6,2026-07-14,1791686385,1258
0x9ed2b133457a9debb64997f932b15a0a81f61718e8a267a4b36fab7b960d788a,0x833589fcd6edb6e08f4c7c32d4f71b54bda02913,USDC,6,2026-07-15,1135862421,1609
0x9ed2b133457a9debb64997f932b15a0a81f61718e8a267a4b36fab7b960d788a,0x833589fcd6edb6e08f4c7c32d4f71b54bda02913,USDC,6,2026-07-16,-872950772,1629
0x9ed2b133457a9debb64997f932b15a0a81f61718e8a267a4b36fab7b960d788a,0x833589fcd6edb6e08f4c7c32d4f71b54bda02913,USDC,6,2026-07-17,384344474,1682
0x9ed2b133457a9debb64997f932b15a0a81f61718e8a267a4b36fab7b960d788a,0x833589fcd6edb6e08f4c7c32d4f71b54bda02913,USDC,6,2026-07-18,830687776,851
0x9ed2b133457a9debb64997f932b15a0a81f61718e8a267a4b36fab7b960d788a,0x833589fcd6edb6e08f4c7c32d4f71b54bda02913,USDC,6,2026-07-19,69227246,775
0x9ed2b133457a9debb64997f932b15a0a81f61718e8a267a4b36fab7b960d788a,0x833589fcd6edb6e08f4c7c32d4f71b54bda02913,USDC,6,2026-07-20,451250855,915
0x9ed2b133457a9debb64997f932b15a0a81f61718e8a267a4b36fab7b960d788a,0x833589fcd6edb6e08f4c7c32d4f71b54bda02913,USDC,6,2026-07-21,-934535532,918
0x9ed2b133457a9debb64997f932b15a0a81f61718e8a267a4b36fab7b960d788a,0x833589fcd6edb6e08f4c7c32d4f71b54bda02913,USDC,6,2026-07-22,133716076,1302
0x9ed2b133457a9debb64997f932b15a0a81f61718e8a267a4b36fab7b960d788a,0x833589fcd6edb6e08f4c7c32d4f71b54bda02913,USDC,6,2026-07-23,129518710,1661
0x9ed2b133457a9debb64997f932b15a0a81f61718e8a267a4b36fab7b960d788a,0x833589fcd6edb6e08f4c7c32d4f71b54bda02913,USDC,6,2026-07-24,-1978185749,1588
0x9ed2b133457a9debb64997f932b15a0a81f61718e8a267a4b36fab7b960d788a,0xfde4c96c8593536e31f229ea8f37b2ada2699bb2,USDT,6,2025-11-27,6174434,504
0x9ed2b133457a9debb64997f932b15a0a81f61718e8a267a4b36fab7b960d788a,0xfde4c96c8593536e31f229ea8f37b2ada2699bb2,USDT,6,2025-11-28,-2326644,445
0x9ed2b133457a9debb64997f932b15a0a81f61718e8a267a4b36fab7b960d788a,0xfde4c96c8593536e31f229ea8f37b2ada2699bb2,USDT,6,2025-11-29,-652710,302
0x9ed2b133457a9debb64997f932b15a0a81f61718e8a267a4b36fab7b960d788a,0xfde4c96c8593536e31f229ea8f37b2ada2699bb2,USDT,6,2025-11-30,-10928889837,311
0x9ed2b133457a9debb64997f932b15a0a81f61718e8a267a4b36fab7b960d788a,0xfde4c96c8593536e31f229ea8f37b2ada2699bb2,USDT,6,2025-12-01,-251393,315
0x9ed2b133457a9debb64997f932b15a0a81f61718e8a267a4b36fab7b960d788a,0xfde4c96c8593536e31f229ea8f37b2ada2699bb2,USDT,6,2025-12-02,-304347330,293
0x9ed2b133457a9debb64997f932b15a0a81f61718e8a267a4b36fab7b960d788a,0xfde4c96c8593536e31f229ea8f37b2ada2699bb2,USDT,6,2025-12-03,-2322822,390
0x9ed2b133457a9debb64997f932b15a0a81f61718e8a267a4b36fab7b960d788a,0xfde4c96c8593536e31f229ea8f37b2ada2699bb2,USDT,6,2025-12-04,1688441,325
0x9ed2b133457a9debb64997f932b15a0a81f61718e8a267a4b36fab7b960d788a,0xfde4c96c8593536e31f229ea8f37b2ada2699bb2,USDT,6,2025-12-05,-1021520,265
0x9ed2b133457a9debb64997f932b15a0a81f61718e8a267a4b36fab7b960d788a,0xfde4c96c8593536e31f229ea8f37b2ada2699bb2,USDT,6,2025-12-06,823776,275
0x9ed2b133457a9debb64997f932b15a0a81f61718e8a267a4b36fab7b960d788a,0xfde4c96c8593536e31f229ea8f37b2ada2699bb2,USDT,6,2025-12-07,-3447357,228
0x9ed2b133457a9debb64997f932b15a0a81f61718e8a267a4b36fab7b960d788a,0xfde4c96c8593536e31f229ea8f37b2ada2699bb2,USDT,6,2025-12-08,-1376028,321
0x9ed2b133457a9debb64997f932b15a0a81f61718e8a267a4b36fab7b960d788a,0xfde4c96c8593536e31f229ea8f37b2ada2699bb2,USDT,6,2025-12-09,-3690186,148
0x9ed2b133457a9debb64997f932b15a0a81f61718e8a267a4b36fab7b960d788a,0xfde4c96c8593536e31f229ea8f37b2ada2699bb2,USDT,6,2025-12-10,60871,124
0x9ed2b133457a9debb64997f932b15a0a81f61718e8a267a4b36fab7b960d788a,0xfde4c96c8593536e31f229ea8f37b2ada2699bb2,USDT,6,2025-12-11,642918,97
0x9ed2b133457a9debb64997f932b15a0a81f61718e8a267a4b36fab7b960d788a,0xfde4c96c8593536e31f229ea8f37b2ada2699bb2,USDT,6,2025-12-12,-348647,81
0x9ed2b133457a9debb64997f932b15a0a81f61718e8a267a4b36fab7b960d788a,0xfde4c96c8593536e31f229ea8f37b2ada2699bb2,USDT,6,2025-12-13,625364,230
0x9ed2b133457a9debb64997f932b15a0a81f61718e8a267a4b36fab7b960d788a,0xfde4c96c8593536e31f229ea8f37b2ada2699bb2,USDT,6,2025-12-14,-107829,101
0x9ed2b133457a9debb64997f932b15a0a81f61718e8a267a4b36fab7b960d788a,0xfde4c96c8593536e31f229ea8f37b2ada2699bb2,USDT,6,2025-12-15,-4719640,146
0x9ed2b133457a9debb64997f932b15a0a81f61718e8a267a4b36fab7b960d788a,0xfde4c96c8593536e31f229ea8f37b2ada2699bb2,USDT,6,2025-12-16,376878,75
0x9ed2b133457a9debb64997f932b15a0a81f61718e8a267a4b36fab7b960d788a,0xfde4c96c8593536e31f229ea8f37b2ada2699bb2,USDT,6,2025-12-17,-379425,48
0x9ed2b133457a9debb64997f932b15a0a81f61718e8a267a4b36fab7b960d788a,0xfde4c96c8593536e31f229ea8f37b2ada2699bb2,USDT,6,2025-12-18,46567,52
0x9ed2b133457a9debb64997f932b15a0a81f61718e8a267a4b36fab7b960d788a,0xfde4c96c8593536e31f229ea8f37b2ada2699bb2,USDT,6,2025-12-19,-9555,54
0x9ed2b133457a9debb64997f932b15a0a81f61718e8a267a4b36fab7b960d788a,0xfde4c96c8593536e31f229ea8f37b2ada2699bb2,USDT,6,2025-12-20,365158,64
0x9ed2b133457a9debb64997f932b15a0a81f61718e8a267a4b36fab7b960d788a,0xfde4c96c8593536e31f229ea8f37b2ada2699bb2,USDT,6,2025-12-21,-640192,66
0x9ed2b133457a9debb64997f932b15a0a81f61718e8a267a4b36fab7b960d788a,0xfde4c96c8593536e31f229ea8f37b2ada2699bb2,USDT,6,2025-12-22,576927,40
0x9ed2b133457a9debb64997f932b15a0a81f61718e8a267a4b36fab7b960d788a,0xfde4c96c8593536e31f229ea8f37b2ada2699bb2,USDT,6,2025-12-23,73881,76
0x9ed2b133457a9debb64997f932b15a0a81f61718e8a267a4b36fab7b960d788a,0xfde4c96c8593536e31f229ea8f37b2ada2699bb2,USDT,6,2025-12-24,-55758,69
0x9ed2b133457a9debb64997f932b15a0a81f61718e8a267a4b36fab7b960d788a,0xfde4c96c8593536e31f229ea8f37b2ada2699bb2,USDT,6,2025-12-25,-441017,146
0x9ed2b133457a9debb64997f932b15a0a81f61718e8a267a4b36fab7b960d788a,0xfde4c96c8593536e31f229ea8f37b2ada2699bb2,USDT,6,2025-12-26,-223444,43
0x9ed2b133457a9debb64997f932b15a0a81f61718e8a267a4b36fab7b960d788a,0xfde4c96c8593536e31f229ea8f37b2ada2699bb2,USDT,6,2025-12-27,-121532,31
0x9ed2b133457a9debb64997f932b15a0a81f61718e8a267a4b36fab7b960d788a,0xfde4c96c8593536e31f229ea8f37b2ada2699bb2,USDT,6,2025-12-28,26110,38
0x9ed2b133457a9debb64997f932b15a0a81f61718e8a267a4b36fab7b960d788a,0xfde4c96c8593536e31f229ea8f37b2ada2699bb2,USDT,6,2025-12-29,315112,40
0x9ed2b133457a9debb64997f932b15a0a81f61718e8a267a4b36fab7b960d788a,0xfde4c96c8593536e31f229ea8f37b2ada2699bb2,USDT,6,2025-12-30,56449,174
0x9ed2b133457a9debb64997f932b15a0a81f61718e8a267a4b36fab7b960d788a,0xfde4c96c8593536e31f229ea8f37b2ada2699bb2,USDT,6,2025-12-31,4972821,367
0x9ed2b133457a9debb64997f932b15a0a81f61718e8a267a4b36fab7b960d788a,0xfde4c96c8593536e31f229ea8f37b2ada2699bb2,USDT,6,2026-01-01,4850202,186
0x9ed2b133457a9debb64997f932b15a0a81f61718e8a267a4b36fab7b960d788a,0xfde4c96c8593536e31f229ea8f37b2ada2699bb2,USDT,6,2026-01-02,-2340919,116
0x9ed2b133457a9debb64997f932b15a0a81f61718e8a267a4b36fab7b960d788a,0xfde4c96c8593536e31f229ea8f37b2ada2699bb2,USDT,6,2026-01-03,-648823,155
0x9ed2b133457a9debb64997f932b15a0a81f61718e8a267a4b36fab7b960d788a,0xfde4c96c8593536e31f229ea8f37b2ada2699bb2,USDT,6,2026-01-04,2678164,234
0x9ed2b133457a9debb64997f932b15a0a81f61718e8a267a4b36fab7b960d788a,0xfde4c96c8593536e31f229ea8f37b2ada2699bb2,USDT,6,2026-01-05,323693,417
0x9ed2b133457a9debb64997f932b15a0a81f61718e8a267a4b36fab7b960d788a,0xfde4c96c8593536e31f229ea8f37b2ada2699bb2,USDT,6,2026-01-06,-5443397,404
0x9ed2b133457a9debb64997f932b15a0a81f61718e8a267a4b36fab7b960d788a,0xfde4c96c8593536e31f229ea8f37b2ada2699bb2,USDT,6,2026-01-07,2627868,405
0x9ed2b133457a9debb64997f932b15a0a81f61718e8a267a4b36fab7b960d788a,0xfde4c96c8593536e31f229ea8f37b2ada2699bb2,USDT,6,2026-01-08,-1682124,374
0x9ed2b133457a9debb64997f932b15a0a81f61718e8a267a4b36fab7b960d788a,0xfde4c96c8593536e31f229ea8f37b2ada2699bb2,USDT,6,2026-01-09,413257,310
0x9ed2b133457a9debb64997f932b15a0a81f61718e8a267a4b36fab7b960d788a,0xfde4c96c8593536e31f229ea8f37b2ada2699bb2,USDT,6,2026-01-10,-576874,948
0x9ed2b133457a9debb64997f932b15a0a81f61718e8a267a4b36fab7b960d788a,0xfde4c96c8593536e31f229ea8f37b2ada2699bb2,USDT,6,2026-01-11,4112179,410
0x9ed2b133457a9debb64997f932b15a0a81f61718e8a267a4b36fab7b960d788a,0xfde4c96c8593536e31f229ea8f37b2ada2699bb2,USDT,6,2026-01-12,-2350095,156
0x9ed2b133457a9debb64997f932b15a0a81f61718e8a267a4b36fab7b960d788a,0xfde4c96c8593536e31f229ea8f37b2ada2699bb2,USDT,6,2026-01-13,-415836,187
0x9ed2b133457a9debb64997f932b15a0a81f61718e8a267a4b36fab7b960d788a,0xfde4c96c8593536e31f229ea8f37b2ada2699bb2,USDT,6,2026-01-14,-452318,154
0x9ed2b133457a9debb64997f932b15a0a81f61718e8a267a4b36fab7b960d788a,0xfde4c96c8593536e31f229ea8f37b2ada2699bb2,USDT,6,2026-01-15,1597555,83
0x9ed2b133457a9debb64997f932b15a0a81f61718e8a267a4b36fab7b960d788a,0xfde4c96c8593536e31f229ea8f37b2ada2699bb2,USDT,6,2026-01-16,-2913234,104
0x9ed2b133457a9debb64997f932b15a0a81f61718e8a267a4b36fab7b960d788a,0xfde4c96c8593536e31f229ea8f37b2ada2699bb2,USDT,6,2026-01-17,-1422566,110
0x9ed2b133457a9debb64997f932b15a0a81f61718e8a267a4b36fab7b960d788a,0xfde4c96c8593536e31f229ea8f37b2ada2699bb2,USDT,6,2026-01-18,2684905,118
0x9ed2b133457a9debb64997f932b15a0a81f61718e8a267a4b36fab7b960d788a,0xfde4c96c8593536e31f229ea8f37b2ada2699bb2,USDT,6,2026-01-19,-3053186,156
0x9ed2b133457a9debb64997f932b15a0a81f61718e8a267a4b36fab7b960d788a,0xfde4c96c8593536e31f229ea8f37b2ada2699bb2,USDT,6,2026-01-20,3124388,170
0x9ed2b133457a9debb64997f932b15a0a81f61718e8a267a4b36fab7b960d788a,0xfde4c96c8593536e31f229ea8f37b2ada2699bb2,USDT,6,2026-01-21,545919,95
0x9ed2b133457a9debb64997f932b15a0a81f61718e8a267a4b36fab7b960d788a,0xfde4c96c8593536e31f229ea8f37b2ada2699bb2,USDT,6,2026-01-22,1944049,159
0x9ed2b133457a9debb64997f932b15a0a81f61718e8a267a4b36fab7b960d788a,0xfde4c96c8593536e31f229ea8f37b2ada2699bb2,USDT,6,2026-01-23,-56758947,149
0x9ed2b133457a9debb64997f932b15a0a81f61718e8a267a4b36fab7b960d788a,0xfde4c96c8593536e31f229ea8f37b2ada2699bb2,USDT,6,2026-01-24,-287462,101
0x9ed2b133457a9debb64997f932b15a0a81f61718e8a267a4b36fab7b960d788a,0xfde4c96c8593536e31f229ea8f37b2ada2699bb2,USDT,6,2026-01-25,451766,164
0x9ed2b133457a9debb64997f932b15a0a81f61718e8a267a4b36fab7b960d788a,0xfde4c96c8593536e31f229ea8f37b2ada2699bb2,USDT,6,2026-01-26,-2663988,163
0x9ed2b133457a9debb64997f932b15a0a81f61718e8a267a4b36fab7b960d788a,0xfde4c96c8593536e31f229ea8f37b2ada2699bb2,USDT,6,2026-01-27,-1177290,101
0x9ed2b133457a9debb64997f932b15a0a81f61718e8a267a4b36fab7b960d788a,0xfde4c96c8593536e31f229ea8f37b2ada2699bb2,USDT,6,2026-01-28,1249777,138
0x9ed2b133457a9debb64997f932b15a0a81f61718e8a267a4b36fab7b960d788a,0xfde4c96c8593536e31f229ea8f37b2ada2699bb2,USDT,6,2026-01-29,1401312528,1016
0x9ed2b133457a9debb64997f932b15a0a81f61718e8a267a4b36fab7b960d788a,0xfde4c96c8593536e31f229ea8f37b2ada2699bb2,USDT,6,2026-01-30,1381682902,2446
0x9ed2b133457a9debb64997f932b15a0a81f61718e8a267a4b36fab7b960d788a,0xfde4c96c8593536e31f229ea8f37b2ada2699bb2,USDT,6,2026-01-31,576607057,3125
0x9ed2b133457a9debb64997f932b15a0a81f61718e8a267a4b36fab7b960d788a,0xfde4c96c8593536e31f229ea8f37b2ada2699bb2,USDT,6,2026-02-01,8211142727,2961
0x9ed2b133457a9debb64997f932b15a0a81f61718e8a267a4b36fab7b960d788a,0xfde4c96c8593536e31f229ea8f37b2ada2699bb2,USDT,6,2026-02-02,566968219,2200
0x9ed2b133457a9debb64997f932b15a0a81f61718e8a267a4b36fab7b960d788a,0xfde4c96c8593536e31f229ea8f37b2ada2699bb2,USDT,6,2026-02-03,163598857,2502
0x9ed2b133457a9debb64997f932b15a0a81f61718e8a267a4b36fab7b960d788a,0xfde4c96c8593536e31f229ea8f37b2ada2699bb2,USDT,6,2026-02-04,-359556057,1989
0x9ed2b133457a9debb64997f932b15a0a81f61718e8a267a4b36fab7b960d788a,0xfde4c96c8593536e31f229ea8f37b2ada2699bb2,USDT,6,2026-02-05,-2580220348,2359
0x9ed2b133457a9debb64997f932b15a0a81f61718e8a267a4b36fab7b960d788a,0xfde4c96c8593536e31f229ea8f37b2ada2699bb2,USDT,6,2026-02-06,-7483017597,1559
0x9ed2b133457a9debb64997f932b15a0a81f61718e8a267a4b36fab7b960d788a,0xfde4c96c8593536e31f229ea8f37b2ada2699bb2,USDT,6,2026-02-07,-681112179,1236
0x9ed2b133457a9debb64997f932b15a0a81f61718e8a267a4b36fab7b960d788a,0xfde4c96c8593536e31f229ea8f37b2ada2699bb2,USDT,6,2026-02-08,760271116,1398
0x9ed2b133457a9debb64997f932b15a0a81f61718e8a267a4b36fab7b960d788a,0xfde4c96c8593536e31f229ea8f37b2ada2699bb2,USDT,6,2026-02-09,2057970819,1612
0x9ed2b133457a9debb64997f932b15a0a81f61718e8a267a4b36fab7b960d788a,0xfde4c96c8593536e31f229ea8f37b2ada2699bb2,USDT,6,2026-02-10,205487396,2436
0x9ed2b133457a9debb64997f932b15a0a81f61718e8a267a4b36fab7b960d788a,0xfde4c96c8593536e31f229ea8f37b2ada2699bb2,USDT,6,2026-02-11,-590142320,2382
0x9ed2b133457a9debb64997f932b15a0a81f61718e8a267a4b36fab7b960d788a,0xfde4c96c8593536e31f229ea8f37b2ada2699bb2,USDT,6,2026-02-12,322967931,2795
0x9ed2b133457a9debb64997f932b15a0a81f61718e8a267a4b36fab7b960d788a,0xfde4c96c8593536e31f229ea8f37b2ada2699bb2,USDT,6,2026-02-13,-497252461,3579
0x9ed2b133457a9debb64997f932b15a0a81f61718e8a267a4b36fab7b960d788a,0xfde4c96c8593536e31f229ea8f37b2ada2699bb2,USDT,6,2026-02-14,-410332456,2984
0x9ed2b133457a9debb64997f932b15a0a81f61718e8a267a4b36fab7b960d788a,0xfde4c96c8593536e31f229ea8f37b2ada2699bb2,USDT,6,2026-02-15,643312120,3415
0x9ed2b133457a9debb64997f932b15a0a81f61718e8a267a4b36fab7b960d788a,0xfde4c96c8593536e31f229ea8f37b2ada2699bb2,USDT,6,2026-02-16,1265961444,2918
0x9ed2b133457a9debb64997f932b15a0a81f61718e8a267a4b36fab7b960d788a,0xfde4c96c8593536e31f229ea8f37b2ada2699bb2,USDT,6,2026-02-17,3438842088,1163
0x9ed2b133457a9debb64997f932b15a0a81f61718e8a267a4b36fab7b960d788a,0xfde4c96c8593536e31f229ea8f37b2ada2699bb2,USDT,6,2026-02-18,689480303,2198
0x9ed2b133457a9debb64997f932b15a0a81f61718e8a267a4b36fab7b960d788a,0xfde4c96c8593536e31f229ea8f37b2ada2699bb2,USDT,6,2026-02-19,-1148780982,1778
0x9ed2b133457a9debb64997f932b15a0a81f61718e8a267a4b36fab7b960d788a,0xfde4c96c8593536e31f229ea8f37b2ada2699bb2,USDT,6,2026-02-20,357433269,3155
0x9ed2b133457a9debb64997f932b15a0a81f61718e8a267a4b36fab7b960d788a,0xfde4c96c8593536e31f229ea8f37b2ada2699bb2,USDT,6,2026-02-21,-287925323,2475
0x9ed2b133457a9debb64997f932b15a0a81f61718e8a267a4b36fab7b960d788a,0xfde4c96c8593536e31f229ea8f37b2ada2699bb2,USDT,6,2026-02-22,-3300645060,1477
0x9ed2b133457a9debb64997f932b15a0a81f61718e8a267a4b36fab7b960d788a,0xfde4c96c8593536e31f229ea8f37b2ada2699bb2,USDT,6,2026-02-23,43139403,1332
0x9ed2b133457a9debb64997f932b15a0a81f61718e8a267a4b36fab7b960d788a,0xfde4c96c8593536e31f229ea8f37b2ada2699bb2,USDT,6,2026-02-24,-609312940,2893
0x9ed2b133457a9debb64997f932b15a0a81f61718e8a267a4b36fab7b960d788a,0xfde4c96c8593536e31f229ea8f37b2ada2699bb2,USDT,6,2026-02-25,-1776808121,4970
0x9ed2b133457a9debb64997f932b15a0a81f61718e8a267a4b36fab7b960d788a,0xfde4c96c8593536e31f229ea8f37b2ada2699bb2,USDT,6,2026-02-26,-1992272251,4938
0x9ed2b133457a9debb64997f932b15a0a81f61718e8a267a4b36fab7b960d788a,0xfde4c96c8593536e31f229ea8f37b2ada2699bb2,USDT,6,2026-02-27,441803818,2673
0x9ed2b133457a9debb64997f932b15a0a81f61718e8a267a4b36fab7b960d788a,0xfde4c96c8593536e31f229ea8f37b2ada2699bb2,USDT,6,2026-02-28,-420241390,2498
0x9ed2b133457a9debb64997f932b15a0a81f61718e8a267a4b36fab7b960d788a,0xfde4c96c8593536e31f229ea8f37b2ada2699bb2,USDT,6,2026-03-01,144036860,2592
0x9ed2b133457a9debb64997f932b15a0a81f61718e8a267a4b36fab7b960d788a,0xfde4c96c8593536e31f229ea8f37b2ada2699bb2,USDT,6,2026-03-02,505438332,2373
0x9ed2b133457a9debb64997f932b15a0a81f61718e8a267a4b36fab7b960d788a,0xfde4c96c8593536e31f229ea8f37b2ada2699bb2,USDT,6,2026-03-03,71524025,3763
0x9ed2b133457a9debb64997f932b15a0a81f61718e8a267a4b36fab7b960d788a,0xfde4c96c8593536e31f229ea8f37b2ada2699bb2,USDT,6,2026-03-04,-43715453,5550
0x9ed2b133457a9debb64997f932b15a0a81f61718e8a267a4b36fab7b960d788a,0xfde4c96c8593536e31f229ea8f37b2ada2699bb2,USDT,6,2026-03-05,1157432520,4239
0x9ed2b133457a9debb64997f932b15a0a81f61718e8a267a4b36fab7b960d788a,0xfde4c96c8593536e31f229ea8f37b2ada2699bb2,USDT,6,2026-03-06,212401365,3083
0x9ed2b133457a9debb64997f932b15a0a81f61718e8a267a4b36fab7b960d788a,0xfde4c96c8593536e31f229ea8f37b2ada2699bb2,USDT,6,2026-03-07,264740846,2354
0x9ed2b133457a9debb64997f932b15a0a81f61718e8a267a4b36fab7b960d788a,0xfde4c96c8593536e31f229ea8f37b2ada2699bb2,USDT,6,2026-03-08,-65855231,2498
0x9ed2b133457a9debb64997f932b15a0a81f61718e8a267a4b36fab7b960d788a,0xfde4c96c8593536e31f229ea8f37b2ada2699bb2,USDT,6,2026-03-09,-80280592,2739
0x9ed2b133457a9debb64997f932b15a0a81f61718e8a267a4b36fab7b960d788a,0xfde4c96c8593536e31f229ea8f37b2ada2699bb2,USDT,6,2026-03-10,186582777,7533
0x9ed2b133457a9debb64997f932b15a0a81f61718e8a267a4b36fab7b960d788a,0xfde4c96c8593536e31f229ea8f37b2ada2699bb2,USDT,6,2026-03-11,497281506,12157
0x9ed2b133457a9debb64997f932b15a0a81f61718e8a267a4b36fab7b960d788a,0xfde4c96c8593536e31f229ea8f37b2ada2699bb2,USDT,6,2026-03-12,-1112014395,6454
0x9ed2b133457a9debb64997f932b15a0a81f61718e8a267a4b36fab7b960d788a,0xfde4c96c8593536e31f229ea8f37b2ada2699bb2,USDT,6,2026-03-13,104161821,4143
0x9ed2b133457a9debb64997f932b15a0a81f61718e8a267a4b36fab7b960d788a,0xfde4c96c8593536e31f229ea8f37b2ada2699bb2,USDT,6,2026-03-14,854206213,3413
0x9ed2b133457a9debb64997f932b15a0a81f61718e8a267a4b36fab7b960d788a,0xfde4c96c8593536e31f229ea8f37b2ada2699bb2,USDT,6,2026-03-15,1543283526,4189
0x9ed2b133457a9debb64997f932b15a0a81f61718e8a267a4b36fab7b960d788a,0xfde4c96c8593536e31f229ea8f37b2ada2699bb2,USDT,6,2026-03-16,-1157495050,3373
0x9ed2b133457a9debb64997f932b15a0a81f61718e8a267a4b36fab7b960d788a,0xfde4c96c8593536e31f229ea8f37b2ada2699bb2,USDT,6,2026-03-17,-60393497,2137
0x9ed2b133457a9debb64997f932b15a0a81f61718e8a267a4b36fab7b960d788a,0xfde4c96c8593536e31f229ea8f37b2ada2699bb2,USDT,6,2026-03-18,1974226366,3624
0x9ed2b133457a9debb64997f932b15a0a81f61718e8a267a4b36fab7b960d788a,0xfde4c96c8593536e31f229ea8f37b2ada2699bb2,USDT,6,2026-03-19,735872400,3183
0x9ed2b133457a9debb64997f932b15a0a81f61718e8a267a4b36fab7b960d788a,0xfde4c96c8593536e31f229ea8f37b2ada2699bb2,USDT,6,2026-03-20,1963682797,2028
0x9ed2b133457a9debb64997f932b15a0a81f61718e8a267a4b36fab7b960d788a,0xfde4c96c8593536e31f229ea8f37b2ada2699bb2,USDT,6,2026-03-21,776076667,1290
0x9ed2b133457a9debb64997f932b15a0a81f61718e8a267a4b36fab7b960d788a,0xfde4c96c8593536e31f229ea8f37b2ada2699bb2,USDT,6,2026-03-22,-325691461,2239
0x9ed2b133457a9debb64997f932b15a0a81f61718e8a267a4b36fab7b960d788a,0xfde4c96c8593536e31f229ea8f37b2ada2699bb2,USDT,6,2026-03-23,1601047817,2745
0x9ed2b133457a9debb64997f932b15a0a81f61718e8a267a4b36fab7b960d788a,0xfde4c96c8593536e31f229ea8f37b2ada2699bb2,USDT,6,2026-03-24,-7209005348,3024
0x9ed2b133457a9debb64997f932b15a0a81f61718e8a267a4b36fab7b960d788a,0xfde4c96c8593536e31f229ea8f37b2ada2699bb2,USDT,6,2026-03-25,26852774467,3724
0x9ed2b133457a9debb64997f932b15a0a81f61718e8a267a4b36fab7b960d788a,0xfde4c96c8593536e31f229ea8f37b2ada2699bb2,USDT,6,2026-03-26,4776894708,4148
0x9ed2b133457a9debb64997f932b15a0a81f61718e8a267a4b36fab7b960d788a,0xfde4c96c8593536e31f229ea8f37b2ada2699bb2,USDT,6,2026-03-27,2946214264,3019
0x9ed2b133457a9debb64997f932b15a0a81f61718e8a267a4b36fab7b960d788a,0xfde4c96c8593536e31f229ea8f37b2ada2699bb2,USDT,6,2026-03-28,-1503046413,4241
0x9ed2b133457a9debb64997f932b15a0a81f61718e8a267a4b36fab7b960d788a,0xfde4c96c8593536e31f229ea8f37b2ada2699bb2,USDT,6,2026-03-29,6163566576,7228
0x9ed2b133457a9debb64997f932b15a0a81f61718e8a267a4b36fab7b960d788a,0xfde4c96c8593536e31f229ea8f37b2ada2699bb2,USDT,6,2026-03-30,-2246250553,6334
0x9ed2b133457a9debb64997f932b15a0a81f61718e8a267a4b36fab7b960d788a,0xfde4c96c8593536e31f229ea8f37b2ada2699bb2,USDT,6,2026-03-31,-1517808433,2101
0x9ed2b133457a9debb64997f932b15a0a81f61718e8a267a4b36fab7b960d788a,0xfde4c96c8593536e31f229ea8f37b2ada2699bb2,USDT,6,2026-04-01,1362438713,2777
0x9ed2b133457a9debb64997f932b15a0a81f61718e8a267a4b36fab7b960d788a,0xfde4c96c8593536e31f229ea8f37b2ada2699bb2,USDT,6,2026-04-02,-4279323474,2684
0x9ed2b133457a9debb64997f932b15a0a81f61718e8a267a4b36fab7b960d788a,0xfde4c96c8593536e31f229ea8f37b2ada2699bb2,USDT,6,2026-04-03,5492335536,2023
0x9ed2b133457a9debb64997f932b15a0a81f61718e8a267a4b36fab7b960d788a,0xfde4c96c8593536e31f229ea8f37b2ada2699bb2,USDT,6,2026-04-04,1399067764,2081
0x9ed2b133457a9debb64997f932b15a0a81f61718e8a267a4b36fab7b960d788a,0xfde4c96c8593536e31f229ea8f37b2ada2699bb2,USDT,6,2026-04-05,-1488976533,1889
0x9ed2b133457a9debb64997f932b15a0a81f61718e8a267a4b36fab7b960d788a,0xfde4c96c8593536e31f229ea8f37b2ada2699bb2,USDT,6,2026-04-06,6171853791,1718
0x9ed2b133457a9debb64997f932b15a0a81f61718e8a267a4b36fab7b960d788a,0xfde4c96c8593536e31f229ea8f37b2ada2699bb2,USDT,6,2026-04-07,-7674500201,2154
0x9ed2b133457a9debb64997f932b15a0a81f61718e8a267a4b36fab7b960d788a,0xfde4c96c8593536e31f229ea8f37b2ada2699bb2,USDT,6,2026-04-08,3513778315,2258
0x9ed2b133457a9debb64997f932b15a0a81f61718e8a267a4b36fab7b960d788a,0xfde4c96c8593536e31f229ea8f37b2ada2699bb2,USDT,6,2026-04-09,-19562023412,3903
0x9ed2b133457a9debb64997f932b15a0a81f61718e8a267a4b36fab7b960d788a,0xfde4c96c8593536e31f229ea8f37b2ada2699bb2,USDT,6,2026-04-10,-7619727177,2280
0x9ed2b133457a9debb64997f932b15a0a81f61718e8a267a4b36fab7b960d788a,0xfde4c96c8593536e31f229ea8f37b2ada2699bb2,USDT,6,2026-04-11,-2039229131,1822
0x9ed2b133457a9debb64997f932b15a0a81f61718e8a267a4b36fab7b960d788a,0xfde4c96c8593536e31f229ea8f37b2ada2699bb2,USDT,6,2026-04-12,-5871241681,1640
0x9ed2b133457a9debb64997f932b15a0a81f61718e8a267a4b36fab7b960d788a,0xfde4c96c8593536e31f229ea8f37b2ada2699bb2,USDT,6,2026-04-13,11697159122,1892
0x9ed2b133457a9debb64997f932b15a0a81f61718e8a267a4b36fab7b960d788a,0xfde4c96c8593536e31f229ea8f37b2ada2699bb2,USDT,6,2026-04-14,265582251,1724
0x9ed2b133457a9debb64997f932b15a0a81f61718e8a267a4b36fab7b960d788a,0xfde4c96c8593536e31f229ea8f37b2ada2699bb2,USDT,6,2026-04-15,1036011509,1788
0x9ed2b133457a9debb64997f932b15a0a81f61718e8a267a4b36fab7b960d788a,0xfde4c96c8593536e31f229ea8f37b2ada2699bb2,USDT,6,2026-04-16,2098643977,2473
0x9ed2b133457a9debb64997f932b15a0a81f61718e8a267a4b36fab7b960d788a,0xfde4c96c8593536e31f229ea8f37b2ada2699bb2,USDT,6,2026-04-17,6466979214,1957
0x9ed2b133457a9debb64997f932b15a0a81f61718e8a267a4b36fab7b960d788a,0xfde4c96c8593536e31f229ea8f37b2ada2699bb2,USDT,6,2026-04-18,1535845148,1524
0x9ed2b133457a9debb64997f932b15a0a81f61718e8a267a4b36fab7b960d788a,0xfde4c96c8593536e31f229ea8f37b2ada2699bb2,USDT,6,2026-04-19,-8757836634,1885
0x9ed2b133457a9debb64997f932b15a0a81f61718e8a267a4b36fab7b960d788a,0xfde4c96c8593536e31f229ea8f37b2ada2699bb2,USDT,6,2026-04-20,2285490236,2530
0x9ed2b133457a9debb64997f932b15a0a81f61718e8a267a4b36fab7b960d788a,0xfde4c96c8593536e31f229ea8f37b2ada2699bb2,USDT,6,2026-04-21,4919577064,2517
0x9ed2b133457a9debb64997f932b15a0a81f61718e8a267a4b36fab7b960d788a,0xfde4c96c8593536e31f229ea8f37b2ada2699bb2,USDT,6,2026-04-22,9302048924,2207
0x9ed2b133457a9debb64997f932b15a0a81f61718e8a267a4b36fab7b960d788a,0xfde4c96c8593536e31f229ea8f37b2ada2699bb2,USDT,6,2026-04-23,-133294862,1870
0x9ed2b133457a9debb64997f932b15a0a81f61718e8a267a4b36fab7b960d788a,0xfde4c96c8593536e31f229ea8f37b2ada2699bb2,USDT,6,2026-04-24,1751279327,1786
0x9ed2b133457a9debb64997f932b15a0a81f61718e8a267a4b36fab7b960d788a,0xfde4c96c8593536e31f229ea8f37b2ada2699bb2,USDT,6,2026-04-25,4746810507,1860
0x9ed2b133457a9debb64997f932b15a0a81f61718e8a267a4b36fab7b960d788a,0xfde4c96c8593536e31f229ea8f37b2ada2699bb2,USDT,6,2026-04-26,577532986,2066
0x9ed2b133457a9debb64997f932b15a0a81f61718e8a267a4b36fab7b960d788a,0xfde4c96c8593536e31f229ea8f37b2ada2699bb2,USDT,6,2026-04-27,-279211388,2188
0x9ed2b133457a9debb64997f932b15a0a81f61718e8a267a4b36fab7b960d788a,0xfde4c96c8593536e31f229ea8f37b2ada2699bb2,USDT,6,2026-04-28,-5059105673,1957
0x9ed2b133457a9debb64997f932b15a0a81f61718e8a267a4b36fab7b960d788a,0xfde4c96c8593536e31f229ea8f37b2ada2699bb2,USDT,6,2026-04-29,2980659677,2186
0x9ed2b133457a9debb64997f932b15a0a81f61718e8a267a4b36fab7b960d788a,0xfde4c96c8593536e31f229ea8f37b2ada2699bb2,USDT,6,2026-04-30,1933260175,1762
0x9ed2b133457a9debb64997f932b15a0a81f61718e8a267a4b36fab7b960d788a,0xfde4c96c8593536e31f229ea8f37b2ada2699bb2,USDT,6,2026-05-01,7559125800,2399
0x9ed2b133457a9debb64997f932b15a0a81f61718e8a267a4b36fab7b960d788a,0xfde4c96c8593536e31f229ea8f37b2ada2699bb2,USDT,6,2026-05-02,-7320978059,2526
0x9ed2b133457a9debb64997f932b15a0a81f61718e8a267a4b36fab7b960d788a,0xfde4c96c8593536e31f229ea8f37b2ada2699bb2,USDT,6,2026-05-03,-3603756159,2466
0x9ed2b133457a9debb64997f932b15a0a81f61718e8a267a4b36fab7b960d788a,0xfde4c96c8593536e31f229ea8f37b2ada2699bb2,USDT,6,2026-05-04,-1191061295,2272
0x9ed2b133457a9debb64997f932b15a0a81f61718e8a267a4b36fab7b960d788a,0xfde4c96c8593536e31f229ea8f37b2ada2699bb2,USDT,6,2026-05-05,-130940049,2220
0x9ed2b133457a9debb64997f932b15a0a81f61718e8a267a4b36fab7b960d788a,0xfde4c96c8593536e31f229ea8f37b2ada2699bb2,USDT,6,2026-05-06,-445034176,2274
0x9ed2b133457a9debb64997f932b15a0a81f61718e8a267a4b36fab7b960d788a,0xfde4c96c8593536e31f229ea8f37b2ada2699bb2,USDT,6,2026-05-07,3447782571,2317
0x9ed2b133457a9debb64997f932b15a0a81f61718e8a267a4b36fab7b960d788a,0xfde4c96c8593536e31f229ea8f37b2ada2699bb2,USDT,6,2026-05-08,-1607230308,2235
0x9ed2b133457a9debb64997f932b15a0a81f61718e8a267a4b36fab7b960d788a,0xfde4c96c8593536e31f229ea8f37b2ada2699bb2,USDT,6,2026-05-09,-2737796884,1932
0x9ed2b133457a9debb64997f932b15a0a81f61718e8a267a4b36fab7b960d788a,0xfde4c96c8593536e31f229ea8f37b2ada2699bb2,USDT,6,2026-05-10,346941301,1733
0x9ed2b133457a9debb64997f932b15a0a81f61718e8a267a4b36fab7b960d788a,0xfde4c96c8593536e31f229ea8f37b2ada2699bb2,USDT,6,2026-05-11,-1150950024,1915
0x9ed2b133457a9debb64997f932b15a0a81f61718e8a267a4b36fab7b960d788a,0xfde4c96c8593536e31f229ea8f37b2ada2699bb2,USDT,6,2026-05-12,2395991513,1838
0x9ed2b133457a9debb64997f932b15a0a81f61718e8a267a4b36fab7b960d788a,0xfde4c96c8593536e31f229ea8f37b2ada2699bb2,USDT,6,2026-05-13,-1847612567,2818
0x9ed2b133457a9debb64997f932b15a0a81f61718e8a267a4b36fab7b960d788a,0xfde4c96c8593536e31f229ea8f37b2ada2699bb2,USDT,6,2026-05-14,-2251348573,2182
0x9ed2b133457a9debb64997f932b15a0a81f61718e8a267a4b36fab7b960d788a,0xfde4c96c8593536e31f229ea8f37b2ada2699bb2,USDT,6,2026-05-15,14830045538,1887
0x9ed2b133457a9debb64997f932b15a0a81f61718e8a267a4b36fab7b960d788a,0xfde4c96c8593536e31f229ea8f37b2ada2699bb2,USDT,6,2026-05-16,3451738954,1235
0x9ed2b133457a9debb64997f932b15a0a81f61718e8a267a4b36fab7b960d788a,0xfde4c96c8593536e31f229ea8f37b2ada2699bb2,USDT,6,2026-05-17,-1089418617,2339
0x9ed2b133457a9debb64997f932b15a0a81f61718e8a267a4b36fab7b960d788a,0xfde4c96c8593536e31f229ea8f37b2ada2699bb2,USDT,6,2026-05-18,2244443821,2401
0x9ed2b133457a9debb64997f932b15a0a81f61718e8a267a4b36fab7b960d788a,0xfde4c96c8593536e31f229ea8f37b2ada2699bb2,USDT,6,2026-05-19,3413438540,2312
0x9ed2b133457a9debb64997f932b15a0a81f61718e8a267a4b36fab7b960d788a,0xfde4c96c8593536e31f229ea8f37b2ada2699bb2,USDT,6,2026-05-20,-1138708878,2329
0x9ed2b133457a9debb64997f932b15a0a81f61718e8a267a4b36fab7b960d788a,0xfde4c96c8593536e31f229ea8f37b2ada2699bb2,USDT,6,2026-05-21,-4034319103,2987
0x9ed2b133457a9debb64997f932b15a0a81f61718e8a267a4b36fab7b960d788a,0xfde4c96c8593536e31f229ea8f37b2ada2699bb2,USDT,6,2026-05-22,8140162955,2994
0x9ed2b133457a9debb64997f932b15a0a81f61718e8a267a4b36fab7b960d788a,0xfde4c96c8593536e31f229ea8f37b2ada2699bb2,USDT,6,2026-05-23,-11100699911,2191
0x9ed2b133457a9debb64997f932b15a0a81f61718e8a267a4b36fab7b960d788a,0xfde4c96c8593536e31f229ea8f37b2ada2699bb2,USDT,6,2026-05-24,-114382430,2451
0x9ed2b133457a9debb64997f932b15a0a81f61718e8a267a4b36fab7b960d788a,0xfde4c96c8593536e31f229ea8f37b2ada2699bb2,USDT,6,2026-05-25,5447149454,3122
0x9ed2b133457a9debb64997f932b15a0a81f61718e8a267a4b36fab7b960d788a,0xfde4c96c8593536e31f229ea8f37b2ada2699bb2,USDT,6,2026-05-26,-3104585744,5969
0x9ed2b133457a9debb64997f932b15a0a81f61718e8a267a4b36fab7b960d788a,0xfde4c96c8593536e31f229ea8f37b2ada2699bb2,USDT,6,2026-05-27,506379152,3575
0x9ed2b133457a9debb64997f932b15a0a81f61718e8a267a4b36fab7b960d788a,0xfde4c96c8593536e31f229ea8f37b2ada2699bb2,USDT,6,2026-05-28,-290529529,3160
0x9ed2b133457a9debb64997f932b15a0a81f61718e8a267a4b36fab7b960d788a,0xfde4c96c8593536e31f229ea8f37b2ada2699bb2,USDT,6,2026-05-29,1437453705,3723
0x9ed2b133457a9debb64997f932b15a0a81f61718e8a267a4b36fab7b960d788a,0xfde4c96c8593536e31f229ea8f37b2ada2699bb2,USDT,6,2026-05-30,-487180827,3082
0x9ed2b133457a9debb64997f932b15a0a81f61718e8a267a4b36fab7b960d788a,0xfde4c96c8593536e31f229ea8f37b2ada2699bb2,USDT,6,2026-05-31,790922129,2781
0x9ed2b133457a9debb64997f932b15a0a81f61718e8a267a4b36fab7b960d788a,0xfde4c96c8593536e31f229ea8f37b2ada2699bb2,USDT,6,2026-06-01,6076267094,2884
0x9ed2b133457a9debb64997f932b15a0a81f61718e8a267a4b36fab7b960d788a,0xfde4c96c8593536e31f229ea8f37b2ada2699bb2,USDT,6,2026-06-02,-7939611686,3317
0x9ed2b133457a9debb64997f932b15a0a81f61718e8a267a4b36fab7b960d788a,0xfde4c96c8593536e31f229ea8f37b2ada2699bb2,USDT,6,2026-06-03,888633822,2319
0x9ed2b133457a9debb64997f932b15a0a81f61718e8a267a4b36fab7b960d788a,0xfde4c96c8593536e31f229ea8f37b2ada2699bb2,USDT,6,2026-06-04,994704971,3056
0x9ed2b133457a9debb64997f932b15a0a81f61718e8a267a4b36fab7b960d788a,0xfde4c96c8593536e31f229ea8f37b2ada2699bb2,USDT,6,2026-06-05,2632614759,2602
0x9ed2b133457a9debb64997f932b15a0a81f61718e8a267a4b36fab7b960d788a,0xfde4c96c8593536e31f229ea8f37b2ada2699bb2,USDT,6,2026-06-06,-2294714971,1742
0x9ed2b133457a9debb64997f932b15a0a81f61718e8a267a4b36fab7b960d788a,0xfde4c96c8593536e31f229ea8f37b2ada2699bb2,USDT,6,2026-06-07,2656462389,1907
0x9ed2b133457a9debb64997f932b15a0a81f61718e8a267a4b36fab7b960d788a,0xfde4c96c8593536e31f229ea8f37b2ada2699bb2,USDT,6,2026-06-08,-4183834442,1751
0x9ed2b133457a9debb64997f932b15a0a81f61718e8a267a4b36fab7b960d788a,0xfde4c96c8593536e31f229ea8f37b2ada2699bb2,USDT,6,2026-06-09,966166452,1764
0x9ed2b133457a9debb64997f932b15a0a81f61718e8a267a4b36fab7b960d788a,0xfde4c96c8593536e31f229ea8f37b2ada2699bb2,USDT,6,2026-06-10,1906929578,1865
0x9ed2b133457a9debb64997f932b15a0a81f61718e8a267a4b36fab7b960d788a,0xfde4c96c8593536e31f229ea8f37b2ada2699bb2,USDT,6,2026-06-11,555843655,1683
0x9ed2b133457a9debb64997f932b15a0a81f61718e8a267a4b36fab7b960d788a,0xfde4c96c8593536e31f229ea8f37b2ada2699bb2,USDT,6,2026-06-12,-778811435,1971
0x9ed2b133457a9debb64997f932b15a0a81f61718e8a267a4b36fab7b960d788a,0xfde4c96c8593536e31f229ea8f37b2ada2699bb2,USDT,6,2026-06-13,29884456,1026
0x9ed2b133457a9debb64997f932b15a0a81f61718e8a267a4b36fab7b960d788a,0xfde4c96c8593536e31f229ea8f37b2ada2699bb2,USDT,6,2026-06-14,786002851,1250
0x9ed2b133457a9debb64997f932b15a0a81f61718e8a267a4b36fab7b960d788a,0xfde4c96c8593536e31f229ea8f37b2ada2699bb2,USDT,6,2026-06-15,-3564562122,1640
0x9ed2b133457a9debb64997f932b15a0a81f61718e8a267a4b36fab7b960d788a,0xfde4c96c8593536e31f229ea8f37b2ada2699bb2,USDT,6,2026-06-16,-993780192,1372
0x9ed2b133457a9debb64997f932b15a0a81f61718e8a267a4b36fab7b960d788a,0xfde4c96c8593536e31f229ea8f37b2ada2699bb2,USDT,6,2026-06-17,187241654,1996
0x9ed2b133457a9debb64997f932b15a0a81f61718e8a267a4b36fab7b960d788a,0xfde4c96c8593536e31f229ea8f37b2ada2699bb2,USDT,6,2026-06-18,477834894,1307
0x9ed2b133457a9debb64997f932b15a0a81f61718e8a267a4b36fab7b960d788a,0xfde4c96c8593536e31f229ea8f37b2ada2699bb2,USDT,6,2026-06-19,-877960465,911
0x9ed2b133457a9debb64997f932b15a0a81f61718e8a267a4b36fab7b960d788a,0xfde4c96c8593536e31f229ea8f37b2ada2699bb2,USDT,6,2026-06-20,270999514,1585
0x9ed2b133457a9debb64997f932b15a0a81f61718e8a267a4b36fab7b960d788a,0xfde4c96c8593536e31f229ea8f37b2ada2699bb2,USDT,6,2026-06-21,257885924,1615
0x9ed2b133457a9debb64997f932b15a0a81f61718e8a267a4b36fab7b960d788a,0xfde4c96c8593536e31f229ea8f37b2ada2699bb2,USDT,6,2026-06-22,20771420,1010
0x9ed2b133457a9debb64997f932b15a0a81f61718e8a267a4b36fab7b960d788a,0xfde4c96c8593536e31f229ea8f37b2ada2699bb2,USDT,6,2026-06-23,69688258,1506
0x9ed2b133457a9debb64997f932b15a0a81f61718e8a267a4b36fab7b960d788a,0xfde4c96c8593536e31f229ea8f37b2ada2699bb2,USDT,6,2026-06-24,464206127,1698
0x9ed2b133457a9debb64997f932b15a0a81f61718e8a267a4b36fab7b960d788a,0xfde4c96c8593536e31f229ea8f37b2ada2699bb2,USDT,6,2026-06-25,1374697308,1586
0x9ed2b133457a9debb64997f932b15a0a81f61718e8a267a4b36fab7b960d788a,0xfde4c96c8593536e31f229ea8f37b2ada2699bb2,USDT,6,2026-06-26,-1337878742,1453
0x9ed2b133457a9debb64997f932b15a0a81f61718e8a267a4b36fab7b960d788a,0xfde4c96c8593536e31f229ea8f37b2ada2699bb2,USDT,6,2026-06-27,544521045,1170
0x9ed2b133457a9debb64997f932b15a0a81f61718e8a267a4b36fab7b960d788a,0xfde4c96c8593536e31f229ea8f37b2ada2699bb2,USDT,6,2026-06-28,-1103230392,1334
0x9ed2b133457a9debb64997f932b15a0a81f61718e8a267a4b36fab7b960d788a,0xfde4c96c8593536e31f229ea8f37b2ada2699bb2,USDT,6,2026-06-29,-141086,1537
0x9ed2b133457a9debb64997f932b15a0a81f61718e8a267a4b36fab7b960d788a,0xfde4c96c8593536e31f229ea8f37b2ada2699bb2,USDT,6,2026-06-30,-318169726,1635
0x9ed2b133457a9debb64997f932b15a0a81f61718e8a267a4b36fab7b960d788a,0xfde4c96c8593536e31f229ea8f37b2ada2699bb2,USDT,6,2026-07-01,136045784,1389
0x9ed2b133457a9debb64997f932b15a0a81f61718e8a267a4b36fab7b960d788a,0xfde4c96c8593536e31f229ea8f37b2ada2699bb2,USDT,6,2026-07-02,-692398632,1585
0x9ed2b133457a9debb64997f932b15a0a81f61718e8a267a4b36fab7b960d788a,0xfde4c96c8593536e31f229ea8f37b2ada2699bb2,USDT,6,2026-07-03,-3439712249,1380
0x9ed2b133457a9debb64997f932b15a0a81f61718e8a267a4b36fab7b960d788a,0xfde4c96c8593536e31f229ea8f37b2ada2699bb2,USDT,6,2026-07-04,250142079,1382
0x9ed2b133457a9debb64997f932b15a0a81f61718e8a267a4b36fab7b960d788a,0xfde4c96c8593536e31f229ea8f37b2ada2699bb2,USDT,6,2026-07-05,1634845985,1325
0x9ed2b133457a9debb64997f932b15a0a81f61718e8a267a4b36fab7b960d788a,0xfde4c96c8593536e31f229ea8f37b2ada2699bb2,USDT,6,2026-07-06,36678794,1328
0x9ed2b133457a9debb64997f932b15a0a81f61718e8a267a4b36fab7b960d788a,0xfde4c96c8593536e31f229ea8f37b2ada2699bb2,USDT,6,2026-07-07,383354002,1587
0x9ed2b133457a9debb64997f932b15a0a81f61718e8a267a4b36fab7b960d788a,0xfde4c96c8593536e31f229ea8f37b2ada2699bb2,USDT,6,2026-07-08,-742473639,2042
0x9ed2b133457a9debb64997f932b15a0a81f61718e8a267a4b36fab7b960d788a,0xfde4c96c8593536e31f229ea8f37b2ada2699bb2,USDT,6,2026-07-09,652574106,1673
0x9ed2b133457a9debb64997f932b15a0a81f61718e8a267a4b36fab7b960d788a,0xfde4c96c8593536e31f229ea8f37b2ada2699bb2,USDT,6,2026-07-10,584649334,1263
0x9ed2b133457a9debb64997f932b15a0a81f61718e8a267a4b36fab7b960d788a,0xfde4c96c8593536e31f229ea8f37b2ada2699bb2,USDT,6,2026-07-11,-324448500,1514
0x9ed2b133457a9debb64997f932b15a0a81f61718e8a267a4b36fab7b960d788a,0xfde4c96c8593536e31f229ea8f37b2ada2699bb2,USDT,6,2026-07-12,312132746,1212
0x9ed2b133457a9debb64997f932b15a0a81f61718e8a267a4b36fab7b960d788a,0xfde4c96c8593536e31f229ea8f37b2ada2699bb2,USDT,6,2026-07-13,1368649356,1543
0x9ed2b133457a9debb64997f932b15a0a81f61718e8a267a4b36fab7b960d788a,0xfde4c96c8593536e31f229ea8f37b2ada2699bb2,USDT,6,2026-07-14,-1784324064,1258
0x9ed2b133457a9debb64997f932b15a0a81f61718e8a267a4b36fab7b960d788a,0xfde4c96c8593536e31f229ea8f37b2ada2699bb2,USDT,6,2026-07-15,-1139379308,1609
0x9ed2b133457a9debb64997f932b15a0a81f61718e8a267a4b36fab7b960d788a,0xfde4c96c8593536e31f229ea8f37b2ada2699bb2,USDT,6,2026-07-16,744145029,1629
0x9ed2b133457a9debb64997f932b15a0a81f61718e8a267a4b36fab7b960d788a,0xfde4c96c8593536e31f229ea8f37b2ada2699bb2,USDT,6,2026-07-17,-375096831,1682
0x9ed2b133457a9debb64997f932b15a0a81f61718e8a267a4b36fab7b960d788a,0xfde4c96c8593536e31f229ea8f37b2ada2699bb2,USDT,6,2026-07-18,-831766594,851
0x9ed2b133457a9debb64997f932b15a0a81f61718e8a267a4b36fab7b960d788a,0xfde4c96c8593536e31f229ea8f37b2ada2699bb2,USDT,6,2026-07-19,-69314255,775
0x9ed2b133457a9debb64997f932b15a0a81f61718e8a267a4b36fab7b960d788a,0xfde4c96c8593536e31f229ea8f37b2ada2699bb2,USDT,6,2026-07-20,-451807091,915
0x9ed2b133457a9debb64997f932b15a0a81f61718e8a267a4b36fab7b960d788a,0xfde4c96c8593536e31f229ea8f37b2ada2699bb2,USDT,6,2026-07-21,786044535,918
0x9ed2b133457a9debb64997f932b15a0a81f61718e8a267a4b36fab7b960d788a,0xfde4c96c8593536e31f229ea8f37b2ada2699bb2,USDT,6,2026-07-22,-1200412751,1302
0x9ed2b133457a9debb64997f932b15a0a81f61718e8a267a4b36fab7b960d788a,0xfde4c96c8593536e31f229ea8f37b2ada2699bb2,USDT,6,2026-07-23,277167615,1661
0x9ed2b133457a9debb64997f932b15a0a81f61718e8a267a4b36fab7b960d788a,0xfde4c96c8593536e31f229ea8f37b2ada2699bb2,USDT,6,2026-07-24,1473382330,1588
0xffd8807511b4657aaf2777232b53a095f8ba6d24a368f4c1768b1cd1de1944f6,0x833589fcd6edb6e08f4c7c32d4f71b54bda02913,USDC,6,2026-03-30,2144678,8
0xffd8807511b4657aaf2777232b53a095f8ba6d24a368f4c1768b1cd1de1944f6,0x833589fcd6edb6e08f4c7c32d4f71b54bda02913,USDC,6,2026-03-31,-150980,27
0xffd8807511b4657aaf2777232b53a095f8ba6d24a368f4c1768b1cd1de1944f6,0x833589fcd6edb6e08f4c7c32d4f71b54bda02913,USDC,6,2026-04-01,4527336049,476
0xffd8807511b4657aaf2777232b53a095f8ba6d24a368f4c1768b1cd1de1944f6,0x833589fcd6edb6e08f4c7c32d4f71b54bda02913,USDC,6,2026-04-02,1302669975,988
0xffd8807511b4657aaf2777232b53a095f8ba6d24a368f4c1768b1cd1de1944f6,0x833589fcd6edb6e08f4c7c32d4f71b54bda02913,USDC,6,2026-04-03,130622412,595
0xffd8807511b4657aaf2777232b53a095f8ba6d24a368f4c1768b1cd1de1944f6,0x833589fcd6edb6e08f4c7c32d4f71b54bda02913,USDC,6,2026-04-04,976378233,498
0xffd8807511b4657aaf2777232b53a095f8ba6d24a368f4c1768b1cd1de1944f6,0x833589fcd6edb6e08f4c7c32d4f71b54bda02913,USDC,6,2026-04-05,25409000,725
0xffd8807511b4657aaf2777232b53a095f8ba6d24a368f4c1768b1cd1de1944f6,0x833589fcd6edb6e08f4c7c32d4f71b54bda02913,USDC,6,2026-04-06,145748363,830
0xffd8807511b4657aaf2777232b53a095f8ba6d24a368f4c1768b1cd1de1944f6,0x833589fcd6edb6e08f4c7c32d4f71b54bda02913,USDC,6,2026-04-07,-78985992,999
0xffd8807511b4657aaf2777232b53a095f8ba6d24a368f4c1768b1cd1de1944f6,0x833589fcd6edb6e08f4c7c32d4f71b54bda02913,USDC,6,2026-04-08,-31070684,1111
0xffd8807511b4657aaf2777232b53a095f8ba6d24a368f4c1768b1cd1de1944f6,0x833589fcd6edb6e08f4c7c32d4f71b54bda02913,USDC,6,2026-04-09,45566867,1950
0xffd8807511b4657aaf2777232b53a095f8ba6d24a368f4c1768b1cd1de1944f6,0x833589fcd6edb6e08f4c7c32d4f71b54bda02913,USDC,6,2026-04-10,-50337693,1298
0xffd8807511b4657aaf2777232b53a095f8ba6d24a368f4c1768b1cd1de1944f6,0x833589fcd6edb6e08f4c7c32d4f71b54bda02913,USDC,6,2026-04-11,284475729,1195
0xffd8807511b4657aaf2777232b53a095f8ba6d24a368f4c1768b1cd1de1944f6,0x833589fcd6edb6e08f4c7c32d4f71b54bda02913,USDC,6,2026-04-12,95893256,1192
0xffd8807511b4657aaf2777232b53a095f8ba6d24a368f4c1768b1cd1de1944f6,0x833589fcd6edb6e08f4c7c32d4f71b54bda02913,USDC,6,2026-04-13,-471993328,999
0xffd8807511b4657aaf2777232b53a095f8ba6d24a368f4c1768b1cd1de1944f6,0x833589fcd6edb6e08f4c7c32d4f71b54bda02913,USDC,6,2026-04-14,-150384571,1037
0xffd8807511b4657aaf2777232b53a095f8ba6d24a368f4c1768b1cd1de1944f6,0x833589fcd6edb6e08f4c7c32d4f71b54bda02913,USDC,6,2026-04-15,-126418456,1081
0xffd8807511b4657aaf2777232b53a095f8ba6d24a368f4c1768b1cd1de1944f6,0x833589fcd6edb6e08f4c7c32d4f71b54bda02913,USDC,6,2026-04-16,-5150781396,1108
0xffd8807511b4657aaf2777232b53a095f8ba6d24a368f4c1768b1cd1de1944f6,0x833589fcd6edb6e08f4c7c32d4f71b54bda02913,USDC,6,2026-04-17,3002896262,945
0xffd8807511b4657aaf2777232b53a095f8ba6d24a368f4c1768b1cd1de1944f6,0x833589fcd6edb6e08f4c7c32d4f71b54bda02913,USDC,6,2026-04-18,-181092363,721
0xffd8807511b4657aaf2777232b53a095f8ba6d24a368f4c1768b1cd1de1944f6,0x833589fcd6edb6e08f4c7c32d4f71b54bda02913,USDC,6,2026-04-19,385177326,870
0xffd8807511b4657aaf2777232b53a095f8ba6d24a368f4c1768b1cd1de1944f6,0x833589fcd6edb6e08f4c7c32d4f71b54bda02913,USDC,6,2026-04-20,116241925,717
0xffd8807511b4657aaf2777232b53a095f8ba6d24a368f4c1768b1cd1de1944f6,0x833589fcd6edb6e08f4c7c32d4f71b54bda02913,USDC,6,2026-04-21,1687297580,900
0xffd8807511b4657aaf2777232b53a095f8ba6d24a368f4c1768b1cd1de1944f6,0x833589fcd6edb6e08f4c7c32d4f71b54bda02913,USDC,6,2026-04-22,-9516978,1079
0xffd8807511b4657aaf2777232b53a095f8ba6d24a368f4c1768b1cd1de1944f6,0x833589fcd6edb6e08f4c7c32d4f71b54bda02913,USDC,6,2026-04-23,-494770049,952
0xffd8807511b4657aaf2777232b53a095f8ba6d24a368f4c1768b1cd1de1944f6,0x833589fcd6edb6e08f4c7c32d4f71b54bda02913,USDC,6,2026-04-24,2457788051,400
0xffd8807511b4657aaf2777232b53a095f8ba6d24a368f4c1768b1cd1de1944f6,0x833589fcd6edb6e08f4c7c32d4f71b54bda02913,USDC,6,2026-04-25,-149295105,374
0xffd8807511b4657aaf2777232b53a095f8ba6d24a368f4c1768b1cd1de1944f6,0x833589fcd6edb6e08f4c7c32d4f71b54bda02913,USDC,6,2026-04-26,-160043775,425
0xffd8807511b4657aaf2777232b53a095f8ba6d24a368f4c1768b1cd1de1944f6,0x833589fcd6edb6e08f4c7c32d4f71b54bda02913,USDC,6,2026-04-27,943449993,404
0xffd8807511b4657aaf2777232b53a095f8ba6d24a368f4c1768b1cd1de1944f6,0x833589fcd6edb6e08f4c7c32d4f71b54bda02913,USDC,6,2026-04-28,-1379175026,1337
0xffd8807511b4657aaf2777232b53a095f8ba6d24a368f4c1768b1cd1de1944f6,0x833589fcd6edb6e08f4c7c32d4f71b54bda02913,USDC,6,2026-04-29,143989561,1412
0xffd8807511b4657aaf2777232b53a095f8ba6d24a368f4c1768b1cd1de1944f6,0x833589fcd6edb6e08f4c7c32d4f71b54bda02913,USDC,6,2026-04-30,-581093983,991
0xffd8807511b4657aaf2777232b53a095f8ba6d24a368f4c1768b1cd1de1944f6,0x833589fcd6edb6e08f4c7c32d4f71b54bda02913,USDC,6,2026-05-01,-1487043464,803
0xffd8807511b4657aaf2777232b53a095f8ba6d24a368f4c1768b1cd1de1944f6,0x833589fcd6edb6e08f4c7c32d4f71b54bda02913,USDC,6,2026-05-02,2925400891,1121
0xffd8807511b4657aaf2777232b53a095f8ba6d24a368f4c1768b1cd1de1944f6,0x833589fcd6edb6e08f4c7c32d4f71b54bda02913,USDC,6,2026-05-03,432130173,1284
0xffd8807511b4657aaf2777232b53a095f8ba6d24a368f4c1768b1cd1de1944f6,0x833589fcd6edb6e08f4c7c32d4f71b54bda02913,USDC,6,2026-05-04,747428836,1832
0xffd8807511b4657aaf2777232b53a095f8ba6d24a368f4c1768b1cd1de1944f6,0x833589fcd6edb6e08f4c7c32d4f71b54bda02913,USDC,6,2026-05-05,-1369305406,1536
0xffd8807511b4657aaf2777232b53a095f8ba6d24a368f4c1768b1cd1de1944f6,0x833589fcd6edb6e08f4c7c32d4f71b54bda02913,USDC,6,2026-05-06,-2479881365,1224
0xffd8807511b4657aaf2777232b53a095f8ba6d24a368f4c1768b1cd1de1944f6,0x833589fcd6edb6e08f4c7c32d4f71b54bda02913,USDC,6,2026-05-07,3770558680,1237
0xffd8807511b4657aaf2777232b53a095f8ba6d24a368f4c1768b1cd1de1944f6,0x833589fcd6edb6e08f4c7c32d4f71b54bda02913,USDC,6,2026-05-08,-683419487,1140
0xffd8807511b4657aaf2777232b53a095f8ba6d24a368f4c1768b1cd1de1944f6,0x833589fcd6edb6e08f4c7c32d4f71b54bda02913,USDC,6,2026-05-09,96380355,981
0xffd8807511b4657aaf2777232b53a095f8ba6d24a368f4c1768b1cd1de1944f6,0x833589fcd6edb6e08f4c7c32d4f71b54bda02913,USDC,6,2026-05-10,-3501555795,1117
0xffd8807511b4657aaf2777232b53a095f8ba6d24a368f4c1768b1cd1de1944f6,0x833589fcd6edb6e08f4c7c32d4f71b54bda02913,USDC,6,2026-05-11,3335357560,950
0xffd8807511b4657aaf2777232b53a095f8ba6d24a368f4c1768b1cd1de1944f6,0x833589fcd6edb6e08f4c7c32d4f71b54bda02913,USDC,6,2026-05-12,-1881237834,720
0xffd8807511b4657aaf2777232b53a095f8ba6d24a368f4c1768b1cd1de1944f6,0x833589fcd6edb6e08f4c7c32d4f71b54bda02913,USDC,6,2026-05-13,-2052774807,968
0xffd8807511b4657aaf2777232b53a095f8ba6d24a368f4c1768b1cd1de1944f6,0x833589fcd6edb6e08f4c7c32d4f71b54bda02913,USDC,6,2026-05-14,1778637265,935
0xffd8807511b4657aaf2777232b53a095f8ba6d24a368f4c1768b1cd1de1944f6,0x833589fcd6edb6e08f4c7c32d4f71b54bda02913,USDC,6,2026-05-15,-1074936281,996
0xffd8807511b4657aaf2777232b53a095f8ba6d24a368f4c1768b1cd1de1944f6,0x833589fcd6edb6e08f4c7c32d4f71b54bda02913,USDC,6,2026-05-16,1239483823,1292
0xffd8807511b4657aaf2777232b53a095f8ba6d24a368f4c1768b1cd1de1944f6,0x833589fcd6edb6e08f4c7c32d4f71b54bda02913,USDC,6,2026-05-17,4383518931,1018
0xffd8807511b4657aaf2777232b53a095f8ba6d24a368f4c1768b1cd1de1944f6,0x833589fcd6edb6e08f4c7c32d4f71b54bda02913,USDC,6,2026-05-18,-2586212851,1386
0xffd8807511b4657aaf2777232b53a095f8ba6d24a368f4c1768b1cd1de1944f6,0x833589fcd6edb6e08f4c7c32d4f71b54bda02913,USDC,6,2026-05-19,4628851420,1007
0xffd8807511b4657aaf2777232b53a095f8ba6d24a368f4c1768b1cd1de1944f6,0x833589fcd6edb6e08f4c7c32d4f71b54bda02913,USDC,6,2026-05-20,-905347863,1097
0xffd8807511b4657aaf2777232b53a095f8ba6d24a368f4c1768b1cd1de1944f6,0x833589fcd6edb6e08f4c7c32d4f71b54bda02913,USDC,6,2026-05-21,2736597908,928
0xffd8807511b4657aaf2777232b53a095f8ba6d24a368f4c1768b1cd1de1944f6,0x833589fcd6edb6e08f4c7c32d4f71b54bda02913,USDC,6,2026-05-22,-7486204224,1113
0xffd8807511b4657aaf2777232b53a095f8ba6d24a368f4c1768b1cd1de1944f6,0x833589fcd6edb6e08f4c7c32d4f71b54bda02913,USDC,6,2026-05-23,-4487233318,943
0xffd8807511b4657aaf2777232b53a095f8ba6d24a368f4c1768b1cd1de1944f6,0x833589fcd6edb6e08f4c7c32d4f71b54bda02913,USDC,6,2026-05-24,-1212142235,1391
0xffd8807511b4657aaf2777232b53a095f8ba6d24a368f4c1768b1cd1de1944f6,0x833589fcd6edb6e08f4c7c32d4f71b54bda02913,USDC,6,2026-05-25,2331528754,1794
0xffd8807511b4657aaf2777232b53a095f8ba6d24a368f4c1768b1cd1de1944f6,0x833589fcd6edb6e08f4c7c32d4f71b54bda02913,USDC,6,2026-05-26,-1518179748,2230
0xffd8807511b4657aaf2777232b53a095f8ba6d24a368f4c1768b1cd1de1944f6,0x833589fcd6edb6e08f4c7c32d4f71b54bda02913,USDC,6,2026-05-27,1753590307,1370
0xffd8807511b4657aaf2777232b53a095f8ba6d24a368f4c1768b1cd1de1944f6,0x833589fcd6edb6e08f4c7c32d4f71b54bda02913,USDC,6,2026-05-28,342620961,1334
0xffd8807511b4657aaf2777232b53a095f8ba6d24a368f4c1768b1cd1de1944f6,0x833589fcd6edb6e08f4c7c32d4f71b54bda02913,USDC,6,2026-05-29,2566174200,1542
0xffd8807511b4657aaf2777232b53a095f8ba6d24a368f4c1768b1cd1de1944f6,0x833589fcd6edb6e08f4c7c32d4f71b54bda02913,USDC,6,2026-05-30,1563271562,1125
0xffd8807511b4657aaf2777232b53a095f8ba6d24a368f4c1768b1cd1de1944f6,0x833589fcd6edb6e08f4c7c32d4f71b54bda02913,USDC,6,2026-05-31,2423599768,1093
0xffd8807511b4657aaf2777232b53a095f8ba6d24a368f4c1768b1cd1de1944f6,0x833589fcd6edb6e08f4c7c32d4f71b54bda02913,USDC,6,2026-06-01,73877286,1420
0xffd8807511b4657aaf2777232b53a095f8ba6d24a368f4c1768b1cd1de1944f6,0x833589fcd6edb6e08f4c7c32d4f71b54bda02913,USDC,6,2026-06-02,-1263712455,1603
0xffd8807511b4657aaf2777232b53a095f8ba6d24a368f4c1768b1cd1de1944f6,0x833589fcd6edb6e08f4c7c32d4f71b54bda02913,USDC,6,2026-06-03,-6465050211,1501
0xffd8807511b4657aaf2777232b53a095f8ba6d24a368f4c1768b1cd1de1944f6,0x833589fcd6edb6e08f4c7c32d4f71b54bda02913,USDC,6,2026-06-04,1235139740,1961
0xffd8807511b4657aaf2777232b53a095f8ba6d24a368f4c1768b1cd1de1944f6,0x833589fcd6edb6e08f4c7c32d4f71b54bda02913,USDC,6,2026-06-05,418962921,1812
0xffd8807511b4657aaf2777232b53a095f8ba6d24a368f4c1768b1cd1de1944f6,0x833589fcd6edb6e08f4c7c32d4f71b54bda02913,USDC,6,2026-06-06,1870123253,1172
0xffd8807511b4657aaf2777232b53a095f8ba6d24a368f4c1768b1cd1de1944f6,0x833589fcd6edb6e08f4c7c32d4f71b54bda02913,USDC,6,2026-06-07,-2420112776,1104
0xffd8807511b4657aaf2777232b53a095f8ba6d24a368f4c1768b1cd1de1944f6,0x833589fcd6edb6e08f4c7c32d4f71b54bda02913,USDC,6,2026-06-08,1441073932,1483
0xffd8807511b4657aaf2777232b53a095f8ba6d24a368f4c1768b1cd1de1944f6,0x833589fcd6edb6e08f4c7c32d4f71b54bda02913,USDC,6,2026-06-09,-2956395083,1299
0xffd8807511b4657aaf2777232b53a095f8ba6d24a368f4c1768b1cd1de1944f6,0x833589fcd6edb6e08f4c7c32d4f71b54bda02913,USDC,6,2026-06-10,1924148043,1417
0xffd8807511b4657aaf2777232b53a095f8ba6d24a368f4c1768b1cd1de1944f6,0x833589fcd6edb6e08f4c7c32d4f71b54bda02913,USDC,6,2026-06-11,4186991367,1317
0xffd8807511b4657aaf2777232b53a095f8ba6d24a368f4c1768b1cd1de1944f6,0x833589fcd6edb6e08f4c7c32d4f71b54bda02913,USDC,6,2026-06-12,-1465384718,1036
0xffd8807511b4657aaf2777232b53a095f8ba6d24a368f4c1768b1cd1de1944f6,0x833589fcd6edb6e08f4c7c32d4f71b54bda02913,USDC,6,2026-06-13,-3202265389,535
0xffd8807511b4657aaf2777232b53a095f8ba6d24a368f4c1768b1cd1de1944f6,0x833589fcd6edb6e08f4c7c32d4f71b54bda02913,USDC,6,2026-06-14,811165752,688
0xffd8807511b4657aaf2777232b53a095f8ba6d24a368f4c1768b1cd1de1944f6,0x833589fcd6edb6e08f4c7c32d4f71b54bda02913,USDC,6,2026-06-15,2203742806,1074
0xffd8807511b4657aaf2777232b53a095f8ba6d24a368f4c1768b1cd1de1944f6,0x833589fcd6edb6e08f4c7c32d4f71b54bda02913,USDC,6,2026-06-16,2152621264,1252
0xffd8807511b4657aaf2777232b53a095f8ba6d24a368f4c1768b1cd1de1944f6,0x833589fcd6edb6e08f4c7c32d4f71b54bda02913,USDC,6,2026-06-17,-5006427201,1545
0xffd8807511b4657aaf2777232b53a095f8ba6d24a368f4c1768b1cd1de1944f6,0x833589fcd6edb6e08f4c7c32d4f71b54bda02913,USDC,6,2026-06-18,-1156540686,1388
0xffd8807511b4657aaf2777232b53a095f8ba6d24a368f4c1768b1cd1de1944f6,0x833589fcd6edb6e08f4c7c32d4f71b54bda02913,USDC,6,2026-06-19,3415840665,1049
0xffd8807511b4657aaf2777232b53a095f8ba6d24a368f4c1768b1cd1de1944f6,0x833589fcd6edb6e08f4c7c32d4f71b54bda02913,USDC,6,2026-06-20,-425973600,1156
0xffd8807511b4657aaf2777232b53a095f8ba6d24a368f4c1768b1cd1de1944f6,0x833589fcd6edb6e08f4c7c32d4f71b54bda02913,USDC,6,2026-06-21,2085843196,1092
0xffd8807511b4657aaf2777232b53a095f8ba6d24a368f4c1768b1cd1de1944f6,0x833589fcd6edb6e08f4c7c32d4f71b54bda02913,USDC,6,2026-06-22,-4708002834,1124
0xffd8807511b4657aaf2777232b53a095f8ba6d24a368f4c1768b1cd1de1944f6,0x833589fcd6edb6e08f4c7c32d4f71b54bda02913,USDC,6,2026-06-23,42175696,1562
0xffd8807511b4657aaf2777232b53a095f8ba6d24a368f4c1768b1cd1de1944f6,0x833589fcd6edb6e08f4c7c32d4f71b54bda02913,USDC,6,2026-06-24,2101578870,1763
0xffd8807511b4657aaf2777232b53a095f8ba6d24a368f4c1768b1cd1de1944f6,0x833589fcd6edb6e08f4c7c32d4f71b54bda02913,USDC,6,2026-06-25,-675197843,1497
0xffd8807511b4657aaf2777232b53a095f8ba6d24a368f4c1768b1cd1de1944f6,0x833589fcd6edb6e08f4c7c32d4f71b54bda02913,USDC,6,2026-06-26,372964325,1276
0xffd8807511b4657aaf2777232b53a095f8ba6d24a368f4c1768b1cd1de1944f6,0x833589fcd6edb6e08f4c7c32d4f71b54bda02913,USDC,6,2026-06-27,2832114035,1176
0xffd8807511b4657aaf2777232b53a095f8ba6d24a368f4c1768b1cd1de1944f6,0x833589fcd6edb6e08f4c7c32d4f71b54bda02913,USDC,6,2026-06-28,1291181972,1634
0xffd8807511b4657aaf2777232b53a095f8ba6d24a368f4c1768b1cd1de1944f6,0x833589fcd6edb6e08f4c7c32d4f71b54bda02913,USDC,6,2026-06-29,-5952476217,1502
0xffd8807511b4657aaf2777232b53a095f8ba6d24a368f4c1768b1cd1de1944f6,0x833589fcd6edb6e08f4c7c32d4f71b54bda02913,USDC,6,2026-06-30,4126280056,1170
0xffd8807511b4657aaf2777232b53a095f8ba6d24a368f4c1768b1cd1de1944f6,0x833589fcd6edb6e08f4c7c32d4f71b54bda02913,USDC,6,2026-07-01,-1291085417,1014
0xffd8807511b4657aaf2777232b53a095f8ba6d24a368f4c1768b1cd1de1944f6,0x833589fcd6edb6e08f4c7c32d4f71b54bda02913,USDC,6,2026-07-02,2673625972,1034
0xffd8807511b4657aaf2777232b53a095f8ba6d24a368f4c1768b1cd1de1944f6,0x833589fcd6edb6e08f4c7c32d4f71b54bda02913,USDC,6,2026-07-03,8822795865,1113
0xffd8807511b4657aaf2777232b53a095f8ba6d24a368f4c1768b1cd1de1944f6,0x833589fcd6edb6e08f4c7c32d4f71b54bda02913,USDC,6,2026-07-04,-2701153849,1138
0xffd8807511b4657aaf2777232b53a095f8ba6d24a368f4c1768b1cd1de1944f6,0x833589fcd6edb6e08f4c7c32d4f71b54bda02913,USDC,6,2026-07-05,-7068089205,1150
0xffd8807511b4657aaf2777232b53a095f8ba6d24a368f4c1768b1cd1de1944f6,0x833589fcd6edb6e08f4c7c32d4f71b54bda02913,USDC,6,2026-07-06,-3187856721,1245
0xffd8807511b4657aaf2777232b53a095f8ba6d24a368f4c1768b1cd1de1944f6,0x833589fcd6edb6e08f4c7c32d4f71b54bda02913,USDC,6,2026-07-07,832800014,1154
0xffd8807511b4657aaf2777232b53a095f8ba6d24a368f4c1768b1cd1de1944f6,0x833589fcd6edb6e08f4c7c32d4f71b54bda02913,USDC,6,2026-07-08,4043472602,1196
0xffd8807511b4657aaf2777232b53a095f8ba6d24a368f4c1768b1cd1de1944f6,0x833589fcd6edb6e08f4c7c32d4f71b54bda02913,USDC,6,2026-07-09,258315186,1142
0xffd8807511b4657aaf2777232b53a095f8ba6d24a368f4c1768b1cd1de1944f6,0x833589fcd6edb6e08f4c7c32d4f71b54bda02913,USDC,6,2026-07-10,363218994,1173
0xffd8807511b4657aaf2777232b53a095f8ba6d24a368f4c1768b1cd1de1944f6,0x833589fcd6edb6e08f4c7c32d4f71b54bda02913,USDC,6,2026-07-11,7916804682,1017
0xffd8807511b4657aaf2777232b53a095f8ba6d24a368f4c1768b1cd1de1944f6,0x833589fcd6edb6e08f4c7c32d4f71b54bda02913,USDC,6,2026-07-12,-6986615346,1191
0xffd8807511b4657aaf2777232b53a095f8ba6d24a368f4c1768b1cd1de1944f6,0x833589fcd6edb6e08f4c7c32d4f71b54bda02913,USDC,6,2026-07-13,-2071394165,1203
0xffd8807511b4657aaf2777232b53a095f8ba6d24a368f4c1768b1cd1de1944f6,0x833589fcd6edb6e08f4c7c32d4f71b54bda02913,USDC,6,2026-07-14,11949408237,1203
0xffd8807511b4657aaf2777232b53a095f8ba6d24a368f4c1768b1cd1de1944f6,0x833589fcd6edb6e08f4c7c32d4f71b54bda02913,USDC,6,2026-07-15,-3069880946,1409
0xffd8807511b4657aaf2777232b53a095f8ba6d24a368f4c1768b1cd1de1944f6,0x833589fcd6edb6e08f4c7c32d4f71b54bda02913,USDC,6,2026-07-16,-6431576688,1128
0xffd8807511b4657aaf2777232b53a095f8ba6d24a368f4c1768b1cd1de1944f6,0x833589fcd6edb6e08f4c7c32d4f71b54bda02913,USDC,6,2026-07-17,5069681724,1002
0xffd8807511b4657aaf2777232b53a095f8ba6d24a368f4c1768b1cd1de1944f6,0x833589fcd6edb6e08f4c7c32d4f71b54bda02913,USDC,6,2026-07-18,6590267831,533
0xffd8807511b4657aaf2777232b53a095f8ba6d24a368f4c1768b1cd1de1944f6,0x833589fcd6edb6e08f4c7c32d4f71b54bda02913,USDC,6,2026-07-19,81935596,603
0xffd8807511b4657aaf2777232b53a095f8ba6d24a368f4c1768b1cd1de1944f6,0x833589fcd6edb6e08f4c7c32d4f71b54bda02913,USDC,6,2026-07-20,2536000679,792
0xffd8807511b4657aaf2777232b53a095f8ba6d24a368f4c1768b1cd1de1944f6,0x833589fcd6edb6e08f4c7c32d4f71b54bda02913,USDC,6,2026-07-21,-1417830894,816
0xffd8807511b4657aaf2777232b53a095f8ba6d24a368f4c1768b1cd1de1944f6,0x833589fcd6edb6e08f4c7c32d4f71b54bda02913,USDC,6,2026-07-22,-5610749982,960
0xffd8807511b4657aaf2777232b53a095f8ba6d24a368f4c1768b1cd1de1944f6,0x833589fcd6edb6e08f4c7c32d4f71b54bda02913,USDC,6,2026-07-23,14016458,1385
0xffd8807511b4657aaf2777232b53a095f8ba6d24a368f4c1768b1cd1de1944f6,0x833589fcd6edb6e08f4c7c32d4f71b54bda02913,USDC,6,2026-07-24,779557679,758
0xffd8807511b4657aaf2777232b53a095f8ba6d24a368f4c1768b1cd1de1944f6,0xd9aaec86b65d86f6a7b5b1b0c42ffa531710b6ca,USDBC,6,2026-03-30,7675841,8
0xffd8807511b4657aaf2777232b53a095f8ba6d24a368f4c1768b1cd1de1944f6,0xd9aaec86b65d86f6a7b5b1b0c42ffa531710b6ca,USDBC,6,2026-03-31,150979,27
0xffd8807511b4657aaf2777232b53a095f8ba6d24a368f4c1768b1cd1de1944f6,0xd9aaec86b65d86f6a7b5b1b0c42ffa531710b6ca,USDBC,6,2026-04-01,4976465966,476
0xffd8807511b4657aaf2777232b53a095f8ba6d24a368f4c1768b1cd1de1944f6,0xd9aaec86b65d86f6a7b5b1b0c42ffa531710b6ca,USDBC,6,2026-04-02,460622635,988
0xffd8807511b4657aaf2777232b53a095f8ba6d24a368f4c1768b1cd1de1944f6,0xd9aaec86b65d86f6a7b5b1b0c42ffa531710b6ca,USDBC,6,2026-04-03,189045000,595
0xffd8807511b4657aaf2777232b53a095f8ba6d24a368f4c1768b1cd1de1944f6,0xd9aaec86b65d86f6a7b5b1b0c42ffa531710b6ca,USDBC,6,2026-04-04,601875852,498
0xffd8807511b4657aaf2777232b53a095f8ba6d24a368f4c1768b1cd1de1944f6,0xd9aaec86b65d86f6a7b5b1b0c42ffa531710b6ca,USDBC,6,2026-04-05,-25407719,725
0xffd8807511b4657aaf2777232b53a095f8ba6d24a368f4c1768b1cd1de1944f6,0xd9aaec86b65d86f6a7b5b1b0c42ffa531710b6ca,USDBC,6,2026-04-06,-145739304,830
0xffd8807511b4657aaf2777232b53a095f8ba6d24a368f4c1768b1cd1de1944f6,0xd9aaec86b65d86f6a7b5b1b0c42ffa531710b6ca,USDBC,6,2026-04-07,78980721,999
0xffd8807511b4657aaf2777232b53a095f8ba6d24a368f4c1768b1cd1de1944f6,0xd9aaec86b65d86f6a7b5b1b0c42ffa531710b6ca,USDBC,6,2026-04-08,152365817,1111
0xffd8807511b4657aaf2777232b53a095f8ba6d24a368f4c1768b1cd1de1944f6,0xd9aaec86b65d86f6a7b5b1b0c42ffa531710b6ca,USDBC,6,2026-04-09,-27020208,1950
0xffd8807511b4657aaf2777232b53a095f8ba6d24a368f4c1768b1cd1de1944f6,0xd9aaec86b65d86f6a7b5b1b0c42ffa531710b6ca,USDBC,6,2026-04-10,50335204,1298
0xffd8807511b4657aaf2777232b53a095f8ba6d24a368f4c1768b1cd1de1944f6,0xd9aaec86b65d86f6a7b5b1b0c42ffa531710b6ca,USDBC,6,2026-04-11,-284457277,1195
0xffd8807511b4657aaf2777232b53a095f8ba6d24a368f4c1768b1cd1de1944f6,0xd9aaec86b65d86f6a7b5b1b0c42ffa531710b6ca,USDBC,6,2026-04-12,-95884633,1192
0xffd8807511b4657aaf2777232b53a095f8ba6d24a368f4c1768b1cd1de1944f6,0xd9aaec86b65d86f6a7b5b1b0c42ffa531710b6ca,USDBC,6,2026-04-13,471962580,999
0xffd8807511b4657aaf2777232b53a095f8ba6d24a368f4c1768b1cd1de1944f6,0xd9aaec86b65d86f6a7b5b1b0c42ffa531710b6ca,USDBC,6,2026-04-14,150380939,1037
0xffd8807511b4657aaf2777232b53a095f8ba6d24a368f4c1768b1cd1de1944f6,0xd9aaec86b65d86f6a7b5b1b0c42ffa531710b6ca,USDBC,6,2026-04-15,126417709,1081
0xffd8807511b4657aaf2777232b53a095f8ba6d24a368f4c1768b1cd1de1944f6,0xd9aaec86b65d86f6a7b5b1b0c42ffa531710b6ca,USDBC,6,2026-04-16,-5231370294,1108
0xffd8807511b4657aaf2777232b53a095f8ba6d24a368f4c1768b1cd1de1944f6,0xd9aaec86b65d86f6a7b5b1b0c42ffa531710b6ca,USDBC,6,2026-04-17,2971803347,945
0xffd8807511b4657aaf2777232b53a095f8ba6d24a368f4c1768b1cd1de1944f6,0xd9aaec86b65d86f6a7b5b1b0c42ffa531710b6ca,USDBC,6,2026-04-18,-219807141,721
0xffd8807511b4657aaf2777232b53a095f8ba6d24a368f4c1768b1cd1de1944f6,0xd9aaec86b65d86f6a7b5b1b0c42ffa531710b6ca,USDBC,6,2026-04-19,-385173469,870
0xffd8807511b4657aaf2777232b53a095f8ba6d24a368f4c1768b1cd1de1944f6,0xd9aaec86b65d86f6a7b5b1b0c42ffa531710b6ca,USDBC,6,2026-04-20,-320593046,717
0xffd8807511b4657aaf2777232b53a095f8ba6d24a368f4c1768b1cd1de1944f6,0xd9aaec86b65d86f6a7b5b1b0c42ffa531710b6ca,USDBC,6,2026-04-21,1298511350,900
0xffd8807511b4657aaf2777232b53a095f8ba6d24a368f4c1768b1cd1de1944f6,0xd9aaec86b65d86f6a7b5b1b0c42ffa531710b6ca,USDBC,6,2026-04-22,9516296,1079
0xffd8807511b4657aaf2777232b53a095f8ba6d24a368f4c1768b1cd1de1944f6,0xd9aaec86b65d86f6a7b5b1b0c42ffa531710b6ca,USDBC,6,2026-04-23,476202975,952
0xffd8807511b4657aaf2777232b53a095f8ba6d24a368f4c1768b1cd1de1944f6,0xd9aaec86b65d86f6a7b5b1b0c42ffa531710b6ca,USDBC,6,2026-04-24,1232900798,400
0xffd8807511b4657aaf2777232b53a095f8ba6d24a368f4c1768b1cd1de1944f6,0xd9aaec86b65d86f6a7b5b1b0c42ffa531710b6ca,USDBC,6,2026-04-25,149285405,374
0xffd8807511b4657aaf2777232b53a095f8ba6d24a368f4c1768b1cd1de1944f6,0xd9aaec86b65d86f6a7b5b1b0c42ffa531710b6ca,USDBC,6,2026-04-26,160034439,425
0xffd8807511b4657aaf2777232b53a095f8ba6d24a368f4c1768b1cd1de1944f6,0xd9aaec86b65d86f6a7b5b1b0c42ffa531710b6ca,USDBC,6,2026-04-27,711115719,404
0xffd8807511b4657aaf2777232b53a095f8ba6d24a368f4c1768b1cd1de1944f6,0xd9aaec86b65d86f6a7b5b1b0c42ffa531710b6ca,USDBC,6,2026-04-28,-210526168,1337
0xffd8807511b4657aaf2777232b53a095f8ba6d24a368f4c1768b1cd1de1944f6,0xd9aaec86b65d86f6a7b5b1b0c42ffa531710b6ca,USDBC,6,2026-04-29,-116555172,1412
0xffd8807511b4657aaf2777232b53a095f8ba6d24a368f4c1768b1cd1de1944f6,0xd9aaec86b65d86f6a7b5b1b0c42ffa531710b6ca,USDBC,6,2026-04-30,581070319,991
0xffd8807511b4657aaf2777232b53a095f8ba6d24a368f4c1768b1cd1de1944f6,0xd9aaec86b65d86f6a7b5b1b0c42ffa531710b6ca,USDBC,6,2026-05-01,-2292693764,803
0xffd8807511b4657aaf2777232b53a095f8ba6d24a368f4c1768b1cd1de1944f6,0xd9aaec86b65d86f6a7b5b1b0c42ffa531710b6ca,USDBC,6,2026-05-02,928816226,1121
0xffd8807511b4657aaf2777232b53a095f8ba6d24a368f4c1768b1cd1de1944f6,0xd9aaec86b65d86f6a7b5b1b0c42ffa531710b6ca,USDBC,6,2026-05-03,-348865826,1284
0xffd8807511b4657aaf2777232b53a095f8ba6d24a368f4c1768b1cd1de1944f6,0xd9aaec86b65d86f6a7b5b1b0c42ffa531710b6ca,USDBC,6,2026-05-04,-695315101,1832
0xffd8807511b4657aaf2777232b53a095f8ba6d24a368f4c1768b1cd1de1944f6,0xd9aaec86b65d86f6a7b5b1b0c42ffa531710b6ca,USDBC,6,2026-05-05,1369181858,1536
0xffd8807511b4657aaf2777232b53a095f8ba6d24a368f4c1768b1cd1de1944f6,0xd9aaec86b65d86f6a7b5b1b0c42ffa531710b6ca,USDBC,6,2026-05-06,2479794445,1224
0xffd8807511b4657aaf2777232b53a095f8ba6d24a368f4c1768b1cd1de1944f6,0xd9aaec86b65d86f6a7b5b1b0c42ffa531710b6ca,USDBC,6,2026-05-07,-3770356761,1237
0xffd8807511b4657aaf2777232b53a095f8ba6d24a368f4c1768b1cd1de1944f6,0xd9aaec86b65d86f6a7b5b1b0c42ffa531710b6ca,USDBC,6,2026-05-08,683352645,1140
0xffd8807511b4657aaf2777232b53a095f8ba6d24a368f4c1768b1cd1de1944f6,0xd9aaec86b65d86f6a7b5b1b0c42ffa531710b6ca,USDBC,6,2026-05-09,855061313,981
0xffd8807511b4657aaf2777232b53a095f8ba6d24a368f4c1768b1cd1de1944f6,0xd9aaec86b65d86f6a7b5b1b0c42ffa531710b6ca,USDBC,6,2026-05-10,3501462881,1117
0xffd8807511b4657aaf2777232b53a095f8ba6d24a368f4c1768b1cd1de1944f6,0xd9aaec86b65d86f6a7b5b1b0c42ffa531710b6ca,USDBC,6,2026-05-11,-3335276884,950
0xffd8807511b4657aaf2777232b53a095f8ba6d24a368f4c1768b1cd1de1944f6,0xd9aaec86b65d86f6a7b5b1b0c42ffa531710b6ca,USDBC,6,2026-05-12,1976499451,720
0xffd8807511b4657aaf2777232b53a095f8ba6d24a368f4c1768b1cd1de1944f6,0xd9aaec86b65d86f6a7b5b1b0c42ffa531710b6ca,USDBC,6,2026-05-13,2104076949,968
0xffd8807511b4657aaf2777232b53a095f8ba6d24a368f4c1768b1cd1de1944f6,0xd9aaec86b65d86f6a7b5b1b0c42ffa531710b6ca,USDBC,6,2026-05-14,-1755339505,935
0xffd8807511b4657aaf2777232b53a095f8ba6d24a368f4c1768b1cd1de1944f6,0xd9aaec86b65d86f6a7b5b1b0c42ffa531710b6ca,USDBC,6,2026-05-15,1074943674,996
0xffd8807511b4657aaf2777232b53a095f8ba6d24a368f4c1768b1cd1de1944f6,0xd9aaec86b65d86f6a7b5b1b0c42ffa531710b6ca,USDBC,6,2026-05-16,-702118566,1292
0xffd8807511b4657aaf2777232b53a095f8ba6d24a368f4c1768b1cd1de1944f6,0xd9aaec86b65d86f6a7b5b1b0c42ffa531710b6ca,USDBC,6,2026-05-17,6340034519,1018
0xffd8807511b4657aaf2777232b53a095f8ba6d24a368f4c1768b1cd1de1944f6,0xd9aaec86b65d86f6a7b5b1b0c42ffa531710b6ca,USDBC,6,2026-05-18,3097540064,1386
0xffd8807511b4657aaf2777232b53a095f8ba6d24a368f4c1768b1cd1de1944f6,0xd9aaec86b65d86f6a7b5b1b0c42ffa531710b6ca,USDBC,6,2026-05-19,-6407895826,1007
0xffd8807511b4657aaf2777232b53a095f8ba6d24a368f4c1768b1cd1de1944f6,0xd9aaec86b65d86f6a7b5b1b0c42ffa531710b6ca,USDBC,6,2026-05-20,-3060445263,1097
0xffd8807511b4657aaf2777232b53a095f8ba6d24a368f4c1768b1cd1de1944f6,0xd9aaec86b65d86f6a7b5b1b0c42ffa531710b6ca,USDBC,6,2026-05-21,-2736465473,928
0xffd8807511b4657aaf2777232b53a095f8ba6d24a368f4c1768b1cd1de1944f6,0xd9aaec86b65d86f6a7b5b1b0c42ffa531710b6ca,USDBC,6,2026-05-22,7486094928,1113
0xffd8807511b4657aaf2777232b53a095f8ba6d24a368f4c1768b1cd1de1944f6,0xd9aaec86b65d86f6a7b5b1b0c42ffa531710b6ca,USDBC,6,2026-05-23,521680509,943
0xffd8807511b4657aaf2777232b53a095f8ba6d24a368f4c1768b1cd1de1944f6,0xd9aaec86b65d86f6a7b5b1b0c42ffa531710b6ca,USDBC,6,2026-05-24,1212479792,1391
0xffd8807511b4657aaf2777232b53a095f8ba6d24a368f4c1768b1cd1de1944f6,0xd9aaec86b65d86f6a7b5b1b0c42ffa531710b6ca,USDBC,6,2026-05-25,-2331974080,1794
0xffd8807511b4657aaf2777232b53a095f8ba6d24a368f4c1768b1cd1de1944f6,0xd9aaec86b65d86f6a7b5b1b0c42ffa531710b6ca,USDBC,6,2026-05-26,1706544940,2230
0xffd8807511b4657aaf2777232b53a095f8ba6d24a368f4c1768b1cd1de1944f6,0xd9aaec86b65d86f6a7b5b1b0c42ffa531710b6ca,USDBC,6,2026-05-27,8093235740,1370
0xffd8807511b4657aaf2777232b53a095f8ba6d24a368f4c1768b1cd1de1944f6,0xd9aaec86b65d86f6a7b5b1b0c42ffa531710b6ca,USDBC,6,2026-05-28,-342668711,1334
0xffd8807511b4657aaf2777232b53a095f8ba6d24a368f4c1768b1cd1de1944f6,0xd9aaec86b65d86f6a7b5b1b0c42ffa531710b6ca,USDBC,6,2026-05-29,-2566432268,1542
0xffd8807511b4657aaf2777232b53a095f8ba6d24a368f4c1768b1cd1de1944f6,0xd9aaec86b65d86f6a7b5b1b0c42ffa531710b6ca,USDBC,6,2026-05-30,-1563382992,1125
0xffd8807511b4657aaf2777232b53a095f8ba6d24a368f4c1768b1cd1de1944f6,0xd9aaec86b65d86f6a7b5b1b0c42ffa531710b6ca,USDBC,6,2026-05-31,-2423713700,1093
0xffd8807511b4657aaf2777232b53a095f8ba6d24a368f4c1768b1cd1de1944f6,0xd9aaec86b65d86f6a7b5b1b0c42ffa531710b6ca,USDBC,6,2026-06-01,-73879635,1420
0xffd8807511b4657aaf2777232b53a095f8ba6d24a368f4c1768b1cd1de1944f6,0xd9aaec86b65d86f6a7b5b1b0c42ffa531710b6ca,USDBC,6,2026-06-02,1326441739,1603
0xffd8807511b4657aaf2777232b53a095f8ba6d24a368f4c1768b1cd1de1944f6,0xd9aaec86b65d86f6a7b5b1b0c42ffa531710b6ca,USDBC,6,2026-06-03,6465656753,1501
0xffd8807511b4657aaf2777232b53a095f8ba6d24a368f4c1768b1cd1de1944f6,0xd9aaec86b65d86f6a7b5b1b0c42ffa531710b6ca,USDBC,6,2026-06-04,-1149906282,1961
0xffd8807511b4657aaf2777232b53a095f8ba6d24a368f4c1768b1cd1de1944f6,0xd9aaec86b65d86f6a7b5b1b0c42ffa531710b6ca,USDBC,6,2026-06-05,-504433376,1812
0xffd8807511b4657aaf2777232b53a095f8ba6d24a368f4c1768b1cd1de1944f6,0xd9aaec86b65d86f6a7b5b1b0c42ffa531710b6ca,USDBC,6,2026-06-06,640222055,1172
0xffd8807511b4657aaf2777232b53a095f8ba6d24a368f4c1768b1cd1de1944f6,0xd9aaec86b65d86f6a7b5b1b0c42ffa531710b6ca,USDBC,6,2026-06-07,2249285798,1104
0xffd8807511b4657aaf2777232b53a095f8ba6d24a368f4c1768b1cd1de1944f6,0xd9aaec86b65d86f6a7b5b1b0c42ffa531710b6ca,USDBC,6,2026-06-08,-1540544833,1483
0xffd8807511b4657aaf2777232b53a095f8ba6d24a368f4c1768b1cd1de1944f6,0xd9aaec86b65d86f6a7b5b1b0c42ffa531710b6ca,USDBC,6,2026-06-09,1936063010,1299
0xffd8807511b4657aaf2777232b53a095f8ba6d24a368f4c1768b1cd1de1944f6,0xd9aaec86b65d86f6a7b5b1b0c42ffa531710b6ca,USDBC,6,2026-06-10,-1924475155,1417
0xffd8807511b4657aaf2777232b53a095f8ba6d24a368f4c1768b1cd1de1944f6,0xd9aaec86b65d86f6a7b5b1b0c42ffa531710b6ca,USDBC,6,2026-06-11,-4187376131,1317
0xffd8807511b4657aaf2777232b53a095f8ba6d24a368f4c1768b1cd1de1944f6,0xd9aaec86b65d86f6a7b5b1b0c42ffa531710b6ca,USDBC,6,2026-06-12,1465490455,1036
0xffd8807511b4657aaf2777232b53a095f8ba6d24a368f4c1768b1cd1de1944f6,0xd9aaec86b65d86f6a7b5b1b0c42ffa531710b6ca,USDBC,6,2026-06-13,3202614582,535
0xffd8807511b4657aaf2777232b53a095f8ba6d24a368f4c1768b1cd1de1944f6,0xd9aaec86b65d86f6a7b5b1b0c42ffa531710b6ca,USDBC,6,2026-06-14,-811279725,688
0xffd8807511b4657aaf2777232b53a095f8ba6d24a368f4c1768b1cd1de1944f6,0xd9aaec86b65d86f6a7b5b1b0c42ffa531710b6ca,USDBC,6,2026-06-15,-2203962637,1074
0xffd8807511b4657aaf2777232b53a095f8ba6d24a368f4c1768b1cd1de1944f6,0xd9aaec86b65d86f6a7b5b1b0c42ffa531710b6ca,USDBC,6,2026-06-16,-2152772530,1252
0xffd8807511b4657aaf2777232b53a095f8ba6d24a368f4c1768b1cd1de1944f6,0xd9aaec86b65d86f6a7b5b1b0c42ffa531710b6ca,USDBC,6,2026-06-17,5006887901,1545
0xffd8807511b4657aaf2777232b53a095f8ba6d24a368f4c1768b1cd1de1944f6,0xd9aaec86b65d86f6a7b5b1b0c42ffa531710b6ca,USDBC,6,2026-06-18,1156734704,1388
0xffd8807511b4657aaf2777232b53a095f8ba6d24a368f4c1768b1cd1de1944f6,0xd9aaec86b65d86f6a7b5b1b0c42ffa531710b6ca,USDBC,6,2026-06-19,-3416292484,1049
0xffd8807511b4657aaf2777232b53a095f8ba6d24a368f4c1768b1cd1de1944f6,0xd9aaec86b65d86f6a7b5b1b0c42ffa531710b6ca,USDBC,6,2026-06-20,426013220,1156
0xffd8807511b4657aaf2777232b53a095f8ba6d24a368f4c1768b1cd1de1944f6,0xd9aaec86b65d86f6a7b5b1b0c42ffa531710b6ca,USDBC,6,2026-06-21,-2086016304,1092
0xffd8807511b4657aaf2777232b53a095f8ba6d24a368f4c1768b1cd1de1944f6,0xd9aaec86b65d86f6a7b5b1b0c42ffa531710b6ca,USDBC,6,2026-06-22,4708521651,1124
0xffd8807511b4657aaf2777232b53a095f8ba6d24a368f4c1768b1cd1de1944f6,0xd9aaec86b65d86f6a7b5b1b0c42ffa531710b6ca,USDBC,6,2026-06-23,-42183035,1562
0xffd8807511b4657aaf2777232b53a095f8ba6d24a368f4c1768b1cd1de1944f6,0xd9aaec86b65d86f6a7b5b1b0c42ffa531710b6ca,USDBC,6,2026-06-24,-2101869999,1763
0xffd8807511b4657aaf2777232b53a095f8ba6d24a368f4c1768b1cd1de1944f6,0xd9aaec86b65d86f6a7b5b1b0c42ffa531710b6ca,USDBC,6,2026-06-25,675275427,1497
0xffd8807511b4657aaf2777232b53a095f8ba6d24a368f4c1768b1cd1de1944f6,0xd9aaec86b65d86f6a7b5b1b0c42ffa531710b6ca,USDBC,6,2026-06-26,-373009047,1276
0xffd8807511b4657aaf2777232b53a095f8ba6d24a368f4c1768b1cd1de1944f6,0xd9aaec86b65d86f6a7b5b1b0c42ffa531710b6ca,USDBC,6,2026-06-27,-2179193531,1176
0xffd8807511b4657aaf2777232b53a095f8ba6d24a368f4c1768b1cd1de1944f6,0xd9aaec86b65d86f6a7b5b1b0c42ffa531710b6ca,USDBC,6,2026-06-28,-1944434636,1634
0xffd8807511b4657aaf2777232b53a095f8ba6d24a368f4c1768b1cd1de1944f6,0xd9aaec86b65d86f6a7b5b1b0c42ffa531710b6ca,USDBC,6,2026-06-29,5953071829,1502
0xffd8807511b4657aaf2777232b53a095f8ba6d24a368f4c1768b1cd1de1944f6,0xd9aaec86b65d86f6a7b5b1b0c42ffa531710b6ca,USDBC,6,2026-06-30,-4126754676,1170
0xffd8807511b4657aaf2777232b53a095f8ba6d24a368f4c1768b1cd1de1944f6,0xd9aaec86b65d86f6a7b5b1b0c42ffa531710b6ca,USDBC,6,2026-07-01,1291195247,1014
0xffd8807511b4657aaf2777232b53a095f8ba6d24a368f4c1768b1cd1de1944f6,0xd9aaec86b65d86f6a7b5b1b0c42ffa531710b6ca,USDBC,6,2026-07-02,-2673831103,1034
0xffd8807511b4657aaf2777232b53a095f8ba6d24a368f4c1768b1cd1de1944f6,0xd9aaec86b65d86f6a7b5b1b0c42ffa531710b6ca,USDBC,6,2026-07-03,-1069299644,1113
0xffd8807511b4657aaf2777232b53a095f8ba6d24a368f4c1768b1cd1de1944f6,0xd9aaec86b65d86f6a7b5b1b0c42ffa531710b6ca,USDBC,6,2026-07-04,2693985839,1138
0xffd8807511b4657aaf2777232b53a095f8ba6d24a368f4c1768b1cd1de1944f6,0xd9aaec86b65d86f6a7b5b1b0c42ffa531710b6ca,USDBC,6,2026-07-05,7068537958,1150
0xffd8807511b4657aaf2777232b53a095f8ba6d24a368f4c1768b1cd1de1944f6,0xd9aaec86b65d86f6a7b5b1b0c42ffa531710b6ca,USDBC,6,2026-07-06,3188171252,1245
0xffd8807511b4657aaf2777232b53a095f8ba6d24a368f4c1768b1cd1de1944f6,0xd9aaec86b65d86f6a7b5b1b0c42ffa531710b6ca,USDBC,6,2026-07-07,-832895786,1154
0xffd8807511b4657aaf2777232b53a095f8ba6d24a368f4c1768b1cd1de1944f6,0xd9aaec86b65d86f6a7b5b1b0c42ffa531710b6ca,USDBC,6,2026-07-08,-4043826890,1196
0xffd8807511b4657aaf2777232b53a095f8ba6d24a368f4c1768b1cd1de1944f6,0xd9aaec86b65d86f6a7b5b1b0c42ffa531710b6ca,USDBC,6,2026-07-09,238352619,1142
0xffd8807511b4657aaf2777232b53a095f8ba6d24a368f4c1768b1cd1de1944f6,0xd9aaec86b65d86f6a7b5b1b0c42ffa531710b6ca,USDBC,6,2026-07-10,-859932211,1173
0xffd8807511b4657aaf2777232b53a095f8ba6d24a368f4c1768b1cd1de1944f6,0xd9aaec86b65d86f6a7b5b1b0c42ffa531710b6ca,USDBC,6,2026-07-11,-7917172285,1017
0xffd8807511b4657aaf2777232b53a095f8ba6d24a368f4c1768b1cd1de1944f6,0xd9aaec86b65d86f6a7b5b1b0c42ffa531710b6ca,USDBC,6,2026-07-12,6986919487,1191
0xffd8807511b4657aaf2777232b53a095f8ba6d24a368f4c1768b1cd1de1944f6,0xd9aaec86b65d86f6a7b5b1b0c42ffa531710b6ca,USDBC,6,2026-07-13,2071542858,1203
0xffd8807511b4657aaf2777232b53a095f8ba6d24a368f4c1768b1cd1de1944f6,0xd9aaec86b65d86f6a7b5b1b0c42ffa531710b6ca,USDBC,6,2026-07-14,-11949897860,1203
0xffd8807511b4657aaf2777232b53a095f8ba6d24a368f4c1768b1cd1de1944f6,0xd9aaec86b65d86f6a7b5b1b0c42ffa531710b6ca,USDBC,6,2026-07-15,3069921715,1409
0xffd8807511b4657aaf2777232b53a095f8ba6d24a368f4c1768b1cd1de1944f6,0xd9aaec86b65d86f6a7b5b1b0c42ffa531710b6ca,USDBC,6,2026-07-16,6431852694,1128
0xffd8807511b4657aaf2777232b53a095f8ba6d24a368f4c1768b1cd1de1944f6,0xd9aaec86b65d86f6a7b5b1b0c42ffa531710b6ca,USDBC,6,2026-07-17,-5069920820,1002
0xffd8807511b4657aaf2777232b53a095f8ba6d24a368f4c1768b1cd1de1944f6,0xd9aaec86b65d86f6a7b5b1b0c42ffa531710b6ca,USDBC,6,2026-07-18,-6590331843,533
0xffd8807511b4657aaf2777232b53a095f8ba6d24a368f4c1768b1cd1de1944f6,0xd9aaec86b65d86f6a7b5b1b0c42ffa531710b6ca,USDBC,6,2026-07-19,-81934008,603
0xffd8807511b4657aaf2777232b53a095f8ba6d24a368f4c1768b1cd1de1944f6,0xd9aaec86b65d86f6a7b5b1b0c42ffa531710b6ca,USDBC,6,2026-07-20,-1608408997,792
0xffd8807511b4657aaf2777232b53a095f8ba6d24a368f4c1768b1cd1de1944f6,0xd9aaec86b65d86f6a7b5b1b0c42ffa531710b6ca,USDBC,6,2026-07-21,1417778559,816
0xffd8807511b4657aaf2777232b53a095f8ba6d24a368f4c1768b1cd1de1944f6,0xd9aaec86b65d86f6a7b5b1b0c42ffa531710b6ca,USDBC,6,2026-07-22,-2135504609,960
0xffd8807511b4657aaf2777232b53a095f8ba6d24a368f4c1768b1cd1de1944f6,0xd9aaec86b65d86f6a7b5b1b0c42ffa531710b6ca,USDBC,6,2026-07-23,-9200164505,1385
0xffd8807511b4657aaf2777232b53a095f8ba6d24a368f4c1768b1cd1de1944f6,0xd9aaec86b65d86f6a7b5b1b0c42ffa531710b6ca,USDBC,6,2026-07-24,-779429740,758
