pool,token,symbol,decimals,local_date,net_raw,transfers
0x1ca42c7219f0cb1b67927e26502320cb98f725bd,0x60a3e35cc302bfa44cb288bc5a4f316fdb1adb42,EURC,6,2025-11-27,27642108379,1101
0x1ca42c7219f0cb1b67927e26502320cb98f725bd,0x60a3e35cc302bfa44cb288bc5a4f316fdb1adb42,EURC,6,2025-11-28,-3217153432,1525
0x1ca42c7219f0cb1b67927e26502320cb98f725bd,0x60a3e35cc302bfa44cb288bc5a4f316fdb1adb42,EURC,6,2025-11-29,-8633140624,355
0x1ca42c7219f0cb1b67927e26502320cb98f725bd,0x60a3e35cc302bfa44cb288bc5a4f316fdb1adb42,EURC,6,2025-11-30,-14067137228,952
0x1ca42c7219f0cb1b67927e26502320cb98f725bd,0x60a3e35cc302bfa44cb288bc5a4f316fdb1adb42,EURC,6,2025-12-01,-14413255842,1240
0x1ca42c7219f0cb1b67927e26502320cb98f725bd,0x60a3e35cc302bfa44cb288bc5a4f316fdb1adb42,EURC,6,2025-12-02,-50873994729,1545
0x1ca42c7219f0cb1b67927e26502320cb98f725bd,0x60a3e35cc302bfa44cb288bc5a4f316fdb1adb42,EURC,6,2025-12-03,-2557498173,1530
0x1ca42c7219f0cb1b67927e26502320cb98f725bd,0x60a3e35cc302bfa44cb288bc5a4f316fdb1adb42,EURC,6,2025-12-04,8644829307,1312
0x1ca42c7219f0cb1b67927e26502320cb98f725bd,0x60a3e35cc302bfa44cb288bc5a4f316fdb1adb42,EURC,6,2025-12-05,18542010621,1129
0x1ca42c7219f0cb1b67927e26502320cb98f725bd,0x60a3e35cc302bfa44cb288bc5a4f316fdb1adb42,EURC,6,2025-12-06,585827524,290
0x1ca42c7219f0cb1b67927e26502320cb98f725bd,0x60a3e35cc302bfa44cb288bc5a4f316fdb1adb42,EURC,6,2025-12-07,-17526590868,1153
0x1ca42c7219f0cb1b67927e26502320cb98f725bd,0x60a3e35cc302bfa44cb288bc5a4f316fdb1adb42,EURC,6,2025-12-08,5592856449,1432
0x1ca42c7219f0cb1b67927e26502320cb98f725bd,0x60a3e35cc302bfa44cb288bc5a4f316fdb1adb42,EURC,6,2025-12-09,14140926256,1321
0x1ca42c7219f0cb1b67927e26502320cb98f725bd,0x60a3e35cc302bfa44cb288bc5a4f316fdb1adb42,EURC,6,2025-12-10,-52841657901,1984
0x1ca42c7219f0cb1b67927e26502320cb98f725bd,0x60a3e35cc302bfa44cb288bc5a4f316fdb1adb42,EURC,6,2025-12-11,-33900554447,1318
0x1ca42c7219f0cb1b67927e26502320cb98f725bd,0x60a3e35cc302bfa44cb288bc5a4f316fdb1adb42,EURC,6,2025-12-12,9469620754,1009
0x1ca42c7219f0cb1b67927e26502320cb98f725bd,0x60a3e35cc302bfa44cb288bc5a4f316fdb1adb42,EURC,6,2025-12-13,29571750514,445
0x1ca42c7219f0cb1b67927e26502320cb98f725bd,0x60a3e35cc302bfa44cb288bc5a4f316fdb1adb42,EURC,6,2025-12-14,-39559916353,912
0x1ca42c7219f0cb1b67927e26502320cb98f725bd,0x60a3e35cc302bfa44cb288bc5a4f316fdb1adb42,EURC,6,2025-12-15,-4595683104,1080
0x1ca42c7219f0cb1b67927e26502320cb98f725bd,0x60a3e35cc302bfa44cb288bc5a4f316fdb1adb42,EURC,6,2025-12-16,18460433900,1438
0x1ca42c7219f0cb1b67927e26502320cb98f725bd,0x60a3e35cc302bfa44cb288bc5a4f316fdb1adb42,EURC,6,2025-12-17,-12960707506,970
0x1ca42c7219f0cb1b67927e26502320cb98f725bd,0x60a3e35cc302bfa44cb288bc5a4f316fdb1adb42,EURC,6,2025-12-18,12859817273,1285
0x1ca42c7219f0cb1b67927e26502320cb98f725bd,0x60a3e35cc302bfa44cb288bc5a4f316fdb1adb42,EURC,6,2025-12-19,-1626636410,1099
0x1ca42c7219f0cb1b67927e26502320cb98f725bd,0x60a3e35cc302bfa44cb288bc5a4f316fdb1adb42,EURC,6,2025-12-20,72153040514,497
0x1ca42c7219f0cb1b67927e26502320cb98f725bd,0x60a3e35cc302bfa44cb288bc5a4f316fdb1adb42,EURC,6,2025-12-21,-74534910399,788
0x1ca42c7219f0cb1b67927e26502320cb98f725bd,0x60a3e35cc302bfa44cb288bc5a4f316fdb1adb42,EURC,6,2025-12-22,-9881755446,1144
0x1ca42c7219f0cb1b67927e26502320cb98f725bd,0x60a3e35cc302bfa44cb288bc5a4f316fdb1adb42,EURC,6,2025-12-23,-12620374502,1593
0x1ca42c7219f0cb1b67927e26502320cb98f725bd,0x60a3e35cc302bfa44cb288bc5a4f316fdb1adb42,EURC,6,2025-12-24,13553267142,762
0x1ca42c7219f0cb1b67927e26502320cb98f725bd,0x60a3e35cc302bfa44cb288bc5a4f316fdb1adb42,EURC,6,2025-12-25,-10324527073,848
0x1ca42c7219f0cb1b67927e26502320cb98f725bd,0x60a3e35cc302bfa44cb288bc5a4f316fdb1adb42,EURC,6,2025-12-26,13121481482,785
0x1ca42c7219f0cb1b67927e26502320cb98f725bd,0x60a3e35cc302bfa44cb288bc5a4f316fdb1adb42,EURC,6,2025-12-27,-5289855833,245
0x1ca42c7219f0cb1b67927e26502320cb98f725bd,0x60a3e35cc302bfa44cb288bc5a4f316fdb1adb42,EURC,6,2025-12-28,10580741818,811
0x1ca42c7219f0cb1b67927e26502320cb98f725bd,0x60a3e35cc302bfa44cb288bc5a4f316fdb1adb42,EURC,6,2025-12-29,-7386824485,1155
0x1ca42c7219f0cb1b67927e26502320cb98f725bd,0x60a3e35cc302bfa44cb288bc5a4f316fdb1adb42,EURC,6,2025-12-30,5151004589,1002
0x1ca42c7219f0cb1b67927e26502320cb98f725bd,0x60a3e35cc302bfa44cb288bc5a4f316fdb1adb42,EURC,6,2025-12-31,10278712269,983
0x1ca42c7219f0cb1b67927e26502320cb98f725bd,0x60a3e35cc302bfa44cb288bc5a4f316fdb1adb42,EURC,6,2026-01-01,-15486419525,418
0x1ca42c7219f0cb1b67927e26502320cb98f725bd,0x60a3e35cc302bfa44cb288bc5a4f316fdb1adb42,EURC,6,2026-01-02,22413925825,902
0x1ca42c7219f0cb1b67927e26502320cb98f725bd,0x60a3e35cc302bfa44cb288bc5a4f316fdb1adb42,EURC,6,2026-01-03,2419655223,337
0x1ca42c7219f0cb1b67927e26502320cb98f725bd,0x60a3e35cc302bfa44cb288bc5a4f316fdb1adb42,EURC,6,2026-01-04,4319460428,543
0x1ca42c7219f0cb1b67927e26502320cb98f725bd,0x60a3e35cc302bfa44cb288bc5a4f316fdb1adb42,EURC,6,2026-01-05,-15530034355,962
0x1ca42c7219f0cb1b67927e26502320cb98f725bd,0x60a3e35cc302bfa44cb288bc5a4f316fdb1adb42,EURC,6,2026-01-06,10004065958,991
0x1ca42c7219f0cb1b67927e26502320cb98f725bd,0x60a3e35cc302bfa44cb288bc5a4f316fdb1adb42,EURC,6,2026-01-07,10833886221,883
0x1ca42c7219f0cb1b67927e26502320cb98f725bd,0x60a3e35cc302bfa44cb288bc5a4f316fdb1adb42,EURC,6,2026-01-08,5440348724,892
0x1ca42c7219f0cb1b67927e26502320cb98f725bd,0x60a3e35cc302bfa44cb288bc5a4f316fdb1adb42,EURC,6,2026-01-09,13652289194,897
0x1ca42c7219f0cb1b67927e26502320cb98f725bd,0x60a3e35cc302bfa44cb288bc5a4f316fdb1adb42,EURC,6,2026-01-10,15611990833,156
0x1ca42c7219f0cb1b67927e26502320cb98f725bd,0x60a3e35cc302bfa44cb288bc5a4f316fdb1adb42,EURC,6,2026-01-11,-37993252858,661
0x1ca42c7219f0cb1b67927e26502320cb98f725bd,0x60a3e35cc302bfa44cb288bc5a4f316fdb1adb42,EURC,6,2026-01-12,6685678566,1043
0x1ca42c7219f0cb1b67927e26502320cb98f725bd,0x60a3e35cc302bfa44cb288bc5a4f316fdb1adb42,EURC,6,2026-01-13,6490604806,1069
0x1ca42c7219f0cb1b67927e26502320cb98f725bd,0x60a3e35cc302bfa44cb288bc5a4f316fdb1adb42,EURC,6,2026-01-14,8965762714,1225
0x1ca42c7219f0cb1b67927e26502320cb98f725bd,0x60a3e35cc302bfa44cb288bc5a4f316fdb1adb42,EURC,6,2026-01-15,13853652542,838
0x1ca42c7219f0cb1b67927e26502320cb98f725bd,0x60a3e35cc302bfa44cb288bc5a4f316fdb1adb42,EURC,6,2026-01-16,12017716983,549
0x1ca42c7219f0cb1b67927e26502320cb98f725bd,0x60a3e35cc302bfa44cb288bc5a4f316fdb1adb42,EURC,6,2026-01-17,46058798475,252
0x1ca42c7219f0cb1b67927e26502320cb98f725bd,0x60a3e35cc302bfa44cb288bc5a4f316fdb1adb42,EURC,6,2026-01-18,-78912530309,619
0x1ca42c7219f0cb1b67927e26502320cb98f725bd,0x60a3e35cc302bfa44cb288bc5a4f316fdb1adb42,EURC,6,2026-01-19,-23814106371,657
0x1ca42c7219f0cb1b67927e26502320cb98f725bd,0x60a3e35cc302bfa44cb288bc5a4f316fdb1adb42,EURC,6,2026-01-20,-7503770707,1129
0x1ca42c7219f0cb1b67927e26502320cb98f725bd,0x60a3e35cc302bfa44cb288bc5a4f316fdb1adb42,EURC,6,2026-01-21,14401523932,1420
0x1ca42c7219f0cb1b67927e26502320cb98f725bd,0x60a3e35cc302bfa44cb288bc5a4f316fdb1adb42,EURC,6,2026-01-22,-28651579983,855
0x1ca42c7219f0cb1b67927e26502320cb98f725bd,0x60a3e35cc302bfa44cb288bc5a4f316fdb1adb42,EURC,6,2026-01-23,-8162663133,1134
0x1ca42c7219f0cb1b67927e26502320cb98f725bd,0x60a3e35cc302bfa44cb288bc5a4f316fdb1adb42,EURC,6,2026-01-24,6789728381,140
0x1ca42c7219f0cb1b67927e26502320cb98f725bd,0x60a3e35cc302bfa44cb288bc5a4f316fdb1adb42,EURC,6,2026-01-25,-15365555285,868
0x1ca42c7219f0cb1b67927e26502320cb98f725bd,0x60a3e35cc302bfa44cb288bc5a4f316fdb1adb42,EURC,6,2026-01-26,2909933628,1245
0x1ca42c7219f0cb1b67927e26502320cb98f725bd,0x60a3e35cc302bfa44cb288bc5a4f316fdb1adb42,EURC,6,2026-01-27,4743730339,2118
0x1ca42c7219f0cb1b67927e26502320cb98f725bd,0x60a3e35cc302bfa44cb288bc5a4f316fdb1adb42,EURC,6,2026-01-28,-6707119366,2020
0x1ca42c7219f0cb1b67927e26502320cb98f725bd,0x60a3e35cc302bfa44cb288bc5a4f316fdb1adb42,EURC,6,2026-01-29,8982452782,1203
0x1ca42c7219f0cb1b67927e26502320cb98f725bd,0x60a3e35cc302bfa44cb288bc5a4f316fdb1adb42,EURC,6,2026-01-30,7044331634,1060
0x1ca42c7219f0cb1b67927e26502320cb98f725bd,0x60a3e35cc302bfa44cb288bc5a4f316fdb1adb42,EURC,6,2026-01-31,-7698423395,573
0x1ca42c7219f0cb1b67927e26502320cb98f725bd,0x60a3e35cc302bfa44cb288bc5a4f316fdb1adb42,EURC,6,2026-02-01,1893565535,1052
0x1ca42c7219f0cb1b67927e26502320cb98f725bd,0x60a3e35cc302bfa44cb288bc5a4f316fdb1adb42,EURC,6,2026-02-02,-8962193092,925
0x1ca42c7219f0cb1b67927e26502320cb98f725bd,0x60a3e35cc302bfa44cb288bc5a4f316fdb1adb42,EURC,6,2026-02-03,3813294959,816
0x1ca42c7219f0cb1b67927e26502320cb98f725bd,0x60a3e35cc302bfa44cb288bc5a4f316fdb1adb42,EURC,6,2026-02-04,2896134511,808
0x1ca42c7219f0cb1b67927e26502320cb98f725bd,0x60a3e35cc302bfa44cb288bc5a4f316fdb1adb42,EURC,6,2026-02-05,1182746034,1364
0x1ca42c7219f0cb1b67927e26502320cb98f725bd,0x60a3e35cc302bfa44cb288bc5a4f316fdb1adb42,EURC,6,2026-02-06,2233381215,1159
0x1ca42c7219f0cb1b67927e26502320cb98f725bd,0x60a3e35cc302bfa44cb288bc5a4f316fdb1adb42,EURC,6,2026-02-07,162733755,653
0x1ca42c7219f0cb1b67927e26502320cb98f725bd,0x60a3e35cc302bfa44cb288bc5a4f316fdb1adb42,EURC,6,2026-02-08,-5976816832,710
0x1ca42c7219f0cb1b67927e26502320cb98f725bd,0x60a3e35cc302bfa44cb288bc5a4f316fdb1adb42,EURC,6,2026-02-09,-538099844,1293
0x1ca42c7219f0cb1b67927e26502320cb98f725bd,0x60a3e35cc302bfa44cb288bc5a4f316fdb1adb42,EURC,6,2026-02-10,-3810839860,799
0x1ca42c7219f0cb1b67927e26502320cb98f725bd,0x60a3e35cc302bfa44cb288bc5a4f316fdb1adb42,EURC,6,2026-02-11,8949659511,1063
0x1ca42c7219f0cb1b67927e26502320cb98f725bd,0x60a3e35cc302bfa44cb288bc5a4f316fdb1adb42,EURC,6,2026-02-12,-80784295,857
0x1ca42c7219f0cb1b67927e26502320cb98f725bd,0x60a3e35cc302bfa44cb288bc5a4f316fdb1adb42,EURC,6,2026-02-13,-2644456190,538
0x1ca42c7219f0cb1b67927e26502320cb98f725bd,0x60a3e35cc302bfa44cb288bc5a4f316fdb1adb42,EURC,6,2026-02-14,1837917299,364
0x1ca42c7219f0cb1b67927e26502320cb98f725bd,0x60a3e35cc302bfa44cb288bc5a4f316fdb1adb42,EURC,6,2026-02-15,-3031852914,493
0x1ca42c7219f0cb1b67927e26502320cb98f725bd,0x60a3e35cc302bfa44cb288bc5a4f316fdb1adb42,EURC,6,2026-02-16,9543435401,557
0x1ca42c7219f0cb1b67927e26502320cb98f725bd,0x60a3e35cc302bfa44cb288bc5a4f316fdb1adb42,EURC,6,2026-02-17,-2994098208,654
0x1ca42c7219f0cb1b67927e26502320cb98f725bd,0x60a3e35cc302bfa44cb288bc5a4f316fdb1adb42,EURC,6,2026-02-18,15999189237,663
0x1ca42c7219f0cb1b67927e26502320cb98f725bd,0x60a3e35cc302bfa44cb288bc5a4f316fdb1adb42,EURC,6,2026-02-19,-1289514605,627
0x1ca42c7219f0cb1b67927e26502320cb98f725bd,0x60a3e35cc302bfa44cb288bc5a4f316fdb1adb42,EURC,6,2026-02-20,-10193523503,742
0x1ca42c7219f0cb1b67927e26502320cb98f725bd,0x60a3e35cc302bfa44cb288bc5a4f316fdb1adb42,EURC,6,2026-02-21,1006184322,152
0x1ca42c7219f0cb1b67927e26502320cb98f725bd,0x60a3e35cc302bfa44cb288bc5a4f316fdb1adb42,EURC,6,2026-02-22,-5098857915,383
0x1ca42c7219f0cb1b67927e26502320cb98f725bd,0x60a3e35cc302bfa44cb288bc5a4f316fdb1adb42,EURC,6,2026-02-23,7791707415,743
0x1ca42c7219f0cb1b67927e26502320cb98f725bd,0x60a3e35cc302bfa44cb288bc5a4f316fdb1adb42,EURC,6,2026-02-24,-7742537046,599
0x1ca42c7219f0cb1b67927e26502320cb98f725bd,0x60a3e35cc302bfa44cb288bc5a4f316fdb1adb42,EURC,6,2026-02-25,-1119845407,900
0x1ca42c7219f0cb1b67927e26502320cb98f725bd,0x60a3e35cc302bfa44cb288bc5a4f316fdb1adb42,EURC,6,2026-02-26,5688562575,911
0x1ca42c7219f0cb1b67927e26502320cb98f725bd,0x60a3e35cc302bfa44cb288bc5a4f316fdb1adb42,EURC,6,2026-02-27,658556285,905
0x1ca42c7219f0cb1b67927e26502320cb98f725bd,0x60a3e35cc302bfa44cb288bc5a4f316fdb1adb42,EURC,6,2026-02-28,-2225055388,1295
0x1ca42c7219f0cb1b67927e26502320cb98f725bd,0x60a3e35cc302bfa44cb288bc5a4f316fdb1adb42,EURC,6,2026-03-01,17231845147,1108
0x1ca42c7219f0cb1b67927e26502320cb98f725bd,0x60a3e35cc302bfa44cb288bc5a4f316fdb1adb42,EURC,6,2026-03-02,15193964657,1641
0x1ca42c7219f0cb1b67927e26502320cb98f725bd,0x60a3e35cc302bfa44cb288bc5a4f316fdb1adb42,EURC,6,2026-03-03,39135676988,2369
0x1ca42c7219f0cb1b67927e26502320cb98f725bd,0x60a3e35cc302bfa44cb288bc5a4f316fdb1adb42,EURC,6,2026-03-04,-113626550,1805
0x1ca42c7219f0cb1b67927e26502320cb98f725bd,0x60a3e35cc302bfa44cb288bc5a4f316fdb1adb42,EURC,6,2026-03-05,-3750613929,1714
0x1ca42c7219f0cb1b67927e26502320cb98f725bd,0x60a3e35cc302bfa44cb288bc5a4f316fdb1adb42,EURC,6,2026-03-06,-6910292708,1339
0x1ca42c7219f0cb1b67927e26502320cb98f725bd,0x60a3e35cc302bfa44cb288bc5a4f316fdb1adb42,EURC,6,2026-03-07,10947855158,245
0x1ca42c7219f0cb1b67927e26502320cb98f725bd,0x60a3e35cc302bfa44cb288bc5a4f316fdb1adb42,EURC,6,2026-03-08,19929461331,1127
0x1ca42c7219f0cb1b67927e26502320cb98f725bd,0x60a3e35cc302bfa44cb288bc5a4f316fdb1adb42,EURC,6,2026-03-09,-8657041954,2285
0x1ca42c7219f0cb1b67927e26502320cb98f725bd,0x60a3e35cc302bfa44cb288bc5a4f316fdb1adb42,EURC,6,2026-03-10,-25827603457,1727
0x1ca42c7219f0cb1b67927e26502320cb98f725bd,0x60a3e35cc302bfa44cb288bc5a4f316fdb1adb42,EURC,6,2026-03-11,126541900338,1700
0x1ca42c7219f0cb1b67927e26502320cb98f725bd,0x60a3e35cc302bfa44cb288bc5a4f316fdb1adb42,EURC,6,2026-03-12,7972453786,1286
0x1ca42c7219f0cb1b67927e26502320cb98f725bd,0x60a3e35cc302bfa44cb288bc5a4f316fdb1adb42,EURC,6,2026-03-13,43531714245,1416
0x1ca42c7219f0cb1b67927e26502320cb98f725bd,0x60a3e35cc302bfa44cb288bc5a4f316fdb1adb42,EURC,6,2026-03-14,-61050086747,318
0x1ca42c7219f0cb1b67927e26502320cb98f725bd,0x60a3e35cc302bfa44cb288bc5a4f316fdb1adb42,EURC,6,2026-03-15,-16750848661,952
0x1ca42c7219f0cb1b67927e26502320cb98f725bd,0x60a3e35cc302bfa44cb288bc5a4f316fdb1adb42,EURC,6,2026-03-16,-19358921920,1439
0x1ca42c7219f0cb1b67927e26502320cb98f725bd,0x60a3e35cc302bfa44cb288bc5a4f316fdb1adb42,EURC,6,2026-03-17,-30842900287,997
0x1ca42c7219f0cb1b67927e26502320cb98f725bd,0x60a3e35cc302bfa44cb288bc5a4f316fdb1adb42,EURC,6,2026-03-18,34769727165,1650
0x1ca42c7219f0cb1b67927e26502320cb98f725bd,0x60a3e35cc302bfa44cb288bc5a4f316fdb1adb42,EURC,6,2026-03-19,-49190131636,1911
0x1ca42c7219f0cb1b67927e26502320cb98f725bd,0x60a3e35cc302bfa44cb288bc5a4f316fdb1adb42,EURC,6,2026-03-20,-11092871209,1253
0x1ca42c7219f0cb1b67927e26502320cb98f725bd,0x60a3e35cc302bfa44cb288bc5a4f316fdb1adb42,EURC,6,2026-03-21,9171862890,299
0x1ca42c7219f0cb1b67927e26502320cb98f725bd,0x60a3e35cc302bfa44cb288bc5a4f316fdb1adb42,EURC,6,2026-03-22,32547538693,858
0x1ca42c7219f0cb1b67927e26502320cb98f725bd,0x60a3e35cc302bfa44cb288bc5a4f316fdb1adb42,EURC,6,2026-03-23,-48683316249,2579
0x1ca42c7219f0cb1b67927e26502320cb98f725bd,0x60a3e35cc302bfa44cb288bc5a4f316fdb1adb42,EURC,6,2026-03-24,-5815823667,1469
0x1ca42c7219f0cb1b67927e26502320cb98f725bd,0x60a3e35cc302bfa44cb288bc5a4f316fdb1adb42,EURC,6,2026-03-25,30754959752,1108
0x1ca42c7219f0cb1b67927e26502320cb98f725bd,0x60a3e35cc302bfa44cb288bc5a4f316fdb1adb42,EURC,6,2026-03-26,30068811123,1154
0x1ca42c7219f0cb1b67927e26502320cb98f725bd,0x60a3e35cc302bfa44cb288bc5a4f316fdb1adb42,EURC,6,2026-03-27,-5533979932,910
0x1ca42c7219f0cb1b67927e26502320cb98f725bd,0x60a3e35cc302bfa44cb288bc5a4f316fdb1adb42,EURC,6,2026-03-28,-2053124635,459
0x1ca42c7219f0cb1b67927e26502320cb98f725bd,0x60a3e35cc302bfa44cb288bc5a4f316fdb1adb42,EURC,6,2026-03-29,-5291796513,719
0x1ca42c7219f0cb1b67927e26502320cb98f725bd,0x60a3e35cc302bfa44cb288bc5a4f316fdb1adb42,EURC,6,2026-03-30,2221430548,1294
0x1ca42c7219f0cb1b67927e26502320cb98f725bd,0x60a3e35cc302bfa44cb288bc5a4f316fdb1adb42,EURC,6,2026-03-31,-50489718618,1899
0x1ca42c7219f0cb1b67927e26502320cb98f725bd,0x60a3e35cc302bfa44cb288bc5a4f316fdb1adb42,EURC,6,2026-04-01,65246394227,2220
0x1ca42c7219f0cb1b67927e26502320cb98f725bd,0x60a3e35cc302bfa44cb288bc5a4f316fdb1adb42,EURC,6,2026-04-02,48581512504,1197
0x1ca42c7219f0cb1b67927e26502320cb98f725bd,0x60a3e35cc302bfa44cb288bc5a4f316fdb1adb42,EURC,6,2026-04-03,-41571856028,397
0x1ca42c7219f0cb1b67927e26502320cb98f725bd,0x60a3e35cc302bfa44cb288bc5a4f316fdb1adb42,EURC,6,2026-04-04,1459349714,179
0x1ca42c7219f0cb1b67927e26502320cb98f725bd,0x60a3e35cc302bfa44cb288bc5a4f316fdb1adb42,EURC,6,2026-04-05,-25735309536,850
0x1ca42c7219f0cb1b67927e26502320cb98f725bd,0x60a3e35cc302bfa44cb288bc5a4f316fdb1adb42,EURC,6,2026-04-06,1667905889,1182
0x1ca42c7219f0cb1b67927e26502320cb98f725bd,0x60a3e35cc302bfa44cb288bc5a4f316fdb1adb42,EURC,6,2026-04-07,-105538666995,1842
0x1ca42c7219f0cb1b67927e26502320cb98f725bd,0x60a3e35cc302bfa44cb288bc5a4f316fdb1adb42,EURC,6,2026-04-08,35114545103,1272
0x1ca42c7219f0cb1b67927e26502320cb98f725bd,0x60a3e35cc302bfa44cb288bc5a4f316fdb1adb42,EURC,6,2026-04-09,-30738943697,1142
0x1ca42c7219f0cb1b67927e26502320cb98f725bd,0x60a3e35cc302bfa44cb288bc5a4f316fdb1adb42,EURC,6,2026-04-10,20026885350,762
0x1ca42c7219f0cb1b67927e26502320cb98f725bd,0x60a3e35cc302bfa44cb288bc5a4f316fdb1adb42,EURC,6,2026-04-11,-15594929440,676
0x1ca42c7219f0cb1b67927e26502320cb98f725bd,0x60a3e35cc302bfa44cb288bc5a4f316fdb1adb42,EURC,6,2026-04-12,-3625470810,714
0x1ca42c7219f0cb1b67927e26502320cb98f725bd,0x60a3e35cc302bfa44cb288bc5a4f316fdb1adb42,EURC,6,2026-04-13,-23103775165,1149
0x1ca42c7219f0cb1b67927e26502320cb98f725bd,0x60a3e35cc302bfa44cb288bc5a4f316fdb1adb42,EURC,6,2026-04-14,4476652485,926
0x1ca42c7219f0cb1b67927e26502320cb98f725bd,0x60a3e35cc302bfa44cb288bc5a4f316fdb1adb42,EURC,6,2026-04-15,994578772,986
0x1ca42c7219f0cb1b67927e26502320cb98f725bd,0x60a3e35cc302bfa44cb288bc5a4f316fdb1adb42,EURC,6,2026-04-16,13772797859,1097
0x1ca42c7219f0cb1b67927e26502320cb98f725bd,0x60a3e35cc302bfa44cb288bc5a4f316fdb1adb42,EURC,6,2026-04-17,20914073963,1315
0x1ca42c7219f0cb1b67927e26502320cb98f725bd,0x60a3e35cc302bfa44cb288bc5a4f316fdb1adb42,EURC,6,2026-04-18,-13184107146,487
0x1ca42c7219f0cb1b67927e26502320cb98f725bd,0x60a3e35cc302bfa44cb288bc5a4f316fdb1adb42,EURC,6,2026-04-19,-9625110153,893
0x1ca42c7219f0cb1b67927e26502320cb98f725bd,0x60a3e35cc302bfa44cb288bc5a4f316fdb1adb42,EURC,6,2026-04-20,-12245676453,1252
0x1ca42c7219f0cb1b67927e26502320cb98f725bd,0x60a3e35cc302bfa44cb288bc5a4f316fdb1adb42,EURC,6,2026-04-21,10343915447,1565
0x1ca42c7219f0cb1b67927e26502320cb98f725bd,0x60a3e35cc302bfa44cb288bc5a4f316fdb1adb42,EURC,6,2026-04-22,40956384369,1111
0x1ca42c7219f0cb1b67927e26502320cb98f725bd,0x60a3e35cc302bfa44cb288bc5a4f316fdb1adb42,EURC,6,2026-04-23,-8374435756,1167
0x1ca42c7219f0cb1b67927e26502320cb98f725bd,0x60a3e35cc302bfa44cb288bc5a4f316fdb1adb42,EURC,6,2026-04-24,-5716464394,687
0x1ca42c7219f0cb1b67927e26502320cb98f725bd,0x60a3e35cc302bfa44cb288bc5a4f316fdb1adb42,EURC,6,2026-04-25,-8258319335,196
0x1ca42c7219f0cb1b67927e26502320cb98f725bd,0x60a3e35cc302bfa44cb288bc5a4f316fdb1adb42,EURC,6,2026-04-26,-17025197164,621
0x1ca42c7219f0cb1b67927e26502320cb98f725bd,0x60a3e35cc302bfa44cb288bc5a4f316fdb1adb42,EURC,6,2026-04-27,8826556525,715
0x1ca42c7219f0cb1b67927e26502320cb98f725bd,0x60a3e35cc302bfa44cb288bc5a4f316fdb1adb42,EURC,6,2026-04-28,4458275134,856
0x1ca42c7219f0cb1b67927e26502320cb98f725bd,0x60a3e35cc302bfa44cb288bc5a4f316fdb1adb42,EURC,6,2026-04-29,26088354224,1312
0x1ca42c7219f0cb1b67927e26502320cb98f725bd,0x60a3e35cc302bfa44cb288bc5a4f316fdb1adb42,EURC,6,2026-04-30,-36515562854,1127
0x1ca42c7219f0cb1b67927e26502320cb98f725bd,0x60a3e35cc302bfa44cb288bc5a4f316fdb1adb42,EURC,6,2026-05-01,24030999492,805
0x1ca42c7219f0cb1b67927e26502320cb98f725bd,0x60a3e35cc302bfa44cb288bc5a4f316fdb1adb42,EURC,6,2026-05-02,-29280652173,236
0x1ca42c7219f0cb1b67927e26502320cb98f725bd,0x60a3e35cc302bfa44cb288bc5a4f316fdb1adb42,EURC,6,2026-05-03,-5264375065,685
0x1ca42c7219f0cb1b67927e26502320cb98f725bd,0x60a3e35cc302bfa44cb288bc5a4f316fdb1adb42,EURC,6,2026-05-04,17814311915,1234
0x1ca42c7219f0cb1b67927e26502320cb98f725bd,0x60a3e35cc302bfa44cb288bc5a4f316fdb1adb42,EURC,6,2026-05-05,-21415727637,807
0x1ca42c7219f0cb1b67927e26502320cb98f725bd,0x60a3e35cc302bfa44cb288bc5a4f316fdb1adb42,EURC,6,2026-05-06,-4193591784,938
0x1ca42c7219f0cb1b67927e26502320cb98f725bd,0x60a3e35cc302bfa44cb288bc5a4f316fdb1adb42,EURC,6,2026-05-07,18056788579,842
0x1ca42c7219f0cb1b67927e26502320cb98f725bd,0x60a3e35cc302bfa44cb288bc5a4f316fdb1adb42,EURC,6,2026-05-08,4550116597,742
0x1ca42c7219f0cb1b67927e26502320cb98f725bd,0x60a3e35cc302bfa44cb288bc5a4f316fdb1adb42,EURC,6,2026-05-09,23793524168,251
0x1ca42c7219f0cb1b67927e26502320cb98f725bd,0x60a3e35cc302bfa44cb288bc5a4f316fdb1adb42,EURC,6,2026-05-10,-27447106462,612
0x1ca42c7219f0cb1b67927e26502320cb98f725bd,0x60a3e35cc302bfa44cb288bc5a4f316fdb1adb42,EURC,6,2026-05-11,-6286302248,752
0x1ca42c7219f0cb1b67927e26502320cb98f725bd,0x60a3e35cc302bfa44cb288bc5a4f316fdb1adb42,EURC,6,2026-05-12,1126140185,698
0x1ca42c7219f0cb1b67927e26502320cb98f725bd,0x60a3e35cc302bfa44cb288bc5a4f316fdb1adb42,EURC,6,2026-05-13,-916957103,654
0x1ca42c7219f0cb1b67927e26502320cb98f725bd,0x60a3e35cc302bfa44cb288bc5a4f316fdb1adb42,EURC,6,2026-05-14,30061502122,1012
0x1ca42c7219f0cb1b67927e26502320cb98f725bd,0x60a3e35cc302bfa44cb288bc5a4f316fdb1adb42,EURC,6,2026-05-15,31664953325,933
0x1ca42c7219f0cb1b67927e26502320cb98f725bd,0x60a3e35cc302bfa44cb288bc5a4f316fdb1adb42,EURC,6,2026-05-16,-13468750951,426
0x1ca42c7219f0cb1b67927e26502320cb98f725bd,0x60a3e35cc302bfa44cb288bc5a4f316fdb1adb42,EURC,6,2026-05-17,-2770480396,529
0x1ca42c7219f0cb1b67927e26502320cb98f725bd,0x60a3e35cc302bfa44cb288bc5a4f316fdb1adb42,EURC,6,2026-05-18,-20269459140,1514
0x1ca42c7219f0cb1b67927e26502320cb98f725bd,0x60a3e35cc302bfa44cb288bc5a4f316fdb1adb42,EURC,6,2026-05-19,30872439783,1155
0x1ca42c7219f0cb1b67927e26502320cb98f725bd,0x60a3e35cc302bfa44cb288bc5a4f316fdb1adb42,EURC,6,2026-05-20,-18602527501,1126
0x1ca42c7219f0cb1b67927e26502320cb98f725bd,0x60a3e35cc302bfa44cb288bc5a4f316fdb1adb42,EURC,6,2026-05-21,9619680617,1350
0x1ca42c7219f0cb1b67927e26502320cb98f725bd,0x60a3e35cc302bfa44cb288bc5a4f316fdb1adb42,EURC,6,2026-05-22,38071850218,909
0x1ca42c7219f0cb1b67927e26502320cb98f725bd,0x60a3e35cc302bfa44cb288bc5a4f316fdb1adb42,EURC,6,2026-05-23,-14179657479,700
0x1ca42c7219f0cb1b67927e26502320cb98f725bd,0x60a3e35cc302bfa44cb288bc5a4f316fdb1adb42,EURC,6,2026-05-24,-47559679908,791
0x1ca42c7219f0cb1b67927e26502320cb98f725bd,0x60a3e35cc302bfa44cb288bc5a4f316fdb1adb42,EURC,6,2026-05-25,7792614883,707
0x1ca42c7219f0cb1b67927e26502320cb98f725bd,0x60a3e35cc302bfa44cb288bc5a4f316fdb1adb42,EURC,6,2026-05-26,-6350144949,1182
0x1ca42c7219f0cb1b67927e26502320cb98f725bd,0x60a3e35cc302bfa44cb288bc5a4f316fdb1adb42,EURC,6,2026-05-27,75545192592,1518
0x1ca42c7219f0cb1b67927e26502320cb98f725bd,0x60a3e35cc302bfa44cb288bc5a4f316fdb1adb42,EURC,6,2026-05-28,-55912205296,1247
0x1ca42c7219f0cb1b67927e26502320cb98f725bd,0x60a3e35cc302bfa44cb288bc5a4f316fdb1adb42,EURC,6,2026-05-29,3796095264,1170
0x1ca42c7219f0cb1b67927e26502320cb98f725bd,0x60a3e35cc302bfa44cb288bc5a4f316fdb1adb42,EURC,6,2026-05-30,-11174001889,194
0x1ca42c7219f0cb1b67927e26502320cb98f725bd,0x60a3e35cc302bfa44cb288bc5a4f316fdb1adb42,EURC,6,2026-05-31,5694198455,620
0x1ca42c7219f0cb1b67927e26502320cb98f725bd,0x60a3e35cc302bfa44cb288bc5a4f316fdb1adb42,EURC,6,2026-06-01,23866657265,1298
0x1ca42c7219f0cb1b67927e26502320cb98f725bd,0x60a3e35cc302bfa44cb288bc5a4f316fdb1adb42,EURC,6,2026-06-02,8780270364,1649
0x1ca42c7219f0cb1b67927e26502320cb98f725bd,0x60a3e35cc302bfa44cb288bc5a4f316fdb1adb42,EURC,6,2026-06-03,25988692611,1907
0x1ca42c7219f0cb1b67927e26502320cb98f725bd,0x60a3e35cc302bfa44cb288bc5a4f316fdb1adb42,EURC,6,2026-06-04,-27260133629,2489
0x1ca42c7219f0cb1b67927e26502320cb98f725bd,0x60a3e35cc302bfa44cb288bc5a4f316fdb1adb42,EURC,6,2026-06-05,98482654223,2381
0x1ca42c7219f0cb1b67927e26502320cb98f725bd,0x60a3e35cc302bfa44cb288bc5a4f316fdb1adb42,EURC,6,2026-06-06,-35366672551,1335
0x1ca42c7219f0cb1b67927e26502320cb98f725bd,0x60a3e35cc302bfa44cb288bc5a4f316fdb1adb42,EURC,6,2026-06-07,-9276464099,1457
0x1ca42c7219f0cb1b67927e26502320cb98f725bd,0x60a3e35cc302bfa44cb288bc5a4f316fdb1adb42,EURC,6,2026-06-08,-9664105033,1523
0x1ca42c7219f0cb1b67927e26502320cb98f725bd,0x60a3e35cc302bfa44cb288bc5a4f316fdb1adb42,EURC,6,2026-06-09,-55367757670,1326
0x1ca42c7219f0cb1b67927e26502320cb98f725bd,0x60a3e35cc302bfa44cb288bc5a4f316fdb1adb42,EURC,6,2026-06-10,32612968001,1901
0x1ca42c7219f0cb1b67927e26502320cb98f725bd,0x60a3e35cc302bfa44cb288bc5a4f316fdb1adb42,EURC,6,2026-06-11,-38190270415,1374
0x1ca42c7219f0cb1b67927e26502320cb98f725bd,0x60a3e35cc302bfa44cb288bc5a4f316fdb1adb42,EURC,6,2026-06-12,3238382227,780
0x1ca42c7219f0cb1b67927e26502320cb98f725bd,0x60a3e35cc302bfa44cb288bc5a4f316fdb1adb42,EURC,6,2026-06-13,6332224264,173
0x1ca42c7219f0cb1b67927e26502320cb98f725bd,0x60a3e35cc302bfa44cb288bc5a4f316fdb1adb42,EURC,6,2026-06-14,-35952531004,742
0x1ca42c7219f0cb1b67927e26502320cb98f725bd,0x60a3e35cc302bfa44cb288bc5a4f316fdb1adb42,EURC,6,2026-06-15,57163767280,1244
0x1ca42c7219f0cb1b67927e26502320cb98f725bd,0x60a3e35cc302bfa44cb288bc5a4f316fdb1adb42,EURC,6,2026-06-16,-45786991679,1351
0x1ca42c7219f0cb1b67927e26502320cb98f725bd,0x60a3e35cc302bfa44cb288bc5a4f316fdb1adb42,EURC,6,2026-06-17,57594645180,1986
0x1ca42c7219f0cb1b67927e26502320cb98f725bd,0x60a3e35cc302bfa44cb288bc5a4f316fdb1adb42,EURC,6,2026-06-18,37543103883,1415
0x1ca42c7219f0cb1b67927e26502320cb98f725bd,0x60a3e35cc302bfa44cb288bc5a4f316fdb1adb42,EURC,6,2026-06-19,-2169122230,752
0x1ca42c7219f0cb1b67927e26502320cb98f725bd,0x60a3e35cc302bfa44cb288bc5a4f316fdb1adb42,EURC,6,2026-06-20,-40582400711,326
0x1ca42c7219f0cb1b67927e26502320cb98f725bd,0x60a3e35cc302bfa44cb288bc5a4f316fdb1adb42,EURC,6,2026-06-21,5081366927,536
0x1ca42c7219f0cb1b67927e26502320cb98f725bd,0x60a3e35cc302bfa44cb288bc5a4f316fdb1adb42,EURC,6,2026-06-22,30404388583,986
0x1ca42c7219f0cb1b67927e26502320cb98f725bd,0x60a3e35cc302bfa44cb288bc5a4f316fdb1adb42,EURC,6,2026-06-23,14196427319,729
0x1ca42c7219f0cb1b67927e26502320cb98f725bd,0x60a3e35cc302bfa44cb288bc5a4f316fdb1adb42,EURC,6,2026-06-24,-24250143701,1070
0x1ca42c7219f0cb1b67927e26502320cb98f725bd,0x60a3e35cc302bfa44cb288bc5a4f316fdb1adb42,EURC,6,2026-06-25,-2207424015,1251
0x1ca42c7219f0cb1b67927e26502320cb98f725bd,0x60a3e35cc302bfa44cb288bc5a4f316fdb1adb42,EURC,6,2026-06-26,8524393739,1376
0x1ca42c7219f0cb1b67927e26502320cb98f725bd,0x60a3e35cc302bfa44cb288bc5a4f316fdb1adb42,EURC,6,2026-06-27,-2301282020,395
0x1ca42c7219f0cb1b67927e26502320cb98f725bd,0x60a3e35cc302bfa44cb288bc5a4f316fdb1adb42,EURC,6,2026-06-28,-13986172084,600
0x1ca42c7219f0cb1b67927e26502320cb98f725bd,0x60a3e35cc302bfa44cb288bc5a4f316fdb1adb42,EURC,6,2026-06-29,-6277958663,1094
0x1ca42c7219f0cb1b67927e26502320cb98f725bd,0x60a3e35cc302bfa44cb288bc5a4f316fdb1adb42,EURC,6,2026-06-30,-4322389559,891
0x1ca42c7219f0cb1b67927e26502320cb98f725bd,0x60a3e35cc302bfa44cb288bc5a4f316fdb1adb42,EURC,6,2026-07-01,4261519731,1091
0x1ca42c7219f0cb1b67927e26502320cb98f725bd,0x60a3e35cc302bfa44cb288bc5a4f316fdb1adb42,EURC,6,2026-07-02,-13661809829,1386
0x1ca42c7219f0cb1b67927e26502320cb98f725bd,0x60a3e35cc302bfa44cb288bc5a4f316fdb1adb42,EURC,6,2026-07-03,9056001942,763
0x1ca42c7219f0cb1b67927e26502320cb98f725bd,0x60a3e35cc302bfa44cb288bc5a4f316fdb1adb42,EURC,6,2026-07-04,-3994656144,311
0x1ca42c7219f0cb1b67927e26502320cb98f725bd,0x60a3e35cc302bfa44cb288bc5a4f316fdb1adb42,EURC,6,2026-07-05,2198001212,440
0x1ca42c7219f0cb1b67927e26502320cb98f725bd,0x60a3e35cc302bfa44cb288bc5a4f316fdb1adb42,EURC,6,2026-07-06,-1169175745,921
0x1ca42c7219f0cb1b67927e26502320cb98f725bd,0x60a3e35cc302bfa44cb288bc5a4f316fdb1adb42,EURC,6,2026-07-07,2159289833,911
0x1ca42c7219f0cb1b67927e26502320cb98f725bd,0x60a3e35cc302bfa44cb288bc5a4f316fdb1adb42,EURC,6,2026-07-08,-2351744340,1103
0x1ca42c7219f0cb1b67927e26502320cb98f725bd,0x60a3e35cc302bfa44cb288bc5a4f316fdb1adb42,EURC,6,2026-07-09,-2241401571,721
0x1ca42c7219f0cb1b67927e26502320cb98f725bd,0x60a3e35cc302bfa44cb288bc5a4f316fdb1adb42,EURC,6,2026-07-10,5818761866,614
0x1ca42c7219f0cb1b67927e26502320cb98f725bd,0x60a3e35cc302bfa44cb288bc5a4f316fdb1adb42,EURC,6,2026-07-11,1262770760,289
0x1ca42c7219f0cb1b67927e26502320cb98f725bd,0x60a3e35cc302bfa44cb288bc5a4f316fdb1adb42,EURC,6,2026-07-12,2010118343,610
0x1ca42c7219f0cb1b67927e26502320cb98f725bd,0x60a3e35cc302bfa44cb288bc5a4f316fdb1adb42,EURC,6,2026-07-13,8171446704,1034
0x1ca42c7219f0cb1b67927e26502320cb98f725bd,0x60a3e35cc302bfa44cb288bc5a4f316fdb1adb42,EURC,6,2026-07-14,-16637251328,1289
0x1ca42c7219f0cb1b67927e26502320cb98f725bd,0x60a3e35cc302bfa44cb288bc5a4f316fdb1adb42,EURC,6,2026-07-15,-7097361464,959
0x1ca42c7219f0cb1b67927e26502320cb98f725bd,0x60a3e35cc302bfa44cb288bc5a4f316fdb1adb42,EURC,6,2026-07-16,7993761429,820
0x1ca42c7219f0cb1b67927e26502320cb98f725bd,0x60a3e35cc302bfa44cb288bc5a4f316fdb1adb42,EURC,6,2026-07-17,930157516,650
0x1ca42c7219f0cb1b67927e26502320cb98f725bd,0x60a3e35cc302bfa44cb288bc5a4f316fdb1adb42,EURC,6,2026-07-18,2834109363,157
0x1ca42c7219f0cb1b67927e26502320cb98f725bd,0x60a3e35cc302bfa44cb288bc5a4f316fdb1adb42,EURC,6,2026-07-19,-2337376933,427
0x1ca42c7219f0cb1b67927e26502320cb98f725bd,0x60a3e35cc302bfa44cb288bc5a4f316fdb1adb42,EURC,6,2026-07-20,7969662630,831
0x1ca42c7219f0cb1b67927e26502320cb98f725bd,0x60a3e35cc302bfa44cb288bc5a4f316fdb1adb42,EURC,6,2026-07-21,4933497910,515
0x1ca42c7219f0cb1b67927e26502320cb98f725bd,0x60a3e35cc302bfa44cb288bc5a4f316fdb1adb42,EURC,6,2026-07-22,-8463240140,578
0x1ca42c7219f0cb1b67927e26502320cb98f725bd,0x60a3e35cc302bfa44cb288bc5a4f316fdb1adb42,EURC,6,2026-07-23,19016562840,801
0x1ca42c7219f0cb1b67927e26502320cb98f725bd,0x60a3e35cc302bfa44cb288bc5a4f316fdb1adb42,EURC,6,2026-07-24,23492243286,503
0x1ca42c7219f0cb1b67927e26502320cb98f725bd,0x833589fcd6edb6e08f4c7c32d4f71b54bda02913,USDC,6,2025-11-27,-26499123985,1101
0x1ca42c7219f0cb1b67927e26502320cb98f725bd,0x833589fcd6edb6e08f4c7c32d4f71b54bda02913,USDC,6,2025-11-28,12274971767,1527
0x1ca42c7219f0cb1b67927e26502320cb98f725bd,0x833589fcd6edb6e08f4c7c32d4f71b54bda02913,USDC,6,2025-11-29,-19219619925,350
0x1ca42c7219f0cb1b67927e26502320cb98f725bd,0x833589fcd6edb6e08f4c7c32d4f71b54bda02913,USDC,6,2025-11-30,17665818915,954
0x1ca42c7219f0cb1b67927e26502320cb98f725bd,0x833589fcd6edb6e08f4c7c32d4f71b54bda02913,USDC,6,2025-12-01,5605816237,1242
0x1ca42c7219f0cb1b67927e26502320cb98f725bd,0x833589fcd6edb6e08f4c7c32d4f71b54bda02913,USDC,6,2025-12-02,59555186506,1555
0x1ca42c7219f0cb1b67927e26502320cb98f725bd,0x833589fcd6edb6e08f4c7c32d4f71b54bda02913,USDC,6,2025-12-03,-2313941530,1544
0x1ca42c7219f0cb1b67927e26502320cb98f725bd,0x833589fcd6edb6e08f4c7c32d4f71b54bda02913,USDC,6,2025-12-04,-102696286556,1314
0x1ca42c7219f0cb1b67927e26502320cb98f725bd,0x833589fcd6edb6e08f4c7c32d4f71b54bda02913,USDC,6,2025-12-05,-21995688820,1128
0x1ca42c7219f0cb1b67927e26502320cb98f725bd,0x833589fcd6edb6e08f4c7c32d4f71b54bda02913,USDC,6,2025-12-06,1772306336,289
0x1ca42c7219f0cb1b67927e26502320cb98f725bd,0x833589fcd6edb6e08f4c7c32d4f71b54bda02913,USDC,6,2025-12-07,19004261625,1155
0x1ca42c7219f0cb1b67927e26502320cb98f725bd,0x833589fcd6edb6e08f4c7c32d4f71b54bda02913,USDC,6,2025-12-08,-19184337450,1431
0x1ca42c7219f0cb1b67927e26502320cb98f725bd,0x833589fcd6edb6e08f4c7c32d4f71b54bda02913,USDC,6,2025-12-09,-16480699542,1321
0x1ca42c7219f0cb1b67927e26502320cb98f725bd,0x833589fcd6edb6e08f4c7c32d4f71b54bda02913,USDC,6,2025-12-10,40426701704,1987
0x1ca42c7219f0cb1b67927e26502320cb98f725bd,0x833589fcd6edb6e08f4c7c32d4f71b54bda02913,USDC,6,2025-12-11,39891957229,1324
0x1ca42c7219f0cb1b67927e26502320cb98f725bd,0x833589fcd6edb6e08f4c7c32d4f71b54bda02913,USDC,6,2025-12-12,5072826485,1008
0x1ca42c7219f0cb1b67927e26502320cb98f725bd,0x833589fcd6edb6e08f4c7c32d4f71b54bda02913,USDC,6,2025-12-13,75886021371,448
0x1ca42c7219f0cb1b67927e26502320cb98f725bd,0x833589fcd6edb6e08f4c7c32d4f71b54bda02913,USDC,6,2025-12-14,-99031527039,916
0x1ca42c7219f0cb1b67927e26502320cb98f725bd,0x833589fcd6edb6e08f4c7c32d4f71b54bda02913,USDC,6,2025-12-15,6058179314,1088
0x1ca42c7219f0cb1b67927e26502320cb98f725bd,0x833589fcd6edb6e08f4c7c32d4f71b54bda02913,USDC,6,2025-12-16,-8523910889,1448
0x1ca42c7219f0cb1b67927e26502320cb98f725bd,0x833589fcd6edb6e08f4c7c32d4f71b54bda02913,USDC,6,2025-12-17,7733793848,972
0x1ca42c7219f0cb1b67927e26502320cb98f725bd,0x833589fcd6edb6e08f4c7c32d4f71b54bda02913,USDC,6,2025-12-18,-11909573900,1285
0x1ca42c7219f0cb1b67927e26502320cb98f725bd,0x833589fcd6edb6e08f4c7c32d4f71b54bda02913,USDC,6,2025-12-19,-1565883018,1096
0x1ca42c7219f0cb1b67927e26502320cb98f725bd,0x833589fcd6edb6e08f4c7c32d4f71b54bda02913,USDC,6,2025-12-20,45554847913,496
0x1ca42c7219f0cb1b67927e26502320cb98f725bd,0x833589fcd6edb6e08f4c7c32d4f71b54bda02913,USDC,6,2025-12-21,-46144395482,791
0x1ca42c7219f0cb1b67927e26502320cb98f725bd,0x833589fcd6edb6e08f4c7c32d4f71b54bda02913,USDC,6,2025-12-22,27637781013,1152
0x1ca42c7219f0cb1b67927e26502320cb98f725bd,0x833589fcd6edb6e08f4c7c32d4f71b54bda02913,USDC,6,2025-12-23,17292972061,1603
0x1ca42c7219f0cb1b67927e26502320cb98f725bd,0x833589fcd6edb6e08f4c7c32d4f71b54bda02913,USDC,6,2025-12-24,-16055350201,761
0x1ca42c7219f0cb1b67927e26502320cb98f725bd,0x833589fcd6edb6e08f4c7c32d4f71b54bda02913,USDC,6,2025-12-25,12502879018,846
0x1ca42c7219f0cb1b67927e26502320cb98f725bd,0x833589fcd6edb6e08f4c7c32d4f71b54bda02913,USDC,6,2025-12-26,-15417862516,782
0x1ca42c7219f0cb1b67927e26502320cb98f725bd,0x833589fcd6edb6e08f4c7c32d4f71b54bda02913,USDC,6,2025-12-27,-20924229318,240
0x1ca42c7219f0cb1b67927e26502320cb98f725bd,0x833589fcd6edb6e08f4c7c32d4f71b54bda02913,USDC,6,2025-12-28,-19541058493,812
0x1ca42c7219f0cb1b67927e26502320cb98f725bd,0x833589fcd6edb6e08f4c7c32d4f71b54bda02913,USDC,6,2025-12-29,8051215899,1156
0x1ca42c7219f0cb1b67927e26502320cb98f725bd,0x833589fcd6edb6e08f4c7c32d4f71b54bda02913,USDC,6,2025-12-30,-24754327708,995
0x1ca42c7219f0cb1b67927e26502320cb98f725bd,0x833589fcd6edb6e08f4c7c32d4f71b54bda02913,USDC,6,2025-12-31,7446631321,985
0x1ca42c7219f0cb1b67927e26502320cb98f725bd,0x833589fcd6edb6e08f4c7c32d4f71b54bda02913,USDC,6,2026-01-01,13826235505,410
0x1ca42c7219f0cb1b67927e26502320cb98f725bd,0x833589fcd6edb6e08f4c7c32d4f71b54bda02913,USDC,6,2026-01-02,-28120499857,891
0x1ca42c7219f0cb1b67927e26502320cb98f725bd,0x833589fcd6edb6e08f4c7c32d4f71b54bda02913,USDC,6,2026-01-03,-5357501586,335
0x1ca42c7219f0cb1b67927e26502320cb98f725bd,0x833589fcd6edb6e08f4c7c32d4f71b54bda02913,USDC,6,2026-01-04,-5185600950,539
0x1ca42c7219f0cb1b67927e26502320cb98f725bd,0x833589fcd6edb6e08f4c7c32d4f71b54bda02913,USDC,6,2026-01-05,15234265053,967
0x1ca42c7219f0cb1b67927e26502320cb98f725bd,0x833589fcd6edb6e08f4c7c32d4f71b54bda02913,USDC,6,2026-01-06,-11752407922,982
0x1ca42c7219f0cb1b67927e26502320cb98f725bd,0x833589fcd6edb6e08f4c7c32d4f71b54bda02913,USDC,6,2026-01-07,-6722098813,880
0x1ca42c7219f0cb1b67927e26502320cb98f725bd,0x833589fcd6edb6e08f4c7c32d4f71b54bda02913,USDC,6,2026-01-08,-6668591608,884
0x1ca42c7219f0cb1b67927e26502320cb98f725bd,0x833589fcd6edb6e08f4c7c32d4f71b54bda02913,USDC,6,2026-01-09,-15384619915,893
0x1ca42c7219f0cb1b67927e26502320cb98f725bd,0x833589fcd6edb6e08f4c7c32d4f71b54bda02913,USDC,6,2026-01-10,-5187775810,154
0x1ca42c7219f0cb1b67927e26502320cb98f725bd,0x833589fcd6edb6e08f4c7c32d4f71b54bda02913,USDC,6,2026-01-11,29388370610,666
0x1ca42c7219f0cb1b67927e26502320cb98f725bd,0x833589fcd6edb6e08f4c7c32d4f71b54bda02913,USDC,6,2026-01-12,-9090773804,1043
0x1ca42c7219f0cb1b67927e26502320cb98f725bd,0x833589fcd6edb6e08f4c7c32d4f71b54bda02913,USDC,6,2026-01-13,-5964909336,1066
0x1ca42c7219f0cb1b67927e26502320cb98f725bd,0x833589fcd6edb6e08f4c7c32d4f71b54bda02913,USDC,6,2026-01-14,-7314273264,1224
0x1ca42c7219f0cb1b67927e26502320cb98f725bd,0x833589fcd6edb6e08f4c7c32d4f71b54bda02913,USDC,6,2026-01-15,-19278597227,833
0x1ca42c7219f0cb1b67927e26502320cb98f725bd,0x833589fcd6edb6e08f4c7c32d4f71b54bda02913,USDC,6,2026-01-16,-14653207717,548
0x1ca42c7219f0cb1b67927e26502320cb98f725bd,0x833589fcd6edb6e08f4c7c32d4f71b54bda02913,USDC,6,2026-01-17,737009310,252
0x1ca42c7219f0cb1b67927e26502320cb98f725bd,0x833589fcd6edb6e08f4c7c32d4f71b54bda02913,USDC,6,2026-01-18,35673308127,619
0x1ca42c7219f0cb1b67927e26502320cb98f725bd,0x833589fcd6edb6e08f4c7c32d4f71b54bda02913,USDC,6,2026-01-19,25030672558,659
0x1ca42c7219f0cb1b67927e26502320cb98f725bd,0x833589fcd6edb6e08f4c7c32d4f71b54bda02913,USDC,6,2026-01-20,10227612384,1132
0x1ca42c7219f0cb1b67927e26502320cb98f725bd,0x833589fcd6edb6e08f4c7c32d4f71b54bda02913,USDC,6,2026-01-21,-17799081500,1420
0x1ca42c7219f0cb1b67927e26502320cb98f725bd,0x833589fcd6edb6e08f4c7c32d4f71b54bda02913,USDC,6,2026-01-22,38790757538,859
0x1ca42c7219f0cb1b67927e26502320cb98f725bd,0x833589fcd6edb6e08f4c7c32d4f71b54bda02913,USDC,6,2026-01-23,5999710381,1137
0x1ca42c7219f0cb1b67927e26502320cb98f725bd,0x833589fcd6edb6e08f4c7c32d4f71b54bda02913,USDC,6,2026-01-24,-10148032025,141
0x1ca42c7219f0cb1b67927e26502320cb98f725bd,0x833589fcd6edb6e08f4c7c32d4f71b54bda02913,USDC,6,2026-01-25,12600610284,870
0x1ca42c7219f0cb1b67927e26502320cb98f725bd,0x833589fcd6edb6e08f4c7c32d4f71b54bda02913,USDC,6,2026-01-26,-1563605122,1246
0x1ca42c7219f0cb1b67927e26502320cb98f725bd,0x833589fcd6edb6e08f4c7c32d4f71b54bda02913,USDC,6,2026-01-27,-10868177039,2123
0x1ca42c7219f0cb1b67927e26502320cb98f725bd,0x833589fcd6edb6e08f4c7c32d4f71b54bda02913,USDC,6,2026-01-28,8355978804,2022
0x1ca42c7219f0cb1b67927e26502320cb98f725bd,0x833589fcd6edb6e08f4c7c32d4f71b54bda02913,USDC,6,2026-01-29,-15832075158,1201
0x1ca42c7219f0cb1b67927e26502320cb98f725bd,0x833589fcd6edb6e08f4c7c32d4f71b54bda02913,USDC,6,2026-01-30,-8188649862,1058
0x1ca42c7219f0cb1b67927e26502320cb98f725bd,0x833589fcd6edb6e08f4c7c32d4f71b54bda02913,USDC,6,2026-01-31,9588008082,571
0x1ca42c7219f0cb1b67927e26502320cb98f725bd,0x833589fcd6edb6e08f4c7c32d4f71b54bda02913,USDC,6,2026-02-01,-15456377369,1052
0x1ca42c7219f0cb1b67927e26502320cb98f725bd,0x833589fcd6edb6e08f4c7c32d4f71b54bda02913,USDC,6,2026-02-02,-6092223425,922
0x1ca42c7219f0cb1b67927e26502320cb98f725bd,0x833589fcd6edb6e08f4c7c32d4f71b54bda02913,USDC,6,2026-02-03,16659095648,815
0x1ca42c7219f0cb1b67927e26502320cb98f725bd,0x833589fcd6edb6e08f4c7c32d4f71b54bda02913,USDC,6,2026-02-04,-12765726112,807
0x1ca42c7219f0cb1b67927e26502320cb98f725bd,0x833589fcd6edb6e08f4c7c32d4f71b54bda02913,USDC,6,2026-02-05,5636404461,1363
0x1ca42c7219f0cb1b67927e26502320cb98f725bd,0x833589fcd6edb6e08f4c7c32d4f71b54bda02913,USDC,6,2026-02-06,-2547813023,1158
0x1ca42c7219f0cb1b67927e26502320cb98f725bd,0x833589fcd6edb6e08f4c7c32d4f71b54bda02913,USDC,6,2026-02-07,384683228,653
0x1ca42c7219f0cb1b67927e26502320cb98f725bd,0x833589fcd6edb6e08f4c7c32d4f71b54bda02913,USDC,6,2026-02-08,6891458696,711
0x1ca42c7219f0cb1b67927e26502320cb98f725bd,0x833589fcd6edb6e08f4c7c32d4f71b54bda02913,USDC,6,2026-02-09,1351029760,1301
0x1ca42c7219f0cb1b67927e26502320cb98f725bd,0x833589fcd6edb6e08f4c7c32d4f71b54bda02913,USDC,6,2026-02-10,3671705970,797
0x1ca42c7219f0cb1b67927e26502320cb98f725bd,0x833589fcd6edb6e08f4c7c32d4f71b54bda02913,USDC,6,2026-02-11,-11275495116,1062
0x1ca42c7219f0cb1b67927e26502320cb98f725bd,0x833589fcd6edb6e08f4c7c32d4f71b54bda02913,USDC,6,2026-02-12,-2632302090,859
0x1ca42c7219f0cb1b67927e26502320cb98f725bd,0x833589fcd6edb6e08f4c7c32d4f71b54bda02913,USDC,6,2026-02-13,767985601,539
0x1ca42c7219f0cb1b67927e26502320cb98f725bd,0x833589fcd6edb6e08f4c7c32d4f71b54bda02913,USDC,6,2026-02-14,100565489,363
0x1ca42c7219f0cb1b67927e26502320cb98f725bd,0x833589fcd6edb6e08f4c7c32d4f71b54bda02913,USDC,6,2026-02-15,15078597601,496
0x1ca42c7219f0cb1b67927e26502320cb98f725bd,0x833589fcd6edb6e08f4c7c32d4f71b54bda02913,USDC,6,2026-02-16,-12975573650,562
0x1ca42c7219f0cb1b67927e26502320cb98f725bd,0x833589fcd6edb6e08f4c7c32d4f71b54bda02913,USDC,6,2026-02-17,3863504442,650
0x1ca42c7219f0cb1b67927e26502320cb98f725bd,0x833589fcd6edb6e08f4c7c32d4f71b54bda02913,USDC,6,2026-02-18,-6598508366,656
0x1ca42c7219f0cb1b67927e26502320cb98f725bd,0x833589fcd6edb6e08f4c7c32d4f71b54bda02913,USDC,6,2026-02-19,-10085953608,617
0x1ca42c7219f0cb1b67927e26502320cb98f725bd,0x833589fcd6edb6e08f4c7c32d4f71b54bda02913,USDC,6,2026-02-20,8226984007,744
0x1ca42c7219f0cb1b67927e26502320cb98f725bd,0x833589fcd6edb6e08f4c7c32d4f71b54bda02913,USDC,6,2026-02-21,-1831416725,154
0x1ca42c7219f0cb1b67927e26502320cb98f725bd,0x833589fcd6edb6e08f4c7c32d4f71b54bda02913,USDC,6,2026-02-22,9191413426,388
0x1ca42c7219f0cb1b67927e26502320cb98f725bd,0x833589fcd6edb6e08f4c7c32d4f71b54bda02913,USDC,6,2026-02-23,-12420373190,742
0x1ca42c7219f0cb1b67927e26502320cb98f725bd,0x833589fcd6edb6e08f4c7c32d4f71b54bda02913,USDC,6,2026-02-24,9156021309,598
0x1ca42c7219f0cb1b67927e26502320cb98f725bd,0x833589fcd6edb6e08f4c7c32d4f71b54bda02913,USDC,6,2026-02-25,15010180321,901
0x1ca42c7219f0cb1b67927e26502320cb98f725bd,0x833589fcd6edb6e08f4c7c32d4f71b54bda02913,USDC,6,2026-02-26,-6722458071,911
0x1ca42c7219f0cb1b67927e26502320cb98f725bd,0x833589fcd6edb6e08f4c7c32d4f71b54bda02913,USDC,6,2026-02-27,239016372,906
0x1ca42c7219f0cb1b67927e26502320cb98f725bd,0x833589fcd6edb6e08f4c7c32d4f71b54bda02913,USDC,6,2026-02-28,-1312209694,1294
0x1ca42c7219f0cb1b67927e26502320cb98f725bd,0x833589fcd6edb6e08f4c7c32d4f71b54bda02913,USDC,6,2026-03-01,-12892222376,1107
0x1ca42c7219f0cb1b67927e26502320cb98f725bd,0x833589fcd6edb6e08f4c7c32d4f71b54bda02913,USDC,6,2026-03-02,-35631382731,1631
0x1ca42c7219f0cb1b67927e26502320cb98f725bd,0x833589fcd6edb6e08f4c7c32d4f71b54bda02913,USDC,6,2026-03-03,-41732390243,2360
0x1ca42c7219f0cb1b67927e26502320cb98f725bd,0x833589fcd6edb6e08f4c7c32d4f71b54bda02913,USDC,6,2026-03-04,1486241946,1807
0x1ca42c7219f0cb1b67927e26502320cb98f725bd,0x833589fcd6edb6e08f4c7c32d4f71b54bda02913,USDC,6,2026-03-05,14925960717,1715
0x1ca42c7219f0cb1b67927e26502320cb98f725bd,0x833589fcd6edb6e08f4c7c32d4f71b54bda02913,USDC,6,2026-03-06,5871118467,1337
0x1ca42c7219f0cb1b67927e26502320cb98f725bd,0x833589fcd6edb6e08f4c7c32d4f71b54bda02913,USDC,6,2026-03-07,-12464182365,245
0x1ca42c7219f0cb1b67927e26502320cb98f725bd,0x833589fcd6edb6e08f4c7c32d4f71b54bda02913,USDC,6,2026-03-08,-12249369903,1123
0x1ca42c7219f0cb1b67927e26502320cb98f725bd,0x833589fcd6edb6e08f4c7c32d4f71b54bda02913,USDC,6,2026-03-09,80298159894,2288
0x1ca42c7219f0cb1b67927e26502320cb98f725bd,0x833589fcd6edb6e08f4c7c32d4f71b54bda02913,USDC,6,2026-03-10,12362787198,1729
0x1ca42c7219f0cb1b67927e26502320cb98f725bd,0x833589fcd6edb6e08f4c7c32d4f71b54bda02913,USDC,6,2026-03-11,-145984414469,1700
0x1ca42c7219f0cb1b67927e26502320cb98f725bd,0x833589fcd6edb6e08f4c7c32d4f71b54bda02913,USDC,6,2026-03-12,4223819628,1283
0x1ca42c7219f0cb1b67927e26502320cb98f725bd,0x833589fcd6edb6e08f4c7c32d4f71b54bda02913,USDC,6,2026-03-13,-8115940441,1404
0x1ca42c7219f0cb1b67927e26502320cb98f725bd,0x833589fcd6edb6e08f4c7c32d4f71b54bda02913,USDC,6,2026-03-14,-2203776494,315
0x1ca42c7219f0cb1b67927e26502320cb98f725bd,0x833589fcd6edb6e08f4c7c32d4f71b54bda02913,USDC,6,2026-03-15,17948060314,949
0x1ca42c7219f0cb1b67927e26502320cb98f725bd,0x833589fcd6edb6e08f4c7c32d4f71b54bda02913,USDC,6,2026-03-16,24016470693,1444
0x1ca42c7219f0cb1b67927e26502320cb98f725bd,0x833589fcd6edb6e08f4c7c32d4f71b54bda02913,USDC,6,2026-03-17,19431991068,1004
0x1ca42c7219f0cb1b67927e26502320cb98f725bd,0x833589fcd6edb6e08f4c7c32d4f71b54bda02913,USDC,6,2026-03-18,-39141252548,1649
0x1ca42c7219f0cb1b67927e26502320cb98f725bd,0x833589fcd6edb6e08f4c7c32d4f71b54bda02913,USDC,6,2026-03-19,43178843230,1915
0x1ca42c7219f0cb1b67927e26502320cb98f725bd,0x833589fcd6edb6e08f4c7c32d4f71b54bda02913,USDC,6,2026-03-20,24367575358,1252
0x1ca42c7219f0cb1b67927e26502320cb98f725bd,0x833589fcd6edb6e08f4c7c32d4f71b54bda02913,USDC,6,2026-03-21,-19761253531,298
0x1ca42c7219f0cb1b67927e26502320cb98f725bd,0x833589fcd6edb6e08f4c7c32d4f71b54bda02913,USDC,6,2026-03-22,-51886553131,857
0x1ca42c7219f0cb1b67927e26502320cb98f725bd,0x833589fcd6edb6e08f4c7c32d4f71b54bda02913,USDC,6,2026-03-23,66900264994,2566
0x1ca42c7219f0cb1b67927e26502320cb98f725bd,0x833589fcd6edb6e08f4c7c32d4f71b54bda02913,USDC,6,2026-03-24,4928859020,1474
0x1ca42c7219f0cb1b67927e26502320cb98f725bd,0x833589fcd6edb6e08f4c7c32d4f71b54bda02913,USDC,6,2026-03-25,-8039381697,1104
0x1ca42c7219f0cb1b67927e26502320cb98f725bd,0x833589fcd6edb6e08f4c7c32d4f71b54bda02913,USDC,6,2026-03-26,-55806376704,1149
0x1ca42c7219f0cb1b67927e26502320cb98f725bd,0x833589fcd6edb6e08f4c7c32d4f71b54bda02913,USDC,6,2026-03-27,-12862018396,906
0x1ca42c7219f0cb1b67927e26502320cb98f725bd,0x833589fcd6edb6e08f4c7c32d4f71b54bda02913,USDC,6,2026-03-28,642926766,457
0x1ca42c7219f0cb1b67927e26502320cb98f725bd,0x833589fcd6edb6e08f4c7c32d4f71b54bda02913,USDC,6,2026-03-29,2901470715,720
0x1ca42c7219f0cb1b67927e26502320cb98f725bd,0x833589fcd6edb6e08f4c7c32d4f71b54bda02913,USDC,6,2026-03-30,-12506719589,1287
0x1ca42c7219f0cb1b67927e26502320cb98f725bd,0x833589fcd6edb6e08f4c7c32d4f71b54bda02913,USDC,6,2026-03-31,76276888614,1903
0x1ca42c7219f0cb1b67927e26502320cb98f725bd,0x833589fcd6edb6e08f4c7c32d4f71b54bda02913,USDC,6,2026-04-01,-66300790749,2226
0x1ca42c7219f0cb1b67927e26502320cb98f725bd,0x833589fcd6edb6e08f4c7c32d4f71b54bda02913,USDC,6,2026-04-02,61689670726,1197
0x1ca42c7219f0cb1b67927e26502320cb98f725bd,0x833589fcd6edb6e08f4c7c32d4f71b54bda02913,USDC,6,2026-04-03,-47259943673,398
0x1ca42c7219f0cb1b67927e26502320cb98f725bd,0x833589fcd6edb6e08f4c7c32d4f71b54bda02913,USDC,6,2026-04-04,11888216927,180
0x1ca42c7219f0cb1b67927e26502320cb98f725bd,0x833589fcd6edb6e08f4c7c32d4f71b54bda02913,USDC,6,2026-04-05,-13388737325,852
0x1ca42c7219f0cb1b67927e26502320cb98f725bd,0x833589fcd6edb6e08f4c7c32d4f71b54bda02913,USDC,6,2026-04-06,-6610140882,1181
0x1ca42c7219f0cb1b67927e26502320cb98f725bd,0x833589fcd6edb6e08f4c7c32d4f71b54bda02913,USDC,6,2026-04-07,132621695276,1852
0x1ca42c7219f0cb1b67927e26502320cb98f725bd,0x833589fcd6edb6e08f4c7c32d4f71b54bda02913,USDC,6,2026-04-08,-20677583866,1280
0x1ca42c7219f0cb1b67927e26502320cb98f725bd,0x833589fcd6edb6e08f4c7c32d4f71b54bda02913,USDC,6,2026-04-09,-1361737566,1142
0x1ca42c7219f0cb1b67927e26502320cb98f725bd,0x833589fcd6edb6e08f4c7c32d4f71b54bda02913,USDC,6,2026-04-10,22565365729,767
0x1ca42c7219f0cb1b67927e26502320cb98f725bd,0x833589fcd6edb6e08f4c7c32d4f71b54bda02913,USDC,6,2026-04-11,-8425798959,677
0x1ca42c7219f0cb1b67927e26502320cb98f725bd,0x833589fcd6edb6e08f4c7c32d4f71b54bda02913,USDC,6,2026-04-12,-15731808950,713
0x1ca42c7219f0cb1b67927e26502320cb98f725bd,0x833589fcd6edb6e08f4c7c32d4f71b54bda02913,USDC,6,2026-04-13,28652213706,1160
0x1ca42c7219f0cb1b67927e26502320cb98f725bd,0x833589fcd6edb6e08f4c7c32d4f71b54bda02913,USDC,6,2026-04-14,5585197769,933
0x1ca42c7219f0cb1b67927e26502320cb98f725bd,0x833589fcd6edb6e08f4c7c32d4f71b54bda02913,USDC,6,2026-04-15,20853897124,989
0x1ca42c7219f0cb1b67927e26502320cb98f725bd,0x833589fcd6edb6e08f4c7c32d4f71b54bda02913,USDC,6,2026-04-16,10191438883,1097
0x1ca42c7219f0cb1b67927e26502320cb98f725bd,0x833589fcd6edb6e08f4c7c32d4f71b54bda02913,USDC,6,2026-04-17,-11083475039,1318
0x1ca42c7219f0cb1b67927e26502320cb98f725bd,0x833589fcd6edb6e08f4c7c32d4f71b54bda02913,USDC,6,2026-04-18,-9483829665,486
0x1ca42c7219f0cb1b67927e26502320cb98f725bd,0x833589fcd6edb6e08f4c7c32d4f71b54bda02913,USDC,6,2026-04-19,-12569180923,892
0x1ca42c7219f0cb1b67927e26502320cb98f725bd,0x833589fcd6edb6e08f4c7c32d4f71b54bda02913,USDC,6,2026-04-20,9179649240,1258
0x1ca42c7219f0cb1b67927e26502320cb98f725bd,0x833589fcd6edb6e08f4c7c32d4f71b54bda02913,USDC,6,2026-04-21,-15683288315,1564
0x1ca42c7219f0cb1b67927e26502320cb98f725bd,0x833589fcd6edb6e08f4c7c32d4f71b54bda02913,USDC,6,2026-04-22,-17379405391,1110
0x1ca42c7219f0cb1b67927e26502320cb98f725bd,0x833589fcd6edb6e08f4c7c32d4f71b54bda02913,USDC,6,2026-04-23,-13103059098,1165
0x1ca42c7219f0cb1b67927e26502320cb98f725bd,0x833589fcd6edb6e08f4c7c32d4f71b54bda02913,USDC,6,2026-04-24,88096266774,688
0x1ca42c7219f0cb1b67927e26502320cb98f725bd,0x833589fcd6edb6e08f4c7c32d4f71b54bda02913,USDC,6,2026-04-25,-58417997564,197
0x1ca42c7219f0cb1b67927e26502320cb98f725bd,0x833589fcd6edb6e08f4c7c32d4f71b54bda02913,USDC,6,2026-04-26,-5427062897,621
0x1ca42c7219f0cb1b67927e26502320cb98f725bd,0x833589fcd6edb6e08f4c7c32d4f71b54bda02913,USDC,6,2026-04-27,-10323427828,717
0x1ca42c7219f0cb1b67927e26502320cb98f725bd,0x833589fcd6edb6e08f4c7c32d4f71b54bda02913,USDC,6,2026-04-28,-3004356151,857
0x1ca42c7219f0cb1b67927e26502320cb98f725bd,0x833589fcd6edb6e08f4c7c32d4f71b54bda02913,USDC,6,2026-04-29,-27073536306,1310
0x1ca42c7219f0cb1b67927e26502320cb98f725bd,0x833589fcd6edb6e08f4c7c32d4f71b54bda02913,USDC,6,2026-04-30,42735091814,1126
0x1ca42c7219f0cb1b67927e26502320cb98f725bd,0x833589fcd6edb6e08f4c7c32d4f71b54bda02913,USDC,6,2026-05-01,17909955385,811
0x1ca42c7219f0cb1b67927e26502320cb98f725bd,0x833589fcd6edb6e08f4c7c32d4f71b54bda02913,USDC,6,2026-05-02,-13063375536,236
0x1ca42c7219f0cb1b67927e26502320cb98f725bd,0x833589fcd6edb6e08f4c7c32d4f71b54bda02913,USDC,6,2026-05-03,5708179986,685
0x1ca42c7219f0cb1b67927e26502320cb98f725bd,0x833589fcd6edb6e08f4c7c32d4f71b54bda02913,USDC,6,2026-05-04,-45439962602,1229
0x1ca42c7219f0cb1b67927e26502320cb98f725bd,0x833589fcd6edb6e08f4c7c32d4f71b54bda02913,USDC,6,2026-05-05,26794606064,807
0x1ca42c7219f0cb1b67927e26502320cb98f725bd,0x833589fcd6edb6e08f4c7c32d4f71b54bda02913,USDC,6,2026-05-06,35231134678,937
0x1ca42c7219f0cb1b67927e26502320cb98f725bd,0x833589fcd6edb6e08f4c7c32d4f71b54bda02913,USDC,6,2026-05-07,-15981090864,843
0x1ca42c7219f0cb1b67927e26502320cb98f725bd,0x833589fcd6edb6e08f4c7c32d4f71b54bda02913,USDC,6,2026-05-08,69046326246,744
0x1ca42c7219f0cb1b67927e26502320cb98f725bd,0x833589fcd6edb6e08f4c7c32d4f71b54bda02913,USDC,6,2026-05-09,-38128712509,252
0x1ca42c7219f0cb1b67927e26502320cb98f725bd,0x833589fcd6edb6e08f4c7c32d4f71b54bda02913,USDC,6,2026-05-10,-46948162029,612
0x1ca42c7219f0cb1b67927e26502320cb98f725bd,0x833589fcd6edb6e08f4c7c32d4f71b54bda02913,USDC,6,2026-05-11,10921604707,754
0x1ca42c7219f0cb1b67927e26502320cb98f725bd,0x833589fcd6edb6e08f4c7c32d4f71b54bda02913,USDC,6,2026-05-12,-12082639330,698
0x1ca42c7219f0cb1b67927e26502320cb98f725bd,0x833589fcd6edb6e08f4c7c32d4f71b54bda02913,USDC,6,2026-05-13,-18081406772,653
0x1ca42c7219f0cb1b67927e26502320cb98f725bd,0x833589fcd6edb6e08f4c7c32d4f71b54bda02913,USDC,6,2026-05-14,-34948291472,1005
0x1ca42c7219f0cb1b67927e26502320cb98f725bd,0x833589fcd6edb6e08f4c7c32d4f71b54bda02913,USDC,6,2026-05-15,-5881922020,929
0x1ca42c7219f0cb1b67927e26502320cb98f725bd,0x833589fcd6edb6e08f4c7c32d4f71b54bda02913,USDC,6,2026-05-16,-8721801208,426
0x1ca42c7219f0cb1b67927e26502320cb98f725bd,0x833589fcd6edb6e08f4c7c32d4f71b54bda02913,USDC,6,2026-05-17,3236753976,533
0x1ca42c7219f0cb1b67927e26502320cb98f725bd,0x833589fcd6edb6e08f4c7c32d4f71b54bda02913,USDC,6,2026-05-18,21735697135,1520
0x1ca42c7219f0cb1b67927e26502320cb98f725bd,0x833589fcd6edb6e08f4c7c32d4f71b54bda02913,USDC,6,2026-05-19,-41168535952,1144
0x1ca42c7219f0cb1b67927e26502320cb98f725bd,0x833589fcd6edb6e08f4c7c32d4f71b54bda02913,USDC,6,2026-05-20,21545757375,1126
0x1ca42c7219f0cb1b67927e26502320cb98f725bd,0x833589fcd6edb6e08f4c7c32d4f71b54bda02913,USDC,6,2026-05-21,-8390516988,1341
0x1ca42c7219f0cb1b67927e26502320cb98f725bd,0x833589fcd6edb6e08f4c7c32d4f71b54bda02913,USDC,6,2026-05-22,15844812453,906
0x1ca42c7219f0cb1b67927e26502320cb98f725bd,0x833589fcd6edb6e08f4c7c32d4f71b54bda02913,USDC,6,2026-05-23,20007182911,696
0x1ca42c7219f0cb1b67927e26502320cb98f725bd,0x833589fcd6edb6e08f4c7c32d4f71b54bda02913,USDC,6,2026-05-24,-4981357950,795
0x1ca42c7219f0cb1b67927e26502320cb98f725bd,0x833589fcd6edb6e08f4c7c32d4f71b54bda02913,USDC,6,2026-05-25,-9993521347,707
0x1ca42c7219f0cb1b67927e26502320cb98f725bd,0x833589fcd6edb6e08f4c7c32d4f71b54bda02913,USDC,6,2026-05-26,36110247448,1184
0x1ca42c7219f0cb1b67927e26502320cb98f725bd,0x833589fcd6edb6e08f4c7c32d4f71b54bda02913,USDC,6,2026-05-27,-43350930829,1514
0x1ca42c7219f0cb1b67927e26502320cb98f725bd,0x833589fcd6edb6e08f4c7c32d4f71b54bda02913,USDC,6,2026-05-28,38138841966,1248
0x1ca42c7219f0cb1b67927e26502320cb98f725bd,0x833589fcd6edb6e08f4c7c32d4f71b54bda02913,USDC,6,2026-05-29,28513933257,1172
0x1ca42c7219f0cb1b67927e26502320cb98f725bd,0x833589fcd6edb6e08f4c7c32d4f71b54bda02913,USDC,6,2026-05-30,4140035993,195
0x1ca42c7219f0cb1b67927e26502320cb98f725bd,0x833589fcd6edb6e08f4c7c32d4f71b54bda02913,USDC,6,2026-05-31,-3960463411,609
0x1ca42c7219f0cb1b67927e26502320cb98f725bd,0x833589fcd6edb6e08f4c7c32d4f71b54bda02913,USDC,6,2026-06-01,-10763113748,1319
0x1ca42c7219f0cb1b67927e26502320cb98f725bd,0x833589fcd6edb6e08f4c7c32d4f71b54bda02913,USDC,6,2026-06-02,-43180560543,1642
0x1ca42c7219f0cb1b67927e26502320cb98f725bd,0x833589fcd6edb6e08f4c7c32d4f71b54bda02913,USDC,6,2026-06-03,-8734333787,1896
0x1ca42c7219f0cb1b67927e26502320cb98f725bd,0x833589fcd6edb6e08f4c7c32d4f71b54bda02913,USDC,6,2026-06-04,-3265336827,2487
0x1ca42c7219f0cb1b67927e26502320cb98f725bd,0x833589fcd6edb6e08f4c7c32d4f71b54bda02913,USDC,6,2026-06-05,-69824570038,2360
0x1ca42c7219f0cb1b67927e26502320cb98f725bd,0x833589fcd6edb6e08f4c7c32d4f71b54bda02913,USDC,6,2026-06-06,-8919637743,1322
0x1ca42c7219f0cb1b67927e26502320cb98f725bd,0x833589fcd6edb6e08f4c7c32d4f71b54bda02913,USDC,6,2026-06-07,7837005107,1472
0x1ca42c7219f0cb1b67927e26502320cb98f725bd,0x833589fcd6edb6e08f4c7c32d4f71b54bda02913,USDC,6,2026-06-08,11262418921,1532
0x1ca42c7219f0cb1b67927e26502320cb98f725bd,0x833589fcd6edb6e08f4c7c32d4f71b54bda02913,USDC,6,2026-06-09,15036585428,1330
0x1ca42c7219f0cb1b67927e26502320cb98f725bd,0x833589fcd6edb6e08f4c7c32d4f71b54bda02913,USDC,6,2026-06-10,-17340376151,1901
0x1ca42c7219f0cb1b67927e26502320cb98f725bd,0x833589fcd6edb6e08f4c7c32d4f71b54bda02913,USDC,6,2026-06-11,27639793426,1374
0x1ca42c7219f0cb1b67927e26502320cb98f725bd,0x833589fcd6edb6e08f4c7c32d4f71b54bda02913,USDC,6,2026-06-12,1563579536,780
0x1ca42c7219f0cb1b67927e26502320cb98f725bd,0x833589fcd6edb6e08f4c7c32d4f71b54bda02913,USDC,6,2026-06-13,-8924432483,170
0x1ca42c7219f0cb1b67927e26502320cb98f725bd,0x833589fcd6edb6e08f4c7c32d4f71b54bda02913,USDC,6,2026-06-14,67595607178,744
0x1ca42c7219f0cb1b67927e26502320cb98f725bd,0x833589fcd6edb6e08f4c7c32d4f71b54bda02913,USDC,6,2026-06-15,-61038842259,1245
0x1ca42c7219f0cb1b67927e26502320cb98f725bd,0x833589fcd6edb6e08f4c7c32d4f71b54bda02913,USDC,6,2026-06-16,54583904454,1337
0x1ca42c7219f0cb1b67927e26502320cb98f725bd,0x833589fcd6edb6e08f4c7c32d4f71b54bda02913,USDC,6,2026-06-17,-101567285023,1973
0x1ca42c7219f0cb1b67927e26502320cb98f725bd,0x833589fcd6edb6e08f4c7c32d4f71b54bda02913,USDC,6,2026-06-18,-5720350033,1386
0x1ca42c7219f0cb1b67927e26502320cb98f725bd,0x833589fcd6edb6e08f4c7c32d4f71b54bda02913,USDC,6,2026-06-19,22780516247,774
0x1ca42c7219f0cb1b67927e26502320cb98f725bd,0x833589fcd6edb6e08f4c7c32d4f71b54bda02913,USDC,6,2026-06-20,-19054505357,357
0x1ca42c7219f0cb1b67927e26502320cb98f725bd,0x833589fcd6edb6e08f4c7c32d4f71b54bda02913,USDC,6,2026-06-21,1735397671,550
0x1ca42c7219f0cb1b67927e26502320cb98f725bd,0x833589fcd6edb6e08f4c7c32d4f71b54bda02913,USDC,6,2026-06-22,-9120730637,984
0x1ca42c7219f0cb1b67927e26502320cb98f725bd,0x833589fcd6edb6e08f4c7c32d4f71b54bda02913,USDC,6,2026-06-23,-1507383026,711
0x1ca42c7219f0cb1b67927e26502320cb98f725bd,0x833589fcd6edb6e08f4c7c32d4f71b54bda02913,USDC,6,2026-06-24,5334814499,1058
0x1ca42c7219f0cb1b67927e26502320cb98f725bd,0x833589fcd6edb6e08f4c7c32d4f71b54bda02913,USDC,6,2026-06-25,10157018183,1251
0x1ca42c7219f0cb1b67927e26502320cb98f725bd,0x833589fcd6edb6e08f4c7c32d4f71b54bda02913,USDC,6,2026-06-26,17502357927,1381
0x1ca42c7219f0cb1b67927e26502320cb98f725bd,0x833589fcd6edb6e08f4c7c32d4f71b54bda02913,USDC,6,2026-06-27,-4530232943,395
0x1ca42c7219f0cb1b67927e26502320cb98f725bd,0x833589fcd6edb6e08f4c7c32d4f71b54bda02913,USDC,6,2026-06-28,-16638450541,600
0x1ca42c7219f0cb1b67927e26502320cb98f725bd,0x833589fcd6edb6e08f4c7c32d4f71b54bda02913,USDC,6,2026-06-29,-5544499221,1097
0x1ca42c7219f0cb1b67927e26502320cb98f725bd,0x833589fcd6edb6e08f4c7c32d4f71b54bda02913,USDC,6,2026-06-30,4736446069,889
0x1ca42c7219f0cb1b67927e26502320cb98f725bd,0x833589fcd6edb6e08f4c7c32d4f71b54bda02913,USDC,6,2026-07-01,-4829327942,1091
0x1ca42c7219f0cb1b67927e26502320cb98f725bd,0x833589fcd6edb6e08f4c7c32d4f71b54bda02913,USDC,6,2026-07-02,27533803813,1387
0x1ca42c7219f0cb1b67927e26502320cb98f725bd,0x833589fcd6edb6e08f4c7c32d4f71b54bda02913,USDC,6,2026-07-03,-11237302850,763
0x1ca42c7219f0cb1b67927e26502320cb98f725bd,0x833589fcd6edb6e08f4c7c32d4f71b54bda02913,USDC,6,2026-07-04,-1557987966,311
0x1ca42c7219f0cb1b67927e26502320cb98f725bd,0x833589fcd6edb6e08f4c7c32d4f71b54bda02913,USDC,6,2026-07-05,-2316851970,440
0x1ca42c7219f0cb1b67927e26502320cb98f725bd,0x833589fcd6edb6e08f4c7c32d4f71b54bda02913,USDC,6,2026-07-06,1212667179,921
0x1ca42c7219f0cb1b67927e26502320cb98f725bd,0x833589fcd6edb6e08f4c7c32d4f71b54bda02913,USDC,6,2026-07-07,-2784181141,910
0x1ca42c7219f0cb1b67927e26502320cb98f725bd,0x833589fcd6edb6e08f4c7c32d4f71b54bda02913,USDC,6,2026-07-08,2570242167,1103
0x1ca42c7219f0cb1b67927e26502320cb98f725bd,0x833589fcd6edb6e08f4c7c32d4f71b54bda02913,USDC,6,2026-07-09,2558351444,721
0x1ca42c7219f0cb1b67927e26502320cb98f725bd,0x833589fcd6edb6e08f4c7c32d4f71b54bda02913,USDC,6,2026-07-10,-6501249501,613
0x1ca42c7219f0cb1b67927e26502320cb98f725bd,0x833589fcd6edb6e08f4c7c32d4f71b54bda02913,USDC,6,2026-07-11,-1392798839,289
0x1ca42c7219f0cb1b67927e26502320cb98f725bd,0x833589fcd6edb6e08f4c7c32d4f71b54bda02913,USDC,6,2026-07-12,-2921755657,609
0x1ca42c7219f0cb1b67927e26502320cb98f725bd,0x833589fcd6edb6e08f4c7c32d4f71b54bda02913,USDC,6,2026-07-13,1060351535,1033
0x1ca42c7219f0cb1b67927e26502320cb98f725bd,0x833589fcd6edb6e08f4c7c32d4f71b54bda02913,USDC,6,2026-07-14,18653359155,1290
0x1ca42c7219f0cb1b67927e26502320cb98f725bd,0x833589fcd6edb6e08f4c7c32d4f71b54bda02913,USDC,6,2026-07-15,8143970613,958
0x1ca42c7219f0cb1b67927e26502320cb98f725bd,0x833589fcd6edb6e08f4c7c32d4f71b54bda02913,USDC,6,2026-07-16,-9136192795,820
0x1ca42c7219f0cb1b67927e26502320cb98f725bd,0x833589fcd6edb6e08f4c7c32d4f71b54bda02913,USDC,6,2026-07-17,-1123300311,649
0x1ca42c7219f0cb1b67927e26502320cb98f725bd,0x833589fcd6edb6e08f4c7c32d4f71b54bda02913,USDC,6,2026-07-18,3663909421,156
0x1ca42c7219f0cb1b67927e26502320cb98f725bd,0x833589fcd6edb6e08f4c7c32d4f71b54bda02913,USDC,6,2026-07-19,2550970405,427
0x1ca42c7219f0cb1b67927e26502320cb98f725bd,0x833589fcd6edb6e08f4c7c32d4f71b54bda02913,USDC,6,2026-07-20,-9017421439,831
0x1ca42c7219f0cb1b67927e26502320cb98f725bd,0x833589fcd6edb6e08f4c7c32d4f71b54bda02913,USDC,6,2026-07-21,-5599104536,515
0x1ca42c7219f0cb1b67927e26502320cb98f725bd,0x833589fcd6edb6e08f4c7c32d4f71b54bda02913,USDC,6,2026-07-22,9672647210,578
0x1ca42c7219f0cb1b67927e26502320cb98f725bd,0x833589fcd6edb6e08f4c7c32d4f71b54bda02913,USDC,6,2026-07-23,-21723388065,801
0x1ca42c7219f0cb1b67927e26502320cb98f725bd,0x833589fcd6edb6e08f4c7c32d4f71b54bda02913,USDC,6,2026-07-24,-4677386471,503
0x257fcbae4ac6b26a02e4fc5e1a11e4174b5ce395,0x2ae3f1ec7f1f5012cfeab0185bfc7aa3cf0dec22,cbETH,18,2025-11-27,302007887177920913,2685
0x257fcbae4ac6b26a02e4fc5e1a11e4174b5ce395,0x2ae3f1ec7f1f5012cfeab0185bfc7aa3cf0dec22,cbETH,18,2025-11-28,-655192833783982108,721
0x257fcbae4ac6b26a02e4fc5e1a11e4174b5ce395,0x2ae3f1ec7f1f5012cfeab0185bfc7aa3cf0dec22,cbETH,18,2025-11-29,2869426039095460680,607
0x257fcbae4ac6b26a02e4fc5e1a11e4174b5ce395,0x2ae3f1ec7f1f5012cfeab0185bfc7aa3cf0dec22,cbETH,18,2025-11-30,-2630327176955356909,1326
0x257fcbae4ac6b26a02e4fc5e1a11e4174b5ce395,0x2ae3f1ec7f1f5012cfeab0185bfc7aa3cf0dec22,cbETH,18,2025-12-01,-342999821828586874,2469
0x257fcbae4ac6b26a02e4fc5e1a11e4174b5ce395,0x2ae3f1ec7f1f5012cfeab0185bfc7aa3cf0dec22,cbETH,18,2025-12-02,-1312158144762405944,2530
0x257fcbae4ac6b26a02e4fc5e1a11e4174b5ce395,0x2ae3f1ec7f1f5012cfeab0185bfc7aa3cf0dec22,cbETH,18,2025-12-03,2853708232773173253,2741
0x257fcbae4ac6b26a02e4fc5e1a11e4174b5ce395,0x2ae3f1ec7f1f5012cfeab0185bfc7aa3cf0dec22,cbETH,18,2025-12-04,959394904480402755,2555
0x257fcbae4ac6b26a02e4fc5e1a11e4174b5ce395,0x2ae3f1ec7f1f5012cfeab0185bfc7aa3cf0dec22,cbETH,18,2025-12-05,-115369891377751178,1416
0x257fcbae4ac6b26a02e4fc5e1a11e4174b5ce395,0x2ae3f1ec7f1f5012cfeab0185bfc7aa3cf0dec22,cbETH,18,2025-12-06,2130503104957504753,974
0x257fcbae4ac6b26a02e4fc5e1a11e4174b5ce395,0x2ae3f1ec7f1f5012cfeab0185bfc7aa3cf0dec22,cbETH,18,2025-12-07,-40756934411402157,1131
0x257fcbae4ac6b26a02e4fc5e1a11e4174b5ce395,0x2ae3f1ec7f1f5012cfeab0185bfc7aa3cf0dec22,cbETH,18,2025-12-08,1547881542922250076,1402
0x257fcbae4ac6b26a02e4fc5e1a11e4174b5ce395,0x2ae3f1ec7f1f5012cfeab0185bfc7aa3cf0dec22,cbETH,18,2025-12-09,-2471814889985474280,2788
0x257fcbae4ac6b26a02e4fc5e1a11e4174b5ce395,0x2ae3f1ec7f1f5012cfeab0185bfc7aa3cf0dec22,cbETH,18,2025-12-10,21452323367753635075,3878
0x257fcbae4ac6b26a02e4fc5e1a11e4174b5ce395,0x2ae3f1ec7f1f5012cfeab0185bfc7aa3cf0dec22,cbETH,18,2025-12-11,73010283772686182479,3965
0x257fcbae4ac6b26a02e4fc5e1a11e4174b5ce395,0x2ae3f1ec7f1f5012cfeab0185bfc7aa3cf0dec22,cbETH,18,2025-12-12,-968961857274564541,2636
0x257fcbae4ac6b26a02e4fc5e1a11e4174b5ce395,0x2ae3f1ec7f1f5012cfeab0185bfc7aa3cf0dec22,cbETH,18,2025-12-13,-58441817542686422137,2749
0x257fcbae4ac6b26a02e4fc5e1a11e4174b5ce395,0x2ae3f1ec7f1f5012cfeab0185bfc7aa3cf0dec22,cbETH,18,2025-12-14,69311298452694622445,3940
0x257fcbae4ac6b26a02e4fc5e1a11e4174b5ce395,0x2ae3f1ec7f1f5012cfeab0185bfc7aa3cf0dec22,cbETH,18,2025-12-15,36321130485760103714,4338
0x257fcbae4ac6b26a02e4fc5e1a11e4174b5ce395,0x2ae3f1ec7f1f5012cfeab0185bfc7aa3cf0dec22,cbETH,18,2025-12-16,-13567252453157307750,804
0x257fcbae4ac6b26a02e4fc5e1a11e4174b5ce395,0x2ae3f1ec7f1f5012cfeab0185bfc7aa3cf0dec22,cbETH,18,2025-12-17,10813841531902754546,1232
0x257fcbae4ac6b26a02e4fc5e1a11e4174b5ce395,0x2ae3f1ec7f1f5012cfeab0185bfc7aa3cf0dec22,cbETH,18,2025-12-18,-1145591331796775541,2209
0x257fcbae4ac6b26a02e4fc5e1a11e4174b5ce395,0x2ae3f1ec7f1f5012cfeab0185bfc7aa3cf0dec22,cbETH,18,2025-12-19,-94743996732323964930,2376
0x257fcbae4ac6b26a02e4fc5e1a11e4174b5ce395,0x2ae3f1ec7f1f5012cfeab0185bfc7aa3cf0dec22,cbETH,18,2025-12-20,15687925480622311919,1081
0x257fcbae4ac6b26a02e4fc5e1a11e4174b5ce395,0x2ae3f1ec7f1f5012cfeab0185bfc7aa3cf0dec22,cbETH,18,2025-12-21,-13615408338236321466,905
0x257fcbae4ac6b26a02e4fc5e1a11e4174b5ce395,0x2ae3f1ec7f1f5012cfeab0185bfc7aa3cf0dec22,cbETH,18,2025-12-22,-4164283682500736110,1152
0x257fcbae4ac6b26a02e4fc5e1a11e4174b5ce395,0x2ae3f1ec7f1f5012cfeab0185bfc7aa3cf0dec22,cbETH,18,2025-12-23,-24439753812856510254,1570
0x257fcbae4ac6b26a02e4fc5e1a11e4174b5ce395,0x2ae3f1ec7f1f5012cfeab0185bfc7aa3cf0dec22,cbETH,18,2025-12-24,738637466698672684,979
0x257fcbae4ac6b26a02e4fc5e1a11e4174b5ce395,0x2ae3f1ec7f1f5012cfeab0185bfc7aa3cf0dec22,cbETH,18,2025-12-25,-546927830939907668,1616
0x257fcbae4ac6b26a02e4fc5e1a11e4174b5ce395,0x2ae3f1ec7f1f5012cfeab0185bfc7aa3cf0dec22,cbETH,18,2025-12-26,40022940771067779405,5052
0x257fcbae4ac6b26a02e4fc5e1a11e4174b5ce395,0x2ae3f1ec7f1f5012cfeab0185bfc7aa3cf0dec22,cbETH,18,2025-12-27,1655556976981512405,1720
0x257fcbae4ac6b26a02e4fc5e1a11e4174b5ce395,0x2ae3f1ec7f1f5012cfeab0185bfc7aa3cf0dec22,cbETH,18,2025-12-28,7685650823740957421,280
0x257fcbae4ac6b26a02e4fc5e1a11e4174b5ce395,0x2ae3f1ec7f1f5012cfeab0185bfc7aa3cf0dec22,cbETH,18,2025-12-29,-21315136251262980679,750
0x257fcbae4ac6b26a02e4fc5e1a11e4174b5ce395,0x2ae3f1ec7f1f5012cfeab0185bfc7aa3cf0dec22,cbETH,18,2025-12-30,-2176655854498034905,1876
0x257fcbae4ac6b26a02e4fc5e1a11e4174b5ce395,0x2ae3f1ec7f1f5012cfeab0185bfc7aa3cf0dec22,cbETH,18,2025-12-31,-614452676386271380,1975
0x257fcbae4ac6b26a02e4fc5e1a11e4174b5ce395,0x2ae3f1ec7f1f5012cfeab0185bfc7aa3cf0dec22,cbETH,18,2026-01-01,-8693257302270504733,857
0x257fcbae4ac6b26a02e4fc5e1a11e4174b5ce395,0x2ae3f1ec7f1f5012cfeab0185bfc7aa3cf0dec22,cbETH,18,2026-01-02,-14535930892785093122,903
0x257fcbae4ac6b26a02e4fc5e1a11e4174b5ce395,0x2ae3f1ec7f1f5012cfeab0185bfc7aa3cf0dec22,cbETH,18,2026-01-03,-6210036433275793367,625
0x257fcbae4ac6b26a02e4fc5e1a11e4174b5ce395,0x2ae3f1ec7f1f5012cfeab0185bfc7aa3cf0dec22,cbETH,18,2026-01-04,6876943684946562331,650
0x257fcbae4ac6b26a02e4fc5e1a11e4174b5ce395,0x2ae3f1ec7f1f5012cfeab0185bfc7aa3cf0dec22,cbETH,18,2026-01-05,26871792046041141797,912
0x257fcbae4ac6b26a02e4fc5e1a11e4174b5ce395,0x2ae3f1ec7f1f5012cfeab0185bfc7aa3cf0dec22,cbETH,18,2026-01-06,473614906748139480,2647
0x257fcbae4ac6b26a02e4fc5e1a11e4174b5ce395,0x2ae3f1ec7f1f5012cfeab0185bfc7aa3cf0dec22,cbETH,18,2026-01-07,4983119233023146763,1310
0x257fcbae4ac6b26a02e4fc5e1a11e4174b5ce395,0x2ae3f1ec7f1f5012cfeab0185bfc7aa3cf0dec22,cbETH,18,2026-01-08,-8194277281002719716,722
0x257fcbae4ac6b26a02e4fc5e1a11e4174b5ce395,0x2ae3f1ec7f1f5012cfeab0185bfc7aa3cf0dec22,cbETH,18,2026-01-09,-19388892043117498548,824
0x257fcbae4ac6b26a02e4fc5e1a11e4174b5ce395,0x2ae3f1ec7f1f5012cfeab0185bfc7aa3cf0dec22,cbETH,18,2026-01-10,73721545820673244943,1455
0x257fcbae4ac6b26a02e4fc5e1a11e4174b5ce395,0x2ae3f1ec7f1f5012cfeab0185bfc7aa3cf0dec22,cbETH,18,2026-01-11,-7416270314427025461,965
0x257fcbae4ac6b26a02e4fc5e1a11e4174b5ce395,0x2ae3f1ec7f1f5012cfeab0185bfc7aa3cf0dec22,cbETH,18,2026-01-12,7119865274069057524,1813
0x257fcbae4ac6b26a02e4fc5e1a11e4174b5ce395,0x2ae3f1ec7f1f5012cfeab0185bfc7aa3cf0dec22,cbETH,18,2026-01-13,-9101504923568857638,6974
0x257fcbae4ac6b26a02e4fc5e1a11e4174b5ce395,0x2ae3f1ec7f1f5012cfeab0185bfc7aa3cf0dec22,cbETH,18,2026-01-14,47885941019336003931,6178
0x257fcbae4ac6b26a02e4fc5e1a11e4174b5ce395,0x2ae3f1ec7f1f5012cfeab0185bfc7aa3cf0dec22,cbETH,18,2026-01-15,-39251693689160637212,357
0x257fcbae4ac6b26a02e4fc5e1a11e4174b5ce395,0x2ae3f1ec7f1f5012cfeab0185bfc7aa3cf0dec22,cbETH,18,2026-01-16,-9388609977811432636,317
0x257fcbae4ac6b26a02e4fc5e1a11e4174b5ce395,0x2ae3f1ec7f1f5012cfeab0185bfc7aa3cf0dec22,cbETH,18,2026-01-17,-39898009552706369707,490
0x257fcbae4ac6b26a02e4fc5e1a11e4174b5ce395,0x2ae3f1ec7f1f5012cfeab0185bfc7aa3cf0dec22,cbETH,18,2026-01-18,56089944158037152333,745
0x257fcbae4ac6b26a02e4fc5e1a11e4174b5ce395,0x2ae3f1ec7f1f5012cfeab0185bfc7aa3cf0dec22,cbETH,18,2026-01-19,1809153468831999154,997
0x257fcbae4ac6b26a02e4fc5e1a11e4174b5ce395,0x2ae3f1ec7f1f5012cfeab0185bfc7aa3cf0dec22,cbETH,18,2026-01-20,-6589276596354227243,574
0x257fcbae4ac6b26a02e4fc5e1a11e4174b5ce395,0x2ae3f1ec7f1f5012cfeab0185bfc7aa3cf0dec22,cbETH,18,2026-01-21,3980638996680128162,3513
0x257fcbae4ac6b26a02e4fc5e1a11e4174b5ce395,0x2ae3f1ec7f1f5012cfeab0185bfc7aa3cf0dec22,cbETH,18,2026-01-22,4021699328305411748,1315
0x257fcbae4ac6b26a02e4fc5e1a11e4174b5ce395,0x2ae3f1ec7f1f5012cfeab0185bfc7aa3cf0dec22,cbETH,18,2026-01-23,-25458254265000039765,946
0x257fcbae4ac6b26a02e4fc5e1a11e4174b5ce395,0x2ae3f1ec7f1f5012cfeab0185bfc7aa3cf0dec22,cbETH,18,2026-01-24,-9856179676769327360,399
0x257fcbae4ac6b26a02e4fc5e1a11e4174b5ce395,0x2ae3f1ec7f1f5012cfeab0185bfc7aa3cf0dec22,cbETH,18,2026-01-25,86718823732589669779,988
0x257fcbae4ac6b26a02e4fc5e1a11e4174b5ce395,0x2ae3f1ec7f1f5012cfeab0185bfc7aa3cf0dec22,cbETH,18,2026-01-26,-11120317705753003360,758
0x257fcbae4ac6b26a02e4fc5e1a11e4174b5ce395,0x2ae3f1ec7f1f5012cfeab0185bfc7aa3cf0dec22,cbETH,18,2026-01-27,28664484080333737147,682
0x257fcbae4ac6b26a02e4fc5e1a11e4174b5ce395,0x2ae3f1ec7f1f5012cfeab0185bfc7aa3cf0dec22,cbETH,18,2026-01-28,-14652119546540105818,624
0x257fcbae4ac6b26a02e4fc5e1a11e4174b5ce395,0x2ae3f1ec7f1f5012cfeab0185bfc7aa3cf0dec22,cbETH,18,2026-01-29,-22073356849853943842,630
0x257fcbae4ac6b26a02e4fc5e1a11e4174b5ce395,0x2ae3f1ec7f1f5012cfeab0185bfc7aa3cf0dec22,cbETH,18,2026-01-30,-13752334330263128909,843
0x257fcbae4ac6b26a02e4fc5e1a11e4174b5ce395,0x2ae3f1ec7f1f5012cfeab0185bfc7aa3cf0dec22,cbETH,18,2026-01-31,-26814349315385144692,825
0x257fcbae4ac6b26a02e4fc5e1a11e4174b5ce395,0x2ae3f1ec7f1f5012cfeab0185bfc7aa3cf0dec22,cbETH,18,2026-02-01,18683533945272020296,2242
0x257fcbae4ac6b26a02e4fc5e1a11e4174b5ce395,0x2ae3f1ec7f1f5012cfeab0185bfc7aa3cf0dec22,cbETH,18,2026-02-02,3291163342148390969,1473
0x257fcbae4ac6b26a02e4fc5e1a11e4174b5ce395,0x2ae3f1ec7f1f5012cfeab0185bfc7aa3cf0dec22,cbETH,18,2026-02-03,-52467930839211058484,2323
0x257fcbae4ac6b26a02e4fc5e1a11e4174b5ce395,0x2ae3f1ec7f1f5012cfeab0185bfc7aa3cf0dec22,cbETH,18,2026-02-04,15296129612750986218,1496
0x257fcbae4ac6b26a02e4fc5e1a11e4174b5ce395,0x2ae3f1ec7f1f5012cfeab0185bfc7aa3cf0dec22,cbETH,18,2026-02-05,-8671424660128551852,1356
0x257fcbae4ac6b26a02e4fc5e1a11e4174b5ce395,0x2ae3f1ec7f1f5012cfeab0185bfc7aa3cf0dec22,cbETH,18,2026-02-06,4301871578691164689,1718
0x257fcbae4ac6b26a02e4fc5e1a11e4174b5ce395,0x2ae3f1ec7f1f5012cfeab0185bfc7aa3cf0dec22,cbETH,18,2026-02-07,10489193180154308366,1229
0x257fcbae4ac6b26a02e4fc5e1a11e4174b5ce395,0x2ae3f1ec7f1f5012cfeab0185bfc7aa3cf0dec22,cbETH,18,2026-02-08,-285987138490181106,770
0x257fcbae4ac6b26a02e4fc5e1a11e4174b5ce395,0x2ae3f1ec7f1f5012cfeab0185bfc7aa3cf0dec22,cbETH,18,2026-02-09,3291916021317811590,1044
0x257fcbae4ac6b26a02e4fc5e1a11e4174b5ce395,0x2ae3f1ec7f1f5012cfeab0185bfc7aa3cf0dec22,cbETH,18,2026-02-10,-1457664819460533420,856
0x257fcbae4ac6b26a02e4fc5e1a11e4174b5ce395,0x2ae3f1ec7f1f5012cfeab0185bfc7aa3cf0dec22,cbETH,18,2026-02-11,-7403600502136852354,1106
0x257fcbae4ac6b26a02e4fc5e1a11e4174b5ce395,0x2ae3f1ec7f1f5012cfeab0185bfc7aa3cf0dec22,cbETH,18,2026-02-12,4693080069049290939,1167
0x257fcbae4ac6b26a02e4fc5e1a11e4174b5ce395,0x2ae3f1ec7f1f5012cfeab0185bfc7aa3cf0dec22,cbETH,18,2026-02-13,46300300854578361109,994
0x257fcbae4ac6b26a02e4fc5e1a11e4174b5ce395,0x2ae3f1ec7f1f5012cfeab0185bfc7aa3cf0dec22,cbETH,18,2026-02-14,6765772875386376420,740
0x257fcbae4ac6b26a02e4fc5e1a11e4174b5ce395,0x2ae3f1ec7f1f5012cfeab0185bfc7aa3cf0dec22,cbETH,18,2026-02-15,18804108929252751236,1092
0x257fcbae4ac6b26a02e4fc5e1a11e4174b5ce395,0x2ae3f1ec7f1f5012cfeab0185bfc7aa3cf0dec22,cbETH,18,2026-02-16,-50494495098719690485,926
0x257fcbae4ac6b26a02e4fc5e1a11e4174b5ce395,0x2ae3f1ec7f1f5012cfeab0185bfc7aa3cf0dec22,cbETH,18,2026-02-17,-37838682205903470866,612
0x257fcbae4ac6b26a02e4fc5e1a11e4174b5ce395,0x2ae3f1ec7f1f5012cfeab0185bfc7aa3cf0dec22,cbETH,18,2026-02-18,-24536869087678026974,897
0x257fcbae4ac6b26a02e4fc5e1a11e4174b5ce395,0x2ae3f1ec7f1f5012cfeab0185bfc7aa3cf0dec22,cbETH,18,2026-02-19,60599240953588590631,675
0x257fcbae4ac6b26a02e4fc5e1a11e4174b5ce395,0x2ae3f1ec7f1f5012cfeab0185bfc7aa3cf0dec22,cbETH,18,2026-02-20,-4407636662115809493,591
0x257fcbae4ac6b26a02e4fc5e1a11e4174b5ce395,0x2ae3f1ec7f1f5012cfeab0185bfc7aa3cf0dec22,cbETH,18,2026-02-21,2385342806787044289,293
0x257fcbae4ac6b26a02e4fc5e1a11e4174b5ce395,0x2ae3f1ec7f1f5012cfeab0185bfc7aa3cf0dec22,cbETH,18,2026-02-22,-1143809103878482059,405
0x257fcbae4ac6b26a02e4fc5e1a11e4174b5ce395,0x2ae3f1ec7f1f5012cfeab0185bfc7aa3cf0dec22,cbETH,18,2026-02-23,9009178544356953425,575
0x257fcbae4ac6b26a02e4fc5e1a11e4174b5ce395,0x2ae3f1ec7f1f5012cfeab0185bfc7aa3cf0dec22,cbETH,18,2026-02-24,-2443275291227641978,627
0x257fcbae4ac6b26a02e4fc5e1a11e4174b5ce395,0x2ae3f1ec7f1f5012cfeab0185bfc7aa3cf0dec22,cbETH,18,2026-02-25,-6366860946148295374,629
0x257fcbae4ac6b26a02e4fc5e1a11e4174b5ce395,0x2ae3f1ec7f1f5012cfeab0185bfc7aa3cf0dec22,cbETH,18,2026-02-26,-45880965864543385293,652
0x257fcbae4ac6b26a02e4fc5e1a11e4174b5ce395,0x2ae3f1ec7f1f5012cfeab0185bfc7aa3cf0dec22,cbETH,18,2026-02-27,-14170612426944683417,608
0x257fcbae4ac6b26a02e4fc5e1a11e4174b5ce395,0x2ae3f1ec7f1f5012cfeab0185bfc7aa3cf0dec22,cbETH,18,2026-02-28,-218448355469887650,801
0x257fcbae4ac6b26a02e4fc5e1a11e4174b5ce395,0x2ae3f1ec7f1f5012cfeab0185bfc7aa3cf0dec22,cbETH,18,2026-03-01,46626787634361033165,1040
0x257fcbae4ac6b26a02e4fc5e1a11e4174b5ce395,0x2ae3f1ec7f1f5012cfeab0185bfc7aa3cf0dec22,cbETH,18,2026-03-02,-28080979796006014252,702
0x257fcbae4ac6b26a02e4fc5e1a11e4174b5ce395,0x2ae3f1ec7f1f5012cfeab0185bfc7aa3cf0dec22,cbETH,18,2026-03-03,62816558575523917890,794
0x257fcbae4ac6b26a02e4fc5e1a11e4174b5ce395,0x2ae3f1ec7f1f5012cfeab0185bfc7aa3cf0dec22,cbETH,18,2026-03-04,20314351411954447853,873
0x257fcbae4ac6b26a02e4fc5e1a11e4174b5ce395,0x2ae3f1ec7f1f5012cfeab0185bfc7aa3cf0dec22,cbETH,18,2026-03-05,-112946837021497338111,605
0x257fcbae4ac6b26a02e4fc5e1a11e4174b5ce395,0x2ae3f1ec7f1f5012cfeab0185bfc7aa3cf0dec22,cbETH,18,2026-03-06,-906626165799949558,704
0x257fcbae4ac6b26a02e4fc5e1a11e4174b5ce395,0x2ae3f1ec7f1f5012cfeab0185bfc7aa3cf0dec22,cbETH,18,2026-03-07,21580528732412060334,203
0x257fcbae4ac6b26a02e4fc5e1a11e4174b5ce395,0x2ae3f1ec7f1f5012cfeab0185bfc7aa3cf0dec22,cbETH,18,2026-03-08,9069596271342319583,337
0x257fcbae4ac6b26a02e4fc5e1a11e4174b5ce395,0x2ae3f1ec7f1f5012cfeab0185bfc7aa3cf0dec22,cbETH,18,2026-03-09,-18195963421435723091,650
0x257fcbae4ac6b26a02e4fc5e1a11e4174b5ce395,0x2ae3f1ec7f1f5012cfeab0185bfc7aa3cf0dec22,cbETH,18,2026-03-10,7682911433364559676,427
0x257fcbae4ac6b26a02e4fc5e1a11e4174b5ce395,0x2ae3f1ec7f1f5012cfeab0185bfc7aa3cf0dec22,cbETH,18,2026-03-11,2627920153265357742,405
0x257fcbae4ac6b26a02e4fc5e1a11e4174b5ce395,0x2ae3f1ec7f1f5012cfeab0185bfc7aa3cf0dec22,cbETH,18,2026-03-12,-7246780989279309860,563
0x257fcbae4ac6b26a02e4fc5e1a11e4174b5ce395,0x2ae3f1ec7f1f5012cfeab0185bfc7aa3cf0dec22,cbETH,18,2026-03-13,7901773639503235525,511
0x257fcbae4ac6b26a02e4fc5e1a11e4174b5ce395,0x2ae3f1ec7f1f5012cfeab0185bfc7aa3cf0dec22,cbETH,18,2026-03-14,15406593077507363341,185
0x257fcbae4ac6b26a02e4fc5e1a11e4174b5ce395,0x2ae3f1ec7f1f5012cfeab0185bfc7aa3cf0dec22,cbETH,18,2026-03-15,20720847035502065422,778
0x257fcbae4ac6b26a02e4fc5e1a11e4174b5ce395,0x2ae3f1ec7f1f5012cfeab0185bfc7aa3cf0dec22,cbETH,18,2026-03-16,13408045308999700173,785
0x257fcbae4ac6b26a02e4fc5e1a11e4174b5ce395,0x2ae3f1ec7f1f5012cfeab0185bfc7aa3cf0dec22,cbETH,18,2026-03-17,39537084838481719134,298
0x257fcbae4ac6b26a02e4fc5e1a11e4174b5ce395,0x2ae3f1ec7f1f5012cfeab0185bfc7aa3cf0dec22,cbETH,18,2026-03-18,-9574646769635569153,537
0x257fcbae4ac6b26a02e4fc5e1a11e4174b5ce395,0x2ae3f1ec7f1f5012cfeab0185bfc7aa3cf0dec22,cbETH,18,2026-03-19,33587913437877596732,578
0x257fcbae4ac6b26a02e4fc5e1a11e4174b5ce395,0x2ae3f1ec7f1f5012cfeab0185bfc7aa3cf0dec22,cbETH,18,2026-03-20,-61212117343583294664,499
0x257fcbae4ac6b26a02e4fc5e1a11e4174b5ce395,0x2ae3f1ec7f1f5012cfeab0185bfc7aa3cf0dec22,cbETH,18,2026-03-21,-19243688319215112400,338
0x257fcbae4ac6b26a02e4fc5e1a11e4174b5ce395,0x2ae3f1ec7f1f5012cfeab0185bfc7aa3cf0dec22,cbETH,18,2026-03-22,-24787739475060275816,271
0x257fcbae4ac6b26a02e4fc5e1a11e4174b5ce395,0x2ae3f1ec7f1f5012cfeab0185bfc7aa3cf0dec22,cbETH,18,2026-03-23,4338083415581674803,552
0x257fcbae4ac6b26a02e4fc5e1a11e4174b5ce395,0x2ae3f1ec7f1f5012cfeab0185bfc7aa3cf0dec22,cbETH,18,2026-03-24,1159184809871333262,381
0x257fcbae4ac6b26a02e4fc5e1a11e4174b5ce395,0x2ae3f1ec7f1f5012cfeab0185bfc7aa3cf0dec22,cbETH,18,2026-03-25,6857639468902670702,243
0x257fcbae4ac6b26a02e4fc5e1a11e4174b5ce395,0x2ae3f1ec7f1f5012cfeab0185bfc7aa3cf0dec22,cbETH,18,2026-03-26,4879687253489032348,243
0x257fcbae4ac6b26a02e4fc5e1a11e4174b5ce395,0x2ae3f1ec7f1f5012cfeab0185bfc7aa3cf0dec22,cbETH,18,2026-03-27,20993853249306099515,268
0x257fcbae4ac6b26a02e4fc5e1a11e4174b5ce395,0x2ae3f1ec7f1f5012cfeab0185bfc7aa3cf0dec22,cbETH,18,2026-03-28,40398030635889062315,281
0x257fcbae4ac6b26a02e4fc5e1a11e4174b5ce395,0x2ae3f1ec7f1f5012cfeab0185bfc7aa3cf0dec22,cbETH,18,2026-03-29,-88827925931503613178,372
0x257fcbae4ac6b26a02e4fc5e1a11e4174b5ce395,0x2ae3f1ec7f1f5012cfeab0185bfc7aa3cf0dec22,cbETH,18,2026-03-30,30530164307020038602,500
0x257fcbae4ac6b26a02e4fc5e1a11e4174b5ce395,0x2ae3f1ec7f1f5012cfeab0185bfc7aa3cf0dec22,cbETH,18,2026-03-31,-29518956260106010283,657
0x257fcbae4ac6b26a02e4fc5e1a11e4174b5ce395,0x2ae3f1ec7f1f5012cfeab0185bfc7aa3cf0dec22,cbETH,18,2026-04-01,-26902814326728470269,527
0x257fcbae4ac6b26a02e4fc5e1a11e4174b5ce395,0x2ae3f1ec7f1f5012cfeab0185bfc7aa3cf0dec22,cbETH,18,2026-04-02,98486986266007347705,459
0x257fcbae4ac6b26a02e4fc5e1a11e4174b5ce395,0x2ae3f1ec7f1f5012cfeab0185bfc7aa3cf0dec22,cbETH,18,2026-04-03,103351120643898647546,119
0x257fcbae4ac6b26a02e4fc5e1a11e4174b5ce395,0x2ae3f1ec7f1f5012cfeab0185bfc7aa3cf0dec22,cbETH,18,2026-04-04,28630279084816803884,110
0x257fcbae4ac6b26a02e4fc5e1a11e4174b5ce395,0x2ae3f1ec7f1f5012cfeab0185bfc7aa3cf0dec22,cbETH,18,2026-04-05,-159815949083650302424,407
0x257fcbae4ac6b26a02e4fc5e1a11e4174b5ce395,0x2ae3f1ec7f1f5012cfeab0185bfc7aa3cf0dec22,cbETH,18,2026-04-06,-14715968895047014103,561
0x257fcbae4ac6b26a02e4fc5e1a11e4174b5ce395,0x2ae3f1ec7f1f5012cfeab0185bfc7aa3cf0dec22,cbETH,18,2026-04-07,38658595703033451765,609
0x257fcbae4ac6b26a02e4fc5e1a11e4174b5ce395,0x2ae3f1ec7f1f5012cfeab0185bfc7aa3cf0dec22,cbETH,18,2026-04-08,25476619138441563137,418
0x257fcbae4ac6b26a02e4fc5e1a11e4174b5ce395,0x2ae3f1ec7f1f5012cfeab0185bfc7aa3cf0dec22,cbETH,18,2026-04-09,-77384748265421962805,509
0x257fcbae4ac6b26a02e4fc5e1a11e4174b5ce395,0x2ae3f1ec7f1f5012cfeab0185bfc7aa3cf0dec22,cbETH,18,2026-04-10,-6390289217154650961,380
0x257fcbae4ac6b26a02e4fc5e1a11e4174b5ce395,0x2ae3f1ec7f1f5012cfeab0185bfc7aa3cf0dec22,cbETH,18,2026-04-11,72593510117140610850,583
0x257fcbae4ac6b26a02e4fc5e1a11e4174b5ce395,0x2ae3f1ec7f1f5012cfeab0185bfc7aa3cf0dec22,cbETH,18,2026-04-12,-51183089450439261879,244
0x257fcbae4ac6b26a02e4fc5e1a11e4174b5ce395,0x2ae3f1ec7f1f5012cfeab0185bfc7aa3cf0dec22,cbETH,18,2026-04-13,73681939239294254657,727
0x257fcbae4ac6b26a02e4fc5e1a11e4174b5ce395,0x2ae3f1ec7f1f5012cfeab0185bfc7aa3cf0dec22,cbETH,18,2026-04-14,-39765576051276086584,466
0x257fcbae4ac6b26a02e4fc5e1a11e4174b5ce395,0x2ae3f1ec7f1f5012cfeab0185bfc7aa3cf0dec22,cbETH,18,2026-04-15,42831090616821763277,331
0x257fcbae4ac6b26a02e4fc5e1a11e4174b5ce395,0x2ae3f1ec7f1f5012cfeab0185bfc7aa3cf0dec22,cbETH,18,2026-04-16,-308723233494867118,388
0x257fcbae4ac6b26a02e4fc5e1a11e4174b5ce395,0x2ae3f1ec7f1f5012cfeab0185bfc7aa3cf0dec22,cbETH,18,2026-04-17,-86622880615516406405,514
0x257fcbae4ac6b26a02e4fc5e1a11e4174b5ce395,0x2ae3f1ec7f1f5012cfeab0185bfc7aa3cf0dec22,cbETH,18,2026-04-18,2129190239176364358,402
0x257fcbae4ac6b26a02e4fc5e1a11e4174b5ce395,0x2ae3f1ec7f1f5012cfeab0185bfc7aa3cf0dec22,cbETH,18,2026-04-19,48177222228126291088,463
0x257fcbae4ac6b26a02e4fc5e1a11e4174b5ce395,0x2ae3f1ec7f1f5012cfeab0185bfc7aa3cf0dec22,cbETH,18,2026-04-20,-53257307359714701344,633
0x257fcbae4ac6b26a02e4fc5e1a11e4174b5ce395,0x2ae3f1ec7f1f5012cfeab0185bfc7aa3cf0dec22,cbETH,18,2026-04-21,-16673190435879501431,1088
0x257fcbae4ac6b26a02e4fc5e1a11e4174b5ce395,0x2ae3f1ec7f1f5012cfeab0185bfc7aa3cf0dec22,cbETH,18,2026-04-22,4960699995975023477,1192
0x257fcbae4ac6b26a02e4fc5e1a11e4174b5ce395,0x2ae3f1ec7f1f5012cfeab0185bfc7aa3cf0dec22,cbETH,18,2026-04-23,32039691236273752736,547
0x257fcbae4ac6b26a02e4fc5e1a11e4174b5ce395,0x2ae3f1ec7f1f5012cfeab0185bfc7aa3cf0dec22,cbETH,18,2026-04-24,-65605455645905941471,431
0x257fcbae4ac6b26a02e4fc5e1a11e4174b5ce395,0x2ae3f1ec7f1f5012cfeab0185bfc7aa3cf0dec22,cbETH,18,2026-04-25,-11010361696572919198,271
0x257fcbae4ac6b26a02e4fc5e1a11e4174b5ce395,0x2ae3f1ec7f1f5012cfeab0185bfc7aa3cf0dec22,cbETH,18,2026-04-26,974759265907480471,561
0x257fcbae4ac6b26a02e4fc5e1a11e4174b5ce395,0x2ae3f1ec7f1f5012cfeab0185bfc7aa3cf0dec22,cbETH,18,2026-04-27,50505762964087010629,542
0x257fcbae4ac6b26a02e4fc5e1a11e4174b5ce395,0x2ae3f1ec7f1f5012cfeab0185bfc7aa3cf0dec22,cbETH,18,2026-04-28,-6619411818445683581,526
0x257fcbae4ac6b26a02e4fc5e1a11e4174b5ce395,0x2ae3f1ec7f1f5012cfeab0185bfc7aa3cf0dec22,cbETH,18,2026-04-29,-48600609075429471354,589
0x257fcbae4ac6b26a02e4fc5e1a11e4174b5ce395,0x2ae3f1ec7f1f5012cfeab0185bfc7aa3cf0dec22,cbETH,18,2026-04-30,48323576934255839832,433
0x257fcbae4ac6b26a02e4fc5e1a11e4174b5ce395,0x2ae3f1ec7f1f5012cfeab0185bfc7aa3cf0dec22,cbETH,18,2026-05-01,14177040504741441970,279
0x257fcbae4ac6b26a02e4fc5e1a11e4174b5ce395,0x2ae3f1ec7f1f5012cfeab0185bfc7aa3cf0dec22,cbETH,18,2026-05-02,-4343555531662896401,222
0x257fcbae4ac6b26a02e4fc5e1a11e4174b5ce395,0x2ae3f1ec7f1f5012cfeab0185bfc7aa3cf0dec22,cbETH,18,2026-05-03,-6557048337016372912,381
0x257fcbae4ac6b26a02e4fc5e1a11e4174b5ce395,0x2ae3f1ec7f1f5012cfeab0185bfc7aa3cf0dec22,cbETH,18,2026-05-04,1133075762098957750,340
0x257fcbae4ac6b26a02e4fc5e1a11e4174b5ce395,0x2ae3f1ec7f1f5012cfeab0185bfc7aa3cf0dec22,cbETH,18,2026-05-05,-7101583303065738341,296
0x257fcbae4ac6b26a02e4fc5e1a11e4174b5ce395,0x2ae3f1ec7f1f5012cfeab0185bfc7aa3cf0dec22,cbETH,18,2026-05-06,437498262342631824,356
0x257fcbae4ac6b26a02e4fc5e1a11e4174b5ce395,0x2ae3f1ec7f1f5012cfeab0185bfc7aa3cf0dec22,cbETH,18,2026-05-07,29633401197361421144,281
0x257fcbae4ac6b26a02e4fc5e1a11e4174b5ce395,0x2ae3f1ec7f1f5012cfeab0185bfc7aa3cf0dec22,cbETH,18,2026-05-08,-7548489073841147471,257
0x257fcbae4ac6b26a02e4fc5e1a11e4174b5ce395,0x2ae3f1ec7f1f5012cfeab0185bfc7aa3cf0dec22,cbETH,18,2026-05-09,-35888135445904046200,490
0x257fcbae4ac6b26a02e4fc5e1a11e4174b5ce395,0x2ae3f1ec7f1f5012cfeab0185bfc7aa3cf0dec22,cbETH,18,2026-05-10,-26791615118624492532,608
0x257fcbae4ac6b26a02e4fc5e1a11e4174b5ce395,0x2ae3f1ec7f1f5012cfeab0185bfc7aa3cf0dec22,cbETH,18,2026-05-11,14589189949956962392,341
0x257fcbae4ac6b26a02e4fc5e1a11e4174b5ce395,0x2ae3f1ec7f1f5012cfeab0185bfc7aa3cf0dec22,cbETH,18,2026-05-12,-16916339801944499347,230
0x257fcbae4ac6b26a02e4fc5e1a11e4174b5ce395,0x2ae3f1ec7f1f5012cfeab0185bfc7aa3cf0dec22,cbETH,18,2026-05-13,23678756357373391572,384
0x257fcbae4ac6b26a02e4fc5e1a11e4174b5ce395,0x2ae3f1ec7f1f5012cfeab0185bfc7aa3cf0dec22,cbETH,18,2026-05-14,99371722173888375420,580
0x257fcbae4ac6b26a02e4fc5e1a11e4174b5ce395,0x2ae3f1ec7f1f5012cfeab0185bfc7aa3cf0dec22,cbETH,18,2026-05-15,-41641046234408396939,436
0x257fcbae4ac6b26a02e4fc5e1a11e4174b5ce395,0x2ae3f1ec7f1f5012cfeab0185bfc7aa3cf0dec22,cbETH,18,2026-05-16,-40132014065721040388,563
0x257fcbae4ac6b26a02e4fc5e1a11e4174b5ce395,0x2ae3f1ec7f1f5012cfeab0185bfc7aa3cf0dec22,cbETH,18,2026-05-17,78611056572701424038,986
0x257fcbae4ac6b26a02e4fc5e1a11e4174b5ce395,0x2ae3f1ec7f1f5012cfeab0185bfc7aa3cf0dec22,cbETH,18,2026-05-18,-34132644709408454871,822
0x257fcbae4ac6b26a02e4fc5e1a11e4174b5ce395,0x2ae3f1ec7f1f5012cfeab0185bfc7aa3cf0dec22,cbETH,18,2026-05-19,-21548000293540469147,465
0x257fcbae4ac6b26a02e4fc5e1a11e4174b5ce395,0x2ae3f1ec7f1f5012cfeab0185bfc7aa3cf0dec22,cbETH,18,2026-05-20,-10251181717913116395,648
0x257fcbae4ac6b26a02e4fc5e1a11e4174b5ce395,0x2ae3f1ec7f1f5012cfeab0185bfc7aa3cf0dec22,cbETH,18,2026-05-21,30130194777867409284,448
0x257fcbae4ac6b26a02e4fc5e1a11e4174b5ce395,0x2ae3f1ec7f1f5012cfeab0185bfc7aa3cf0dec22,cbETH,18,2026-05-22,31418909301833556877,508
0x257fcbae4ac6b26a02e4fc5e1a11e4174b5ce395,0x2ae3f1ec7f1f5012cfeab0185bfc7aa3cf0dec22,cbETH,18,2026-05-23,-18848634125966788764,555
0x257fcbae4ac6b26a02e4fc5e1a11e4174b5ce395,0x2ae3f1ec7f1f5012cfeab0185bfc7aa3cf0dec22,cbETH,18,2026-05-24,-65452265427956504154,499
0x257fcbae4ac6b26a02e4fc5e1a11e4174b5ce395,0x2ae3f1ec7f1f5012cfeab0185bfc7aa3cf0dec22,cbETH,18,2026-05-25,15750019630040202061,431
0x257fcbae4ac6b26a02e4fc5e1a11e4174b5ce395,0x2ae3f1ec7f1f5012cfeab0185bfc7aa3cf0dec22,cbETH,18,2026-05-26,20788535915726864871,452
0x257fcbae4ac6b26a02e4fc5e1a11e4174b5ce395,0x2ae3f1ec7f1f5012cfeab0185bfc7aa3cf0dec22,cbETH,18,2026-05-27,-61944413351976508463,250
0x257fcbae4ac6b26a02e4fc5e1a11e4174b5ce395,0x2ae3f1ec7f1f5012cfeab0185bfc7aa3cf0dec22,cbETH,18,2026-05-28,22781241914778179251,270
0x257fcbae4ac6b26a02e4fc5e1a11e4174b5ce395,0x2ae3f1ec7f1f5012cfeab0185bfc7aa3cf0dec22,cbETH,18,2026-05-29,-13568567071647391271,410
0x257fcbae4ac6b26a02e4fc5e1a11e4174b5ce395,0x2ae3f1ec7f1f5012cfeab0185bfc7aa3cf0dec22,cbETH,18,2026-05-30,52725350227195737410,330
0x257fcbae4ac6b26a02e4fc5e1a11e4174b5ce395,0x2ae3f1ec7f1f5012cfeab0185bfc7aa3cf0dec22,cbETH,18,2026-05-31,6462821770356231096,191
0x257fcbae4ac6b26a02e4fc5e1a11e4174b5ce395,0x2ae3f1ec7f1f5012cfeab0185bfc7aa3cf0dec22,cbETH,18,2026-06-01,14969873296458599415,266
0x257fcbae4ac6b26a02e4fc5e1a11e4174b5ce395,0x2ae3f1ec7f1f5012cfeab0185bfc7aa3cf0dec22,cbETH,18,2026-06-02,-72727761821239671164,469
0x257fcbae4ac6b26a02e4fc5e1a11e4174b5ce395,0x2ae3f1ec7f1f5012cfeab0185bfc7aa3cf0dec22,cbETH,18,2026-06-03,1093342371202512112,636
0x257fcbae4ac6b26a02e4fc5e1a11e4174b5ce395,0x2ae3f1ec7f1f5012cfeab0185bfc7aa3cf0dec22,cbETH,18,2026-06-04,-26248328051735251492,614
0x257fcbae4ac6b26a02e4fc5e1a11e4174b5ce395,0x2ae3f1ec7f1f5012cfeab0185bfc7aa3cf0dec22,cbETH,18,2026-06-05,21026903531763916181,761
0x257fcbae4ac6b26a02e4fc5e1a11e4174b5ce395,0x2ae3f1ec7f1f5012cfeab0185bfc7aa3cf0dec22,cbETH,18,2026-06-06,-18551814461553640203,592
0x257fcbae4ac6b26a02e4fc5e1a11e4174b5ce395,0x2ae3f1ec7f1f5012cfeab0185bfc7aa3cf0dec22,cbETH,18,2026-06-07,4883451531575181182,1422
0x257fcbae4ac6b26a02e4fc5e1a11e4174b5ce395,0x2ae3f1ec7f1f5012cfeab0185bfc7aa3cf0dec22,cbETH,18,2026-06-08,55596794980171408361,449
0x257fcbae4ac6b26a02e4fc5e1a11e4174b5ce395,0x2ae3f1ec7f1f5012cfeab0185bfc7aa3cf0dec22,cbETH,18,2026-06-09,20565646797385311609,290
0x257fcbae4ac6b26a02e4fc5e1a11e4174b5ce395,0x2ae3f1ec7f1f5012cfeab0185bfc7aa3cf0dec22,cbETH,18,2026-06-10,-37838536035247849735,393
0x257fcbae4ac6b26a02e4fc5e1a11e4174b5ce395,0x2ae3f1ec7f1f5012cfeab0185bfc7aa3cf0dec22,cbETH,18,2026-06-11,-23750104720690480509,342
0x257fcbae4ac6b26a02e4fc5e1a11e4174b5ce395,0x2ae3f1ec7f1f5012cfeab0185bfc7aa3cf0dec22,cbETH,18,2026-06-12,61763164666596646133,280
0x257fcbae4ac6b26a02e4fc5e1a11e4174b5ce395,0x2ae3f1ec7f1f5012cfeab0185bfc7aa3cf0dec22,cbETH,18,2026-06-13,-69348568901455366291,344
0x257fcbae4ac6b26a02e4fc5e1a11e4174b5ce395,0x2ae3f1ec7f1f5012cfeab0185bfc7aa3cf0dec22,cbETH,18,2026-06-14,-12725683177916162212,382
0x257fcbae4ac6b26a02e4fc5e1a11e4174b5ce395,0x2ae3f1ec7f1f5012cfeab0185bfc7aa3cf0dec22,cbETH,18,2026-06-15,97624945356819553388,571
0x257fcbae4ac6b26a02e4fc5e1a11e4174b5ce395,0x2ae3f1ec7f1f5012cfeab0185bfc7aa3cf0dec22,cbETH,18,2026-06-16,-22398930705984196337,584
0x257fcbae4ac6b26a02e4fc5e1a11e4174b5ce395,0x2ae3f1ec7f1f5012cfeab0185bfc7aa3cf0dec22,cbETH,18,2026-06-17,-36397269985321988197,462
0x257fcbae4ac6b26a02e4fc5e1a11e4174b5ce395,0x2ae3f1ec7f1f5012cfeab0185bfc7aa3cf0dec22,cbETH,18,2026-06-18,34253163175234714175,351
0x257fcbae4ac6b26a02e4fc5e1a11e4174b5ce395,0x2ae3f1ec7f1f5012cfeab0185bfc7aa3cf0dec22,cbETH,18,2026-06-19,-77670606289447183727,227
0x257fcbae4ac6b26a02e4fc5e1a11e4174b5ce395,0x2ae3f1ec7f1f5012cfeab0185bfc7aa3cf0dec22,cbETH,18,2026-06-20,82206633153921935515,173
0x257fcbae4ac6b26a02e4fc5e1a11e4174b5ce395,0x2ae3f1ec7f1f5012cfeab0185bfc7aa3cf0dec22,cbETH,18,2026-06-21,-23624070000214838375,344
0x257fcbae4ac6b26a02e4fc5e1a11e4174b5ce395,0x2ae3f1ec7f1f5012cfeab0185bfc7aa3cf0dec22,cbETH,18,2026-06-22,35282119412234278387,438
0x257fcbae4ac6b26a02e4fc5e1a11e4174b5ce395,0x2ae3f1ec7f1f5012cfeab0185bfc7aa3cf0dec22,cbETH,18,2026-06-23,-81311521419203050666,575
0x257fcbae4ac6b26a02e4fc5e1a11e4174b5ce395,0x2ae3f1ec7f1f5012cfeab0185bfc7aa3cf0dec22,cbETH,18,2026-06-24,78920763764267931310,794
0x257fcbae4ac6b26a02e4fc5e1a11e4174b5ce395,0x2ae3f1ec7f1f5012cfeab0185bfc7aa3cf0dec22,cbETH,18,2026-06-25,-54588854649961204333,655
0x257fcbae4ac6b26a02e4fc5e1a11e4174b5ce395,0x2ae3f1ec7f1f5012cfeab0185bfc7aa3cf0dec22,cbETH,18,2026-06-26,36090738566475703820,425
0x257fcbae4ac6b26a02e4fc5e1a11e4174b5ce395,0x2ae3f1ec7f1f5012cfeab0185bfc7aa3cf0dec22,cbETH,18,2026-06-27,30528253585249805112,380
0x257fcbae4ac6b26a02e4fc5e1a11e4174b5ce395,0x2ae3f1ec7f1f5012cfeab0185bfc7aa3cf0dec22,cbETH,18,2026-06-28,4619579661654832357,599
0x257fcbae4ac6b26a02e4fc5e1a11e4174b5ce395,0x2ae3f1ec7f1f5012cfeab0185bfc7aa3cf0dec22,cbETH,18,2026-06-29,-51620469296590259746,949
0x257fcbae4ac6b26a02e4fc5e1a11e4174b5ce395,0x2ae3f1ec7f1f5012cfeab0185bfc7aa3cf0dec22,cbETH,18,2026-06-30,49649288772468623512,647
0x257fcbae4ac6b26a02e4fc5e1a11e4174b5ce395,0x2ae3f1ec7f1f5012cfeab0185bfc7aa3cf0dec22,cbETH,18,2026-07-01,-31509927777906007473,440
0x257fcbae4ac6b26a02e4fc5e1a11e4174b5ce395,0x2ae3f1ec7f1f5012cfeab0185bfc7aa3cf0dec22,cbETH,18,2026-07-02,35209609862076453793,804
0x257fcbae4ac6b26a02e4fc5e1a11e4174b5ce395,0x2ae3f1ec7f1f5012cfeab0185bfc7aa3cf0dec22,cbETH,18,2026-07-03,-103209257079054391635,854
0x257fcbae4ac6b26a02e4fc5e1a11e4174b5ce395,0x2ae3f1ec7f1f5012cfeab0185bfc7aa3cf0dec22,cbETH,18,2026-07-04,36567722378490013154,460
0x257fcbae4ac6b26a02e4fc5e1a11e4174b5ce395,0x2ae3f1ec7f1f5012cfeab0185bfc7aa3cf0dec22,cbETH,18,2026-07-05,23577323880583524872,588
0x257fcbae4ac6b26a02e4fc5e1a11e4174b5ce395,0x2ae3f1ec7f1f5012cfeab0185bfc7aa3cf0dec22,cbETH,18,2026-07-06,-32087686802679294876,429
0x257fcbae4ac6b26a02e4fc5e1a11e4174b5ce395,0x2ae3f1ec7f1f5012cfeab0185bfc7aa3cf0dec22,cbETH,18,2026-07-07,37783348309308805123,403
0x257fcbae4ac6b26a02e4fc5e1a11e4174b5ce395,0x2ae3f1ec7f1f5012cfeab0185bfc7aa3cf0dec22,cbETH,18,2026-07-08,-16279656735093546763,515
0x257fcbae4ac6b26a02e4fc5e1a11e4174b5ce395,0x2ae3f1ec7f1f5012cfeab0185bfc7aa3cf0dec22,cbETH,18,2026-07-09,-61539914163919560329,193
0x257fcbae4ac6b26a02e4fc5e1a11e4174b5ce395,0x2ae3f1ec7f1f5012cfeab0185bfc7aa3cf0dec22,cbETH,18,2026-07-10,-637174273780711626,387
0x257fcbae4ac6b26a02e4fc5e1a11e4174b5ce395,0x2ae3f1ec7f1f5012cfeab0185bfc7aa3cf0dec22,cbETH,18,2026-07-11,745578406714272533,337
0x257fcbae4ac6b26a02e4fc5e1a11e4174b5ce395,0x2ae3f1ec7f1f5012cfeab0185bfc7aa3cf0dec22,cbETH,18,2026-07-12,751306797059205226,330
0x257fcbae4ac6b26a02e4fc5e1a11e4174b5ce395,0x2ae3f1ec7f1f5012cfeab0185bfc7aa3cf0dec22,cbETH,18,2026-07-13,-1102237903943457667,234
0x257fcbae4ac6b26a02e4fc5e1a11e4174b5ce395,0x2ae3f1ec7f1f5012cfeab0185bfc7aa3cf0dec22,cbETH,18,2026-07-14,452094042584505427,429
0x257fcbae4ac6b26a02e4fc5e1a11e4174b5ce395,0x2ae3f1ec7f1f5012cfeab0185bfc7aa3cf0dec22,cbETH,18,2026-07-15,118623922332377739,490
0x257fcbae4ac6b26a02e4fc5e1a11e4174b5ce395,0x2ae3f1ec7f1f5012cfeab0185bfc7aa3cf0dec22,cbETH,18,2026-07-16,-109452421670378602,364
0x257fcbae4ac6b26a02e4fc5e1a11e4174b5ce395,0x2ae3f1ec7f1f5012cfeab0185bfc7aa3cf0dec22,cbETH,18,2026-07-17,-777819422782851835,290
0x257fcbae4ac6b26a02e4fc5e1a11e4174b5ce395,0x2ae3f1ec7f1f5012cfeab0185bfc7aa3cf0dec22,cbETH,18,2026-07-18,279697200014880244,196
0x257fcbae4ac6b26a02e4fc5e1a11e4174b5ce395,0x2ae3f1ec7f1f5012cfeab0185bfc7aa3cf0dec22,cbETH,18,2026-07-19,-67034124256478080,178
0x257fcbae4ac6b26a02e4fc5e1a11e4174b5ce395,0x2ae3f1ec7f1f5012cfeab0185bfc7aa3cf0dec22,cbETH,18,2026-07-20,298826761416512438,241
0x257fcbae4ac6b26a02e4fc5e1a11e4174b5ce395,0x2ae3f1ec7f1f5012cfeab0185bfc7aa3cf0dec22,cbETH,18,2026-07-21,-354419335506415697,168
0x257fcbae4ac6b26a02e4fc5e1a11e4174b5ce395,0x2ae3f1ec7f1f5012cfeab0185bfc7aa3cf0dec22,cbETH,18,2026-07-22,-166014494592371992,200
0x257fcbae4ac6b26a02e4fc5e1a11e4174b5ce395,0x2ae3f1ec7f1f5012cfeab0185bfc7aa3cf0dec22,cbETH,18,2026-07-23,185243096004360607,116
0x257fcbae4ac6b26a02e4fc5e1a11e4174b5ce395,0x2ae3f1ec7f1f5012cfeab0185bfc7aa3cf0dec22,cbETH,18,2026-07-24,-922723826263385870,149
0x257fcbae4ac6b26a02e4fc5e1a11e4174b5ce395,0x4200000000000000000000000000000000000006,WETH,18,2025-11-27,-260227556184408538,2685
0x257fcbae4ac6b26a02e4fc5e1a11e4174b5ce395,0x4200000000000000000000000000000000000006,WETH,18,2025-11-28,-57515844051559964,722
0x257fcbae4ac6b26a02e4fc5e1a11e4174b5ce395,0x4200000000000000000000000000000000000006,WETH,18,2025-11-29,-3173423399803952942,607
0x257fcbae4ac6b26a02e4fc5e1a11e4174b5ce395,0x4200000000000000000000000000000000000006,WETH,18,2025-11-30,2940111870515721962,1326
0x257fcbae4ac6b26a02e4fc5e1a11e4174b5ce395,0x4200000000000000000000000000000000000006,WETH,18,2025-12-01,368092921722153974,2469
0x257fcbae4ac6b26a02e4fc5e1a11e4174b5ce395,0x4200000000000000000000000000000000000006,WETH,18,2025-12-02,1438896271008239686,2529
0x257fcbae4ac6b26a02e4fc5e1a11e4174b5ce395,0x4200000000000000000000000000000000000006,WETH,18,2025-12-03,-684608677957346851,2739
0x257fcbae4ac6b26a02e4fc5e1a11e4174b5ce395,0x4200000000000000000000000000000000000006,WETH,18,2025-12-04,1381222556179265064,2555
0x257fcbae4ac6b26a02e4fc5e1a11e4174b5ce395,0x4200000000000000000000000000000000000006,WETH,18,2025-12-05,-2096685135266908772,1416
0x257fcbae4ac6b26a02e4fc5e1a11e4174b5ce395,0x4200000000000000000000000000000000000006,WETH,18,2025-12-06,145193898903079157,974
0x257fcbae4ac6b26a02e4fc5e1a11e4174b5ce395,0x4200000000000000000000000000000000000006,WETH,18,2025-12-07,288065728216676748,1131
0x257fcbae4ac6b26a02e4fc5e1a11e4174b5ce395,0x4200000000000000000000000000000000000006,WETH,18,2025-12-08,821651788419858369,1402
0x257fcbae4ac6b26a02e4fc5e1a11e4174b5ce395,0x4200000000000000000000000000000000000006,WETH,18,2025-12-09,4864639337335609569,2790
0x257fcbae4ac6b26a02e4fc5e1a11e4174b5ce395,0x4200000000000000000000000000000000000006,WETH,18,2025-12-10,25336810011962517329,3881
0x257fcbae4ac6b26a02e4fc5e1a11e4174b5ce395,0x4200000000000000000000000000000000000006,WETH,18,2025-12-11,37713351326313517269,3967
0x257fcbae4ac6b26a02e4fc5e1a11e4174b5ce395,0x4200000000000000000000000000000000000006,WETH,18,2025-12-12,1185411864420824399,2636
0x257fcbae4ac6b26a02e4fc5e1a11e4174b5ce395,0x4200000000000000000000000000000000000006,WETH,18,2025-12-13,-26845188268086661629,2749
0x257fcbae4ac6b26a02e4fc5e1a11e4174b5ce395,0x4200000000000000000000000000000000000006,WETH,18,2025-12-14,18841953166509643565,3940
0x257fcbae4ac6b26a02e4fc5e1a11e4174b5ce395,0x4200000000000000000000000000000000000006,WETH,18,2025-12-15,-36254935752009217109,4335
0x257fcbae4ac6b26a02e4fc5e1a11e4174b5ce395,0x4200000000000000000000000000000000000006,WETH,18,2025-12-16,-273376861487881220,802
0x257fcbae4ac6b26a02e4fc5e1a11e4174b5ce395,0x4200000000000000000000000000000000000006,WETH,18,2025-12-17,381038402815308994,1232
0x257fcbae4ac6b26a02e4fc5e1a11e4174b5ce395,0x4200000000000000000000000000000000000006,WETH,18,2025-12-18,2306528595554549031,2210
0x257fcbae4ac6b26a02e4fc5e1a11e4174b5ce395,0x4200000000000000000000000000000000000006,WETH,18,2025-12-19,23292534501365043270,2376
0x257fcbae4ac6b26a02e4fc5e1a11e4174b5ce395,0x4200000000000000000000000000000000000006,WETH,18,2025-12-20,28057708189726940929,1079
0x257fcbae4ac6b26a02e4fc5e1a11e4174b5ce395,0x4200000000000000000000000000000000000006,WETH,18,2025-12-21,13244350165269523611,905
0x257fcbae4ac6b26a02e4fc5e1a11e4174b5ce395,0x4200000000000000000000000000000000000006,WETH,18,2025-12-22,4681267680590037121,1152
0x257fcbae4ac6b26a02e4fc5e1a11e4174b5ce395,0x4200000000000000000000000000000000000006,WETH,18,2025-12-23,28090854693227269394,1572
0x257fcbae4ac6b26a02e4fc5e1a11e4174b5ce395,0x4200000000000000000000000000000000000006,WETH,18,2025-12-24,4377790396571280788,979
0x257fcbae4ac6b26a02e4fc5e1a11e4174b5ce395,0x4200000000000000000000000000000000000006,WETH,18,2025-12-25,13220248222422914962,1617
0x257fcbae4ac6b26a02e4fc5e1a11e4174b5ce395,0x4200000000000000000000000000000000000006,WETH,18,2025-12-26,-49311962785665949826,5052
0x257fcbae4ac6b26a02e4fc5e1a11e4174b5ce395,0x4200000000000000000000000000000000000006,WETH,18,2025-12-27,-11401729967818108129,1720
0x257fcbae4ac6b26a02e4fc5e1a11e4174b5ce395,0x4200000000000000000000000000000000000006,WETH,18,2025-12-28,-1811803805276765105,280
0x257fcbae4ac6b26a02e4fc5e1a11e4174b5ce395,0x4200000000000000000000000000000000000006,WETH,18,2025-12-29,24216960420065388793,748
0x257fcbae4ac6b26a02e4fc5e1a11e4174b5ce395,0x4200000000000000000000000000000000000006,WETH,18,2025-12-30,6484119776203371827,1875
0x257fcbae4ac6b26a02e4fc5e1a11e4174b5ce395,0x4200000000000000000000000000000000000006,WETH,18,2025-12-31,7306776686447064684,1977
0x257fcbae4ac6b26a02e4fc5e1a11e4174b5ce395,0x4200000000000000000000000000000000000006,WETH,18,2026-01-01,1141814865087465168,857
0x257fcbae4ac6b26a02e4fc5e1a11e4174b5ce395,0x4200000000000000000000000000000000000006,WETH,18,2026-01-02,15352776575474297980,905
0x257fcbae4ac6b26a02e4fc5e1a11e4174b5ce395,0x4200000000000000000000000000000000000006,WETH,18,2026-01-03,3751407135414530750,627
0x257fcbae4ac6b26a02e4fc5e1a11e4174b5ce395,0x4200000000000000000000000000000000000006,WETH,18,2026-01-04,-4790357258325807306,648
0x257fcbae4ac6b26a02e4fc5e1a11e4174b5ce395,0x4200000000000000000000000000000000000006,WETH,18,2026-01-05,-21277478561795696384,913
0x257fcbae4ac6b26a02e4fc5e1a11e4174b5ce395,0x4200000000000000000000000000000000000006,WETH,18,2026-01-06,1625915952417718828,2647
0x257fcbae4ac6b26a02e4fc5e1a11e4174b5ce395,0x4200000000000000000000000000000000000006,WETH,18,2026-01-07,10528059400633542767,1308
0x257fcbae4ac6b26a02e4fc5e1a11e4174b5ce395,0x4200000000000000000000000000000000000006,WETH,18,2026-01-08,23300652106394647232,722
0x257fcbae4ac6b26a02e4fc5e1a11e4174b5ce395,0x4200000000000000000000000000000000000006,WETH,18,2026-01-09,18410233863158061368,823
0x257fcbae4ac6b26a02e4fc5e1a11e4174b5ce395,0x4200000000000000000000000000000000000006,WETH,18,2026-01-10,-58323474231889254997,1459
0x257fcbae4ac6b26a02e4fc5e1a11e4174b5ce395,0x4200000000000000000000000000000000000006,WETH,18,2026-01-11,-4810975416240376093,965
0x257fcbae4ac6b26a02e4fc5e1a11e4174b5ce395,0x4200000000000000000000000000000000000006,WETH,18,2026-01-12,-21766273616039072214,1814
0x257fcbae4ac6b26a02e4fc5e1a11e4174b5ce395,0x4200000000000000000000000000000000000006,WETH,18,2026-01-13,33449591939896333131,6973
0x257fcbae4ac6b26a02e4fc5e1a11e4174b5ce395,0x4200000000000000000000000000000000000006,WETH,18,2026-01-14,-10441827257959696406,6171
0x257fcbae4ac6b26a02e4fc5e1a11e4174b5ce395,0x4200000000000000000000000000000000000006,WETH,18,2026-01-15,-3557924742336338540,353
0x257fcbae4ac6b26a02e4fc5e1a11e4174b5ce395,0x4200000000000000000000000000000000000006,WETH,18,2026-01-16,10944972870709779658,309
0x257fcbae4ac6b26a02e4fc5e1a11e4174b5ce395,0x4200000000000000000000000000000000000006,WETH,18,2026-01-17,12670478483055541280,485
0x257fcbae4ac6b26a02e4fc5e1a11e4174b5ce395,0x4200000000000000000000000000000000000006,WETH,18,2026-01-18,58539578574756017498,746
0x257fcbae4ac6b26a02e4fc5e1a11e4174b5ce395,0x4200000000000000000000000000000000000006,WETH,18,2026-01-19,30475690291162853342,999
0x257fcbae4ac6b26a02e4fc5e1a11e4174b5ce395,0x4200000000000000000000000000000000000006,WETH,18,2026-01-20,-1285027346312477586,575
0x257fcbae4ac6b26a02e4fc5e1a11e4174b5ce395,0x4200000000000000000000000000000000000006,WETH,18,2026-01-21,49277348667820658980,3513
0x257fcbae4ac6b26a02e4fc5e1a11e4174b5ce395,0x4200000000000000000000000000000000000006,WETH,18,2026-01-22,-2272491692321289547,1315
0x257fcbae4ac6b26a02e4fc5e1a11e4174b5ce395,0x4200000000000000000000000000000000000006,WETH,18,2026-01-23,-30033694280090041905,942
0x257fcbae4ac6b26a02e4fc5e1a11e4174b5ce395,0x4200000000000000000000000000000000000006,WETH,18,2026-01-24,21219468162889180231,399
0x257fcbae4ac6b26a02e4fc5e1a11e4174b5ce395,0x4200000000000000000000000000000000000006,WETH,18,2026-01-25,-82707913605164894135,986
0x257fcbae4ac6b26a02e4fc5e1a11e4174b5ce395,0x4200000000000000000000000000000000000006,WETH,18,2026-01-26,1317774298910360964,758
0x257fcbae4ac6b26a02e4fc5e1a11e4174b5ce395,0x4200000000000000000000000000000000000006,WETH,18,2026-01-27,23509474455948337400,681
0x257fcbae4ac6b26a02e4fc5e1a11e4174b5ce395,0x4200000000000000000000000000000000000006,WETH,18,2026-01-28,6676325678443260234,623
0x257fcbae4ac6b26a02e4fc5e1a11e4174b5ce395,0x4200000000000000000000000000000000000006,WETH,18,2026-01-29,-7604775753733242717,630
0x257fcbae4ac6b26a02e4fc5e1a11e4174b5ce395,0x4200000000000000000000000000000000000006,WETH,18,2026-01-30,15779248926650722976,843
0x257fcbae4ac6b26a02e4fc5e1a11e4174b5ce395,0x4200000000000000000000000000000000000006,WETH,18,2026-01-31,-22430964432318828586,824
0x257fcbae4ac6b26a02e4fc5e1a11e4174b5ce395,0x4200000000000000000000000000000000000006,WETH,18,2026-02-01,25180809952413884740,2242
0x257fcbae4ac6b26a02e4fc5e1a11e4174b5ce395,0x4200000000000000000000000000000000000006,WETH,18,2026-02-02,35907095599639733,1472
0x257fcbae4ac6b26a02e4fc5e1a11e4174b5ce395,0x4200000000000000000000000000000000000006,WETH,18,2026-02-03,-23593862966487895322,2322
0x257fcbae4ac6b26a02e4fc5e1a11e4174b5ce395,0x4200000000000000000000000000000000000006,WETH,18,2026-02-04,36695560839761241483,1493
0x257fcbae4ac6b26a02e4fc5e1a11e4174b5ce395,0x4200000000000000000000000000000000000006,WETH,18,2026-02-05,-75396557907106238475,1354
0x257fcbae4ac6b26a02e4fc5e1a11e4174b5ce395,0x4200000000000000000000000000000000000006,WETH,18,2026-02-06,-4781195529282728513,1718
0x257fcbae4ac6b26a02e4fc5e1a11e4174b5ce395,0x4200000000000000000000000000000000000006,WETH,18,2026-02-07,15527813098393759608,1222
0x257fcbae4ac6b26a02e4fc5e1a11e4174b5ce395,0x4200000000000000000000000000000000000006,WETH,18,2026-02-08,-3048070529763803656,769
0x257fcbae4ac6b26a02e4fc5e1a11e4174b5ce395,0x4200000000000000000000000000000000000006,WETH,18,2026-02-09,-14413089877340817816,1044
0x257fcbae4ac6b26a02e4fc5e1a11e4174b5ce395,0x4200000000000000000000000000000000000006,WETH,18,2026-02-10,5101011207152476391,856
0x257fcbae4ac6b26a02e4fc5e1a11e4174b5ce395,0x4200000000000000000000000000000000000006,WETH,18,2026-02-11,-6170721887283194229,1105
0x257fcbae4ac6b26a02e4fc5e1a11e4174b5ce395,0x4200000000000000000000000000000000000006,WETH,18,2026-02-12,-21877935803219967065,1170
0x257fcbae4ac6b26a02e4fc5e1a11e4174b5ce395,0x4200000000000000000000000000000000000006,WETH,18,2026-02-13,26774945268600537875,996
0x257fcbae4ac6b26a02e4fc5e1a11e4174b5ce395,0x4200000000000000000000000000000000000006,WETH,18,2026-02-14,-14288534604219372505,738
0x257fcbae4ac6b26a02e4fc5e1a11e4174b5ce395,0x4200000000000000000000000000000000000006,WETH,18,2026-02-15,-68665115920616458951,1091
0x257fcbae4ac6b26a02e4fc5e1a11e4174b5ce395,0x4200000000000000000000000000000000000006,WETH,18,2026-02-16,117716880331988515270,923
0x257fcbae4ac6b26a02e4fc5e1a11e4174b5ce395,0x4200000000000000000000000000000000000006,WETH,18,2026-02-17,61406222060725057034,612
0x257fcbae4ac6b26a02e4fc5e1a11e4174b5ce395,0x4200000000000000000000000000000000000006,WETH,18,2026-02-18,-28137498150438243738,898
0x257fcbae4ac6b26a02e4fc5e1a11e4174b5ce395,0x4200000000000000000000000000000000000006,WETH,18,2026-02-19,-113615826802646322431,675
0x257fcbae4ac6b26a02e4fc5e1a11e4174b5ce395,0x4200000000000000000000000000000000000006,WETH,18,2026-02-20,30065587755107310509,589
0x257fcbae4ac6b26a02e4fc5e1a11e4174b5ce395,0x4200000000000000000000000000000000000006,WETH,18,2026-02-21,-4872710250218271436,292
0x257fcbae4ac6b26a02e4fc5e1a11e4174b5ce395,0x4200000000000000000000000000000000000006,WETH,18,2026-02-22,-1325834812817374323,405
0x257fcbae4ac6b26a02e4fc5e1a11e4174b5ce395,0x4200000000000000000000000000000000000006,WETH,18,2026-02-23,-8270793111893918383,577
0x257fcbae4ac6b26a02e4fc5e1a11e4174b5ce395,0x4200000000000000000000000000000000000006,WETH,18,2026-02-24,2918594537960753012,628
0x257fcbae4ac6b26a02e4fc5e1a11e4174b5ce395,0x4200000000000000000000000000000000000006,WETH,18,2026-02-25,1143509501289671117,627
0x257fcbae4ac6b26a02e4fc5e1a11e4174b5ce395,0x4200000000000000000000000000000000000006,WETH,18,2026-02-26,71040850404338650822,652
0x257fcbae4ac6b26a02e4fc5e1a11e4174b5ce395,0x4200000000000000000000000000000000000006,WETH,18,2026-02-27,-40027479638627078543,608
0x257fcbae4ac6b26a02e4fc5e1a11e4174b5ce395,0x4200000000000000000000000000000000000006,WETH,18,2026-02-28,40772603088717034775,801
0x257fcbae4ac6b26a02e4fc5e1a11e4174b5ce395,0x4200000000000000000000000000000000000006,WETH,18,2026-03-01,-94633119547589242328,1040
0x257fcbae4ac6b26a02e4fc5e1a11e4174b5ce395,0x4200000000000000000000000000000000000006,WETH,18,2026-03-02,49439721703648537016,702
0x257fcbae4ac6b26a02e4fc5e1a11e4174b5ce395,0x4200000000000000000000000000000000000006,WETH,18,2026-03-03,-53994605324690012292,795
0x257fcbae4ac6b26a02e4fc5e1a11e4174b5ce395,0x4200000000000000000000000000000000000006,WETH,18,2026-03-04,9398612066432221549,871
0x257fcbae4ac6b26a02e4fc5e1a11e4174b5ce395,0x4200000000000000000000000000000000000006,WETH,18,2026-03-05,109120398435751552754,602
0x257fcbae4ac6b26a02e4fc5e1a11e4174b5ce395,0x4200000000000000000000000000000000000006,WETH,18,2026-03-06,-35391442015104430151,708
0x257fcbae4ac6b26a02e4fc5e1a11e4174b5ce395,0x4200000000000000000000000000000000000006,WETH,18,2026-03-07,19133380134316118862,204
0x257fcbae4ac6b26a02e4fc5e1a11e4174b5ce395,0x4200000000000000000000000000000000000006,WETH,18,2026-03-08,-6938325340513344067,337
0x257fcbae4ac6b26a02e4fc5e1a11e4174b5ce395,0x4200000000000000000000000000000000000006,WETH,18,2026-03-09,3397006405506982367,656
0x257fcbae4ac6b26a02e4fc5e1a11e4174b5ce395,0x4200000000000000000000000000000000000006,WETH,18,2026-03-10,29778529388313965497,427
0x257fcbae4ac6b26a02e4fc5e1a11e4174b5ce395,0x4200000000000000000000000000000000000006,WETH,18,2026-03-11,478741476491594686,405
0x257fcbae4ac6b26a02e4fc5e1a11e4174b5ce395,0x4200000000000000000000000000000000000006,WETH,18,2026-03-12,-2092456704454791981,563
0x257fcbae4ac6b26a02e4fc5e1a11e4174b5ce395,0x4200000000000000000000000000000000000006,WETH,18,2026-03-13,24508864958441574821,511
0x257fcbae4ac6b26a02e4fc5e1a11e4174b5ce395,0x4200000000000000000000000000000000000006,WETH,18,2026-03-14,-26642855271924427625,185
0x257fcbae4ac6b26a02e4fc5e1a11e4174b5ce395,0x4200000000000000000000000000000000000006,WETH,18,2026-03-15,-70261415560219973564,784
0x257fcbae4ac6b26a02e4fc5e1a11e4174b5ce395,0x4200000000000000000000000000000000000006,WETH,18,2026-03-16,8964652255513339070,787
0x257fcbae4ac6b26a02e4fc5e1a11e4174b5ce395,0x4200000000000000000000000000000000000006,WETH,18,2026-03-17,34388063769324757943,299
0x257fcbae4ac6b26a02e4fc5e1a11e4174b5ce395,0x4200000000000000000000000000000000000006,WETH,18,2026-03-18,12967505647391577928,534
0x257fcbae4ac6b26a02e4fc5e1a11e4174b5ce395,0x4200000000000000000000000000000000000006,WETH,18,2026-03-19,-34924312164003728929,578
0x257fcbae4ac6b26a02e4fc5e1a11e4174b5ce395,0x4200000000000000000000000000000000000006,WETH,18,2026-03-20,-51862882312686462629,500
0x257fcbae4ac6b26a02e4fc5e1a11e4174b5ce395,0x4200000000000000000000000000000000000006,WETH,18,2026-03-21,-11050916585059620216,342
0x257fcbae4ac6b26a02e4fc5e1a11e4174b5ce395,0x4200000000000000000000000000000000000006,WETH,18,2026-03-22,76375761367554962817,272
0x257fcbae4ac6b26a02e4fc5e1a11e4174b5ce395,0x4200000000000000000000000000000000000006,WETH,18,2026-03-23,-4280555249512200819,556
0x257fcbae4ac6b26a02e4fc5e1a11e4174b5ce395,0x4200000000000000000000000000000000000006,WETH,18,2026-03-24,22635257204654776449,381
0x257fcbae4ac6b26a02e4fc5e1a11e4174b5ce395,0x4200000000000000000000000000000000000006,WETH,18,2026-03-25,28292928215218918310,242
0x257fcbae4ac6b26a02e4fc5e1a11e4174b5ce395,0x4200000000000000000000000000000000000006,WETH,18,2026-03-26,-13967444472090936664,242
0x257fcbae4ac6b26a02e4fc5e1a11e4174b5ce395,0x4200000000000000000000000000000000000006,WETH,18,2026-03-27,-24328121556639367055,268
0x257fcbae4ac6b26a02e4fc5e1a11e4174b5ce395,0x4200000000000000000000000000000000000006,WETH,18,2026-03-28,-42605693144123446137,281
0x257fcbae4ac6b26a02e4fc5e1a11e4174b5ce395,0x4200000000000000000000000000000000000006,WETH,18,2026-03-29,132872042047440392006,372
0x257fcbae4ac6b26a02e4fc5e1a11e4174b5ce395,0x4200000000000000000000000000000000000006,WETH,18,2026-03-30,-11539287546993392455,501
0x257fcbae4ac6b26a02e4fc5e1a11e4174b5ce395,0x4200000000000000000000000000000000000006,WETH,18,2026-03-31,17591817449825137222,657
0x257fcbae4ac6b26a02e4fc5e1a11e4174b5ce395,0x4200000000000000000000000000000000000006,WETH,18,2026-04-01,3745788161852050421,527
0x257fcbae4ac6b26a02e4fc5e1a11e4174b5ce395,0x4200000000000000000000000000000000000006,WETH,18,2026-04-02,-179970854974571072087,459
0x257fcbae4ac6b26a02e4fc5e1a11e4174b5ce395,0x4200000000000000000000000000000000000006,WETH,18,2026-04-03,39889823660632949282,118
0x257fcbae4ac6b26a02e4fc5e1a11e4174b5ce395,0x4200000000000000000000000000000000000006,WETH,18,2026-04-04,-2608976740201955734,112
0x257fcbae4ac6b26a02e4fc5e1a11e4174b5ce395,0x4200000000000000000000000000000000000006,WETH,18,2026-04-05,102455784867777250577,404
0x257fcbae4ac6b26a02e4fc5e1a11e4174b5ce395,0x4200000000000000000000000000000000000006,WETH,18,2026-04-06,-56910141844762893815,563
0x257fcbae4ac6b26a02e4fc5e1a11e4174b5ce395,0x4200000000000000000000000000000000000006,WETH,18,2026-04-07,14523611976834511179,611
0x257fcbae4ac6b26a02e4fc5e1a11e4174b5ce395,0x4200000000000000000000000000000000000006,WETH,18,2026-04-08,-26364459116916663044,418
0x257fcbae4ac6b26a02e4fc5e1a11e4174b5ce395,0x4200000000000000000000000000000000000006,WETH,18,2026-04-09,66517052770576399995,510
0x257fcbae4ac6b26a02e4fc5e1a11e4174b5ce395,0x4200000000000000000000000000000000000006,WETH,18,2026-04-10,-34744547217502581106,382
0x257fcbae4ac6b26a02e4fc5e1a11e4174b5ce395,0x4200000000000000000000000000000000000006,WETH,18,2026-04-11,-60615023840156477979,586
0x257fcbae4ac6b26a02e4fc5e1a11e4174b5ce395,0x4200000000000000000000000000000000000006,WETH,18,2026-04-12,38497319792357115961,243
0x257fcbae4ac6b26a02e4fc5e1a11e4174b5ce395,0x4200000000000000000000000000000000000006,WETH,18,2026-04-13,-38140023083905819056,729
0x257fcbae4ac6b26a02e4fc5e1a11e4174b5ce395,0x4200000000000000000000000000000000000006,WETH,18,2026-04-14,59042006133282508602,467
0x257fcbae4ac6b26a02e4fc5e1a11e4174b5ce395,0x4200000000000000000000000000000000000006,WETH,18,2026-04-15,-24341050528834345325,331
0x257fcbae4ac6b26a02e4fc5e1a11e4174b5ce395,0x4200000000000000000000000000000000000006,WETH,18,2026-04-16,102652000583405654576,388
0x257fcbae4ac6b26a02e4fc5e1a11e4174b5ce395,0x4200000000000000000000000000000000000006,WETH,18,2026-04-17,-82824493689812877810,511
0x257fcbae4ac6b26a02e4fc5e1a11e4174b5ce395,0x4200000000000000000000000000000000000006,WETH,18,2026-04-18,25918806370806277042,400
0x257fcbae4ac6b26a02e4fc5e1a11e4174b5ce395,0x4200000000000000000000000000000000000006,WETH,18,2026-04-19,-115519659966581202428,464
0x257fcbae4ac6b26a02e4fc5e1a11e4174b5ce395,0x4200000000000000000000000000000000000006,WETH,18,2026-04-20,-61052711943146435877,632
0x257fcbae4ac6b26a02e4fc5e1a11e4174b5ce395,0x4200000000000000000000000000000000000006,WETH,18,2026-04-21,-7996777342403947489,1087
0x257fcbae4ac6b26a02e4fc5e1a11e4174b5ce395,0x4200000000000000000000000000000000000006,WETH,18,2026-04-22,17546751477772040271,1192
0x257fcbae4ac6b26a02e4fc5e1a11e4174b5ce395,0x4200000000000000000000000000000000000006,WETH,18,2026-04-23,-7341616955465041723,546
0x257fcbae4ac6b26a02e4fc5e1a11e4174b5ce395,0x4200000000000000000000000000000000000006,WETH,18,2026-04-24,66365432562749695568,429
0x257fcbae4ac6b26a02e4fc5e1a11e4174b5ce395,0x4200000000000000000000000000000000000006,WETH,18,2026-04-25,-17165775556035258908,271
0x257fcbae4ac6b26a02e4fc5e1a11e4174b5ce395,0x4200000000000000000000000000000000000006,WETH,18,2026-04-26,17970255704225720831,562
0x257fcbae4ac6b26a02e4fc5e1a11e4174b5ce395,0x4200000000000000000000000000000000000006,WETH,18,2026-04-27,-4053012038562871677,543
0x257fcbae4ac6b26a02e4fc5e1a11e4174b5ce395,0x4200000000000000000000000000000000000006,WETH,18,2026-04-28,-46004636908051034057,524
0x257fcbae4ac6b26a02e4fc5e1a11e4174b5ce395,0x4200000000000000000000000000000000000006,WETH,18,2026-04-29,26012005134516917001,589
0x257fcbae4ac6b26a02e4fc5e1a11e4174b5ce395,0x4200000000000000000000000000000000000006,WETH,18,2026-04-30,44720395887339195416,429
0x257fcbae4ac6b26a02e4fc5e1a11e4174b5ce395,0x4200000000000000000000000000000000000006,WETH,18,2026-05-01,-17464698046206191386,287
0x257fcbae4ac6b26a02e4fc5e1a11e4174b5ce395,0x4200000000000000000000000000000000000006,WETH,18,2026-05-02,9602818675902038580,238
0x257fcbae4ac6b26a02e4fc5e1a11e4174b5ce395,0x4200000000000000000000000000000000000006,WETH,18,2026-05-03,11232110020287709338,397
0x257fcbae4ac6b26a02e4fc5e1a11e4174b5ce395,0x4200000000000000000000000000000000000006,WETH,18,2026-05-04,-2243371011640568103,346
0x257fcbae4ac6b26a02e4fc5e1a11e4174b5ce395,0x4200000000000000000000000000000000000006,WETH,18,2026-05-05,5487488011696889950,325
0x257fcbae4ac6b26a02e4fc5e1a11e4174b5ce395,0x4200000000000000000000000000000000000006,WETH,18,2026-05-06,-408660913454815291,358
0x257fcbae4ac6b26a02e4fc5e1a11e4174b5ce395,0x4200000000000000000000000000000000000006,WETH,18,2026-05-07,-40630876480322016343,287
0x257fcbae4ac6b26a02e4fc5e1a11e4174b5ce395,0x4200000000000000000000000000000000000006,WETH,18,2026-05-08,8913688866830977489,259
0x257fcbae4ac6b26a02e4fc5e1a11e4174b5ce395,0x4200000000000000000000000000000000000006,WETH,18,2026-05-09,33311553051316232048,503
0x257fcbae4ac6b26a02e4fc5e1a11e4174b5ce395,0x4200000000000000000000000000000000000006,WETH,18,2026-05-10,32840777822960361998,639
0x257fcbae4ac6b26a02e4fc5e1a11e4174b5ce395,0x4200000000000000000000000000000000000006,WETH,18,2026-05-11,-29648381939187319714,344
0x257fcbae4ac6b26a02e4fc5e1a11e4174b5ce395,0x4200000000000000000000000000000000000006,WETH,18,2026-05-12,48969205903888817001,230
0x257fcbae4ac6b26a02e4fc5e1a11e4174b5ce395,0x4200000000000000000000000000000000000006,WETH,18,2026-05-13,-37068074686097567409,389
0x257fcbae4ac6b26a02e4fc5e1a11e4174b5ce395,0x4200000000000000000000000000000000000006,WETH,18,2026-05-14,-94120395931351861164,583
0x257fcbae4ac6b26a02e4fc5e1a11e4174b5ce395,0x4200000000000000000000000000000000000006,WETH,18,2026-05-15,45575131950741155409,432
0x257fcbae4ac6b26a02e4fc5e1a11e4174b5ce395,0x4200000000000000000000000000000000000006,WETH,18,2026-05-16,46672028849107205517,560
0x257fcbae4ac6b26a02e4fc5e1a11e4174b5ce395,0x4200000000000000000000000000000000000006,WETH,18,2026-05-17,-85023922886726228866,989
0x257fcbae4ac6b26a02e4fc5e1a11e4174b5ce395,0x4200000000000000000000000000000000000006,WETH,18,2026-05-18,40312748240886763517,830
0x257fcbae4ac6b26a02e4fc5e1a11e4174b5ce395,0x4200000000000000000000000000000000000006,WETH,18,2026-05-19,24378250986638801575,465
0x257fcbae4ac6b26a02e4fc5e1a11e4174b5ce395,0x4200000000000000000000000000000000000006,WETH,18,2026-05-20,-2423650137059816647,649
0x257fcbae4ac6b26a02e4fc5e1a11e4174b5ce395,0x4200000000000000000000000000000000000006,WETH,18,2026-05-21,-57001469088947332798,448
0x257fcbae4ac6b26a02e4fc5e1a11e4174b5ce395,0x4200000000000000000000000000000000000006,WETH,18,2026-05-22,-34016352995460456627,509
0x257fcbae4ac6b26a02e4fc5e1a11e4174b5ce395,0x4200000000000000000000000000000000000006,WETH,18,2026-05-23,13887888929172071357,554
0x257fcbae4ac6b26a02e4fc5e1a11e4174b5ce395,0x4200000000000000000000000000000000000006,WETH,18,2026-05-24,48725074016095514543,499
0x257fcbae4ac6b26a02e4fc5e1a11e4174b5ce395,0x4200000000000000000000000000000000000006,WETH,18,2026-05-25,-23341930831221480871,431
0x257fcbae4ac6b26a02e4fc5e1a11e4174b5ce395,0x4200000000000000000000000000000000000006,WETH,18,2026-05-26,-20625698504620350662,452
0x257fcbae4ac6b26a02e4fc5e1a11e4174b5ce395,0x4200000000000000000000000000000000000006,WETH,18,2026-05-27,41068497835782917452,251
0x257fcbae4ac6b26a02e4fc5e1a11e4174b5ce395,0x4200000000000000000000000000000000000006,WETH,18,2026-05-28,57494749524388678018,269
0x257fcbae4ac6b26a02e4fc5e1a11e4174b5ce395,0x4200000000000000000000000000000000000006,WETH,18,2026-05-29,-49697969734116433863,410
0x257fcbae4ac6b26a02e4fc5e1a11e4174b5ce395,0x4200000000000000000000000000000000000006,WETH,18,2026-05-30,-29911793613134258383,329
0x257fcbae4ac6b26a02e4fc5e1a11e4174b5ce395,0x4200000000000000000000000000000000000006,WETH,18,2026-05-31,-34419833826346963780,191
0x257fcbae4ac6b26a02e4fc5e1a11e4174b5ce395,0x4200000000000000000000000000000000000006,WETH,18,2026-06-01,-15710249309865138898,267
0x257fcbae4ac6b26a02e4fc5e1a11e4174b5ce395,0x4200000000000000000000000000000000000006,WETH,18,2026-06-02,-56150461979332793,468
0x257fcbae4ac6b26a02e4fc5e1a11e4174b5ce395,0x4200000000000000000000000000000000000006,WETH,18,2026-06-03,2740124467857099159,636
0x257fcbae4ac6b26a02e4fc5e1a11e4174b5ce395,0x4200000000000000000000000000000000000006,WETH,18,2026-06-04,32000368838891127115,614
0x257fcbae4ac6b26a02e4fc5e1a11e4174b5ce395,0x4200000000000000000000000000000000000006,WETH,18,2026-06-05,2863513053593068529,762
0x257fcbae4ac6b26a02e4fc5e1a11e4174b5ce395,0x4200000000000000000000000000000000000006,WETH,18,2026-06-06,163689733738065175,593
0x257fcbae4ac6b26a02e4fc5e1a11e4174b5ce395,0x4200000000000000000000000000000000000006,WETH,18,2026-06-07,60291153342665903472,1428
0x257fcbae4ac6b26a02e4fc5e1a11e4174b5ce395,0x4200000000000000000000000000000000000006,WETH,18,2026-06-08,-68916249294577669048,450
0x257fcbae4ac6b26a02e4fc5e1a11e4174b5ce395,0x4200000000000000000000000000000000000006,WETH,18,2026-06-09,5336815631634684621,288
0x257fcbae4ac6b26a02e4fc5e1a11e4174b5ce395,0x4200000000000000000000000000000000000006,WETH,18,2026-06-10,42628014295712855342,393
0x257fcbae4ac6b26a02e4fc5e1a11e4174b5ce395,0x4200000000000000000000000000000000000006,WETH,18,2026-06-11,26705575750902237706,341
0x257fcbae4ac6b26a02e4fc5e1a11e4174b5ce395,0x4200000000000000000000000000000000000006,WETH,18,2026-06-12,-54697819198471028584,280
0x257fcbae4ac6b26a02e4fc5e1a11e4174b5ce395,0x4200000000000000000000000000000000000006,WETH,18,2026-06-13,59233504364803560472,344
0x257fcbae4ac6b26a02e4fc5e1a11e4174b5ce395,0x4200000000000000000000000000000000000006,WETH,18,2026-06-14,14314123759922796026,383
0x257fcbae4ac6b26a02e4fc5e1a11e4174b5ce395,0x4200000000000000000000000000000000000006,WETH,18,2026-06-15,-83854179838963298096,570
0x257fcbae4ac6b26a02e4fc5e1a11e4174b5ce395,0x4200000000000000000000000000000000000006,WETH,18,2026-06-16,43138331410854281018,584
0x257fcbae4ac6b26a02e4fc5e1a11e4174b5ce395,0x4200000000000000000000000000000000000006,WETH,18,2026-06-17,35840288236211959671,462
0x257fcbae4ac6b26a02e4fc5e1a11e4174b5ce395,0x4200000000000000000000000000000000000006,WETH,18,2026-06-18,-51245638063825320117,351
0x257fcbae4ac6b26a02e4fc5e1a11e4174b5ce395,0x4200000000000000000000000000000000000006,WETH,18,2026-06-19,47605569862318749559,230
0x257fcbae4ac6b26a02e4fc5e1a11e4174b5ce395,0x4200000000000000000000000000000000000006,WETH,18,2026-06-20,-94672663218355352843,176
0x257fcbae4ac6b26a02e4fc5e1a11e4174b5ce395,0x4200000000000000000000000000000000000006,WETH,18,2026-06-21,33206194968056716696,343
0x257fcbae4ac6b26a02e4fc5e1a11e4174b5ce395,0x4200000000000000000000000000000000000006,WETH,18,2026-06-22,-10798505345557496164,438
0x257fcbae4ac6b26a02e4fc5e1a11e4174b5ce395,0x4200000000000000000000000000000000000006,WETH,18,2026-06-23,99168763439201621912,574
0x257fcbae4ac6b26a02e4fc5e1a11e4174b5ce395,0x4200000000000000000000000000000000000006,WETH,18,2026-06-24,-79126428234512220738,792
0x257fcbae4ac6b26a02e4fc5e1a11e4174b5ce395,0x4200000000000000000000000000000000000006,WETH,18,2026-06-25,64038422793144680599,655
0x257fcbae4ac6b26a02e4fc5e1a11e4174b5ce395,0x4200000000000000000000000000000000000006,WETH,18,2026-06-26,-41786601213234649715,424
0x257fcbae4ac6b26a02e4fc5e1a11e4174b5ce395,0x4200000000000000000000000000000000000006,WETH,18,2026-06-27,-75518384444467629995,379
0x257fcbae4ac6b26a02e4fc5e1a11e4174b5ce395,0x4200000000000000000000000000000000000006,WETH,18,2026-06-28,14489265872709161525,600
0x257fcbae4ac6b26a02e4fc5e1a11e4174b5ce395,0x4200000000000000000000000000000000000006,WETH,18,2026-06-29,58151952101345988958,950
0x257fcbae4ac6b26a02e4fc5e1a11e4174b5ce395,0x4200000000000000000000000000000000000006,WETH,18,2026-06-30,-44368756826967963393,647
0x257fcbae4ac6b26a02e4fc5e1a11e4174b5ce395,0x4200000000000000000000000000000000000006,WETH,18,2026-07-01,35805728922840002456,440
0x257fcbae4ac6b26a02e4fc5e1a11e4174b5ce395,0x4200000000000000000000000000000000000006,WETH,18,2026-07-02,-26155492279666393925,806
0x257fcbae4ac6b26a02e4fc5e1a11e4174b5ce395,0x4200000000000000000000000000000000000006,WETH,18,2026-07-03,97063310473362593391,855
0x257fcbae4ac6b26a02e4fc5e1a11e4174b5ce395,0x4200000000000000000000000000000000000006,WETH,18,2026-07-04,-44324673458726192058,460
0x257fcbae4ac6b26a02e4fc5e1a11e4174b5ce395,0x4200000000000000000000000000000000000006,WETH,18,2026-07-05,-38446600831601697226,588
0x257fcbae4ac6b26a02e4fc5e1a11e4174b5ce395,0x4200000000000000000000000000000000000006,WETH,18,2026-07-06,36402750522723504476,429
0x257fcbae4ac6b26a02e4fc5e1a11e4174b5ce395,0x4200000000000000000000000000000000000006,WETH,18,2026-07-07,-40049217012353167728,404
0x257fcbae4ac6b26a02e4fc5e1a11e4174b5ce395,0x4200000000000000000000000000000000000006,WETH,18,2026-07-08,18880368220322402321,513
0x257fcbae4ac6b26a02e4fc5e1a11e4174b5ce395,0x4200000000000000000000000000000000000006,WETH,18,2026-07-09,91574981995317666444,193
0x257fcbae4ac6b26a02e4fc5e1a11e4174b5ce395,0x4200000000000000000000000000000000000006,WETH,18,2026-07-10,-145912951698054290463,386
0x257fcbae4ac6b26a02e4fc5e1a11e4174b5ce395,0x4200000000000000000000000000000000000006,WETH,18,2026-07-11,-845348533861751186,337
0x257fcbae4ac6b26a02e4fc5e1a11e4174b5ce395,0x4200000000000000000000000000000000000006,WETH,18,2026-07-12,-20959110782504865513,330
0x257fcbae4ac6b26a02e4fc5e1a11e4174b5ce395,0x4200000000000000000000000000000000000006,WETH,18,2026-07-13,1251508117257772748,234
0x257fcbae4ac6b26a02e4fc5e1a11e4174b5ce395,0x4200000000000000000000000000000000000006,WETH,18,2026-07-14,-3685894774925016759,429
0x257fcbae4ac6b26a02e4fc5e1a11e4174b5ce395,0x4200000000000000000000000000000000000006,WETH,18,2026-07-15,-132987080502991230,491
0x257fcbae4ac6b26a02e4fc5e1a11e4174b5ce395,0x4200000000000000000000000000000000000006,WETH,18,2026-07-16,124890658840328255,364
0x257fcbae4ac6b26a02e4fc5e1a11e4174b5ce395,0x4200000000000000000000000000000000000006,WETH,18,2026-07-17,218550195276528783,294
0x257fcbae4ac6b26a02e4fc5e1a11e4174b5ce395,0x4200000000000000000000000000000000000006,WETH,18,2026-07-18,-2531269301630755533,196
0x257fcbae4ac6b26a02e4fc5e1a11e4174b5ce395,0x4200000000000000000000000000000000000006,WETH,18,2026-07-19,76785923493229791,178
0x257fcbae4ac6b26a02e4fc5e1a11e4174b5ce395,0x4200000000000000000000000000000000000006,WETH,18,2026-07-20,-338181688834506241,241
0x257fcbae4ac6b26a02e4fc5e1a11e4174b5ce395,0x4200000000000000000000000000000000000006,WETH,18,2026-07-21,403296398492339618,168
0x257fcbae4ac6b26a02e4fc5e1a11e4174b5ce395,0x4200000000000000000000000000000000000006,WETH,18,2026-07-22,-746202901772739765,205
0x257fcbae4ac6b26a02e4fc5e1a11e4174b5ce395,0x4200000000000000000000000000000000000006,WETH,18,2026-07-23,-206235313857611699,116
0x257fcbae4ac6b26a02e4fc5e1a11e4174b5ce395,0x4200000000000000000000000000000000000006,WETH,18,2026-07-24,1045346769565144652,149
0x302976a386fbb375033be3ac1e4112f76cf42ef7,0x04c0599ae5a44757c0af6f9ec3b93da8976c150a,weETH,18,2025-11-27,-477903172884874,16
0x302976a386fbb375033be3ac1e4112f76cf42ef7,0x04c0599ae5a44757c0af6f9ec3b93da8976c150a,weETH,18,2025-11-28,-66142366310908,21
0x302976a386fbb375033be3ac1e4112f76cf42ef7,0x04c0599ae5a44757c0af6f9ec3b93da8976c150a,weETH,18,2025-11-29,-16635824891768,1
0x302976a386fbb375033be3ac1e4112f76cf42ef7,0x04c0599ae5a44757c0af6f9ec3b93da8976c150a,weETH,18,2025-11-30,-5535775145557,1
0x302976a386fbb375033be3ac1e4112f76cf42ef7,0x04c0599ae5a44757c0af6f9ec3b93da8976c150a,weETH,18,2025-12-01,-119335057578393,6
0x302976a386fbb375033be3ac1e4112f76cf42ef7,0x04c0599ae5a44757c0af6f9ec3b93da8976c150a,weETH,18,2025-12-02,-113713440169658,11
0x302976a386fbb375033be3ac1e4112f76cf42ef7,0x04c0599ae5a44757c0af6f9ec3b93da8976c150a,weETH,18,2025-12-03,-60520790232527,29
0x302976a386fbb375033be3ac1e4112f76cf42ef7,0x04c0599ae5a44757c0af6f9ec3b93da8976c150a,weETH,18,2025-12-04,-27644691841781,14
0x302976a386fbb375033be3ac1e4112f76cf42ef7,0x04c0599ae5a44757c0af6f9ec3b93da8976c150a,weETH,18,2025-12-05,-65570765670339,3
0x302976a386fbb375033be3ac1e4112f76cf42ef7,0x04c0599ae5a44757c0af6f9ec3b93da8976c150a,weETH,18,2025-12-06,929830091432,2
0x302976a386fbb375033be3ac1e4112f76cf42ef7,0x04c0599ae5a44757c0af6f9ec3b93da8976c150a,weETH,18,2025-12-08,-10360872621092,24
0x302976a386fbb375033be3ac1e4112f76cf42ef7,0x04c0599ae5a44757c0af6f9ec3b93da8976c150a,weETH,18,2025-12-09,-52157389835766,9
0x302976a386fbb375033be3ac1e4112f76cf42ef7,0x04c0599ae5a44757c0af6f9ec3b93da8976c150a,weETH,18,2025-12-10,-44811163921777,9
0x302976a386fbb375033be3ac1e4112f76cf42ef7,0x04c0599ae5a44757c0af6f9ec3b93da8976c150a,weETH,18,2025-12-11,-12512899201706,16
0x302976a386fbb375033be3ac1e4112f76cf42ef7,0x04c0599ae5a44757c0af6f9ec3b93da8976c150a,weETH,18,2025-12-12,2835975938906,16
0x302976a386fbb375033be3ac1e4112f76cf42ef7,0x04c0599ae5a44757c0af6f9ec3b93da8976c150a,weETH,18,2025-12-13,-16201236158894,18
0x302976a386fbb375033be3ac1e4112f76cf42ef7,0x04c0599ae5a44757c0af6f9ec3b93da8976c150a,weETH,18,2025-12-14,74011095996394,6
0x302976a386fbb375033be3ac1e4112f76cf42ef7,0x04c0599ae5a44757c0af6f9ec3b93da8976c150a,weETH,18,2025-12-15,-8656432665412359,12
0x302976a386fbb375033be3ac1e4112f76cf42ef7,0x04c0599ae5a44757c0af6f9ec3b93da8976c150a,weETH,18,2025-12-16,9729206412677,4
0x302976a386fbb375033be3ac1e4112f76cf42ef7,0x04c0599ae5a44757c0af6f9ec3b93da8976c150a,weETH,18,2025-12-17,-37775440941755255,2
0x302976a386fbb375033be3ac1e4112f76cf42ef7,0x04c0599ae5a44757c0af6f9ec3b93da8976c150a,weETH,18,2025-12-18,-15183163550664,3
0x302976a386fbb375033be3ac1e4112f76cf42ef7,0x04c0599ae5a44757c0af6f9ec3b93da8976c150a,weETH,18,2025-12-19,-41278241321814,2
0x302976a386fbb375033be3ac1e4112f76cf42ef7,0x04c0599ae5a44757c0af6f9ec3b93da8976c150a,weETH,18,2025-12-20,-1390317166490,4
0x302976a386fbb375033be3ac1e4112f76cf42ef7,0x04c0599ae5a44757c0af6f9ec3b93da8976c150a,weETH,18,2025-12-21,17559689054264,9
0x302976a386fbb375033be3ac1e4112f76cf42ef7,0x04c0599ae5a44757c0af6f9ec3b93da8976c150a,weETH,18,2025-12-22,-23410854806994,6
0x302976a386fbb375033be3ac1e4112f76cf42ef7,0x04c0599ae5a44757c0af6f9ec3b93da8976c150a,weETH,18,2025-12-23,-9161529004506,1
0x302976a386fbb375033be3ac1e4112f76cf42ef7,0x04c0599ae5a44757c0af6f9ec3b93da8976c150a,weETH,18,2025-12-24,-35201825642449,3
0x302976a386fbb375033be3ac1e4112f76cf42ef7,0x04c0599ae5a44757c0af6f9ec3b93da8976c150a,weETH,18,2025-12-25,-13011630996891,7
0x302976a386fbb375033be3ac1e4112f76cf42ef7,0x04c0599ae5a44757c0af6f9ec3b93da8976c150a,weETH,18,2025-12-26,247394174598,2
0x302976a386fbb375033be3ac1e4112f76cf42ef7,0x04c0599ae5a44757c0af6f9ec3b93da8976c150a,weETH,18,2025-12-27,-19985874824065,3
0x302976a386fbb375033be3ac1e4112f76cf42ef7,0x04c0599ae5a44757c0af6f9ec3b93da8976c150a,weETH,18,2025-12-29,-9068239506984,3
0x302976a386fbb375033be3ac1e4112f76cf42ef7,0x04c0599ae5a44757c0af6f9ec3b93da8976c150a,weETH,18,2025-12-30,59125071349215,3
0x302976a386fbb375033be3ac1e4112f76cf42ef7,0x04c0599ae5a44757c0af6f9ec3b93da8976c150a,weETH,18,2025-12-31,-44622465809130,9
0x302976a386fbb375033be3ac1e4112f76cf42ef7,0x04c0599ae5a44757c0af6f9ec3b93da8976c150a,weETH,18,2026-01-01,-38706793189591,2
0x302976a386fbb375033be3ac1e4112f76cf42ef7,0x04c0599ae5a44757c0af6f9ec3b93da8976c150a,weETH,18,2026-01-02,-37108442780116,4
0x302976a386fbb375033be3ac1e4112f76cf42ef7,0x04c0599ae5a44757c0af6f9ec3b93da8976c150a,weETH,18,2026-01-03,-16348305046237,9
0x302976a386fbb375033be3ac1e4112f76cf42ef7,0x04c0599ae5a44757c0af6f9ec3b93da8976c150a,weETH,18,2026-01-04,28434002493288,4
0x302976a386fbb375033be3ac1e4112f76cf42ef7,0x04c0599ae5a44757c0af6f9ec3b93da8976c150a,weETH,18,2026-01-05,-14820144843071,7
0x302976a386fbb375033be3ac1e4112f76cf42ef7,0x04c0599ae5a44757c0af6f9ec3b93da8976c150a,weETH,18,2026-01-06,-9775963167864,7
0x302976a386fbb375033be3ac1e4112f76cf42ef7,0x04c0599ae5a44757c0af6f9ec3b93da8976c150a,weETH,18,2026-01-07,50261713374267,3
0x302976a386fbb375033be3ac1e4112f76cf42ef7,0x04c0599ae5a44757c0af6f9ec3b93da8976c150a,weETH,18,2026-01-08,-130989462459441,6
0x302976a386fbb375033be3ac1e4112f76cf42ef7,0x04c0599ae5a44757c0af6f9ec3b93da8976c150a,weETH,18,2026-01-09,22934823695719,3
0x302976a386fbb375033be3ac1e4112f76cf42ef7,0x04c0599ae5a44757c0af6f9ec3b93da8976c150a,weETH,18,2026-01-11,-67846730118265,3
0x302976a386fbb375033be3ac1e4112f76cf42ef7,0x04c0599ae5a44757c0af6f9ec3b93da8976c150a,weETH,18,2026-01-12,13192333343686,1
0x302976a386fbb375033be3ac1e4112f76cf42ef7,0x04c0599ae5a44757c0af6f9ec3b93da8976c150a,weETH,18,2026-01-13,2071896797105,3
0x302976a386fbb375033be3ac1e4112f76cf42ef7,0x04c0599ae5a44757c0af6f9ec3b93da8976c150a,weETH,18,2026-01-14,-14220015469816,9
0x302976a386fbb375033be3ac1e4112f76cf42ef7,0x04c0599ae5a44757c0af6f9ec3b93da8976c150a,weETH,18,2026-01-15,43492972852413,2
0x302976a386fbb375033be3ac1e4112f76cf42ef7,0x04c0599ae5a44757c0af6f9ec3b93da8976c150a,weETH,18,2026-01-16,-96951275056629,4
0x302976a386fbb375033be3ac1e4112f76cf42ef7,0x04c0599ae5a44757c0af6f9ec3b93da8976c150a,weETH,18,2026-01-17,8406256365011,3
0x302976a386fbb375033be3ac1e4112f76cf42ef7,0x04c0599ae5a44757c0af6f9ec3b93da8976c150a,weETH,18,2026-01-18,17353094088984,1
0x302976a386fbb375033be3ac1e4112f76cf42ef7,0x04c0599ae5a44757c0af6f9ec3b93da8976c150a,weETH,18,2026-01-19,-13402193884685,4
0x302976a386fbb375033be3ac1e4112f76cf42ef7,0x04c0599ae5a44757c0af6f9ec3b93da8976c150a,weETH,18,2026-01-20,-18544244022799,10
0x302976a386fbb375033be3ac1e4112f76cf42ef7,0x04c0599ae5a44757c0af6f9ec3b93da8976c150a,weETH,18,2026-01-21,-46256569747572,9
0x302976a386fbb375033be3ac1e4112f76cf42ef7,0x04c0599ae5a44757c0af6f9ec3b93da8976c150a,weETH,18,2026-01-22,-1459867489443,2
0x302976a386fbb375033be3ac1e4112f76cf42ef7,0x04c0599ae5a44757c0af6f9ec3b93da8976c150a,weETH,18,2026-01-24,-31510401655225,1
0x302976a386fbb375033be3ac1e4112f76cf42ef7,0x04c0599ae5a44757c0af6f9ec3b93da8976c150a,weETH,18,2026-01-25,85021338241334,6
0x302976a386fbb375033be3ac1e4112f76cf42ef7,0x04c0599ae5a44757c0af6f9ec3b93da8976c150a,weETH,18,2026-01-26,-64384839244352,6
0x302976a386fbb375033be3ac1e4112f76cf42ef7,0x04c0599ae5a44757c0af6f9ec3b93da8976c150a,weETH,18,2026-01-27,55985738206,6
0x302976a386fbb375033be3ac1e4112f76cf42ef7,0x04c0599ae5a44757c0af6f9ec3b93da8976c150a,weETH,18,2026-01-29,4188183934922,3
0x302976a386fbb375033be3ac1e4112f76cf42ef7,0x04c0599ae5a44757c0af6f9ec3b93da8976c150a,weETH,18,2026-01-30,-83879272095540,3
0x302976a386fbb375033be3ac1e4112f76cf42ef7,0x04c0599ae5a44757c0af6f9ec3b93da8976c150a,weETH,18,2026-01-31,92087303865551,3
0x302976a386fbb375033be3ac1e4112f76cf42ef7,0x04c0599ae5a44757c0af6f9ec3b93da8976c150a,weETH,18,2026-02-01,32320362396257,6
0x302976a386fbb375033be3ac1e4112f76cf42ef7,0x04c0599ae5a44757c0af6f9ec3b93da8976c150a,weETH,18,2026-02-02,-46089168239543,2
0x302976a386fbb375033be3ac1e4112f76cf42ef7,0x04c0599ae5a44757c0af6f9ec3b93da8976c150a,weETH,18,2026-02-03,-14536327709861,9
0x302976a386fbb375033be3ac1e4112f76cf42ef7,0x04c0599ae5a44757c0af6f9ec3b93da8976c150a,weETH,18,2026-02-04,-14010375894472,2
0x302976a386fbb375033be3ac1e4112f76cf42ef7,0x04c0599ae5a44757c0af6f9ec3b93da8976c150a,weETH,18,2026-02-05,40519717810619,3
0x302976a386fbb375033be3ac1e4112f76cf42ef7,0x04c0599ae5a44757c0af6f9ec3b93da8976c150a,weETH,18,2026-02-06,27799469908406,5
0x302976a386fbb375033be3ac1e4112f76cf42ef7,0x04c0599ae5a44757c0af6f9ec3b93da8976c150a,weETH,18,2026-02-07,-88465945632863,1
0x302976a386fbb375033be3ac1e4112f76cf42ef7,0x04c0599ae5a44757c0af6f9ec3b93da8976c150a,weETH,18,2026-02-09,53111847135839,5
0x302976a386fbb375033be3ac1e4112f76cf42ef7,0x04c0599ae5a44757c0af6f9ec3b93da8976c150a,weETH,18,2026-02-10,-119119746877434,2
0x302976a386fbb375033be3ac1e4112f76cf42ef7,0x04c0599ae5a44757c0af6f9ec3b93da8976c150a,weETH,18,2026-02-11,-38079117977687,2
0x302976a386fbb375033be3ac1e4112f76cf42ef7,0x04c0599ae5a44757c0af6f9ec3b93da8976c150a,weETH,18,2026-02-12,-90677226668630,3
0x302976a386fbb375033be3ac1e4112f76cf42ef7,0x04c0599ae5a44757c0af6f9ec3b93da8976c150a,weETH,18,2026-02-13,42798534755829,4
0x302976a386fbb375033be3ac1e4112f76cf42ef7,0x04c0599ae5a44757c0af6f9ec3b93da8976c150a,weETH,18,2026-02-14,-21143403583926,1
0x302976a386fbb375033be3ac1e4112f76cf42ef7,0x04c0599ae5a44757c0af6f9ec3b93da8976c150a,weETH,18,2026-02-15,65247024222425,3
0x302976a386fbb375033be3ac1e4112f76cf42ef7,0x04c0599ae5a44757c0af6f9ec3b93da8976c150a,weETH,18,2026-02-16,2715657967278,2
0x302976a386fbb375033be3ac1e4112f76cf42ef7,0x04c0599ae5a44757c0af6f9ec3b93da8976c150a,weETH,18,2026-02-17,2870457250726,6
0x302976a386fbb375033be3ac1e4112f76cf42ef7,0x04c0599ae5a44757c0af6f9ec3b93da8976c150a,weETH,18,2026-02-18,14730928624483,3
0x302976a386fbb375033be3ac1e4112f76cf42ef7,0x04c0599ae5a44757c0af6f9ec3b93da8976c150a,weETH,18,2026-02-19,16835282429525,1
0x302976a386fbb375033be3ac1e4112f76cf42ef7,0x04c0599ae5a44757c0af6f9ec3b93da8976c150a,weETH,18,2026-02-21,-15634596155784,1
0x302976a386fbb375033be3ac1e4112f76cf42ef7,0x04c0599ae5a44757c0af6f9ec3b93da8976c150a,weETH,18,2026-02-22,-79072973400870,2
0x302976a386fbb375033be3ac1e4112f76cf42ef7,0x04c0599ae5a44757c0af6f9ec3b93da8976c150a,weETH,18,2026-02-23,6699138008176,1
0x302976a386fbb375033be3ac1e4112f76cf42ef7,0x04c0599ae5a44757c0af6f9ec3b93da8976c150a,weETH,18,2026-02-25,-10111970063413,1
0x302976a386fbb375033be3ac1e4112f76cf42ef7,0x04c0599ae5a44757c0af6f9ec3b93da8976c150a,weETH,18,2026-02-26,-452517509137,2
0x302976a386fbb375033be3ac1e4112f76cf42ef7,0x04c0599ae5a44757c0af6f9ec3b93da8976c150a,weETH,18,2026-02-27,-47609547332093,7
0x302976a386fbb375033be3ac1e4112f76cf42ef7,0x04c0599ae5a44757c0af6f9ec3b93da8976c150a,weETH,18,2026-02-28,12506709273423,9
0x302976a386fbb375033be3ac1e4112f76cf42ef7,0x04c0599ae5a44757c0af6f9ec3b93da8976c150a,weETH,18,2026-03-01,-8663726272189,4
0x302976a386fbb375033be3ac1e4112f76cf42ef7,0x04c0599ae5a44757c0af6f9ec3b93da8976c150a,weETH,18,2026-03-02,-61798253492397,5
0x302976a386fbb375033be3ac1e4112f76cf42ef7,0x04c0599ae5a44757c0af6f9ec3b93da8976c150a,weETH,18,2026-03-03,-8067429232574,2
0x302976a386fbb375033be3ac1e4112f76cf42ef7,0x04c0599ae5a44757c0af6f9ec3b93da8976c150a,weETH,18,2026-03-04,-140098103648238,2
0x302976a386fbb375033be3ac1e4112f76cf42ef7,0x04c0599ae5a44757c0af6f9ec3b93da8976c150a,weETH,18,2026-03-06,-25402237983537,3
0x302976a386fbb375033be3ac1e4112f76cf42ef7,0x04c0599ae5a44757c0af6f9ec3b93da8976c150a,weETH,18,2026-03-07,-18356268044309,1
0x302976a386fbb375033be3ac1e4112f76cf42ef7,0x04c0599ae5a44757c0af6f9ec3b93da8976c150a,weETH,18,2026-03-10,-11012909724908,1
0x302976a386fbb375033be3ac1e4112f76cf42ef7,0x04c0599ae5a44757c0af6f9ec3b93da8976c150a,weETH,18,2026-03-11,-40019607514514,2
0x302976a386fbb375033be3ac1e4112f76cf42ef7,0x04c0599ae5a44757c0af6f9ec3b93da8976c150a,weETH,18,2026-03-17,-90503096354928,3
0x302976a386fbb375033be3ac1e4112f76cf42ef7,0x04c0599ae5a44757c0af6f9ec3b93da8976c150a,weETH,18,2026-03-18,-1834162265858,1
0x302976a386fbb375033be3ac1e4112f76cf42ef7,0x04c0599ae5a44757c0af6f9ec3b93da8976c150a,weETH,18,2026-03-21,-70805770486163,1
0x302976a386fbb375033be3ac1e4112f76cf42ef7,0x04c0599ae5a44757c0af6f9ec3b93da8976c150a,weETH,18,2026-03-24,11415452939189,3
0x302976a386fbb375033be3ac1e4112f76cf42ef7,0x04c0599ae5a44757c0af6f9ec3b93da8976c150a,weETH,18,2026-03-25,-29896943941750,1
0x302976a386fbb375033be3ac1e4112f76cf42ef7,0x04c0599ae5a44757c0af6f9ec3b93da8976c150a,weETH,18,2026-03-26,-16118016921211,2
0x302976a386fbb375033be3ac1e4112f76cf42ef7,0x04c0599ae5a44757c0af6f9ec3b93da8976c150a,weETH,18,2026-03-27,-64967957738753,1
0x302976a386fbb375033be3ac1e4112f76cf42ef7,0x04c0599ae5a44757c0af6f9ec3b93da8976c150a,weETH,18,2026-03-30,-14782355635650,1
0x302976a386fbb375033be3ac1e4112f76cf42ef7,0x04c0599ae5a44757c0af6f9ec3b93da8976c150a,weETH,18,2026-04-01,-36689537201403,1
0x302976a386fbb375033be3ac1e4112f76cf42ef7,0x04c0599ae5a44757c0af6f9ec3b93da8976c150a,weETH,18,2026-04-02,12000000000000,1
0x302976a386fbb375033be3ac1e4112f76cf42ef7,0x04c0599ae5a44757c0af6f9ec3b93da8976c150a,weETH,18,2026-04-06,-69070412270725,1
0x302976a386fbb375033be3ac1e4112f76cf42ef7,0x04c0599ae5a44757c0af6f9ec3b93da8976c150a,weETH,18,2026-04-10,-915715092144,1
0x302976a386fbb375033be3ac1e4112f76cf42ef7,0x04c0599ae5a44757c0af6f9ec3b93da8976c150a,weETH,18,2026-04-11,-44678138463503,2
0x302976a386fbb375033be3ac1e4112f76cf42ef7,0x04c0599ae5a44757c0af6f9ec3b93da8976c150a,weETH,18,2026-04-13,83813465366347,5
0x302976a386fbb375033be3ac1e4112f76cf42ef7,0x04c0599ae5a44757c0af6f9ec3b93da8976c150a,weETH,18,2026-04-14,-164935737503098,3
0x302976a386fbb375033be3ac1e4112f76cf42ef7,0x04c0599ae5a44757c0af6f9ec3b93da8976c150a,weETH,18,2026-04-15,32634920304312,5
0x302976a386fbb375033be3ac1e4112f76cf42ef7,0x04c0599ae5a44757c0af6f9ec3b93da8976c150a,weETH,18,2026-04-16,10519751950654,3
0x302976a386fbb375033be3ac1e4112f76cf42ef7,0x04c0599ae5a44757c0af6f9ec3b93da8976c150a,weETH,18,2026-04-19,182979188681654,6
0x302976a386fbb375033be3ac1e4112f76cf42ef7,0x04c0599ae5a44757c0af6f9ec3b93da8976c150a,weETH,18,2026-04-20,1692569573670738,59
0x302976a386fbb375033be3ac1e4112f76cf42ef7,0x04c0599ae5a44757c0af6f9ec3b93da8976c150a,weETH,18,2026-04-21,-1254041253497659,7
0x302976a386fbb375033be3ac1e4112f76cf42ef7,0x04c0599ae5a44757c0af6f9ec3b93da8976c150a,weETH,18,2026-04-22,-97481745978083,5
0x302976a386fbb375033be3ac1e4112f76cf42ef7,0x04c0599ae5a44757c0af6f9ec3b93da8976c150a,weETH,18,2026-04-23,13719815310748,7
0x302976a386fbb375033be3ac1e4112f76cf42ef7,0x04c0599ae5a44757c0af6f9ec3b93da8976c150a,weETH,18,2026-04-24,-93113168673653,1
0x302976a386fbb375033be3ac1e4112f76cf42ef7,0x04c0599ae5a44757c0af6f9ec3b93da8976c150a,weETH,18,2026-04-25,-72400154090138,1
0x302976a386fbb375033be3ac1e4112f76cf42ef7,0x04c0599ae5a44757c0af6f9ec3b93da8976c150a,weETH,18,2026-04-26,12027404148795,6
0x302976a386fbb375033be3ac1e4112f76cf42ef7,0x04c0599ae5a44757c0af6f9ec3b93da8976c150a,weETH,18,2026-04-27,48337415500666,1
0x302976a386fbb375033be3ac1e4112f76cf42ef7,0x04c0599ae5a44757c0af6f9ec3b93da8976c150a,weETH,18,2026-04-28,63889843925363,2
0x302976a386fbb375033be3ac1e4112f76cf42ef7,0x04c0599ae5a44757c0af6f9ec3b93da8976c150a,weETH,18,2026-04-29,-159697853571643,5
0x302976a386fbb375033be3ac1e4112f76cf42ef7,0x04c0599ae5a44757c0af6f9ec3b93da8976c150a,weETH,18,2026-04-30,-1726682042,3
0x302976a386fbb375033be3ac1e4112f76cf42ef7,0x04c0599ae5a44757c0af6f9ec3b93da8976c150a,weETH,18,2026-05-01,-85883188154728,5
0x302976a386fbb375033be3ac1e4112f76cf42ef7,0x04c0599ae5a44757c0af6f9ec3b93da8976c150a,weETH,18,2026-05-04,53783408324902,2
0x302976a386fbb375033be3ac1e4112f76cf42ef7,0x04c0599ae5a44757c0af6f9ec3b93da8976c150a,weETH,18,2026-05-06,-119108677486382,3
0x302976a386fbb375033be3ac1e4112f76cf42ef7,0x04c0599ae5a44757c0af6f9ec3b93da8976c150a,weETH,18,2026-05-08,-150154916035674,6
0x302976a386fbb375033be3ac1e4112f76cf42ef7,0x04c0599ae5a44757c0af6f9ec3b93da8976c150a,weETH,18,2026-05-09,-179299928962167,2
0x302976a386fbb375033be3ac1e4112f76cf42ef7,0x04c0599ae5a44757c0af6f9ec3b93da8976c150a,weETH,18,2026-05-10,-92397495651218,2
0x302976a386fbb375033be3ac1e4112f76cf42ef7,0x04c0599ae5a44757c0af6f9ec3b93da8976c150a,weETH,18,2026-05-14,1060959783645931511,32
0x302976a386fbb375033be3ac1e4112f76cf42ef7,0x04c0599ae5a44757c0af6f9ec3b93da8976c150a,weETH,18,2026-05-15,12571478840427437,25
0x302976a386fbb375033be3ac1e4112f76cf42ef7,0x04c0599ae5a44757c0af6f9ec3b93da8976c150a,weETH,18,2026-05-16,-25120133541290878,20
0x302976a386fbb375033be3ac1e4112f76cf42ef7,0x04c0599ae5a44757c0af6f9ec3b93da8976c150a,weETH,18,2026-05-17,-13849808990353331,43
0x302976a386fbb375033be3ac1e4112f76cf42ef7,0x04c0599ae5a44757c0af6f9ec3b93da8976c150a,weETH,18,2026-05-18,-514716598283451,23
0x302976a386fbb375033be3ac1e4112f76cf42ef7,0x04c0599ae5a44757c0af6f9ec3b93da8976c150a,weETH,18,2026-05-19,-2768990067791320,9
0x302976a386fbb375033be3ac1e4112f76cf42ef7,0x04c0599ae5a44757c0af6f9ec3b93da8976c150a,weETH,18,2026-05-20,719404500089799663,40
0x302976a386fbb375033be3ac1e4112f76cf42ef7,0x04c0599ae5a44757c0af6f9ec3b93da8976c150a,weETH,18,2026-05-21,-3424074818630015,13
0x302976a386fbb375033be3ac1e4112f76cf42ef7,0x04c0599ae5a44757c0af6f9ec3b93da8976c150a,weETH,18,2026-05-22,-50974701890422496,22
0x302976a386fbb375033be3ac1e4112f76cf42ef7,0x04c0599ae5a44757c0af6f9ec3b93da8976c150a,weETH,18,2026-05-23,1625318783588529,5
0x302976a386fbb375033be3ac1e4112f76cf42ef7,0x04c0599ae5a44757c0af6f9ec3b93da8976c150a,weETH,18,2026-05-24,-14754237353118874,4
0x302976a386fbb375033be3ac1e4112f76cf42ef7,0x04c0599ae5a44757c0af6f9ec3b93da8976c150a,weETH,18,2026-05-25,-62263353714167269,8
0x302976a386fbb375033be3ac1e4112f76cf42ef7,0x04c0599ae5a44757c0af6f9ec3b93da8976c150a,weETH,18,2026-05-26,53705244348606235,33
0x302976a386fbb375033be3ac1e4112f76cf42ef7,0x04c0599ae5a44757c0af6f9ec3b93da8976c150a,weETH,18,2026-05-27,18724351914198814,9
0x302976a386fbb375033be3ac1e4112f76cf42ef7,0x04c0599ae5a44757c0af6f9ec3b93da8976c150a,weETH,18,2026-05-28,-6262768130424449,12
0x302976a386fbb375033be3ac1e4112f76cf42ef7,0x04c0599ae5a44757c0af6f9ec3b93da8976c150a,weETH,18,2026-05-29,32369004051923377,7
0x302976a386fbb375033be3ac1e4112f76cf42ef7,0x04c0599ae5a44757c0af6f9ec3b93da8976c150a,weETH,18,2026-05-30,172470314265661366,15
0x302976a386fbb375033be3ac1e4112f76cf42ef7,0x04c0599ae5a44757c0af6f9ec3b93da8976c150a,weETH,18,2026-05-31,-210266384260712257,32
0x302976a386fbb375033be3ac1e4112f76cf42ef7,0x04c0599ae5a44757c0af6f9ec3b93da8976c150a,weETH,18,2026-06-01,-106468234273301337,45
0x302976a386fbb375033be3ac1e4112f76cf42ef7,0x04c0599ae5a44757c0af6f9ec3b93da8976c150a,weETH,18,2026-06-02,57477585198854245,25
0x302976a386fbb375033be3ac1e4112f76cf42ef7,0x04c0599ae5a44757c0af6f9ec3b93da8976c150a,weETH,18,2026-06-03,-72270305690169877,60
0x302976a386fbb375033be3ac1e4112f76cf42ef7,0x04c0599ae5a44757c0af6f9ec3b93da8976c150a,weETH,18,2026-06-04,54266221120529186,21
0x302976a386fbb375033be3ac1e4112f76cf42ef7,0x04c0599ae5a44757c0af6f9ec3b93da8976c150a,weETH,18,2026-06-05,121326880119551120,32
0x302976a386fbb375033be3ac1e4112f76cf42ef7,0x04c0599ae5a44757c0af6f9ec3b93da8976c150a,weETH,18,2026-06-06,-159368895095063970,33
0x302976a386fbb375033be3ac1e4112f76cf42ef7,0x04c0599ae5a44757c0af6f9ec3b93da8976c150a,weETH,18,2026-06-07,49019283028067469,37
0x302976a386fbb375033be3ac1e4112f76cf42ef7,0x04c0599ae5a44757c0af6f9ec3b93da8976c150a,weETH,18,2026-06-08,-43013187212680224,55
0x302976a386fbb375033be3ac1e4112f76cf42ef7,0x04c0599ae5a44757c0af6f9ec3b93da8976c150a,weETH,18,2026-06-09,1443617019141445541,51
0x302976a386fbb375033be3ac1e4112f76cf42ef7,0x04c0599ae5a44757c0af6f9ec3b93da8976c150a,weETH,18,2026-06-10,-83364799537572641,12
0x302976a386fbb375033be3ac1e4112f76cf42ef7,0x04c0599ae5a44757c0af6f9ec3b93da8976c150a,weETH,18,2026-06-11,-412427146960141557,66
0x302976a386fbb375033be3ac1e4112f76cf42ef7,0x04c0599ae5a44757c0af6f9ec3b93da8976c150a,weETH,18,2026-06-12,370834058871841348,9
0x302976a386fbb375033be3ac1e4112f76cf42ef7,0x04c0599ae5a44757c0af6f9ec3b93da8976c150a,weETH,18,2026-06-13,-183260635059609594,27
0x302976a386fbb375033be3ac1e4112f76cf42ef7,0x04c0599ae5a44757c0af6f9ec3b93da8976c150a,weETH,18,2026-06-14,-517401154216864379,24
0x302976a386fbb375033be3ac1e4112f76cf42ef7,0x04c0599ae5a44757c0af6f9ec3b93da8976c150a,weETH,18,2026-06-15,36319991208385540,44
0x302976a386fbb375033be3ac1e4112f76cf42ef7,0x04c0599ae5a44757c0af6f9ec3b93da8976c150a,weETH,18,2026-06-16,25582949605016237,20
0x302976a386fbb375033be3ac1e4112f76cf42ef7,0x04c0599ae5a44757c0af6f9ec3b93da8976c150a,weETH,18,2026-06-17,-134166081588301137,32
0x302976a386fbb375033be3ac1e4112f76cf42ef7,0x04c0599ae5a44757c0af6f9ec3b93da8976c150a,weETH,18,2026-06-18,170901473681478901,21
0x302976a386fbb375033be3ac1e4112f76cf42ef7,0x04c0599ae5a44757c0af6f9ec3b93da8976c150a,weETH,18,2026-06-19,-618967147471052915,27
0x302976a386fbb375033be3ac1e4112f76cf42ef7,0x04c0599ae5a44757c0af6f9ec3b93da8976c150a,weETH,18,2026-06-20,416101515426600,29
0x302976a386fbb375033be3ac1e4112f76cf42ef7,0x04c0599ae5a44757c0af6f9ec3b93da8976c150a,weETH,18,2026-06-21,2041489380247775474,67
0x302976a386fbb375033be3ac1e4112f76cf42ef7,0x04c0599ae5a44757c0af6f9ec3b93da8976c150a,weETH,18,2026-06-22,-98551200756689463,38
0x302976a386fbb375033be3ac1e4112f76cf42ef7,0x04c0599ae5a44757c0af6f9ec3b93da8976c150a,weETH,18,2026-06-23,659096400010092805,37
0x302976a386fbb375033be3ac1e4112f76cf42ef7,0x04c0599ae5a44757c0af6f9ec3b93da8976c150a,weETH,18,2026-06-24,43632287623070102,67
0x302976a386fbb375033be3ac1e4112f76cf42ef7,0x04c0599ae5a44757c0af6f9ec3b93da8976c150a,weETH,18,2026-06-25,-456999533157598557,75
0x302976a386fbb375033be3ac1e4112f76cf42ef7,0x04c0599ae5a44757c0af6f9ec3b93da8976c150a,weETH,18,2026-06-26,-73134470470434572,17
0x302976a386fbb375033be3ac1e4112f76cf42ef7,0x04c0599ae5a44757c0af6f9ec3b93da8976c150a,weETH,18,2026-06-27,4473917810576613715,10
0x302976a386fbb375033be3ac1e4112f76cf42ef7,0x04c0599ae5a44757c0af6f9ec3b93da8976c150a,weETH,18,2026-06-28,-3055759903685857974,20
0x302976a386fbb375033be3ac1e4112f76cf42ef7,0x04c0599ae5a44757c0af6f9ec3b93da8976c150a,weETH,18,2026-06-29,-597273203835668166,27
0x302976a386fbb375033be3ac1e4112f76cf42ef7,0x04c0599ae5a44757c0af6f9ec3b93da8976c150a,weETH,18,2026-06-30,-1598779619367662967,11
0x302976a386fbb375033be3ac1e4112f76cf42ef7,0x04c0599ae5a44757c0af6f9ec3b93da8976c150a,weETH,18,2026-07-01,14497056817088669,1
0x302976a386fbb375033be3ac1e4112f76cf42ef7,0x04c0599ae5a44757c0af6f9ec3b93da8976c150a,weETH,18,2026-07-02,-494501136087754688,7
0x302976a386fbb375033be3ac1e4112f76cf42ef7,0x04c0599ae5a44757c0af6f9ec3b93da8976c150a,weETH,18,2026-07-03,-278910218873598236,40
0x302976a386fbb375033be3ac1e4112f76cf42ef7,0x04c0599ae5a44757c0af6f9ec3b93da8976c150a,weETH,18,2026-07-04,529778465236363881,26
0x302976a386fbb375033be3ac1e4112f76cf42ef7,0x04c0599ae5a44757c0af6f9ec3b93da8976c150a,weETH,18,2026-07-05,-51610738172367933,26
0x302976a386fbb375033be3ac1e4112f76cf42ef7,0x04c0599ae5a44757c0af6f9ec3b93da8976c150a,weETH,18,2026-07-06,-135865186045126395,45
0x302976a386fbb375033be3ac1e4112f76cf42ef7,0x04c0599ae5a44757c0af6f9ec3b93da8976c150a,weETH,18,2026-07-07,-299014465125395106,32
0x302976a386fbb375033be3ac1e4112f76cf42ef7,0x04c0599ae5a44757c0af6f9ec3b93da8976c150a,weETH,18,2026-07-08,-2200732154394295339,44
0x302976a386fbb375033be3ac1e4112f76cf42ef7,0x04c0599ae5a44757c0af6f9ec3b93da8976c150a,weETH,18,2026-07-09,-121076668133196170,3
0x302976a386fbb375033be3ac1e4112f76cf42ef7,0x04c0599ae5a44757c0af6f9ec3b93da8976c150a,weETH,18,2026-07-13,-35588702910786,1
0x302976a386fbb375033be3ac1e4112f76cf42ef7,0x04c0599ae5a44757c0af6f9ec3b93da8976c150a,weETH,18,2026-07-16,-127460225603364,1
0x302976a386fbb375033be3ac1e4112f76cf42ef7,0x04c0599ae5a44757c0af6f9ec3b93da8976c150a,weETH,18,2026-07-17,-8447224553932,5
0x302976a386fbb375033be3ac1e4112f76cf42ef7,0x04c0599ae5a44757c0af6f9ec3b93da8976c150a,weETH,18,2026-07-18,80296068106934,2
0x302976a386fbb375033be3ac1e4112f76cf42ef7,0x04c0599ae5a44757c0af6f9ec3b93da8976c150a,weETH,18,2026-07-23,-89616878152735,1
0x302976a386fbb375033be3ac1e4112f76cf42ef7,0x04c0599ae5a44757c0af6f9ec3b93da8976c150a,weETH,18,2026-07-24,-34751695219318,4
0x302976a386fbb375033be3ac1e4112f76cf42ef7,0x4200000000000000000000000000000000000006,WETH,18,2025-11-27,-296698906088014,16
0x302976a386fbb375033be3ac1e4112f76cf42ef7,0x4200000000000000000000000000000000000006,WETH,18,2025-11-28,71882475029265,21
0x302976a386fbb375033be3ac1e4112f76cf42ef7,0x4200000000000000000000000000000000000006,WETH,18,2025-11-29,18000000000000,1
0x302976a386fbb375033be3ac1e4112f76cf42ef7,0x4200000000000000000000000000000000000006,WETH,18,2025-11-30,5989976671572,1
0x302976a386fbb375033be3ac1e4112f76cf42ef7,0x4200000000000000000000000000000000000006,WETH,18,2025-12-01,129417457535993,4
0x302976a386fbb375033be3ac1e4112f76cf42ef7,0x4200000000000000000000000000000000000006,WETH,18,2025-12-02,-260465205570565,11
0x302976a386fbb375033be3ac1e4112f76cf42ef7,0x4200000000000000000000000000000000000006,WETH,18,2025-12-03,66320204374079,29
0x302976a386fbb375033be3ac1e4112f76cf42ef7,0x4200000000000000000000000000000000000006,WETH,18,2025-12-04,29997454584797,14
0x302976a386fbb375033be3ac1e4112f76cf42ef7,0x4200000000000000000000000000000000000006,WETH,18,2025-12-05,71000000000000,3
0x302976a386fbb375033be3ac1e4112f76cf42ef7,0x4200000000000000000000000000000000000006,WETH,18,2025-12-06,-1000896806330,2
0x302976a386fbb375033be3ac1e4112f76cf42ef7,0x4200000000000000000000000000000000000006,WETH,18,2025-12-08,14971871686489,24
0x302976a386fbb375033be3ac1e4112f76cf42ef7,0x4200000000000000000000000000000000000006,WETH,18,2025-12-09,56537274111667,9
0x302976a386fbb375033be3ac1e4112f76cf42ef7,0x4200000000000000000000000000000000000006,WETH,18,2025-12-10,48835433189520,5
0x302976a386fbb375033be3ac1e4112f76cf42ef7,0x4200000000000000000000000000000000000006,WETH,18,2025-12-11,13619168976839,16
0x302976a386fbb375033be3ac1e4112f76cf42ef7,0x4200000000000000000000000000000000000006,WETH,18,2025-12-12,-2893226893892,16
0x302976a386fbb375033be3ac1e4112f76cf42ef7,0x4200000000000000000000000000000000000006,WETH,18,2025-12-13,29455365955779,18
0x302976a386fbb375033be3ac1e4112f76cf42ef7,0x4200000000000000000000000000000000000006,WETH,18,2025-12-14,-80156221439479,6
0x302976a386fbb375033be3ac1e4112f76cf42ef7,0x4200000000000000000000000000000000000006,WETH,18,2025-12-15,-9043729873608788,12
0x302976a386fbb375033be3ac1e4112f76cf42ef7,0x4200000000000000000000000000000000000006,WETH,18,2025-12-16,-10542801002460,4
0x302976a386fbb375033be3ac1e4112f76cf42ef7,0x4200000000000000000000000000000000000006,WETH,18,2025-12-17,-41360649081502319,2
0x302976a386fbb375033be3ac1e4112f76cf42ef7,0x4200000000000000000000000000000000000006,WETH,18,2025-12-18,16456747432945,3
0x302976a386fbb375033be3ac1e4112f76cf42ef7,0x4200000000000000000000000000000000000006,WETH,18,2025-12-19,44747000000000,2
0x302976a386fbb375033be3ac1e4112f76cf42ef7,0x4200000000000000000000000000000000000006,WETH,18,2025-12-20,1585359211862,4
0x302976a386fbb375033be3ac1e4112f76cf42ef7,0x4200000000000000000000000000000000000006,WETH,18,2025-12-21,-19027813817363,9
0x302976a386fbb375033be3ac1e4112f76cf42ef7,0x4200000000000000000000000000000000000006,WETH,18,2025-12-22,25392797928893,6
0x302976a386fbb375033be3ac1e4112f76cf42ef7,0x4200000000000000000000000000000000000006,WETH,18,2025-12-23,9933100000000,1
0x302976a386fbb375033be3ac1e4112f76cf42ef7,0x4200000000000000000000000000000000000006,WETH,18,2025-12-24,38170918331427,3
0x302976a386fbb375033be3ac1e4112f76cf42ef7,0x4200000000000000000000000000000000000006,WETH,18,2025-12-25,15326113372264,7
0x302976a386fbb375033be3ac1e4112f76cf42ef7,0x4200000000000000000000000000000000000006,WETH,18,2025-12-27,22000000000000,1
0x302976a386fbb375033be3ac1e4112f76cf42ef7,0x4200000000000000000000000000000000000006,WETH,18,2025-12-29,10000000000000,1
0x302976a386fbb375033be3ac1e4112f76cf42ef7,0x4200000000000000000000000000000000000006,WETH,18,2025-12-30,-64107693022803,3
0x302976a386fbb375033be3ac1e4112f76cf42ef7,0x4200000000000000000000000000000000000006,WETH,18,2025-12-31,58220866310983,9
0x302976a386fbb375033be3ac1e4112f76cf42ef7,0x4200000000000000000000000000000000000006,WETH,18,2026-01-01,41986961516062,2
0x302976a386fbb375033be3ac1e4112f76cf42ef7,0x4200000000000000000000000000000000000006,WETH,18,2026-01-02,40396408629399,4
0x302976a386fbb375033be3ac1e4112f76cf42ef7,0x4200000000000000000000000000000000000006,WETH,18,2026-01-03,18710540198138,9
0x302976a386fbb375033be3ac1e4112f76cf42ef7,0x4200000000000000000000000000000000000006,WETH,18,2026-01-04,-29500236777115,4
0x302976a386fbb375033be3ac1e4112f76cf42ef7,0x4200000000000000000000000000000000000006,WETH,18,2026-01-05,-1592117702399089,7
0x302976a386fbb375033be3ac1e4112f76cf42ef7,0x4200000000000000000000000000000000000006,WETH,18,2026-01-06,10963616171391,7
0x302976a386fbb375033be3ac1e4112f76cf42ef7,0x4200000000000000000000000000000000000006,WETH,18,2026-01-07,-54520915665388,3
0x302976a386fbb375033be3ac1e4112f76cf42ef7,0x4200000000000000000000000000000000000006,WETH,18,2026-01-08,144533430281155,6
0x302976a386fbb375033be3ac1e4112f76cf42ef7,0x4200000000000000000000000000000000000006,WETH,18,2026-01-09,-24889130615120,3
0x302976a386fbb375033be3ac1e4112f76cf42ef7,0x4200000000000000000000000000000000000006,WETH,18,2026-01-11,73659150740938,3
0x302976a386fbb375033be3ac1e4112f76cf42ef7,0x4200000000000000000000000000000000000006,WETH,18,2026-01-12,-14321710287133,1
0x302976a386fbb375033be3ac1e4112f76cf42ef7,0x4200000000000000000000000000000000000006,WETH,18,2026-01-13,-2249148992388,3
0x302976a386fbb375033be3ac1e4112f76cf42ef7,0x4200000000000000000000000000000000000006,WETH,18,2026-01-14,18535796834384,9
0x302976a386fbb375033be3ac1e4112f76cf42ef7,0x4200000000000000000000000000000000000006,WETH,18,2026-01-15,-46171544127588,2
0x302976a386fbb375033be3ac1e4112f76cf42ef7,0x4200000000000000000000000000000000000006,WETH,18,2026-01-16,105279679284414,4
0x302976a386fbb375033be3ac1e4112f76cf42ef7,0x4200000000000000000000000000000000000006,WETH,18,2026-01-17,-9125424299317,3
0x302976a386fbb375033be3ac1e4112f76cf42ef7,0x4200000000000000000000000000000000000006,WETH,18,2026-01-18,-18843008168612,1
0x302976a386fbb375033be3ac1e4112f76cf42ef7,0x4200000000000000000000000000000000000006,WETH,18,2026-01-19,14563137386689,4
0x302976a386fbb375033be3ac1e4112f76cf42ef7,0x4200000000000000000000000000000000000006,WETH,18,2026-01-20,28800384124028,10
0x302976a386fbb375033be3ac1e4112f76cf42ef7,0x4200000000000000000000000000000000000006,WETH,18,2026-01-21,50252952993100,9
0x302976a386fbb375033be3ac1e4112f76cf42ef7,0x4200000000000000000000000000000000000006,WETH,18,2026-01-22,1590228272438,2
0x302976a386fbb375033be3ac1e4112f76cf42ef7,0x4200000000000000000000000000000000000006,WETH,18,2026-01-24,34239013164083,1
0x302976a386fbb375033be3ac1e4112f76cf42ef7,0x4200000000000000000000000000000000000006,WETH,18,2026-01-25,-89269699448296,6
0x302976a386fbb375033be3ac1e4112f76cf42ef7,0x4200000000000000000000000000000000000006,WETH,18,2026-01-26,69950165490233,6
0x302976a386fbb375033be3ac1e4112f76cf42ef7,0x4200000000000000000000000000000000000006,WETH,18,2026-01-27,-23306947239,6
0x302976a386fbb375033be3ac1e4112f76cf42ef7,0x4200000000000000000000000000000000000006,WETH,18,2026-01-29,-1820995323980,3
0x302976a386fbb375033be3ac1e4112f76cf42ef7,0x4200000000000000000000000000000000000006,WETH,18,2026-01-30,91171734836684,3
0x302976a386fbb375033be3ac1e4112f76cf42ef7,0x4200000000000000000000000000000000000006,WETH,18,2026-01-31,-100052191093577,3
0x302976a386fbb375033be3ac1e4112f76cf42ef7,0x4200000000000000000000000000000000000006,WETH,18,2026-02-01,-34044473851938,6
0x302976a386fbb375033be3ac1e4112f76cf42ef7,0x4200000000000000000000000000000000000006,WETH,18,2026-02-02,50074058955638,2
0x302976a386fbb375033be3ac1e4112f76cf42ef7,0x4200000000000000000000000000000000000006,WETH,18,2026-02-03,17081345822674,9
0x302976a386fbb375033be3ac1e4112f76cf42ef7,0x4200000000000000000000000000000000000006,WETH,18,2026-02-04,15336737366699,2
0x302976a386fbb375033be3ac1e4112f76cf42ef7,0x4200000000000000000000000000000000000006,WETH,18,2026-02-05,-44001100586771,3
0x302976a386fbb375033be3ac1e4112f76cf42ef7,0x4200000000000000000000000000000000000006,WETH,18,2026-02-06,-29806429803885,5
0x302976a386fbb375033be3ac1e4112f76cf42ef7,0x4200000000000000000000000000000000000006,WETH,18,2026-02-07,96129071813037,1
0x302976a386fbb375033be3ac1e4112f76cf42ef7,0x4200000000000000000000000000000000000006,WETH,18,2026-02-09,-55668003391224,5
0x302976a386fbb375033be3ac1e4112f76cf42ef7,0x4200000000000000000000000000000000000006,WETH,18,2026-02-10,129473304931656,2
0x302976a386fbb375033be3ac1e4112f76cf42ef7,0x4200000000000000000000000000000000000006,WETH,18,2026-02-11,41405952777572,2
0x302976a386fbb375033be3ac1e4112f76cf42ef7,0x4200000000000000000000000000000000000006,WETH,18,2026-02-12,98632748842947,3
0x302976a386fbb375033be3ac1e4112f76cf42ef7,0x4200000000000000000000000000000000000006,WETH,18,2026-02-13,-46471833113838,4
0x302976a386fbb375033be3ac1e4112f76cf42ef7,0x4200000000000000000000000000000000000006,WETH,18,2026-02-14,23000000000000,1
0x302976a386fbb375033be3ac1e4112f76cf42ef7,0x4200000000000000000000000000000000000006,WETH,18,2026-02-15,-70946935696663,3
0x302976a386fbb375033be3ac1e4112f76cf42ef7,0x4200000000000000000000000000000000000006,WETH,18,2026-02-16,-2950458615033,2
0x302976a386fbb375033be3ac1e4112f76cf42ef7,0x4200000000000000000000000000000000000006,WETH,18,2026-02-17,-2072086567217,4
0x302976a386fbb375033be3ac1e4112f76cf42ef7,0x4200000000000000000000000000000000000006,WETH,18,2026-02-18,-16008789682665,3
0x302976a386fbb375033be3ac1e4112f76cf42ef7,0x4200000000000000000000000000000000000006,WETH,18,2026-02-19,-18301941617520,1
0x302976a386fbb375033be3ac1e4112f76cf42ef7,0x4200000000000000000000000000000000000006,WETH,18,2026-02-21,17000000000000,1
0x302976a386fbb375033be3ac1e4112f76cf42ef7,0x4200000000000000000000000000000000000006,WETH,18,2026-02-22,86000000000000,2
0x302976a386fbb375033be3ac1e4112f76cf42ef7,0x4200000000000000000000000000000000000006,WETH,18,2026-02-23,-7285931330862,1
0x302976a386fbb375033be3ac1e4112f76cf42ef7,0x4200000000000000000000000000000000000006,WETH,18,2026-02-25,11000000000000,1
0x302976a386fbb375033be3ac1e4112f76cf42ef7,0x4200000000000000000000000000000000000006,WETH,18,2026-02-26,590680620215,2
0x302976a386fbb375033be3ac1e4112f76cf42ef7,0x4200000000000000000000000000000000000006,WETH,18,2026-02-27,53804531307932,7
0x302976a386fbb375033be3ac1e4112f76cf42ef7,0x4200000000000000000000000000000000000006,WETH,18,2026-02-28,-9153330454699,9
0x302976a386fbb375033be3ac1e4112f76cf42ef7,0x4200000000000000000000000000000000000006,WETH,18,2026-03-01,15918601160774,4
0x302976a386fbb375033be3ac1e4112f76cf42ef7,0x4200000000000000000000000000000000000006,WETH,18,2026-03-02,69612991156346,5
0x302976a386fbb375033be3ac1e4112f76cf42ef7,0x4200000000000000000000000000000000000006,WETH,18,2026-03-03,9722969505360,2
0x302976a386fbb375033be3ac1e4112f76cf42ef7,0x4200000000000000000000000000000000000006,WETH,18,2026-03-04,152559261029806,2
0x302976a386fbb375033be3ac1e4112f76cf42ef7,0x4200000000000000000000000000000000000006,WETH,18,2026-03-06,27867937358088,3
0x302976a386fbb375033be3ac1e4112f76cf42ef7,0x4200000000000000000000000000000000000006,WETH,18,2026-03-07,20000000000000,1
0x302976a386fbb375033be3ac1e4112f76cf42ef7,0x4200000000000000000000000000000000000006,WETH,18,2026-03-10,12000000000000,1
0x302976a386fbb375033be3ac1e4112f76cf42ef7,0x4200000000000000000000000000000000000006,WETH,18,2026-03-11,43612432900008,2
0x302976a386fbb375033be3ac1e4112f76cf42ef7,0x4200000000000000000000000000000000000006,WETH,18,2026-03-17,98678317619084,3
0x302976a386fbb375033be3ac1e4112f76cf42ef7,0x4200000000000000000000000000000000000006,WETH,18,2026-03-18,2000000000000,1
0x302976a386fbb375033be3ac1e4112f76cf42ef7,0x4200000000000000000000000000000000000006,WETH,18,2026-03-21,77222515384996,1
0x302976a386fbb375033be3ac1e4112f76cf42ef7,0x4200000000000000000000000000000000000006,WETH,18,2026-03-24,-6492723322359,3
0x302976a386fbb375033be3ac1e4112f76cf42ef7,0x4200000000000000000000000000000000000006,WETH,18,2026-03-25,32613500032626,1
0x302976a386fbb375033be3ac1e4112f76cf42ef7,0x4200000000000000000000000000000000000006,WETH,18,2026-03-26,17584694820846,2
0x302976a386fbb375033be3ac1e4112f76cf42ef7,0x4200000000000000000000000000000000000006,WETH,18,2026-03-27,70894929223056,1
0x302976a386fbb375033be3ac1e4112f76cf42ef7,0x4200000000000000000000000000000000000006,WETH,18,2026-03-30,16134325375925,1
0x302976a386fbb375033be3ac1e4112f76cf42ef7,0x4200000000000000000000000000000000000006,WETH,18,2026-04-01,40050530392509,1
0x302976a386fbb375033be3ac1e4112f76cf42ef7,0x4200000000000000000000000000000000000006,WETH,18,2026-04-02,-13097507699567,1
0x302976a386fbb375033be3ac1e4112f76cf42ef7,0x4200000000000000000000000000000000000006,WETH,18,2026-04-06,75413937342586,1
0x302976a386fbb375033be3ac1e4112f76cf42ef7,0x4200000000000000000000000000000000000006,WETH,18,2026-04-10,1000000000000,1
0x302976a386fbb375033be3ac1e4112f76cf42ef7,0x4200000000000000000000000000000000000006,WETH,18,2026-04-11,48798172251200,2
0x302976a386fbb375033be3ac1e4112f76cf42ef7,0x4200000000000000000000000000000000000006,WETH,18,2026-04-13,-91376377015206,5
0x302976a386fbb375033be3ac1e4112f76cf42ef7,0x4200000000000000000000000000000000000006,WETH,18,2026-04-14,180164895105835,3
0x302976a386fbb375033be3ac1e4112f76cf42ef7,0x4200000000000000000000000000000000000006,WETH,18,2026-04-15,-35560924190534,5
0x302976a386fbb375033be3ac1e4112f76cf42ef7,0x4200000000000000000000000000000000000006,WETH,18,2026-04-16,-11491077303926,3
0x302976a386fbb375033be3ac1e4112f76cf42ef7,0x4200000000000000000000000000000000000006,WETH,18,2026-04-19,-199772449798959,6
0x302976a386fbb375033be3ac1e4112f76cf42ef7,0x4200000000000000000000000000000000000006,WETH,18,2026-04-20,-1818926602290975,59
0x302976a386fbb375033be3ac1e4112f76cf42ef7,0x4200000000000000000000000000000000000006,WETH,18,2026-04-21,1361168288459544,7
0x302976a386fbb375033be3ac1e4112f76cf42ef7,0x4200000000000000000000000000000000000006,WETH,18,2026-04-22,106209262042370,5
0x302976a386fbb375033be3ac1e4112f76cf42ef7,0x4200000000000000000000000000000000000006,WETH,18,2026-04-23,-14852251021549,7
0x302976a386fbb375033be3ac1e4112f76cf42ef7,0x4200000000000000000000000000000000000006,WETH,18,2026-04-24,101470404219911,1
0x302976a386fbb375033be3ac1e4112f76cf42ef7,0x4200000000000000000000000000000000000006,WETH,18,2026-04-25,78932698454863,1
0x302976a386fbb375033be3ac1e4112f76cf42ef7,0x4200000000000000000000000000000000000006,WETH,18,2026-04-26,74377292312594,6
0x302976a386fbb375033be3ac1e4112f76cf42ef7,0x4200000000000000000000000000000000000006,WETH,18,2026-04-27,-52699603914901,1
0x302976a386fbb375033be3ac1e4112f76cf42ef7,0x4200000000000000000000000000000000000006,WETH,18,2026-04-28,-69634983196172,2
0x302976a386fbb375033be3ac1e4112f76cf42ef7,0x4200000000000000000000000000000000000006,WETH,18,2026-04-29,174744411236402,5
0x302976a386fbb375033be3ac1e4112f76cf42ef7,0x4200000000000000000000000000000000000006,WETH,18,2026-04-30,1883595444,3
0x302976a386fbb375033be3ac1e4112f76cf42ef7,0x4200000000000000000000000000000000000006,WETH,18,2026-05-01,93846983680278,5
0x302976a386fbb375033be3ac1e4112f76cf42ef7,0x4200000000000000000000000000000000000006,WETH,18,2026-05-04,-58677525031973,2
0x302976a386fbb375033be3ac1e4112f76cf42ef7,0x4200000000000000000000000000000000000006,WETH,18,2026-05-06,129995541562933,3
0x302976a386fbb375033be3ac1e4112f76cf42ef7,0x4200000000000000000000000000000000000006,WETH,18,2026-05-08,164017319016437,6
0x302976a386fbb375033be3ac1e4112f76cf42ef7,0x4200000000000000000000000000000000000006,WETH,18,2026-05-09,195997369741535,2
0x302976a386fbb375033be3ac1e4112f76cf42ef7,0x4200000000000000000000000000000000000006,WETH,18,2026-05-10,101074442359468,2
0x302976a386fbb375033be3ac1e4112f76cf42ef7,0x4200000000000000000000000000000000000006,WETH,18,2026-05-14,512843834235283451,33
0x302976a386fbb375033be3ac1e4112f76cf42ef7,0x4200000000000000000000000000000000000006,WETH,18,2026-05-15,13383870072368847,25
0x302976a386fbb375033be3ac1e4112f76cf42ef7,0x4200000000000000000000000000000000000006,WETH,18,2026-05-16,22307086544952269,21
0x302976a386fbb375033be3ac1e4112f76cf42ef7,0x4200000000000000000000000000000000000006,WETH,18,2026-05-17,-7251998189241594,44
0x302976a386fbb375033be3ac1e4112f76cf42ef7,0x4200000000000000000000000000000000000006,WETH,18,2026-05-18,18525188669955867,23
0x302976a386fbb375033be3ac1e4112f76cf42ef7,0x4200000000000000000000000000000000000006,WETH,18,2026-05-19,3033413757822458,9
0x302976a386fbb375033be3ac1e4112f76cf42ef7,0x4200000000000000000000000000000000000006,WETH,18,2026-05-20,336008649471040549,40
0x302976a386fbb375033be3ac1e4112f76cf42ef7,0x4200000000000000000000000000000000000006,WETH,18,2026-05-21,3753461372982356,13
0x302976a386fbb375033be3ac1e4112f76cf42ef7,0x4200000000000000000000000000000000000006,WETH,18,2026-05-22,35889395292616646,22
0x302976a386fbb375033be3ac1e4112f76cf42ef7,0x4200000000000000000000000000000000000006,WETH,18,2026-05-23,-1774124901086713,5
0x302976a386fbb375033be3ac1e4112f76cf42ef7,0x4200000000000000000000000000000000000006,WETH,18,2026-05-24,16161923724321228,4
0x302976a386fbb375033be3ac1e4112f76cf42ef7,0x4200000000000000000000000000000000000006,WETH,18,2026-05-25,14599161408761517,8
0x302976a386fbb375033be3ac1e4112f76cf42ef7,0x4200000000000000000000000000000000000006,WETH,18,2026-05-26,23442913027670782,33
0x302976a386fbb375033be3ac1e4112f76cf42ef7,0x4200000000000000000000000000000000000006,WETH,18,2026-05-27,-20509611142670228,9
0x302976a386fbb375033be3ac1e4112f76cf42ef7,0x4200000000000000000000000000000000000006,WETH,18,2026-05-28,6868988761202636,12
0x302976a386fbb375033be3ac1e4112f76cf42ef7,0x4200000000000000000000000000000000000006,WETH,18,2026-05-29,36108433912249609,7
0x302976a386fbb375033be3ac1e4112f76cf42ef7,0x4200000000000000000000000000000000000006,WETH,18,2026-05-30,439245939894791862,15
0x302976a386fbb375033be3ac1e4112f76cf42ef7,0x4200000000000000000000000000000000000006,WETH,18,2026-05-31,190298580558835376,32
0x302976a386fbb375033be3ac1e4112f76cf42ef7,0x4200000000000000000000000000000000000006,WETH,18,2026-06-01,-493833369871019784,45
0x302976a386fbb375033be3ac1e4112f76cf42ef7,0x4200000000000000000000000000000000000006,WETH,18,2026-06-02,-62964157881449163,25
0x302976a386fbb375033be3ac1e4112f76cf42ef7,0x4200000000000000000000000000000000000006,WETH,18,2026-06-03,28884407118486707,61
0x302976a386fbb375033be3ac1e4112f76cf42ef7,0x4200000000000000000000000000000000000006,WETH,18,2026-06-04,-19927124864549685,21
0x302976a386fbb375033be3ac1e4112f76cf42ef7,0x4200000000000000000000000000000000000006,WETH,18,2026-06-05,-111099851740676636,32
0x302976a386fbb375033be3ac1e4112f76cf42ef7,0x4200000000000000000000000000000000000006,WETH,18,2026-06-06,227780777740863526,33
0x302976a386fbb375033be3ac1e4112f76cf42ef7,0x4200000000000000000000000000000000000006,WETH,18,2026-06-07,65415420866617577,37
0x302976a386fbb375033be3ac1e4112f76cf42ef7,0x4200000000000000000000000000000000000006,WETH,18,2026-06-08,47288300684289605,55
0x302976a386fbb375033be3ac1e4112f76cf42ef7,0x4200000000000000000000000000000000000006,WETH,18,2026-06-09,-73569711354813243,51
0x302976a386fbb375033be3ac1e4112f76cf42ef7,0x4200000000000000000000000000000000000006,WETH,18,2026-06-10,91374873411178037,12
0x302976a386fbb375033be3ac1e4112f76cf42ef7,0x4200000000000000000000000000000000000006,WETH,18,2026-06-11,1039207767181908698,68
0x302976a386fbb375033be3ac1e4112f76cf42ef7,0x4200000000000000000000000000000000000006,WETH,18,2026-06-12,-527774115011618786,9
0x302976a386fbb375033be3ac1e4112f76cf42ef7,0x4200000000000000000000000000000000000006,WETH,18,2026-06-13,450761140163513823,28
0x302976a386fbb375033be3ac1e4112f76cf42ef7,0x4200000000000000000000000000000000000006,WETH,18,2026-06-14,562591893483392145,25
0x302976a386fbb375033be3ac1e4112f76cf42ef7,0x4200000000000000000000000000000000000006,WETH,18,2026-06-15,-45498032111229062,44
0x302976a386fbb375033be3ac1e4112f76cf42ef7,0x4200000000000000000000000000000000000006,WETH,18,2026-06-16,-27939849628191811,20
0x302976a386fbb375033be3ac1e4112f76cf42ef7,0x4200000000000000000000000000000000000006,WETH,18,2026-06-17,147220571707302995,32
0x302976a386fbb375033be3ac1e4112f76cf42ef7,0x4200000000000000000000000000000000000006,WETH,18,2026-06-18,-179638609602509911,21
0x302976a386fbb375033be3ac1e4112f76cf42ef7,0x4200000000000000000000000000000000000006,WETH,18,2026-06-19,559842585094957057,27
0x302976a386fbb375033be3ac1e4112f76cf42ef7,0x4200000000000000000000000000000000000006,WETH,18,2026-06-20,120648557822946785,29
0x302976a386fbb375033be3ac1e4112f76cf42ef7,0x4200000000000000000000000000000000000006,WETH,18,2026-06-21,-160100784640228079,67
0x302976a386fbb375033be3ac1e4112f76cf42ef7,0x4200000000000000000000000000000000000006,WETH,18,2026-06-22,108760707007224310,38
0x302976a386fbb375033be3ac1e4112f76cf42ef7,0x4200000000000000000000000000000000000006,WETH,18,2026-06-23,-848546530425795077,37
0x302976a386fbb375033be3ac1e4112f76cf42ef7,0x4200000000000000000000000000000000000006,WETH,18,2026-06-24,76787292400592450,67
0x302976a386fbb375033be3ac1e4112f76cf42ef7,0x4200000000000000000000000000000000000006,WETH,18,2026-06-25,500983383497370296,75
0x302976a386fbb375033be3ac1e4112f76cf42ef7,0x4200000000000000000000000000000000000006,WETH,18,2026-06-26,-43444476075743769,17
0x302976a386fbb375033be3ac1e4112f76cf42ef7,0x4200000000000000000000000000000000000006,WETH,18,2026-06-27,3089253753300047258,10
0x302976a386fbb375033be3ac1e4112f76cf42ef7,0x4200000000000000000000000000000000000006,WETH,18,2026-06-28,3475785561882142067,20
0x302976a386fbb375033be3ac1e4112f76cf42ef7,0x4200000000000000000000000000000000000006,WETH,18,2026-06-29,764797064114351181,27
0x302976a386fbb375033be3ac1e4112f76cf42ef7,0x4200000000000000000000000000000000000006,WETH,18,2026-06-30,-6244864983983755081,11
0x302976a386fbb375033be3ac1e4112f76cf42ef7,0x4200000000000000000000000000000000000006,WETH,18,2026-07-01,-15912644574678072,1
0x302976a386fbb375033be3ac1e4112f76cf42ef7,0x4200000000000000000000000000000000000006,WETH,18,2026-07-02,542927633152051871,7
0x302976a386fbb375033be3ac1e4112f76cf42ef7,0x4200000000000000000000000000000000000006,WETH,18,2026-07-03,312450695296128203,41
0x302976a386fbb375033be3ac1e4112f76cf42ef7,0x4200000000000000000000000000000000000006,WETH,18,2026-07-04,-568553970140708186,26
0x302976a386fbb375033be3ac1e4112f76cf42ef7,0x4200000000000000000000000000000000000006,WETH,18,2026-07-05,56714773273601254,26
0x302976a386fbb375033be3ac1e4112f76cf42ef7,0x4200000000000000000000000000000000000006,WETH,18,2026-07-06,279821877134278760,45
0x302976a386fbb375033be3ac1e4112f76cf42ef7,0x4200000000000000000000000000000000000006,WETH,18,2026-07-07,-1200683373281546232,32
0x302976a386fbb375033be3ac1e4112f76cf42ef7,0x4200000000000000000000000000000000000006,WETH,18,2026-07-08,-2477384826895136219,44
0x302976a386fbb375033be3ac1e4112f76cf42ef7,0x4200000000000000000000000000000000000006,WETH,18,2026-07-09,-1109706634460201840,3
0x302976a386fbb375033be3ac1e4112f76cf42ef7,0x4200000000000000000000000000000000000006,WETH,18,2026-07-13,39106564364678,1
0x302976a386fbb375033be3ac1e4112f76cf42ef7,0x4200000000000000000000000000000000000006,WETH,18,2026-07-16,140122812381015,1
0x302976a386fbb375033be3ac1e4112f76cf42ef7,0x4200000000000000000000000000000000000006,WETH,18,2026-07-17,9342491676668,5
0x302976a386fbb375033be3ac1e4112f76cf42ef7,0x4200000000000000000000000000000000000006,WETH,18,2026-07-18,-88271175165105,2
0x302976a386fbb375033be3ac1e4112f76cf42ef7,0x4200000000000000000000000000000000000006,WETH,18,2026-07-23,98540000000000,1
0x302976a386fbb375033be3ac1e4112f76cf42ef7,0x4200000000000000000000000000000000000006,WETH,18,2026-07-24,38416677198185,4
0x345825a980bd94e1480bc4f20fe4e3dae2f23dd3,0x50c5725949a6f0c72e6c4a641f24049a917db0cb,DAI,18,2025-11-27,-3109017359691752034013,929
0x345825a980bd94e1480bc4f20fe4e3dae2f23dd3,0x50c5725949a6f0c72e6c4a641f24049a917db0cb,DAI,18,2025-11-28,-4529167594622527972445,865
0x345825a980bd94e1480bc4f20fe4e3dae2f23dd3,0x50c5725949a6f0c72e6c4a641f24049a917db0cb,DAI,18,2025-11-29,1956123161385237379760,301
0x345825a980bd94e1480bc4f20fe4e3dae2f23dd3,0x50c5725949a6f0c72e6c4a641f24049a917db0cb,DAI,18,2025-11-30,-2910685527776568117041,267
0x345825a980bd94e1480bc4f20fe4e3dae2f23dd3,0x50c5725949a6f0c72e6c4a641f24049a917db0cb,DAI,18,2025-12-01,-953523241098884501427,514
0x345825a980bd94e1480bc4f20fe4e3dae2f23dd3,0x50c5725949a6f0c72e6c4a641f24049a917db0cb,DAI,18,2025-12-02,2209596492651405512779,518
0x345825a980bd94e1480bc4f20fe4e3dae2f23dd3,0x50c5725949a6f0c72e6c4a641f24049a917db0cb,DAI,18,2025-12-03,3520045432820978840456,550
0x345825a980bd94e1480bc4f20fe4e3dae2f23dd3,0x50c5725949a6f0c72e6c4a641f24049a917db0cb,DAI,18,2025-12-04,198674092715070229328,397
0x345825a980bd94e1480bc4f20fe4e3dae2f23dd3,0x50c5725949a6f0c72e6c4a641f24049a917db0cb,DAI,18,2025-12-05,3306865775413003961287,474
0x345825a980bd94e1480bc4f20fe4e3dae2f23dd3,0x50c5725949a6f0c72e6c4a641f24049a917db0cb,DAI,18,2025-12-06,-1289296591519065696229,185
0x345825a980bd94e1480bc4f20fe4e3dae2f23dd3,0x50c5725949a6f0c72e6c4a641f24049a917db0cb,DAI,18,2025-12-07,-2970563952029390986058,390
0x345825a980bd94e1480bc4f20fe4e3dae2f23dd3,0x50c5725949a6f0c72e6c4a641f24049a917db0cb,DAI,18,2025-12-08,-1301713096951896655362,386
0x345825a980bd94e1480bc4f20fe4e3dae2f23dd3,0x50c5725949a6f0c72e6c4a641f24049a917db0cb,DAI,18,2025-12-09,-1016966408583258671323,504
0x345825a980bd94e1480bc4f20fe4e3dae2f23dd3,0x50c5725949a6f0c72e6c4a641f24049a917db0cb,DAI,18,2025-12-10,6176914221300150259084,549
0x345825a980bd94e1480bc4f20fe4e3dae2f23dd3,0x50c5725949a6f0c72e6c4a641f24049a917db0cb,DAI,18,2025-12-11,3421753436296354906725,392
0x345825a980bd94e1480bc4f20fe4e3dae2f23dd3,0x50c5725949a6f0c72e6c4a641f24049a917db0cb,DAI,18,2025-12-12,8155657849733985056160,374
0x345825a980bd94e1480bc4f20fe4e3dae2f23dd3,0x50c5725949a6f0c72e6c4a641f24049a917db0cb,DAI,18,2025-12-13,-10603780714916680739697,331
0x345825a980bd94e1480bc4f20fe4e3dae2f23dd3,0x50c5725949a6f0c72e6c4a641f24049a917db0cb,DAI,18,2025-12-14,-8550923656344684000758,419
0x345825a980bd94e1480bc4f20fe4e3dae2f23dd3,0x50c5725949a6f0c72e6c4a641f24049a917db0cb,DAI,18,2025-12-15,4295479989129656690587,785
0x345825a980bd94e1480bc4f20fe4e3dae2f23dd3,0x50c5725949a6f0c72e6c4a641f24049a917db0cb,DAI,18,2025-12-16,3229519378382364392995,509
0x345825a980bd94e1480bc4f20fe4e3dae2f23dd3,0x50c5725949a6f0c72e6c4a641f24049a917db0cb,DAI,18,2025-12-17,14205146139769422683956,552
0x345825a980bd94e1480bc4f20fe4e3dae2f23dd3,0x50c5725949a6f0c72e6c4a641f24049a917db0cb,DAI,18,2025-12-18,27145070252555129580682,979
0x345825a980bd94e1480bc4f20fe4e3dae2f23dd3,0x50c5725949a6f0c72e6c4a641f24049a917db0cb,DAI,18,2025-12-19,-17514370391893045610824,425
0x345825a980bd94e1480bc4f20fe4e3dae2f23dd3,0x50c5725949a6f0c72e6c4a641f24049a917db0cb,DAI,18,2025-12-20,264826238718068758454,314
0x345825a980bd94e1480bc4f20fe4e3dae2f23dd3,0x50c5725949a6f0c72e6c4a641f24049a917db0cb,DAI,18,2025-12-21,286324207756651013028,318
0x345825a980bd94e1480bc4f20fe4e3dae2f23dd3,0x50c5725949a6f0c72e6c4a641f24049a917db0cb,DAI,18,2025-12-22,-19071911971108004586983,540
0x345825a980bd94e1480bc4f20fe4e3dae2f23dd3,0x50c5725949a6f0c72e6c4a641f24049a917db0cb,DAI,18,2025-12-23,1900508068117920281316,287
0x345825a980bd94e1480bc4f20fe4e3dae2f23dd3,0x50c5725949a6f0c72e6c4a641f24049a917db0cb,DAI,18,2025-12-24,26449034954090923252999,394
0x345825a980bd94e1480bc4f20fe4e3dae2f23dd3,0x50c5725949a6f0c72e6c4a641f24049a917db0cb,DAI,18,2025-12-25,-2136897802792374123776,378
0x345825a980bd94e1480bc4f20fe4e3dae2f23dd3,0x50c5725949a6f0c72e6c4a641f24049a917db0cb,DAI,18,2025-12-26,-3299994966995452678762,678
0x345825a980bd94e1480bc4f20fe4e3dae2f23dd3,0x50c5725949a6f0c72e6c4a641f24049a917db0cb,DAI,18,2025-12-27,1385767418821877568858,188
0x345825a980bd94e1480bc4f20fe4e3dae2f23dd3,0x50c5725949a6f0c72e6c4a641f24049a917db0cb,DAI,18,2025-12-28,5742070494356928966135,356
0x345825a980bd94e1480bc4f20fe4e3dae2f23dd3,0x50c5725949a6f0c72e6c4a641f24049a917db0cb,DAI,18,2025-12-29,2350271844975793709548,383
0x345825a980bd94e1480bc4f20fe4e3dae2f23dd3,0x50c5725949a6f0c72e6c4a641f24049a917db0cb,DAI,18,2025-12-30,8863161764449682749911,558
0x345825a980bd94e1480bc4f20fe4e3dae2f23dd3,0x50c5725949a6f0c72e6c4a641f24049a917db0cb,DAI,18,2025-12-31,-3338736101522648616570,148
0x345825a980bd94e1480bc4f20fe4e3dae2f23dd3,0x50c5725949a6f0c72e6c4a641f24049a917db0cb,DAI,18,2026-01-01,-18209572809375122593959,88
0x345825a980bd94e1480bc4f20fe4e3dae2f23dd3,0x50c5725949a6f0c72e6c4a641f24049a917db0cb,DAI,18,2026-01-02,4775441133961178936318,272
0x345825a980bd94e1480bc4f20fe4e3dae2f23dd3,0x50c5725949a6f0c72e6c4a641f24049a917db0cb,DAI,18,2026-01-03,-2622743516049299329094,190
0x345825a980bd94e1480bc4f20fe4e3dae2f23dd3,0x50c5725949a6f0c72e6c4a641f24049a917db0cb,DAI,18,2026-01-04,10490860314833571529757,292
0x345825a980bd94e1480bc4f20fe4e3dae2f23dd3,0x50c5725949a6f0c72e6c4a641f24049a917db0cb,DAI,18,2026-01-05,-14407505982640510791378,598
0x345825a980bd94e1480bc4f20fe4e3dae2f23dd3,0x50c5725949a6f0c72e6c4a641f24049a917db0cb,DAI,18,2026-01-06,-43642547372613820628112,373
0x345825a980bd94e1480bc4f20fe4e3dae2f23dd3,0x50c5725949a6f0c72e6c4a641f24049a917db0cb,DAI,18,2026-01-07,3813628296259924162708,447
0x345825a980bd94e1480bc4f20fe4e3dae2f23dd3,0x50c5725949a6f0c72e6c4a641f24049a917db0cb,DAI,18,2026-01-08,17520378531997827110903,208
0x345825a980bd94e1480bc4f20fe4e3dae2f23dd3,0x50c5725949a6f0c72e6c4a641f24049a917db0cb,DAI,18,2026-01-09,7609622263247668623099,167
0x345825a980bd94e1480bc4f20fe4e3dae2f23dd3,0x50c5725949a6f0c72e6c4a641f24049a917db0cb,DAI,18,2026-01-10,-10300275745969372144779,230
0x345825a980bd94e1480bc4f20fe4e3dae2f23dd3,0x50c5725949a6f0c72e6c4a641f24049a917db0cb,DAI,18,2026-01-11,42677281664024603902221,286
0x345825a980bd94e1480bc4f20fe4e3dae2f23dd3,0x50c5725949a6f0c72e6c4a641f24049a917db0cb,DAI,18,2026-01-12,-39266987391203024018345,391
0x345825a980bd94e1480bc4f20fe4e3dae2f23dd3,0x50c5725949a6f0c72e6c4a641f24049a917db0cb,DAI,18,2026-01-13,15983602455806642682955,744
0x345825a980bd94e1480bc4f20fe4e3dae2f23dd3,0x50c5725949a6f0c72e6c4a641f24049a917db0cb,DAI,18,2026-01-14,20563626717194744137132,509
0x345825a980bd94e1480bc4f20fe4e3dae2f23dd3,0x50c5725949a6f0c72e6c4a641f24049a917db0cb,DAI,18,2026-01-15,6796116842733771308220,411
0x345825a980bd94e1480bc4f20fe4e3dae2f23dd3,0x50c5725949a6f0c72e6c4a641f24049a917db0cb,DAI,18,2026-01-16,39823969816138535166650,1011
0x345825a980bd94e1480bc4f20fe4e3dae2f23dd3,0x50c5725949a6f0c72e6c4a641f24049a917db0cb,DAI,18,2026-01-17,5322179801380386671103,1148
0x345825a980bd94e1480bc4f20fe4e3dae2f23dd3,0x50c5725949a6f0c72e6c4a641f24049a917db0cb,DAI,18,2026-01-18,1819483522826639835269,572
0x345825a980bd94e1480bc4f20fe4e3dae2f23dd3,0x50c5725949a6f0c72e6c4a641f24049a917db0cb,DAI,18,2026-01-19,24242553920121534070133,646
0x345825a980bd94e1480bc4f20fe4e3dae2f23dd3,0x50c5725949a6f0c72e6c4a641f24049a917db0cb,DAI,18,2026-01-20,18232204038772128942915,4386
0x345825a980bd94e1480bc4f20fe4e3dae2f23dd3,0x50c5725949a6f0c72e6c4a641f24049a917db0cb,DAI,18,2026-01-21,75255421771142064011871,5284
0x345825a980bd94e1480bc4f20fe4e3dae2f23dd3,0x50c5725949a6f0c72e6c4a641f24049a917db0cb,DAI,18,2026-01-22,-85886771665858382336840,403
0x345825a980bd94e1480bc4f20fe4e3dae2f23dd3,0x50c5725949a6f0c72e6c4a641f24049a917db0cb,DAI,18,2026-01-23,-32040025374974714682269,128
0x345825a980bd94e1480bc4f20fe4e3dae2f23dd3,0x50c5725949a6f0c72e6c4a641f24049a917db0cb,DAI,18,2026-01-24,-2552107792468365833881,236
0x345825a980bd94e1480bc4f20fe4e3dae2f23dd3,0x50c5725949a6f0c72e6c4a641f24049a917db0cb,DAI,18,2026-01-25,17561637036353203634712,379
0x345825a980bd94e1480bc4f20fe4e3dae2f23dd3,0x50c5725949a6f0c72e6c4a641f24049a917db0cb,DAI,18,2026-01-26,-6708199551743631494758,311
0x345825a980bd94e1480bc4f20fe4e3dae2f23dd3,0x50c5725949a6f0c72e6c4a641f24049a917db0cb,DAI,18,2026-01-27,-57659259704114021744394,157
0x345825a980bd94e1480bc4f20fe4e3dae2f23dd3,0x50c5725949a6f0c72e6c4a641f24049a917db0cb,DAI,18,2026-01-28,32760480649494217487313,305
0x345825a980bd94e1480bc4f20fe4e3dae2f23dd3,0x50c5725949a6f0c72e6c4a641f24049a917db0cb,DAI,18,2026-01-29,7092815110506333668221,168
0x345825a980bd94e1480bc4f20fe4e3dae2f23dd3,0x50c5725949a6f0c72e6c4a641f24049a917db0cb,DAI,18,2026-01-30,14151715400010766685455,80
0x345825a980bd94e1480bc4f20fe4e3dae2f23dd3,0x50c5725949a6f0c72e6c4a641f24049a917db0cb,DAI,18,2026-01-31,4089655091199986295394,87
0x345825a980bd94e1480bc4f20fe4e3dae2f23dd3,0x50c5725949a6f0c72e6c4a641f24049a917db0cb,DAI,18,2026-02-01,-66508963035599214207639,158
0x345825a980bd94e1480bc4f20fe4e3dae2f23dd3,0x50c5725949a6f0c72e6c4a641f24049a917db0cb,DAI,18,2026-02-02,62224303044359497997385,178
0x345825a980bd94e1480bc4f20fe4e3dae2f23dd3,0x50c5725949a6f0c72e6c4a641f24049a917db0cb,DAI,18,2026-02-03,-26279835941925126875622,166
0x345825a980bd94e1480bc4f20fe4e3dae2f23dd3,0x50c5725949a6f0c72e6c4a641f24049a917db0cb,DAI,18,2026-02-04,12988974998087396563734,162
0x345825a980bd94e1480bc4f20fe4e3dae2f23dd3,0x50c5725949a6f0c72e6c4a641f24049a917db0cb,DAI,18,2026-02-05,7099822178745368951403,249
0x345825a980bd94e1480bc4f20fe4e3dae2f23dd3,0x50c5725949a6f0c72e6c4a641f24049a917db0cb,DAI,18,2026-02-06,-28221214825863093313729,260
0x345825a980bd94e1480bc4f20fe4e3dae2f23dd3,0x50c5725949a6f0c72e6c4a641f24049a917db0cb,DAI,18,2026-02-07,4866459958667064596615,371
0x345825a980bd94e1480bc4f20fe4e3dae2f23dd3,0x50c5725949a6f0c72e6c4a641f24049a917db0cb,DAI,18,2026-02-08,-2266177246161372928924,127
0x345825a980bd94e1480bc4f20fe4e3dae2f23dd3,0x50c5725949a6f0c72e6c4a641f24049a917db0cb,DAI,18,2026-02-09,800362114707390667591,283
0x345825a980bd94e1480bc4f20fe4e3dae2f23dd3,0x50c5725949a6f0c72e6c4a641f24049a917db0cb,DAI,18,2026-02-10,20260645411633108188914,437
0x345825a980bd94e1480bc4f20fe4e3dae2f23dd3,0x50c5725949a6f0c72e6c4a641f24049a917db0cb,DAI,18,2026-02-11,-24006804845200095300948,501
0x345825a980bd94e1480bc4f20fe4e3dae2f23dd3,0x50c5725949a6f0c72e6c4a641f24049a917db0cb,DAI,18,2026-02-12,6877862660693440383903,157
0x345825a980bd94e1480bc4f20fe4e3dae2f23dd3,0x50c5725949a6f0c72e6c4a641f24049a917db0cb,DAI,18,2026-02-13,1888020633060393787719,132
0x345825a980bd94e1480bc4f20fe4e3dae2f23dd3,0x50c5725949a6f0c72e6c4a641f24049a917db0cb,DAI,18,2026-02-14,5748169849950504199373,150
0x345825a980bd94e1480bc4f20fe4e3dae2f23dd3,0x50c5725949a6f0c72e6c4a641f24049a917db0cb,DAI,18,2026-02-15,21398922027262613650540,241
0x345825a980bd94e1480bc4f20fe4e3dae2f23dd3,0x50c5725949a6f0c72e6c4a641f24049a917db0cb,DAI,18,2026-02-16,-109705882581059171976789,149
0x345825a980bd94e1480bc4f20fe4e3dae2f23dd3,0x50c5725949a6f0c72e6c4a641f24049a917db0cb,DAI,18,2026-02-17,21893876209534628229894,123
0x345825a980bd94e1480bc4f20fe4e3dae2f23dd3,0x50c5725949a6f0c72e6c4a641f24049a917db0cb,DAI,18,2026-02-18,-5967625679108260875980,95
0x345825a980bd94e1480bc4f20fe4e3dae2f23dd3,0x50c5725949a6f0c72e6c4a641f24049a917db0cb,DAI,18,2026-02-19,-5392704079030466643450,36
0x345825a980bd94e1480bc4f20fe4e3dae2f23dd3,0x50c5725949a6f0c72e6c4a641f24049a917db0cb,DAI,18,2026-02-20,7351241734546443870,27
0x345825a980bd94e1480bc4f20fe4e3dae2f23dd3,0x50c5725949a6f0c72e6c4a641f24049a917db0cb,DAI,18,2026-02-21,1522236075209978557375,19
0x345825a980bd94e1480bc4f20fe4e3dae2f23dd3,0x50c5725949a6f0c72e6c4a641f24049a917db0cb,DAI,18,2026-02-22,7310325708308227267641,41
0x345825a980bd94e1480bc4f20fe4e3dae2f23dd3,0x50c5725949a6f0c72e6c4a641f24049a917db0cb,DAI,18,2026-02-23,-204016875788292818771,92
0x345825a980bd94e1480bc4f20fe4e3dae2f23dd3,0x50c5725949a6f0c72e6c4a641f24049a917db0cb,DAI,18,2026-02-24,8003359417458369929587,182
0x345825a980bd94e1480bc4f20fe4e3dae2f23dd3,0x50c5725949a6f0c72e6c4a641f24049a917db0cb,DAI,18,2026-02-25,1570868096605185761349,179
0x345825a980bd94e1480bc4f20fe4e3dae2f23dd3,0x50c5725949a6f0c72e6c4a641f24049a917db0cb,DAI,18,2026-02-26,8488161199025472311463,130
0x345825a980bd94e1480bc4f20fe4e3dae2f23dd3,0x50c5725949a6f0c72e6c4a641f24049a917db0cb,DAI,18,2026-02-27,2992998057980488562850,135
0x345825a980bd94e1480bc4f20fe4e3dae2f23dd3,0x50c5725949a6f0c72e6c4a641f24049a917db0cb,DAI,18,2026-02-28,-2060519109927978417256,208
0x345825a980bd94e1480bc4f20fe4e3dae2f23dd3,0x50c5725949a6f0c72e6c4a641f24049a917db0cb,DAI,18,2026-03-01,5513954362579483014318,68
0x345825a980bd94e1480bc4f20fe4e3dae2f23dd3,0x50c5725949a6f0c72e6c4a641f24049a917db0cb,DAI,18,2026-03-02,3459444415712302068315,235
0x345825a980bd94e1480bc4f20fe4e3dae2f23dd3,0x50c5725949a6f0c72e6c4a641f24049a917db0cb,DAI,18,2026-03-03,3357460836722838043512,115
0x345825a980bd94e1480bc4f20fe4e3dae2f23dd3,0x50c5725949a6f0c72e6c4a641f24049a917db0cb,DAI,18,2026-03-04,-703026250725694228360,270
0x345825a980bd94e1480bc4f20fe4e3dae2f23dd3,0x50c5725949a6f0c72e6c4a641f24049a917db0cb,DAI,18,2026-03-05,2836129750375289283346,198
0x345825a980bd94e1480bc4f20fe4e3dae2f23dd3,0x50c5725949a6f0c72e6c4a641f24049a917db0cb,DAI,18,2026-03-06,5887389502111249324520,146
0x345825a980bd94e1480bc4f20fe4e3dae2f23dd3,0x50c5725949a6f0c72e6c4a641f24049a917db0cb,DAI,18,2026-03-07,-464831401393146154403,160
0x345825a980bd94e1480bc4f20fe4e3dae2f23dd3,0x50c5725949a6f0c72e6c4a641f24049a917db0cb,DAI,18,2026-03-08,23424660598481583039089,359
0x345825a980bd94e1480bc4f20fe4e3dae2f23dd3,0x50c5725949a6f0c72e6c4a641f24049a917db0cb,DAI,18,2026-03-09,-3170954952899220950475,340
0x345825a980bd94e1480bc4f20fe4e3dae2f23dd3,0x50c5725949a6f0c72e6c4a641f24049a917db0cb,DAI,18,2026-03-10,2032532105588206191204,341
0x345825a980bd94e1480bc4f20fe4e3dae2f23dd3,0x50c5725949a6f0c72e6c4a641f24049a917db0cb,DAI,18,2026-03-11,-1900042752565415370452,381
0x345825a980bd94e1480bc4f20fe4e3dae2f23dd3,0x50c5725949a6f0c72e6c4a641f24049a917db0cb,DAI,18,2026-03-12,-3374295896558433859414,239
0x345825a980bd94e1480bc4f20fe4e3dae2f23dd3,0x50c5725949a6f0c72e6c4a641f24049a917db0cb,DAI,18,2026-03-13,-14917444958157071859510,240
0x345825a980bd94e1480bc4f20fe4e3dae2f23dd3,0x50c5725949a6f0c72e6c4a641f24049a917db0cb,DAI,18,2026-03-14,6673815650879424769524,286
0x345825a980bd94e1480bc4f20fe4e3dae2f23dd3,0x50c5725949a6f0c72e6c4a641f24049a917db0cb,DAI,18,2026-03-15,802427045775390908738,178
0x345825a980bd94e1480bc4f20fe4e3dae2f23dd3,0x50c5725949a6f0c72e6c4a641f24049a917db0cb,DAI,18,2026-03-16,-4229947588302222613144,232
0x345825a980bd94e1480bc4f20fe4e3dae2f23dd3,0x50c5725949a6f0c72e6c4a641f24049a917db0cb,DAI,18,2026-03-17,-64430747149917875459899,101
0x345825a980bd94e1480bc4f20fe4e3dae2f23dd3,0x50c5725949a6f0c72e6c4a641f24049a917db0cb,DAI,18,2026-03-18,26754647501978735741505,263
0x345825a980bd94e1480bc4f20fe4e3dae2f23dd3,0x50c5725949a6f0c72e6c4a641f24049a917db0cb,DAI,18,2026-03-19,195074220367584750937,199
0x345825a980bd94e1480bc4f20fe4e3dae2f23dd3,0x50c5725949a6f0c72e6c4a641f24049a917db0cb,DAI,18,2026-03-20,-4019147053651204084063,112
0x345825a980bd94e1480bc4f20fe4e3dae2f23dd3,0x50c5725949a6f0c72e6c4a641f24049a917db0cb,DAI,18,2026-03-21,-29571689304777960138657,247
0x345825a980bd94e1480bc4f20fe4e3dae2f23dd3,0x50c5725949a6f0c72e6c4a641f24049a917db0cb,DAI,18,2026-03-22,-620655271879090139357,161
0x345825a980bd94e1480bc4f20fe4e3dae2f23dd3,0x50c5725949a6f0c72e6c4a641f24049a917db0cb,DAI,18,2026-03-23,1253009052502946698972,154
0x345825a980bd94e1480bc4f20fe4e3dae2f23dd3,0x50c5725949a6f0c72e6c4a641f24049a917db0cb,DAI,18,2026-03-24,11472432506025865312010,169
0x345825a980bd94e1480bc4f20fe4e3dae2f23dd3,0x50c5725949a6f0c72e6c4a641f24049a917db0cb,DAI,18,2026-03-25,-5057291935791434487897,174
0x345825a980bd94e1480bc4f20fe4e3dae2f23dd3,0x50c5725949a6f0c72e6c4a641f24049a917db0cb,DAI,18,2026-03-26,-1191245110886379305362,114
0x345825a980bd94e1480bc4f20fe4e3dae2f23dd3,0x50c5725949a6f0c72e6c4a641f24049a917db0cb,DAI,18,2026-03-27,5831501082706618286145,132
0x345825a980bd94e1480bc4f20fe4e3dae2f23dd3,0x50c5725949a6f0c72e6c4a641f24049a917db0cb,DAI,18,2026-03-28,-231293711659029896963,78
0x345825a980bd94e1480bc4f20fe4e3dae2f23dd3,0x50c5725949a6f0c72e6c4a641f24049a917db0cb,DAI,18,2026-03-29,18986007840282500430937,103
0x345825a980bd94e1480bc4f20fe4e3dae2f23dd3,0x50c5725949a6f0c72e6c4a641f24049a917db0cb,DAI,18,2026-03-30,-18448348908529353165024,102
0x345825a980bd94e1480bc4f20fe4e3dae2f23dd3,0x50c5725949a6f0c72e6c4a641f24049a917db0cb,DAI,18,2026-03-31,10465102192148598787193,133
0x345825a980bd94e1480bc4f20fe4e3dae2f23dd3,0x50c5725949a6f0c72e6c4a641f24049a917db0cb,DAI,18,2026-04-01,7654653188472183825554,131
0x345825a980bd94e1480bc4f20fe4e3dae2f23dd3,0x50c5725949a6f0c72e6c4a641f24049a917db0cb,DAI,18,2026-04-02,8420171343934184550787,80
0x345825a980bd94e1480bc4f20fe4e3dae2f23dd3,0x50c5725949a6f0c72e6c4a641f24049a917db0cb,DAI,18,2026-04-03,-35373403366887736231361,44
0x345825a980bd94e1480bc4f20fe4e3dae2f23dd3,0x50c5725949a6f0c72e6c4a641f24049a917db0cb,DAI,18,2026-04-04,-1027130880628771843676,29
0x345825a980bd94e1480bc4f20fe4e3dae2f23dd3,0x50c5725949a6f0c72e6c4a641f24049a917db0cb,DAI,18,2026-04-05,5238898002116302878668,77
0x345825a980bd94e1480bc4f20fe4e3dae2f23dd3,0x50c5725949a6f0c72e6c4a641f24049a917db0cb,DAI,18,2026-04-06,7383652314681597654525,91
0x345825a980bd94e1480bc4f20fe4e3dae2f23dd3,0x50c5725949a6f0c72e6c4a641f24049a917db0cb,DAI,18,2026-04-07,9187418533683917316989,76
0x345825a980bd94e1480bc4f20fe4e3dae2f23dd3,0x50c5725949a6f0c72e6c4a641f24049a917db0cb,DAI,18,2026-04-08,2761967839162241655090,65
0x345825a980bd94e1480bc4f20fe4e3dae2f23dd3,0x50c5725949a6f0c72e6c4a641f24049a917db0cb,DAI,18,2026-04-09,931962695466967968821,71
0x345825a980bd94e1480bc4f20fe4e3dae2f23dd3,0x50c5725949a6f0c72e6c4a641f24049a917db0cb,DAI,18,2026-04-10,-2544229346274580370440,74
0x345825a980bd94e1480bc4f20fe4e3dae2f23dd3,0x50c5725949a6f0c72e6c4a641f24049a917db0cb,DAI,18,2026-04-11,-509117982475194090611,42
0x345825a980bd94e1480bc4f20fe4e3dae2f23dd3,0x50c5725949a6f0c72e6c4a641f24049a917db0cb,DAI,18,2026-04-12,395627278909132906013,74
0x345825a980bd94e1480bc4f20fe4e3dae2f23dd3,0x50c5725949a6f0c72e6c4a641f24049a917db0cb,DAI,18,2026-04-13,-3400688909247753822272,93
0x345825a980bd94e1480bc4f20fe4e3dae2f23dd3,0x50c5725949a6f0c72e6c4a641f24049a917db0cb,DAI,18,2026-04-14,22049877197083540309728,162
0x345825a980bd94e1480bc4f20fe4e3dae2f23dd3,0x50c5725949a6f0c72e6c4a641f24049a917db0cb,DAI,18,2026-04-15,-6312536225466726482777,104
0x345825a980bd94e1480bc4f20fe4e3dae2f23dd3,0x50c5725949a6f0c72e6c4a641f24049a917db0cb,DAI,18,2026-04-16,1968999009820267292516,46
0x345825a980bd94e1480bc4f20fe4e3dae2f23dd3,0x50c5725949a6f0c72e6c4a641f24049a917db0cb,DAI,18,2026-04-17,-618883624096132529407,111
0x345825a980bd94e1480bc4f20fe4e3dae2f23dd3,0x50c5725949a6f0c72e6c4a641f24049a917db0cb,DAI,18,2026-04-18,-1489477098443374307911,51
0x345825a980bd94e1480bc4f20fe4e3dae2f23dd3,0x50c5725949a6f0c72e6c4a641f24049a917db0cb,DAI,18,2026-04-19,210527925986549607938,170
0x345825a980bd94e1480bc4f20fe4e3dae2f23dd3,0x50c5725949a6f0c72e6c4a641f24049a917db0cb,DAI,18,2026-04-20,-673676093397214792588,88
0x345825a980bd94e1480bc4f20fe4e3dae2f23dd3,0x50c5725949a6f0c72e6c4a641f24049a917db0cb,DAI,18,2026-04-21,729451857576357834113,134
0x345825a980bd94e1480bc4f20fe4e3dae2f23dd3,0x50c5725949a6f0c72e6c4a641f24049a917db0cb,DAI,18,2026-04-22,-5309669166863027775741,110
0x345825a980bd94e1480bc4f20fe4e3dae2f23dd3,0x50c5725949a6f0c72e6c4a641f24049a917db0cb,DAI,18,2026-04-23,-18452642626173768125608,145
0x345825a980bd94e1480bc4f20fe4e3dae2f23dd3,0x50c5725949a6f0c72e6c4a641f24049a917db0cb,DAI,18,2026-04-24,7805119173320949675195,84
0x345825a980bd94e1480bc4f20fe4e3dae2f23dd3,0x50c5725949a6f0c72e6c4a641f24049a917db0cb,DAI,18,2026-04-25,6840014915656818604160,33
0x345825a980bd94e1480bc4f20fe4e3dae2f23dd3,0x50c5725949a6f0c72e6c4a641f24049a917db0cb,DAI,18,2026-04-26,-32699206864988564864382,106
0x345825a980bd94e1480bc4f20fe4e3dae2f23dd3,0x50c5725949a6f0c72e6c4a641f24049a917db0cb,DAI,18,2026-04-27,8400004630738331250287,131
0x345825a980bd94e1480bc4f20fe4e3dae2f23dd3,0x50c5725949a6f0c72e6c4a641f24049a917db0cb,DAI,18,2026-04-28,-3309588151434724284542,108
0x345825a980bd94e1480bc4f20fe4e3dae2f23dd3,0x50c5725949a6f0c72e6c4a641f24049a917db0cb,DAI,18,2026-04-29,-910530278230864817098,109
0x345825a980bd94e1480bc4f20fe4e3dae2f23dd3,0x50c5725949a6f0c72e6c4a641f24049a917db0cb,DAI,18,2026-04-30,-770650170795832492018,87
0x345825a980bd94e1480bc4f20fe4e3dae2f23dd3,0x50c5725949a6f0c72e6c4a641f24049a917db0cb,DAI,18,2026-05-01,315334162497691488243,78
0x345825a980bd94e1480bc4f20fe4e3dae2f23dd3,0x50c5725949a6f0c72e6c4a641f24049a917db0cb,DAI,18,2026-05-02,-1900708609099162660064,118
0x345825a980bd94e1480bc4f20fe4e3dae2f23dd3,0x50c5725949a6f0c72e6c4a641f24049a917db0cb,DAI,18,2026-05-03,2831752877514730976764,92
0x345825a980bd94e1480bc4f20fe4e3dae2f23dd3,0x50c5725949a6f0c72e6c4a641f24049a917db0cb,DAI,18,2026-05-04,182807714102519980883,91
0x345825a980bd94e1480bc4f20fe4e3dae2f23dd3,0x50c5725949a6f0c72e6c4a641f24049a917db0cb,DAI,18,2026-05-05,-1227651462060469570179,108
0x345825a980bd94e1480bc4f20fe4e3dae2f23dd3,0x50c5725949a6f0c72e6c4a641f24049a917db0cb,DAI,18,2026-05-06,-1158779306271364448836,82
0x345825a980bd94e1480bc4f20fe4e3dae2f23dd3,0x50c5725949a6f0c72e6c4a641f24049a917db0cb,DAI,18,2026-05-07,-6306754840780796939299,172
0x345825a980bd94e1480bc4f20fe4e3dae2f23dd3,0x50c5725949a6f0c72e6c4a641f24049a917db0cb,DAI,18,2026-05-08,-2036673533468183491768,279
0x345825a980bd94e1480bc4f20fe4e3dae2f23dd3,0x50c5725949a6f0c72e6c4a641f24049a917db0cb,DAI,18,2026-05-09,10491107935508717757317,117
0x345825a980bd94e1480bc4f20fe4e3dae2f23dd3,0x50c5725949a6f0c72e6c4a641f24049a917db0cb,DAI,18,2026-05-10,5476083771899795744774,279
0x345825a980bd94e1480bc4f20fe4e3dae2f23dd3,0x50c5725949a6f0c72e6c4a641f24049a917db0cb,DAI,18,2026-05-11,11780612261697716660350,272
0x345825a980bd94e1480bc4f20fe4e3dae2f23dd3,0x50c5725949a6f0c72e6c4a641f24049a917db0cb,DAI,18,2026-05-12,-1191934442500305989632,238
0x345825a980bd94e1480bc4f20fe4e3dae2f23dd3,0x50c5725949a6f0c72e6c4a641f24049a917db0cb,DAI,18,2026-05-13,3928864397374460996024,277
0x345825a980bd94e1480bc4f20fe4e3dae2f23dd3,0x50c5725949a6f0c72e6c4a641f24049a917db0cb,DAI,18,2026-05-14,3167748645039800492638,262
0x345825a980bd94e1480bc4f20fe4e3dae2f23dd3,0x50c5725949a6f0c72e6c4a641f24049a917db0cb,DAI,18,2026-05-15,-4179837919848522985673,131
0x345825a980bd94e1480bc4f20fe4e3dae2f23dd3,0x50c5725949a6f0c72e6c4a641f24049a917db0cb,DAI,18,2026-05-16,-6017979668441387686927,98
0x345825a980bd94e1480bc4f20fe4e3dae2f23dd3,0x50c5725949a6f0c72e6c4a641f24049a917db0cb,DAI,18,2026-05-17,-2865199899921359888430,77
0x345825a980bd94e1480bc4f20fe4e3dae2f23dd3,0x50c5725949a6f0c72e6c4a641f24049a917db0cb,DAI,18,2026-05-18,1502653347740118467703,157
0x345825a980bd94e1480bc4f20fe4e3dae2f23dd3,0x50c5725949a6f0c72e6c4a641f24049a917db0cb,DAI,18,2026-05-19,-1391881198707157276593,68
0x345825a980bd94e1480bc4f20fe4e3dae2f23dd3,0x50c5725949a6f0c72e6c4a641f24049a917db0cb,DAI,18,2026-05-20,-962112948712711631207,118
0x345825a980bd94e1480bc4f20fe4e3dae2f23dd3,0x50c5725949a6f0c72e6c4a641f24049a917db0cb,DAI,18,2026-05-21,-961930707150281965336,93
0x345825a980bd94e1480bc4f20fe4e3dae2f23dd3,0x50c5725949a6f0c72e6c4a641f24049a917db0cb,DAI,18,2026-05-22,4231681748273970123963,155
0x345825a980bd94e1480bc4f20fe4e3dae2f23dd3,0x50c5725949a6f0c72e6c4a641f24049a917db0cb,DAI,18,2026-05-23,1765380180779365633382,273
0x345825a980bd94e1480bc4f20fe4e3dae2f23dd3,0x50c5725949a6f0c72e6c4a641f24049a917db0cb,DAI,18,2026-05-24,584949836144632288688,151
0x345825a980bd94e1480bc4f20fe4e3dae2f23dd3,0x50c5725949a6f0c72e6c4a641f24049a917db0cb,DAI,18,2026-05-25,1274617628906599993308,115
0x345825a980bd94e1480bc4f20fe4e3dae2f23dd3,0x50c5725949a6f0c72e6c4a641f24049a917db0cb,DAI,18,2026-05-26,6643726800151340801633,178
0x345825a980bd94e1480bc4f20fe4e3dae2f23dd3,0x50c5725949a6f0c72e6c4a641f24049a917db0cb,DAI,18,2026-05-27,-5953610702976905302217,177
0x345825a980bd94e1480bc4f20fe4e3dae2f23dd3,0x50c5725949a6f0c72e6c4a641f24049a917db0cb,DAI,18,2026-05-28,207364871963617844254,104
0x345825a980bd94e1480bc4f20fe4e3dae2f23dd3,0x50c5725949a6f0c72e6c4a641f24049a917db0cb,DAI,18,2026-05-29,8146624557262923762960,121
0x345825a980bd94e1480bc4f20fe4e3dae2f23dd3,0x50c5725949a6f0c72e6c4a641f24049a917db0cb,DAI,18,2026-05-30,1496658506510050025085,87
0x345825a980bd94e1480bc4f20fe4e3dae2f23dd3,0x50c5725949a6f0c72e6c4a641f24049a917db0cb,DAI,18,2026-05-31,334304875355619034360,150
0x345825a980bd94e1480bc4f20fe4e3dae2f23dd3,0x50c5725949a6f0c72e6c4a641f24049a917db0cb,DAI,18,2026-06-01,-3773712003676114711660,112
0x345825a980bd94e1480bc4f20fe4e3dae2f23dd3,0x50c5725949a6f0c72e6c4a641f24049a917db0cb,DAI,18,2026-06-02,13098695033693152782907,183
0x345825a980bd94e1480bc4f20fe4e3dae2f23dd3,0x50c5725949a6f0c72e6c4a641f24049a917db0cb,DAI,18,2026-06-03,-11098227458600777972672,234
0x345825a980bd94e1480bc4f20fe4e3dae2f23dd3,0x50c5725949a6f0c72e6c4a641f24049a917db0cb,DAI,18,2026-06-04,-2064865137861031276140,214
0x345825a980bd94e1480bc4f20fe4e3dae2f23dd3,0x50c5725949a6f0c72e6c4a641f24049a917db0cb,DAI,18,2026-06-05,749290462483937178249,233
0x345825a980bd94e1480bc4f20fe4e3dae2f23dd3,0x50c5725949a6f0c72e6c4a641f24049a917db0cb,DAI,18,2026-06-06,-1925872938255950911165,111
0x345825a980bd94e1480bc4f20fe4e3dae2f23dd3,0x50c5725949a6f0c72e6c4a641f24049a917db0cb,DAI,18,2026-06-07,9325943527493187392551,255
0x345825a980bd94e1480bc4f20fe4e3dae2f23dd3,0x50c5725949a6f0c72e6c4a641f24049a917db0cb,DAI,18,2026-06-08,160008688972062676411,237
0x345825a980bd94e1480bc4f20fe4e3dae2f23dd3,0x50c5725949a6f0c72e6c4a641f24049a917db0cb,DAI,18,2026-06-09,4616231653440435842701,234
0x345825a980bd94e1480bc4f20fe4e3dae2f23dd3,0x50c5725949a6f0c72e6c4a641f24049a917db0cb,DAI,18,2026-06-10,-1903058508530057849224,186
0x345825a980bd94e1480bc4f20fe4e3dae2f23dd3,0x50c5725949a6f0c72e6c4a641f24049a917db0cb,DAI,18,2026-06-11,-3132265345906309364889,160
0x345825a980bd94e1480bc4f20fe4e3dae2f23dd3,0x50c5725949a6f0c72e6c4a641f24049a917db0cb,DAI,18,2026-06-12,39232516150076518962,133
0x345825a980bd94e1480bc4f20fe4e3dae2f23dd3,0x50c5725949a6f0c72e6c4a641f24049a917db0cb,DAI,18,2026-06-13,-6299485964086891664693,89
0x345825a980bd94e1480bc4f20fe4e3dae2f23dd3,0x50c5725949a6f0c72e6c4a641f24049a917db0cb,DAI,18,2026-06-14,229563441651449905950,81
0x345825a980bd94e1480bc4f20fe4e3dae2f23dd3,0x50c5725949a6f0c72e6c4a641f24049a917db0cb,DAI,18,2026-06-15,-4279385081126273498144,180
0x345825a980bd94e1480bc4f20fe4e3dae2f23dd3,0x50c5725949a6f0c72e6c4a641f24049a917db0cb,DAI,18,2026-06-16,-2133314443180253847087,106
0x345825a980bd94e1480bc4f20fe4e3dae2f23dd3,0x50c5725949a6f0c72e6c4a641f24049a917db0cb,DAI,18,2026-06-17,-3348659796649375202754,101
0x345825a980bd94e1480bc4f20fe4e3dae2f23dd3,0x50c5725949a6f0c72e6c4a641f24049a917db0cb,DAI,18,2026-06-18,-3588927565256508588280,138
0x345825a980bd94e1480bc4f20fe4e3dae2f23dd3,0x50c5725949a6f0c72e6c4a641f24049a917db0cb,DAI,18,2026-06-19,-12181070679026021444938,184
0x345825a980bd94e1480bc4f20fe4e3dae2f23dd3,0x50c5725949a6f0c72e6c4a641f24049a917db0cb,DAI,18,2026-06-20,-4273425110808680469206,29
0x345825a980bd94e1480bc4f20fe4e3dae2f23dd3,0x50c5725949a6f0c72e6c4a641f24049a917db0cb,DAI,18,2026-06-21,2220755990008998090332,61
0x345825a980bd94e1480bc4f20fe4e3dae2f23dd3,0x50c5725949a6f0c72e6c4a641f24049a917db0cb,DAI,18,2026-06-22,-9486422991013091191243,115
0x345825a980bd94e1480bc4f20fe4e3dae2f23dd3,0x50c5725949a6f0c72e6c4a641f24049a917db0cb,DAI,18,2026-06-23,3287052670971883976176,208
0x345825a980bd94e1480bc4f20fe4e3dae2f23dd3,0x50c5725949a6f0c72e6c4a641f24049a917db0cb,DAI,18,2026-06-24,1782621182727615099992,243
0x345825a980bd94e1480bc4f20fe4e3dae2f23dd3,0x50c5725949a6f0c72e6c4a641f24049a917db0cb,DAI,18,2026-06-25,-1636708613291112289762,127
0x345825a980bd94e1480bc4f20fe4e3dae2f23dd3,0x50c5725949a6f0c72e6c4a641f24049a917db0cb,DAI,18,2026-06-26,-2709728771085115219342,131
0x345825a980bd94e1480bc4f20fe4e3dae2f23dd3,0x50c5725949a6f0c72e6c4a641f24049a917db0cb,DAI,18,2026-06-27,-1473737358524816122196,67
0x345825a980bd94e1480bc4f20fe4e3dae2f23dd3,0x50c5725949a6f0c72e6c4a641f24049a917db0cb,DAI,18,2026-06-28,2771432303094074571633,148
0x345825a980bd94e1480bc4f20fe4e3dae2f23dd3,0x50c5725949a6f0c72e6c4a641f24049a917db0cb,DAI,18,2026-06-29,-2528478462307840129766,150
0x345825a980bd94e1480bc4f20fe4e3dae2f23dd3,0x50c5725949a6f0c72e6c4a641f24049a917db0cb,DAI,18,2026-06-30,9564007534995253631050,88
0x345825a980bd94e1480bc4f20fe4e3dae2f23dd3,0x50c5725949a6f0c72e6c4a641f24049a917db0cb,DAI,18,2026-07-01,2960872024922274856592,151
0x345825a980bd94e1480bc4f20fe4e3dae2f23dd3,0x50c5725949a6f0c72e6c4a641f24049a917db0cb,DAI,18,2026-07-02,36273909712359830527300,153
0x345825a980bd94e1480bc4f20fe4e3dae2f23dd3,0x50c5725949a6f0c72e6c4a641f24049a917db0cb,DAI,18,2026-07-03,-10359048546247213237764,95
0x345825a980bd94e1480bc4f20fe4e3dae2f23dd3,0x50c5725949a6f0c72e6c4a641f24049a917db0cb,DAI,18,2026-07-04,-1456878561264997273881,62
0x345825a980bd94e1480bc4f20fe4e3dae2f23dd3,0x50c5725949a6f0c72e6c4a641f24049a917db0cb,DAI,18,2026-07-05,1352347354017007967515,57
0x345825a980bd94e1480bc4f20fe4e3dae2f23dd3,0x50c5725949a6f0c72e6c4a641f24049a917db0cb,DAI,18,2026-07-06,-830346323860818696,102
0x345825a980bd94e1480bc4f20fe4e3dae2f23dd3,0x50c5725949a6f0c72e6c4a641f24049a917db0cb,DAI,18,2026-07-07,-73034168318295197666,90
0x345825a980bd94e1480bc4f20fe4e3dae2f23dd3,0x50c5725949a6f0c72e6c4a641f24049a917db0cb,DAI,18,2026-07-08,-2936682236106189265488,112
0x345825a980bd94e1480bc4f20fe4e3dae2f23dd3,0x50c5725949a6f0c72e6c4a641f24049a917db0cb,DAI,18,2026-07-09,-4999694655692141589256,89
0x345825a980bd94e1480bc4f20fe4e3dae2f23dd3,0x50c5725949a6f0c72e6c4a641f24049a917db0cb,DAI,18,2026-07-10,-4206716419989691948646,92
0x345825a980bd94e1480bc4f20fe4e3dae2f23dd3,0x50c5725949a6f0c72e6c4a641f24049a917db0cb,DAI,18,2026-07-11,-158899054075692725528,47
0x345825a980bd94e1480bc4f20fe4e3dae2f23dd3,0x50c5725949a6f0c72e6c4a641f24049a917db0cb,DAI,18,2026-07-12,2080215705640133768957,95
0x345825a980bd94e1480bc4f20fe4e3dae2f23dd3,0x50c5725949a6f0c72e6c4a641f24049a917db0cb,DAI,18,2026-07-13,-2074941654121810586102,143
0x345825a980bd94e1480bc4f20fe4e3dae2f23dd3,0x50c5725949a6f0c72e6c4a641f24049a917db0cb,DAI,18,2026-07-14,816109788980383286822,94
0x345825a980bd94e1480bc4f20fe4e3dae2f23dd3,0x50c5725949a6f0c72e6c4a641f24049a917db0cb,DAI,18,2026-07-15,-957293493859508558397,76
0x345825a980bd94e1480bc4f20fe4e3dae2f23dd3,0x50c5725949a6f0c72e6c4a641f24049a917db0cb,DAI,18,2026-07-16,-3446406010081032312643,84
0x345825a980bd94e1480bc4f20fe4e3dae2f23dd3,0x50c5725949a6f0c72e6c4a641f24049a917db0cb,DAI,18,2026-07-17,-4052042078442962611628,85
0x345825a980bd94e1480bc4f20fe4e3dae2f23dd3,0x50c5725949a6f0c72e6c4a641f24049a917db0cb,DAI,18,2026-07-18,-1715758709301028982597,40
0x345825a980bd94e1480bc4f20fe4e3dae2f23dd3,0x50c5725949a6f0c72e6c4a641f24049a917db0cb,DAI,18,2026-07-19,447184128769185395565,64
0x345825a980bd94e1480bc4f20fe4e3dae2f23dd3,0x50c5725949a6f0c72e6c4a641f24049a917db0cb,DAI,18,2026-07-20,190299789183607720969,69
0x345825a980bd94e1480bc4f20fe4e3dae2f23dd3,0x50c5725949a6f0c72e6c4a641f24049a917db0cb,DAI,18,2026-07-21,-17307642154890072968027,79
0x345825a980bd94e1480bc4f20fe4e3dae2f23dd3,0x50c5725949a6f0c72e6c4a641f24049a917db0cb,DAI,18,2026-07-22,82763362997144846666,44
0x345825a980bd94e1480bc4f20fe4e3dae2f23dd3,0x50c5725949a6f0c72e6c4a641f24049a917db0cb,DAI,18,2026-07-23,-50170277302654164943,69
0x345825a980bd94e1480bc4f20fe4e3dae2f23dd3,0x50c5725949a6f0c72e6c4a641f24049a917db0cb,DAI,18,2026-07-24,13368935384840862534,95
0x345825a980bd94e1480bc4f20fe4e3dae2f23dd3,0x833589fcd6edb6e08f4c7c32d4f71b54bda02913,USDC,6,2025-11-27,3105532517,929
0x345825a980bd94e1480bc4f20fe4e3dae2f23dd3,0x833589fcd6edb6e08f4c7c32d4f71b54bda02913,USDC,6,2025-11-28,4523780690,865
0x345825a980bd94e1480bc4f20fe4e3dae2f23dd3,0x833589fcd6edb6e08f4c7c32d4f71b54bda02913,USDC,6,2025-11-29,-2844490780,301
0x345825a980bd94e1480bc4f20fe4e3dae2f23dd3,0x833589fcd6edb6e08f4c7c32d4f71b54bda02913,USDC,6,2025-11-30,2342652872,267
0x345825a980bd94e1480bc4f20fe4e3dae2f23dd3,0x833589fcd6edb6e08f4c7c32d4f71b54bda02913,USDC,6,2025-12-01,953606996,514
0x345825a980bd94e1480bc4f20fe4e3dae2f23dd3,0x833589fcd6edb6e08f4c7c32d4f71b54bda02913,USDC,6,2025-12-02,-2202076339,518
0x345825a980bd94e1480bc4f20fe4e3dae2f23dd3,0x833589fcd6edb6e08f4c7c32d4f71b54bda02913,USDC,6,2025-12-03,-3520911562,550
0x345825a980bd94e1480bc4f20fe4e3dae2f23dd3,0x833589fcd6edb6e08f4c7c32d4f71b54bda02913,USDC,6,2025-12-04,-127456251,397
0x345825a980bd94e1480bc4f20fe4e3dae2f23dd3,0x833589fcd6edb6e08f4c7c32d4f71b54bda02913,USDC,6,2025-12-05,473908876,475
0x345825a980bd94e1480bc4f20fe4e3dae2f23dd3,0x833589fcd6edb6e08f4c7c32d4f71b54bda02913,USDC,6,2025-12-06,3230464579,185
0x345825a980bd94e1480bc4f20fe4e3dae2f23dd3,0x833589fcd6edb6e08f4c7c32d4f71b54bda02913,USDC,6,2025-12-07,2990359662,390
0x345825a980bd94e1480bc4f20fe4e3dae2f23dd3,0x833589fcd6edb6e08f4c7c32d4f71b54bda02913,USDC,6,2025-12-08,-575047608,386
0x345825a980bd94e1480bc4f20fe4e3dae2f23dd3,0x833589fcd6edb6e08f4c7c32d4f71b54bda02913,USDC,6,2025-12-09,2536387248,504
0x345825a980bd94e1480bc4f20fe4e3dae2f23dd3,0x833589fcd6edb6e08f4c7c32d4f71b54bda02913,USDC,6,2025-12-10,-7420156833,548
0x345825a980bd94e1480bc4f20fe4e3dae2f23dd3,0x833589fcd6edb6e08f4c7c32d4f71b54bda02913,USDC,6,2025-12-11,6175557436,392
0x345825a980bd94e1480bc4f20fe4e3dae2f23dd3,0x833589fcd6edb6e08f4c7c32d4f71b54bda02913,USDC,6,2025-12-12,11159655653,373
0x345825a980bd94e1480bc4f20fe4e3dae2f23dd3,0x833589fcd6edb6e08f4c7c32d4f71b54bda02913,USDC,6,2025-12-13,8485009942,331
0x345825a980bd94e1480bc4f20fe4e3dae2f23dd3,0x833589fcd6edb6e08f4c7c32d4f71b54bda02913,USDC,6,2025-12-14,8078502695,419
0x345825a980bd94e1480bc4f20fe4e3dae2f23dd3,0x833589fcd6edb6e08f4c7c32d4f71b54bda02913,USDC,6,2025-12-15,-4289927475,785
0x345825a980bd94e1480bc4f20fe4e3dae2f23dd3,0x833589fcd6edb6e08f4c7c32d4f71b54bda02913,USDC,6,2025-12-16,-3225322068,509
0x345825a980bd94e1480bc4f20fe4e3dae2f23dd3,0x833589fcd6edb6e08f4c7c32d4f71b54bda02913,USDC,6,2025-12-17,6673823264,552
0x345825a980bd94e1480bc4f20fe4e3dae2f23dd3,0x833589fcd6edb6e08f4c7c32d4f71b54bda02913,USDC,6,2025-12-18,-24447981000,979
0x345825a980bd94e1480bc4f20fe4e3dae2f23dd3,0x833589fcd6edb6e08f4c7c32d4f71b54bda02913,USDC,6,2025-12-19,13512965503,425
0x345825a980bd94e1480bc4f20fe4e3dae2f23dd3,0x833589fcd6edb6e08f4c7c32d4f71b54bda02913,USDC,6,2025-12-20,-264355122,314
0x345825a980bd94e1480bc4f20fe4e3dae2f23dd3,0x833589fcd6edb6e08f4c7c32d4f71b54bda02913,USDC,6,2025-12-21,-66754098,318
0x345825a980bd94e1480bc4f20fe4e3dae2f23dd3,0x833589fcd6edb6e08f4c7c32d4f71b54bda02913,USDC,6,2025-12-22,14311524940,540
0x345825a980bd94e1480bc4f20fe4e3dae2f23dd3,0x833589fcd6edb6e08f4c7c32d4f71b54bda02913,USDC,6,2025-12-23,-1898400627,287
0x345825a980bd94e1480bc4f20fe4e3dae2f23dd3,0x833589fcd6edb6e08f4c7c32d4f71b54bda02913,USDC,6,2025-12-24,-22594257343,393
0x345825a980bd94e1480bc4f20fe4e3dae2f23dd3,0x833589fcd6edb6e08f4c7c32d4f71b54bda02913,USDC,6,2025-12-25,2736220544,378
0x345825a980bd94e1480bc4f20fe4e3dae2f23dd3,0x833589fcd6edb6e08f4c7c32d4f71b54bda02913,USDC,6,2025-12-26,3255638667,678
0x345825a980bd94e1480bc4f20fe4e3dae2f23dd3,0x833589fcd6edb6e08f4c7c32d4f71b54bda02913,USDC,6,2025-12-27,-1304563071,187
0x345825a980bd94e1480bc4f20fe4e3dae2f23dd3,0x833589fcd6edb6e08f4c7c32d4f71b54bda02913,USDC,6,2025-12-28,-5812455385,355
0x345825a980bd94e1480bc4f20fe4e3dae2f23dd3,0x833589fcd6edb6e08f4c7c32d4f71b54bda02913,USDC,6,2025-12-29,-1837796223,383
0x345825a980bd94e1480bc4f20fe4e3dae2f23dd3,0x833589fcd6edb6e08f4c7c32d4f71b54bda02913,USDC,6,2025-12-30,-9901612774,558
0x345825a980bd94e1480bc4f20fe4e3dae2f23dd3,0x833589fcd6edb6e08f4c7c32d4f71b54bda02913,USDC,6,2025-12-31,8289000544,148
0x345825a980bd94e1480bc4f20fe4e3dae2f23dd3,0x833589fcd6edb6e08f4c7c32d4f71b54bda02913,USDC,6,2026-01-01,17931229142,89
0x345825a980bd94e1480bc4f20fe4e3dae2f23dd3,0x833589fcd6edb6e08f4c7c32d4f71b54bda02913,USDC,6,2026-01-02,1424773130,272
0x345825a980bd94e1480bc4f20fe4e3dae2f23dd3,0x833589fcd6edb6e08f4c7c32d4f71b54bda02913,USDC,6,2026-01-03,294700206,190
0x345825a980bd94e1480bc4f20fe4e3dae2f23dd3,0x833589fcd6edb6e08f4c7c32d4f71b54bda02913,USDC,6,2026-01-04,-13244953558,291
0x345825a980bd94e1480bc4f20fe4e3dae2f23dd3,0x833589fcd6edb6e08f4c7c32d4f71b54bda02913,USDC,6,2026-01-05,20308074608,598
0x345825a980bd94e1480bc4f20fe4e3dae2f23dd3,0x833589fcd6edb6e08f4c7c32d4f71b54bda02913,USDC,6,2026-01-06,48684589337,380
0x345825a980bd94e1480bc4f20fe4e3dae2f23dd3,0x833589fcd6edb6e08f4c7c32d4f71b54bda02913,USDC,6,2026-01-07,45151143500,447
0x345825a980bd94e1480bc4f20fe4e3dae2f23dd3,0x833589fcd6edb6e08f4c7c32d4f71b54bda02913,USDC,6,2026-01-08,-32645918406,208
0x345825a980bd94e1480bc4f20fe4e3dae2f23dd3,0x833589fcd6edb6e08f4c7c32d4f71b54bda02913,USDC,6,2026-01-09,-7606865682,166
0x345825a980bd94e1480bc4f20fe4e3dae2f23dd3,0x833589fcd6edb6e08f4c7c32d4f71b54bda02913,USDC,6,2026-01-10,39132334725,229
0x345825a980bd94e1480bc4f20fe4e3dae2f23dd3,0x833589fcd6edb6e08f4c7c32d4f71b54bda02913,USDC,6,2026-01-11,-13227183217,286
0x345825a980bd94e1480bc4f20fe4e3dae2f23dd3,0x833589fcd6edb6e08f4c7c32d4f71b54bda02913,USDC,6,2026-01-12,17393498687,390
0x345825a980bd94e1480bc4f20fe4e3dae2f23dd3,0x833589fcd6edb6e08f4c7c32d4f71b54bda02913,USDC,6,2026-01-13,-36077878679,738
0x345825a980bd94e1480bc4f20fe4e3dae2f23dd3,0x833589fcd6edb6e08f4c7c32d4f71b54bda02913,USDC,6,2026-01-14,61581920477,509
0x345825a980bd94e1480bc4f20fe4e3dae2f23dd3,0x833589fcd6edb6e08f4c7c32d4f71b54bda02913,USDC,6,2026-01-15,-19238342008,411
0x345825a980bd94e1480bc4f20fe4e3dae2f23dd3,0x833589fcd6edb6e08f4c7c32d4f71b54bda02913,USDC,6,2026-01-16,-39899856198,1011
0x345825a980bd94e1480bc4f20fe4e3dae2f23dd3,0x833589fcd6edb6e08f4c7c32d4f71b54bda02913,USDC,6,2026-01-17,32701500175,1147
0x345825a980bd94e1480bc4f20fe4e3dae2f23dd3,0x833589fcd6edb6e08f4c7c32d4f71b54bda02913,USDC,6,2026-01-18,6329346699,570
0x345825a980bd94e1480bc4f20fe4e3dae2f23dd3,0x833589fcd6edb6e08f4c7c32d4f71b54bda02913,USDC,6,2026-01-19,-41823817914,646
0x345825a980bd94e1480bc4f20fe4e3dae2f23dd3,0x833589fcd6edb6e08f4c7c32d4f71b54bda02913,USDC,6,2026-01-20,221364060783,4385
0x345825a980bd94e1480bc4f20fe4e3dae2f23dd3,0x833589fcd6edb6e08f4c7c32d4f71b54bda02913,USDC,6,2026-01-21,145660735565,5286
0x345825a980bd94e1480bc4f20fe4e3dae2f23dd3,0x833589fcd6edb6e08f4c7c32d4f71b54bda02913,USDC,6,2026-01-22,-253864608867,405
0x345825a980bd94e1480bc4f20fe4e3dae2f23dd3,0x833589fcd6edb6e08f4c7c32d4f71b54bda02913,USDC,6,2026-01-23,-42369037606,127
0x345825a980bd94e1480bc4f20fe4e3dae2f23dd3,0x833589fcd6edb6e08f4c7c32d4f71b54bda02913,USDC,6,2026-01-24,-8744392751,233
0x345825a980bd94e1480bc4f20fe4e3dae2f23dd3,0x833589fcd6edb6e08f4c7c32d4f71b54bda02913,USDC,6,2026-01-25,-19994003646,377
0x345825a980bd94e1480bc4f20fe4e3dae2f23dd3,0x833589fcd6edb6e08f4c7c32d4f71b54bda02913,USDC,6,2026-01-26,9227168870,310
0x345825a980bd94e1480bc4f20fe4e3dae2f23dd3,0x833589fcd6edb6e08f4c7c32d4f71b54bda02913,USDC,6,2026-01-27,-72122350958,157
0x345825a980bd94e1480bc4f20fe4e3dae2f23dd3,0x833589fcd6edb6e08f4c7c32d4f71b54bda02913,USDC,6,2026-01-28,22542469990,305
0x345825a980bd94e1480bc4f20fe4e3dae2f23dd3,0x833589fcd6edb6e08f4c7c32d4f71b54bda02913,USDC,6,2026-01-29,-8760467462,166
0x345825a980bd94e1480bc4f20fe4e3dae2f23dd3,0x833589fcd6edb6e08f4c7c32d4f71b54bda02913,USDC,6,2026-01-30,-19558387616,80
0x345825a980bd94e1480bc4f20fe4e3dae2f23dd3,0x833589fcd6edb6e08f4c7c32d4f71b54bda02913,USDC,6,2026-01-31,-8394442776,87
0x345825a980bd94e1480bc4f20fe4e3dae2f23dd3,0x833589fcd6edb6e08f4c7c32d4f71b54bda02913,USDC,6,2026-02-01,-20870236972,158
0x345825a980bd94e1480bc4f20fe4e3dae2f23dd3,0x833589fcd6edb6e08f4c7c32d4f71b54bda02913,USDC,6,2026-02-02,58351462871,178
0x345825a980bd94e1480bc4f20fe4e3dae2f23dd3,0x833589fcd6edb6e08f4c7c32d4f71b54bda02913,USDC,6,2026-02-03,-776203136,166
0x345825a980bd94e1480bc4f20fe4e3dae2f23dd3,0x833589fcd6edb6e08f4c7c32d4f71b54bda02913,USDC,6,2026-02-04,-17078632314,160
0x345825a980bd94e1480bc4f20fe4e3dae2f23dd3,0x833589fcd6edb6e08f4c7c32d4f71b54bda02913,USDC,6,2026-02-05,-14512399880,249
0x345825a980bd94e1480bc4f20fe4e3dae2f23dd3,0x833589fcd6edb6e08f4c7c32d4f71b54bda02913,USDC,6,2026-02-06,-15555025486,260
0x345825a980bd94e1480bc4f20fe4e3dae2f23dd3,0x833589fcd6edb6e08f4c7c32d4f71b54bda02913,USDC,6,2026-02-07,-8002277992,371
0x345825a980bd94e1480bc4f20fe4e3dae2f23dd3,0x833589fcd6edb6e08f4c7c32d4f71b54bda02913,USDC,6,2026-02-08,2228209318,127
0x345825a980bd94e1480bc4f20fe4e3dae2f23dd3,0x833589fcd6edb6e08f4c7c32d4f71b54bda02913,USDC,6,2026-02-09,-1804174750,283
0x345825a980bd94e1480bc4f20fe4e3dae2f23dd3,0x833589fcd6edb6e08f4c7c32d4f71b54bda02913,USDC,6,2026-02-10,-20248700060,436
0x345825a980bd94e1480bc4f20fe4e3dae2f23dd3,0x833589fcd6edb6e08f4c7c32d4f71b54bda02913,USDC,6,2026-02-11,38620414604,501
0x345825a980bd94e1480bc4f20fe4e3dae2f23dd3,0x833589fcd6edb6e08f4c7c32d4f71b54bda02913,USDC,6,2026-02-12,-6873322721,157
0x345825a980bd94e1480bc4f20fe4e3dae2f23dd3,0x833589fcd6edb6e08f4c7c32d4f71b54bda02913,USDC,6,2026-02-13,-1886761756,132
0x345825a980bd94e1480bc4f20fe4e3dae2f23dd3,0x833589fcd6edb6e08f4c7c32d4f71b54bda02913,USDC,6,2026-02-14,-5704717270,150
0x345825a980bd94e1480bc4f20fe4e3dae2f23dd3,0x833589fcd6edb6e08f4c7c32d4f71b54bda02913,USDC,6,2026-02-15,-21384117666,240
0x345825a980bd94e1480bc4f20fe4e3dae2f23dd3,0x833589fcd6edb6e08f4c7c32d4f71b54bda02913,USDC,6,2026-02-16,44084973365,149
0x345825a980bd94e1480bc4f20fe4e3dae2f23dd3,0x833589fcd6edb6e08f4c7c32d4f71b54bda02913,USDC,6,2026-02-17,41013894203,123
0x345825a980bd94e1480bc4f20fe4e3dae2f23dd3,0x833589fcd6edb6e08f4c7c32d4f71b54bda02913,USDC,6,2026-02-18,5968938176,96
0x345825a980bd94e1480bc4f20fe4e3dae2f23dd3,0x833589fcd6edb6e08f4c7c32d4f71b54bda02913,USDC,6,2026-02-19,-26087436698,36
0x345825a980bd94e1480bc4f20fe4e3dae2f23dd3,0x833589fcd6edb6e08f4c7c32d4f71b54bda02913,USDC,6,2026-02-20,-7234707,27
0x345825a980bd94e1480bc4f20fe4e3dae2f23dd3,0x833589fcd6edb6e08f4c7c32d4f71b54bda02913,USDC,6,2026-02-21,-1522009952,19
0x345825a980bd94e1480bc4f20fe4e3dae2f23dd3,0x833589fcd6edb6e08f4c7c32d4f71b54bda02913,USDC,6,2026-02-22,-7309369622,41
0x345825a980bd94e1480bc4f20fe4e3dae2f23dd3,0x833589fcd6edb6e08f4c7c32d4f71b54bda02913,USDC,6,2026-02-23,204751325,92
0x345825a980bd94e1480bc4f20fe4e3dae2f23dd3,0x833589fcd6edb6e08f4c7c32d4f71b54bda02913,USDC,6,2026-02-24,8221837943,182
0x345825a980bd94e1480bc4f20fe4e3dae2f23dd3,0x833589fcd6edb6e08f4c7c32d4f71b54bda02913,USDC,6,2026-02-25,-1568066764,179
0x345825a980bd94e1480bc4f20fe4e3dae2f23dd3,0x833589fcd6edb6e08f4c7c32d4f71b54bda02913,USDC,6,2026-02-26,-35650470420,129
0x345825a980bd94e1480bc4f20fe4e3dae2f23dd3,0x833589fcd6edb6e08f4c7c32d4f71b54bda02913,USDC,6,2026-02-27,-3033319241,135
0x345825a980bd94e1480bc4f20fe4e3dae2f23dd3,0x833589fcd6edb6e08f4c7c32d4f71b54bda02913,USDC,6,2026-02-28,2003375716,208
0x345825a980bd94e1480bc4f20fe4e3dae2f23dd3,0x833589fcd6edb6e08f4c7c32d4f71b54bda02913,USDC,6,2026-03-01,-5511857025,68
0x345825a980bd94e1480bc4f20fe4e3dae2f23dd3,0x833589fcd6edb6e08f4c7c32d4f71b54bda02913,USDC,6,2026-03-02,1538026757,235
0x345825a980bd94e1480bc4f20fe4e3dae2f23dd3,0x833589fcd6edb6e08f4c7c32d4f71b54bda02913,USDC,6,2026-03-03,-3404709741,115
0x345825a980bd94e1480bc4f20fe4e3dae2f23dd3,0x833589fcd6edb6e08f4c7c32d4f71b54bda02913,USDC,6,2026-03-04,702859460,270
0x345825a980bd94e1480bc4f20fe4e3dae2f23dd3,0x833589fcd6edb6e08f4c7c32d4f71b54bda02913,USDC,6,2026-03-05,4304994673,198
0x345825a980bd94e1480bc4f20fe4e3dae2f23dd3,0x833589fcd6edb6e08f4c7c32d4f71b54bda02913,USDC,6,2026-03-06,8886327789,146
0x345825a980bd94e1480bc4f20fe4e3dae2f23dd3,0x833589fcd6edb6e08f4c7c32d4f71b54bda02913,USDC,6,2026-03-07,195590088,160
0x345825a980bd94e1480bc4f20fe4e3dae2f23dd3,0x833589fcd6edb6e08f4c7c32d4f71b54bda02913,USDC,6,2026-03-08,-19268768676,359
0x345825a980bd94e1480bc4f20fe4e3dae2f23dd3,0x833589fcd6edb6e08f4c7c32d4f71b54bda02913,USDC,6,2026-03-09,3170321113,340
0x345825a980bd94e1480bc4f20fe4e3dae2f23dd3,0x833589fcd6edb6e08f4c7c32d4f71b54bda02913,USDC,6,2026-03-10,-2031006096,341
0x345825a980bd94e1480bc4f20fe4e3dae2f23dd3,0x833589fcd6edb6e08f4c7c32d4f71b54bda02913,USDC,6,2026-03-11,1884389535,381
0x345825a980bd94e1480bc4f20fe4e3dae2f23dd3,0x833589fcd6edb6e08f4c7c32d4f71b54bda02913,USDC,6,2026-03-12,3371546825,239
0x345825a980bd94e1480bc4f20fe4e3dae2f23dd3,0x833589fcd6edb6e08f4c7c32d4f71b54bda02913,USDC,6,2026-03-13,9074548198,240
0x345825a980bd94e1480bc4f20fe4e3dae2f23dd3,0x833589fcd6edb6e08f4c7c32d4f71b54bda02913,USDC,6,2026-03-14,-6670358667,286
0x345825a980bd94e1480bc4f20fe4e3dae2f23dd3,0x833589fcd6edb6e08f4c7c32d4f71b54bda02913,USDC,6,2026-03-15,-801936022,178
0x345825a980bd94e1480bc4f20fe4e3dae2f23dd3,0x833589fcd6edb6e08f4c7c32d4f71b54bda02913,USDC,6,2026-03-16,4226928403,232
0x345825a980bd94e1480bc4f20fe4e3dae2f23dd3,0x833589fcd6edb6e08f4c7c32d4f71b54bda02913,USDC,6,2026-03-17,64517271445,101
0x345825a980bd94e1480bc4f20fe4e3dae2f23dd3,0x833589fcd6edb6e08f4c7c32d4f71b54bda02913,USDC,6,2026-03-18,-26748193107,263
0x345825a980bd94e1480bc4f20fe4e3dae2f23dd3,0x833589fcd6edb6e08f4c7c32d4f71b54bda02913,USDC,6,2026-03-19,-6261666049,199
0x345825a980bd94e1480bc4f20fe4e3dae2f23dd3,0x833589fcd6edb6e08f4c7c32d4f71b54bda02913,USDC,6,2026-03-20,-30349280919,113
0x345825a980bd94e1480bc4f20fe4e3dae2f23dd3,0x833589fcd6edb6e08f4c7c32d4f71b54bda02913,USDC,6,2026-03-21,29543412782,247
0x345825a980bd94e1480bc4f20fe4e3dae2f23dd3,0x833589fcd6edb6e08f4c7c32d4f71b54bda02913,USDC,6,2026-03-22,620750369,161
0x345825a980bd94e1480bc4f20fe4e3dae2f23dd3,0x833589fcd6edb6e08f4c7c32d4f71b54bda02913,USDC,6,2026-03-23,-1252539960,154
0x345825a980bd94e1480bc4f20fe4e3dae2f23dd3,0x833589fcd6edb6e08f4c7c32d4f71b54bda02913,USDC,6,2026-03-24,-2917021126,169
0x345825a980bd94e1480bc4f20fe4e3dae2f23dd3,0x833589fcd6edb6e08f4c7c32d4f71b54bda02913,USDC,6,2026-03-25,-17893209007,174
0x345825a980bd94e1480bc4f20fe4e3dae2f23dd3,0x833589fcd6edb6e08f4c7c32d4f71b54bda02913,USDC,6,2026-03-26,1191456945,114
0x345825a980bd94e1480bc4f20fe4e3dae2f23dd3,0x833589fcd6edb6e08f4c7c32d4f71b54bda02913,USDC,6,2026-03-27,-5830547904,132
0x345825a980bd94e1480bc4f20fe4e3dae2f23dd3,0x833589fcd6edb6e08f4c7c32d4f71b54bda02913,USDC,6,2026-03-28,271429270,78
0x345825a980bd94e1480bc4f20fe4e3dae2f23dd3,0x833589fcd6edb6e08f4c7c32d4f71b54bda02913,USDC,6,2026-03-29,-18460442682,103
0x345825a980bd94e1480bc4f20fe4e3dae2f23dd3,0x833589fcd6edb6e08f4c7c32d4f71b54bda02913,USDC,6,2026-03-30,18450244699,102
0x345825a980bd94e1480bc4f20fe4e3dae2f23dd3,0x833589fcd6edb6e08f4c7c32d4f71b54bda02913,USDC,6,2026-03-31,-10983266937,133
0x345825a980bd94e1480bc4f20fe4e3dae2f23dd3,0x833589fcd6edb6e08f4c7c32d4f71b54bda02913,USDC,6,2026-04-01,-7651455845,131
0x345825a980bd94e1480bc4f20fe4e3dae2f23dd3,0x833589fcd6edb6e08f4c7c32d4f71b54bda02913,USDC,6,2026-04-02,-8423221626,80
0x345825a980bd94e1480bc4f20fe4e3dae2f23dd3,0x833589fcd6edb6e08f4c7c32d4f71b54bda02913,USDC,6,2026-04-03,35373511032,44
0x345825a980bd94e1480bc4f20fe4e3dae2f23dd3,0x833589fcd6edb6e08f4c7c32d4f71b54bda02913,USDC,6,2026-04-04,1028543105,29
0x345825a980bd94e1480bc4f20fe4e3dae2f23dd3,0x833589fcd6edb6e08f4c7c32d4f71b54bda02913,USDC,6,2026-04-05,-5237737982,77
0x345825a980bd94e1480bc4f20fe4e3dae2f23dd3,0x833589fcd6edb6e08f4c7c32d4f71b54bda02913,USDC,6,2026-04-06,-7382419627,91
0x345825a980bd94e1480bc4f20fe4e3dae2f23dd3,0x833589fcd6edb6e08f4c7c32d4f71b54bda02913,USDC,6,2026-04-07,-9173843976,76
0x345825a980bd94e1480bc4f20fe4e3dae2f23dd3,0x833589fcd6edb6e08f4c7c32d4f71b54bda02913,USDC,6,2026-04-08,-2760451696,65
0x345825a980bd94e1480bc4f20fe4e3dae2f23dd3,0x833589fcd6edb6e08f4c7c32d4f71b54bda02913,USDC,6,2026-04-09,-931885078,71
0x345825a980bd94e1480bc4f20fe4e3dae2f23dd3,0x833589fcd6edb6e08f4c7c32d4f71b54bda02913,USDC,6,2026-04-10,2542886592,74
0x345825a980bd94e1480bc4f20fe4e3dae2f23dd3,0x833589fcd6edb6e08f4c7c32d4f71b54bda02913,USDC,6,2026-04-11,509006292,42
0x345825a980bd94e1480bc4f20fe4e3dae2f23dd3,0x833589fcd6edb6e08f4c7c32d4f71b54bda02913,USDC,6,2026-04-12,-395220395,74
0x345825a980bd94e1480bc4f20fe4e3dae2f23dd3,0x833589fcd6edb6e08f4c7c32d4f71b54bda02913,USDC,6,2026-04-13,3400655502,93
0x345825a980bd94e1480bc4f20fe4e3dae2f23dd3,0x833589fcd6edb6e08f4c7c32d4f71b54bda02913,USDC,6,2026-04-14,-22036900096,162
0x345825a980bd94e1480bc4f20fe4e3dae2f23dd3,0x833589fcd6edb6e08f4c7c32d4f71b54bda02913,USDC,6,2026-04-15,6307666377,104
0x345825a980bd94e1480bc4f20fe4e3dae2f23dd3,0x833589fcd6edb6e08f4c7c32d4f71b54bda02913,USDC,6,2026-04-16,-1968518438,46
0x345825a980bd94e1480bc4f20fe4e3dae2f23dd3,0x833589fcd6edb6e08f4c7c32d4f71b54bda02913,USDC,6,2026-04-17,614785114,111
0x345825a980bd94e1480bc4f20fe4e3dae2f23dd3,0x833589fcd6edb6e08f4c7c32d4f71b54bda02913,USDC,6,2026-04-18,1489589647,51
0x345825a980bd94e1480bc4f20fe4e3dae2f23dd3,0x833589fcd6edb6e08f4c7c32d4f71b54bda02913,USDC,6,2026-04-19,-208494040,170
0x345825a980bd94e1480bc4f20fe4e3dae2f23dd3,0x833589fcd6edb6e08f4c7c32d4f71b54bda02913,USDC,6,2026-04-20,672918637,88
0x345825a980bd94e1480bc4f20fe4e3dae2f23dd3,0x833589fcd6edb6e08f4c7c32d4f71b54bda02913,USDC,6,2026-04-21,-727706344,134
0x345825a980bd94e1480bc4f20fe4e3dae2f23dd3,0x833589fcd6edb6e08f4c7c32d4f71b54bda02913,USDC,6,2026-04-22,5308415171,110
0x345825a980bd94e1480bc4f20fe4e3dae2f23dd3,0x833589fcd6edb6e08f4c7c32d4f71b54bda02913,USDC,6,2026-04-23,18627301883,145
0x345825a980bd94e1480bc4f20fe4e3dae2f23dd3,0x833589fcd6edb6e08f4c7c32d4f71b54bda02913,USDC,6,2026-04-24,-7982597646,84
0x345825a980bd94e1480bc4f20fe4e3dae2f23dd3,0x833589fcd6edb6e08f4c7c32d4f71b54bda02913,USDC,6,2026-04-25,-6838618230,33
0x345825a980bd94e1480bc4f20fe4e3dae2f23dd3,0x833589fcd6edb6e08f4c7c32d4f71b54bda02913,USDC,6,2026-04-26,32702165185,106
0x345825a980bd94e1480bc4f20fe4e3dae2f23dd3,0x833589fcd6edb6e08f4c7c32d4f71b54bda02913,USDC,6,2026-04-27,-8364447551,132
0x345825a980bd94e1480bc4f20fe4e3dae2f23dd3,0x833589fcd6edb6e08f4c7c32d4f71b54bda02913,USDC,6,2026-04-28,3310490624,108
0x345825a980bd94e1480bc4f20fe4e3dae2f23dd3,0x833589fcd6edb6e08f4c7c32d4f71b54bda02913,USDC,6,2026-04-29,911377462,109
0x345825a980bd94e1480bc4f20fe4e3dae2f23dd3,0x833589fcd6edb6e08f4c7c32d4f71b54bda02913,USDC,6,2026-04-30,770496086,87
0x345825a980bd94e1480bc4f20fe4e3dae2f23dd3,0x833589fcd6edb6e08f4c7c32d4f71b54bda02913,USDC,6,2026-05-01,-315380526,78
0x345825a980bd94e1480bc4f20fe4e3dae2f23dd3,0x833589fcd6edb6e08f4c7c32d4f71b54bda02913,USDC,6,2026-05-02,2088632227,118
0x345825a980bd94e1480bc4f20fe4e3dae2f23dd3,0x833589fcd6edb6e08f4c7c32d4f71b54bda02913,USDC,6,2026-05-03,-2832350039,92
0x345825a980bd94e1480bc4f20fe4e3dae2f23dd3,0x833589fcd6edb6e08f4c7c32d4f71b54bda02913,USDC,6,2026-05-04,-373341704,91
0x345825a980bd94e1480bc4f20fe4e3dae2f23dd3,0x833589fcd6edb6e08f4c7c32d4f71b54bda02913,USDC,6,2026-05-05,1228028077,108
0x345825a980bd94e1480bc4f20fe4e3dae2f23dd3,0x833589fcd6edb6e08f4c7c32d4f71b54bda02913,USDC,6,2026-05-06,1159014324,82
0x345825a980bd94e1480bc4f20fe4e3dae2f23dd3,0x833589fcd6edb6e08f4c7c32d4f71b54bda02913,USDC,6,2026-05-07,6311331920,172
0x345825a980bd94e1480bc4f20fe4e3dae2f23dd3,0x833589fcd6edb6e08f4c7c32d4f71b54bda02913,USDC,6,2026-05-08,1998367707,280
0x345825a980bd94e1480bc4f20fe4e3dae2f23dd3,0x833589fcd6edb6e08f4c7c32d4f71b54bda02913,USDC,6,2026-05-09,-10315670981,117
0x345825a980bd94e1480bc4f20fe4e3dae2f23dd3,0x833589fcd6edb6e08f4c7c32d4f71b54bda02913,USDC,6,2026-05-10,-5648912749,279
0x345825a980bd94e1480bc4f20fe4e3dae2f23dd3,0x833589fcd6edb6e08f4c7c32d4f71b54bda02913,USDC,6,2026-05-11,-11780755221,271
0x345825a980bd94e1480bc4f20fe4e3dae2f23dd3,0x833589fcd6edb6e08f4c7c32d4f71b54bda02913,USDC,6,2026-05-12,1155955682,239
0x345825a980bd94e1480bc4f20fe4e3dae2f23dd3,0x833589fcd6edb6e08f4c7c32d4f71b54bda02913,USDC,6,2026-05-13,-3927548404,277
0x345825a980bd94e1480bc4f20fe4e3dae2f23dd3,0x833589fcd6edb6e08f4c7c32d4f71b54bda02913,USDC,6,2026-05-14,-3165776473,262
0x345825a980bd94e1480bc4f20fe4e3dae2f23dd3,0x833589fcd6edb6e08f4c7c32d4f71b54bda02913,USDC,6,2026-05-15,4171108180,131
0x345825a980bd94e1480bc4f20fe4e3dae2f23dd3,0x833589fcd6edb6e08f4c7c32d4f71b54bda02913,USDC,6,2026-05-16,6014876334,100
0x345825a980bd94e1480bc4f20fe4e3dae2f23dd3,0x833589fcd6edb6e08f4c7c32d4f71b54bda02913,USDC,6,2026-05-17,2865368959,77
0x345825a980bd94e1480bc4f20fe4e3dae2f23dd3,0x833589fcd6edb6e08f4c7c32d4f71b54bda02913,USDC,6,2026-05-18,-1501748529,157
0x345825a980bd94e1480bc4f20fe4e3dae2f23dd3,0x833589fcd6edb6e08f4c7c32d4f71b54bda02913,USDC,6,2026-05-19,1391427254,68
0x345825a980bd94e1480bc4f20fe4e3dae2f23dd3,0x833589fcd6edb6e08f4c7c32d4f71b54bda02913,USDC,6,2026-05-20,962668799,118
0x345825a980bd94e1480bc4f20fe4e3dae2f23dd3,0x833589fcd6edb6e08f4c7c32d4f71b54bda02913,USDC,6,2026-05-21,961934080,93
0x345825a980bd94e1480bc4f20fe4e3dae2f23dd3,0x833589fcd6edb6e08f4c7c32d4f71b54bda02913,USDC,6,2026-05-22,-3442432486,155
0x345825a980bd94e1480bc4f20fe4e3dae2f23dd3,0x833589fcd6edb6e08f4c7c32d4f71b54bda02913,USDC,6,2026-05-23,-1757273300,273
0x345825a980bd94e1480bc4f20fe4e3dae2f23dd3,0x833589fcd6edb6e08f4c7c32d4f71b54bda02913,USDC,6,2026-05-24,-584351792,151
0x345825a980bd94e1480bc4f20fe4e3dae2f23dd3,0x833589fcd6edb6e08f4c7c32d4f71b54bda02913,USDC,6,2026-05-25,8724427022,115
0x345825a980bd94e1480bc4f20fe4e3dae2f23dd3,0x833589fcd6edb6e08f4c7c32d4f71b54bda02913,USDC,6,2026-05-26,-6641549056,178
0x345825a980bd94e1480bc4f20fe4e3dae2f23dd3,0x833589fcd6edb6e08f4c7c32d4f71b54bda02913,USDC,6,2026-05-27,-35785712590,177
0x345825a980bd94e1480bc4f20fe4e3dae2f23dd3,0x833589fcd6edb6e08f4c7c32d4f71b54bda02913,USDC,6,2026-05-28,-206635078,104
0x345825a980bd94e1480bc4f20fe4e3dae2f23dd3,0x833589fcd6edb6e08f4c7c32d4f71b54bda02913,USDC,6,2026-05-29,-8146938141,121
0x345825a980bd94e1480bc4f20fe4e3dae2f23dd3,0x833589fcd6edb6e08f4c7c32d4f71b54bda02913,USDC,6,2026-05-30,-1499542985,87
0x345825a980bd94e1480bc4f20fe4e3dae2f23dd3,0x833589fcd6edb6e08f4c7c32d4f71b54bda02913,USDC,6,2026-05-31,-333333038,150
0x345825a980bd94e1480bc4f20fe4e3dae2f23dd3,0x833589fcd6edb6e08f4c7c32d4f71b54bda02913,USDC,6,2026-06-01,1021807290,112
0x345825a980bd94e1480bc4f20fe4e3dae2f23dd3,0x833589fcd6edb6e08f4c7c32d4f71b54bda02913,USDC,6,2026-06-02,-13088356072,183
0x345825a980bd94e1480bc4f20fe4e3dae2f23dd3,0x833589fcd6edb6e08f4c7c32d4f71b54bda02913,USDC,6,2026-06-03,11098607435,234
0x345825a980bd94e1480bc4f20fe4e3dae2f23dd3,0x833589fcd6edb6e08f4c7c32d4f71b54bda02913,USDC,6,2026-06-04,2065670169,214
0x345825a980bd94e1480bc4f20fe4e3dae2f23dd3,0x833589fcd6edb6e08f4c7c32d4f71b54bda02913,USDC,6,2026-06-05,-751836230,233
0x345825a980bd94e1480bc4f20fe4e3dae2f23dd3,0x833589fcd6edb6e08f4c7c32d4f71b54bda02913,USDC,6,2026-06-06,1834839201,111
0x345825a980bd94e1480bc4f20fe4e3dae2f23dd3,0x833589fcd6edb6e08f4c7c32d4f71b54bda02913,USDC,6,2026-06-07,-9318770440,255
0x345825a980bd94e1480bc4f20fe4e3dae2f23dd3,0x833589fcd6edb6e08f4c7c32d4f71b54bda02913,USDC,6,2026-06-08,-158919416,237
0x345825a980bd94e1480bc4f20fe4e3dae2f23dd3,0x833589fcd6edb6e08f4c7c32d4f71b54bda02913,USDC,6,2026-06-09,-4111398810,234
0x345825a980bd94e1480bc4f20fe4e3dae2f23dd3,0x833589fcd6edb6e08f4c7c32d4f71b54bda02913,USDC,6,2026-06-10,2340988646,186
0x345825a980bd94e1480bc4f20fe4e3dae2f23dd3,0x833589fcd6edb6e08f4c7c32d4f71b54bda02913,USDC,6,2026-06-11,2193406169,160
0x345825a980bd94e1480bc4f20fe4e3dae2f23dd3,0x833589fcd6edb6e08f4c7c32d4f71b54bda02913,USDC,6,2026-06-12,-38741120,133
0x345825a980bd94e1480bc4f20fe4e3dae2f23dd3,0x833589fcd6edb6e08f4c7c32d4f71b54bda02913,USDC,6,2026-06-13,6293844559,89
0x345825a980bd94e1480bc4f20fe4e3dae2f23dd3,0x833589fcd6edb6e08f4c7c32d4f71b54bda02913,USDC,6,2026-06-14,-228574653,81
0x345825a980bd94e1480bc4f20fe4e3dae2f23dd3,0x833589fcd6edb6e08f4c7c32d4f71b54bda02913,USDC,6,2026-06-15,4278085490,180
0x345825a980bd94e1480bc4f20fe4e3dae2f23dd3,0x833589fcd6edb6e08f4c7c32d4f71b54bda02913,USDC,6,2026-06-16,2133486044,106
0x345825a980bd94e1480bc4f20fe4e3dae2f23dd3,0x833589fcd6edb6e08f4c7c32d4f71b54bda02913,USDC,6,2026-06-17,3348039963,101
0x345825a980bd94e1480bc4f20fe4e3dae2f23dd3,0x833589fcd6edb6e08f4c7c32d4f71b54bda02913,USDC,6,2026-06-18,3590896387,138
0x345825a980bd94e1480bc4f20fe4e3dae2f23dd3,0x833589fcd6edb6e08f4c7c32d4f71b54bda02913,USDC,6,2026-06-19,12179727574,184
0x345825a980bd94e1480bc4f20fe4e3dae2f23dd3,0x833589fcd6edb6e08f4c7c32d4f71b54bda02913,USDC,6,2026-06-20,4271201410,29
0x345825a980bd94e1480bc4f20fe4e3dae2f23dd3,0x833589fcd6edb6e08f4c7c32d4f71b54bda02913,USDC,6,2026-06-21,-2222029728,61
0x345825a980bd94e1480bc4f20fe4e3dae2f23dd3,0x833589fcd6edb6e08f4c7c32d4f71b54bda02913,USDC,6,2026-06-22,9489078551,115
0x345825a980bd94e1480bc4f20fe4e3dae2f23dd3,0x833589fcd6edb6e08f4c7c32d4f71b54bda02913,USDC,6,2026-06-23,-3287462037,208
0x345825a980bd94e1480bc4f20fe4e3dae2f23dd3,0x833589fcd6edb6e08f4c7c32d4f71b54bda02913,USDC,6,2026-06-24,-1781824663,243
0x345825a980bd94e1480bc4f20fe4e3dae2f23dd3,0x833589fcd6edb6e08f4c7c32d4f71b54bda02913,USDC,6,2026-06-25,1638110574,127
0x345825a980bd94e1480bc4f20fe4e3dae2f23dd3,0x833589fcd6edb6e08f4c7c32d4f71b54bda02913,USDC,6,2026-06-26,2707502653,131
0x345825a980bd94e1480bc4f20fe4e3dae2f23dd3,0x833589fcd6edb6e08f4c7c32d4f71b54bda02913,USDC,6,2026-06-27,1474464220,67
0x345825a980bd94e1480bc4f20fe4e3dae2f23dd3,0x833589fcd6edb6e08f4c7c32d4f71b54bda02913,USDC,6,2026-06-28,-2771746742,148
0x345825a980bd94e1480bc4f20fe4e3dae2f23dd3,0x833589fcd6edb6e08f4c7c32d4f71b54bda02913,USDC,6,2026-06-29,2532593800,150
0x345825a980bd94e1480bc4f20fe4e3dae2f23dd3,0x833589fcd6edb6e08f4c7c32d4f71b54bda02913,USDC,6,2026-06-30,-9565471333,88
0x345825a980bd94e1480bc4f20fe4e3dae2f23dd3,0x833589fcd6edb6e08f4c7c32d4f71b54bda02913,USDC,6,2026-07-01,-2959260650,151
0x345825a980bd94e1480bc4f20fe4e3dae2f23dd3,0x833589fcd6edb6e08f4c7c32d4f71b54bda02913,USDC,6,2026-07-02,-36253705853,153
0x345825a980bd94e1480bc4f20fe4e3dae2f23dd3,0x833589fcd6edb6e08f4c7c32d4f71b54bda02913,USDC,6,2026-07-03,348800014,95
0x345825a980bd94e1480bc4f20fe4e3dae2f23dd3,0x833589fcd6edb6e08f4c7c32d4f71b54bda02913,USDC,6,2026-07-04,1455951288,62
0x345825a980bd94e1480bc4f20fe4e3dae2f23dd3,0x833589fcd6edb6e08f4c7c32d4f71b54bda02913,USDC,6,2026-07-05,-1351051842,57
0x345825a980bd94e1480bc4f20fe4e3dae2f23dd3,0x833589fcd6edb6e08f4c7c32d4f71b54bda02913,USDC,6,2026-07-06,-1240793,102
0x345825a980bd94e1480bc4f20fe4e3dae2f23dd3,0x833589fcd6edb6e08f4c7c32d4f71b54bda02913,USDC,6,2026-07-07,73397714,90
0x345825a980bd94e1480bc4f20fe4e3dae2f23dd3,0x833589fcd6edb6e08f4c7c32d4f71b54bda02913,USDC,6,2026-07-08,2935733727,112
0x345825a980bd94e1480bc4f20fe4e3dae2f23dd3,0x833589fcd6edb6e08f4c7c32d4f71b54bda02913,USDC,6,2026-07-09,4997617014,89
0x345825a980bd94e1480bc4f20fe4e3dae2f23dd3,0x833589fcd6edb6e08f4c7c32d4f71b54bda02913,USDC,6,2026-07-10,4204270676,92
0x345825a980bd94e1480bc4f20fe4e3dae2f23dd3,0x833589fcd6edb6e08f4c7c32d4f71b54bda02913,USDC,6,2026-07-11,159465710,47
0x345825a980bd94e1480bc4f20fe4e3dae2f23dd3,0x833589fcd6edb6e08f4c7c32d4f71b54bda02913,USDC,6,2026-07-12,-2078135405,95
0x345825a980bd94e1480bc4f20fe4e3dae2f23dd3,0x833589fcd6edb6e08f4c7c32d4f71b54bda02913,USDC,6,2026-07-13,2075929996,143
0x345825a980bd94e1480bc4f20fe4e3dae2f23dd3,0x833589fcd6edb6e08f4c7c32d4f71b54bda02913,USDC,6,2026-07-14,-811983321,94
0x345825a980bd94e1480bc4f20fe4e3dae2f23dd3,0x833589fcd6edb6e08f4c7c32d4f71b54bda02913,USDC,6,2026-07-15,957920366,76
0x345825a980bd94e1480bc4f20fe4e3dae2f23dd3,0x833589fcd6edb6e08f4c7c32d4f71b54bda02913,USDC,6,2026-07-16,3445472750,84
0x345825a980bd94e1480bc4f20fe4e3dae2f23dd3,0x833589fcd6edb6e08f4c7c32d4f71b54bda02913,USDC,6,2026-07-17,4048165571,85
0x345825a980bd94e1480bc4f20fe4e3dae2f23dd3,0x833589fcd6edb6e08f4c7c32d4f71b54bda02913,USDC,6,2026-07-18,1715841531,40
0x345825a980bd94e1480bc4f20fe4e3dae2f23dd3,0x833589fcd6edb6e08f4c7c32d4f71b54bda02913,USDC,6,2026-07-19,-446465921,64
0x345825a980bd94e1480bc4f20fe4e3dae2f23dd3,0x833589fcd6edb6e08f4c7c32d4f71b54bda02913,USDC,6,2026-07-20,-189613479,69
0x345825a980bd94e1480bc4f20fe4e3dae2f23dd3,0x833589fcd6edb6e08f4c7c32d4f71b54bda02913,USDC,6,2026-07-21,-20542876958,79
0x345825a980bd94e1480bc4f20fe4e3dae2f23dd3,0x833589fcd6edb6e08f4c7c32d4f71b54bda02913,USDC,6,2026-07-22,-82648485,44
0x345825a980bd94e1480bc4f20fe4e3dae2f23dd3,0x833589fcd6edb6e08f4c7c32d4f71b54bda02913,USDC,6,2026-07-23,50399767,69
0x345825a980bd94e1480bc4f20fe4e3dae2f23dd3,0x833589fcd6edb6e08f4c7c32d4f71b54bda02913,USDC,6,2026-07-24,-14276739,95
0x5f07bb9fee6062e9d09a52e6d587c64bad6ba706,0x833589fcd6edb6e08f4c7c32d4f71b54bda02913,USDC,6,2025-11-27,26476083182,383
0x5f07bb9fee6062e9d09a52e6d587c64bad6ba706,0x833589fcd6edb6e08f4c7c32d4f71b54bda02913,USDC,6,2025-11-28,27143006680,643
0x5f07bb9fee6062e9d09a52e6d587c64bad6ba706,0x833589fcd6edb6e08f4c7c32d4f71b54bda02913,USDC,6,2025-11-29,2964263695,497
0x5f07bb9fee6062e9d09a52e6d587c64bad6ba706,0x833589fcd6edb6e08f4c7c32d4f71b54bda02913,USDC,6,2025-11-30,-2497132428,399
0x5f07bb9fee6062e9d09a52e6d587c64bad6ba706,0x833589fcd6edb6e08f4c7c32d4f71b54bda02913,USDC,6,2025-12-01,36337615,522
0x5f07bb9fee6062e9d09a52e6d587c64bad6ba706,0x833589fcd6edb6e08f4c7c32d4f71b54bda02913,USDC,6,2025-12-02,3766062296,295
0x5f07bb9fee6062e9d09a52e6d587c64bad6ba706,0x833589fcd6edb6e08f4c7c32d4f71b54bda02913,USDC,6,2025-12-03,72958956314,246
0x5f07bb9fee6062e9d09a52e6d587c64bad6ba706,0x833589fcd6edb6e08f4c7c32d4f71b54bda02913,USDC,6,2025-12-04,-43325335754,279
0x5f07bb9fee6062e9d09a52e6d587c64bad6ba706,0x833589fcd6edb6e08f4c7c32d4f71b54bda02913,USDC,6,2025-12-05,8022727949,201
0x5f07bb9fee6062e9d09a52e6d587c64bad6ba706,0x833589fcd6edb6e08f4c7c32d4f71b54bda02913,USDC,6,2025-12-06,21206427596,272
0x5f07bb9fee6062e9d09a52e6d587c64bad6ba706,0x833589fcd6edb6e08f4c7c32d4f71b54bda02913,USDC,6,2025-12-07,58814631353,566
0x5f07bb9fee6062e9d09a52e6d587c64bad6ba706,0x833589fcd6edb6e08f4c7c32d4f71b54bda02913,USDC,6,2025-12-08,33501168988,326
0x5f07bb9fee6062e9d09a52e6d587c64bad6ba706,0x833589fcd6edb6e08f4c7c32d4f71b54bda02913,USDC,6,2025-12-09,-20803936191,1079
0x5f07bb9fee6062e9d09a52e6d587c64bad6ba706,0x833589fcd6edb6e08f4c7c32d4f71b54bda02913,USDC,6,2025-12-10,-17565299428,444
0x5f07bb9fee6062e9d09a52e6d587c64bad6ba706,0x833589fcd6edb6e08f4c7c32d4f71b54bda02913,USDC,6,2025-12-11,35047361025,247
0x5f07bb9fee6062e9d09a52e6d587c64bad6ba706,0x833589fcd6edb6e08f4c7c32d4f71b54bda02913,USDC,6,2025-12-12,-7963680712,200
0x5f07bb9fee6062e9d09a52e6d587c64bad6ba706,0x833589fcd6edb6e08f4c7c32d4f71b54bda02913,USDC,6,2025-12-13,-262594166,177
0x5f07bb9fee6062e9d09a52e6d587c64bad6ba706,0x833589fcd6edb6e08f4c7c32d4f71b54bda02913,USDC,6,2025-12-14,-1108892576,316
0x5f07bb9fee6062e9d09a52e6d587c64bad6ba706,0x833589fcd6edb6e08f4c7c32d4f71b54bda02913,USDC,6,2025-12-15,-2234485743,478
0x5f07bb9fee6062e9d09a52e6d587c64bad6ba706,0x833589fcd6edb6e08f4c7c32d4f71b54bda02913,USDC,6,2025-12-16,-19215859184,458
0x5f07bb9fee6062e9d09a52e6d587c64bad6ba706,0x833589fcd6edb6e08f4c7c32d4f71b54bda02913,USDC,6,2025-12-17,-22962029531,177
0x5f07bb9fee6062e9d09a52e6d587c64bad6ba706,0x833589fcd6edb6e08f4c7c32d4f71b54bda02913,USDC,6,2025-12-18,28019441036,300
0x5f07bb9fee6062e9d09a52e6d587c64bad6ba706,0x833589fcd6edb6e08f4c7c32d4f71b54bda02913,USDC,6,2025-12-19,4086534873,161
0x5f07bb9fee6062e9d09a52e6d587c64bad6ba706,0x833589fcd6edb6e08f4c7c32d4f71b54bda02913,USDC,6,2025-12-20,-5001792175,99
0x5f07bb9fee6062e9d09a52e6d587c64bad6ba706,0x833589fcd6edb6e08f4c7c32d4f71b54bda02913,USDC,6,2025-12-21,-56602415085,191
0x5f07bb9fee6062e9d09a52e6d587c64bad6ba706,0x833589fcd6edb6e08f4c7c32d4f71b54bda02913,USDC,6,2025-12-22,3826652612,115
0x5f07bb9fee6062e9d09a52e6d587c64bad6ba706,0x833589fcd6edb6e08f4c7c32d4f71b54bda02913,USDC,6,2025-12-23,-50938173052,128
0x5f07bb9fee6062e9d09a52e6d587c64bad6ba706,0x833589fcd6edb6e08f4c7c32d4f71b54bda02913,USDC,6,2025-12-24,-3967932435,129
0x5f07bb9fee6062e9d09a52e6d587c64bad6ba706,0x833589fcd6edb6e08f4c7c32d4f71b54bda02913,USDC,6,2025-12-25,390546453,219
0x5f07bb9fee6062e9d09a52e6d587c64bad6ba706,0x833589fcd6edb6e08f4c7c32d4f71b54bda02913,USDC,6,2025-12-26,-365440476,176
0x5f07bb9fee6062e9d09a52e6d587c64bad6ba706,0x833589fcd6edb6e08f4c7c32d4f71b54bda02913,USDC,6,2025-12-27,-2067735126,138
0x5f07bb9fee6062e9d09a52e6d587c64bad6ba706,0x833589fcd6edb6e08f4c7c32d4f71b54bda02913,USDC,6,2025-12-28,-1461787051,208
0x5f07bb9fee6062e9d09a52e6d587c64bad6ba706,0x833589fcd6edb6e08f4c7c32d4f71b54bda02913,USDC,6,2025-12-29,-31434836408,110
0x5f07bb9fee6062e9d09a52e6d587c64bad6ba706,0x833589fcd6edb6e08f4c7c32d4f71b54bda02913,USDC,6,2025-12-30,-28213940205,128
0x5f07bb9fee6062e9d09a52e6d587c64bad6ba706,0x833589fcd6edb6e08f4c7c32d4f71b54bda02913,USDC,6,2025-12-31,-31830530290,183
0x5f07bb9fee6062e9d09a52e6d587c64bad6ba706,0x833589fcd6edb6e08f4c7c32d4f71b54bda02913,USDC,6,2026-01-01,38123580127,194
0x5f07bb9fee6062e9d09a52e6d587c64bad6ba706,0x833589fcd6edb6e08f4c7c32d4f71b54bda02913,USDC,6,2026-01-02,-32074677921,225
0x5f07bb9fee6062e9d09a52e6d587c64bad6ba706,0x833589fcd6edb6e08f4c7c32d4f71b54bda02913,USDC,6,2026-01-03,13954309647,106
0x5f07bb9fee6062e9d09a52e6d587c64bad6ba706,0x833589fcd6edb6e08f4c7c32d4f71b54bda02913,USDC,6,2026-01-04,21044007122,108
0x5f07bb9fee6062e9d09a52e6d587c64bad6ba706,0x833589fcd6edb6e08f4c7c32d4f71b54bda02913,USDC,6,2026-01-05,85916560167,136
0x5f07bb9fee6062e9d09a52e6d587c64bad6ba706,0x833589fcd6edb6e08f4c7c32d4f71b54bda02913,USDC,6,2026-01-06,1895699955,385
0x5f07bb9fee6062e9d09a52e6d587c64bad6ba706,0x833589fcd6edb6e08f4c7c32d4f71b54bda02913,USDC,6,2026-01-07,-204267846,393
0x5f07bb9fee6062e9d09a52e6d587c64bad6ba706,0x833589fcd6edb6e08f4c7c32d4f71b54bda02913,USDC,6,2026-01-08,1260129747,144
0x5f07bb9fee6062e9d09a52e6d587c64bad6ba706,0x833589fcd6edb6e08f4c7c32d4f71b54bda02913,USDC,6,2026-01-09,-7195557636,462
0x5f07bb9fee6062e9d09a52e6d587c64bad6ba706,0x833589fcd6edb6e08f4c7c32d4f71b54bda02913,USDC,6,2026-01-10,1723737465,106
0x5f07bb9fee6062e9d09a52e6d587c64bad6ba706,0x833589fcd6edb6e08f4c7c32d4f71b54bda02913,USDC,6,2026-01-11,29717377084,215
0x5f07bb9fee6062e9d09a52e6d587c64bad6ba706,0x833589fcd6edb6e08f4c7c32d4f71b54bda02913,USDC,6,2026-01-12,-82330070485,180
0x5f07bb9fee6062e9d09a52e6d587c64bad6ba706,0x833589fcd6edb6e08f4c7c32d4f71b54bda02913,USDC,6,2026-01-13,53951705863,84
0x5f07bb9fee6062e9d09a52e6d587c64bad6ba706,0x833589fcd6edb6e08f4c7c32d4f71b54bda02913,USDC,6,2026-01-14,37574374281,169
0x5f07bb9fee6062e9d09a52e6d587c64bad6ba706,0x833589fcd6edb6e08f4c7c32d4f71b54bda02913,USDC,6,2026-01-15,-46921346843,140
0x5f07bb9fee6062e9d09a52e6d587c64bad6ba706,0x833589fcd6edb6e08f4c7c32d4f71b54bda02913,USDC,6,2026-01-16,-821542390,99
0x5f07bb9fee6062e9d09a52e6d587c64bad6ba706,0x833589fcd6edb6e08f4c7c32d4f71b54bda02913,USDC,6,2026-01-17,-13452171366,87
0x5f07bb9fee6062e9d09a52e6d587c64bad6ba706,0x833589fcd6edb6e08f4c7c32d4f71b54bda02913,USDC,6,2026-01-18,2019047518,40
0x5f07bb9fee6062e9d09a52e6d587c64bad6ba706,0x833589fcd6edb6e08f4c7c32d4f71b54bda02913,USDC,6,2026-01-19,-2678399091,61
0x5f07bb9fee6062e9d09a52e6d587c64bad6ba706,0x833589fcd6edb6e08f4c7c32d4f71b54bda02913,USDC,6,2026-01-20,3830835046,68
0x5f07bb9fee6062e9d09a52e6d587c64bad6ba706,0x833589fcd6edb6e08f4c7c32d4f71b54bda02913,USDC,6,2026-01-21,-6808371184,121
0x5f07bb9fee6062e9d09a52e6d587c64bad6ba706,0x833589fcd6edb6e08f4c7c32d4f71b54bda02913,USDC,6,2026-01-22,-932021020,305
0x5f07bb9fee6062e9d09a52e6d587c64bad6ba706,0x833589fcd6edb6e08f4c7c32d4f71b54bda02913,USDC,6,2026-01-23,137589668835,98
0x5f07bb9fee6062e9d09a52e6d587c64bad6ba706,0x833589fcd6edb6e08f4c7c32d4f71b54bda02913,USDC,6,2026-01-24,-85376270063,59
0x5f07bb9fee6062e9d09a52e6d587c64bad6ba706,0x833589fcd6edb6e08f4c7c32d4f71b54bda02913,USDC,6,2026-01-25,-5755584723,91
0x5f07bb9fee6062e9d09a52e6d587c64bad6ba706,0x833589fcd6edb6e08f4c7c32d4f71b54bda02913,USDC,6,2026-01-26,106235814359,144
0x5f07bb9fee6062e9d09a52e6d587c64bad6ba706,0x833589fcd6edb6e08f4c7c32d4f71b54bda02913,USDC,6,2026-01-27,39952208953,142
0x5f07bb9fee6062e9d09a52e6d587c64bad6ba706,0x833589fcd6edb6e08f4c7c32d4f71b54bda02913,USDC,6,2026-01-28,23625585568,110
0x5f07bb9fee6062e9d09a52e6d587c64bad6ba706,0x833589fcd6edb6e08f4c7c32d4f71b54bda02913,USDC,6,2026-01-29,-32274329069,143
0x5f07bb9fee6062e9d09a52e6d587c64bad6ba706,0x833589fcd6edb6e08f4c7c32d4f71b54bda02913,USDC,6,2026-01-30,4114969898,240
0x5f07bb9fee6062e9d09a52e6d587c64bad6ba706,0x833589fcd6edb6e08f4c7c32d4f71b54bda02913,USDC,6,2026-01-31,16158830711,104
0x5f07bb9fee6062e9d09a52e6d587c64bad6ba706,0x833589fcd6edb6e08f4c7c32d4f71b54bda02913,USDC,6,2026-02-01,-56796784842,326
0x5f07bb9fee6062e9d09a52e6d587c64bad6ba706,0x833589fcd6edb6e08f4c7c32d4f71b54bda02913,USDC,6,2026-02-02,-77412821913,407
0x5f07bb9fee6062e9d09a52e6d587c64bad6ba706,0x833589fcd6edb6e08f4c7c32d4f71b54bda02913,USDC,6,2026-02-03,61114211645,290
0x5f07bb9fee6062e9d09a52e6d587c64bad6ba706,0x833589fcd6edb6e08f4c7c32d4f71b54bda02913,USDC,6,2026-02-04,-246763543179,263
0x5f07bb9fee6062e9d09a52e6d587c64bad6ba706,0x833589fcd6edb6e08f4c7c32d4f71b54bda02913,USDC,6,2026-02-05,-11916791553,1788
0x5f07bb9fee6062e9d09a52e6d587c64bad6ba706,0x833589fcd6edb6e08f4c7c32d4f71b54bda02913,USDC,6,2026-02-06,9286718673,866
0x5f07bb9fee6062e9d09a52e6d587c64bad6ba706,0x833589fcd6edb6e08f4c7c32d4f71b54bda02913,USDC,6,2026-02-07,36290641653,277
0x5f07bb9fee6062e9d09a52e6d587c64bad6ba706,0x833589fcd6edb6e08f4c7c32d4f71b54bda02913,USDC,6,2026-02-08,20164302764,333
0x5f07bb9fee6062e9d09a52e6d587c64bad6ba706,0x833589fcd6edb6e08f4c7c32d4f71b54bda02913,USDC,6,2026-02-09,-4262657510,238
0x5f07bb9fee6062e9d09a52e6d587c64bad6ba706,0x833589fcd6edb6e08f4c7c32d4f71b54bda02913,USDC,6,2026-02-10,-1257160058,294
0x5f07bb9fee6062e9d09a52e6d587c64bad6ba706,0x833589fcd6edb6e08f4c7c32d4f71b54bda02913,USDC,6,2026-02-11,11505368743,305
0x5f07bb9fee6062e9d09a52e6d587c64bad6ba706,0x833589fcd6edb6e08f4c7c32d4f71b54bda02913,USDC,6,2026-02-12,22423472264,206
0x5f07bb9fee6062e9d09a52e6d587c64bad6ba706,0x833589fcd6edb6e08f4c7c32d4f71b54bda02913,USDC,6,2026-02-13,-13430323456,272
0x5f07bb9fee6062e9d09a52e6d587c64bad6ba706,0x833589fcd6edb6e08f4c7c32d4f71b54bda02913,USDC,6,2026-02-14,62367508790,303
0x5f07bb9fee6062e9d09a52e6d587c64bad6ba706,0x833589fcd6edb6e08f4c7c32d4f71b54bda02913,USDC,6,2026-02-15,-46388262551,110
0x5f07bb9fee6062e9d09a52e6d587c64bad6ba706,0x833589fcd6edb6e08f4c7c32d4f71b54bda02913,USDC,6,2026-02-16,10735910309,70
0x5f07bb9fee6062e9d09a52e6d587c64bad6ba706,0x833589fcd6edb6e08f4c7c32d4f71b54bda02913,USDC,6,2026-02-17,-69460818506,89
0x5f07bb9fee6062e9d09a52e6d587c64bad6ba706,0x833589fcd6edb6e08f4c7c32d4f71b54bda02913,USDC,6,2026-02-18,-39070879094,269
0x5f07bb9fee6062e9d09a52e6d587c64bad6ba706,0x833589fcd6edb6e08f4c7c32d4f71b54bda02913,USDC,6,2026-02-19,54403629270,525
0x5f07bb9fee6062e9d09a52e6d587c64bad6ba706,0x833589fcd6edb6e08f4c7c32d4f71b54bda02913,USDC,6,2026-02-20,5237788210,115
0x5f07bb9fee6062e9d09a52e6d587c64bad6ba706,0x833589fcd6edb6e08f4c7c32d4f71b54bda02913,USDC,6,2026-02-21,29197650225,136
0x5f07bb9fee6062e9d09a52e6d587c64bad6ba706,0x833589fcd6edb6e08f4c7c32d4f71b54bda02913,USDC,6,2026-02-22,36938133813,125
0x5f07bb9fee6062e9d09a52e6d587c64bad6ba706,0x833589fcd6edb6e08f4c7c32d4f71b54bda02913,USDC,6,2026-02-23,-25048549870,281
0x5f07bb9fee6062e9d09a52e6d587c64bad6ba706,0x833589fcd6edb6e08f4c7c32d4f71b54bda02913,USDC,6,2026-02-24,12598864044,100
0x5f07bb9fee6062e9d09a52e6d587c64bad6ba706,0x833589fcd6edb6e08f4c7c32d4f71b54bda02913,USDC,6,2026-02-25,79064079098,305
0x5f07bb9fee6062e9d09a52e6d587c64bad6ba706,0x833589fcd6edb6e08f4c7c32d4f71b54bda02913,USDC,6,2026-02-26,4686818339,222
0x5f07bb9fee6062e9d09a52e6d587c64bad6ba706,0x833589fcd6edb6e08f4c7c32d4f71b54bda02913,USDC,6,2026-02-27,50934425218,136
0x5f07bb9fee6062e9d09a52e6d587c64bad6ba706,0x833589fcd6edb6e08f4c7c32d4f71b54bda02913,USDC,6,2026-02-28,-3764239863,163
0x5f07bb9fee6062e9d09a52e6d587c64bad6ba706,0x833589fcd6edb6e08f4c7c32d4f71b54bda02913,USDC,6,2026-03-01,5737982898,162
0x5f07bb9fee6062e9d09a52e6d587c64bad6ba706,0x833589fcd6edb6e08f4c7c32d4f71b54bda02913,USDC,6,2026-03-02,4045731178,174
0x5f07bb9fee6062e9d09a52e6d587c64bad6ba706,0x833589fcd6edb6e08f4c7c32d4f71b54bda02913,USDC,6,2026-03-03,10141888385,330
0x5f07bb9fee6062e9d09a52e6d587c64bad6ba706,0x833589fcd6edb6e08f4c7c32d4f71b54bda02913,USDC,6,2026-03-04,-67312407558,83
0x5f07bb9fee6062e9d09a52e6d587c64bad6ba706,0x833589fcd6edb6e08f4c7c32d4f71b54bda02913,USDC,6,2026-03-05,-12960940643,77
0x5f07bb9fee6062e9d09a52e6d587c64bad6ba706,0x833589fcd6edb6e08f4c7c32d4f71b54bda02913,USDC,6,2026-03-06,-17497659647,56
0x5f07bb9fee6062e9d09a52e6d587c64bad6ba706,0x833589fcd6edb6e08f4c7c32d4f71b54bda02913,USDC,6,2026-03-07,20523774656,66
0x5f07bb9fee6062e9d09a52e6d587c64bad6ba706,0x833589fcd6edb6e08f4c7c32d4f71b54bda02913,USDC,6,2026-03-08,16253979809,94
0x5f07bb9fee6062e9d09a52e6d587c64bad6ba706,0x833589fcd6edb6e08f4c7c32d4f71b54bda02913,USDC,6,2026-03-09,-8464891247,53
0x5f07bb9fee6062e9d09a52e6d587c64bad6ba706,0x833589fcd6edb6e08f4c7c32d4f71b54bda02913,USDC,6,2026-03-10,-39552552567,66
0x5f07bb9fee6062e9d09a52e6d587c64bad6ba706,0x833589fcd6edb6e08f4c7c32d4f71b54bda02913,USDC,6,2026-03-11,44594613785,131
0x5f07bb9fee6062e9d09a52e6d587c64bad6ba706,0x833589fcd6edb6e08f4c7c32d4f71b54bda02913,USDC,6,2026-03-12,-20642300793,76
0x5f07bb9fee6062e9d09a52e6d587c64bad6ba706,0x833589fcd6edb6e08f4c7c32d4f71b54bda02913,USDC,6,2026-03-13,-12761656171,93
0x5f07bb9fee6062e9d09a52e6d587c64bad6ba706,0x833589fcd6edb6e08f4c7c32d4f71b54bda02913,USDC,6,2026-03-14,10542836637,93
0x5f07bb9fee6062e9d09a52e6d587c64bad6ba706,0x833589fcd6edb6e08f4c7c32d4f71b54bda02913,USDC,6,2026-03-15,1482462116,113
0x5f07bb9fee6062e9d09a52e6d587c64bad6ba706,0x833589fcd6edb6e08f4c7c32d4f71b54bda02913,USDC,6,2026-03-16,7273671207,207
0x5f07bb9fee6062e9d09a52e6d587c64bad6ba706,0x833589fcd6edb6e08f4c7c32d4f71b54bda02913,USDC,6,2026-03-17,9728668376,103
0x5f07bb9fee6062e9d09a52e6d587c64bad6ba706,0x833589fcd6edb6e08f4c7c32d4f71b54bda02913,USDC,6,2026-03-18,10447016869,205
0x5f07bb9fee6062e9d09a52e6d587c64bad6ba706,0x833589fcd6edb6e08f4c7c32d4f71b54bda02913,USDC,6,2026-03-19,-5770557519,78
0x5f07bb9fee6062e9d09a52e6d587c64bad6ba706,0x833589fcd6edb6e08f4c7c32d4f71b54bda02913,USDC,6,2026-03-20,2482713863,49
0x5f07bb9fee6062e9d09a52e6d587c64bad6ba706,0x833589fcd6edb6e08f4c7c32d4f71b54bda02913,USDC,6,2026-03-21,-6892649530,37
0x5f07bb9fee6062e9d09a52e6d587c64bad6ba706,0x833589fcd6edb6e08f4c7c32d4f71b54bda02913,USDC,6,2026-03-22,-933718425,66
0x5f07bb9fee6062e9d09a52e6d587c64bad6ba706,0x833589fcd6edb6e08f4c7c32d4f71b54bda02913,USDC,6,2026-03-23,-7377549745,68
0x5f07bb9fee6062e9d09a52e6d587c64bad6ba706,0x833589fcd6edb6e08f4c7c32d4f71b54bda02913,USDC,6,2026-03-24,-66413675821,175
0x5f07bb9fee6062e9d09a52e6d587c64bad6ba706,0x833589fcd6edb6e08f4c7c32d4f71b54bda02913,USDC,6,2026-03-25,-53532440773,122
0x5f07bb9fee6062e9d09a52e6d587c64bad6ba706,0x833589fcd6edb6e08f4c7c32d4f71b54bda02913,USDC,6,2026-03-26,-22609759792,91
0x5f07bb9fee6062e9d09a52e6d587c64bad6ba706,0x833589fcd6edb6e08f4c7c32d4f71b54bda02913,USDC,6,2026-03-27,22010809033,58
0x5f07bb9fee6062e9d09a52e6d587c64bad6ba706,0x833589fcd6edb6e08f4c7c32d4f71b54bda02913,USDC,6,2026-03-28,-1291722260,26
0x5f07bb9fee6062e9d09a52e6d587c64bad6ba706,0x833589fcd6edb6e08f4c7c32d4f71b54bda02913,USDC,6,2026-03-29,-171872494,89
0x5f07bb9fee6062e9d09a52e6d587c64bad6ba706,0x833589fcd6edb6e08f4c7c32d4f71b54bda02913,USDC,6,2026-03-30,-18020618016,88
0x5f07bb9fee6062e9d09a52e6d587c64bad6ba706,0x833589fcd6edb6e08f4c7c32d4f71b54bda02913,USDC,6,2026-03-31,29764037528,126
0x5f07bb9fee6062e9d09a52e6d587c64bad6ba706,0x833589fcd6edb6e08f4c7c32d4f71b54bda02913,USDC,6,2026-04-01,-2326988151,214
0x5f07bb9fee6062e9d09a52e6d587c64bad6ba706,0x833589fcd6edb6e08f4c7c32d4f71b54bda02913,USDC,6,2026-04-02,32902694885,149
0x5f07bb9fee6062e9d09a52e6d587c64bad6ba706,0x833589fcd6edb6e08f4c7c32d4f71b54bda02913,USDC,6,2026-04-03,-24005997495,58
0x5f07bb9fee6062e9d09a52e6d587c64bad6ba706,0x833589fcd6edb6e08f4c7c32d4f71b54bda02913,USDC,6,2026-04-04,-10123197584,29
0x5f07bb9fee6062e9d09a52e6d587c64bad6ba706,0x833589fcd6edb6e08f4c7c32d4f71b54bda02913,USDC,6,2026-04-05,-14662949121,66
0x5f07bb9fee6062e9d09a52e6d587c64bad6ba706,0x833589fcd6edb6e08f4c7c32d4f71b54bda02913,USDC,6,2026-04-06,-23573104093,80
0x5f07bb9fee6062e9d09a52e6d587c64bad6ba706,0x833589fcd6edb6e08f4c7c32d4f71b54bda02913,USDC,6,2026-04-07,3025174368,140
0x5f07bb9fee6062e9d09a52e6d587c64bad6ba706,0x833589fcd6edb6e08f4c7c32d4f71b54bda02913,USDC,6,2026-04-08,57599588945,54
0x5f07bb9fee6062e9d09a52e6d587c64bad6ba706,0x833589fcd6edb6e08f4c7c32d4f71b54bda02913,USDC,6,2026-04-09,166567686460,271
0x5f07bb9fee6062e9d09a52e6d587c64bad6ba706,0x833589fcd6edb6e08f4c7c32d4f71b54bda02913,USDC,6,2026-04-10,-114676332903,291
0x5f07bb9fee6062e9d09a52e6d587c64bad6ba706,0x833589fcd6edb6e08f4c7c32d4f71b54bda02913,USDC,6,2026-04-11,11675819681,57
0x5f07bb9fee6062e9d09a52e6d587c64bad6ba706,0x833589fcd6edb6e08f4c7c32d4f71b54bda02913,USDC,6,2026-04-12,8181126578,94
0x5f07bb9fee6062e9d09a52e6d587c64bad6ba706,0x833589fcd6edb6e08f4c7c32d4f71b54bda02913,USDC,6,2026-04-13,-86146824003,86
0x5f07bb9fee6062e9d09a52e6d587c64bad6ba706,0x833589fcd6edb6e08f4c7c32d4f71b54bda02913,USDC,6,2026-04-14,-9605220176,133
0x5f07bb9fee6062e9d09a52e6d587c64bad6ba706,0x833589fcd6edb6e08f4c7c32d4f71b54bda02913,USDC,6,2026-04-15,20394661684,137
0x5f07bb9fee6062e9d09a52e6d587c64bad6ba706,0x833589fcd6edb6e08f4c7c32d4f71b54bda02913,USDC,6,2026-04-16,-17553439812,324
0x5f07bb9fee6062e9d09a52e6d587c64bad6ba706,0x833589fcd6edb6e08f4c7c32d4f71b54bda02913,USDC,6,2026-04-17,-17274728278,218
0x5f07bb9fee6062e9d09a52e6d587c64bad6ba706,0x833589fcd6edb6e08f4c7c32d4f71b54bda02913,USDC,6,2026-04-18,33054235840,140
0x5f07bb9fee6062e9d09a52e6d587c64bad6ba706,0x833589fcd6edb6e08f4c7c32d4f71b54bda02913,USDC,6,2026-04-19,-9728444106,129
0x5f07bb9fee6062e9d09a52e6d587c64bad6ba706,0x833589fcd6edb6e08f4c7c32d4f71b54bda02913,USDC,6,2026-04-20,-23071643482,143
0x5f07bb9fee6062e9d09a52e6d587c64bad6ba706,0x833589fcd6edb6e08f4c7c32d4f71b54bda02913,USDC,6,2026-04-21,18278090142,70
0x5f07bb9fee6062e9d09a52e6d587c64bad6ba706,0x833589fcd6edb6e08f4c7c32d4f71b54bda02913,USDC,6,2026-04-22,-32728305069,179
0x5f07bb9fee6062e9d09a52e6d587c64bad6ba706,0x833589fcd6edb6e08f4c7c32d4f71b54bda02913,USDC,6,2026-04-23,-17006915618,159
0x5f07bb9fee6062e9d09a52e6d587c64bad6ba706,0x833589fcd6edb6e08f4c7c32d4f71b54bda02913,USDC,6,2026-04-24,-561589528,53
0x5f07bb9fee6062e9d09a52e6d587c64bad6ba706,0x833589fcd6edb6e08f4c7c32d4f71b54bda02913,USDC,6,2026-04-25,13938401315,60
0x5f07bb9fee6062e9d09a52e6d587c64bad6ba706,0x833589fcd6edb6e08f4c7c32d4f71b54bda02913,USDC,6,2026-04-26,-11324519549,92
0x5f07bb9fee6062e9d09a52e6d587c64bad6ba706,0x833589fcd6edb6e08f4c7c32d4f71b54bda02913,USDC,6,2026-04-27,-13491350291,43
0x5f07bb9fee6062e9d09a52e6d587c64bad6ba706,0x833589fcd6edb6e08f4c7c32d4f71b54bda02913,USDC,6,2026-04-28,5122082306,90
0x5f07bb9fee6062e9d09a52e6d587c64bad6ba706,0x833589fcd6edb6e08f4c7c32d4f71b54bda02913,USDC,6,2026-04-29,17659877396,93
0x5f07bb9fee6062e9d09a52e6d587c64bad6ba706,0x833589fcd6edb6e08f4c7c32d4f71b54bda02913,USDC,6,2026-04-30,89765634,230
0x5f07bb9fee6062e9d09a52e6d587c64bad6ba706,0x833589fcd6edb6e08f4c7c32d4f71b54bda02913,USDC,6,2026-05-01,-21651201078,169
0x5f07bb9fee6062e9d09a52e6d587c64bad6ba706,0x833589fcd6edb6e08f4c7c32d4f71b54bda02913,USDC,6,2026-05-02,29922325407,62
0x5f07bb9fee6062e9d09a52e6d587c64bad6ba706,0x833589fcd6edb6e08f4c7c32d4f71b54bda02913,USDC,6,2026-05-03,46052783055,147
0x5f07bb9fee6062e9d09a52e6d587c64bad6ba706,0x833589fcd6edb6e08f4c7c32d4f71b54bda02913,USDC,6,2026-05-04,-40772833079,95
0x5f07bb9fee6062e9d09a52e6d587c64bad6ba706,0x833589fcd6edb6e08f4c7c32d4f71b54bda02913,USDC,6,2026-05-05,-3938928974,43
0x5f07bb9fee6062e9d09a52e6d587c64bad6ba706,0x833589fcd6edb6e08f4c7c32d4f71b54bda02913,USDC,6,2026-05-06,-12348736812,60
0x5f07bb9fee6062e9d09a52e6d587c64bad6ba706,0x833589fcd6edb6e08f4c7c32d4f71b54bda02913,USDC,6,2026-05-07,18251890518,100
0x5f07bb9fee6062e9d09a52e6d587c64bad6ba706,0x833589fcd6edb6e08f4c7c32d4f71b54bda02913,USDC,6,2026-05-08,-1605308171,80
0x5f07bb9fee6062e9d09a52e6d587c64bad6ba706,0x833589fcd6edb6e08f4c7c32d4f71b54bda02913,USDC,6,2026-05-09,2766791658,57
0x5f07bb9fee6062e9d09a52e6d587c64bad6ba706,0x833589fcd6edb6e08f4c7c32d4f71b54bda02913,USDC,6,2026-05-10,3930020242,92
0x5f07bb9fee6062e9d09a52e6d587c64bad6ba706,0x833589fcd6edb6e08f4c7c32d4f71b54bda02913,USDC,6,2026-05-11,-237661379,46
0x5f07bb9fee6062e9d09a52e6d587c64bad6ba706,0x833589fcd6edb6e08f4c7c32d4f71b54bda02913,USDC,6,2026-05-12,2887009574,42
0x5f07bb9fee6062e9d09a52e6d587c64bad6ba706,0x833589fcd6edb6e08f4c7c32d4f71b54bda02913,USDC,6,2026-05-13,-1630710839,62
0x5f07bb9fee6062e9d09a52e6d587c64bad6ba706,0x833589fcd6edb6e08f4c7c32d4f71b54bda02913,USDC,6,2026-05-14,-6364159028,86
0x5f07bb9fee6062e9d09a52e6d587c64bad6ba706,0x833589fcd6edb6e08f4c7c32d4f71b54bda02913,USDC,6,2026-05-15,-32441083956,180
0x5f07bb9fee6062e9d09a52e6d587c64bad6ba706,0x833589fcd6edb6e08f4c7c32d4f71b54bda02913,USDC,6,2026-05-16,23314186789,134
0x5f07bb9fee6062e9d09a52e6d587c64bad6ba706,0x833589fcd6edb6e08f4c7c32d4f71b54bda02913,USDC,6,2026-05-17,-26107782326,71
0x5f07bb9fee6062e9d09a52e6d587c64bad6ba706,0x833589fcd6edb6e08f4c7c32d4f71b54bda02913,USDC,6,2026-05-18,3490616043,136
0x5f07bb9fee6062e9d09a52e6d587c64bad6ba706,0x833589fcd6edb6e08f4c7c32d4f71b54bda02913,USDC,6,2026-05-19,14835486574,168
0x5f07bb9fee6062e9d09a52e6d587c64bad6ba706,0x833589fcd6edb6e08f4c7c32d4f71b54bda02913,USDC,6,2026-05-20,2641069030,244
0x5f07bb9fee6062e9d09a52e6d587c64bad6ba706,0x833589fcd6edb6e08f4c7c32d4f71b54bda02913,USDC,6,2026-05-21,25274039519,271
0x5f07bb9fee6062e9d09a52e6d587c64bad6ba706,0x833589fcd6edb6e08f4c7c32d4f71b54bda02913,USDC,6,2026-05-22,-27264135176,266
0x5f07bb9fee6062e9d09a52e6d587c64bad6ba706,0x833589fcd6edb6e08f4c7c32d4f71b54bda02913,USDC,6,2026-05-23,33542390735,280
0x5f07bb9fee6062e9d09a52e6d587c64bad6ba706,0x833589fcd6edb6e08f4c7c32d4f71b54bda02913,USDC,6,2026-05-24,-47266818610,264
0x5f07bb9fee6062e9d09a52e6d587c64bad6ba706,0x833589fcd6edb6e08f4c7c32d4f71b54bda02913,USDC,6,2026-05-25,7197364755,962
0x5f07bb9fee6062e9d09a52e6d587c64bad6ba706,0x833589fcd6edb6e08f4c7c32d4f71b54bda02913,USDC,6,2026-05-26,17809618258,1517
0x5f07bb9fee6062e9d09a52e6d587c64bad6ba706,0x833589fcd6edb6e08f4c7c32d4f71b54bda02913,USDC,6,2026-05-27,-3206882378,655
0x5f07bb9fee6062e9d09a52e6d587c64bad6ba706,0x833589fcd6edb6e08f4c7c32d4f71b54bda02913,USDC,6,2026-05-28,25101175234,416
0x5f07bb9fee6062e9d09a52e6d587c64bad6ba706,0x833589fcd6edb6e08f4c7c32d4f71b54bda02913,USDC,6,2026-05-29,-37017746446,182
0x5f07bb9fee6062e9d09a52e6d587c64bad6ba706,0x833589fcd6edb6e08f4c7c32d4f71b54bda02913,USDC,6,2026-05-30,486995770,296
0x5f07bb9fee6062e9d09a52e6d587c64bad6ba706,0x833589fcd6edb6e08f4c7c32d4f71b54bda02913,USDC,6,2026-05-31,5759346485,130
0x5f07bb9fee6062e9d09a52e6d587c64bad6ba706,0x833589fcd6edb6e08f4c7c32d4f71b54bda02913,USDC,6,2026-06-01,-663685634,549
0x5f07bb9fee6062e9d09a52e6d587c64bad6ba706,0x833589fcd6edb6e08f4c7c32d4f71b54bda02913,USDC,6,2026-06-02,-15195833546,1366
0x5f07bb9fee6062e9d09a52e6d587c64bad6ba706,0x833589fcd6edb6e08f4c7c32d4f71b54bda02913,USDC,6,2026-06-03,15996055841,346
0x5f07bb9fee6062e9d09a52e6d587c64bad6ba706,0x833589fcd6edb6e08f4c7c32d4f71b54bda02913,USDC,6,2026-06-04,-24360202325,530
0x5f07bb9fee6062e9d09a52e6d587c64bad6ba706,0x833589fcd6edb6e08f4c7c32d4f71b54bda02913,USDC,6,2026-06-05,-28470820816,1240
0x5f07bb9fee6062e9d09a52e6d587c64bad6ba706,0x833589fcd6edb6e08f4c7c32d4f71b54bda02913,USDC,6,2026-06-06,11709832640,727
0x5f07bb9fee6062e9d09a52e6d587c64bad6ba706,0x833589fcd6edb6e08f4c7c32d4f71b54bda02913,USDC,6,2026-06-07,-1744794986,880
0x5f07bb9fee6062e9d09a52e6d587c64bad6ba706,0x833589fcd6edb6e08f4c7c32d4f71b54bda02913,USDC,6,2026-06-08,40352190133,816
0x5f07bb9fee6062e9d09a52e6d587c64bad6ba706,0x833589fcd6edb6e08f4c7c32d4f71b54bda02913,USDC,6,2026-06-09,-13018719427,511
0x5f07bb9fee6062e9d09a52e6d587c64bad6ba706,0x833589fcd6edb6e08f4c7c32d4f71b54bda02913,USDC,6,2026-06-10,-23138679743,480
0x5f07bb9fee6062e9d09a52e6d587c64bad6ba706,0x833589fcd6edb6e08f4c7c32d4f71b54bda02913,USDC,6,2026-06-11,26580024465,600
0x5f07bb9fee6062e9d09a52e6d587c64bad6ba706,0x833589fcd6edb6e08f4c7c32d4f71b54bda02913,USDC,6,2026-06-12,17244145060,790
0x5f07bb9fee6062e9d09a52e6d587c64bad6ba706,0x833589fcd6edb6e08f4c7c32d4f71b54bda02913,USDC,6,2026-06-13,3487826548,276
0x5f07bb9fee6062e9d09a52e6d587c64bad6ba706,0x833589fcd6edb6e08f4c7c32d4f71b54bda02913,USDC,6,2026-06-14,-28483980769,382
0x5f07bb9fee6062e9d09a52e6d587c64bad6ba706,0x833589fcd6edb6e08f4c7c32d4f71b54bda02913,USDC,6,2026-06-15,-16424041436,477
0x5f07bb9fee6062e9d09a52e6d587c64bad6ba706,0x833589fcd6edb6e08f4c7c32d4f71b54bda02913,USDC,6,2026-06-16,14430068365,382
0x5f07bb9fee6062e9d09a52e6d587c64bad6ba706,0x833589fcd6edb6e08f4c7c32d4f71b54bda02913,USDC,6,2026-06-17,5807920237,326
0x5f07bb9fee6062e9d09a52e6d587c64bad6ba706,0x833589fcd6edb6e08f4c7c32d4f71b54bda02913,USDC,6,2026-06-18,-19338191167,196
0x5f07bb9fee6062e9d09a52e6d587c64bad6ba706,0x833589fcd6edb6e08f4c7c32d4f71b54bda02913,USDC,6,2026-06-19,15919245872,134
0x5f07bb9fee6062e9d09a52e6d587c64bad6ba706,0x833589fcd6edb6e08f4c7c32d4f71b54bda02913,USDC,6,2026-06-20,1044077023,127
0x5f07bb9fee6062e9d09a52e6d587c64bad6ba706,0x833589fcd6edb6e08f4c7c32d4f71b54bda02913,USDC,6,2026-06-21,-14980943886,101
0x5f07bb9fee6062e9d09a52e6d587c64bad6ba706,0x833589fcd6edb6e08f4c7c32d4f71b54bda02913,USDC,6,2026-06-22,-2482021676,131
0x5f07bb9fee6062e9d09a52e6d587c64bad6ba706,0x833589fcd6edb6e08f4c7c32d4f71b54bda02913,USDC,6,2026-06-23,14418160999,229
0x5f07bb9fee6062e9d09a52e6d587c64bad6ba706,0x833589fcd6edb6e08f4c7c32d4f71b54bda02913,USDC,6,2026-06-24,-11233869830,199
0x5f07bb9fee6062e9d09a52e6d587c64bad6ba706,0x833589fcd6edb6e08f4c7c32d4f71b54bda02913,USDC,6,2026-06-25,7159636081,237
0x5f07bb9fee6062e9d09a52e6d587c64bad6ba706,0x833589fcd6edb6e08f4c7c32d4f71b54bda02913,USDC,6,2026-06-26,-2063160737,241
0x5f07bb9fee6062e9d09a52e6d587c64bad6ba706,0x833589fcd6edb6e08f4c7c32d4f71b54bda02913,USDC,6,2026-06-27,-4080566862,105
0x5f07bb9fee6062e9d09a52e6d587c64bad6ba706,0x833589fcd6edb6e08f4c7c32d4f71b54bda02913,USDC,6,2026-06-28,13587858164,175
0x5f07bb9fee6062e9d09a52e6d587c64bad6ba706,0x833589fcd6edb6e08f4c7c32d4f71b54bda02913,USDC,6,2026-06-29,21886397790,230
0x5f07bb9fee6062e9d09a52e6d587c64bad6ba706,0x833589fcd6edb6e08f4c7c32d4f71b54bda02913,USDC,6,2026-06-30,-8034468634,177
0x5f07bb9fee6062e9d09a52e6d587c64bad6ba706,0x833589fcd6edb6e08f4c7c32d4f71b54bda02913,USDC,6,2026-07-01,-6733711647,216
0x5f07bb9fee6062e9d09a52e6d587c64bad6ba706,0x833589fcd6edb6e08f4c7c32d4f71b54bda02913,USDC,6,2026-07-02,13817025241,278
0x5f07bb9fee6062e9d09a52e6d587c64bad6ba706,0x833589fcd6edb6e08f4c7c32d4f71b54bda02913,USDC,6,2026-07-03,-17786940070,114
0x5f07bb9fee6062e9d09a52e6d587c64bad6ba706,0x833589fcd6edb6e08f4c7c32d4f71b54bda02913,USDC,6,2026-07-04,3816878334,39
0x5f07bb9fee6062e9d09a52e6d587c64bad6ba706,0x833589fcd6edb6e08f4c7c32d4f71b54bda02913,USDC,6,2026-07-05,-4138053759,67
0x5f07bb9fee6062e9d09a52e6d587c64bad6ba706,0x833589fcd6edb6e08f4c7c32d4f71b54bda02913,USDC,6,2026-07-06,894179877,170
0x5f07bb9fee6062e9d09a52e6d587c64bad6ba706,0x833589fcd6edb6e08f4c7c32d4f71b54bda02913,USDC,6,2026-07-07,-10954581141,58
0x5f07bb9fee6062e9d09a52e6d587c64bad6ba706,0x833589fcd6edb6e08f4c7c32d4f71b54bda02913,USDC,6,2026-07-08,6743868640,87
0x5f07bb9fee6062e9d09a52e6d587c64bad6ba706,0x833589fcd6edb6e08f4c7c32d4f71b54bda02913,USDC,6,2026-07-09,-6871203335,116
0x5f07bb9fee6062e9d09a52e6d587c64bad6ba706,0x833589fcd6edb6e08f4c7c32d4f71b54bda02913,USDC,6,2026-07-10,90076374,81
0x5f07bb9fee6062e9d09a52e6d587c64bad6ba706,0x833589fcd6edb6e08f4c7c32d4f71b54bda02913,USDC,6,2026-07-11,2578321068,37
0x5f07bb9fee6062e9d09a52e6d587c64bad6ba706,0x833589fcd6edb6e08f4c7c32d4f71b54bda02913,USDC,6,2026-07-12,4290215714,60
0x5f07bb9fee6062e9d09a52e6d587c64bad6ba706,0x833589fcd6edb6e08f4c7c32d4f71b54bda02913,USDC,6,2026-07-13,-17158231608,135
0x5f07bb9fee6062e9d09a52e6d587c64bad6ba706,0x833589fcd6edb6e08f4c7c32d4f71b54bda02913,USDC,6,2026-07-14,12030415311,164
0x5f07bb9fee6062e9d09a52e6d587c64bad6ba706,0x833589fcd6edb6e08f4c7c32d4f71b54bda02913,USDC,6,2026-07-15,12139941229,158
0x5f07bb9fee6062e9d09a52e6d587c64bad6ba706,0x833589fcd6edb6e08f4c7c32d4f71b54bda02913,USDC,6,2026-07-16,1757201163,260
0x5f07bb9fee6062e9d09a52e6d587c64bad6ba706,0x833589fcd6edb6e08f4c7c32d4f71b54bda02913,USDC,6,2026-07-17,25329240591,839
0x5f07bb9fee6062e9d09a52e6d587c64bad6ba706,0x833589fcd6edb6e08f4c7c32d4f71b54bda02913,USDC,6,2026-07-18,-8531481112,587
0x5f07bb9fee6062e9d09a52e6d587c64bad6ba706,0x833589fcd6edb6e08f4c7c32d4f71b54bda02913,USDC,6,2026-07-19,1970649658,537
0x5f07bb9fee6062e9d09a52e6d587c64bad6ba706,0x833589fcd6edb6e08f4c7c32d4f71b54bda02913,USDC,6,2026-07-20,-1353736342,561
0x5f07bb9fee6062e9d09a52e6d587c64bad6ba706,0x833589fcd6edb6e08f4c7c32d4f71b54bda02913,USDC,6,2026-07-21,-30195171712,180
0x5f07bb9fee6062e9d09a52e6d587c64bad6ba706,0x833589fcd6edb6e08f4c7c32d4f71b54bda02913,USDC,6,2026-07-22,21356370940,195
0x5f07bb9fee6062e9d09a52e6d587c64bad6ba706,0x833589fcd6edb6e08f4c7c32d4f71b54bda02913,USDC,6,2026-07-23,-6813714259,112
0x5f07bb9fee6062e9d09a52e6d587c64bad6ba706,0x833589fcd6edb6e08f4c7c32d4f71b54bda02913,USDC,6,2026-07-24,-32662910635,146
0x5f07bb9fee6062e9d09a52e6d587c64bad6ba706,0xfde4c96c8593536e31f229ea8f37b2ada2699bb2,USDT,6,2025-11-27,19805545642,383
0x5f07bb9fee6062e9d09a52e6d587c64bad6ba706,0xfde4c96c8593536e31f229ea8f37b2ada2699bb2,USDT,6,2025-11-28,20192907210,643
0x5f07bb9fee6062e9d09a52e6d587c64bad6ba706,0xfde4c96c8593536e31f229ea8f37b2ada2699bb2,USDT,6,2025-11-29,-1523991987,497
0x5f07bb9fee6062e9d09a52e6d587c64bad6ba706,0xfde4c96c8593536e31f229ea8f37b2ada2699bb2,USDT,6,2025-11-30,1344341817,399
0x5f07bb9fee6062e9d09a52e6d587c64bad6ba706,0xfde4c96c8593536e31f229ea8f37b2ada2699bb2,USDT,6,2025-12-01,862156538,522
0x5f07bb9fee6062e9d09a52e6d587c64bad6ba706,0xfde4c96c8593536e31f229ea8f37b2ada2699bb2,USDT,6,2025-12-02,2622298034,295
0x5f07bb9fee6062e9d09a52e6d587c64bad6ba706,0xfde4c96c8593536e31f229ea8f37b2ada2699bb2,USDT,6,2025-12-03,47861872118,246
0x5f07bb9fee6062e9d09a52e6d587c64bad6ba706,0xfde4c96c8593536e31f229ea8f37b2ada2699bb2,USDT,6,2025-12-04,13551229353,279
0x5f07bb9fee6062e9d09a52e6d587c64bad6ba706,0xfde4c96c8593536e31f229ea8f37b2ada2699bb2,USDT,6,2025-12-05,16791657565,201
0x5f07bb9fee6062e9d09a52e6d587c64bad6ba706,0xfde4c96c8593536e31f229ea8f37b2ada2699bb2,USDT,6,2025-12-06,-21146263697,272
0x5f07bb9fee6062e9d09a52e6d587c64bad6ba706,0xfde4c96c8593536e31f229ea8f37b2ada2699bb2,USDT,6,2025-12-07,-63443410789,566
0x5f07bb9fee6062e9d09a52e6d587c64bad6ba706,0xfde4c96c8593536e31f229ea8f37b2ada2699bb2,USDT,6,2025-12-08,-32048633265,331
0x5f07bb9fee6062e9d09a52e6d587c64bad6ba706,0xfde4c96c8593536e31f229ea8f37b2ada2699bb2,USDT,6,2025-12-09,11461900208,1079
0x5f07bb9fee6062e9d09a52e6d587c64bad6ba706,0xfde4c96c8593536e31f229ea8f37b2ada2699bb2,USDT,6,2025-12-10,12099476756,446
0x5f07bb9fee6062e9d09a52e6d587c64bad6ba706,0xfde4c96c8593536e31f229ea8f37b2ada2699bb2,USDT,6,2025-12-11,2698844676,248
0x5f07bb9fee6062e9d09a52e6d587c64bad6ba706,0xfde4c96c8593536e31f229ea8f37b2ada2699bb2,USDT,6,2025-12-12,17838954723,200
0x5f07bb9fee6062e9d09a52e6d587c64bad6ba706,0xfde4c96c8593536e31f229ea8f37b2ada2699bb2,USDT,6,2025-12-13,-11416145792,177
0x5f07bb9fee6062e9d09a52e6d587c64bad6ba706,0xfde4c96c8593536e31f229ea8f37b2ada2699bb2,USDT,6,2025-12-14,7416821977,316
0x5f07bb9fee6062e9d09a52e6d587c64bad6ba706,0xfde4c96c8593536e31f229ea8f37b2ada2699bb2,USDT,6,2025-12-15,-4398648666,481
0x5f07bb9fee6062e9d09a52e6d587c64bad6ba706,0xfde4c96c8593536e31f229ea8f37b2ada2699bb2,USDT,6,2025-12-16,3938039658,458
0x5f07bb9fee6062e9d09a52e6d587c64bad6ba706,0xfde4c96c8593536e31f229ea8f37b2ada2699bb2,USDT,6,2025-12-17,-46702143732,177
0x5f07bb9fee6062e9d09a52e6d587c64bad6ba706,0xfde4c96c8593536e31f229ea8f37b2ada2699bb2,USDT,6,2025-12-18,-11906346021,300
0x5f07bb9fee6062e9d09a52e6d587c64bad6ba706,0xfde4c96c8593536e31f229ea8f37b2ada2699bb2,USDT,6,2025-12-19,13389774277,159
0x5f07bb9fee6062e9d09a52e6d587c64bad6ba706,0xfde4c96c8593536e31f229ea8f37b2ada2699bb2,USDT,6,2025-12-20,7676417644,99
0x5f07bb9fee6062e9d09a52e6d587c64bad6ba706,0xfde4c96c8593536e31f229ea8f37b2ada2699bb2,USDT,6,2025-12-21,29126919570,194
0x5f07bb9fee6062e9d09a52e6d587c64bad6ba706,0xfde4c96c8593536e31f229ea8f37b2ada2699bb2,USDT,6,2025-12-22,-6069492225,115
0x5f07bb9fee6062e9d09a52e6d587c64bad6ba706,0xfde4c96c8593536e31f229ea8f37b2ada2699bb2,USDT,6,2025-12-23,79613120286,128
0x5f07bb9fee6062e9d09a52e6d587c64bad6ba706,0xfde4c96c8593536e31f229ea8f37b2ada2699bb2,USDT,6,2025-12-24,2013739929,129
0x5f07bb9fee6062e9d09a52e6d587c64bad6ba706,0xfde4c96c8593536e31f229ea8f37b2ada2699bb2,USDT,6,2025-12-25,-1302003093,219
0x5f07bb9fee6062e9d09a52e6d587c64bad6ba706,0xfde4c96c8593536e31f229ea8f37b2ada2699bb2,USDT,6,2025-12-26,-3109738264,176
0x5f07bb9fee6062e9d09a52e6d587c64bad6ba706,0xfde4c96c8593536e31f229ea8f37b2ada2699bb2,USDT,6,2025-12-27,293044848,138
0x5f07bb9fee6062e9d09a52e6d587c64bad6ba706,0xfde4c96c8593536e31f229ea8f37b2ada2699bb2,USDT,6,2025-12-28,1128840545,208
0x5f07bb9fee6062e9d09a52e6d587c64bad6ba706,0xfde4c96c8593536e31f229ea8f37b2ada2699bb2,USDT,6,2025-12-29,42184273134,110
0x5f07bb9fee6062e9d09a52e6d587c64bad6ba706,0xfde4c96c8593536e31f229ea8f37b2ada2699bb2,USDT,6,2025-12-30,23232007876,129
0x5f07bb9fee6062e9d09a52e6d587c64bad6ba706,0xfde4c96c8593536e31f229ea8f37b2ada2699bb2,USDT,6,2025-12-31,14201539525,183
0x5f07bb9fee6062e9d09a52e6d587c64bad6ba706,0xfde4c96c8593536e31f229ea8f37b2ada2699bb2,USDT,6,2026-01-01,-33709386437,196
0x5f07bb9fee6062e9d09a52e6d587c64bad6ba706,0xfde4c96c8593536e31f229ea8f37b2ada2699bb2,USDT,6,2026-01-02,48908747846,225
0x5f07bb9fee6062e9d09a52e6d587c64bad6ba706,0xfde4c96c8593536e31f229ea8f37b2ada2699bb2,USDT,6,2026-01-03,-15071695544,106
0x5f07bb9fee6062e9d09a52e6d587c64bad6ba706,0xfde4c96c8593536e31f229ea8f37b2ada2699bb2,USDT,6,2026-01-04,-23643750044,109
0x5f07bb9fee6062e9d09a52e6d587c64bad6ba706,0xfde4c96c8593536e31f229ea8f37b2ada2699bb2,USDT,6,2026-01-05,-17851680446,138
0x5f07bb9fee6062e9d09a52e6d587c64bad6ba706,0xfde4c96c8593536e31f229ea8f37b2ada2699bb2,USDT,6,2026-01-06,-5917293062,386
0x5f07bb9fee6062e9d09a52e6d587c64bad6ba706,0xfde4c96c8593536e31f229ea8f37b2ada2699bb2,USDT,6,2026-01-07,-2701248359,393
0x5f07bb9fee6062e9d09a52e6d587c64bad6ba706,0xfde4c96c8593536e31f229ea8f37b2ada2699bb2,USDT,6,2026-01-08,21972659194,144
0x5f07bb9fee6062e9d09a52e6d587c64bad6ba706,0xfde4c96c8593536e31f229ea8f37b2ada2699bb2,USDT,6,2026-01-09,3229966790,462
0x5f07bb9fee6062e9d09a52e6d587c64bad6ba706,0xfde4c96c8593536e31f229ea8f37b2ada2699bb2,USDT,6,2026-01-10,5626433361,106
0x5f07bb9fee6062e9d09a52e6d587c64bad6ba706,0xfde4c96c8593536e31f229ea8f37b2ada2699bb2,USDT,6,2026-01-11,15327860388,215
0x5f07bb9fee6062e9d09a52e6d587c64bad6ba706,0xfde4c96c8593536e31f229ea8f37b2ada2699bb2,USDT,6,2026-01-12,-34809714570,180
0x5f07bb9fee6062e9d09a52e6d587c64bad6ba706,0xfde4c96c8593536e31f229ea8f37b2ada2699bb2,USDT,6,2026-01-13,28570878501,84
0x5f07bb9fee6062e9d09a52e6d587c64bad6ba706,0xfde4c96c8593536e31f229ea8f37b2ada2699bb2,USDT,6,2026-01-14,22876159097,169
0x5f07bb9fee6062e9d09a52e6d587c64bad6ba706,0xfde4c96c8593536e31f229ea8f37b2ada2699bb2,USDT,6,2026-01-15,-8437549273,139
0x5f07bb9fee6062e9d09a52e6d587c64bad6ba706,0xfde4c96c8593536e31f229ea8f37b2ada2699bb2,USDT,6,2026-01-16,154665065757,99
0x5f07bb9fee6062e9d09a52e6d587c64bad6ba706,0xfde4c96c8593536e31f229ea8f37b2ada2699bb2,USDT,6,2026-01-17,-165863474668,87
0x5f07bb9fee6062e9d09a52e6d587c64bad6ba706,0xfde4c96c8593536e31f229ea8f37b2ada2699bb2,USDT,6,2026-01-18,-1638798210,40
0x5f07bb9fee6062e9d09a52e6d587c64bad6ba706,0xfde4c96c8593536e31f229ea8f37b2ada2699bb2,USDT,6,2026-01-19,-21104883664,61
0x5f07bb9fee6062e9d09a52e6d587c64bad6ba706,0xfde4c96c8593536e31f229ea8f37b2ada2699bb2,USDT,6,2026-01-20,10705595011,68
0x5f07bb9fee6062e9d09a52e6d587c64bad6ba706,0xfde4c96c8593536e31f229ea8f37b2ada2699bb2,USDT,6,2026-01-21,6904564224,119
0x5f07bb9fee6062e9d09a52e6d587c64bad6ba706,0xfde4c96c8593536e31f229ea8f37b2ada2699bb2,USDT,6,2026-01-22,20266886350,305
0x5f07bb9fee6062e9d09a52e6d587c64bad6ba706,0xfde4c96c8593536e31f229ea8f37b2ada2699bb2,USDT,6,2026-01-23,23705617424,101
0x5f07bb9fee6062e9d09a52e6d587c64bad6ba706,0xfde4c96c8593536e31f229ea8f37b2ada2699bb2,USDT,6,2026-01-24,85724571343,59
0x5f07bb9fee6062e9d09a52e6d587c64bad6ba706,0xfde4c96c8593536e31f229ea8f37b2ada2699bb2,USDT,6,2026-01-25,-10681226520,91
0x5f07bb9fee6062e9d09a52e6d587c64bad6ba706,0xfde4c96c8593536e31f229ea8f37b2ada2699bb2,USDT,6,2026-01-26,-59335413635,143
0x5f07bb9fee6062e9d09a52e6d587c64bad6ba706,0xfde4c96c8593536e31f229ea8f37b2ada2699bb2,USDT,6,2026-01-27,8892348490,143
0x5f07bb9fee6062e9d09a52e6d587c64bad6ba706,0xfde4c96c8593536e31f229ea8f37b2ada2699bb2,USDT,6,2026-01-28,11399025345,110
0x5f07bb9fee6062e9d09a52e6d587c64bad6ba706,0xfde4c96c8593536e31f229ea8f37b2ada2699bb2,USDT,6,2026-01-29,13585961675,143
0x5f07bb9fee6062e9d09a52e6d587c64bad6ba706,0xfde4c96c8593536e31f229ea8f37b2ada2699bb2,USDT,6,2026-01-30,-7332886486,240
0x5f07bb9fee6062e9d09a52e6d587c64bad6ba706,0xfde4c96c8593536e31f229ea8f37b2ada2699bb2,USDT,6,2026-01-31,-41902732878,104
0x5f07bb9fee6062e9d09a52e6d587c64bad6ba706,0xfde4c96c8593536e31f229ea8f37b2ada2699bb2,USDT,6,2026-02-01,-45828629282,326
0x5f07bb9fee6062e9d09a52e6d587c64bad6ba706,0xfde4c96c8593536e31f229ea8f37b2ada2699bb2,USDT,6,2026-02-02,87732690586,408
0x5f07bb9fee6062e9d09a52e6d587c64bad6ba706,0xfde4c96c8593536e31f229ea8f37b2ada2699bb2,USDT,6,2026-02-03,-3534176207,292
0x5f07bb9fee6062e9d09a52e6d587c64bad6ba706,0xfde4c96c8593536e31f229ea8f37b2ada2699bb2,USDT,6,2026-02-04,178172606059,264
0x5f07bb9fee6062e9d09a52e6d587c64bad6ba706,0xfde4c96c8593536e31f229ea8f37b2ada2699bb2,USDT,6,2026-02-05,-286817983443,1791
0x5f07bb9fee6062e9d09a52e6d587c64bad6ba706,0xfde4c96c8593536e31f229ea8f37b2ada2699bb2,USDT,6,2026-02-06,-16007184389,865
0x5f07bb9fee6062e9d09a52e6d587c64bad6ba706,0xfde4c96c8593536e31f229ea8f37b2ada2699bb2,USDT,6,2026-02-07,-29415129103,277
0x5f07bb9fee6062e9d09a52e6d587c64bad6ba706,0xfde4c96c8593536e31f229ea8f37b2ada2699bb2,USDT,6,2026-02-08,-23691873628,330
0x5f07bb9fee6062e9d09a52e6d587c64bad6ba706,0xfde4c96c8593536e31f229ea8f37b2ada2699bb2,USDT,6,2026-02-09,28802445670,237
0x5f07bb9fee6062e9d09a52e6d587c64bad6ba706,0xfde4c96c8593536e31f229ea8f37b2ada2699bb2,USDT,6,2026-02-10,26358363041,292
0x5f07bb9fee6062e9d09a52e6d587c64bad6ba706,0xfde4c96c8593536e31f229ea8f37b2ada2699bb2,USDT,6,2026-02-11,-4336918038,305
0x5f07bb9fee6062e9d09a52e6d587c64bad6ba706,0xfde4c96c8593536e31f229ea8f37b2ada2699bb2,USDT,6,2026-02-12,18123454726,206
0x5f07bb9fee6062e9d09a52e6d587c64bad6ba706,0xfde4c96c8593536e31f229ea8f37b2ada2699bb2,USDT,6,2026-02-13,10876540562,273
0x5f07bb9fee6062e9d09a52e6d587c64bad6ba706,0xfde4c96c8593536e31f229ea8f37b2ada2699bb2,USDT,6,2026-02-14,-26457151128,297
0x5f07bb9fee6062e9d09a52e6d587c64bad6ba706,0xfde4c96c8593536e31f229ea8f37b2ada2699bb2,USDT,6,2026-02-15,40494090486,107
0x5f07bb9fee6062e9d09a52e6d587c64bad6ba706,0xfde4c96c8593536e31f229ea8f37b2ada2699bb2,USDT,6,2026-02-16,-11869518495,64
0x5f07bb9fee6062e9d09a52e6d587c64bad6ba706,0xfde4c96c8593536e31f229ea8f37b2ada2699bb2,USDT,6,2026-02-17,77809233888,85
0x5f07bb9fee6062e9d09a52e6d587c64bad6ba706,0xfde4c96c8593536e31f229ea8f37b2ada2699bb2,USDT,6,2026-02-18,11298149621,275
0x5f07bb9fee6062e9d09a52e6d587c64bad6ba706,0xfde4c96c8593536e31f229ea8f37b2ada2699bb2,USDT,6,2026-02-19,-25884137064,530
0x5f07bb9fee6062e9d09a52e6d587c64bad6ba706,0xfde4c96c8593536e31f229ea8f37b2ada2699bb2,USDT,6,2026-02-20,-25749476484,113
0x5f07bb9fee6062e9d09a52e6d587c64bad6ba706,0xfde4c96c8593536e31f229ea8f37b2ada2699bb2,USDT,6,2026-02-21,-29857536510,136
0x5f07bb9fee6062e9d09a52e6d587c64bad6ba706,0xfde4c96c8593536e31f229ea8f37b2ada2699bb2,USDT,6,2026-02-22,-47847717722,120
0x5f07bb9fee6062e9d09a52e6d587c64bad6ba706,0xfde4c96c8593536e31f229ea8f37b2ada2699bb2,USDT,6,2026-02-23,-42345448113,278
0x5f07bb9fee6062e9d09a52e6d587c64bad6ba706,0xfde4c96c8593536e31f229ea8f37b2ada2699bb2,USDT,6,2026-02-24,-5878705669,99
0x5f07bb9fee6062e9d09a52e6d587c64bad6ba706,0xfde4c96c8593536e31f229ea8f37b2ada2699bb2,USDT,6,2026-02-25,-79153652846,299
0x5f07bb9fee6062e9d09a52e6d587c64bad6ba706,0xfde4c96c8593536e31f229ea8f37b2ada2699bb2,USDT,6,2026-02-26,-3089225611,211
0x5f07bb9fee6062e9d09a52e6d587c64bad6ba706,0xfde4c96c8593536e31f229ea8f37b2ada2699bb2,USDT,6,2026-02-27,-59416579476,130
0x5f07bb9fee6062e9d09a52e6d587c64bad6ba706,0xfde4c96c8593536e31f229ea8f37b2ada2699bb2,USDT,6,2026-02-28,24294035004,159
0x5f07bb9fee6062e9d09a52e6d587c64bad6ba706,0xfde4c96c8593536e31f229ea8f37b2ada2699bb2,USDT,6,2026-03-01,-10372615356,162
0x5f07bb9fee6062e9d09a52e6d587c64bad6ba706,0xfde4c96c8593536e31f229ea8f37b2ada2699bb2,USDT,6,2026-03-02,-5948506273,173
0x5f07bb9fee6062e9d09a52e6d587c64bad6ba706,0xfde4c96c8593536e31f229ea8f37b2ada2699bb2,USDT,6,2026-03-03,-1913213113,329
0x5f07bb9fee6062e9d09a52e6d587c64bad6ba706,0xfde4c96c8593536e31f229ea8f37b2ada2699bb2,USDT,6,2026-03-04,32077049225,78
0x5f07bb9fee6062e9d09a52e6d587c64bad6ba706,0xfde4c96c8593536e31f229ea8f37b2ada2699bb2,USDT,6,2026-03-05,2432666620,77
0x5f07bb9fee6062e9d09a52e6d587c64bad6ba706,0xfde4c96c8593536e31f229ea8f37b2ada2699bb2,USDT,6,2026-03-06,227433747,55
0x5f07bb9fee6062e9d09a52e6d587c64bad6ba706,0xfde4c96c8593536e31f229ea8f37b2ada2699bb2,USDT,6,2026-03-07,-20492434983,72
0x5f07bb9fee6062e9d09a52e6d587c64bad6ba706,0xfde4c96c8593536e31f229ea8f37b2ada2699bb2,USDT,6,2026-03-08,3566034603,97
0x5f07bb9fee6062e9d09a52e6d587c64bad6ba706,0xfde4c96c8593536e31f229ea8f37b2ada2699bb2,USDT,6,2026-03-09,24004416326,53
0x5f07bb9fee6062e9d09a52e6d587c64bad6ba706,0xfde4c96c8593536e31f229ea8f37b2ada2699bb2,USDT,6,2026-03-10,39581430707,66
0x5f07bb9fee6062e9d09a52e6d587c64bad6ba706,0xfde4c96c8593536e31f229ea8f37b2ada2699bb2,USDT,6,2026-03-11,-37338332172,132
0x5f07bb9fee6062e9d09a52e6d587c64bad6ba706,0xfde4c96c8593536e31f229ea8f37b2ada2699bb2,USDT,6,2026-03-12,-20703510492,76
0x5f07bb9fee6062e9d09a52e6d587c64bad6ba706,0xfde4c96c8593536e31f229ea8f37b2ada2699bb2,USDT,6,2026-03-13,9739127294,95
0x5f07bb9fee6062e9d09a52e6d587c64bad6ba706,0xfde4c96c8593536e31f229ea8f37b2ada2699bb2,USDT,6,2026-03-14,-12627109444,103
0x5f07bb9fee6062e9d09a52e6d587c64bad6ba706,0xfde4c96c8593536e31f229ea8f37b2ada2699bb2,USDT,6,2026-03-15,-1501396784,112
0x5f07bb9fee6062e9d09a52e6d587c64bad6ba706,0xfde4c96c8593536e31f229ea8f37b2ada2699bb2,USDT,6,2026-03-16,-7274987346,207
0x5f07bb9fee6062e9d09a52e6d587c64bad6ba706,0xfde4c96c8593536e31f229ea8f37b2ada2699bb2,USDT,6,2026-03-17,-9732391863,103
0x5f07bb9fee6062e9d09a52e6d587c64bad6ba706,0xfde4c96c8593536e31f229ea8f37b2ada2699bb2,USDT,6,2026-03-18,-11284317221,205
0x5f07bb9fee6062e9d09a52e6d587c64bad6ba706,0xfde4c96c8593536e31f229ea8f37b2ada2699bb2,USDT,6,2026-03-19,6199881510,78
0x5f07bb9fee6062e9d09a52e6d587c64bad6ba706,0xfde4c96c8593536e31f229ea8f37b2ada2699bb2,USDT,6,2026-03-20,-10527518749,49
0x5f07bb9fee6062e9d09a52e6d587c64bad6ba706,0xfde4c96c8593536e31f229ea8f37b2ada2699bb2,USDT,6,2026-03-21,4414046655,37
0x5f07bb9fee6062e9d09a52e6d587c64bad6ba706,0xfde4c96c8593536e31f229ea8f37b2ada2699bb2,USDT,6,2026-03-22,915175071,66
0x5f07bb9fee6062e9d09a52e6d587c64bad6ba706,0xfde4c96c8593536e31f229ea8f37b2ada2699bb2,USDT,6,2026-03-23,6113733622,68
0x5f07bb9fee6062e9d09a52e6d587c64bad6ba706,0xfde4c96c8593536e31f229ea8f37b2ada2699bb2,USDT,6,2026-03-24,12597820272,178
0x5f07bb9fee6062e9d09a52e6d587c64bad6ba706,0xfde4c96c8593536e31f229ea8f37b2ada2699bb2,USDT,6,2026-03-25,14849613439,123
0x5f07bb9fee6062e9d09a52e6d587c64bad6ba706,0xfde4c96c8593536e31f229ea8f37b2ada2699bb2,USDT,6,2026-03-26,32951752260,91
0x5f07bb9fee6062e9d09a52e6d587c64bad6ba706,0xfde4c96c8593536e31f229ea8f37b2ada2699bb2,USDT,6,2026-03-27,-14932629576,58
0x5f07bb9fee6062e9d09a52e6d587c64bad6ba706,0xfde4c96c8593536e31f229ea8f37b2ada2699bb2,USDT,6,2026-03-28,1292708984,26
0x5f07bb9fee6062e9d09a52e6d587c64bad6ba706,0xfde4c96c8593536e31f229ea8f37b2ada2699bb2,USDT,6,2026-03-29,25835158765,89
0x5f07bb9fee6062e9d09a52e6d587c64bad6ba706,0xfde4c96c8593536e31f229ea8f37b2ada2699bb2,USDT,6,2026-03-30,17985598941,88
0x5f07bb9fee6062e9d09a52e6d587c64bad6ba706,0xfde4c96c8593536e31f229ea8f37b2ada2699bb2,USDT,6,2026-03-31,-17780361643,126
0x5f07bb9fee6062e9d09a52e6d587c64bad6ba706,0xfde4c96c8593536e31f229ea8f37b2ada2699bb2,USDT,6,2026-04-01,-9566161296,214
0x5f07bb9fee6062e9d09a52e6d587c64bad6ba706,0xfde4c96c8593536e31f229ea8f37b2ada2699bb2,USDT,6,2026-04-02,-37980431720,149
0x5f07bb9fee6062e9d09a52e6d587c64bad6ba706,0xfde4c96c8593536e31f229ea8f37b2ada2699bb2,USDT,6,2026-04-03,34120049126,58
0x5f07bb9fee6062e9d09a52e6d587c64bad6ba706,0xfde4c96c8593536e31f229ea8f37b2ada2699bb2,USDT,6,2026-04-04,8504910221,29
0x5f07bb9fee6062e9d09a52e6d587c64bad6ba706,0xfde4c96c8593536e31f229ea8f37b2ada2699bb2,USDT,6,2026-04-05,8519401227,66
0x5f07bb9fee6062e9d09a52e6d587c64bad6ba706,0xfde4c96c8593536e31f229ea8f37b2ada2699bb2,USDT,6,2026-04-06,23836578414,80
0x5f07bb9fee6062e9d09a52e6d587c64bad6ba706,0xfde4c96c8593536e31f229ea8f37b2ada2699bb2,USDT,6,2026-04-07,-3039099499,140
0x5f07bb9fee6062e9d09a52e6d587c64bad6ba706,0xfde4c96c8593536e31f229ea8f37b2ada2699bb2,USDT,6,2026-04-08,52855349150,54
0x5f07bb9fee6062e9d09a52e6d587c64bad6ba706,0xfde4c96c8593536e31f229ea8f37b2ada2699bb2,USDT,6,2026-04-09,-132933560903,271
0x5f07bb9fee6062e9d09a52e6d587c64bad6ba706,0xfde4c96c8593536e31f229ea8f37b2ada2699bb2,USDT,6,2026-04-10,-29578543089,290
0x5f07bb9fee6062e9d09a52e6d587c64bad6ba706,0xfde4c96c8593536e31f229ea8f37b2ada2699bb2,USDT,6,2026-04-11,-8183487985,57
0x5f07bb9fee6062e9d09a52e6d587c64bad6ba706,0xfde4c96c8593536e31f229ea8f37b2ada2699bb2,USDT,6,2026-04-12,63415495281,94
0x5f07bb9fee6062e9d09a52e6d587c64bad6ba706,0xfde4c96c8593536e31f229ea8f37b2ada2699bb2,USDT,6,2026-04-13,-24124262670,85
0x5f07bb9fee6062e9d09a52e6d587c64bad6ba706,0xfde4c96c8593536e31f229ea8f37b2ada2699bb2,USDT,6,2026-04-14,12435253044,132
0x5f07bb9fee6062e9d09a52e6d587c64bad6ba706,0xfde4c96c8593536e31f229ea8f37b2ada2699bb2,USDT,6,2026-04-15,-6022104671,134
0x5f07bb9fee6062e9d09a52e6d587c64bad6ba706,0xfde4c96c8593536e31f229ea8f37b2ada2699bb2,USDT,6,2026-04-16,4414427547,323
0x5f07bb9fee6062e9d09a52e6d587c64bad6ba706,0xfde4c96c8593536e31f229ea8f37b2ada2699bb2,USDT,6,2026-04-17,48731172301,218
0x5f07bb9fee6062e9d09a52e6d587c64bad6ba706,0xfde4c96c8593536e31f229ea8f37b2ada2699bb2,USDT,6,2026-04-18,-38955326646,140
0x5f07bb9fee6062e9d09a52e6d587c64bad6ba706,0xfde4c96c8593536e31f229ea8f37b2ada2699bb2,USDT,6,2026-04-19,-11140810624,124
0x5f07bb9fee6062e9d09a52e6d587c64bad6ba706,0xfde4c96c8593536e31f229ea8f37b2ada2699bb2,USDT,6,2026-04-20,12157258435,143
0x5f07bb9fee6062e9d09a52e6d587c64bad6ba706,0xfde4c96c8593536e31f229ea8f37b2ada2699bb2,USDT,6,2026-04-21,-17837442229,70
0x5f07bb9fee6062e9d09a52e6d587c64bad6ba706,0xfde4c96c8593536e31f229ea8f37b2ada2699bb2,USDT,6,2026-04-22,27150884836,180
0x5f07bb9fee6062e9d09a52e6d587c64bad6ba706,0xfde4c96c8593536e31f229ea8f37b2ada2699bb2,USDT,6,2026-04-23,33306762504,159
0x5f07bb9fee6062e9d09a52e6d587c64bad6ba706,0xfde4c96c8593536e31f229ea8f37b2ada2699bb2,USDT,6,2026-04-24,13765140321,53
0x5f07bb9fee6062e9d09a52e6d587c64bad6ba706,0xfde4c96c8593536e31f229ea8f37b2ada2699bb2,USDT,6,2026-04-25,-11111121245,61
0x5f07bb9fee6062e9d09a52e6d587c64bad6ba706,0xfde4c96c8593536e31f229ea8f37b2ada2699bb2,USDT,6,2026-04-26,18560457075,92
0x5f07bb9fee6062e9d09a52e6d587c64bad6ba706,0xfde4c96c8593536e31f229ea8f37b2ada2699bb2,USDT,6,2026-04-27,3109602554,43
0x5f07bb9fee6062e9d09a52e6d587c64bad6ba706,0xfde4c96c8593536e31f229ea8f37b2ada2699bb2,USDT,6,2026-04-28,-859493462,90
0x5f07bb9fee6062e9d09a52e6d587c64bad6ba706,0xfde4c96c8593536e31f229ea8f37b2ada2699bb2,USDT,6,2026-04-29,-16666587938,93
0x5f07bb9fee6062e9d09a52e6d587c64bad6ba706,0xfde4c96c8593536e31f229ea8f37b2ada2699bb2,USDT,6,2026-04-30,-18181535762,230
0x5f07bb9fee6062e9d09a52e6d587c64bad6ba706,0xfde4c96c8593536e31f229ea8f37b2ada2699bb2,USDT,6,2026-05-01,21892788128,170
0x5f07bb9fee6062e9d09a52e6d587c64bad6ba706,0xfde4c96c8593536e31f229ea8f37b2ada2699bb2,USDT,6,2026-05-02,-27986791955,62
0x5f07bb9fee6062e9d09a52e6d587c64bad6ba706,0xfde4c96c8593536e31f229ea8f37b2ada2699bb2,USDT,6,2026-05-03,-34382790554,144
0x5f07bb9fee6062e9d09a52e6d587c64bad6ba706,0xfde4c96c8593536e31f229ea8f37b2ada2699bb2,USDT,6,2026-05-04,42301769643,94
0x5f07bb9fee6062e9d09a52e6d587c64bad6ba706,0xfde4c96c8593536e31f229ea8f37b2ada2699bb2,USDT,6,2026-05-05,3949099224,43
0x5f07bb9fee6062e9d09a52e6d587c64bad6ba706,0xfde4c96c8593536e31f229ea8f37b2ada2699bb2,USDT,6,2026-05-06,11492284803,60
0x5f07bb9fee6062e9d09a52e6d587c64bad6ba706,0xfde4c96c8593536e31f229ea8f37b2ada2699bb2,USDT,6,2026-05-07,-25526066302,99
0x5f07bb9fee6062e9d09a52e6d587c64bad6ba706,0xfde4c96c8593536e31f229ea8f37b2ada2699bb2,USDT,6,2026-05-08,1600431624,80
0x5f07bb9fee6062e9d09a52e6d587c64bad6ba706,0xfde4c96c8593536e31f229ea8f37b2ada2699bb2,USDT,6,2026-05-09,4629511147,57
0x5f07bb9fee6062e9d09a52e6d587c64bad6ba706,0xfde4c96c8593536e31f229ea8f37b2ada2699bb2,USDT,6,2026-05-10,-3930519536,90
0x5f07bb9fee6062e9d09a52e6d587c64bad6ba706,0xfde4c96c8593536e31f229ea8f37b2ada2699bb2,USDT,6,2026-05-11,-7245760036,46
0x5f07bb9fee6062e9d09a52e6d587c64bad6ba706,0xfde4c96c8593536e31f229ea8f37b2ada2699bb2,USDT,6,2026-05-12,-3985725730,42
0x5f07bb9fee6062e9d09a52e6d587c64bad6ba706,0xfde4c96c8593536e31f229ea8f37b2ada2699bb2,USDT,6,2026-05-13,1632661773,62
0x5f07bb9fee6062e9d09a52e6d587c64bad6ba706,0xfde4c96c8593536e31f229ea8f37b2ada2699bb2,USDT,6,2026-05-14,3252565752,86
0x5f07bb9fee6062e9d09a52e6d587c64bad6ba706,0xfde4c96c8593536e31f229ea8f37b2ada2699bb2,USDT,6,2026-05-15,-7979870433,182
0x5f07bb9fee6062e9d09a52e6d587c64bad6ba706,0xfde4c96c8593536e31f229ea8f37b2ada2699bb2,USDT,6,2026-05-16,-27562069262,134
0x5f07bb9fee6062e9d09a52e6d587c64bad6ba706,0xfde4c96c8593536e31f229ea8f37b2ada2699bb2,USDT,6,2026-05-17,15556790640,70
0x5f07bb9fee6062e9d09a52e6d587c64bad6ba706,0xfde4c96c8593536e31f229ea8f37b2ada2699bb2,USDT,6,2026-05-18,-3510396575,138
0x5f07bb9fee6062e9d09a52e6d587c64bad6ba706,0xfde4c96c8593536e31f229ea8f37b2ada2699bb2,USDT,6,2026-05-19,-12829915890,168
0x5f07bb9fee6062e9d09a52e6d587c64bad6ba706,0xfde4c96c8593536e31f229ea8f37b2ada2699bb2,USDT,6,2026-05-20,-1137165110,246
0x5f07bb9fee6062e9d09a52e6d587c64bad6ba706,0xfde4c96c8593536e31f229ea8f37b2ada2699bb2,USDT,6,2026-05-21,-7960980282,263
0x5f07bb9fee6062e9d09a52e6d587c64bad6ba706,0xfde4c96c8593536e31f229ea8f37b2ada2699bb2,USDT,6,2026-05-22,33475598779,278
0x5f07bb9fee6062e9d09a52e6d587c64bad6ba706,0xfde4c96c8593536e31f229ea8f37b2ada2699bb2,USDT,6,2026-05-23,-31832300331,280
0x5f07bb9fee6062e9d09a52e6d587c64bad6ba706,0xfde4c96c8593536e31f229ea8f37b2ada2699bb2,USDT,6,2026-05-24,17791177623,259
0x5f07bb9fee6062e9d09a52e6d587c64bad6ba706,0xfde4c96c8593536e31f229ea8f37b2ada2699bb2,USDT,6,2026-05-25,11143333634,973
0x5f07bb9fee6062e9d09a52e6d587c64bad6ba706,0xfde4c96c8593536e31f229ea8f37b2ada2699bb2,USDT,6,2026-05-26,-15964738726,1522
0x5f07bb9fee6062e9d09a52e6d587c64bad6ba706,0xfde4c96c8593536e31f229ea8f37b2ada2699bb2,USDT,6,2026-05-27,45909316791,647
0x5f07bb9fee6062e9d09a52e6d587c64bad6ba706,0xfde4c96c8593536e31f229ea8f37b2ada2699bb2,USDT,6,2026-05-28,-68425576800,416
0x5f07bb9fee6062e9d09a52e6d587c64bad6ba706,0xfde4c96c8593536e31f229ea8f37b2ada2699bb2,USDT,6,2026-05-29,16775508721,182
0x5f07bb9fee6062e9d09a52e6d587c64bad6ba706,0xfde4c96c8593536e31f229ea8f37b2ada2699bb2,USDT,6,2026-05-30,-495529513,295
0x5f07bb9fee6062e9d09a52e6d587c64bad6ba706,0xfde4c96c8593536e31f229ea8f37b2ada2699bb2,USDT,6,2026-05-31,-5763774910,130
0x5f07bb9fee6062e9d09a52e6d587c64bad6ba706,0xfde4c96c8593536e31f229ea8f37b2ada2699bb2,USDT,6,2026-06-01,5767686701,554
0x5f07bb9fee6062e9d09a52e6d587c64bad6ba706,0xfde4c96c8593536e31f229ea8f37b2ada2699bb2,USDT,6,2026-06-02,11450234056,1374
0x5f07bb9fee6062e9d09a52e6d587c64bad6ba706,0xfde4c96c8593536e31f229ea8f37b2ada2699bb2,USDT,6,2026-06-03,-19276408462,346
0x5f07bb9fee6062e9d09a52e6d587c64bad6ba706,0xfde4c96c8593536e31f229ea8f37b2ada2699bb2,USDT,6,2026-06-04,26658903683,533
0x5f07bb9fee6062e9d09a52e6d587c64bad6ba706,0xfde4c96c8593536e31f229ea8f37b2ada2699bb2,USDT,6,2026-06-05,28103795580,1239
0x5f07bb9fee6062e9d09a52e6d587c64bad6ba706,0xfde4c96c8593536e31f229ea8f37b2ada2699bb2,USDT,6,2026-06-06,-12316737715,726
0x5f07bb9fee6062e9d09a52e6d587c64bad6ba706,0xfde4c96c8593536e31f229ea8f37b2ada2699bb2,USDT,6,2026-06-07,906278618,882
0x5f07bb9fee6062e9d09a52e6d587c64bad6ba706,0xfde4c96c8593536e31f229ea8f37b2ada2699bb2,USDT,6,2026-06-08,-44403587816,818
0x5f07bb9fee6062e9d09a52e6d587c64bad6ba706,0xfde4c96c8593536e31f229ea8f37b2ada2699bb2,USDT,6,2026-06-09,12308395312,511
0x5f07bb9fee6062e9d09a52e6d587c64bad6ba706,0xfde4c96c8593536e31f229ea8f37b2ada2699bb2,USDT,6,2026-06-10,26528279949,480
0x5f07bb9fee6062e9d09a52e6d587c64bad6ba706,0xfde4c96c8593536e31f229ea8f37b2ada2699bb2,USDT,6,2026-06-11,-25882995589,597
0x5f07bb9fee6062e9d09a52e6d587c64bad6ba706,0xfde4c96c8593536e31f229ea8f37b2ada2699bb2,USDT,6,2026-06-12,-16716417228,791
0x5f07bb9fee6062e9d09a52e6d587c64bad6ba706,0xfde4c96c8593536e31f229ea8f37b2ada2699bb2,USDT,6,2026-06-13,-3708312067,275
0x5f07bb9fee6062e9d09a52e6d587c64bad6ba706,0xfde4c96c8593536e31f229ea8f37b2ada2699bb2,USDT,6,2026-06-14,28561620946,382
0x5f07bb9fee6062e9d09a52e6d587c64bad6ba706,0xfde4c96c8593536e31f229ea8f37b2ada2699bb2,USDT,6,2026-06-15,-24420675775,475
0x5f07bb9fee6062e9d09a52e6d587c64bad6ba706,0xfde4c96c8593536e31f229ea8f37b2ada2699bb2,USDT,6,2026-06-16,-8148294992,379
0x5f07bb9fee6062e9d09a52e6d587c64bad6ba706,0xfde4c96c8593536e31f229ea8f37b2ada2699bb2,USDT,6,2026-06-17,-1820737709,326
0x5f07bb9fee6062e9d09a52e6d587c64bad6ba706,0xfde4c96c8593536e31f229ea8f37b2ada2699bb2,USDT,6,2026-06-18,18380918134,196
0x5f07bb9fee6062e9d09a52e6d587c64bad6ba706,0xfde4c96c8593536e31f229ea8f37b2ada2699bb2,USDT,6,2026-06-19,-16616632026,134
0x5f07bb9fee6062e9d09a52e6d587c64bad6ba706,0xfde4c96c8593536e31f229ea8f37b2ada2699bb2,USDT,6,2026-06-20,-1071519243,127
0x5f07bb9fee6062e9d09a52e6d587c64bad6ba706,0xfde4c96c8593536e31f229ea8f37b2ada2699bb2,USDT,6,2026-06-21,15011185899,101
0x5f07bb9fee6062e9d09a52e6d587c64bad6ba706,0xfde4c96c8593536e31f229ea8f37b2ada2699bb2,USDT,6,2026-06-22,2697440652,131
0x5f07bb9fee6062e9d09a52e6d587c64bad6ba706,0xfde4c96c8593536e31f229ea8f37b2ada2699bb2,USDT,6,2026-06-23,-14446235835,229
0x5f07bb9fee6062e9d09a52e6d587c64bad6ba706,0xfde4c96c8593536e31f229ea8f37b2ada2699bb2,USDT,6,2026-06-24,14668449953,200
0x5f07bb9fee6062e9d09a52e6d587c64bad6ba706,0xfde4c96c8593536e31f229ea8f37b2ada2699bb2,USDT,6,2026-06-25,-7448412232,238
0x5f07bb9fee6062e9d09a52e6d587c64bad6ba706,0xfde4c96c8593536e31f229ea8f37b2ada2699bb2,USDT,6,2026-06-26,-496313031,241
0x5f07bb9fee6062e9d09a52e6d587c64bad6ba706,0xfde4c96c8593536e31f229ea8f37b2ada2699bb2,USDT,6,2026-06-27,4081463230,105
0x5f07bb9fee6062e9d09a52e6d587c64bad6ba706,0xfde4c96c8593536e31f229ea8f37b2ada2699bb2,USDT,6,2026-06-28,28552346956,175
0x5f07bb9fee6062e9d09a52e6d587c64bad6ba706,0xfde4c96c8593536e31f229ea8f37b2ada2699bb2,USDT,6,2026-06-29,-22011816482,230
0x5f07bb9fee6062e9d09a52e6d587c64bad6ba706,0xfde4c96c8593536e31f229ea8f37b2ada2699bb2,USDT,6,2026-06-30,7602961698,177
0x5f07bb9fee6062e9d09a52e6d587c64bad6ba706,0xfde4c96c8593536e31f229ea8f37b2ada2699bb2,USDT,6,2026-07-01,6848696222,215
0x5f07bb9fee6062e9d09a52e6d587c64bad6ba706,0xfde4c96c8593536e31f229ea8f37b2ada2699bb2,USDT,6,2026-07-02,-13840968225,270
0x5f07bb9fee6062e9d09a52e6d587c64bad6ba706,0xfde4c96c8593536e31f229ea8f37b2ada2699bb2,USDT,6,2026-07-03,-24459758784,112
0x5f07bb9fee6062e9d09a52e6d587c64bad6ba706,0xfde4c96c8593536e31f229ea8f37b2ada2699bb2,USDT,6,2026-07-04,31796794402,39
0x5f07bb9fee6062e9d09a52e6d587c64bad6ba706,0xfde4c96c8593536e31f229ea8f37b2ada2699bb2,USDT,6,2026-07-05,3125419691,67
0x5f07bb9fee6062e9d09a52e6d587c64bad6ba706,0xfde4c96c8593536e31f229ea8f37b2ada2699bb2,USDT,6,2026-07-06,-35929799310,170
0x5f07bb9fee6062e9d09a52e6d587c64bad6ba706,0xfde4c96c8593536e31f229ea8f37b2ada2699bb2,USDT,6,2026-07-07,9112622089,58
0x5f07bb9fee6062e9d09a52e6d587c64bad6ba706,0xfde4c96c8593536e31f229ea8f37b2ada2699bb2,USDT,6,2026-07-08,-6752123005,87
0x5f07bb9fee6062e9d09a52e6d587c64bad6ba706,0xfde4c96c8593536e31f229ea8f37b2ada2699bb2,USDT,6,2026-07-09,6470237247,117
0x5f07bb9fee6062e9d09a52e6d587c64bad6ba706,0xfde4c96c8593536e31f229ea8f37b2ada2699bb2,USDT,6,2026-07-10,-1052217437,80
0x5f07bb9fee6062e9d09a52e6d587c64bad6ba706,0xfde4c96c8593536e31f229ea8f37b2ada2699bb2,USDT,6,2026-07-11,-2581688214,37
0x5f07bb9fee6062e9d09a52e6d587c64bad6ba706,0xfde4c96c8593536e31f229ea8f37b2ada2699bb2,USDT,6,2026-07-12,-6574030751,59
0x5f07bb9fee6062e9d09a52e6d587c64bad6ba706,0xfde4c96c8593536e31f229ea8f37b2ada2699bb2,USDT,6,2026-07-13,20549601886,135
0x5f07bb9fee6062e9d09a52e6d587c64bad6ba706,0xfde4c96c8593536e31f229ea8f37b2ada2699bb2,USDT,6,2026-07-14,-12063799565,164
0x5f07bb9fee6062e9d09a52e6d587c64bad6ba706,0xfde4c96c8593536e31f229ea8f37b2ada2699bb2,USDT,6,2026-07-15,-12049372630,156
0x5f07bb9fee6062e9d09a52e6d587c64bad6ba706,0xfde4c96c8593536e31f229ea8f37b2ada2699bb2,USDT,6,2026-07-16,26472039438,258
0x5f07bb9fee6062e9d09a52e6d587c64bad6ba706,0xfde4c96c8593536e31f229ea8f37b2ada2699bb2,USDT,6,2026-07-17,-25340952443,836
0x5f07bb9fee6062e9d09a52e6d587c64bad6ba706,0xfde4c96c8593536e31f229ea8f37b2ada2699bb2,USDT,6,2026-07-18,8414606998,588
0x5f07bb9fee6062e9d09a52e6d587c64bad6ba706,0xfde4c96c8593536e31f229ea8f37b2ada2699bb2,USDT,6,2026-07-19,-4276973634,537
0x5f07bb9fee6062e9d09a52e6d587c64bad6ba706,0xfde4c96c8593536e31f229ea8f37b2ada2699bb2,USDT,6,2026-07-20,732286717,561
0x5f07bb9fee6062e9d09a52e6d587c64bad6ba706,0xfde4c96c8593536e31f229ea8f37b2ada2699bb2,USDT,6,2026-07-21,19333854660,177
0x5f07bb9fee6062e9d09a52e6d587c64bad6ba706,0xfde4c96c8593536e31f229ea8f37b2ada2699bb2,USDT,6,2026-07-22,-33522341859,195
0x5f07bb9fee6062e9d09a52e6d587c64bad6ba706,0xfde4c96c8593536e31f229ea8f37b2ada2699bb2,USDT,6,2026-07-23,6830875981,112
0x5f07bb9fee6062e9d09a52e6d587c64bad6ba706,0xfde4c96c8593536e31f229ea8f37b2ada2699bb2,USDT,6,2026-07-24,12458268940,145
0x5f433f47db8ac2a90d50e3cafb29a7039d5828d4,0x833589fcd6edb6e08f4c7c32d4f71b54bda02913,USDC,6,2026-04-28,5000000,1
0x5f433f47db8ac2a90d50e3cafb29a7039d5828d4,0x833589fcd6edb6e08f4c7c32d4f71b54bda02913,USDC,6,2026-05-04,74889944810,1
0x5f433f47db8ac2a90d50e3cafb29a7039d5828d4,0x833589fcd6edb6e08f4c7c32d4f71b54bda02913,USDC,6,2026-05-06,12474381,3
0x5f433f47db8ac2a90d50e3cafb29a7039d5828d4,0x833589fcd6edb6e08f4c7c32d4f71b54bda02913,USDC,6,2026-05-09,91267510,7
0x5f433f47db8ac2a90d50e3cafb29a7039d5828d4,0x833589fcd6edb6e08f4c7c32d4f71b54bda02913,USDC,6,2026-05-10,24876512,4
0x5f433f47db8ac2a90d50e3cafb29a7039d5828d4,0x833589fcd6edb6e08f4c7c32d4f71b54bda02913,USDC,6,2026-05-11,-1614342,3
0x5f433f47db8ac2a90d50e3cafb29a7039d5828d4,0x833589fcd6edb6e08f4c7c32d4f71b54bda02913,USDC,6,2026-05-14,198441171,21
0x5f433f47db8ac2a90d50e3cafb29a7039d5828d4,0x833589fcd6edb6e08f4c7c32d4f71b54bda02913,USDC,6,2026-05-15,-71557964,33
0x5f433f47db8ac2a90d50e3cafb29a7039d5828d4,0x833589fcd6edb6e08f4c7c32d4f71b54bda02913,USDC,6,2026-05-16,24534166,30
0x5f433f47db8ac2a90d50e3cafb29a7039d5828d4,0x833589fcd6edb6e08f4c7c32d4f71b54bda02913,USDC,6,2026-05-17,22880,18
0x5f433f47db8ac2a90d50e3cafb29a7039d5828d4,0x833589fcd6edb6e08f4c7c32d4f71b54bda02913,USDC,6,2026-05-18,61954694,43
0x5f433f47db8ac2a90d50e3cafb29a7039d5828d4,0x833589fcd6edb6e08f4c7c32d4f71b54bda02913,USDC,6,2026-05-19,-13804626082,21
0x5f433f47db8ac2a90d50e3cafb29a7039d5828d4,0x833589fcd6edb6e08f4c7c32d4f71b54bda02913,USDC,6,2026-05-20,1992514419,25
0x5f433f47db8ac2a90d50e3cafb29a7039d5828d4,0x833589fcd6edb6e08f4c7c32d4f71b54bda02913,USDC,6,2026-05-21,7679741682,17
0x5f433f47db8ac2a90d50e3cafb29a7039d5828d4,0x833589fcd6edb6e08f4c7c32d4f71b54bda02913,USDC,6,2026-05-22,-4680529917,17
0x5f433f47db8ac2a90d50e3cafb29a7039d5828d4,0x833589fcd6edb6e08f4c7c32d4f71b54bda02913,USDC,6,2026-05-23,-143756576,2
0x5f433f47db8ac2a90d50e3cafb29a7039d5828d4,0x833589fcd6edb6e08f4c7c32d4f71b54bda02913,USDC,6,2026-05-24,4192566515,2
0x5f433f47db8ac2a90d50e3cafb29a7039d5828d4,0x833589fcd6edb6e08f4c7c32d4f71b54bda02913,USDC,6,2026-05-26,2074568600,1
0x5f433f47db8ac2a90d50e3cafb29a7039d5828d4,0x833589fcd6edb6e08f4c7c32d4f71b54bda02913,USDC,6,2026-05-27,-9663787063,5
0x5f433f47db8ac2a90d50e3cafb29a7039d5828d4,0x833589fcd6edb6e08f4c7c32d4f71b54bda02913,USDC,6,2026-05-28,8500010000,5
0x5f433f47db8ac2a90d50e3cafb29a7039d5828d4,0x833589fcd6edb6e08f4c7c32d4f71b54bda02913,USDC,6,2026-05-29,5299337715,4
0x5f433f47db8ac2a90d50e3cafb29a7039d5828d4,0x833589fcd6edb6e08f4c7c32d4f71b54bda02913,USDC,6,2026-06-01,-5279521821,6
0x5f433f47db8ac2a90d50e3cafb29a7039d5828d4,0x833589fcd6edb6e08f4c7c32d4f71b54bda02913,USDC,6,2026-06-02,1460627203,4
0x5f433f47db8ac2a90d50e3cafb29a7039d5828d4,0x833589fcd6edb6e08f4c7c32d4f71b54bda02913,USDC,6,2026-06-03,-8823997876,10
0x5f433f47db8ac2a90d50e3cafb29a7039d5828d4,0x833589fcd6edb6e08f4c7c32d4f71b54bda02913,USDC,6,2026-06-04,-402588436,4
0x5f433f47db8ac2a90d50e3cafb29a7039d5828d4,0x833589fcd6edb6e08f4c7c32d4f71b54bda02913,USDC,6,2026-06-05,-9640055808,13
0x5f433f47db8ac2a90d50e3cafb29a7039d5828d4,0x833589fcd6edb6e08f4c7c32d4f71b54bda02913,USDC,6,2026-06-07,-2195173139,3
0x5f433f47db8ac2a90d50e3cafb29a7039d5828d4,0x833589fcd6edb6e08f4c7c32d4f71b54bda02913,USDC,6,2026-06-08,-693304265,5
0x5f433f47db8ac2a90d50e3cafb29a7039d5828d4,0x833589fcd6edb6e08f4c7c32d4f71b54bda02913,USDC,6,2026-06-09,-4884720573,5
0x5f433f47db8ac2a90d50e3cafb29a7039d5828d4,0x833589fcd6edb6e08f4c7c32d4f71b54bda02913,USDC,6,2026-06-10,-3183021149,5
0x5f433f47db8ac2a90d50e3cafb29a7039d5828d4,0x833589fcd6edb6e08f4c7c32d4f71b54bda02913,USDC,6,2026-06-11,4337875186,11
0x5f433f47db8ac2a90d50e3cafb29a7039d5828d4,0x833589fcd6edb6e08f4c7c32d4f71b54bda02913,USDC,6,2026-06-12,3252422044,21
0x5f433f47db8ac2a90d50e3cafb29a7039d5828d4,0x833589fcd6edb6e08f4c7c32d4f71b54bda02913,USDC,6,2026-06-13,-88295476,10
0x5f433f47db8ac2a90d50e3cafb29a7039d5828d4,0x833589fcd6edb6e08f4c7c32d4f71b54bda02913,USDC,6,2026-06-14,5532787927,13
0x5f433f47db8ac2a90d50e3cafb29a7039d5828d4,0x833589fcd6edb6e08f4c7c32d4f71b54bda02913,USDC,6,2026-06-15,-4081487525,7
0x5f433f47db8ac2a90d50e3cafb29a7039d5828d4,0x833589fcd6edb6e08f4c7c32d4f71b54bda02913,USDC,6,2026-06-16,2819260920,6
0x5f433f47db8ac2a90d50e3cafb29a7039d5828d4,0x833589fcd6edb6e08f4c7c32d4f71b54bda02913,USDC,6,2026-06-17,-6681932693,20
0x5f433f47db8ac2a90d50e3cafb29a7039d5828d4,0x833589fcd6edb6e08f4c7c32d4f71b54bda02913,USDC,6,2026-06-18,-5805000284,14
0x5f433f47db8ac2a90d50e3cafb29a7039d5828d4,0x833589fcd6edb6e08f4c7c32d4f71b54bda02913,USDC,6,2026-06-19,1991419331,2
0x5f433f47db8ac2a90d50e3cafb29a7039d5828d4,0x833589fcd6edb6e08f4c7c32d4f71b54bda02913,USDC,6,2026-06-20,-3842175,3
0x5f433f47db8ac2a90d50e3cafb29a7039d5828d4,0x833589fcd6edb6e08f4c7c32d4f71b54bda02913,USDC,6,2026-06-21,-743023725,5
0x5f433f47db8ac2a90d50e3cafb29a7039d5828d4,0x833589fcd6edb6e08f4c7c32d4f71b54bda02913,USDC,6,2026-06-22,-5569111709,13
0x5f433f47db8ac2a90d50e3cafb29a7039d5828d4,0x833589fcd6edb6e08f4c7c32d4f71b54bda02913,USDC,6,2026-06-23,-12474272696,14
0x5f433f47db8ac2a90d50e3cafb29a7039d5828d4,0x833589fcd6edb6e08f4c7c32d4f71b54bda02913,USDC,6,2026-06-24,79448989,15
0x5f433f47db8ac2a90d50e3cafb29a7039d5828d4,0x833589fcd6edb6e08f4c7c32d4f71b54bda02913,USDC,6,2026-06-25,-24360869,23
0x5f433f47db8ac2a90d50e3cafb29a7039d5828d4,0x833589fcd6edb6e08f4c7c32d4f71b54bda02913,USDC,6,2026-06-26,-17370587,2
0x5f433f47db8ac2a90d50e3cafb29a7039d5828d4,0x833589fcd6edb6e08f4c7c32d4f71b54bda02913,USDC,6,2026-06-27,-2133457999,7
0x5f433f47db8ac2a90d50e3cafb29a7039d5828d4,0x833589fcd6edb6e08f4c7c32d4f71b54bda02913,USDC,6,2026-06-28,-11187654,1
0x5f433f47db8ac2a90d50e3cafb29a7039d5828d4,0x833589fcd6edb6e08f4c7c32d4f71b54bda02913,USDC,6,2026-06-29,136847440,9
0x5f433f47db8ac2a90d50e3cafb29a7039d5828d4,0x833589fcd6edb6e08f4c7c32d4f71b54bda02913,USDC,6,2026-06-30,-1112110428,54
0x5f433f47db8ac2a90d50e3cafb29a7039d5828d4,0x833589fcd6edb6e08f4c7c32d4f71b54bda02913,USDC,6,2026-07-01,-332622040,17
0x5f433f47db8ac2a90d50e3cafb29a7039d5828d4,0x833589fcd6edb6e08f4c7c32d4f71b54bda02913,USDC,6,2026-07-02,8086903694,13
0x5f433f47db8ac2a90d50e3cafb29a7039d5828d4,0x833589fcd6edb6e08f4c7c32d4f71b54bda02913,USDC,6,2026-07-03,611403018,6
0x5f433f47db8ac2a90d50e3cafb29a7039d5828d4,0x833589fcd6edb6e08f4c7c32d4f71b54bda02913,USDC,6,2026-07-04,1011064492,10
0x5f433f47db8ac2a90d50e3cafb29a7039d5828d4,0x833589fcd6edb6e08f4c7c32d4f71b54bda02913,USDC,6,2026-07-05,-1230425629,3
0x5f433f47db8ac2a90d50e3cafb29a7039d5828d4,0x833589fcd6edb6e08f4c7c32d4f71b54bda02913,USDC,6,2026-07-06,-13956977706,13
0x5f433f47db8ac2a90d50e3cafb29a7039d5828d4,0x833589fcd6edb6e08f4c7c32d4f71b54bda02913,USDC,6,2026-07-07,-1281666094,13
0x5f433f47db8ac2a90d50e3cafb29a7039d5828d4,0x833589fcd6edb6e08f4c7c32d4f71b54bda02913,USDC,6,2026-07-08,-2098536538,6
0x5f433f47db8ac2a90d50e3cafb29a7039d5828d4,0x833589fcd6edb6e08f4c7c32d4f71b54bda02913,USDC,6,2026-07-09,90987063,21
0x5f433f47db8ac2a90d50e3cafb29a7039d5828d4,0x833589fcd6edb6e08f4c7c32d4f71b54bda02913,USDC,6,2026-07-10,12624839,19
0x5f433f47db8ac2a90d50e3cafb29a7039d5828d4,0x833589fcd6edb6e08f4c7c32d4f71b54bda02913,USDC,6,2026-07-11,86878822,4
0x5f433f47db8ac2a90d50e3cafb29a7039d5828d4,0x833589fcd6edb6e08f4c7c32d4f71b54bda02913,USDC,6,2026-07-12,977106995,6
0x5f433f47db8ac2a90d50e3cafb29a7039d5828d4,0x833589fcd6edb6e08f4c7c32d4f71b54bda02913,USDC,6,2026-07-13,11641549,13
0x5f433f47db8ac2a90d50e3cafb29a7039d5828d4,0x833589fcd6edb6e08f4c7c32d4f71b54bda02913,USDC,6,2026-07-14,5052448903,18
0x5f433f47db8ac2a90d50e3cafb29a7039d5828d4,0x833589fcd6edb6e08f4c7c32d4f71b54bda02913,USDC,6,2026-07-15,1946835997,11
0x5f433f47db8ac2a90d50e3cafb29a7039d5828d4,0x833589fcd6edb6e08f4c7c32d4f71b54bda02913,USDC,6,2026-07-16,-847175975,8
0x5f433f47db8ac2a90d50e3cafb29a7039d5828d4,0x833589fcd6edb6e08f4c7c32d4f71b54bda02913,USDC,6,2026-07-17,-734687074,8
0x5f433f47db8ac2a90d50e3cafb29a7039d5828d4,0x833589fcd6edb6e08f4c7c32d4f71b54bda02913,USDC,6,2026-07-18,19980,1
0x5f433f47db8ac2a90d50e3cafb29a7039d5828d4,0x833589fcd6edb6e08f4c7c32d4f71b54bda02913,USDC,6,2026-07-19,499365404,2
0x5f433f47db8ac2a90d50e3cafb29a7039d5828d4,0x833589fcd6edb6e08f4c7c32d4f71b54bda02913,USDC,6,2026-07-20,1199414431,7
0x5f433f47db8ac2a90d50e3cafb29a7039d5828d4,0x833589fcd6edb6e08f4c7c32d4f71b54bda02913,USDC,6,2026-07-21,663730614,4
0x5f433f47db8ac2a90d50e3cafb29a7039d5828d4,0x833589fcd6edb6e08f4c7c32d4f71b54bda02913,USDC,6,2026-07-22,-165727061,16
0x5f433f47db8ac2a90d50e3cafb29a7039d5828d4,0x833589fcd6edb6e08f4c7c32d4f71b54bda02913,USDC,6,2026-07-23,-2970896277,12
0x5f433f47db8ac2a90d50e3cafb29a7039d5828d4,0x833589fcd6edb6e08f4c7c32d4f71b54bda02913,USDC,6,2026-07-24,694670316,3
0x5f433f47db8ac2a90d50e3cafb29a7039d5828d4,0xd2a530170d71a9cfe1651fb468e2b98f7ed7456b,AUDF,6,2026-05-04,105000000000,1
0x5f433f47db8ac2a90d50e3cafb29a7039d5828d4,0xd2a530170d71a9cfe1651fb468e2b98f7ed7456b,AUDF,6,2026-05-06,-3443072,3
0x5f433f47db8ac2a90d50e3cafb29a7039d5828d4,0xd2a530170d71a9cfe1651fb468e2b98f7ed7456b,AUDF,6,2026-05-09,-3036976,7
0x5f433f47db8ac2a90d50e3cafb29a7039d5828d4,0xd2a530170d71a9cfe1651fb468e2b98f7ed7456b,AUDF,6,2026-05-10,-3221113,4
0x5f433f47db8ac2a90d50e3cafb29a7039d5828d4,0xd2a530170d71a9cfe1651fb468e2b98f7ed7456b,AUDF,6,2026-05-11,2942340,3
0x5f433f47db8ac2a90d50e3cafb29a7039d5828d4,0xd2a530170d71a9cfe1651fb468e2b98f7ed7456b,AUDF,6,2026-05-14,-276144364,21
0x5f433f47db8ac2a90d50e3cafb29a7039d5828d4,0xd2a530170d71a9cfe1651fb468e2b98f7ed7456b,AUDF,6,2026-05-15,-808834,33
0x5f433f47db8ac2a90d50e3cafb29a7039d5828d4,0xd2a530170d71a9cfe1651fb468e2b98f7ed7456b,AUDF,6,2026-05-16,-33936329,29
0x5f433f47db8ac2a90d50e3cafb29a7039d5828d4,0xd2a530170d71a9cfe1651fb468e2b98f7ed7456b,AUDF,6,2026-05-17,-31839,18
0x5f433f47db8ac2a90d50e3cafb29a7039d5828d4,0xd2a530170d71a9cfe1651fb468e2b98f7ed7456b,AUDF,6,2026-05-18,-153708580,43
0x5f433f47db8ac2a90d50e3cafb29a7039d5828d4,0xd2a530170d71a9cfe1651fb468e2b98f7ed7456b,AUDF,6,2026-05-19,19327451937,21
0x5f433f47db8ac2a90d50e3cafb29a7039d5828d4,0xd2a530170d71a9cfe1651fb468e2b98f7ed7456b,AUDF,6,2026-05-20,-2799396791,25
0x5f433f47db8ac2a90d50e3cafb29a7039d5828d4,0xd2a530170d71a9cfe1651fb468e2b98f7ed7456b,AUDF,6,2026-05-21,-10759711008,17
0x5f433f47db8ac2a90d50e3cafb29a7039d5828d4,0xd2a530170d71a9cfe1651fb468e2b98f7ed7456b,AUDF,6,2026-05-22,6547908029,17
0x5f433f47db8ac2a90d50e3cafb29a7039d5828d4,0xd2a530170d71a9cfe1651fb468e2b98f7ed7456b,AUDF,6,2026-05-23,201572701,2
0x5f433f47db8ac2a90d50e3cafb29a7039d5828d4,0xd2a530170d71a9cfe1651fb468e2b98f7ed7456b,AUDF,6,2026-05-24,-5868308645,2
0x5f433f47db8ac2a90d50e3cafb29a7039d5828d4,0xd2a530170d71a9cfe1651fb468e2b98f7ed7456b,AUDF,6,2026-05-26,-2896691262,1
0x5f433f47db8ac2a90d50e3cafb29a7039d5828d4,0xd2a530170d71a9cfe1651fb468e2b98f7ed7456b,AUDF,6,2026-05-27,13536053517,5
0x5f433f47db8ac2a90d50e3cafb29a7039d5828d4,0xd2a530170d71a9cfe1651fb468e2b98f7ed7456b,AUDF,6,2026-05-28,-11908959144,5
0x5f433f47db8ac2a90d50e3cafb29a7039d5828d4,0xd2a530170d71a9cfe1651fb468e2b98f7ed7456b,AUDF,6,2026-05-29,-7386288729,4
0x5f433f47db8ac2a90d50e3cafb29a7039d5828d4,0xd2a530170d71a9cfe1651fb468e2b98f7ed7456b,AUDF,6,2026-06-01,7359774694,6
0x5f433f47db8ac2a90d50e3cafb29a7039d5828d4,0xd2a530170d71a9cfe1651fb468e2b98f7ed7456b,AUDF,6,2026-06-02,-2037406786,4
0x5f433f47db8ac2a90d50e3cafb29a7039d5828d4,0xd2a530170d71a9cfe1651fb468e2b98f7ed7456b,AUDF,6,2026-06-03,12354190278,10
0x5f433f47db8ac2a90d50e3cafb29a7039d5828d4,0xd2a530170d71a9cfe1651fb468e2b98f7ed7456b,AUDF,6,2026-06-04,566480134,4
0x5f433f47db8ac2a90d50e3cafb29a7039d5828d4,0xd2a530170d71a9cfe1651fb468e2b98f7ed7456b,AUDF,6,2026-06-05,13595061105,13
0x5f433f47db8ac2a90d50e3cafb29a7039d5828d4,0xd2a530170d71a9cfe1651fb468e2b98f7ed7456b,AUDF,6,2026-06-07,3111276426,3
0x5f433f47db8ac2a90d50e3cafb29a7039d5828d4,0xd2a530170d71a9cfe1651fb468e2b98f7ed7456b,AUDF,6,2026-06-08,984397213,5
0x5f433f47db8ac2a90d50e3cafb29a7039d5828d4,0xd2a530170d71a9cfe1651fb468e2b98f7ed7456b,AUDF,6,2026-06-09,6945304304,5
0x5f433f47db8ac2a90d50e3cafb29a7039d5828d4,0xd2a530170d71a9cfe1651fb468e2b98f7ed7456b,AUDF,6,2026-06-10,4540374632,5
0x5f433f47db8ac2a90d50e3cafb29a7039d5828d4,0xd2a530170d71a9cfe1651fb468e2b98f7ed7456b,AUDF,6,2026-06-11,-6180849446,11
0x5f433f47db8ac2a90d50e3cafb29a7039d5828d4,0xd2a530170d71a9cfe1651fb468e2b98f7ed7456b,AUDF,6,2026-06-12,-4621816660,21
0x5f433f47db8ac2a90d50e3cafb29a7039d5828d4,0xd2a530170d71a9cfe1651fb468e2b98f7ed7456b,AUDF,6,2026-06-13,122868505,10
0x5f433f47db8ac2a90d50e3cafb29a7039d5828d4,0xd2a530170d71a9cfe1651fb468e2b98f7ed7456b,AUDF,6,2026-06-14,-7835377277,13
0x5f433f47db8ac2a90d50e3cafb29a7039d5828d4,0xd2a530170d71a9cfe1651fb468e2b98f7ed7456b,AUDF,6,2026-06-15,5778317486,7
0x5f433f47db8ac2a90d50e3cafb29a7039d5828d4,0xd2a530170d71a9cfe1651fb468e2b98f7ed7456b,AUDF,6,2026-06-16,-3992500105,6
0x5f433f47db8ac2a90d50e3cafb29a7039d5828d4,0xd2a530170d71a9cfe1651fb468e2b98f7ed7456b,AUDF,6,2026-06-17,9481319508,20
0x5f433f47db8ac2a90d50e3cafb29a7039d5828d4,0xd2a530170d71a9cfe1651fb468e2b98f7ed7456b,AUDF,6,2026-06-18,8276588494,14
0x5f433f47db8ac2a90d50e3cafb29a7039d5828d4,0xd2a530170d71a9cfe1651fb468e2b98f7ed7456b,AUDF,6,2026-06-19,-2842542114,2
0x5f433f47db8ac2a90d50e3cafb29a7039d5828d4,0xd2a530170d71a9cfe1651fb468e2b98f7ed7456b,AUDF,6,2026-06-20,2813590,3
0x5f433f47db8ac2a90d50e3cafb29a7039d5828d4,0xd2a530170d71a9cfe1651fb468e2b98f7ed7456b,AUDF,6,2026-06-21,1060319698,5
0x5f433f47db8ac2a90d50e3cafb29a7039d5828d4,0xd2a530170d71a9cfe1651fb468e2b98f7ed7456b,AUDF,6,2026-06-22,7966814220,13
0x5f433f47db8ac2a90d50e3cafb29a7039d5828d4,0xd2a530170d71a9cfe1651fb468e2b98f7ed7456b,AUDF,6,2026-06-23,17972281748,14
0x5f433f47db8ac2a90d50e3cafb29a7039d5828d4,0xd2a530170d71a9cfe1651fb468e2b98f7ed7456b,AUDF,6,2026-06-24,-114981125,15
0x5f433f47db8ac2a90d50e3cafb29a7039d5828d4,0xd2a530170d71a9cfe1651fb468e2b98f7ed7456b,AUDF,6,2026-06-25,35334461,23
0x5f433f47db8ac2a90d50e3cafb29a7039d5828d4,0xd2a530170d71a9cfe1651fb468e2b98f7ed7456b,AUDF,6,2026-06-26,25149226,2
0x5f433f47db8ac2a90d50e3cafb29a7039d5828d4,0xd2a530170d71a9cfe1651fb468e2b98f7ed7456b,AUDF,6,2026-06-27,3091465783,7
0x5f433f47db8ac2a90d50e3cafb29a7039d5828d4,0xd2a530170d71a9cfe1651fb468e2b98f7ed7456b,AUDF,6,2026-06-28,16225111,1
0x5f433f47db8ac2a90d50e3cafb29a7039d5828d4,0xd2a530170d71a9cfe1651fb468e2b98f7ed7456b,AUDF,6,2026-06-29,-198402827,9
0x5f433f47db8ac2a90d50e3cafb29a7039d5828d4,0xd2a530170d71a9cfe1651fb468e2b98f7ed7456b,AUDF,6,2026-06-30,1617576545,54
0x5f433f47db8ac2a90d50e3cafb29a7039d5828d4,0xd2a530170d71a9cfe1651fb468e2b98f7ed7456b,AUDF,6,2026-07-01,483589347,17
0x5f433f47db8ac2a90d50e3cafb29a7039d5828d4,0xd2a530170d71a9cfe1651fb468e2b98f7ed7456b,AUDF,6,2026-07-02,-11700076302,13
0x5f433f47db8ac2a90d50e3cafb29a7039d5828d4,0xd2a530170d71a9cfe1651fb468e2b98f7ed7456b,AUDF,6,2026-07-03,-881547872,6
0x5f433f47db8ac2a90d50e3cafb29a7039d5828d4,0xd2a530170d71a9cfe1651fb468e2b98f7ed7456b,AUDF,6,2026-07-04,-1460193356,10
0x5f433f47db8ac2a90d50e3cafb29a7039d5828d4,0xd2a530170d71a9cfe1651fb468e2b98f7ed7456b,AUDF,6,2026-07-05,1773755394,3
0x5f433f47db8ac2a90d50e3cafb29a7039d5828d4,0xd2a530170d71a9cfe1651fb468e2b98f7ed7456b,AUDF,6,2026-07-06,-85848327475,13
0x5f433f47db8ac2a90d50e3cafb29a7039d5828d4,0xd2a530170d71a9cfe1651fb468e2b98f7ed7456b,AUDF,6,2026-07-07,1846734925,13
0x5f433f47db8ac2a90d50e3cafb29a7039d5828d4,0xd2a530170d71a9cfe1651fb468e2b98f7ed7456b,AUDF,6,2026-07-08,3031082828,6
0x5f433f47db8ac2a90d50e3cafb29a7039d5828d4,0xd2a530170d71a9cfe1651fb468e2b98f7ed7456b,AUDF,6,2026-07-09,-131228590,21
0x5f433f47db8ac2a90d50e3cafb29a7039d5828d4,0xd2a530170d71a9cfe1651fb468e2b98f7ed7456b,AUDF,6,2026-07-10,-18149724,19
0x5f433f47db8ac2a90d50e3cafb29a7039d5828d4,0xd2a530170d71a9cfe1651fb468e2b98f7ed7456b,AUDF,6,2026-07-11,-125635839,4
0x5f433f47db8ac2a90d50e3cafb29a7039d5828d4,0xd2a530170d71a9cfe1651fb468e2b98f7ed7456b,AUDF,6,2026-07-12,-1411634254,6
0x5f433f47db8ac2a90d50e3cafb29a7039d5828d4,0xd2a530170d71a9cfe1651fb468e2b98f7ed7456b,AUDF,6,2026-07-13,-16299227,13
0x5f433f47db8ac2a90d50e3cafb29a7039d5828d4,0xd2a530170d71a9cfe1651fb468e2b98f7ed7456b,AUDF,6,2026-07-14,-7264328689,18
0x5f433f47db8ac2a90d50e3cafb29a7039d5828d4,0xd2a530170d71a9cfe1651fb468e2b98f7ed7456b,AUDF,6,2026-07-15,-2783782346,11
0x5f433f47db8ac2a90d50e3cafb29a7039d5828d4,0xd2a530170d71a9cfe1651fb468e2b98f7ed7456b,AUDF,6,2026-07-16,1210848433,8
0x5f433f47db8ac2a90d50e3cafb29a7039d5828d4,0xd2a530170d71a9cfe1651fb468e2b98f7ed7456b,AUDF,6,2026-07-17,1049191124,8
0x5f433f47db8ac2a90d50e3cafb29a7039d5828d4,0xd2a530170d71a9cfe1651fb468e2b98f7ed7456b,AUDF,6,2026-07-18,-28600,1
0x5f433f47db8ac2a90d50e3cafb29a7039d5828d4,0xd2a530170d71a9cfe1651fb468e2b98f7ed7456b,AUDF,6,2026-07-19,-714486466,2
0x5f433f47db8ac2a90d50e3cafb29a7039d5828d4,0xd2a530170d71a9cfe1651fb468e2b98f7ed7456b,AUDF,6,2026-07-20,-1713726796,7
0x5f433f47db8ac2a90d50e3cafb29a7039d5828d4,0xd2a530170d71a9cfe1651fb468e2b98f7ed7456b,AUDF,6,2026-07-21,-946940611,4
0x5f433f47db8ac2a90d50e3cafb29a7039d5828d4,0xd2a530170d71a9cfe1651fb468e2b98f7ed7456b,AUDF,6,2026-07-22,237396849,16
0x5f433f47db8ac2a90d50e3cafb29a7039d5828d4,0xd2a530170d71a9cfe1651fb468e2b98f7ed7456b,AUDF,6,2026-07-23,4249186810,12
0x5f433f47db8ac2a90d50e3cafb29a7039d5828d4,0xd2a530170d71a9cfe1651fb468e2b98f7ed7456b,AUDF,6,2026-07-24,-994979400,3
0x64cfc444f30056302d4bfd20fd79783aa4b3fda3,0x000000000d564d5be76f7f0d28fe52605afc7cf8,flETH,18,2026-02-21,3646876693543,46
0x64cfc444f30056302d4bfd20fd79783aa4b3fda3,0x000000000d564d5be76f7f0d28fe52605afc7cf8,flETH,18,2026-02-24,4937673935081370094,3637
0x64cfc444f30056302d4bfd20fd79783aa4b3fda3,0x000000000d564d5be76f7f0d28fe52605afc7cf8,flETH,18,2026-02-25,1852654378046978039,6443
0x64cfc444f30056302d4bfd20fd79783aa4b3fda3,0x000000000d564d5be76f7f0d28fe52605afc7cf8,flETH,18,2026-02-26,-87797307738282989,3302
0x64cfc444f30056302d4bfd20fd79783aa4b3fda3,0x000000000d564d5be76f7f0d28fe52605afc7cf8,flETH,18,2026-02-27,3578420709096339914,2995
0x64cfc444f30056302d4bfd20fd79783aa4b3fda3,0x000000000d564d5be76f7f0d28fe52605afc7cf8,flETH,18,2026-02-28,60441242817360763,1024
0x64cfc444f30056302d4bfd20fd79783aa4b3fda3,0x000000000d564d5be76f7f0d28fe52605afc7cf8,flETH,18,2026-03-01,-410484760380766470,728
0x64cfc444f30056302d4bfd20fd79783aa4b3fda3,0x000000000d564d5be76f7f0d28fe52605afc7cf8,flETH,18,2026-03-02,-5638945286222997003,890
0x64cfc444f30056302d4bfd20fd79783aa4b3fda3,0x000000000d564d5be76f7f0d28fe52605afc7cf8,flETH,18,2026-03-03,-1857585118567016272,735
0x64cfc444f30056302d4bfd20fd79783aa4b3fda3,0x000000000d564d5be76f7f0d28fe52605afc7cf8,flETH,18,2026-03-04,1304492536926862667,779
0x64cfc444f30056302d4bfd20fd79783aa4b3fda3,0x000000000d564d5be76f7f0d28fe52605afc7cf8,flETH,18,2026-03-05,1608181269272901962,573
0x64cfc444f30056302d4bfd20fd79783aa4b3fda3,0x000000000d564d5be76f7f0d28fe52605afc7cf8,flETH,18,2026-03-06,1253955621065345293,542
0x64cfc444f30056302d4bfd20fd79783aa4b3fda3,0x000000000d564d5be76f7f0d28fe52605afc7cf8,flETH,18,2026-03-07,446617723697651920,388
0x64cfc444f30056302d4bfd20fd79783aa4b3fda3,0x000000000d564d5be76f7f0d28fe52605afc7cf8,flETH,18,2026-03-08,-4113935390636690614,1039
0x64cfc444f30056302d4bfd20fd79783aa4b3fda3,0x000000000d564d5be76f7f0d28fe52605afc7cf8,flETH,18,2026-03-09,2892169874426969995,1285
0x64cfc444f30056302d4bfd20fd79783aa4b3fda3,0x000000000d564d5be76f7f0d28fe52605afc7cf8,flETH,18,2026-03-10,430272728907810462,1101
0x64cfc444f30056302d4bfd20fd79783aa4b3fda3,0x000000000d564d5be76f7f0d28fe52605afc7cf8,flETH,18,2026-03-11,-1528343443062502205,1179
0x64cfc444f30056302d4bfd20fd79783aa4b3fda3,0x000000000d564d5be76f7f0d28fe52605afc7cf8,flETH,18,2026-03-12,-243771621680244847,1478
0x64cfc444f30056302d4bfd20fd79783aa4b3fda3,0x000000000d564d5be76f7f0d28fe52605afc7cf8,flETH,18,2026-03-13,25474255155565477924,1177
0x64cfc444f30056302d4bfd20fd79783aa4b3fda3,0x000000000d564d5be76f7f0d28fe52605afc7cf8,flETH,18,2026-03-14,-2818720162846719821,885
0x64cfc444f30056302d4bfd20fd79783aa4b3fda3,0x000000000d564d5be76f7f0d28fe52605afc7cf8,flETH,18,2026-03-15,3059641641511240726,751
0x64cfc444f30056302d4bfd20fd79783aa4b3fda3,0x000000000d564d5be76f7f0d28fe52605afc7cf8,flETH,18,2026-03-16,-715359860901064481,1512
0x64cfc444f30056302d4bfd20fd79783aa4b3fda3,0x000000000d564d5be76f7f0d28fe52605afc7cf8,flETH,18,2026-03-17,-3411077472111988573,867
0x64cfc444f30056302d4bfd20fd79783aa4b3fda3,0x000000000d564d5be76f7f0d28fe52605afc7cf8,flETH,18,2026-03-18,2959589538078669533,624
0x64cfc444f30056302d4bfd20fd79783aa4b3fda3,0x000000000d564d5be76f7f0d28fe52605afc7cf8,flETH,18,2026-03-19,-2547813187997165906,582
0x64cfc444f30056302d4bfd20fd79783aa4b3fda3,0x000000000d564d5be76f7f0d28fe52605afc7cf8,flETH,18,2026-03-20,1122019572447719789,523
0x64cfc444f30056302d4bfd20fd79783aa4b3fda3,0x000000000d564d5be76f7f0d28fe52605afc7cf8,flETH,18,2026-03-21,-437850992984257477,589
0x64cfc444f30056302d4bfd20fd79783aa4b3fda3,0x000000000d564d5be76f7f0d28fe52605afc7cf8,flETH,18,2026-03-22,450414721260780466,319
0x64cfc444f30056302d4bfd20fd79783aa4b3fda3,0x000000000d564d5be76f7f0d28fe52605afc7cf8,flETH,18,2026-03-23,1174427078816208781,496
0x64cfc444f30056302d4bfd20fd79783aa4b3fda3,0x000000000d564d5be76f7f0d28fe52605afc7cf8,flETH,18,2026-03-24,-3046239284424638506,886
0x64cfc444f30056302d4bfd20fd79783aa4b3fda3,0x000000000d564d5be76f7f0d28fe52605afc7cf8,flETH,18,2026-03-25,-7860675533945549669,998
0x64cfc444f30056302d4bfd20fd79783aa4b3fda3,0x000000000d564d5be76f7f0d28fe52605afc7cf8,flETH,18,2026-03-26,-10166475528250619521,611
0x64cfc444f30056302d4bfd20fd79783aa4b3fda3,0x000000000d564d5be76f7f0d28fe52605afc7cf8,flETH,18,2026-03-27,2176781714064936888,508
0x64cfc444f30056302d4bfd20fd79783aa4b3fda3,0x000000000d564d5be76f7f0d28fe52605afc7cf8,flETH,18,2026-03-28,-3068822557986017494,327
0x64cfc444f30056302d4bfd20fd79783aa4b3fda3,0x000000000d564d5be76f7f0d28fe52605afc7cf8,flETH,18,2026-03-29,-1397600950036802876,2118
0x64cfc444f30056302d4bfd20fd79783aa4b3fda3,0x000000000d564d5be76f7f0d28fe52605afc7cf8,flETH,18,2026-03-30,7365381085973677112,1562
0x64cfc444f30056302d4bfd20fd79783aa4b3fda3,0x000000000d564d5be76f7f0d28fe52605afc7cf8,flETH,18,2026-03-31,3136073565746218302,912
0x64cfc444f30056302d4bfd20fd79783aa4b3fda3,0x000000000d564d5be76f7f0d28fe52605afc7cf8,flETH,18,2026-04-01,-6104423925082002611,732
0x64cfc444f30056302d4bfd20fd79783aa4b3fda3,0x000000000d564d5be76f7f0d28fe52605afc7cf8,flETH,18,2026-04-02,20683337916651719362,1179
0x64cfc444f30056302d4bfd20fd79783aa4b3fda3,0x000000000d564d5be76f7f0d28fe52605afc7cf8,flETH,18,2026-04-03,-5038460964413978640,981
0x64cfc444f30056302d4bfd20fd79783aa4b3fda3,0x000000000d564d5be76f7f0d28fe52605afc7cf8,flETH,18,2026-04-04,-5395739217482470939,624
0x64cfc444f30056302d4bfd20fd79783aa4b3fda3,0x000000000d564d5be76f7f0d28fe52605afc7cf8,flETH,18,2026-04-05,10047800185365047452,684
0x64cfc444f30056302d4bfd20fd79783aa4b3fda3,0x000000000d564d5be76f7f0d28fe52605afc7cf8,flETH,18,2026-04-06,-6936265630816297506,1248
0x64cfc444f30056302d4bfd20fd79783aa4b3fda3,0x000000000d564d5be76f7f0d28fe52605afc7cf8,flETH,18,2026-04-07,-1272408595933896069,845
0x64cfc444f30056302d4bfd20fd79783aa4b3fda3,0x000000000d564d5be76f7f0d28fe52605afc7cf8,flETH,18,2026-04-08,-106795220078516652,874
0x64cfc444f30056302d4bfd20fd79783aa4b3fda3,0x000000000d564d5be76f7f0d28fe52605afc7cf8,flETH,18,2026-04-09,-507354098043957567,1602
0x64cfc444f30056302d4bfd20fd79783aa4b3fda3,0x000000000d564d5be76f7f0d28fe52605afc7cf8,flETH,18,2026-04-10,-16627117487184560018,2440
0x64cfc444f30056302d4bfd20fd79783aa4b3fda3,0x000000000d564d5be76f7f0d28fe52605afc7cf8,flETH,18,2026-04-11,691585598771722956,1700
0x64cfc444f30056302d4bfd20fd79783aa4b3fda3,0x000000000d564d5be76f7f0d28fe52605afc7cf8,flETH,18,2026-04-12,2381760126501227815,2310
0x64cfc444f30056302d4bfd20fd79783aa4b3fda3,0x000000000d564d5be76f7f0d28fe52605afc7cf8,flETH,18,2026-04-13,15408065572236230322,4782
0x64cfc444f30056302d4bfd20fd79783aa4b3fda3,0x000000000d564d5be76f7f0d28fe52605afc7cf8,flETH,18,2026-04-14,-6217572457317112888,2420
0x64cfc444f30056302d4bfd20fd79783aa4b3fda3,0x000000000d564d5be76f7f0d28fe52605afc7cf8,flETH,18,2026-04-15,248042179576483764,2410
0x64cfc444f30056302d4bfd20fd79783aa4b3fda3,0x000000000d564d5be76f7f0d28fe52605afc7cf8,flETH,18,2026-04-16,-5906084613744269916,2714
0x64cfc444f30056302d4bfd20fd79783aa4b3fda3,0x000000000d564d5be76f7f0d28fe52605afc7cf8,flETH,18,2026-04-17,-8260106879250434595,1866
0x64cfc444f30056302d4bfd20fd79783aa4b3fda3,0x000000000d564d5be76f7f0d28fe52605afc7cf8,flETH,18,2026-04-18,10777554866560993117,606
0x64cfc444f30056302d4bfd20fd79783aa4b3fda3,0x000000000d564d5be76f7f0d28fe52605afc7cf8,flETH,18,2026-04-19,11934426477082185335,574
0x64cfc444f30056302d4bfd20fd79783aa4b3fda3,0x000000000d564d5be76f7f0d28fe52605afc7cf8,flETH,18,2026-04-20,-8031247714578675808,1010
0x64cfc444f30056302d4bfd20fd79783aa4b3fda3,0x000000000d564d5be76f7f0d28fe52605afc7cf8,flETH,18,2026-04-21,614543491981516435,755
0x64cfc444f30056302d4bfd20fd79783aa4b3fda3,0x000000000d564d5be76f7f0d28fe52605afc7cf8,flETH,18,2026-04-22,8873713772925340639,821
0x64cfc444f30056302d4bfd20fd79783aa4b3fda3,0x000000000d564d5be76f7f0d28fe52605afc7cf8,flETH,18,2026-04-23,673078375489594431,470
0x64cfc444f30056302d4bfd20fd79783aa4b3fda3,0x000000000d564d5be76f7f0d28fe52605afc7cf8,flETH,18,2026-04-24,-653822325608472834,685
0x64cfc444f30056302d4bfd20fd79783aa4b3fda3,0x000000000d564d5be76f7f0d28fe52605afc7cf8,flETH,18,2026-04-25,-9947727885672308991,625
0x64cfc444f30056302d4bfd20fd79783aa4b3fda3,0x000000000d564d5be76f7f0d28fe52605afc7cf8,flETH,18,2026-04-26,-6702228512204469588,504
0x64cfc444f30056302d4bfd20fd79783aa4b3fda3,0x000000000d564d5be76f7f0d28fe52605afc7cf8,flETH,18,2026-04-27,-1772671829967364600,553
0x64cfc444f30056302d4bfd20fd79783aa4b3fda3,0x000000000d564d5be76f7f0d28fe52605afc7cf8,flETH,18,2026-04-28,-2846134061279104523,666
0x64cfc444f30056302d4bfd20fd79783aa4b3fda3,0x000000000d564d5be76f7f0d28fe52605afc7cf8,flETH,18,2026-04-29,7505764182513240090,466
0x64cfc444f30056302d4bfd20fd79783aa4b3fda3,0x000000000d564d5be76f7f0d28fe52605afc7cf8,flETH,18,2026-04-30,14515776393570061711,936
0x64cfc444f30056302d4bfd20fd79783aa4b3fda3,0x000000000d564d5be76f7f0d28fe52605afc7cf8,flETH,18,2026-05-01,-4689452940185435853,507
0x64cfc444f30056302d4bfd20fd79783aa4b3fda3,0x000000000d564d5be76f7f0d28fe52605afc7cf8,flETH,18,2026-05-02,-578881090968822248,446
0x64cfc444f30056302d4bfd20fd79783aa4b3fda3,0x000000000d564d5be76f7f0d28fe52605afc7cf8,flETH,18,2026-05-03,2413823216026891499,1576
0x64cfc444f30056302d4bfd20fd79783aa4b3fda3,0x000000000d564d5be76f7f0d28fe52605afc7cf8,flETH,18,2026-05-04,-13153414331360740519,724
0x64cfc444f30056302d4bfd20fd79783aa4b3fda3,0x000000000d564d5be76f7f0d28fe52605afc7cf8,flETH,18,2026-05-05,-7086781663965655305,1106
0x64cfc444f30056302d4bfd20fd79783aa4b3fda3,0x000000000d564d5be76f7f0d28fe52605afc7cf8,flETH,18,2026-05-06,2252183038294402100,873
0x64cfc444f30056302d4bfd20fd79783aa4b3fda3,0x000000000d564d5be76f7f0d28fe52605afc7cf8,flETH,18,2026-05-07,7147778942712311573,1454
0x64cfc444f30056302d4bfd20fd79783aa4b3fda3,0x000000000d564d5be76f7f0d28fe52605afc7cf8,flETH,18,2026-05-08,2079326146713480638,467
0x64cfc444f30056302d4bfd20fd79783aa4b3fda3,0x000000000d564d5be76f7f0d28fe52605afc7cf8,flETH,18,2026-05-09,-1927859142541754083,295
0x64cfc444f30056302d4bfd20fd79783aa4b3fda3,0x000000000d564d5be76f7f0d28fe52605afc7cf8,flETH,18,2026-05-10,2138364488849363968,850
0x64cfc444f30056302d4bfd20fd79783aa4b3fda3,0x000000000d564d5be76f7f0d28fe52605afc7cf8,flETH,18,2026-05-11,-915890051475339877,718
0x64cfc444f30056302d4bfd20fd79783aa4b3fda3,0x000000000d564d5be76f7f0d28fe52605afc7cf8,flETH,18,2026-05-12,-8727542099380171584,794
0x64cfc444f30056302d4bfd20fd79783aa4b3fda3,0x000000000d564d5be76f7f0d28fe52605afc7cf8,flETH,18,2026-05-13,7699084043803293354,409
0x64cfc444f30056302d4bfd20fd79783aa4b3fda3,0x000000000d564d5be76f7f0d28fe52605afc7cf8,flETH,18,2026-05-14,-676683267057407868,371
0x64cfc444f30056302d4bfd20fd79783aa4b3fda3,0x000000000d564d5be76f7f0d28fe52605afc7cf8,flETH,18,2026-05-15,1712093530203831399,748
0x64cfc444f30056302d4bfd20fd79783aa4b3fda3,0x000000000d564d5be76f7f0d28fe52605afc7cf8,flETH,18,2026-05-16,-9037885958079072674,501
0x64cfc444f30056302d4bfd20fd79783aa4b3fda3,0x000000000d564d5be76f7f0d28fe52605afc7cf8,flETH,18,2026-05-17,9979735739189036697,926
0x64cfc444f30056302d4bfd20fd79783aa4b3fda3,0x000000000d564d5be76f7f0d28fe52605afc7cf8,flETH,18,2026-05-18,111380529498204474,530
0x64cfc444f30056302d4bfd20fd79783aa4b3fda3,0x000000000d564d5be76f7f0d28fe52605afc7cf8,flETH,18,2026-05-19,4814428354761551617,1026
0x64cfc444f30056302d4bfd20fd79783aa4b3fda3,0x000000000d564d5be76f7f0d28fe52605afc7cf8,flETH,18,2026-05-20,-7662588085212033109,6585
0x64cfc444f30056302d4bfd20fd79783aa4b3fda3,0x000000000d564d5be76f7f0d28fe52605afc7cf8,flETH,18,2026-05-21,-7644596160846804806,5923
0x64cfc444f30056302d4bfd20fd79783aa4b3fda3,0x000000000d564d5be76f7f0d28fe52605afc7cf8,flETH,18,2026-05-22,2866949398949316395,3815
0x64cfc444f30056302d4bfd20fd79783aa4b3fda3,0x000000000d564d5be76f7f0d28fe52605afc7cf8,flETH,18,2026-05-23,2569068888353730338,1988
0x64cfc444f30056302d4bfd20fd79783aa4b3fda3,0x000000000d564d5be76f7f0d28fe52605afc7cf8,flETH,18,2026-05-24,-1330593181840396097,1890
0x64cfc444f30056302d4bfd20fd79783aa4b3fda3,0x000000000d564d5be76f7f0d28fe52605afc7cf8,flETH,18,2026-05-25,16486464706064388894,1022
0x64cfc444f30056302d4bfd20fd79783aa4b3fda3,0x000000000d564d5be76f7f0d28fe52605afc7cf8,flETH,18,2026-05-26,-788986490853080293,434
0x64cfc444f30056302d4bfd20fd79783aa4b3fda3,0x000000000d564d5be76f7f0d28fe52605afc7cf8,flETH,18,2026-05-27,-1351549740584257047,635
0x64cfc444f30056302d4bfd20fd79783aa4b3fda3,0x000000000d564d5be76f7f0d28fe52605afc7cf8,flETH,18,2026-05-28,-5679897061628642044,531
0x64cfc444f30056302d4bfd20fd79783aa4b3fda3,0x000000000d564d5be76f7f0d28fe52605afc7cf8,flETH,18,2026-05-29,4316463560332398402,541
0x64cfc444f30056302d4bfd20fd79783aa4b3fda3,0x000000000d564d5be76f7f0d28fe52605afc7cf8,flETH,18,2026-05-30,-638954092890599046,657
0x64cfc444f30056302d4bfd20fd79783aa4b3fda3,0x000000000d564d5be76f7f0d28fe52605afc7cf8,flETH,18,2026-05-31,-13838373978204783092,1866
0x64cfc444f30056302d4bfd20fd79783aa4b3fda3,0x000000000d564d5be76f7f0d28fe52605afc7cf8,flETH,18,2026-06-01,780856228847516983,1146
0x64cfc444f30056302d4bfd20fd79783aa4b3fda3,0x000000000d564d5be76f7f0d28fe52605afc7cf8,flETH,18,2026-06-02,761741825838173690,550
0x64cfc444f30056302d4bfd20fd79783aa4b3fda3,0x000000000d564d5be76f7f0d28fe52605afc7cf8,flETH,18,2026-06-03,3521220537865141356,453
0x64cfc444f30056302d4bfd20fd79783aa4b3fda3,0x000000000d564d5be76f7f0d28fe52605afc7cf8,flETH,18,2026-06-04,5869795579580167573,937
0x64cfc444f30056302d4bfd20fd79783aa4b3fda3,0x000000000d564d5be76f7f0d28fe52605afc7cf8,flETH,18,2026-06-05,-4288720319414848110,1045
0x64cfc444f30056302d4bfd20fd79783aa4b3fda3,0x000000000d564d5be76f7f0d28fe52605afc7cf8,flETH,18,2026-06-06,-2240776034171749205,542
0x64cfc444f30056302d4bfd20fd79783aa4b3fda3,0x000000000d564d5be76f7f0d28fe52605afc7cf8,flETH,18,2026-06-07,1954451403973838210,1141
0x64cfc444f30056302d4bfd20fd79783aa4b3fda3,0x000000000d564d5be76f7f0d28fe52605afc7cf8,flETH,18,2026-06-08,1218783807624222193,479
0x64cfc444f30056302d4bfd20fd79783aa4b3fda3,0x000000000d564d5be76f7f0d28fe52605afc7cf8,flETH,18,2026-06-09,3835089958105969044,564
0x64cfc444f30056302d4bfd20fd79783aa4b3fda3,0x000000000d564d5be76f7f0d28fe52605afc7cf8,flETH,18,2026-06-10,-777620264045293556,379
0x64cfc444f30056302d4bfd20fd79783aa4b3fda3,0x000000000d564d5be76f7f0d28fe52605afc7cf8,flETH,18,2026-06-11,-4295861686906189149,1309
0x64cfc444f30056302d4bfd20fd79783aa4b3fda3,0x000000000d564d5be76f7f0d28fe52605afc7cf8,flETH,18,2026-06-12,4438825712870162986,317
0x64cfc444f30056302d4bfd20fd79783aa4b3fda3,0x000000000d564d5be76f7f0d28fe52605afc7cf8,flETH,18,2026-06-13,-1194413753712669159,93
0x64cfc444f30056302d4bfd20fd79783aa4b3fda3,0x000000000d564d5be76f7f0d28fe52605afc7cf8,flETH,18,2026-06-14,5504242464047665180,132
0x64cfc444f30056302d4bfd20fd79783aa4b3fda3,0x000000000d564d5be76f7f0d28fe52605afc7cf8,flETH,18,2026-06-15,-4473336618072102263,145
0x64cfc444f30056302d4bfd20fd79783aa4b3fda3,0x000000000d564d5be76f7f0d28fe52605afc7cf8,flETH,18,2026-06-16,-2300609207366379145,155
0x64cfc444f30056302d4bfd20fd79783aa4b3fda3,0x000000000d564d5be76f7f0d28fe52605afc7cf8,flETH,18,2026-06-17,2438321337291712597,114
0x64cfc444f30056302d4bfd20fd79783aa4b3fda3,0x000000000d564d5be76f7f0d28fe52605afc7cf8,flETH,18,2026-06-18,-131555004261877341,150
0x64cfc444f30056302d4bfd20fd79783aa4b3fda3,0x000000000d564d5be76f7f0d28fe52605afc7cf8,flETH,18,2026-06-19,250777420782497886,53
0x64cfc444f30056302d4bfd20fd79783aa4b3fda3,0x000000000d564d5be76f7f0d28fe52605afc7cf8,flETH,18,2026-06-20,536198397722290160,69
0x64cfc444f30056302d4bfd20fd79783aa4b3fda3,0x000000000d564d5be76f7f0d28fe52605afc7cf8,flETH,18,2026-06-21,-1346793061408413408,104
0x64cfc444f30056302d4bfd20fd79783aa4b3fda3,0x000000000d564d5be76f7f0d28fe52605afc7cf8,flETH,18,2026-06-22,-7385560100908293030,236
0x64cfc444f30056302d4bfd20fd79783aa4b3fda3,0x000000000d564d5be76f7f0d28fe52605afc7cf8,flETH,18,2026-06-23,65863267170055737,53
0x64cfc444f30056302d4bfd20fd79783aa4b3fda3,0x000000000d564d5be76f7f0d28fe52605afc7cf8,flETH,18,2026-06-24,1408824843977168304,44
0x64cfc444f30056302d4bfd20fd79783aa4b3fda3,0x000000000d564d5be76f7f0d28fe52605afc7cf8,flETH,18,2026-06-25,7682839745343392061,89
0x64cfc444f30056302d4bfd20fd79783aa4b3fda3,0x000000000d564d5be76f7f0d28fe52605afc7cf8,flETH,18,2026-06-26,1289338647199211867,63
0x64cfc444f30056302d4bfd20fd79783aa4b3fda3,0x000000000d564d5be76f7f0d28fe52605afc7cf8,flETH,18,2026-06-27,180373953524446795,26
0x64cfc444f30056302d4bfd20fd79783aa4b3fda3,0x000000000d564d5be76f7f0d28fe52605afc7cf8,flETH,18,2026-06-28,-788946144411237213,72
0x64cfc444f30056302d4bfd20fd79783aa4b3fda3,0x000000000d564d5be76f7f0d28fe52605afc7cf8,flETH,18,2026-06-29,-31842588333099168,55
0x64cfc444f30056302d4bfd20fd79783aa4b3fda3,0x000000000d564d5be76f7f0d28fe52605afc7cf8,flETH,18,2026-06-30,-3655415524527844453,85
0x64cfc444f30056302d4bfd20fd79783aa4b3fda3,0x000000000d564d5be76f7f0d28fe52605afc7cf8,flETH,18,2026-07-01,202288887820895240,42
0x64cfc444f30056302d4bfd20fd79783aa4b3fda3,0x000000000d564d5be76f7f0d28fe52605afc7cf8,flETH,18,2026-07-02,105035930813249485,60
0x64cfc444f30056302d4bfd20fd79783aa4b3fda3,0x000000000d564d5be76f7f0d28fe52605afc7cf8,flETH,18,2026-07-03,-1477060062172415359,54
0x64cfc444f30056302d4bfd20fd79783aa4b3fda3,0x000000000d564d5be76f7f0d28fe52605afc7cf8,flETH,18,2026-07-04,407870287490851663,21
0x64cfc444f30056302d4bfd20fd79783aa4b3fda3,0x000000000d564d5be76f7f0d28fe52605afc7cf8,flETH,18,2026-07-05,668389105648672351,100
0x64cfc444f30056302d4bfd20fd79783aa4b3fda3,0x000000000d564d5be76f7f0d28fe52605afc7cf8,flETH,18,2026-07-06,3254982057604084026,89
0x64cfc444f30056302d4bfd20fd79783aa4b3fda3,0x000000000d564d5be76f7f0d28fe52605afc7cf8,flETH,18,2026-07-07,-85037400044093853,211
0x64cfc444f30056302d4bfd20fd79783aa4b3fda3,0x000000000d564d5be76f7f0d28fe52605afc7cf8,flETH,18,2026-07-08,3360578608062770981,209
0x64cfc444f30056302d4bfd20fd79783aa4b3fda3,0x000000000d564d5be76f7f0d28fe52605afc7cf8,flETH,18,2026-07-09,1644755812021014453,110
0x64cfc444f30056302d4bfd20fd79783aa4b3fda3,0x000000000d564d5be76f7f0d28fe52605afc7cf8,flETH,18,2026-07-10,-1186859574897043765,209
0x64cfc444f30056302d4bfd20fd79783aa4b3fda3,0x000000000d564d5be76f7f0d28fe52605afc7cf8,flETH,18,2026-07-11,-4132906185047812928,75
0x64cfc444f30056302d4bfd20fd79783aa4b3fda3,0x000000000d564d5be76f7f0d28fe52605afc7cf8,flETH,18,2026-07-12,-1204447298596745413,32
0x64cfc444f30056302d4bfd20fd79783aa4b3fda3,0x000000000d564d5be76f7f0d28fe52605afc7cf8,flETH,18,2026-07-13,93168543678701918,31
0x64cfc444f30056302d4bfd20fd79783aa4b3fda3,0x000000000d564d5be76f7f0d28fe52605afc7cf8,flETH,18,2026-07-14,3001071321161548670,76
0x64cfc444f30056302d4bfd20fd79783aa4b3fda3,0x000000000d564d5be76f7f0d28fe52605afc7cf8,flETH,18,2026-07-15,337272161872559136,511
0x64cfc444f30056302d4bfd20fd79783aa4b3fda3,0x000000000d564d5be76f7f0d28fe52605afc7cf8,flETH,18,2026-07-16,796743334523198681,478
0x64cfc444f30056302d4bfd20fd79783aa4b3fda3,0x000000000d564d5be76f7f0d28fe52605afc7cf8,flETH,18,2026-07-17,58680057771991896,956
0x64cfc444f30056302d4bfd20fd79783aa4b3fda3,0x000000000d564d5be76f7f0d28fe52605afc7cf8,flETH,18,2026-07-18,-2878899960371523089,48
0x64cfc444f30056302d4bfd20fd79783aa4b3fda3,0x000000000d564d5be76f7f0d28fe52605afc7cf8,flETH,18,2026-07-19,69050921534653214,46
0x64cfc444f30056302d4bfd20fd79783aa4b3fda3,0x000000000d564d5be76f7f0d28fe52605afc7cf8,flETH,18,2026-07-20,-398437277263946440,42
0x64cfc444f30056302d4bfd20fd79783aa4b3fda3,0x000000000d564d5be76f7f0d28fe52605afc7cf8,flETH,18,2026-07-21,2072217544967677089,650
0x64cfc444f30056302d4bfd20fd79783aa4b3fda3,0x000000000d564d5be76f7f0d28fe52605afc7cf8,flETH,18,2026-07-22,-1966657795164704012,121
0x64cfc444f30056302d4bfd20fd79783aa4b3fda3,0x000000000d564d5be76f7f0d28fe52605afc7cf8,flETH,18,2026-07-23,-1810508303421701027,93
0x64cfc444f30056302d4bfd20fd79783aa4b3fda3,0x000000000d564d5be76f7f0d28fe52605afc7cf8,flETH,18,2026-07-24,-812078664776513977,53
0x64cfc444f30056302d4bfd20fd79783aa4b3fda3,0x4200000000000000000000000000000000000006,WETH,18,2026-02-21,2613831748764,47
0x64cfc444f30056302d4bfd20fd79783aa4b3fda3,0x4200000000000000000000000000000000000006,WETH,18,2026-02-24,5088565316785575360,3636
0x64cfc444f30056302d4bfd20fd79783aa4b3fda3,0x4200000000000000000000000000000000000006,WETH,18,2026-02-25,-79400359277279615,6445
0x64cfc444f30056302d4bfd20fd79783aa4b3fda3,0x4200000000000000000000000000000000000006,WETH,18,2026-02-26,349222566236740689,3302
0x64cfc444f30056302d4bfd20fd79783aa4b3fda3,0x4200000000000000000000000000000000000006,WETH,18,2026-02-27,3106076959440370530,2995
0x64cfc444f30056302d4bfd20fd79783aa4b3fda3,0x4200000000000000000000000000000000000006,WETH,18,2026-02-28,-396134954660330644,1024
0x64cfc444f30056302d4bfd20fd79783aa4b3fda3,0x4200000000000000000000000000000000000006,WETH,18,2026-03-01,-166842416559471953,728
0x64cfc444f30056302d4bfd20fd79783aa4b3fda3,0x4200000000000000000000000000000000000006,WETH,18,2026-03-02,1142717756795206756,890
0x64cfc444f30056302d4bfd20fd79783aa4b3fda3,0x4200000000000000000000000000000000000006,WETH,18,2026-03-03,-3412440222741755140,736
0x64cfc444f30056302d4bfd20fd79783aa4b3fda3,0x4200000000000000000000000000000000000006,WETH,18,2026-03-04,-2606353028956147296,779
0x64cfc444f30056302d4bfd20fd79783aa4b3fda3,0x4200000000000000000000000000000000000006,WETH,18,2026-03-05,2072531410379360158,573
0x64cfc444f30056302d4bfd20fd79783aa4b3fda3,0x4200000000000000000000000000000000000006,WETH,18,2026-03-06,-172945066113568480,542
0x64cfc444f30056302d4bfd20fd79783aa4b3fda3,0x4200000000000000000000000000000000000006,WETH,18,2026-03-07,-45380235142984121,388
0x64cfc444f30056302d4bfd20fd79783aa4b3fda3,0x4200000000000000000000000000000000000006,WETH,18,2026-03-08,4148457666058928370,1039
0x64cfc444f30056302d4bfd20fd79783aa4b3fda3,0x4200000000000000000000000000000000000006,WETH,18,2026-03-09,-2239005611498139965,1285
0x64cfc444f30056302d4bfd20fd79783aa4b3fda3,0x4200000000000000000000000000000000000006,WETH,18,2026-03-10,-1028775398335192041,1101
0x64cfc444f30056302d4bfd20fd79783aa4b3fda3,0x4200000000000000000000000000000000000006,WETH,18,2026-03-11,2794128432535257157,1179
0x64cfc444f30056302d4bfd20fd79783aa4b3fda3,0x4200000000000000000000000000000000000006,WETH,18,2026-03-12,3186767956756213267,1478
0x64cfc444f30056302d4bfd20fd79783aa4b3fda3,0x4200000000000000000000000000000000000006,WETH,18,2026-03-13,17187767218559521259,1177
0x64cfc444f30056302d4bfd20fd79783aa4b3fda3,0x4200000000000000000000000000000000000006,WETH,18,2026-03-14,2295117371266970396,885
0x64cfc444f30056302d4bfd20fd79783aa4b3fda3,0x4200000000000000000000000000000000000006,WETH,18,2026-03-15,-2777687380019170867,751
0x64cfc444f30056302d4bfd20fd79783aa4b3fda3,0x4200000000000000000000000000000000000006,WETH,18,2026-03-16,1218772207382290822,1512
0x64cfc444f30056302d4bfd20fd79783aa4b3fda3,0x4200000000000000000000000000000000000006,WETH,18,2026-03-17,1740175788682110625,867
0x64cfc444f30056302d4bfd20fd79783aa4b3fda3,0x4200000000000000000000000000000000000006,WETH,18,2026-03-18,-2950538131136019123,624
0x64cfc444f30056302d4bfd20fd79783aa4b3fda3,0x4200000000000000000000000000000000000006,WETH,18,2026-03-19,1900728824711432583,582
0x64cfc444f30056302d4bfd20fd79783aa4b3fda3,0x4200000000000000000000000000000000000006,WETH,18,2026-03-20,-1114495346536059156,523
0x64cfc444f30056302d4bfd20fd79783aa4b3fda3,0x4200000000000000000000000000000000000006,WETH,18,2026-03-21,410776229369526335,589
0x64cfc444f30056302d4bfd20fd79783aa4b3fda3,0x4200000000000000000000000000000000000006,WETH,18,2026-03-22,-445040403282275741,319
0x64cfc444f30056302d4bfd20fd79783aa4b3fda3,0x4200000000000000000000000000000000000006,WETH,18,2026-03-23,-1165919334103394307,496
0x64cfc444f30056302d4bfd20fd79783aa4b3fda3,0x4200000000000000000000000000000000000006,WETH,18,2026-03-24,3044925952397389815,886
0x64cfc444f30056302d4bfd20fd79783aa4b3fda3,0x4200000000000000000000000000000000000006,WETH,18,2026-03-25,7871468933942830990,998
0x64cfc444f30056302d4bfd20fd79783aa4b3fda3,0x4200000000000000000000000000000000000006,WETH,18,2026-03-26,9963366480091118601,611
0x64cfc444f30056302d4bfd20fd79783aa4b3fda3,0x4200000000000000000000000000000000000006,WETH,18,2026-03-27,-2171728487340844376,508
0x64cfc444f30056302d4bfd20fd79783aa4b3fda3,0x4200000000000000000000000000000000000006,WETH,18,2026-03-28,3071400513143751291,327
0x64cfc444f30056302d4bfd20fd79783aa4b3fda3,0x4200000000000000000000000000000000000006,WETH,18,2026-03-29,643960899581532570,2118
0x64cfc444f30056302d4bfd20fd79783aa4b3fda3,0x4200000000000000000000000000000000000006,WETH,18,2026-03-30,-7116192646684683366,1562
0x64cfc444f30056302d4bfd20fd79783aa4b3fda3,0x4200000000000000000000000000000000000006,WETH,18,2026-03-31,-3124658618214859755,912
0x64cfc444f30056302d4bfd20fd79783aa4b3fda3,0x4200000000000000000000000000000000000006,WETH,18,2026-04-01,6111199698511701276,732
0x64cfc444f30056302d4bfd20fd79783aa4b3fda3,0x4200000000000000000000000000000000000006,WETH,18,2026-04-02,-20707509381696947680,1179
0x64cfc444f30056302d4bfd20fd79783aa4b3fda3,0x4200000000000000000000000000000000000006,WETH,18,2026-04-03,5044213424525936577,981
0x64cfc444f30056302d4bfd20fd79783aa4b3fda3,0x4200000000000000000000000000000000000006,WETH,18,2026-04-04,5399460572019901371,624
0x64cfc444f30056302d4bfd20fd79783aa4b3fda3,0x4200000000000000000000000000000000000006,WETH,18,2026-04-05,-10039677616025733135,684
0x64cfc444f30056302d4bfd20fd79783aa4b3fda3,0x4200000000000000000000000000000000000006,WETH,18,2026-04-06,6946305362380577806,1248
0x64cfc444f30056302d4bfd20fd79783aa4b3fda3,0x4200000000000000000000000000000000000006,WETH,18,2026-04-07,1832897664429647618,845
0x64cfc444f30056302d4bfd20fd79783aa4b3fda3,0x4200000000000000000000000000000000000006,WETH,18,2026-04-08,-942355126356754394,874
0x64cfc444f30056302d4bfd20fd79783aa4b3fda3,0x4200000000000000000000000000000000000006,WETH,18,2026-04-09,518934310820162627,1602
0x64cfc444f30056302d4bfd20fd79783aa4b3fda3,0x4200000000000000000000000000000000000006,WETH,18,2026-04-10,16658081046428824644,2440
0x64cfc444f30056302d4bfd20fd79783aa4b3fda3,0x4200000000000000000000000000000000000006,WETH,18,2026-04-11,-444393137730992507,1700
0x64cfc444f30056302d4bfd20fd79783aa4b3fda3,0x4200000000000000000000000000000000000006,WETH,18,2026-04-12,-2382923857160181502,2310
0x64cfc444f30056302d4bfd20fd79783aa4b3fda3,0x4200000000000000000000000000000000000006,WETH,18,2026-04-13,-18102822949860963434,4782
0x64cfc444f30056302d4bfd20fd79783aa4b3fda3,0x4200000000000000000000000000000000000006,WETH,18,2026-04-14,6237017903612430953,2420
0x64cfc444f30056302d4bfd20fd79783aa4b3fda3,0x4200000000000000000000000000000000000006,WETH,18,2026-04-15,2873273818645962658,2410
0x64cfc444f30056302d4bfd20fd79783aa4b3fda3,0x4200000000000000000000000000000000000006,WETH,18,2026-04-16,5924045660942884330,2714
0x64cfc444f30056302d4bfd20fd79783aa4b3fda3,0x4200000000000000000000000000000000000006,WETH,18,2026-04-17,7999253062459216233,1866
0x64cfc444f30056302d4bfd20fd79783aa4b3fda3,0x4200000000000000000000000000000000000006,WETH,18,2026-04-18,-12271757999169548054,606
0x64cfc444f30056302d4bfd20fd79783aa4b3fda3,0x4200000000000000000000000000000000000006,WETH,18,2026-04-19,-12015216336699800228,574
0x64cfc444f30056302d4bfd20fd79783aa4b3fda3,0x4200000000000000000000000000000000000006,WETH,18,2026-04-20,8040112217781063491,1010
0x64cfc444f30056302d4bfd20fd79783aa4b3fda3,0x4200000000000000000000000000000000000006,WETH,18,2026-04-21,-473826064359202006,755
0x64cfc444f30056302d4bfd20fd79783aa4b3fda3,0x4200000000000000000000000000000000000006,WETH,18,2026-04-22,-8863762028962708084,821
0x64cfc444f30056302d4bfd20fd79783aa4b3fda3,0x4200000000000000000000000000000000000006,WETH,18,2026-04-23,-2834574608426598527,470
0x64cfc444f30056302d4bfd20fd79783aa4b3fda3,0x4200000000000000000000000000000000000006,WETH,18,2026-04-24,645993235891304974,685
0x64cfc444f30056302d4bfd20fd79783aa4b3fda3,0x4200000000000000000000000000000000000006,WETH,18,2026-04-25,9931638345466259342,625
0x64cfc444f30056302d4bfd20fd79783aa4b3fda3,0x4200000000000000000000000000000000000006,WETH,18,2026-04-26,6706345956746954288,504
0x64cfc444f30056302d4bfd20fd79783aa4b3fda3,0x4200000000000000000000000000000000000006,WETH,18,2026-04-27,751624213413085145,553
0x64cfc444f30056302d4bfd20fd79783aa4b3fda3,0x4200000000000000000000000000000000000006,WETH,18,2026-04-28,2851758494115287551,666
0x64cfc444f30056302d4bfd20fd79783aa4b3fda3,0x4200000000000000000000000000000000000006,WETH,18,2026-04-29,-7502164331266355847,466
0x64cfc444f30056302d4bfd20fd79783aa4b3fda3,0x4200000000000000000000000000000000000006,WETH,18,2026-04-30,-14484225628745467422,936
0x64cfc444f30056302d4bfd20fd79783aa4b3fda3,0x4200000000000000000000000000000000000006,WETH,18,2026-05-01,4673011860310581078,507
0x64cfc444f30056302d4bfd20fd79783aa4b3fda3,0x4200000000000000000000000000000000000006,WETH,18,2026-05-02,567974622500016924,446
0x64cfc444f30056302d4bfd20fd79783aa4b3fda3,0x4200000000000000000000000000000000000006,WETH,18,2026-05-03,-2398331036338456619,1576
0x64cfc444f30056302d4bfd20fd79783aa4b3fda3,0x4200000000000000000000000000000000000006,WETH,18,2026-05-04,13181543814356305831,723
0x64cfc444f30056302d4bfd20fd79783aa4b3fda3,0x4200000000000000000000000000000000000006,WETH,18,2026-05-05,7100986254639707966,1106
0x64cfc444f30056302d4bfd20fd79783aa4b3fda3,0x4200000000000000000000000000000000000006,WETH,18,2026-05-06,-2266622455700173865,873
0x64cfc444f30056302d4bfd20fd79783aa4b3fda3,0x4200000000000000000000000000000000000006,WETH,18,2026-05-07,-7129773990274594424,1454
0x64cfc444f30056302d4bfd20fd79783aa4b3fda3,0x4200000000000000000000000000000000000006,WETH,18,2026-05-08,-2098506424223714004,467
0x64cfc444f30056302d4bfd20fd79783aa4b3fda3,0x4200000000000000000000000000000000000006,WETH,18,2026-05-09,1929879825095740175,295
0x64cfc444f30056302d4bfd20fd79783aa4b3fda3,0x4200000000000000000000000000000000000006,WETH,18,2026-05-10,-2902810993089044656,850
0x64cfc444f30056302d4bfd20fd79783aa4b3fda3,0x4200000000000000000000000000000000000006,WETH,18,2026-05-11,934209535108237047,718
0x64cfc444f30056302d4bfd20fd79783aa4b3fda3,0x4200000000000000000000000000000000000006,WETH,18,2026-05-12,9325999496577155100,794
0x64cfc444f30056302d4bfd20fd79783aa4b3fda3,0x4200000000000000000000000000000000000006,WETH,18,2026-05-13,-7694164334347692479,409
0x64cfc444f30056302d4bfd20fd79783aa4b3fda3,0x4200000000000000000000000000000000000006,WETH,18,2026-05-14,681284307469992206,371
0x64cfc444f30056302d4bfd20fd79783aa4b3fda3,0x4200000000000000000000000000000000000006,WETH,18,2026-05-15,-1721487274115034622,748
0x64cfc444f30056302d4bfd20fd79783aa4b3fda3,0x4200000000000000000000000000000000000006,WETH,18,2026-05-16,9046990647621594432,501
0x64cfc444f30056302d4bfd20fd79783aa4b3fda3,0x4200000000000000000000000000000000000006,WETH,18,2026-05-17,-9969582381121908106,926
0x64cfc444f30056302d4bfd20fd79783aa4b3fda3,0x4200000000000000000000000000000000000006,WETH,18,2026-05-18,-103960146728179354,530
0x64cfc444f30056302d4bfd20fd79783aa4b3fda3,0x4200000000000000000000000000000000000006,WETH,18,2026-05-19,-4803251840192338429,1026
0x64cfc444f30056302d4bfd20fd79783aa4b3fda3,0x4200000000000000000000000000000000000006,WETH,18,2026-05-20,7716471530840145806,6585
0x64cfc444f30056302d4bfd20fd79783aa4b3fda3,0x4200000000000000000000000000000000000006,WETH,18,2026-05-21,7691511138575024509,5923
0x64cfc444f30056302d4bfd20fd79783aa4b3fda3,0x4200000000000000000000000000000000000006,WETH,18,2026-05-22,-2889743431497353114,3815
0x64cfc444f30056302d4bfd20fd79783aa4b3fda3,0x4200000000000000000000000000000000000006,WETH,18,2026-05-23,-2552973672306211660,1988
0x64cfc444f30056302d4bfd20fd79783aa4b3fda3,0x4200000000000000000000000000000000000006,WETH,18,2026-05-24,1345951921982758039,1890
0x64cfc444f30056302d4bfd20fd79783aa4b3fda3,0x4200000000000000000000000000000000000006,WETH,18,2026-05-25,-16476258828746456561,1022
0x64cfc444f30056302d4bfd20fd79783aa4b3fda3,0x4200000000000000000000000000000000000006,WETH,18,2026-05-26,860703150793955273,434
0x64cfc444f30056302d4bfd20fd79783aa4b3fda3,0x4200000000000000000000000000000000000006,WETH,18,2026-05-27,1359226803796988423,635
0x64cfc444f30056302d4bfd20fd79783aa4b3fda3,0x4200000000000000000000000000000000000006,WETH,18,2026-05-28,5682129638778783123,531
0x64cfc444f30056302d4bfd20fd79783aa4b3fda3,0x4200000000000000000000000000000000000006,WETH,18,2026-05-29,-4333664003900824922,541
0x64cfc444f30056302d4bfd20fd79783aa4b3fda3,0x4200000000000000000000000000000000000006,WETH,18,2026-05-30,641110525327404838,657
0x64cfc444f30056302d4bfd20fd79783aa4b3fda3,0x4200000000000000000000000000000000000006,WETH,18,2026-05-31,13820613483663664988,1866
0x64cfc444f30056302d4bfd20fd79783aa4b3fda3,0x4200000000000000000000000000000000000006,WETH,18,2026-06-01,-765291338791312833,1146
0x64cfc444f30056302d4bfd20fd79783aa4b3fda3,0x4200000000000000000000000000000000000006,WETH,18,2026-06-02,-637034681285759405,550
0x64cfc444f30056302d4bfd20fd79783aa4b3fda3,0x4200000000000000000000000000000000000006,WETH,18,2026-06-03,-3554573816847036379,453
0x64cfc444f30056302d4bfd20fd79783aa4b3fda3,0x4200000000000000000000000000000000000006,WETH,18,2026-06-04,-5859044468578761648,937
0x64cfc444f30056302d4bfd20fd79783aa4b3fda3,0x4200000000000000000000000000000000000006,WETH,18,2026-06-05,4277856220206257119,1045
0x64cfc444f30056302d4bfd20fd79783aa4b3fda3,0x4200000000000000000000000000000000000006,WETH,18,2026-06-06,2243680790997348651,542
0x64cfc444f30056302d4bfd20fd79783aa4b3fda3,0x4200000000000000000000000000000000000006,WETH,18,2026-06-07,-1949391748260189203,1141
0x64cfc444f30056302d4bfd20fd79783aa4b3fda3,0x4200000000000000000000000000000000000006,WETH,18,2026-06-08,-1216209655786315903,479
0x64cfc444f30056302d4bfd20fd79783aa4b3fda3,0x4200000000000000000000000000000000000006,WETH,18,2026-06-09,-3832383245331135609,564
0x64cfc444f30056302d4bfd20fd79783aa4b3fda3,0x4200000000000000000000000000000000000006,WETH,18,2026-06-10,780142209678008614,379
0x64cfc444f30056302d4bfd20fd79783aa4b3fda3,0x4200000000000000000000000000000000000006,WETH,18,2026-06-11,4302709415054547515,1309
0x64cfc444f30056302d4bfd20fd79783aa4b3fda3,0x4200000000000000000000000000000000000006,WETH,18,2026-06-12,-4437398587634623171,317
0x64cfc444f30056302d4bfd20fd79783aa4b3fda3,0x4200000000000000000000000000000000000006,WETH,18,2026-06-13,1186638678993026862,93
0x64cfc444f30056302d4bfd20fd79783aa4b3fda3,0x4200000000000000000000000000000000000006,WETH,18,2026-06-14,-5502362665641428953,132
0x64cfc444f30056302d4bfd20fd79783aa4b3fda3,0x4200000000000000000000000000000000000006,WETH,18,2026-06-15,4474209867065756676,145
0x64cfc444f30056302d4bfd20fd79783aa4b3fda3,0x4200000000000000000000000000000000000006,WETH,18,2026-06-16,2301697841537565632,155
0x64cfc444f30056302d4bfd20fd79783aa4b3fda3,0x4200000000000000000000000000000000000006,WETH,18,2026-06-17,-2437542827630486677,114
0x64cfc444f30056302d4bfd20fd79783aa4b3fda3,0x4200000000000000000000000000000000000006,WETH,18,2026-06-18,132663038048272287,150
0x64cfc444f30056302d4bfd20fd79783aa4b3fda3,0x4200000000000000000000000000000000000006,WETH,18,2026-06-19,-250508985707672931,53
0x64cfc444f30056302d4bfd20fd79783aa4b3fda3,0x4200000000000000000000000000000000000006,WETH,18,2026-06-20,-538114042982215961,69
0x64cfc444f30056302d4bfd20fd79783aa4b3fda3,0x4200000000000000000000000000000000000006,WETH,18,2026-06-21,1347254096173992088,104
0x64cfc444f30056302d4bfd20fd79783aa4b3fda3,0x4200000000000000000000000000000000000006,WETH,18,2026-06-22,7389621710700098073,236
0x64cfc444f30056302d4bfd20fd79783aa4b3fda3,0x4200000000000000000000000000000000000006,WETH,18,2026-06-23,-65672238299251705,53
0x64cfc444f30056302d4bfd20fd79783aa4b3fda3,0x4200000000000000000000000000000000000006,WETH,18,2026-06-24,-1408539117924752870,44
0x64cfc444f30056302d4bfd20fd79783aa4b3fda3,0x4200000000000000000000000000000000000006,WETH,18,2026-06-25,-9139191027680919966,89
0x64cfc444f30056302d4bfd20fd79783aa4b3fda3,0x4200000000000000000000000000000000000006,WETH,18,2026-06-26,-1291120740219560760,63
0x64cfc444f30056302d4bfd20fd79783aa4b3fda3,0x4200000000000000000000000000000000000006,WETH,18,2026-06-27,-180249543533219575,26
0x64cfc444f30056302d4bfd20fd79783aa4b3fda3,0x4200000000000000000000000000000000000006,WETH,18,2026-06-28,789093177039834435,72
0x64cfc444f30056302d4bfd20fd79783aa4b3fda3,0x4200000000000000000000000000000000000006,WETH,18,2026-06-29,32161870182031259,55
0x64cfc444f30056302d4bfd20fd79783aa4b3fda3,0x4200000000000000000000000000000000000006,WETH,18,2026-06-30,3064285759867726038,85
0x64cfc444f30056302d4bfd20fd79783aa4b3fda3,0x4200000000000000000000000000000000000006,WETH,18,2026-07-01,-202000526343711798,42
0x64cfc444f30056302d4bfd20fd79783aa4b3fda3,0x4200000000000000000000000000000000000006,WETH,18,2026-07-02,-104669860161219912,60
0x64cfc444f30056302d4bfd20fd79783aa4b3fda3,0x4200000000000000000000000000000000000006,WETH,18,2026-07-03,1477242002504587875,54
0x64cfc444f30056302d4bfd20fd79783aa4b3fda3,0x4200000000000000000000000000000000000006,WETH,18,2026-07-04,-408617066727747237,21
0x64cfc444f30056302d4bfd20fd79783aa4b3fda3,0x4200000000000000000000000000000000000006,WETH,18,2026-07-05,-667904822966693568,100
0x64cfc444f30056302d4bfd20fd79783aa4b3fda3,0x4200000000000000000000000000000000000006,WETH,18,2026-07-06,-3254423703173425162,89
0x64cfc444f30056302d4bfd20fd79783aa4b3fda3,0x4200000000000000000000000000000000000006,WETH,18,2026-07-07,86285341434882523,211
0x64cfc444f30056302d4bfd20fd79783aa4b3fda3,0x4200000000000000000000000000000000000006,WETH,18,2026-07-08,-3358470632745137955,209
0x64cfc444f30056302d4bfd20fd79783aa4b3fda3,0x4200000000000000000000000000000000000006,WETH,18,2026-07-09,-1643964578664817028,110
0x64cfc444f30056302d4bfd20fd79783aa4b3fda3,0x4200000000000000000000000000000000000006,WETH,18,2026-07-10,1065405138475448671,209
0x64cfc444f30056302d4bfd20fd79783aa4b3fda3,0x4200000000000000000000000000000000000006,WETH,18,2026-07-11,4133581310233697651,75
0x64cfc444f30056302d4bfd20fd79783aa4b3fda3,0x4200000000000000000000000000000000000006,WETH,18,2026-07-12,-1854425404732015048,32
0x64cfc444f30056302d4bfd20fd79783aa4b3fda3,0x4200000000000000000000000000000000000006,WETH,18,2026-07-13,-93083910174708618,31
0x64cfc444f30056302d4bfd20fd79783aa4b3fda3,0x4200000000000000000000000000000000000006,WETH,18,2026-07-14,-3000335035358887557,76
0x64cfc444f30056302d4bfd20fd79783aa4b3fda3,0x4200000000000000000000000000000000000006,WETH,18,2026-07-15,-335101172401073731,511
0x64cfc444f30056302d4bfd20fd79783aa4b3fda3,0x4200000000000000000000000000000000000006,WETH,18,2026-07-16,-794738493807513680,478
0x64cfc444f30056302d4bfd20fd79783aa4b3fda3,0x4200000000000000000000000000000000000006,WETH,18,2026-07-17,-59010977216024577,956
0x64cfc444f30056302d4bfd20fd79783aa4b3fda3,0x4200000000000000000000000000000000000006,WETH,18,2026-07-18,2879064666738388553,48
0x64cfc444f30056302d4bfd20fd79783aa4b3fda3,0x4200000000000000000000000000000000000006,WETH,18,2026-07-19,-68937841321296925,46
0x64cfc444f30056302d4bfd20fd79783aa4b3fda3,0x4200000000000000000000000000000000000006,WETH,18,2026-07-20,398501961396017992,42
0x64cfc444f30056302d4bfd20fd79783aa4b3fda3,0x4200000000000000000000000000000000000006,WETH,18,2026-07-21,-2069844286165501151,650
0x64cfc444f30056302d4bfd20fd79783aa4b3fda3,0x4200000000000000000000000000000000000006,WETH,18,2026-07-22,1967435020670693630,121
0x64cfc444f30056302d4bfd20fd79783aa4b3fda3,0x4200000000000000000000000000000000000006,WETH,18,2026-07-23,1810770001299864769,93
0x64cfc444f30056302d4bfd20fd79783aa4b3fda3,0x4200000000000000000000000000000000000006,WETH,18,2026-07-24,811203172836845824,53
0xa0eed82e20cab62a5698e898e9fd4c4db412ee7e,0x833589fcd6edb6e08f4c7c32d4f71b54bda02913,USDC,6,2026-03-30,3979662,1
0xa0eed82e20cab62a5698e898e9fd4c4db412ee7e,0x833589fcd6edb6e08f4c7c32d4f71b54bda02913,USDC,6,2026-03-31,3990000,3
0xa0eed82e20cab62a5698e898e9fd4c4db412ee7e,0x833589fcd6edb6e08f4c7c32d4f71b54bda02913,USDC,6,2026-04-01,43223458,172
0xa0eed82e20cab62a5698e898e9fd4c4db412ee7e,0x833589fcd6edb6e08f4c7c32d4f71b54bda02913,USDC,6,2026-04-02,298830994,405
0xa0eed82e20cab62a5698e898e9fd4c4db412ee7e,0x833589fcd6edb6e08f4c7c32d4f71b54bda02913,USDC,6,2026-04-03,715726596,465
0xa0eed82e20cab62a5698e898e9fd4c4db412ee7e,0x833589fcd6edb6e08f4c7c32d4f71b54bda02913,USDC,6,2026-04-04,-140223003,365
0xa0eed82e20cab62a5698e898e9fd4c4db412ee7e,0x833589fcd6edb6e08f4c7c32d4f71b54bda02913,USDC,6,2026-04-05,451426550,351
0xa0eed82e20cab62a5698e898e9fd4c4db412ee7e,0x833589fcd6edb6e08f4c7c32d4f71b54bda02913,USDC,6,2026-04-06,-5465180,415
0xa0eed82e20cab62a5698e898e9fd4c4db412ee7e,0x833589fcd6edb6e08f4c7c32d4f71b54bda02913,USDC,6,2026-04-07,1184783821,1031
0xa0eed82e20cab62a5698e898e9fd4c4db412ee7e,0x833589fcd6edb6e08f4c7c32d4f71b54bda02913,USDC,6,2026-04-08,-1047720627,936
0xa0eed82e20cab62a5698e898e9fd4c4db412ee7e,0x833589fcd6edb6e08f4c7c32d4f71b54bda02913,USDC,6,2026-04-09,3283926128,630
0xa0eed82e20cab62a5698e898e9fd4c4db412ee7e,0x833589fcd6edb6e08f4c7c32d4f71b54bda02913,USDC,6,2026-04-10,1931410607,512
0xa0eed82e20cab62a5698e898e9fd4c4db412ee7e,0x833589fcd6edb6e08f4c7c32d4f71b54bda02913,USDC,6,2026-04-11,-2539981143,195
0xa0eed82e20cab62a5698e898e9fd4c4db412ee7e,0x833589fcd6edb6e08f4c7c32d4f71b54bda02913,USDC,6,2026-04-12,3158094538,149
0xa0eed82e20cab62a5698e898e9fd4c4db412ee7e,0x833589fcd6edb6e08f4c7c32d4f71b54bda02913,USDC,6,2026-04-13,843640703,936
0xa0eed82e20cab62a5698e898e9fd4c4db412ee7e,0x833589fcd6edb6e08f4c7c32d4f71b54bda02913,USDC,6,2026-04-14,-6716426503,1095
0xa0eed82e20cab62a5698e898e9fd4c4db412ee7e,0x833589fcd6edb6e08f4c7c32d4f71b54bda02913,USDC,6,2026-04-15,59328866,1119
0xa0eed82e20cab62a5698e898e9fd4c4db412ee7e,0x833589fcd6edb6e08f4c7c32d4f71b54bda02913,USDC,6,2026-04-16,1271464352,918
0xa0eed82e20cab62a5698e898e9fd4c4db412ee7e,0x833589fcd6edb6e08f4c7c32d4f71b54bda02913,USDC,6,2026-04-17,368901140,676
0xa0eed82e20cab62a5698e898e9fd4c4db412ee7e,0x833589fcd6edb6e08f4c7c32d4f71b54bda02913,USDC,6,2026-04-18,-1216258199,594
0xa0eed82e20cab62a5698e898e9fd4c4db412ee7e,0x833589fcd6edb6e08f4c7c32d4f71b54bda02913,USDC,6,2026-04-19,232577128,265
0xa0eed82e20cab62a5698e898e9fd4c4db412ee7e,0x833589fcd6edb6e08f4c7c32d4f71b54bda02913,USDC,6,2026-04-20,359194004,179
0xa0eed82e20cab62a5698e898e9fd4c4db412ee7e,0x833589fcd6edb6e08f4c7c32d4f71b54bda02913,USDC,6,2026-04-21,2778691644,216
0xa0eed82e20cab62a5698e898e9fd4c4db412ee7e,0x833589fcd6edb6e08f4c7c32d4f71b54bda02913,USDC,6,2026-04-22,-4334863510,877
0xa0eed82e20cab62a5698e898e9fd4c4db412ee7e,0x833589fcd6edb6e08f4c7c32d4f71b54bda02913,USDC,6,2026-04-23,8481429901,751
0xa0eed82e20cab62a5698e898e9fd4c4db412ee7e,0x833589fcd6edb6e08f4c7c32d4f71b54bda02913,USDC,6,2026-04-24,15405958548,686
0xa0eed82e20cab62a5698e898e9fd4c4db412ee7e,0x833589fcd6edb6e08f4c7c32d4f71b54bda02913,USDC,6,2026-04-25,3127604743,2090
0xa0eed82e20cab62a5698e898e9fd4c4db412ee7e,0x833589fcd6edb6e08f4c7c32d4f71b54bda02913,USDC,6,2026-04-26,-3164868049,1562
0xa0eed82e20cab62a5698e898e9fd4c4db412ee7e,0x833589fcd6edb6e08f4c7c32d4f71b54bda02913,USDC,6,2026-04-27,6611980470,1063
0xa0eed82e20cab62a5698e898e9fd4c4db412ee7e,0x833589fcd6edb6e08f4c7c32d4f71b54bda02913,USDC,6,2026-04-28,1881254011,542
0xa0eed82e20cab62a5698e898e9fd4c4db412ee7e,0x833589fcd6edb6e08f4c7c32d4f71b54bda02913,USDC,6,2026-04-29,-2998714822,650
0xa0eed82e20cab62a5698e898e9fd4c4db412ee7e,0x833589fcd6edb6e08f4c7c32d4f71b54bda02913,USDC,6,2026-04-30,23571245525,686
0xa0eed82e20cab62a5698e898e9fd4c4db412ee7e,0x833589fcd6edb6e08f4c7c32d4f71b54bda02913,USDC,6,2026-05-01,1887857999,662
0xa0eed82e20cab62a5698e898e9fd4c4db412ee7e,0x833589fcd6edb6e08f4c7c32d4f71b54bda02913,USDC,6,2026-05-02,4723329101,885
0xa0eed82e20cab62a5698e898e9fd4c4db412ee7e,0x833589fcd6edb6e08f4c7c32d4f71b54bda02913,USDC,6,2026-05-03,942076082,392
0xa0eed82e20cab62a5698e898e9fd4c4db412ee7e,0x833589fcd6edb6e08f4c7c32d4f71b54bda02913,USDC,6,2026-05-04,-13192852087,255
0xa0eed82e20cab62a5698e898e9fd4c4db412ee7e,0x833589fcd6edb6e08f4c7c32d4f71b54bda02913,USDC,6,2026-05-05,8625910018,365
0xa0eed82e20cab62a5698e898e9fd4c4db412ee7e,0x833589fcd6edb6e08f4c7c32d4f71b54bda02913,USDC,6,2026-05-06,-4508325189,193
0xa0eed82e20cab62a5698e898e9fd4c4db412ee7e,0x833589fcd6edb6e08f4c7c32d4f71b54bda02913,USDC,6,2026-05-07,-6429897617,202
0xa0eed82e20cab62a5698e898e9fd4c4db412ee7e,0x833589fcd6edb6e08f4c7c32d4f71b54bda02913,USDC,6,2026-05-08,7683073271,154
0xa0eed82e20cab62a5698e898e9fd4c4db412ee7e,0x833589fcd6edb6e08f4c7c32d4f71b54bda02913,USDC,6,2026-05-09,-72805668,148
0xa0eed82e20cab62a5698e898e9fd4c4db412ee7e,0x833589fcd6edb6e08f4c7c32d4f71b54bda02913,USDC,6,2026-05-10,-5803480632,121
0xa0eed82e20cab62a5698e898e9fd4c4db412ee7e,0x833589fcd6edb6e08f4c7c32d4f71b54bda02913,USDC,6,2026-05-11,-1143989506,106
0xa0eed82e20cab62a5698e898e9fd4c4db412ee7e,0x833589fcd6edb6e08f4c7c32d4f71b54bda02913,USDC,6,2026-05-12,6998630623,145
0xa0eed82e20cab62a5698e898e9fd4c4db412ee7e,0x833589fcd6edb6e08f4c7c32d4f71b54bda02913,USDC,6,2026-05-13,-6990932332,518
0xa0eed82e20cab62a5698e898e9fd4c4db412ee7e,0x833589fcd6edb6e08f4c7c32d4f71b54bda02913,USDC,6,2026-05-14,6528338904,146
0xa0eed82e20cab62a5698e898e9fd4c4db412ee7e,0x833589fcd6edb6e08f4c7c32d4f71b54bda02913,USDC,6,2026-05-15,-5745372144,278
0xa0eed82e20cab62a5698e898e9fd4c4db412ee7e,0x833589fcd6edb6e08f4c7c32d4f71b54bda02913,USDC,6,2026-05-16,20779730756,108
0xa0eed82e20cab62a5698e898e9fd4c4db412ee7e,0x833589fcd6edb6e08f4c7c32d4f71b54bda02913,USDC,6,2026-05-17,636831495,84
0xa0eed82e20cab62a5698e898e9fd4c4db412ee7e,0x833589fcd6edb6e08f4c7c32d4f71b54bda02913,USDC,6,2026-05-18,-4440904360,162
0xa0eed82e20cab62a5698e898e9fd4c4db412ee7e,0x833589fcd6edb6e08f4c7c32d4f71b54bda02913,USDC,6,2026-05-19,-10152892967,211
0xa0eed82e20cab62a5698e898e9fd4c4db412ee7e,0x833589fcd6edb6e08f4c7c32d4f71b54bda02913,USDC,6,2026-05-20,-22797500293,263
0xa0eed82e20cab62a5698e898e9fd4c4db412ee7e,0x833589fcd6edb6e08f4c7c32d4f71b54bda02913,USDC,6,2026-05-21,-9363966951,87
0xa0eed82e20cab62a5698e898e9fd4c4db412ee7e,0x833589fcd6edb6e08f4c7c32d4f71b54bda02913,USDC,6,2026-05-22,6959897201,191
0xa0eed82e20cab62a5698e898e9fd4c4db412ee7e,0x833589fcd6edb6e08f4c7c32d4f71b54bda02913,USDC,6,2026-05-23,6013604118,185
0xa0eed82e20cab62a5698e898e9fd4c4db412ee7e,0x833589fcd6edb6e08f4c7c32d4f71b54bda02913,USDC,6,2026-05-24,3612807594,187
0xa0eed82e20cab62a5698e898e9fd4c4db412ee7e,0x833589fcd6edb6e08f4c7c32d4f71b54bda02913,USDC,6,2026-05-25,3012227654,81
0xa0eed82e20cab62a5698e898e9fd4c4db412ee7e,0x833589fcd6edb6e08f4c7c32d4f71b54bda02913,USDC,6,2026-05-26,-4883676479,88
0xa0eed82e20cab62a5698e898e9fd4c4db412ee7e,0x833589fcd6edb6e08f4c7c32d4f71b54bda02913,USDC,6,2026-05-27,-5790015687,172
0xa0eed82e20cab62a5698e898e9fd4c4db412ee7e,0x833589fcd6edb6e08f4c7c32d4f71b54bda02913,USDC,6,2026-05-28,-1319405596,120
0xa0eed82e20cab62a5698e898e9fd4c4db412ee7e,0x833589fcd6edb6e08f4c7c32d4f71b54bda02913,USDC,6,2026-05-29,10188475897,79
0xa0eed82e20cab62a5698e898e9fd4c4db412ee7e,0x833589fcd6edb6e08f4c7c32d4f71b54bda02913,USDC,6,2026-05-30,2771706086,384
0xa0eed82e20cab62a5698e898e9fd4c4db412ee7e,0x833589fcd6edb6e08f4c7c32d4f71b54bda02913,USDC,6,2026-05-31,2318964672,112
0xa0eed82e20cab62a5698e898e9fd4c4db412ee7e,0x833589fcd6edb6e08f4c7c32d4f71b54bda02913,USDC,6,2026-06-01,-12358109355,1005
0xa0eed82e20cab62a5698e898e9fd4c4db412ee7e,0x833589fcd6edb6e08f4c7c32d4f71b54bda02913,USDC,6,2026-06-02,5429807170,372
0xa0eed82e20cab62a5698e898e9fd4c4db412ee7e,0x833589fcd6edb6e08f4c7c32d4f71b54bda02913,USDC,6,2026-06-03,6175724540,364
0xa0eed82e20cab62a5698e898e9fd4c4db412ee7e,0x833589fcd6edb6e08f4c7c32d4f71b54bda02913,USDC,6,2026-06-04,-8855373004,328
0xa0eed82e20cab62a5698e898e9fd4c4db412ee7e,0x833589fcd6edb6e08f4c7c32d4f71b54bda02913,USDC,6,2026-06-05,-3991010264,319
0xa0eed82e20cab62a5698e898e9fd4c4db412ee7e,0x833589fcd6edb6e08f4c7c32d4f71b54bda02913,USDC,6,2026-06-06,-19738286608,516
0xa0eed82e20cab62a5698e898e9fd4c4db412ee7e,0x833589fcd6edb6e08f4c7c32d4f71b54bda02913,USDC,6,2026-06-07,6393905941,165
0xa0eed82e20cab62a5698e898e9fd4c4db412ee7e,0x833589fcd6edb6e08f4c7c32d4f71b54bda02913,USDC,6,2026-06-08,-3219497868,97
0xa0eed82e20cab62a5698e898e9fd4c4db412ee7e,0x833589fcd6edb6e08f4c7c32d4f71b54bda02913,USDC,6,2026-06-09,-14521065812,226
0xa0eed82e20cab62a5698e898e9fd4c4db412ee7e,0x833589fcd6edb6e08f4c7c32d4f71b54bda02913,USDC,6,2026-06-10,573150586,274
0xa0eed82e20cab62a5698e898e9fd4c4db412ee7e,0x833589fcd6edb6e08f4c7c32d4f71b54bda02913,USDC,6,2026-06-11,965028037,102
0xa0eed82e20cab62a5698e898e9fd4c4db412ee7e,0x833589fcd6edb6e08f4c7c32d4f71b54bda02913,USDC,6,2026-06-12,172869914,117
0xa0eed82e20cab62a5698e898e9fd4c4db412ee7e,0x833589fcd6edb6e08f4c7c32d4f71b54bda02913,USDC,6,2026-06-13,374537362,86
0xa0eed82e20cab62a5698e898e9fd4c4db412ee7e,0x833589fcd6edb6e08f4c7c32d4f71b54bda02913,USDC,6,2026-06-14,176299264,86
0xa0eed82e20cab62a5698e898e9fd4c4db412ee7e,0x833589fcd6edb6e08f4c7c32d4f71b54bda02913,USDC,6,2026-06-15,3462523012,186
0xa0eed82e20cab62a5698e898e9fd4c4db412ee7e,0x833589fcd6edb6e08f4c7c32d4f71b54bda02913,USDC,6,2026-06-16,-375805674,113
0xa0eed82e20cab62a5698e898e9fd4c4db412ee7e,0x833589fcd6edb6e08f4c7c32d4f71b54bda02913,USDC,6,2026-06-17,-1211886510,256
0xa0eed82e20cab62a5698e898e9fd4c4db412ee7e,0x833589fcd6edb6e08f4c7c32d4f71b54bda02913,USDC,6,2026-06-18,1873046811,139
0xa0eed82e20cab62a5698e898e9fd4c4db412ee7e,0x833589fcd6edb6e08f4c7c32d4f71b54bda02913,USDC,6,2026-06-19,-593473066,197
0xa0eed82e20cab62a5698e898e9fd4c4db412ee7e,0x833589fcd6edb6e08f4c7c32d4f71b54bda02913,USDC,6,2026-06-20,-22752008,134
0xa0eed82e20cab62a5698e898e9fd4c4db412ee7e,0x833589fcd6edb6e08f4c7c32d4f71b54bda02913,USDC,6,2026-06-21,1359755034,115
0xa0eed82e20cab62a5698e898e9fd4c4db412ee7e,0x833589fcd6edb6e08f4c7c32d4f71b54bda02913,USDC,6,2026-06-22,-1736387826,127
0xa0eed82e20cab62a5698e898e9fd4c4db412ee7e,0x833589fcd6edb6e08f4c7c32d4f71b54bda02913,USDC,6,2026-06-23,-4043468149,198
0xa0eed82e20cab62a5698e898e9fd4c4db412ee7e,0x833589fcd6edb6e08f4c7c32d4f71b54bda02913,USDC,6,2026-06-24,-964343342,253
0xa0eed82e20cab62a5698e898e9fd4c4db412ee7e,0x833589fcd6edb6e08f4c7c32d4f71b54bda02913,USDC,6,2026-06-25,282661535,123
0xa0eed82e20cab62a5698e898e9fd4c4db412ee7e,0x833589fcd6edb6e08f4c7c32d4f71b54bda02913,USDC,6,2026-06-26,-323269403,127
0xa0eed82e20cab62a5698e898e9fd4c4db412ee7e,0x833589fcd6edb6e08f4c7c32d4f71b54bda02913,USDC,6,2026-06-27,380990302,55
0xa0eed82e20cab62a5698e898e9fd4c4db412ee7e,0x833589fcd6edb6e08f4c7c32d4f71b54bda02913,USDC,6,2026-06-28,-382416409,83
0xa0eed82e20cab62a5698e898e9fd4c4db412ee7e,0x833589fcd6edb6e08f4c7c32d4f71b54bda02913,USDC,6,2026-06-29,964061478,118
0xa0eed82e20cab62a5698e898e9fd4c4db412ee7e,0x833589fcd6edb6e08f4c7c32d4f71b54bda02913,USDC,6,2026-06-30,-272021030,245
0xa0eed82e20cab62a5698e898e9fd4c4db412ee7e,0x833589fcd6edb6e08f4c7c32d4f71b54bda02913,USDC,6,2026-07-01,-284053731,538
0xa0eed82e20cab62a5698e898e9fd4c4db412ee7e,0x833589fcd6edb6e08f4c7c32d4f71b54bda02913,USDC,6,2026-07-02,-310378210,226
0xa0eed82e20cab62a5698e898e9fd4c4db412ee7e,0x833589fcd6edb6e08f4c7c32d4f71b54bda02913,USDC,6,2026-07-03,139516217,73
0xa0eed82e20cab62a5698e898e9fd4c4db412ee7e,0x833589fcd6edb6e08f4c7c32d4f71b54bda02913,USDC,6,2026-07-04,181645062,83
0xa0eed82e20cab62a5698e898e9fd4c4db412ee7e,0x833589fcd6edb6e08f4c7c32d4f71b54bda02913,USDC,6,2026-07-05,-159415641,83
0xa0eed82e20cab62a5698e898e9fd4c4db412ee7e,0x833589fcd6edb6e08f4c7c32d4f71b54bda02913,USDC,6,2026-07-06,73919735,94
0xa0eed82e20cab62a5698e898e9fd4c4db412ee7e,0x833589fcd6edb6e08f4c7c32d4f71b54bda02913,USDC,6,2026-07-07,67889097,102
0xa0eed82e20cab62a5698e898e9fd4c4db412ee7e,0x833589fcd6edb6e08f4c7c32d4f71b54bda02913,USDC,6,2026-07-08,71954872,115
0xa0eed82e20cab62a5698e898e9fd4c4db412ee7e,0x833589fcd6edb6e08f4c7c32d4f71b54bda02913,USDC,6,2026-07-09,-463789289,67
0xa0eed82e20cab62a5698e898e9fd4c4db412ee7e,0x833589fcd6edb6e08f4c7c32d4f71b54bda02913,USDC,6,2026-07-10,316690461,93
0xa0eed82e20cab62a5698e898e9fd4c4db412ee7e,0x833589fcd6edb6e08f4c7c32d4f71b54bda02913,USDC,6,2026-07-11,-168642096,74
0xa0eed82e20cab62a5698e898e9fd4c4db412ee7e,0x833589fcd6edb6e08f4c7c32d4f71b54bda02913,USDC,6,2026-07-12,29606210,60
0xa0eed82e20cab62a5698e898e9fd4c4db412ee7e,0x833589fcd6edb6e08f4c7c32d4f71b54bda02913,USDC,6,2026-07-13,189333607,67
0xa0eed82e20cab62a5698e898e9fd4c4db412ee7e,0x833589fcd6edb6e08f4c7c32d4f71b54bda02913,USDC,6,2026-07-14,-271364856,80
0xa0eed82e20cab62a5698e898e9fd4c4db412ee7e,0x833589fcd6edb6e08f4c7c32d4f71b54bda02913,USDC,6,2026-07-15,-99056282,180
0xa0eed82e20cab62a5698e898e9fd4c4db412ee7e,0x833589fcd6edb6e08f4c7c32d4f71b54bda02913,USDC,6,2026-07-16,114105014,57
0xa0eed82e20cab62a5698e898e9fd4c4db412ee7e,0x833589fcd6edb6e08f4c7c32d4f71b54bda02913,USDC,6,2026-07-17,-102617623,91
0xa0eed82e20cab62a5698e898e9fd4c4db412ee7e,0x833589fcd6edb6e08f4c7c32d4f71b54bda02913,USDC,6,2026-07-18,-3436096,24
0xa0eed82e20cab62a5698e898e9fd4c4db412ee7e,0x833589fcd6edb6e08f4c7c32d4f71b54bda02913,USDC,6,2026-07-19,-1536445,21
0xa0eed82e20cab62a5698e898e9fd4c4db412ee7e,0x833589fcd6edb6e08f4c7c32d4f71b54bda02913,USDC,6,2026-07-20,145547833,105
0xa0eed82e20cab62a5698e898e9fd4c4db412ee7e,0x833589fcd6edb6e08f4c7c32d4f71b54bda02913,USDC,6,2026-07-21,-22650085,74
0xa0eed82e20cab62a5698e898e9fd4c4db412ee7e,0x833589fcd6edb6e08f4c7c32d4f71b54bda02913,USDC,6,2026-07-22,-117462030,98
0xa0eed82e20cab62a5698e898e9fd4c4db412ee7e,0x833589fcd6edb6e08f4c7c32d4f71b54bda02913,USDC,6,2026-07-23,168181965,82
0xa0eed82e20cab62a5698e898e9fd4c4db412ee7e,0x833589fcd6edb6e08f4c7c32d4f71b54bda02913,USDC,6,2026-07-24,-173145216,19
0xa0eed82e20cab62a5698e898e9fd4c4db412ee7e,0xdd468a1ddc392dcdbef6db6e34e89aa338f9f186,MUSD,18,2026-03-30,4012818379672219718,1
0xa0eed82e20cab62a5698e898e9fd4c4db412ee7e,0xdd468a1ddc392dcdbef6db6e34e89aa338f9f186,MUSD,18,2026-03-31,-4012795200226421858,3
0xa0eed82e20cab62a5698e898e9fd4c4db412ee7e,0xdd468a1ddc392dcdbef6db6e34e89aa338f9f186,MUSD,18,2026-04-01,38318788619224553,172
0xa0eed82e20cab62a5698e898e9fd4c4db412ee7e,0xdd468a1ddc392dcdbef6db6e34e89aa338f9f186,MUSD,18,2026-04-02,320290206152569715571,403
0xa0eed82e20cab62a5698e898e9fd4c4db412ee7e,0xdd468a1ddc392dcdbef6db6e34e89aa338f9f186,MUSD,18,2026-04-03,-59683493357304243387,463
0xa0eed82e20cab62a5698e898e9fd4c4db412ee7e,0xdd468a1ddc392dcdbef6db6e34e89aa338f9f186,MUSD,18,2026-04-04,639073678377654575491,365
0xa0eed82e20cab62a5698e898e9fd4c4db412ee7e,0xdd468a1ddc392dcdbef6db6e34e89aa338f9f186,MUSD,18,2026-04-05,532748410501314104800,351
0xa0eed82e20cab62a5698e898e9fd4c4db412ee7e,0xdd468a1ddc392dcdbef6db6e34e89aa338f9f186,MUSD,18,2026-04-06,-92520245429562552124,417
0xa0eed82e20cab62a5698e898e9fd4c4db412ee7e,0xdd468a1ddc392dcdbef6db6e34e89aa338f9f186,MUSD,18,2026-04-07,1031486319951449713907,1031
0xa0eed82e20cab62a5698e898e9fd4c4db412ee7e,0xdd468a1ddc392dcdbef6db6e34e89aa338f9f186,MUSD,18,2026-04-08,4718811850856782547373,936
0xa0eed82e20cab62a5698e898e9fd4c4db412ee7e,0xdd468a1ddc392dcdbef6db6e34e89aa338f9f186,MUSD,18,2026-04-09,-2995296947415284306753,631
0xa0eed82e20cab62a5698e898e9fd4c4db412ee7e,0xdd468a1ddc392dcdbef6db6e34e89aa338f9f186,MUSD,18,2026-04-10,-1932485103927089659965,512
0xa0eed82e20cab62a5698e898e9fd4c4db412ee7e,0xdd468a1ddc392dcdbef6db6e34e89aa338f9f186,MUSD,18,2026-04-11,1826740242208912840199,194
0xa0eed82e20cab62a5698e898e9fd4c4db412ee7e,0xdd468a1ddc392dcdbef6db6e34e89aa338f9f186,MUSD,18,2026-04-12,-3154042316167742884464,149
0xa0eed82e20cab62a5698e898e9fd4c4db412ee7e,0xdd468a1ddc392dcdbef6db6e34e89aa338f9f186,MUSD,18,2026-04-13,-819865388781387478602,936
0xa0eed82e20cab62a5698e898e9fd4c4db412ee7e,0xdd468a1ddc392dcdbef6db6e34e89aa338f9f186,MUSD,18,2026-04-14,967768302473157354356,1093
0xa0eed82e20cab62a5698e898e9fd4c4db412ee7e,0xdd468a1ddc392dcdbef6db6e34e89aa338f9f186,MUSD,18,2026-04-15,96447715835693814864,1119
0xa0eed82e20cab62a5698e898e9fd4c4db412ee7e,0xdd468a1ddc392dcdbef6db6e34e89aa338f9f186,MUSD,18,2026-04-16,1381095234410238475305,917
0xa0eed82e20cab62a5698e898e9fd4c4db412ee7e,0xdd468a1ddc392dcdbef6db6e34e89aa338f9f186,MUSD,18,2026-04-17,-364220330302617196842,675
0xa0eed82e20cab62a5698e898e9fd4c4db412ee7e,0xdd468a1ddc392dcdbef6db6e34e89aa338f9f186,MUSD,18,2026-04-18,1398228094829530328628,599
0xa0eed82e20cab62a5698e898e9fd4c4db412ee7e,0xdd468a1ddc392dcdbef6db6e34e89aa338f9f186,MUSD,18,2026-04-19,-146422527939193674577,266
0xa0eed82e20cab62a5698e898e9fd4c4db412ee7e,0xdd468a1ddc392dcdbef6db6e34e89aa338f9f186,MUSD,18,2026-04-20,-415713037230754073407,180
0xa0eed82e20cab62a5698e898e9fd4c4db412ee7e,0xdd468a1ddc392dcdbef6db6e34e89aa338f9f186,MUSD,18,2026-04-21,-22611157435096404115,215
0xa0eed82e20cab62a5698e898e9fd4c4db412ee7e,0xdd468a1ddc392dcdbef6db6e34e89aa338f9f186,MUSD,18,2026-04-22,3491682942082552863384,878
0xa0eed82e20cab62a5698e898e9fd4c4db412ee7e,0xdd468a1ddc392dcdbef6db6e34e89aa338f9f186,MUSD,18,2026-04-23,3346114777525829752109,751
0xa0eed82e20cab62a5698e898e9fd4c4db412ee7e,0xdd468a1ddc392dcdbef6db6e34e89aa338f9f186,MUSD,18,2026-04-24,127280836419652964646,687
0xa0eed82e20cab62a5698e898e9fd4c4db412ee7e,0xdd468a1ddc392dcdbef6db6e34e89aa338f9f186,MUSD,18,2026-04-25,5237107663225542161809,2089
0xa0eed82e20cab62a5698e898e9fd4c4db412ee7e,0xdd468a1ddc392dcdbef6db6e34e89aa338f9f186,MUSD,18,2026-04-26,2402717340783647302828,1562
0xa0eed82e20cab62a5698e898e9fd4c4db412ee7e,0xdd468a1ddc392dcdbef6db6e34e89aa338f9f186,MUSD,18,2026-04-27,-4538120062025402395668,1063
0xa0eed82e20cab62a5698e898e9fd4c4db412ee7e,0xdd468a1ddc392dcdbef6db6e34e89aa338f9f186,MUSD,18,2026-04-28,1312200310969693791291,538
0xa0eed82e20cab62a5698e898e9fd4c4db412ee7e,0xdd468a1ddc392dcdbef6db6e34e89aa338f9f186,MUSD,18,2026-04-29,-1198558090463657753857,650
0xa0eed82e20cab62a5698e898e9fd4c4db412ee7e,0xdd468a1ddc392dcdbef6db6e34e89aa338f9f186,MUSD,18,2026-04-30,-1829046004020379488149,684
0xa0eed82e20cab62a5698e898e9fd4c4db412ee7e,0xdd468a1ddc392dcdbef6db6e34e89aa338f9f186,MUSD,18,2026-05-01,20597485737451352641578,660
0xa0eed82e20cab62a5698e898e9fd4c4db412ee7e,0xdd468a1ddc392dcdbef6db6e34e89aa338f9f186,MUSD,18,2026-05-02,-3667840283497123198655,886
0xa0eed82e20cab62a5698e898e9fd4c4db412ee7e,0xdd468a1ddc392dcdbef6db6e34e89aa338f9f186,MUSD,18,2026-05-03,-1220856974983367414612,389
0xa0eed82e20cab62a5698e898e9fd4c4db412ee7e,0xdd468a1ddc392dcdbef6db6e34e89aa338f9f186,MUSD,18,2026-05-04,10520533816227904633382,258
0xa0eed82e20cab62a5698e898e9fd4c4db412ee7e,0xdd468a1ddc392dcdbef6db6e34e89aa338f9f186,MUSD,18,2026-05-05,-10445145705469764295453,367
0xa0eed82e20cab62a5698e898e9fd4c4db412ee7e,0xdd468a1ddc392dcdbef6db6e34e89aa338f9f186,MUSD,18,2026-05-06,5084671434048132470695,191
0xa0eed82e20cab62a5698e898e9fd4c4db412ee7e,0xdd468a1ddc392dcdbef6db6e34e89aa338f9f186,MUSD,18,2026-05-07,5657437664082193326383,202
0xa0eed82e20cab62a5698e898e9fd4c4db412ee7e,0xdd468a1ddc392dcdbef6db6e34e89aa338f9f186,MUSD,18,2026-05-08,-7140559565551199465877,155
0xa0eed82e20cab62a5698e898e9fd4c4db412ee7e,0xdd468a1ddc392dcdbef6db6e34e89aa338f9f186,MUSD,18,2026-05-09,958809053650095635459,148
0xa0eed82e20cab62a5698e898e9fd4c4db412ee7e,0xdd468a1ddc392dcdbef6db6e34e89aa338f9f186,MUSD,18,2026-05-10,5789938145504005370308,123
0xa0eed82e20cab62a5698e898e9fd4c4db412ee7e,0xdd468a1ddc392dcdbef6db6e34e89aa338f9f186,MUSD,18,2026-05-11,1155455946192389332377,106
0xa0eed82e20cab62a5698e898e9fd4c4db412ee7e,0xdd468a1ddc392dcdbef6db6e34e89aa338f9f186,MUSD,18,2026-05-12,-6994014663799483057282,145
0xa0eed82e20cab62a5698e898e9fd4c4db412ee7e,0xdd468a1ddc392dcdbef6db6e34e89aa338f9f186,MUSD,18,2026-05-13,6876038515264201540758,520
0xa0eed82e20cab62a5698e898e9fd4c4db412ee7e,0xdd468a1ddc392dcdbef6db6e34e89aa338f9f186,MUSD,18,2026-05-14,-6506191773439193804118,146
0xa0eed82e20cab62a5698e898e9fd4c4db412ee7e,0xdd468a1ddc392dcdbef6db6e34e89aa338f9f186,MUSD,18,2026-05-15,9746120298663563090653,280
0xa0eed82e20cab62a5698e898e9fd4c4db412ee7e,0xdd468a1ddc392dcdbef6db6e34e89aa338f9f186,MUSD,18,2026-05-16,4413928735936119195824,108
0xa0eed82e20cab62a5698e898e9fd4c4db412ee7e,0xdd468a1ddc392dcdbef6db6e34e89aa338f9f186,MUSD,18,2026-05-17,-2677066805714991899397,84
0xa0eed82e20cab62a5698e898e9fd4c4db412ee7e,0xdd468a1ddc392dcdbef6db6e34e89aa338f9f186,MUSD,18,2026-05-18,4417945681991708743861,162
0xa0eed82e20cab62a5698e898e9fd4c4db412ee7e,0xdd468a1ddc392dcdbef6db6e34e89aa338f9f186,MUSD,18,2026-05-19,1502821043554294007504,211
0xa0eed82e20cab62a5698e898e9fd4c4db412ee7e,0xdd468a1ddc392dcdbef6db6e34e89aa338f9f186,MUSD,18,2026-05-20,26201123079348053874490,264
0xa0eed82e20cab62a5698e898e9fd4c4db412ee7e,0xdd468a1ddc392dcdbef6db6e34e89aa338f9f186,MUSD,18,2026-05-21,8437291251401379291940,93
0xa0eed82e20cab62a5698e898e9fd4c4db412ee7e,0xdd468a1ddc392dcdbef6db6e34e89aa338f9f186,MUSD,18,2026-05-22,-6933946776329711627771,192
0xa0eed82e20cab62a5698e898e9fd4c4db412ee7e,0xdd468a1ddc392dcdbef6db6e34e89aa338f9f186,MUSD,18,2026-05-23,783288350141385379963,185
0xa0eed82e20cab62a5698e898e9fd4c4db412ee7e,0xdd468a1ddc392dcdbef6db6e34e89aa338f9f186,MUSD,18,2026-05-24,-2977758671408568367777,187
0xa0eed82e20cab62a5698e898e9fd4c4db412ee7e,0xdd468a1ddc392dcdbef6db6e34e89aa338f9f186,MUSD,18,2026-05-25,-9009697815169722473734,81
0xa0eed82e20cab62a5698e898e9fd4c4db412ee7e,0xdd468a1ddc392dcdbef6db6e34e89aa338f9f186,MUSD,18,2026-05-26,2630947506342090699930,87
0xa0eed82e20cab62a5698e898e9fd4c4db412ee7e,0xdd468a1ddc392dcdbef6db6e34e89aa338f9f186,MUSD,18,2026-05-27,20072558475455702296895,172
0xa0eed82e20cab62a5698e898e9fd4c4db412ee7e,0xdd468a1ddc392dcdbef6db6e34e89aa338f9f186,MUSD,18,2026-05-28,-816167702238138588480,120
0xa0eed82e20cab62a5698e898e9fd4c4db412ee7e,0xdd468a1ddc392dcdbef6db6e34e89aa338f9f186,MUSD,18,2026-05-29,-11067504201345942395597,79
0xa0eed82e20cab62a5698e898e9fd4c4db412ee7e,0xdd468a1ddc392dcdbef6db6e34e89aa338f9f186,MUSD,18,2026-05-30,-2878177279197422862286,385
0xa0eed82e20cab62a5698e898e9fd4c4db412ee7e,0xdd468a1ddc392dcdbef6db6e34e89aa338f9f186,MUSD,18,2026-05-31,839940675944051830367,112
0xa0eed82e20cab62a5698e898e9fd4c4db412ee7e,0xdd468a1ddc392dcdbef6db6e34e89aa338f9f186,MUSD,18,2026-06-01,10047287416478784872688,1005
0xa0eed82e20cab62a5698e898e9fd4c4db412ee7e,0xdd468a1ddc392dcdbef6db6e34e89aa338f9f186,MUSD,18,2026-06-02,-7563789423479807978471,374
0xa0eed82e20cab62a5698e898e9fd4c4db412ee7e,0xdd468a1ddc392dcdbef6db6e34e89aa338f9f186,MUSD,18,2026-06-03,-7144018735048690979894,364
0xa0eed82e20cab62a5698e898e9fd4c4db412ee7e,0xdd468a1ddc392dcdbef6db6e34e89aa338f9f186,MUSD,18,2026-06-04,4496069230672044310575,327
0xa0eed82e20cab62a5698e898e9fd4c4db412ee7e,0xdd468a1ddc392dcdbef6db6e34e89aa338f9f186,MUSD,18,2026-06-05,-121374978128494983289,319
0xa0eed82e20cab62a5698e898e9fd4c4db412ee7e,0xdd468a1ddc392dcdbef6db6e34e89aa338f9f186,MUSD,18,2026-06-06,-920790253164860384050,517
0xa0eed82e20cab62a5698e898e9fd4c4db412ee7e,0xdd468a1ddc392dcdbef6db6e34e89aa338f9f186,MUSD,18,2026-06-07,-6361103725340850971359,165
0xa0eed82e20cab62a5698e898e9fd4c4db412ee7e,0xdd468a1ddc392dcdbef6db6e34e89aa338f9f186,MUSD,18,2026-06-08,3207203790947245049029,97
0xa0eed82e20cab62a5698e898e9fd4c4db412ee7e,0xdd468a1ddc392dcdbef6db6e34e89aa338f9f186,MUSD,18,2026-06-09,-12040082688571423019128,230
0xa0eed82e20cab62a5698e898e9fd4c4db412ee7e,0xdd468a1ddc392dcdbef6db6e34e89aa338f9f186,MUSD,18,2026-06-10,-51504318448377740979730,276
0xa0eed82e20cab62a5698e898e9fd4c4db412ee7e,0xdd468a1ddc392dcdbef6db6e34e89aa338f9f186,MUSD,18,2026-06-11,1633857088805093598720,100
0xa0eed82e20cab62a5698e898e9fd4c4db412ee7e,0xdd468a1ddc392dcdbef6db6e34e89aa338f9f186,MUSD,18,2026-06-12,-113309687584950847765,117
0xa0eed82e20cab62a5698e898e9fd4c4db412ee7e,0xdd468a1ddc392dcdbef6db6e34e89aa338f9f186,MUSD,18,2026-06-13,-4820638281918825860100,87
0xa0eed82e20cab62a5698e898e9fd4c4db412ee7e,0xdd468a1ddc392dcdbef6db6e34e89aa338f9f186,MUSD,18,2026-06-14,-168457305750413899701,87
0xa0eed82e20cab62a5698e898e9fd4c4db412ee7e,0xdd468a1ddc392dcdbef6db6e34e89aa338f9f186,MUSD,18,2026-06-15,-1129200141723304846456,187
0xa0eed82e20cab62a5698e898e9fd4c4db412ee7e,0xdd468a1ddc392dcdbef6db6e34e89aa338f9f186,MUSD,18,2026-06-16,820581982187687948730,114
0xa0eed82e20cab62a5698e898e9fd4c4db412ee7e,0xdd468a1ddc392dcdbef6db6e34e89aa338f9f186,MUSD,18,2026-06-17,1597954791928224319049,256
0xa0eed82e20cab62a5698e898e9fd4c4db412ee7e,0xdd468a1ddc392dcdbef6db6e34e89aa338f9f186,MUSD,18,2026-06-18,-665160141072169888254,139
0xa0eed82e20cab62a5698e898e9fd4c4db412ee7e,0xdd468a1ddc392dcdbef6db6e34e89aa338f9f186,MUSD,18,2026-06-19,598114175450664177940,198
0xa0eed82e20cab62a5698e898e9fd4c4db412ee7e,0xdd468a1ddc392dcdbef6db6e34e89aa338f9f186,MUSD,18,2026-06-20,166778864237370548581,134
0xa0eed82e20cab62a5698e898e9fd4c4db412ee7e,0xdd468a1ddc392dcdbef6db6e34e89aa338f9f186,MUSD,18,2026-06-21,343836074070372648243,115
0xa0eed82e20cab62a5698e898e9fd4c4db412ee7e,0xdd468a1ddc392dcdbef6db6e34e89aa338f9f186,MUSD,18,2026-06-22,875013107473291000693,129
0xa0eed82e20cab62a5698e898e9fd4c4db412ee7e,0xdd468a1ddc392dcdbef6db6e34e89aa338f9f186,MUSD,18,2026-06-23,1653388853299775271248,201
0xa0eed82e20cab62a5698e898e9fd4c4db412ee7e,0xdd468a1ddc392dcdbef6db6e34e89aa338f9f186,MUSD,18,2026-06-24,1091368700638211984667,256
0xa0eed82e20cab62a5698e898e9fd4c4db412ee7e,0xdd468a1ddc392dcdbef6db6e34e89aa338f9f186,MUSD,18,2026-06-25,-409058595192411244971,123
0xa0eed82e20cab62a5698e898e9fd4c4db412ee7e,0xdd468a1ddc392dcdbef6db6e34e89aa338f9f186,MUSD,18,2026-06-26,220705112186731527338,127
0xa0eed82e20cab62a5698e898e9fd4c4db412ee7e,0xdd468a1ddc392dcdbef6db6e34e89aa338f9f186,MUSD,18,2026-06-27,-383405191903553948161,55
0xa0eed82e20cab62a5698e898e9fd4c4db412ee7e,0xdd468a1ddc392dcdbef6db6e34e89aa338f9f186,MUSD,18,2026-06-28,-4611363427641200259180,83
0xa0eed82e20cab62a5698e898e9fd4c4db412ee7e,0xdd468a1ddc392dcdbef6db6e34e89aa338f9f186,MUSD,18,2026-06-29,-969342280553597425591,118
0xa0eed82e20cab62a5698e898e9fd4c4db412ee7e,0xdd468a1ddc392dcdbef6db6e34e89aa338f9f186,MUSD,18,2026-06-30,274349535802687214429,245
0xa0eed82e20cab62a5698e898e9fd4c4db412ee7e,0xdd468a1ddc392dcdbef6db6e34e89aa338f9f186,MUSD,18,2026-07-01,288118066449984498060,538
0xa0eed82e20cab62a5698e898e9fd4c4db412ee7e,0xdd468a1ddc392dcdbef6db6e34e89aa338f9f186,MUSD,18,2026-07-02,313741073734581805696,226
0xa0eed82e20cab62a5698e898e9fd4c4db412ee7e,0xdd468a1ddc392dcdbef6db6e34e89aa338f9f186,MUSD,18,2026-07-03,-140256550101688821667,73
0xa0eed82e20cab62a5698e898e9fd4c4db412ee7e,0xdd468a1ddc392dcdbef6db6e34e89aa338f9f186,MUSD,18,2026-07-04,-184752670588181859957,83
0xa0eed82e20cab62a5698e898e9fd4c4db412ee7e,0xdd468a1ddc392dcdbef6db6e34e89aa338f9f186,MUSD,18,2026-07-05,160834256247323679981,83
0xa0eed82e20cab62a5698e898e9fd4c4db412ee7e,0xdd468a1ddc392dcdbef6db6e34e89aa338f9f186,MUSD,18,2026-07-06,-73965273677234246371,94
0xa0eed82e20cab62a5698e898e9fd4c4db412ee7e,0xdd468a1ddc392dcdbef6db6e34e89aa338f9f186,MUSD,18,2026-07-07,-68008495850969822160,102
0xa0eed82e20cab62a5698e898e9fd4c4db412ee7e,0xdd468a1ddc392dcdbef6db6e34e89aa338f9f186,MUSD,18,2026-07-08,-71669644427973793795,115
0xa0eed82e20cab62a5698e898e9fd4c4db412ee7e,0xdd468a1ddc392dcdbef6db6e34e89aa338f9f186,MUSD,18,2026-07-09,467731738561753016833,67
0xa0eed82e20cab62a5698e898e9fd4c4db412ee7e,0xdd468a1ddc392dcdbef6db6e34e89aa338f9f186,MUSD,18,2026-07-10,-319538173337228874101,93
0xa0eed82e20cab62a5698e898e9fd4c4db412ee7e,0xdd468a1ddc392dcdbef6db6e34e89aa338f9f186,MUSD,18,2026-07-11,170188102744389544974,74
0xa0eed82e20cab62a5698e898e9fd4c4db412ee7e,0xdd468a1ddc392dcdbef6db6e34e89aa338f9f186,MUSD,18,2026-07-12,-29395764235647805445,60
0xa0eed82e20cab62a5698e898e9fd4c4db412ee7e,0xdd468a1ddc392dcdbef6db6e34e89aa338f9f186,MUSD,18,2026-07-13,-190324238973879890794,67
0xa0eed82e20cab62a5698e898e9fd4c4db412ee7e,0xdd468a1ddc392dcdbef6db6e34e89aa338f9f186,MUSD,18,2026-07-14,273822891479565339984,80
0xa0eed82e20cab62a5698e898e9fd4c4db412ee7e,0xdd468a1ddc392dcdbef6db6e34e89aa338f9f186,MUSD,18,2026-07-15,100871660399112569752,181
0xa0eed82e20cab62a5698e898e9fd4c4db412ee7e,0xdd468a1ddc392dcdbef6db6e34e89aa338f9f186,MUSD,18,2026-07-16,-114870819889876823999,57
0xa0eed82e20cab62a5698e898e9fd4c4db412ee7e,0xdd468a1ddc392dcdbef6db6e34e89aa338f9f186,MUSD,18,2026-07-17,103702928854014663486,91
0xa0eed82e20cab62a5698e898e9fd4c4db412ee7e,0xdd468a1ddc392dcdbef6db6e34e89aa338f9f186,MUSD,18,2026-07-18,3468813372635850813,24
0xa0eed82e20cab62a5698e898e9fd4c4db412ee7e,0xdd468a1ddc392dcdbef6db6e34e89aa338f9f186,MUSD,18,2026-07-19,1606212413197342047,21
0xa0eed82e20cab62a5698e898e9fd4c4db412ee7e,0xdd468a1ddc392dcdbef6db6e34e89aa338f9f186,MUSD,18,2026-07-20,-145938395282290612839,105
0xa0eed82e20cab62a5698e898e9fd4c4db412ee7e,0xdd468a1ddc392dcdbef6db6e34e89aa338f9f186,MUSD,18,2026-07-21,23318297906786285531,74
0xa0eed82e20cab62a5698e898e9fd4c4db412ee7e,0xdd468a1ddc392dcdbef6db6e34e89aa338f9f186,MUSD,18,2026-07-22,118711589297357166017,100
0xa0eed82e20cab62a5698e898e9fd4c4db412ee7e,0xdd468a1ddc392dcdbef6db6e34e89aa338f9f186,MUSD,18,2026-07-23,-169278314947483478234,82
0xa0eed82e20cab62a5698e898e9fd4c4db412ee7e,0xdd468a1ddc392dcdbef6db6e34e89aa338f9f186,MUSD,18,2026-07-24,164998100785228094851,19
0xb367b4c74f5316a04cf7b12f2020d00c84779acd,0x1217bfe6c773eec6cc4a38b5dc45b92292b6e189,oUSDT,6,2025-12-10,1409930077,94
0xb367b4c74f5316a04cf7b12f2020d00c84779acd,0x1217bfe6c773eec6cc4a38b5dc45b92292b6e189,oUSDT,6,2025-12-11,5600600762,222
0xb367b4c74f5316a04cf7b12f2020d00c84779acd,0x1217bfe6c773eec6cc4a38b5dc45b92292b6e189,oUSDT,6,2025-12-12,2969416861,454
0xb367b4c74f5316a04cf7b12f2020d00c84779acd,0x1217bfe6c773eec6cc4a38b5dc45b92292b6e189,oUSDT,6,2025-12-13,-274260979,233
0xb367b4c74f5316a04cf7b12f2020d00c84779acd,0x1217bfe6c773eec6cc4a38b5dc45b92292b6e189,oUSDT,6,2025-12-14,481008964,508
0xb367b4c74f5316a04cf7b12f2020d00c84779acd,0x1217bfe6c773eec6cc4a38b5dc45b92292b6e189,oUSDT,6,2025-12-15,3184743520,610
0xb367b4c74f5316a04cf7b12f2020d00c84779acd,0x1217bfe6c773eec6cc4a38b5dc45b92292b6e189,oUSDT,6,2025-12-16,116840822,416
0xb367b4c74f5316a04cf7b12f2020d00c84779acd,0x1217bfe6c773eec6cc4a38b5dc45b92292b6e189,oUSDT,6,2025-12-17,5162897907,279
0xb367b4c74f5316a04cf7b12f2020d00c84779acd,0x1217bfe6c773eec6cc4a38b5dc45b92292b6e189,oUSDT,6,2025-12-18,187584284,444
0xb367b4c74f5316a04cf7b12f2020d00c84779acd,0x1217bfe6c773eec6cc4a38b5dc45b92292b6e189,oUSDT,6,2025-12-19,-1373890130,344
0xb367b4c74f5316a04cf7b12f2020d00c84779acd,0x1217bfe6c773eec6cc4a38b5dc45b92292b6e189,oUSDT,6,2025-12-20,-44186317,125
0xb367b4c74f5316a04cf7b12f2020d00c84779acd,0x1217bfe6c773eec6cc4a38b5dc45b92292b6e189,oUSDT,6,2025-12-21,1605504442,761
0xb367b4c74f5316a04cf7b12f2020d00c84779acd,0x1217bfe6c773eec6cc4a38b5dc45b92292b6e189,oUSDT,6,2025-12-22,1254860040,457
0xb367b4c74f5316a04cf7b12f2020d00c84779acd,0x1217bfe6c773eec6cc4a38b5dc45b92292b6e189,oUSDT,6,2025-12-23,776370007,194
0xb367b4c74f5316a04cf7b12f2020d00c84779acd,0x1217bfe6c773eec6cc4a38b5dc45b92292b6e189,oUSDT,6,2025-12-24,-3828814044,316
0xb367b4c74f5316a04cf7b12f2020d00c84779acd,0x1217bfe6c773eec6cc4a38b5dc45b92292b6e189,oUSDT,6,2025-12-25,15833487551,373
0xb367b4c74f5316a04cf7b12f2020d00c84779acd,0x1217bfe6c773eec6cc4a38b5dc45b92292b6e189,oUSDT,6,2025-12-26,-1132831159,583
0xb367b4c74f5316a04cf7b12f2020d00c84779acd,0x1217bfe6c773eec6cc4a38b5dc45b92292b6e189,oUSDT,6,2025-12-27,-1259727717,163
0xb367b4c74f5316a04cf7b12f2020d00c84779acd,0x1217bfe6c773eec6cc4a38b5dc45b92292b6e189,oUSDT,6,2025-12-28,1047764382,321
0xb367b4c74f5316a04cf7b12f2020d00c84779acd,0x1217bfe6c773eec6cc4a38b5dc45b92292b6e189,oUSDT,6,2025-12-29,-12059029948,547
0xb367b4c74f5316a04cf7b12f2020d00c84779acd,0x1217bfe6c773eec6cc4a38b5dc45b92292b6e189,oUSDT,6,2025-12-30,-4718877444,523
0xb367b4c74f5316a04cf7b12f2020d00c84779acd,0x1217bfe6c773eec6cc4a38b5dc45b92292b6e189,oUSDT,6,2025-12-31,21410378904,496
0xb367b4c74f5316a04cf7b12f2020d00c84779acd,0x1217bfe6c773eec6cc4a38b5dc45b92292b6e189,oUSDT,6,2026-01-01,-7185018798,243
0xb367b4c74f5316a04cf7b12f2020d00c84779acd,0x1217bfe6c773eec6cc4a38b5dc45b92292b6e189,oUSDT,6,2026-01-02,-11648449075,280
0xb367b4c74f5316a04cf7b12f2020d00c84779acd,0x1217bfe6c773eec6cc4a38b5dc45b92292b6e189,oUSDT,6,2026-01-03,-7626941284,165
0xb367b4c74f5316a04cf7b12f2020d00c84779acd,0x1217bfe6c773eec6cc4a38b5dc45b92292b6e189,oUSDT,6,2026-01-04,325828704,183
0xb367b4c74f5316a04cf7b12f2020d00c84779acd,0x1217bfe6c773eec6cc4a38b5dc45b92292b6e189,oUSDT,6,2026-01-05,-3053171224,320
0xb367b4c74f5316a04cf7b12f2020d00c84779acd,0x1217bfe6c773eec6cc4a38b5dc45b92292b6e189,oUSDT,6,2026-01-06,9978659889,293
0xb367b4c74f5316a04cf7b12f2020d00c84779acd,0x1217bfe6c773eec6cc4a38b5dc45b92292b6e189,oUSDT,6,2026-01-07,2057998250,312
0xb367b4c74f5316a04cf7b12f2020d00c84779acd,0x1217bfe6c773eec6cc4a38b5dc45b92292b6e189,oUSDT,6,2026-01-08,-1264286342,247
0xb367b4c74f5316a04cf7b12f2020d00c84779acd,0x1217bfe6c773eec6cc4a38b5dc45b92292b6e189,oUSDT,6,2026-01-09,6826306873,201
0xb367b4c74f5316a04cf7b12f2020d00c84779acd,0x1217bfe6c773eec6cc4a38b5dc45b92292b6e189,oUSDT,6,2026-01-10,-4467265261,117
0xb367b4c74f5316a04cf7b12f2020d00c84779acd,0x1217bfe6c773eec6cc4a38b5dc45b92292b6e189,oUSDT,6,2026-01-11,-1563743440,410
0xb367b4c74f5316a04cf7b12f2020d00c84779acd,0x1217bfe6c773eec6cc4a38b5dc45b92292b6e189,oUSDT,6,2026-01-12,-10230628064,591
0xb367b4c74f5316a04cf7b12f2020d00c84779acd,0x1217bfe6c773eec6cc4a38b5dc45b92292b6e189,oUSDT,6,2026-01-13,2149983471,502
0xb367b4c74f5316a04cf7b12f2020d00c84779acd,0x1217bfe6c773eec6cc4a38b5dc45b92292b6e189,oUSDT,6,2026-01-14,-3048800019,1129
0xb367b4c74f5316a04cf7b12f2020d00c84779acd,0x1217bfe6c773eec6cc4a38b5dc45b92292b6e189,oUSDT,6,2026-01-15,10603837342,1158
0xb367b4c74f5316a04cf7b12f2020d00c84779acd,0x1217bfe6c773eec6cc4a38b5dc45b92292b6e189,oUSDT,6,2026-01-16,-3156098785,577
0xb367b4c74f5316a04cf7b12f2020d00c84779acd,0x1217bfe6c773eec6cc4a38b5dc45b92292b6e189,oUSDT,6,2026-01-17,1581641596,194
0xb367b4c74f5316a04cf7b12f2020d00c84779acd,0x1217bfe6c773eec6cc4a38b5dc45b92292b6e189,oUSDT,6,2026-01-18,8712403604,424
0xb367b4c74f5316a04cf7b12f2020d00c84779acd,0x1217bfe6c773eec6cc4a38b5dc45b92292b6e189,oUSDT,6,2026-01-19,3286336109,713
0xb367b4c74f5316a04cf7b12f2020d00c84779acd,0x1217bfe6c773eec6cc4a38b5dc45b92292b6e189,oUSDT,6,2026-01-20,-12130339127,839
0xb367b4c74f5316a04cf7b12f2020d00c84779acd,0x1217bfe6c773eec6cc4a38b5dc45b92292b6e189,oUSDT,6,2026-01-21,8233383637,1165
0xb367b4c74f5316a04cf7b12f2020d00c84779acd,0x1217bfe6c773eec6cc4a38b5dc45b92292b6e189,oUSDT,6,2026-01-22,-7716451406,815
0xb367b4c74f5316a04cf7b12f2020d00c84779acd,0x1217bfe6c773eec6cc4a38b5dc45b92292b6e189,oUSDT,6,2026-01-23,11185780478,393
0xb367b4c74f5316a04cf7b12f2020d00c84779acd,0x1217bfe6c773eec6cc4a38b5dc45b92292b6e189,oUSDT,6,2026-01-24,2345474391,259
0xb367b4c74f5316a04cf7b12f2020d00c84779acd,0x1217bfe6c773eec6cc4a38b5dc45b92292b6e189,oUSDT,6,2026-01-25,-7080340792,956
0xb367b4c74f5316a04cf7b12f2020d00c84779acd,0x1217bfe6c773eec6cc4a38b5dc45b92292b6e189,oUSDT,6,2026-01-26,1289571584,462
0xb367b4c74f5316a04cf7b12f2020d00c84779acd,0x1217bfe6c773eec6cc4a38b5dc45b92292b6e189,oUSDT,6,2026-01-27,-14604925,684
0xb367b4c74f5316a04cf7b12f2020d00c84779acd,0x1217bfe6c773eec6cc4a38b5dc45b92292b6e189,oUSDT,6,2026-01-28,-9302149983,808
0xb367b4c74f5316a04cf7b12f2020d00c84779acd,0x1217bfe6c773eec6cc4a38b5dc45b92292b6e189,oUSDT,6,2026-01-29,2856439039,364
0xb367b4c74f5316a04cf7b12f2020d00c84779acd,0x1217bfe6c773eec6cc4a38b5dc45b92292b6e189,oUSDT,6,2026-01-30,-1650222936,420
0xb367b4c74f5316a04cf7b12f2020d00c84779acd,0x1217bfe6c773eec6cc4a38b5dc45b92292b6e189,oUSDT,6,2026-01-31,-1519589324,227
0xb367b4c74f5316a04cf7b12f2020d00c84779acd,0x1217bfe6c773eec6cc4a38b5dc45b92292b6e189,oUSDT,6,2026-02-01,-4018836049,485
0xb367b4c74f5316a04cf7b12f2020d00c84779acd,0x1217bfe6c773eec6cc4a38b5dc45b92292b6e189,oUSDT,6,2026-02-02,5677977303,721
0xb367b4c74f5316a04cf7b12f2020d00c84779acd,0x1217bfe6c773eec6cc4a38b5dc45b92292b6e189,oUSDT,6,2026-02-03,1637284303,623
0xb367b4c74f5316a04cf7b12f2020d00c84779acd,0x1217bfe6c773eec6cc4a38b5dc45b92292b6e189,oUSDT,6,2026-02-04,4052699150,633
0xb367b4c74f5316a04cf7b12f2020d00c84779acd,0x1217bfe6c773eec6cc4a38b5dc45b92292b6e189,oUSDT,6,2026-02-05,-2405177045,264
0xb367b4c74f5316a04cf7b12f2020d00c84779acd,0x1217bfe6c773eec6cc4a38b5dc45b92292b6e189,oUSDT,6,2026-02-06,-4153633734,521
0xb367b4c74f5316a04cf7b12f2020d00c84779acd,0x1217bfe6c773eec6cc4a38b5dc45b92292b6e189,oUSDT,6,2026-02-07,-155088301,251
0xb367b4c74f5316a04cf7b12f2020d00c84779acd,0x1217bfe6c773eec6cc4a38b5dc45b92292b6e189,oUSDT,6,2026-02-08,-185864293,228
0xb367b4c74f5316a04cf7b12f2020d00c84779acd,0x1217bfe6c773eec6cc4a38b5dc45b92292b6e189,oUSDT,6,2026-02-09,-2005960362,294
0xb367b4c74f5316a04cf7b12f2020d00c84779acd,0x1217bfe6c773eec6cc4a38b5dc45b92292b6e189,oUSDT,6,2026-02-10,1175767850,293
0xb367b4c74f5316a04cf7b12f2020d00c84779acd,0x1217bfe6c773eec6cc4a38b5dc45b92292b6e189,oUSDT,6,2026-02-11,1005707564,1145
0xb367b4c74f5316a04cf7b12f2020d00c84779acd,0x1217bfe6c773eec6cc4a38b5dc45b92292b6e189,oUSDT,6,2026-02-12,-1243242942,1052
0xb367b4c74f5316a04cf7b12f2020d00c84779acd,0x1217bfe6c773eec6cc4a38b5dc45b92292b6e189,oUSDT,6,2026-02-13,-4030483994,582
0xb367b4c74f5316a04cf7b12f2020d00c84779acd,0x1217bfe6c773eec6cc4a38b5dc45b92292b6e189,oUSDT,6,2026-02-14,33625000,363
0xb367b4c74f5316a04cf7b12f2020d00c84779acd,0x1217bfe6c773eec6cc4a38b5dc45b92292b6e189,oUSDT,6,2026-02-15,5646066397,694
0xb367b4c74f5316a04cf7b12f2020d00c84779acd,0x1217bfe6c773eec6cc4a38b5dc45b92292b6e189,oUSDT,6,2026-02-16,-2285618558,540
0xb367b4c74f5316a04cf7b12f2020d00c84779acd,0x1217bfe6c773eec6cc4a38b5dc45b92292b6e189,oUSDT,6,2026-02-17,-2007265067,353
0xb367b4c74f5316a04cf7b12f2020d00c84779acd,0x1217bfe6c773eec6cc4a38b5dc45b92292b6e189,oUSDT,6,2026-02-18,-699554739,339
0xb367b4c74f5316a04cf7b12f2020d00c84779acd,0x1217bfe6c773eec6cc4a38b5dc45b92292b6e189,oUSDT,6,2026-02-19,266460408,242
0xb367b4c74f5316a04cf7b12f2020d00c84779acd,0x1217bfe6c773eec6cc4a38b5dc45b92292b6e189,oUSDT,6,2026-02-20,-363101761,385
0xb367b4c74f5316a04cf7b12f2020d00c84779acd,0x1217bfe6c773eec6cc4a38b5dc45b92292b6e189,oUSDT,6,2026-02-21,-45093597,123
0xb367b4c74f5316a04cf7b12f2020d00c84779acd,0x1217bfe6c773eec6cc4a38b5dc45b92292b6e189,oUSDT,6,2026-02-22,-594392844,145
0xb367b4c74f5316a04cf7b12f2020d00c84779acd,0x1217bfe6c773eec6cc4a38b5dc45b92292b6e189,oUSDT,6,2026-02-23,724532247,424
0xb367b4c74f5316a04cf7b12f2020d00c84779acd,0x1217bfe6c773eec6cc4a38b5dc45b92292b6e189,oUSDT,6,2026-02-24,-2845556930,580
0xb367b4c74f5316a04cf7b12f2020d00c84779acd,0x1217bfe6c773eec6cc4a38b5dc45b92292b6e189,oUSDT,6,2026-02-25,-1554631852,1272
0xb367b4c74f5316a04cf7b12f2020d00c84779acd,0x1217bfe6c773eec6cc4a38b5dc45b92292b6e189,oUSDT,6,2026-02-26,-837149105,955
0xb367b4c74f5316a04cf7b12f2020d00c84779acd,0x1217bfe6c773eec6cc4a38b5dc45b92292b6e189,oUSDT,6,2026-02-27,3406086866,615
0xb367b4c74f5316a04cf7b12f2020d00c84779acd,0x1217bfe6c773eec6cc4a38b5dc45b92292b6e189,oUSDT,6,2026-02-28,-8016849465,1221
0xb367b4c74f5316a04cf7b12f2020d00c84779acd,0x1217bfe6c773eec6cc4a38b5dc45b92292b6e189,oUSDT,6,2026-03-01,2661749404,1406
0xb367b4c74f5316a04cf7b12f2020d00c84779acd,0x1217bfe6c773eec6cc4a38b5dc45b92292b6e189,oUSDT,6,2026-03-02,1248263810,1357
0xb367b4c74f5316a04cf7b12f2020d00c84779acd,0x1217bfe6c773eec6cc4a38b5dc45b92292b6e189,oUSDT,6,2026-03-03,-620185573,2226
0xb367b4c74f5316a04cf7b12f2020d00c84779acd,0x1217bfe6c773eec6cc4a38b5dc45b92292b6e189,oUSDT,6,2026-03-04,2292884082,1888
0xb367b4c74f5316a04cf7b12f2020d00c84779acd,0x1217bfe6c773eec6cc4a38b5dc45b92292b6e189,oUSDT,6,2026-03-05,6794679572,1439
0xb367b4c74f5316a04cf7b12f2020d00c84779acd,0x1217bfe6c773eec6cc4a38b5dc45b92292b6e189,oUSDT,6,2026-03-06,3002488005,709
0xb367b4c74f5316a04cf7b12f2020d00c84779acd,0x1217bfe6c773eec6cc4a38b5dc45b92292b6e189,oUSDT,6,2026-03-07,-1657002979,269
0xb367b4c74f5316a04cf7b12f2020d00c84779acd,0x1217bfe6c773eec6cc4a38b5dc45b92292b6e189,oUSDT,6,2026-03-08,-1001162891,356
0xb367b4c74f5316a04cf7b12f2020d00c84779acd,0x1217bfe6c773eec6cc4a38b5dc45b92292b6e189,oUSDT,6,2026-03-09,-3500719163,689
0xb367b4c74f5316a04cf7b12f2020d00c84779acd,0x1217bfe6c773eec6cc4a38b5dc45b92292b6e189,oUSDT,6,2026-03-10,1606782433,565
0xb367b4c74f5316a04cf7b12f2020d00c84779acd,0x1217bfe6c773eec6cc4a38b5dc45b92292b6e189,oUSDT,6,2026-03-11,-1270527221,719
0xb367b4c74f5316a04cf7b12f2020d00c84779acd,0x1217bfe6c773eec6cc4a38b5dc45b92292b6e189,oUSDT,6,2026-03-12,3502629484,638
0xb367b4c74f5316a04cf7b12f2020d00c84779acd,0x1217bfe6c773eec6cc4a38b5dc45b92292b6e189,oUSDT,6,2026-03-13,-2405385185,588
0xb367b4c74f5316a04cf7b12f2020d00c84779acd,0x1217bfe6c773eec6cc4a38b5dc45b92292b6e189,oUSDT,6,2026-03-14,-921176422,171
0xb367b4c74f5316a04cf7b12f2020d00c84779acd,0x1217bfe6c773eec6cc4a38b5dc45b92292b6e189,oUSDT,6,2026-03-15,-5279030915,505
0xb367b4c74f5316a04cf7b12f2020d00c84779acd,0x1217bfe6c773eec6cc4a38b5dc45b92292b6e189,oUSDT,6,2026-03-16,6486911209,1268
0xb367b4c74f5316a04cf7b12f2020d00c84779acd,0x1217bfe6c773eec6cc4a38b5dc45b92292b6e189,oUSDT,6,2026-03-17,1890681404,635
0xb367b4c74f5316a04cf7b12f2020d00c84779acd,0x1217bfe6c773eec6cc4a38b5dc45b92292b6e189,oUSDT,6,2026-03-18,996716949,832
0xb367b4c74f5316a04cf7b12f2020d00c84779acd,0x1217bfe6c773eec6cc4a38b5dc45b92292b6e189,oUSDT,6,2026-03-19,827690317,886
0xb367b4c74f5316a04cf7b12f2020d00c84779acd,0x1217bfe6c773eec6cc4a38b5dc45b92292b6e189,oUSDT,6,2026-03-20,4346905012,554
0xb367b4c74f5316a04cf7b12f2020d00c84779acd,0x1217bfe6c773eec6cc4a38b5dc45b92292b6e189,oUSDT,6,2026-03-21,727609832,228
0xb367b4c74f5316a04cf7b12f2020d00c84779acd,0x1217bfe6c773eec6cc4a38b5dc45b92292b6e189,oUSDT,6,2026-03-22,-1184759415,585
0xb367b4c74f5316a04cf7b12f2020d00c84779acd,0x1217bfe6c773eec6cc4a38b5dc45b92292b6e189,oUSDT,6,2026-03-23,298576,683
0xb367b4c74f5316a04cf7b12f2020d00c84779acd,0x1217bfe6c773eec6cc4a38b5dc45b92292b6e189,oUSDT,6,2026-03-24,-1152247742,427
0xb367b4c74f5316a04cf7b12f2020d00c84779acd,0x1217bfe6c773eec6cc4a38b5dc45b92292b6e189,oUSDT,6,2026-03-25,380028514,518
0xb367b4c74f5316a04cf7b12f2020d00c84779acd,0x1217bfe6c773eec6cc4a38b5dc45b92292b6e189,oUSDT,6,2026-03-26,502370281,327
0xb367b4c74f5316a04cf7b12f2020d00c84779acd,0x1217bfe6c773eec6cc4a38b5dc45b92292b6e189,oUSDT,6,2026-03-27,-419093857,234
0xb367b4c74f5316a04cf7b12f2020d00c84779acd,0x1217bfe6c773eec6cc4a38b5dc45b92292b6e189,oUSDT,6,2026-03-28,-195694915,163
0xb367b4c74f5316a04cf7b12f2020d00c84779acd,0x1217bfe6c773eec6cc4a38b5dc45b92292b6e189,oUSDT,6,2026-03-29,-1110868568,450
0xb367b4c74f5316a04cf7b12f2020d00c84779acd,0x1217bfe6c773eec6cc4a38b5dc45b92292b6e189,oUSDT,6,2026-03-30,-3405403331,471
0xb367b4c74f5316a04cf7b12f2020d00c84779acd,0x1217bfe6c773eec6cc4a38b5dc45b92292b6e189,oUSDT,6,2026-03-31,499680207,668
0xb367b4c74f5316a04cf7b12f2020d00c84779acd,0x1217bfe6c773eec6cc4a38b5dc45b92292b6e189,oUSDT,6,2026-04-01,218243011,814
0xb367b4c74f5316a04cf7b12f2020d00c84779acd,0x1217bfe6c773eec6cc4a38b5dc45b92292b6e189,oUSDT,6,2026-04-02,-1559171016,445
0xb367b4c74f5316a04cf7b12f2020d00c84779acd,0x1217bfe6c773eec6cc4a38b5dc45b92292b6e189,oUSDT,6,2026-04-03,-1418762552,199
0xb367b4c74f5316a04cf7b12f2020d00c84779acd,0x1217bfe6c773eec6cc4a38b5dc45b92292b6e189,oUSDT,6,2026-04-04,-958205881,83
0xb367b4c74f5316a04cf7b12f2020d00c84779acd,0x1217bfe6c773eec6cc4a38b5dc45b92292b6e189,oUSDT,6,2026-04-05,-5503363885,563
0xb367b4c74f5316a04cf7b12f2020d00c84779acd,0x1217bfe6c773eec6cc4a38b5dc45b92292b6e189,oUSDT,6,2026-04-06,6803347520,545
0xb367b4c74f5316a04cf7b12f2020d00c84779acd,0x1217bfe6c773eec6cc4a38b5dc45b92292b6e189,oUSDT,6,2026-04-07,-2765625204,1142
0xb367b4c74f5316a04cf7b12f2020d00c84779acd,0x1217bfe6c773eec6cc4a38b5dc45b92292b6e189,oUSDT,6,2026-04-08,2073625912,533
0xb367b4c74f5316a04cf7b12f2020d00c84779acd,0x1217bfe6c773eec6cc4a38b5dc45b92292b6e189,oUSDT,6,2026-04-09,-1604354791,763
0xb367b4c74f5316a04cf7b12f2020d00c84779acd,0x1217bfe6c773eec6cc4a38b5dc45b92292b6e189,oUSDT,6,2026-04-10,-1979589264,1296
0xb367b4c74f5316a04cf7b12f2020d00c84779acd,0x1217bfe6c773eec6cc4a38b5dc45b92292b6e189,oUSDT,6,2026-04-11,8314810717,809
0xb367b4c74f5316a04cf7b12f2020d00c84779acd,0x1217bfe6c773eec6cc4a38b5dc45b92292b6e189,oUSDT,6,2026-04-12,-3164549765,826
0xb367b4c74f5316a04cf7b12f2020d00c84779acd,0x1217bfe6c773eec6cc4a38b5dc45b92292b6e189,oUSDT,6,2026-04-13,-7429243405,1846
0xb367b4c74f5316a04cf7b12f2020d00c84779acd,0x1217bfe6c773eec6cc4a38b5dc45b92292b6e189,oUSDT,6,2026-04-14,-1103062793,1241
0xb367b4c74f5316a04cf7b12f2020d00c84779acd,0x1217bfe6c773eec6cc4a38b5dc45b92292b6e189,oUSDT,6,2026-04-15,1671429818,1418
0xb367b4c74f5316a04cf7b12f2020d00c84779acd,0x1217bfe6c773eec6cc4a38b5dc45b92292b6e189,oUSDT,6,2026-04-16,5255099540,926
0xb367b4c74f5316a04cf7b12f2020d00c84779acd,0x1217bfe6c773eec6cc4a38b5dc45b92292b6e189,oUSDT,6,2026-04-17,-2851027238,1420
0xb367b4c74f5316a04cf7b12f2020d00c84779acd,0x1217bfe6c773eec6cc4a38b5dc45b92292b6e189,oUSDT,6,2026-04-18,6642471785,525
0xb367b4c74f5316a04cf7b12f2020d00c84779acd,0x1217bfe6c773eec6cc4a38b5dc45b92292b6e189,oUSDT,6,2026-04-19,-3090018239,1108
0xb367b4c74f5316a04cf7b12f2020d00c84779acd,0x1217bfe6c773eec6cc4a38b5dc45b92292b6e189,oUSDT,6,2026-04-20,-1722818078,1517
0xb367b4c74f5316a04cf7b12f2020d00c84779acd,0x1217bfe6c773eec6cc4a38b5dc45b92292b6e189,oUSDT,6,2026-04-21,-7464799315,1731
0xb367b4c74f5316a04cf7b12f2020d00c84779acd,0x1217bfe6c773eec6cc4a38b5dc45b92292b6e189,oUSDT,6,2026-04-22,21546793885,1628
0xb367b4c74f5316a04cf7b12f2020d00c84779acd,0x1217bfe6c773eec6cc4a38b5dc45b92292b6e189,oUSDT,6,2026-04-23,270236657,1143
0xb367b4c74f5316a04cf7b12f2020d00c84779acd,0x1217bfe6c773eec6cc4a38b5dc45b92292b6e189,oUSDT,6,2026-04-24,-748911144,703
0xb367b4c74f5316a04cf7b12f2020d00c84779acd,0x1217bfe6c773eec6cc4a38b5dc45b92292b6e189,oUSDT,6,2026-04-25,-4800764616,210
0xb367b4c74f5316a04cf7b12f2020d00c84779acd,0x1217bfe6c773eec6cc4a38b5dc45b92292b6e189,oUSDT,6,2026-04-26,31275084,843
0xb367b4c74f5316a04cf7b12f2020d00c84779acd,0x1217bfe6c773eec6cc4a38b5dc45b92292b6e189,oUSDT,6,2026-04-27,7165137908,537
0xb367b4c74f5316a04cf7b12f2020d00c84779acd,0x1217bfe6c773eec6cc4a38b5dc45b92292b6e189,oUSDT,6,2026-04-28,-2070256046,553
0xb367b4c74f5316a04cf7b12f2020d00c84779acd,0x1217bfe6c773eec6cc4a38b5dc45b92292b6e189,oUSDT,6,2026-04-29,-643283767,1350
0xb367b4c74f5316a04cf7b12f2020d00c84779acd,0x1217bfe6c773eec6cc4a38b5dc45b92292b6e189,oUSDT,6,2026-04-30,-8129775172,685
0xb367b4c74f5316a04cf7b12f2020d00c84779acd,0x1217bfe6c773eec6cc4a38b5dc45b92292b6e189,oUSDT,6,2026-05-01,8144633062,503
0xb367b4c74f5316a04cf7b12f2020d00c84779acd,0x1217bfe6c773eec6cc4a38b5dc45b92292b6e189,oUSDT,6,2026-05-02,479602686,202
0xb367b4c74f5316a04cf7b12f2020d00c84779acd,0x1217bfe6c773eec6cc4a38b5dc45b92292b6e189,oUSDT,6,2026-05-03,407784031,924
0xb367b4c74f5316a04cf7b12f2020d00c84779acd,0x1217bfe6c773eec6cc4a38b5dc45b92292b6e189,oUSDT,6,2026-05-04,-5474430925,1004
0xb367b4c74f5316a04cf7b12f2020d00c84779acd,0x1217bfe6c773eec6cc4a38b5dc45b92292b6e189,oUSDT,6,2026-05-05,11867087497,666
0xb367b4c74f5316a04cf7b12f2020d00c84779acd,0x1217bfe6c773eec6cc4a38b5dc45b92292b6e189,oUSDT,6,2026-05-06,11142285153,958
0xb367b4c74f5316a04cf7b12f2020d00c84779acd,0x1217bfe6c773eec6cc4a38b5dc45b92292b6e189,oUSDT,6,2026-05-07,-3992519737,799
0xb367b4c74f5316a04cf7b12f2020d00c84779acd,0x1217bfe6c773eec6cc4a38b5dc45b92292b6e189,oUSDT,6,2026-05-08,-303098110,535
0xb367b4c74f5316a04cf7b12f2020d00c84779acd,0x1217bfe6c773eec6cc4a38b5dc45b92292b6e189,oUSDT,6,2026-05-09,-11123214624,194
0xb367b4c74f5316a04cf7b12f2020d00c84779acd,0x1217bfe6c773eec6cc4a38b5dc45b92292b6e189,oUSDT,6,2026-05-10,-3067764142,541
0xb367b4c74f5316a04cf7b12f2020d00c84779acd,0x1217bfe6c773eec6cc4a38b5dc45b92292b6e189,oUSDT,6,2026-05-11,20673196984,780
0xb367b4c74f5316a04cf7b12f2020d00c84779acd,0x1217bfe6c773eec6cc4a38b5dc45b92292b6e189,oUSDT,6,2026-05-12,-12847074592,613
0xb367b4c74f5316a04cf7b12f2020d00c84779acd,0x1217bfe6c773eec6cc4a38b5dc45b92292b6e189,oUSDT,6,2026-05-13,3711843343,600
0xb367b4c74f5316a04cf7b12f2020d00c84779acd,0x1217bfe6c773eec6cc4a38b5dc45b92292b6e189,oUSDT,6,2026-05-14,4268992233,687
0xb367b4c74f5316a04cf7b12f2020d00c84779acd,0x1217bfe6c773eec6cc4a38b5dc45b92292b6e189,oUSDT,6,2026-05-15,-3292263063,523
0xb367b4c74f5316a04cf7b12f2020d00c84779acd,0x1217bfe6c773eec6cc4a38b5dc45b92292b6e189,oUSDT,6,2026-05-16,-21201607353,254
0xb367b4c74f5316a04cf7b12f2020d00c84779acd,0x1217bfe6c773eec6cc4a38b5dc45b92292b6e189,oUSDT,6,2026-05-17,2846032009,223
0xb367b4c74f5316a04cf7b12f2020d00c84779acd,0x1217bfe6c773eec6cc4a38b5dc45b92292b6e189,oUSDT,6,2026-05-18,748080079,600
0xb367b4c74f5316a04cf7b12f2020d00c84779acd,0x1217bfe6c773eec6cc4a38b5dc45b92292b6e189,oUSDT,6,2026-05-19,-9435854920,563
0xb367b4c74f5316a04cf7b12f2020d00c84779acd,0x1217bfe6c773eec6cc4a38b5dc45b92292b6e189,oUSDT,6,2026-05-20,3398287851,299
0xb367b4c74f5316a04cf7b12f2020d00c84779acd,0x1217bfe6c773eec6cc4a38b5dc45b92292b6e189,oUSDT,6,2026-05-21,-1981897246,401
0xb367b4c74f5316a04cf7b12f2020d00c84779acd,0x1217bfe6c773eec6cc4a38b5dc45b92292b6e189,oUSDT,6,2026-05-22,1106272323,646
0xb367b4c74f5316a04cf7b12f2020d00c84779acd,0x1217bfe6c773eec6cc4a38b5dc45b92292b6e189,oUSDT,6,2026-05-23,1120960625,1092
0xb367b4c74f5316a04cf7b12f2020d00c84779acd,0x1217bfe6c773eec6cc4a38b5dc45b92292b6e189,oUSDT,6,2026-05-24,565889976,692
0xb367b4c74f5316a04cf7b12f2020d00c84779acd,0x1217bfe6c773eec6cc4a38b5dc45b92292b6e189,oUSDT,6,2026-05-25,19258568277,466
0xb367b4c74f5316a04cf7b12f2020d00c84779acd,0x1217bfe6c773eec6cc4a38b5dc45b92292b6e189,oUSDT,6,2026-05-26,-3874552281,1686
0xb367b4c74f5316a04cf7b12f2020d00c84779acd,0x1217bfe6c773eec6cc4a38b5dc45b92292b6e189,oUSDT,6,2026-05-27,5102377007,1146
0xb367b4c74f5316a04cf7b12f2020d00c84779acd,0x1217bfe6c773eec6cc4a38b5dc45b92292b6e189,oUSDT,6,2026-05-28,-13341981013,1046
0xb367b4c74f5316a04cf7b12f2020d00c84779acd,0x1217bfe6c773eec6cc4a38b5dc45b92292b6e189,oUSDT,6,2026-05-29,6287218603,696
0xb367b4c74f5316a04cf7b12f2020d00c84779acd,0x1217bfe6c773eec6cc4a38b5dc45b92292b6e189,oUSDT,6,2026-05-30,13637712834,561
0xb367b4c74f5316a04cf7b12f2020d00c84779acd,0x1217bfe6c773eec6cc4a38b5dc45b92292b6e189,oUSDT,6,2026-05-31,-12661534946,1191
0xb367b4c74f5316a04cf7b12f2020d00c84779acd,0x1217bfe6c773eec6cc4a38b5dc45b92292b6e189,oUSDT,6,2026-06-01,-1816029006,1042
0xb367b4c74f5316a04cf7b12f2020d00c84779acd,0x1217bfe6c773eec6cc4a38b5dc45b92292b6e189,oUSDT,6,2026-06-02,-12535872280,1186
0xb367b4c74f5316a04cf7b12f2020d00c84779acd,0x1217bfe6c773eec6cc4a38b5dc45b92292b6e189,oUSDT,6,2026-06-03,4565764114,1016
0xb367b4c74f5316a04cf7b12f2020d00c84779acd,0x1217bfe6c773eec6cc4a38b5dc45b92292b6e189,oUSDT,6,2026-06-04,9830690898,1556
0xb367b4c74f5316a04cf7b12f2020d00c84779acd,0x1217bfe6c773eec6cc4a38b5dc45b92292b6e189,oUSDT,6,2026-06-05,-22852318424,1911
0xb367b4c74f5316a04cf7b12f2020d00c84779acd,0x1217bfe6c773eec6cc4a38b5dc45b92292b6e189,oUSDT,6,2026-06-06,3138267800,939
0xb367b4c74f5316a04cf7b12f2020d00c84779acd,0x1217bfe6c773eec6cc4a38b5dc45b92292b6e189,oUSDT,6,2026-06-07,8047032980,1083
0xb367b4c74f5316a04cf7b12f2020d00c84779acd,0x1217bfe6c773eec6cc4a38b5dc45b92292b6e189,oUSDT,6,2026-06-08,-5578884250,1272
0xb367b4c74f5316a04cf7b12f2020d00c84779acd,0x1217bfe6c773eec6cc4a38b5dc45b92292b6e189,oUSDT,6,2026-06-09,4390844693,766
0xb367b4c74f5316a04cf7b12f2020d00c84779acd,0x1217bfe6c773eec6cc4a38b5dc45b92292b6e189,oUSDT,6,2026-06-10,5647100730,874
0xb367b4c74f5316a04cf7b12f2020d00c84779acd,0x1217bfe6c773eec6cc4a38b5dc45b92292b6e189,oUSDT,6,2026-06-11,-3636089795,715
0xb367b4c74f5316a04cf7b12f2020d00c84779acd,0x1217bfe6c773eec6cc4a38b5dc45b92292b6e189,oUSDT,6,2026-06-12,-829306268,540
0xb367b4c74f5316a04cf7b12f2020d00c84779acd,0x1217bfe6c773eec6cc4a38b5dc45b92292b6e189,oUSDT,6,2026-06-13,-4683753174,230
0xb367b4c74f5316a04cf7b12f2020d00c84779acd,0x1217bfe6c773eec6cc4a38b5dc45b92292b6e189,oUSDT,6,2026-06-14,-3506944657,634
0xb367b4c74f5316a04cf7b12f2020d00c84779acd,0x1217bfe6c773eec6cc4a38b5dc45b92292b6e189,oUSDT,6,2026-06-15,14237311424,752
0xb367b4c74f5316a04cf7b12f2020d00c84779acd,0x1217bfe6c773eec6cc4a38b5dc45b92292b6e189,oUSDT,6,2026-06-16,-1615440965,840
0xb367b4c74f5316a04cf7b12f2020d00c84779acd,0x1217bfe6c773eec6cc4a38b5dc45b92292b6e189,oUSDT,6,2026-06-17,-3380151421,845
0xb367b4c74f5316a04cf7b12f2020d00c84779acd,0x1217bfe6c773eec6cc4a38b5dc45b92292b6e189,oUSDT,6,2026-06-18,10633036763,677
0xb367b4c74f5316a04cf7b12f2020d00c84779acd,0x1217bfe6c773eec6cc4a38b5dc45b92292b6e189,oUSDT,6,2026-06-19,-6256959683,262
0xb367b4c74f5316a04cf7b12f2020d00c84779acd,0x1217bfe6c773eec6cc4a38b5dc45b92292b6e189,oUSDT,6,2026-06-20,-2307584428,171
0xb367b4c74f5316a04cf7b12f2020d00c84779acd,0x1217bfe6c773eec6cc4a38b5dc45b92292b6e189,oUSDT,6,2026-06-21,-180802185,276
0xb367b4c74f5316a04cf7b12f2020d00c84779acd,0x1217bfe6c773eec6cc4a38b5dc45b92292b6e189,oUSDT,6,2026-06-22,9218032360,295
0xb367b4c74f5316a04cf7b12f2020d00c84779acd,0x1217bfe6c773eec6cc4a38b5dc45b92292b6e189,oUSDT,6,2026-06-23,-8955237603,533
0xb367b4c74f5316a04cf7b12f2020d00c84779acd,0x1217bfe6c773eec6cc4a38b5dc45b92292b6e189,oUSDT,6,2026-06-24,9773528232,833
0xb367b4c74f5316a04cf7b12f2020d00c84779acd,0x1217bfe6c773eec6cc4a38b5dc45b92292b6e189,oUSDT,6,2026-06-25,-10616412879,1102
0xb367b4c74f5316a04cf7b12f2020d00c84779acd,0x1217bfe6c773eec6cc4a38b5dc45b92292b6e189,oUSDT,6,2026-06-26,6724420704,1021
0xb367b4c74f5316a04cf7b12f2020d00c84779acd,0x1217bfe6c773eec6cc4a38b5dc45b92292b6e189,oUSDT,6,2026-06-27,3617388441,514
0xb367b4c74f5316a04cf7b12f2020d00c84779acd,0x1217bfe6c773eec6cc4a38b5dc45b92292b6e189,oUSDT,6,2026-06-28,-2108179788,1018
0xb367b4c74f5316a04cf7b12f2020d00c84779acd,0x1217bfe6c773eec6cc4a38b5dc45b92292b6e189,oUSDT,6,2026-06-29,3768724421,1243
0xb367b4c74f5316a04cf7b12f2020d00c84779acd,0x1217bfe6c773eec6cc4a38b5dc45b92292b6e189,oUSDT,6,2026-06-30,-10406211393,927
0xb367b4c74f5316a04cf7b12f2020d00c84779acd,0x1217bfe6c773eec6cc4a38b5dc45b92292b6e189,oUSDT,6,2026-07-01,2662907991,930
0xb367b4c74f5316a04cf7b12f2020d00c84779acd,0x1217bfe6c773eec6cc4a38b5dc45b92292b6e189,oUSDT,6,2026-07-02,-6371939025,1272
0xb367b4c74f5316a04cf7b12f2020d00c84779acd,0x1217bfe6c773eec6cc4a38b5dc45b92292b6e189,oUSDT,6,2026-07-03,-2096648366,759
0xb367b4c74f5316a04cf7b12f2020d00c84779acd,0x1217bfe6c773eec6cc4a38b5dc45b92292b6e189,oUSDT,6,2026-07-04,3918477946,580
0xb367b4c74f5316a04cf7b12f2020d00c84779acd,0x1217bfe6c773eec6cc4a38b5dc45b92292b6e189,oUSDT,6,2026-07-05,14555410084,587
0xb367b4c74f5316a04cf7b12f2020d00c84779acd,0x1217bfe6c773eec6cc4a38b5dc45b92292b6e189,oUSDT,6,2026-07-06,-7192282817,1044
0xb367b4c74f5316a04cf7b12f2020d00c84779acd,0x1217bfe6c773eec6cc4a38b5dc45b92292b6e189,oUSDT,6,2026-07-07,48896802,982
0xb367b4c74f5316a04cf7b12f2020d00c84779acd,0x1217bfe6c773eec6cc4a38b5dc45b92292b6e189,oUSDT,6,2026-07-08,154278617,839
0xb367b4c74f5316a04cf7b12f2020d00c84779acd,0x1217bfe6c773eec6cc4a38b5dc45b92292b6e189,oUSDT,6,2026-07-09,-9151173298,811
0xb367b4c74f5316a04cf7b12f2020d00c84779acd,0x1217bfe6c773eec6cc4a38b5dc45b92292b6e189,oUSDT,6,2026-07-10,-1777222007,555
0xb367b4c74f5316a04cf7b12f2020d00c84779acd,0x1217bfe6c773eec6cc4a38b5dc45b92292b6e189,oUSDT,6,2026-07-11,13854727936,381
0xb367b4c74f5316a04cf7b12f2020d00c84779acd,0x1217bfe6c773eec6cc4a38b5dc45b92292b6e189,oUSDT,6,2026-07-12,-1003709293,633
0xb367b4c74f5316a04cf7b12f2020d00c84779acd,0x1217bfe6c773eec6cc4a38b5dc45b92292b6e189,oUSDT,6,2026-07-13,3539429224,692
0xb367b4c74f5316a04cf7b12f2020d00c84779acd,0x1217bfe6c773eec6cc4a38b5dc45b92292b6e189,oUSDT,6,2026-07-14,-5659312316,895
0xb367b4c74f5316a04cf7b12f2020d00c84779acd,0x1217bfe6c773eec6cc4a38b5dc45b92292b6e189,oUSDT,6,2026-07-15,-3671684604,676
0xb367b4c74f5316a04cf7b12f2020d00c84779acd,0x1217bfe6c773eec6cc4a38b5dc45b92292b6e189,oUSDT,6,2026-07-16,15683051546,659
0xb367b4c74f5316a04cf7b12f2020d00c84779acd,0x1217bfe6c773eec6cc4a38b5dc45b92292b6e189,oUSDT,6,2026-07-17,-14998156413,635
0xb367b4c74f5316a04cf7b12f2020d00c84779acd,0x1217bfe6c773eec6cc4a38b5dc45b92292b6e189,oUSDT,6,2026-07-18,-16182619117,242
0xb367b4c74f5316a04cf7b12f2020d00c84779acd,0x1217bfe6c773eec6cc4a38b5dc45b92292b6e189,oUSDT,6,2026-07-19,8247495427,241
0xb367b4c74f5316a04cf7b12f2020d00c84779acd,0x1217bfe6c773eec6cc4a38b5dc45b92292b6e189,oUSDT,6,2026-07-20,-142433123,620
0xb367b4c74f5316a04cf7b12f2020d00c84779acd,0x1217bfe6c773eec6cc4a38b5dc45b92292b6e189,oUSDT,6,2026-07-21,1146155160,447
0xb367b4c74f5316a04cf7b12f2020d00c84779acd,0x1217bfe6c773eec6cc4a38b5dc45b92292b6e189,oUSDT,6,2026-07-22,-2276541015,471
0xb367b4c74f5316a04cf7b12f2020d00c84779acd,0x1217bfe6c773eec6cc4a38b5dc45b92292b6e189,oUSDT,6,2026-07-23,456968141,361
0xb367b4c74f5316a04cf7b12f2020d00c84779acd,0x1217bfe6c773eec6cc4a38b5dc45b92292b6e189,oUSDT,6,2026-07-24,6415542127,356
0xb367b4c74f5316a04cf7b12f2020d00c84779acd,0x833589fcd6edb6e08f4c7c32d4f71b54bda02913,USDC,6,2025-12-10,15072991115,94
0xb367b4c74f5316a04cf7b12f2020d00c84779acd,0x833589fcd6edb6e08f4c7c32d4f71b54bda02913,USDC,6,2025-12-11,-2302749602,222
0xb367b4c74f5316a04cf7b12f2020d00c84779acd,0x833589fcd6edb6e08f4c7c32d4f71b54bda02913,USDC,6,2025-12-12,-3485283440,454
0xb367b4c74f5316a04cf7b12f2020d00c84779acd,0x833589fcd6edb6e08f4c7c32d4f71b54bda02913,USDC,6,2025-12-13,171796349,233
0xb367b4c74f5316a04cf7b12f2020d00c84779acd,0x833589fcd6edb6e08f4c7c32d4f71b54bda02913,USDC,6,2025-12-14,-175454998,508
0xb367b4c74f5316a04cf7b12f2020d00c84779acd,0x833589fcd6edb6e08f4c7c32d4f71b54bda02913,USDC,6,2025-12-15,-2711704682,610
0xb367b4c74f5316a04cf7b12f2020d00c84779acd,0x833589fcd6edb6e08f4c7c32d4f71b54bda02913,USDC,6,2025-12-16,-110814431,416
0xb367b4c74f5316a04cf7b12f2020d00c84779acd,0x833589fcd6edb6e08f4c7c32d4f71b54bda02913,USDC,6,2025-12-17,-1455894224,279
0xb367b4c74f5316a04cf7b12f2020d00c84779acd,0x833589fcd6edb6e08f4c7c32d4f71b54bda02913,USDC,6,2025-12-18,-259141701,444
0xb367b4c74f5316a04cf7b12f2020d00c84779acd,0x833589fcd6edb6e08f4c7c32d4f71b54bda02913,USDC,6,2025-12-19,1560998312,344
0xb367b4c74f5316a04cf7b12f2020d00c84779acd,0x833589fcd6edb6e08f4c7c32d4f71b54bda02913,USDC,6,2025-12-20,45469973,125
0xb367b4c74f5316a04cf7b12f2020d00c84779acd,0x833589fcd6edb6e08f4c7c32d4f71b54bda02913,USDC,6,2025-12-21,2507782120,761
0xb367b4c74f5316a04cf7b12f2020d00c84779acd,0x833589fcd6edb6e08f4c7c32d4f71b54bda02913,USDC,6,2025-12-22,-1248639119,457
0xb367b4c74f5316a04cf7b12f2020d00c84779acd,0x833589fcd6edb6e08f4c7c32d4f71b54bda02913,USDC,6,2025-12-23,-773864374,194
0xb367b4c74f5316a04cf7b12f2020d00c84779acd,0x833589fcd6edb6e08f4c7c32d4f71b54bda02913,USDC,6,2025-12-24,3832063543,316
0xb367b4c74f5316a04cf7b12f2020d00c84779acd,0x833589fcd6edb6e08f4c7c32d4f71b54bda02913,USDC,6,2025-12-25,-6732206509,372
0xb367b4c74f5316a04cf7b12f2020d00c84779acd,0x833589fcd6edb6e08f4c7c32d4f71b54bda02913,USDC,6,2025-12-26,3405029605,583
0xb367b4c74f5316a04cf7b12f2020d00c84779acd,0x833589fcd6edb6e08f4c7c32d4f71b54bda02913,USDC,6,2025-12-27,1260870385,163
0xb367b4c74f5316a04cf7b12f2020d00c84779acd,0x833589fcd6edb6e08f4c7c32d4f71b54bda02913,USDC,6,2025-12-28,-1078021305,321
0xb367b4c74f5316a04cf7b12f2020d00c84779acd,0x833589fcd6edb6e08f4c7c32d4f71b54bda02913,USDC,6,2025-12-29,-4255297731,547
0xb367b4c74f5316a04cf7b12f2020d00c84779acd,0x833589fcd6edb6e08f4c7c32d4f71b54bda02913,USDC,6,2025-12-30,5253023630,519
0xb367b4c74f5316a04cf7b12f2020d00c84779acd,0x833589fcd6edb6e08f4c7c32d4f71b54bda02913,USDC,6,2025-12-31,-5096223282,497
0xb367b4c74f5316a04cf7b12f2020d00c84779acd,0x833589fcd6edb6e08f4c7c32d4f71b54bda02913,USDC,6,2026-01-01,7325193871,240
0xb367b4c74f5316a04cf7b12f2020d00c84779acd,0x833589fcd6edb6e08f4c7c32d4f71b54bda02913,USDC,6,2026-01-02,12286464534,280
0xb367b4c74f5316a04cf7b12f2020d00c84779acd,0x833589fcd6edb6e08f4c7c32d4f71b54bda02913,USDC,6,2026-01-03,8877709084,165
0xb367b4c74f5316a04cf7b12f2020d00c84779acd,0x833589fcd6edb6e08f4c7c32d4f71b54bda02913,USDC,6,2026-01-04,-920594611,182
0xb367b4c74f5316a04cf7b12f2020d00c84779acd,0x833589fcd6edb6e08f4c7c32d4f71b54bda02913,USDC,6,2026-01-05,6978498084,323
0xb367b4c74f5316a04cf7b12f2020d00c84779acd,0x833589fcd6edb6e08f4c7c32d4f71b54bda02913,USDC,6,2026-01-06,-23654260296,297
0xb367b4c74f5316a04cf7b12f2020d00c84779acd,0x833589fcd6edb6e08f4c7c32d4f71b54bda02913,USDC,6,2026-01-07,-8729989860,309
0xb367b4c74f5316a04cf7b12f2020d00c84779acd,0x833589fcd6edb6e08f4c7c32d4f71b54bda02913,USDC,6,2026-01-08,12004601706,250
0xb367b4c74f5316a04cf7b12f2020d00c84779acd,0x833589fcd6edb6e08f4c7c32d4f71b54bda02913,USDC,6,2026-01-09,-6817706371,200
0xb367b4c74f5316a04cf7b12f2020d00c84779acd,0x833589fcd6edb6e08f4c7c32d4f71b54bda02913,USDC,6,2026-01-10,3184255819,118
0xb367b4c74f5316a04cf7b12f2020d00c84779acd,0x833589fcd6edb6e08f4c7c32d4f71b54bda02913,USDC,6,2026-01-11,1569947880,410
0xb367b4c74f5316a04cf7b12f2020d00c84779acd,0x833589fcd6edb6e08f4c7c32d4f71b54bda02913,USDC,6,2026-01-12,10781409526,590
0xb367b4c74f5316a04cf7b12f2020d00c84779acd,0x833589fcd6edb6e08f4c7c32d4f71b54bda02913,USDC,6,2026-01-13,-4798967355,503
0xb367b4c74f5316a04cf7b12f2020d00c84779acd,0x833589fcd6edb6e08f4c7c32d4f71b54bda02913,USDC,6,2026-01-14,8186547285,1127
0xb367b4c74f5316a04cf7b12f2020d00c84779acd,0x833589fcd6edb6e08f4c7c32d4f71b54bda02913,USDC,6,2026-01-15,2426328465,1157
0xb367b4c74f5316a04cf7b12f2020d00c84779acd,0x833589fcd6edb6e08f4c7c32d4f71b54bda02913,USDC,6,2026-01-16,-5693401906,577
0xb367b4c74f5316a04cf7b12f2020d00c84779acd,0x833589fcd6edb6e08f4c7c32d4f71b54bda02913,USDC,6,2026-01-17,-1575877517,194
0xb367b4c74f5316a04cf7b12f2020d00c84779acd,0x833589fcd6edb6e08f4c7c32d4f71b54bda02913,USDC,6,2026-01-18,-14412942059,424
0xb367b4c74f5316a04cf7b12f2020d00c84779acd,0x833589fcd6edb6e08f4c7c32d4f71b54bda02913,USDC,6,2026-01-19,2778312049,714
0xb367b4c74f5316a04cf7b12f2020d00c84779acd,0x833589fcd6edb6e08f4c7c32d4f71b54bda02913,USDC,6,2026-01-20,9924215411,841
0xb367b4c74f5316a04cf7b12f2020d00c84779acd,0x833589fcd6edb6e08f4c7c32d4f71b54bda02913,USDC,6,2026-01-21,-7853857566,1165
0xb367b4c74f5316a04cf7b12f2020d00c84779acd,0x833589fcd6edb6e08f4c7c32d4f71b54bda02913,USDC,6,2026-01-22,3314532402,814
0xb367b4c74f5316a04cf7b12f2020d00c84779acd,0x833589fcd6edb6e08f4c7c32d4f71b54bda02913,USDC,6,2026-01-23,-10083961188,391
0xb367b4c74f5316a04cf7b12f2020d00c84779acd,0x833589fcd6edb6e08f4c7c32d4f71b54bda02913,USDC,6,2026-01-24,-1838507883,250
0xb367b4c74f5316a04cf7b12f2020d00c84779acd,0x833589fcd6edb6e08f4c7c32d4f71b54bda02913,USDC,6,2026-01-25,6720031867,945
0xb367b4c74f5316a04cf7b12f2020d00c84779acd,0x833589fcd6edb6e08f4c7c32d4f71b54bda02913,USDC,6,2026-01-26,1014121743,461
0xb367b4c74f5316a04cf7b12f2020d00c84779acd,0x833589fcd6edb6e08f4c7c32d4f71b54bda02913,USDC,6,2026-01-27,-5671620743,685
0xb367b4c74f5316a04cf7b12f2020d00c84779acd,0x833589fcd6edb6e08f4c7c32d4f71b54bda02913,USDC,6,2026-01-28,-8526444059,805
0xb367b4c74f5316a04cf7b12f2020d00c84779acd,0x833589fcd6edb6e08f4c7c32d4f71b54bda02913,USDC,6,2026-01-29,996666388,359
0xb367b4c74f5316a04cf7b12f2020d00c84779acd,0x833589fcd6edb6e08f4c7c32d4f71b54bda02913,USDC,6,2026-01-30,3334833664,420
0xb367b4c74f5316a04cf7b12f2020d00c84779acd,0x833589fcd6edb6e08f4c7c32d4f71b54bda02913,USDC,6,2026-01-31,2340010432,226
0xb367b4c74f5316a04cf7b12f2020d00c84779acd,0x833589fcd6edb6e08f4c7c32d4f71b54bda02913,USDC,6,2026-02-01,5429257440,485
0xb367b4c74f5316a04cf7b12f2020d00c84779acd,0x833589fcd6edb6e08f4c7c32d4f71b54bda02913,USDC,6,2026-02-02,-3182569704,716
0xb367b4c74f5316a04cf7b12f2020d00c84779acd,0x833589fcd6edb6e08f4c7c32d4f71b54bda02913,USDC,6,2026-02-03,-2172786249,623
0xb367b4c74f5316a04cf7b12f2020d00c84779acd,0x833589fcd6edb6e08f4c7c32d4f71b54bda02913,USDC,6,2026-02-04,-6260851796,633
0xb367b4c74f5316a04cf7b12f2020d00c84779acd,0x833589fcd6edb6e08f4c7c32d4f71b54bda02913,USDC,6,2026-02-05,10591157181,264
0xb367b4c74f5316a04cf7b12f2020d00c84779acd,0x833589fcd6edb6e08f4c7c32d4f71b54bda02913,USDC,6,2026-02-06,4955587780,522
0xb367b4c74f5316a04cf7b12f2020d00c84779acd,0x833589fcd6edb6e08f4c7c32d4f71b54bda02913,USDC,6,2026-02-07,-1919694712,251
0xb367b4c74f5316a04cf7b12f2020d00c84779acd,0x833589fcd6edb6e08f4c7c32d4f71b54bda02913,USDC,6,2026-02-08,2081453390,228
0xb367b4c74f5316a04cf7b12f2020d00c84779acd,0x833589fcd6edb6e08f4c7c32d4f71b54bda02913,USDC,6,2026-02-09,-3394987258,293
0xb367b4c74f5316a04cf7b12f2020d00c84779acd,0x833589fcd6edb6e08f4c7c32d4f71b54bda02913,USDC,6,2026-02-10,-5047211333,293
0xb367b4c74f5316a04cf7b12f2020d00c84779acd,0x833589fcd6edb6e08f4c7c32d4f71b54bda02913,USDC,6,2026-02-11,-293131245,1145
0xb367b4c74f5316a04cf7b12f2020d00c84779acd,0x833589fcd6edb6e08f4c7c32d4f71b54bda02913,USDC,6,2026-02-12,3732940542,1052
0xb367b4c74f5316a04cf7b12f2020d00c84779acd,0x833589fcd6edb6e08f4c7c32d4f71b54bda02913,USDC,6,2026-02-13,1005152910,582
0xb367b4c74f5316a04cf7b12f2020d00c84779acd,0x833589fcd6edb6e08f4c7c32d4f71b54bda02913,USDC,6,2026-02-14,453340848,363
0xb367b4c74f5316a04cf7b12f2020d00c84779acd,0x833589fcd6edb6e08f4c7c32d4f71b54bda02913,USDC,6,2026-02-15,-3613835860,694
0xb367b4c74f5316a04cf7b12f2020d00c84779acd,0x833589fcd6edb6e08f4c7c32d4f71b54bda02913,USDC,6,2026-02-16,2942189489,540
0xb367b4c74f5316a04cf7b12f2020d00c84779acd,0x833589fcd6edb6e08f4c7c32d4f71b54bda02913,USDC,6,2026-02-17,1579264621,353
0xb367b4c74f5316a04cf7b12f2020d00c84779acd,0x833589fcd6edb6e08f4c7c32d4f71b54bda02913,USDC,6,2026-02-18,696350606,339
0xb367b4c74f5316a04cf7b12f2020d00c84779acd,0x833589fcd6edb6e08f4c7c32d4f71b54bda02913,USDC,6,2026-02-19,1842733633,242
0xb367b4c74f5316a04cf7b12f2020d00c84779acd,0x833589fcd6edb6e08f4c7c32d4f71b54bda02913,USDC,6,2026-02-20,-2115500430,385
0xb367b4c74f5316a04cf7b12f2020d00c84779acd,0x833589fcd6edb6e08f4c7c32d4f71b54bda02913,USDC,6,2026-02-21,-1306342537,123
0xb367b4c74f5316a04cf7b12f2020d00c84779acd,0x833589fcd6edb6e08f4c7c32d4f71b54bda02913,USDC,6,2026-02-22,730813034,145
0xb367b4c74f5316a04cf7b12f2020d00c84779acd,0x833589fcd6edb6e08f4c7c32d4f71b54bda02913,USDC,6,2026-02-23,-640438941,424
0xb367b4c74f5316a04cf7b12f2020d00c84779acd,0x833589fcd6edb6e08f4c7c32d4f71b54bda02913,USDC,6,2026-02-24,3205553809,580
0xb367b4c74f5316a04cf7b12f2020d00c84779acd,0x833589fcd6edb6e08f4c7c32d4f71b54bda02913,USDC,6,2026-02-25,-3154226897,1273
0xb367b4c74f5316a04cf7b12f2020d00c84779acd,0x833589fcd6edb6e08f4c7c32d4f71b54bda02913,USDC,6,2026-02-26,3811864100,955
0xb367b4c74f5316a04cf7b12f2020d00c84779acd,0x833589fcd6edb6e08f4c7c32d4f71b54bda02913,USDC,6,2026-02-27,-5080799369,615
0xb367b4c74f5316a04cf7b12f2020d00c84779acd,0x833589fcd6edb6e08f4c7c32d4f71b54bda02913,USDC,6,2026-02-28,7579372257,1221
0xb367b4c74f5316a04cf7b12f2020d00c84779acd,0x833589fcd6edb6e08f4c7c32d4f71b54bda02913,USDC,6,2026-03-01,-3277339172,1407
0xb367b4c74f5316a04cf7b12f2020d00c84779acd,0x833589fcd6edb6e08f4c7c32d4f71b54bda02913,USDC,6,2026-03-02,-859075524,1358
0xb367b4c74f5316a04cf7b12f2020d00c84779acd,0x833589fcd6edb6e08f4c7c32d4f71b54bda02913,USDC,6,2026-03-03,3518060687,2226
0xb367b4c74f5316a04cf7b12f2020d00c84779acd,0x833589fcd6edb6e08f4c7c32d4f71b54bda02913,USDC,6,2026-03-04,-3088189459,1888
0xb367b4c74f5316a04cf7b12f2020d00c84779acd,0x833589fcd6edb6e08f4c7c32d4f71b54bda02913,USDC,6,2026-03-05,-3838222248,1438
0xb367b4c74f5316a04cf7b12f2020d00c84779acd,0x833589fcd6edb6e08f4c7c32d4f71b54bda02913,USDC,6,2026-03-06,483034993,709
0xb367b4c74f5316a04cf7b12f2020d00c84779acd,0x833589fcd6edb6e08f4c7c32d4f71b54bda02913,USDC,6,2026-03-07,-3337914992,269
0xb367b4c74f5316a04cf7b12f2020d00c84779acd,0x833589fcd6edb6e08f4c7c32d4f71b54bda02913,USDC,6,2026-03-08,1004138290,355
0xb367b4c74f5316a04cf7b12f2020d00c84779acd,0x833589fcd6edb6e08f4c7c32d4f71b54bda02913,USDC,6,2026-03-09,1809488797,689
0xb367b4c74f5316a04cf7b12f2020d00c84779acd,0x833589fcd6edb6e08f4c7c32d4f71b54bda02913,USDC,6,2026-03-10,-1381435168,566
0xb367b4c74f5316a04cf7b12f2020d00c84779acd,0x833589fcd6edb6e08f4c7c32d4f71b54bda02913,USDC,6,2026-03-11,2871225597,720
0xb367b4c74f5316a04cf7b12f2020d00c84779acd,0x833589fcd6edb6e08f4c7c32d4f71b54bda02913,USDC,6,2026-03-12,-4998837524,639
0xb367b4c74f5316a04cf7b12f2020d00c84779acd,0x833589fcd6edb6e08f4c7c32d4f71b54bda02913,USDC,6,2026-03-13,4830187478,588
0xb367b4c74f5316a04cf7b12f2020d00c84779acd,0x833589fcd6edb6e08f4c7c32d4f71b54bda02913,USDC,6,2026-03-14,922816952,171
0xb367b4c74f5316a04cf7b12f2020d00c84779acd,0x833589fcd6edb6e08f4c7c32d4f71b54bda02913,USDC,6,2026-03-15,5287662269,506
0xb367b4c74f5316a04cf7b12f2020d00c84779acd,0x833589fcd6edb6e08f4c7c32d4f71b54bda02913,USDC,6,2026-03-16,-6506662370,1267
0xb367b4c74f5316a04cf7b12f2020d00c84779acd,0x833589fcd6edb6e08f4c7c32d4f71b54bda02913,USDC,6,2026-03-17,456644614,636
0xb367b4c74f5316a04cf7b12f2020d00c84779acd,0x833589fcd6edb6e08f4c7c32d4f71b54bda02913,USDC,6,2026-03-18,1050197944,831
0xb367b4c74f5316a04cf7b12f2020d00c84779acd,0x833589fcd6edb6e08f4c7c32d4f71b54bda02913,USDC,6,2026-03-19,3812265905,887
0xb367b4c74f5316a04cf7b12f2020d00c84779acd,0x833589fcd6edb6e08f4c7c32d4f71b54bda02913,USDC,6,2026-03-20,-8175251297,554
0xb367b4c74f5316a04cf7b12f2020d00c84779acd,0x833589fcd6edb6e08f4c7c32d4f71b54bda02913,USDC,6,2026-03-21,-1811323650,228
0xb367b4c74f5316a04cf7b12f2020d00c84779acd,0x833589fcd6edb6e08f4c7c32d4f71b54bda02913,USDC,6,2026-03-22,3168735620,584
0xb367b4c74f5316a04cf7b12f2020d00c84779acd,0x833589fcd6edb6e08f4c7c32d4f71b54bda02913,USDC,6,2026-03-23,7687746,683
0xb367b4c74f5316a04cf7b12f2020d00c84779acd,0x833589fcd6edb6e08f4c7c32d4f71b54bda02913,USDC,6,2026-03-24,1154673259,427
0xb367b4c74f5316a04cf7b12f2020d00c84779acd,0x833589fcd6edb6e08f4c7c32d4f71b54bda02913,USDC,6,2026-03-25,-1256437134,518
0xb367b4c74f5316a04cf7b12f2020d00c84779acd,0x833589fcd6edb6e08f4c7c32d4f71b54bda02913,USDC,6,2026-03-26,-497703505,327
0xb367b4c74f5316a04cf7b12f2020d00c84779acd,0x833589fcd6edb6e08f4c7c32d4f71b54bda02913,USDC,6,2026-03-27,-1759194646,234
0xb367b4c74f5316a04cf7b12f2020d00c84779acd,0x833589fcd6edb6e08f4c7c32d4f71b54bda02913,USDC,6,2026-03-28,197454755,163
0xb367b4c74f5316a04cf7b12f2020d00c84779acd,0x833589fcd6edb6e08f4c7c32d4f71b54bda02913,USDC,6,2026-03-29,-1479394846,450
0xb367b4c74f5316a04cf7b12f2020d00c84779acd,0x833589fcd6edb6e08f4c7c32d4f71b54bda02913,USDC,6,2026-03-30,-951470846,471
0xb367b4c74f5316a04cf7b12f2020d00c84779acd,0x833589fcd6edb6e08f4c7c32d4f71b54bda02913,USDC,6,2026-03-31,-324125443,668
0xb367b4c74f5316a04cf7b12f2020d00c84779acd,0x833589fcd6edb6e08f4c7c32d4f71b54bda02913,USDC,6,2026-04-01,-214371200,814
0xb367b4c74f5316a04cf7b12f2020d00c84779acd,0x833589fcd6edb6e08f4c7c32d4f71b54bda02913,USDC,6,2026-04-02,4374479811,445
0xb367b4c74f5316a04cf7b12f2020d00c84779acd,0x833589fcd6edb6e08f4c7c32d4f71b54bda02913,USDC,6,2026-04-03,1406600653,199
0xb367b4c74f5316a04cf7b12f2020d00c84779acd,0x833589fcd6edb6e08f4c7c32d4f71b54bda02913,USDC,6,2026-04-04,959344613,83
0xb367b4c74f5316a04cf7b12f2020d00c84779acd,0x833589fcd6edb6e08f4c7c32d4f71b54bda02913,USDC,6,2026-04-05,3181400323,564
0xb367b4c74f5316a04cf7b12f2020d00c84779acd,0x833589fcd6edb6e08f4c7c32d4f71b54bda02913,USDC,6,2026-04-06,-3946353518,546
0xb367b4c74f5316a04cf7b12f2020d00c84779acd,0x833589fcd6edb6e08f4c7c32d4f71b54bda02913,USDC,6,2026-04-07,2754725705,1142
0xb367b4c74f5316a04cf7b12f2020d00c84779acd,0x833589fcd6edb6e08f4c7c32d4f71b54bda02913,USDC,6,2026-04-08,-2010151257,533
0xb367b4c74f5316a04cf7b12f2020d00c84779acd,0x833589fcd6edb6e08f4c7c32d4f71b54bda02913,USDC,6,2026-04-09,10231683407,763
0xb367b4c74f5316a04cf7b12f2020d00c84779acd,0x833589fcd6edb6e08f4c7c32d4f71b54bda02913,USDC,6,2026-04-10,-4022307658,1298
0xb367b4c74f5316a04cf7b12f2020d00c84779acd,0x833589fcd6edb6e08f4c7c32d4f71b54bda02913,USDC,6,2026-04-11,-3230825990,809
0xb367b4c74f5316a04cf7b12f2020d00c84779acd,0x833589fcd6edb6e08f4c7c32d4f71b54bda02913,USDC,6,2026-04-12,3268255584,826
0xb367b4c74f5316a04cf7b12f2020d00c84779acd,0x833589fcd6edb6e08f4c7c32d4f71b54bda02913,USDC,6,2026-04-13,8365056508,1847
0xb367b4c74f5316a04cf7b12f2020d00c84779acd,0x833589fcd6edb6e08f4c7c32d4f71b54bda02913,USDC,6,2026-04-14,2955686254,1241
0xb367b4c74f5316a04cf7b12f2020d00c84779acd,0x833589fcd6edb6e08f4c7c32d4f71b54bda02913,USDC,6,2026-04-15,751715069,1420
0xb367b4c74f5316a04cf7b12f2020d00c84779acd,0x833589fcd6edb6e08f4c7c32d4f71b54bda02913,USDC,6,2026-04-16,-6437909586,925
0xb367b4c74f5316a04cf7b12f2020d00c84779acd,0x833589fcd6edb6e08f4c7c32d4f71b54bda02913,USDC,6,2026-04-17,2574295116,1421
0xb367b4c74f5316a04cf7b12f2020d00c84779acd,0x833589fcd6edb6e08f4c7c32d4f71b54bda02913,USDC,6,2026-04-18,-4106170991,525
0xb367b4c74f5316a04cf7b12f2020d00c84779acd,0x833589fcd6edb6e08f4c7c32d4f71b54bda02913,USDC,6,2026-04-19,4155276388,1107
0xb367b4c74f5316a04cf7b12f2020d00c84779acd,0x833589fcd6edb6e08f4c7c32d4f71b54bda02913,USDC,6,2026-04-20,1749979250,1517
0xb367b4c74f5316a04cf7b12f2020d00c84779acd,0x833589fcd6edb6e08f4c7c32d4f71b54bda02913,USDC,6,2026-04-21,4632916124,1731
0xb367b4c74f5316a04cf7b12f2020d00c84779acd,0x833589fcd6edb6e08f4c7c32d4f71b54bda02913,USDC,6,2026-04-22,-5749991093,1634
0xb367b4c74f5316a04cf7b12f2020d00c84779acd,0x833589fcd6edb6e08f4c7c32d4f71b54bda02913,USDC,6,2026-04-23,-258887523,1143
0xb367b4c74f5316a04cf7b12f2020d00c84779acd,0x833589fcd6edb6e08f4c7c32d4f71b54bda02913,USDC,6,2026-04-24,-3837769006,703
0xb367b4c74f5316a04cf7b12f2020d00c84779acd,0x833589fcd6edb6e08f4c7c32d4f71b54bda02913,USDC,6,2026-04-25,5504357284,210
0xb367b4c74f5316a04cf7b12f2020d00c84779acd,0x833589fcd6edb6e08f4c7c32d4f71b54bda02913,USDC,6,2026-04-26,-3499717399,844
0xb367b4c74f5316a04cf7b12f2020d00c84779acd,0x833589fcd6edb6e08f4c7c32d4f71b54bda02913,USDC,6,2026-04-27,-7168945307,537
0xb367b4c74f5316a04cf7b12f2020d00c84779acd,0x833589fcd6edb6e08f4c7c32d4f71b54bda02913,USDC,6,2026-04-28,2081186175,553
0xb367b4c74f5316a04cf7b12f2020d00c84779acd,0x833589fcd6edb6e08f4c7c32d4f71b54bda02913,USDC,6,2026-04-29,-6366456834,1349
0xb367b4c74f5316a04cf7b12f2020d00c84779acd,0x833589fcd6edb6e08f4c7c32d4f71b54bda02913,USDC,6,2026-04-30,5237584344,685
0xb367b4c74f5316a04cf7b12f2020d00c84779acd,0x833589fcd6edb6e08f4c7c32d4f71b54bda02913,USDC,6,2026-05-01,6504701742,503
0xb367b4c74f5316a04cf7b12f2020d00c84779acd,0x833589fcd6edb6e08f4c7c32d4f71b54bda02913,USDC,6,2026-05-02,-535152469,202
0xb367b4c74f5316a04cf7b12f2020d00c84779acd,0x833589fcd6edb6e08f4c7c32d4f71b54bda02913,USDC,6,2026-05-03,-387246199,924
0xb367b4c74f5316a04cf7b12f2020d00c84779acd,0x833589fcd6edb6e08f4c7c32d4f71b54bda02913,USDC,6,2026-05-04,8793012608,1002
0xb367b4c74f5316a04cf7b12f2020d00c84779acd,0x833589fcd6edb6e08f4c7c32d4f71b54bda02913,USDC,6,2026-05-05,-10192740642,667
0xb367b4c74f5316a04cf7b12f2020d00c84779acd,0x833589fcd6edb6e08f4c7c32d4f71b54bda02913,USDC,6,2026-05-06,-4293137131,958
0xb367b4c74f5316a04cf7b12f2020d00c84779acd,0x833589fcd6edb6e08f4c7c32d4f71b54bda02913,USDC,6,2026-05-07,4875652548,799
0xb367b4c74f5316a04cf7b12f2020d00c84779acd,0x833589fcd6edb6e08f4c7c32d4f71b54bda02913,USDC,6,2026-05-08,1479834173,535
0xb367b4c74f5316a04cf7b12f2020d00c84779acd,0x833589fcd6edb6e08f4c7c32d4f71b54bda02913,USDC,6,2026-05-09,11115337186,194
0xb367b4c74f5316a04cf7b12f2020d00c84779acd,0x833589fcd6edb6e08f4c7c32d4f71b54bda02913,USDC,6,2026-05-10,873914430,542
0xb367b4c74f5316a04cf7b12f2020d00c84779acd,0x833589fcd6edb6e08f4c7c32d4f71b54bda02913,USDC,6,2026-05-11,-20712015967,781
0xb367b4c74f5316a04cf7b12f2020d00c84779acd,0x833589fcd6edb6e08f4c7c32d4f71b54bda02913,USDC,6,2026-05-12,12699996024,612
0xb367b4c74f5316a04cf7b12f2020d00c84779acd,0x833589fcd6edb6e08f4c7c32d4f71b54bda02913,USDC,6,2026-05-13,-4657189534,601
0xb367b4c74f5316a04cf7b12f2020d00c84779acd,0x833589fcd6edb6e08f4c7c32d4f71b54bda02913,USDC,6,2026-05-14,-4452611488,687
0xb367b4c74f5316a04cf7b12f2020d00c84779acd,0x833589fcd6edb6e08f4c7c32d4f71b54bda02913,USDC,6,2026-05-15,2996313050,523
0xb367b4c74f5316a04cf7b12f2020d00c84779acd,0x833589fcd6edb6e08f4c7c32d4f71b54bda02913,USDC,6,2026-05-16,-10752165993,254
0xb367b4c74f5316a04cf7b12f2020d00c84779acd,0x833589fcd6edb6e08f4c7c32d4f71b54bda02913,USDC,6,2026-05-17,-4975046054,222
0xb367b4c74f5316a04cf7b12f2020d00c84779acd,0x833589fcd6edb6e08f4c7c32d4f71b54bda02913,USDC,6,2026-05-18,-737727966,600
0xb367b4c74f5316a04cf7b12f2020d00c84779acd,0x833589fcd6edb6e08f4c7c32d4f71b54bda02913,USDC,6,2026-05-19,-5996389918,563
0xb367b4c74f5316a04cf7b12f2020d00c84779acd,0x833589fcd6edb6e08f4c7c32d4f71b54bda02913,USDC,6,2026-05-20,6638108829,299
0xb367b4c74f5316a04cf7b12f2020d00c84779acd,0x833589fcd6edb6e08f4c7c32d4f71b54bda02913,USDC,6,2026-05-21,-6200902668,400
0xb367b4c74f5316a04cf7b12f2020d00c84779acd,0x833589fcd6edb6e08f4c7c32d4f71b54bda02913,USDC,6,2026-05-22,2747928123,646
0xb367b4c74f5316a04cf7b12f2020d00c84779acd,0x833589fcd6edb6e08f4c7c32d4f71b54bda02913,USDC,6,2026-05-23,-2134118125,1091
0xb367b4c74f5316a04cf7b12f2020d00c84779acd,0x833589fcd6edb6e08f4c7c32d4f71b54bda02913,USDC,6,2026-05-24,17545621072,692
0xb367b4c74f5316a04cf7b12f2020d00c84779acd,0x833589fcd6edb6e08f4c7c32d4f71b54bda02913,USDC,6,2026-05-25,-5739256144,466
0xb367b4c74f5316a04cf7b12f2020d00c84779acd,0x833589fcd6edb6e08f4c7c32d4f71b54bda02913,USDC,6,2026-05-26,11702513043,1684
0xb367b4c74f5316a04cf7b12f2020d00c84779acd,0x833589fcd6edb6e08f4c7c32d4f71b54bda02913,USDC,6,2026-05-27,-2799008878,1146
0xb367b4c74f5316a04cf7b12f2020d00c84779acd,0x833589fcd6edb6e08f4c7c32d4f71b54bda02913,USDC,6,2026-05-28,13342045123,1046
0xb367b4c74f5316a04cf7b12f2020d00c84779acd,0x833589fcd6edb6e08f4c7c32d4f71b54bda02913,USDC,6,2026-05-29,-13831272909,696
0xb367b4c74f5316a04cf7b12f2020d00c84779acd,0x833589fcd6edb6e08f4c7c32d4f71b54bda02913,USDC,6,2026-05-30,-6483676823,561
0xb367b4c74f5316a04cf7b12f2020d00c84779acd,0x833589fcd6edb6e08f4c7c32d4f71b54bda02913,USDC,6,2026-05-31,-785213709,1190
0xb367b4c74f5316a04cf7b12f2020d00c84779acd,0x833589fcd6edb6e08f4c7c32d4f71b54bda02913,USDC,6,2026-06-01,3147254073,1042
0xb367b4c74f5316a04cf7b12f2020d00c84779acd,0x833589fcd6edb6e08f4c7c32d4f71b54bda02913,USDC,6,2026-06-02,11497691549,1186
0xb367b4c74f5316a04cf7b12f2020d00c84779acd,0x833589fcd6edb6e08f4c7c32d4f71b54bda02913,USDC,6,2026-06-03,3697161851,1016
0xb367b4c74f5316a04cf7b12f2020d00c84779acd,0x833589fcd6edb6e08f4c7c32d4f71b54bda02913,USDC,6,2026-06-04,-17416073820,1556
0xb367b4c74f5316a04cf7b12f2020d00c84779acd,0x833589fcd6edb6e08f4c7c32d4f71b54bda02913,USDC,6,2026-06-05,8198480057,1911
0xb367b4c74f5316a04cf7b12f2020d00c84779acd,0x833589fcd6edb6e08f4c7c32d4f71b54bda02913,USDC,6,2026-06-06,5751268447,939
0xb367b4c74f5316a04cf7b12f2020d00c84779acd,0x833589fcd6edb6e08f4c7c32d4f71b54bda02913,USDC,6,2026-06-07,-15125587709,1083
0xb367b4c74f5316a04cf7b12f2020d00c84779acd,0x833589fcd6edb6e08f4c7c32d4f71b54bda02913,USDC,6,2026-06-08,5593435246,1272
0xb367b4c74f5316a04cf7b12f2020d00c84779acd,0x833589fcd6edb6e08f4c7c32d4f71b54bda02913,USDC,6,2026-06-09,-143775724,766
0xb367b4c74f5316a04cf7b12f2020d00c84779acd,0x833589fcd6edb6e08f4c7c32d4f71b54bda02913,USDC,6,2026-06-10,-7808783768,874
0xb367b4c74f5316a04cf7b12f2020d00c84779acd,0x833589fcd6edb6e08f4c7c32d4f71b54bda02913,USDC,6,2026-06-11,3642928016,715
0xb367b4c74f5316a04cf7b12f2020d00c84779acd,0x833589fcd6edb6e08f4c7c32d4f71b54bda02913,USDC,6,2026-06-12,867162704,540
0xb367b4c74f5316a04cf7b12f2020d00c84779acd,0x833589fcd6edb6e08f4c7c32d4f71b54bda02913,USDC,6,2026-06-13,5139290287,232
0xb367b4c74f5316a04cf7b12f2020d00c84779acd,0x833589fcd6edb6e08f4c7c32d4f71b54bda02913,USDC,6,2026-06-14,1930406753,634
0xb367b4c74f5316a04cf7b12f2020d00c84779acd,0x833589fcd6edb6e08f4c7c32d4f71b54bda02913,USDC,6,2026-06-15,-14224336114,752
0xb367b4c74f5316a04cf7b12f2020d00c84779acd,0x833589fcd6edb6e08f4c7c32d4f71b54bda02913,USDC,6,2026-06-16,1719959108,840
0xb367b4c74f5316a04cf7b12f2020d00c84779acd,0x833589fcd6edb6e08f4c7c32d4f71b54bda02913,USDC,6,2026-06-17,4795078121,846
0xb367b4c74f5316a04cf7b12f2020d00c84779acd,0x833589fcd6edb6e08f4c7c32d4f71b54bda02913,USDC,6,2026-06-18,-6401634409,677
0xb367b4c74f5316a04cf7b12f2020d00c84779acd,0x833589fcd6edb6e08f4c7c32d4f71b54bda02913,USDC,6,2026-06-19,6253918298,262
0xb367b4c74f5316a04cf7b12f2020d00c84779acd,0x833589fcd6edb6e08f4c7c32d4f71b54bda02913,USDC,6,2026-06-20,2271103615,171
0xb367b4c74f5316a04cf7b12f2020d00c84779acd,0x833589fcd6edb6e08f4c7c32d4f71b54bda02913,USDC,6,2026-06-21,184596992,276
0xb367b4c74f5316a04cf7b12f2020d00c84779acd,0x833589fcd6edb6e08f4c7c32d4f71b54bda02913,USDC,6,2026-06-22,-9659477532,295
0xb367b4c74f5316a04cf7b12f2020d00c84779acd,0x833589fcd6edb6e08f4c7c32d4f71b54bda02913,USDC,6,2026-06-23,11985167357,533
0xb367b4c74f5316a04cf7b12f2020d00c84779acd,0x833589fcd6edb6e08f4c7c32d4f71b54bda02913,USDC,6,2026-06-24,-11163106080,833
0xb367b4c74f5316a04cf7b12f2020d00c84779acd,0x833589fcd6edb6e08f4c7c32d4f71b54bda02913,USDC,6,2026-06-25,-5647675137,1102
0xb367b4c74f5316a04cf7b12f2020d00c84779acd,0x833589fcd6edb6e08f4c7c32d4f71b54bda02913,USDC,6,2026-06-26,10436054156,1021
0xb367b4c74f5316a04cf7b12f2020d00c84779acd,0x833589fcd6edb6e08f4c7c32d4f71b54bda02913,USDC,6,2026-06-27,-6159823595,514
0xb367b4c74f5316a04cf7b12f2020d00c84779acd,0x833589fcd6edb6e08f4c7c32d4f71b54bda02913,USDC,6,2026-06-28,5000370345,1019
0xb367b4c74f5316a04cf7b12f2020d00c84779acd,0x833589fcd6edb6e08f4c7c32d4f71b54bda02913,USDC,6,2026-06-29,-3317155196,1243
0xb367b4c74f5316a04cf7b12f2020d00c84779acd,0x833589fcd6edb6e08f4c7c32d4f71b54bda02913,USDC,6,2026-06-30,10407578964,927
0xb367b4c74f5316a04cf7b12f2020d00c84779acd,0x833589fcd6edb6e08f4c7c32d4f71b54bda02913,USDC,6,2026-07-01,223410401,930
0xb367b4c74f5316a04cf7b12f2020d00c84779acd,0x833589fcd6edb6e08f4c7c32d4f71b54bda02913,USDC,6,2026-07-02,5495800569,1272
0xb367b4c74f5316a04cf7b12f2020d00c84779acd,0x833589fcd6edb6e08f4c7c32d4f71b54bda02913,USDC,6,2026-07-03,2414965711,759
0xb367b4c74f5316a04cf7b12f2020d00c84779acd,0x833589fcd6edb6e08f4c7c32d4f71b54bda02913,USDC,6,2026-07-04,-2077402451,580
0xb367b4c74f5316a04cf7b12f2020d00c84779acd,0x833589fcd6edb6e08f4c7c32d4f71b54bda02913,USDC,6,2026-07-05,-12395282145,587
0xb367b4c74f5316a04cf7b12f2020d00c84779acd,0x833589fcd6edb6e08f4c7c32d4f71b54bda02913,USDC,6,2026-07-06,-3488093095,1044
0xb367b4c74f5316a04cf7b12f2020d00c84779acd,0x833589fcd6edb6e08f4c7c32d4f71b54bda02913,USDC,6,2026-07-07,10179664333,982
0xb367b4c74f5316a04cf7b12f2020d00c84779acd,0x833589fcd6edb6e08f4c7c32d4f71b54bda02913,USDC,6,2026-07-08,-966073928,839
0xb367b4c74f5316a04cf7b12f2020d00c84779acd,0x833589fcd6edb6e08f4c7c32d4f71b54bda02913,USDC,6,2026-07-09,12101552198,811
0xb367b4c74f5316a04cf7b12f2020d00c84779acd,0x833589fcd6edb6e08f4c7c32d4f71b54bda02913,USDC,6,2026-07-10,-217473194,555
0xb367b4c74f5316a04cf7b12f2020d00c84779acd,0x833589fcd6edb6e08f4c7c32d4f71b54bda02913,USDC,6,2026-07-11,-13838217249,381
0xb367b4c74f5316a04cf7b12f2020d00c84779acd,0x833589fcd6edb6e08f4c7c32d4f71b54bda02913,USDC,6,2026-07-12,993991474,633
0xb367b4c74f5316a04cf7b12f2020d00c84779acd,0x833589fcd6edb6e08f4c7c32d4f71b54bda02913,USDC,6,2026-07-13,-3407892872,692
0xb367b4c74f5316a04cf7b12f2020d00c84779acd,0x833589fcd6edb6e08f4c7c32d4f71b54bda02913,USDC,6,2026-07-14,5812472864,893
0xb367b4c74f5316a04cf7b12f2020d00c84779acd,0x833589fcd6edb6e08f4c7c32d4f71b54bda02913,USDC,6,2026-07-15,3666714782,676
0xb367b4c74f5316a04cf7b12f2020d00c84779acd,0x833589fcd6edb6e08f4c7c32d4f71b54bda02913,USDC,6,2026-07-16,-15676130835,659
0xb367b4c74f5316a04cf7b12f2020d00c84779acd,0x833589fcd6edb6e08f4c7c32d4f71b54bda02913,USDC,6,2026-07-17,12773485809,635
0xb367b4c74f5316a04cf7b12f2020d00c84779acd,0x833589fcd6edb6e08f4c7c32d4f71b54bda02913,USDC,6,2026-07-18,-20305517071,242
0xb367b4c74f5316a04cf7b12f2020d00c84779acd,0x833589fcd6edb6e08f4c7c32d4f71b54bda02913,USDC,6,2026-07-19,4647010659,241
0xb367b4c74f5316a04cf7b12f2020d00c84779acd,0x833589fcd6edb6e08f4c7c32d4f71b54bda02913,USDC,6,2026-07-20,151955752,620
0xb367b4c74f5316a04cf7b12f2020d00c84779acd,0x833589fcd6edb6e08f4c7c32d4f71b54bda02913,USDC,6,2026-07-21,-1438980084,447
0xb367b4c74f5316a04cf7b12f2020d00c84779acd,0x833589fcd6edb6e08f4c7c32d4f71b54bda02913,USDC,6,2026-07-22,2581889874,471
0xb367b4c74f5316a04cf7b12f2020d00c84779acd,0x833589fcd6edb6e08f4c7c32d4f71b54bda02913,USDC,6,2026-07-23,2894065828,361
0xb367b4c74f5316a04cf7b12f2020d00c84779acd,0x833589fcd6edb6e08f4c7c32d4f71b54bda02913,USDC,6,2026-07-24,-6419514619,356
0xbd59a718e60bd868123c6e949c9fd97185efbdb7,0x4200000000000000000000000000000000000006,WETH,18,2025-11-27,408303681070293935,144
0xbd59a718e60bd868123c6e949c9fd97185efbdb7,0x4200000000000000000000000000000000000006,WETH,18,2025-11-28,1745382399430598930,258
0xbd59a718e60bd868123c6e949c9fd97185efbdb7,0x4200000000000000000000000000000000000006,WETH,18,2025-11-29,7434716296016711314,129
0xbd59a718e60bd868123c6e949c9fd97185efbdb7,0x4200000000000000000000000000000000000006,WETH,18,2025-11-30,728713710547394253,74
0xbd59a718e60bd868123c6e949c9fd97185efbdb7,0x4200000000000000000000000000000000000006,WETH,18,2025-12-01,-30655461253677569174,170
0xbd59a718e60bd868123c6e949c9fd97185efbdb7,0x4200000000000000000000000000000000000006,WETH,18,2025-12-02,674133055862575940,120
0xbd59a718e60bd868123c6e949c9fd97185efbdb7,0x4200000000000000000000000000000000000006,WETH,18,2025-12-03,3101827614749062918,357
0xbd59a718e60bd868123c6e949c9fd97185efbdb7,0x4200000000000000000000000000000000000006,WETH,18,2025-12-04,-1640815915654351888,708
0xbd59a718e60bd868123c6e949c9fd97185efbdb7,0x4200000000000000000000000000000000000006,WETH,18,2025-12-05,-4937083582111698755,347
0xbd59a718e60bd868123c6e949c9fd97185efbdb7,0x4200000000000000000000000000000000000006,WETH,18,2025-12-06,12004368883849209455,156
0xbd59a718e60bd868123c6e949c9fd97185efbdb7,0x4200000000000000000000000000000000000006,WETH,18,2025-12-07,989100014700462095,250
0xbd59a718e60bd868123c6e949c9fd97185efbdb7,0x4200000000000000000000000000000000000006,WETH,18,2025-12-08,358879361202088324,209
0xbd59a718e60bd868123c6e949c9fd97185efbdb7,0x4200000000000000000000000000000000000006,WETH,18,2025-12-09,10315428780466456533,212
0xbd59a718e60bd868123c6e949c9fd97185efbdb7,0x4200000000000000000000000000000000000006,WETH,18,2025-12-10,-4581193954184916703,296
0xbd59a718e60bd868123c6e949c9fd97185efbdb7,0x4200000000000000000000000000000000000006,WETH,18,2025-12-11,5768732247218965565,276
0xbd59a718e60bd868123c6e949c9fd97185efbdb7,0x4200000000000000000000000000000000000006,WETH,18,2025-12-12,6619136183910531518,266
0xbd59a718e60bd868123c6e949c9fd97185efbdb7,0x4200000000000000000000000000000000000006,WETH,18,2025-12-13,31328843963262496258,220
0xbd59a718e60bd868123c6e949c9fd97185efbdb7,0x4200000000000000000000000000000000000006,WETH,18,2025-12-14,-2814531404083211159,104
0xbd59a718e60bd868123c6e949c9fd97185efbdb7,0x4200000000000000000000000000000000000006,WETH,18,2025-12-15,21924973784533306764,200
0xbd59a718e60bd868123c6e949c9fd97185efbdb7,0x4200000000000000000000000000000000000006,WETH,18,2025-12-16,38497683625769938172,73
0xbd59a718e60bd868123c6e949c9fd97185efbdb7,0x4200000000000000000000000000000000000006,WETH,18,2025-12-17,-57612210333813905350,131
0xbd59a718e60bd868123c6e949c9fd97185efbdb7,0x4200000000000000000000000000000000000006,WETH,18,2025-12-18,-36291600300558728854,126
0xbd59a718e60bd868123c6e949c9fd97185efbdb7,0x4200000000000000000000000000000000000006,WETH,18,2025-12-19,11797614707911483220,127
0xbd59a718e60bd868123c6e949c9fd97185efbdb7,0x4200000000000000000000000000000000000006,WETH,18,2025-12-20,9358607399644684209,278
0xbd59a718e60bd868123c6e949c9fd97185efbdb7,0x4200000000000000000000000000000000000006,WETH,18,2025-12-21,5244285060077434931,122
0xbd59a718e60bd868123c6e949c9fd97185efbdb7,0x4200000000000000000000000000000000000006,WETH,18,2025-12-22,-2798104202352634665,61
0xbd59a718e60bd868123c6e949c9fd97185efbdb7,0x4200000000000000000000000000000000000006,WETH,18,2025-12-23,12066900024860752284,75
0xbd59a718e60bd868123c6e949c9fd97185efbdb7,0x4200000000000000000000000000000000000006,WETH,18,2025-12-24,-16857690056268257041,120
0xbd59a718e60bd868123c6e949c9fd97185efbdb7,0x4200000000000000000000000000000000000006,WETH,18,2025-12-25,1151215358262328057,473
0xbd59a718e60bd868123c6e949c9fd97185efbdb7,0x4200000000000000000000000000000000000006,WETH,18,2025-12-26,108865625081676034677,1232
0xbd59a718e60bd868123c6e949c9fd97185efbdb7,0x4200000000000000000000000000000000000006,WETH,18,2025-12-27,-81322156218627428136,265
0xbd59a718e60bd868123c6e949c9fd97185efbdb7,0x4200000000000000000000000000000000000006,WETH,18,2025-12-28,2135699387393451001,81
0xbd59a718e60bd868123c6e949c9fd97185efbdb7,0x4200000000000000000000000000000000000006,WETH,18,2025-12-29,-43658483747914077873,126
0xbd59a718e60bd868123c6e949c9fd97185efbdb7,0x4200000000000000000000000000000000000006,WETH,18,2025-12-30,64068969386400944843,300
0xbd59a718e60bd868123c6e949c9fd97185efbdb7,0x4200000000000000000000000000000000000006,WETH,18,2025-12-31,-32057494571004513708,218
0xbd59a718e60bd868123c6e949c9fd97185efbdb7,0x4200000000000000000000000000000000000006,WETH,18,2026-01-01,742498210760954897,64
0xbd59a718e60bd868123c6e949c9fd97185efbdb7,0x4200000000000000000000000000000000000006,WETH,18,2026-01-02,-16221109972611140725,121
0xbd59a718e60bd868123c6e949c9fd97185efbdb7,0x4200000000000000000000000000000000000006,WETH,18,2026-01-03,2675508581176727997,122
0xbd59a718e60bd868123c6e949c9fd97185efbdb7,0x4200000000000000000000000000000000000006,WETH,18,2026-01-04,7533159873330791386,122
0xbd59a718e60bd868123c6e949c9fd97185efbdb7,0x4200000000000000000000000000000000000006,WETH,18,2026-01-05,-12698563521928680718,196
0xbd59a718e60bd868123c6e949c9fd97185efbdb7,0x4200000000000000000000000000000000000006,WETH,18,2026-01-06,3391929842580747712,260
0xbd59a718e60bd868123c6e949c9fd97185efbdb7,0x4200000000000000000000000000000000000006,WETH,18,2026-01-07,4827168899069916078,501
0xbd59a718e60bd868123c6e949c9fd97185efbdb7,0x4200000000000000000000000000000000000006,WETH,18,2026-01-08,-22869202168134067700,890
0xbd59a718e60bd868123c6e949c9fd97185efbdb7,0x4200000000000000000000000000000000000006,WETH,18,2026-01-09,6840819321626020632,343
0xbd59a718e60bd868123c6e949c9fd97185efbdb7,0x4200000000000000000000000000000000000006,WETH,18,2026-01-10,-13618259572133065141,512
0xbd59a718e60bd868123c6e949c9fd97185efbdb7,0x4200000000000000000000000000000000000006,WETH,18,2026-01-11,-834708489391965520,187
0xbd59a718e60bd868123c6e949c9fd97185efbdb7,0x4200000000000000000000000000000000000006,WETH,18,2026-01-12,1191791826584794769,138
0xbd59a718e60bd868123c6e949c9fd97185efbdb7,0x4200000000000000000000000000000000000006,WETH,18,2026-01-13,13797656983051521069,813
0xbd59a718e60bd868123c6e949c9fd97185efbdb7,0x4200000000000000000000000000000000000006,WETH,18,2026-01-14,2953486902377123404,264
0xbd59a718e60bd868123c6e949c9fd97185efbdb7,0x4200000000000000000000000000000000000006,WETH,18,2026-01-15,-2911988796151312194,68
0xbd59a718e60bd868123c6e949c9fd97185efbdb7,0x4200000000000000000000000000000000000006,WETH,18,2026-01-16,-6208181515929025798,94
0xbd59a718e60bd868123c6e949c9fd97185efbdb7,0x4200000000000000000000000000000000000006,WETH,18,2026-01-17,-717362959273098262,71
0xbd59a718e60bd868123c6e949c9fd97185efbdb7,0x4200000000000000000000000000000000000006,WETH,18,2026-01-18,53652318068424428566,156
0xbd59a718e60bd868123c6e949c9fd97185efbdb7,0x4200000000000000000000000000000000000006,WETH,18,2026-01-19,-10488948346068395864,100
0xbd59a718e60bd868123c6e949c9fd97185efbdb7,0x4200000000000000000000000000000000000006,WETH,18,2026-01-20,-4067043626411719198,422
0xbd59a718e60bd868123c6e949c9fd97185efbdb7,0x4200000000000000000000000000000000000006,WETH,18,2026-01-21,799297694090507672,192
0xbd59a718e60bd868123c6e949c9fd97185efbdb7,0x4200000000000000000000000000000000000006,WETH,18,2026-01-22,3525757187185044075,237
0xbd59a718e60bd868123c6e949c9fd97185efbdb7,0x4200000000000000000000000000000000000006,WETH,18,2026-01-23,14396191284739583515,54
0xbd59a718e60bd868123c6e949c9fd97185efbdb7,0x4200000000000000000000000000000000000006,WETH,18,2026-01-24,14891761156541378248,137
0xbd59a718e60bd868123c6e949c9fd97185efbdb7,0x4200000000000000000000000000000000000006,WETH,18,2026-01-25,22259548275728037969,125
0xbd59a718e60bd868123c6e949c9fd97185efbdb7,0x4200000000000000000000000000000000000006,WETH,18,2026-01-26,-11607983148341102749,110
0xbd59a718e60bd868123c6e949c9fd97185efbdb7,0x4200000000000000000000000000000000000006,WETH,18,2026-01-27,-27763593877354683271,212
0xbd59a718e60bd868123c6e949c9fd97185efbdb7,0x4200000000000000000000000000000000000006,WETH,18,2026-01-28,446883147812792696,101
0xbd59a718e60bd868123c6e949c9fd97185efbdb7,0x4200000000000000000000000000000000000006,WETH,18,2026-01-29,3382397249310006592,80
0xbd59a718e60bd868123c6e949c9fd97185efbdb7,0x4200000000000000000000000000000000000006,WETH,18,2026-01-30,-42173938094715655574,28
0xbd59a718e60bd868123c6e949c9fd97185efbdb7,0x4200000000000000000000000000000000000006,WETH,18,2026-01-31,8581609903900633367,153
0xbd59a718e60bd868123c6e949c9fd97185efbdb7,0x4200000000000000000000000000000000000006,WETH,18,2026-02-01,-37127268052101566277,185
0xbd59a718e60bd868123c6e949c9fd97185efbdb7,0x4200000000000000000000000000000000000006,WETH,18,2026-02-02,-2239182965748232050,101
0xbd59a718e60bd868123c6e949c9fd97185efbdb7,0x4200000000000000000000000000000000000006,WETH,18,2026-02-03,28528685998323889258,231
0xbd59a718e60bd868123c6e949c9fd97185efbdb7,0x4200000000000000000000000000000000000006,WETH,18,2026-02-04,-27480519055964030224,76
0xbd59a718e60bd868123c6e949c9fd97185efbdb7,0x4200000000000000000000000000000000000006,WETH,18,2026-02-05,-15089774181895928583,594
0xbd59a718e60bd868123c6e949c9fd97185efbdb7,0x4200000000000000000000000000000000000006,WETH,18,2026-02-06,14504275274978536980,372
0xbd59a718e60bd868123c6e949c9fd97185efbdb7,0x4200000000000000000000000000000000000006,WETH,18,2026-02-07,549633385247129141,175
0xbd59a718e60bd868123c6e949c9fd97185efbdb7,0x4200000000000000000000000000000000000006,WETH,18,2026-02-08,261047716273202766,15
0xbd59a718e60bd868123c6e949c9fd97185efbdb7,0x4200000000000000000000000000000000000006,WETH,18,2026-02-09,1586782987260133364,110
0xbd59a718e60bd868123c6e949c9fd97185efbdb7,0x4200000000000000000000000000000000000006,WETH,18,2026-02-10,12749750589626972148,121
0xbd59a718e60bd868123c6e949c9fd97185efbdb7,0x4200000000000000000000000000000000000006,WETH,18,2026-02-11,29729306978868666835,171
0xbd59a718e60bd868123c6e949c9fd97185efbdb7,0x4200000000000000000000000000000000000006,WETH,18,2026-02-12,-2212130881144417380,60
0xbd59a718e60bd868123c6e949c9fd97185efbdb7,0x4200000000000000000000000000000000000006,WETH,18,2026-02-13,25741757719286516908,77
0xbd59a718e60bd868123c6e949c9fd97185efbdb7,0x4200000000000000000000000000000000000006,WETH,18,2026-02-14,-18643731541466780084,147
0xbd59a718e60bd868123c6e949c9fd97185efbdb7,0x4200000000000000000000000000000000000006,WETH,18,2026-02-15,-11823275968451099342,130
0xbd59a718e60bd868123c6e949c9fd97185efbdb7,0x4200000000000000000000000000000000000006,WETH,18,2026-02-16,-9921177530024750704,159
0xbd59a718e60bd868123c6e949c9fd97185efbdb7,0x4200000000000000000000000000000000000006,WETH,18,2026-02-17,-2374468612718810276,54
0xbd59a718e60bd868123c6e949c9fd97185efbdb7,0x4200000000000000000000000000000000000006,WETH,18,2026-02-18,-2931643359151690895,211
0xbd59a718e60bd868123c6e949c9fd97185efbdb7,0x4200000000000000000000000000000000000006,WETH,18,2026-02-19,-11002624159280609217,36
0xbd59a718e60bd868123c6e949c9fd97185efbdb7,0x4200000000000000000000000000000000000006,WETH,18,2026-02-20,3282934021612993836,124
0xbd59a718e60bd868123c6e949c9fd97185efbdb7,0x4200000000000000000000000000000000000006,WETH,18,2026-02-21,-2172403340871139708,224
0xbd59a718e60bd868123c6e949c9fd97185efbdb7,0x4200000000000000000000000000000000000006,WETH,18,2026-02-22,6331738134521102907,112
0xbd59a718e60bd868123c6e949c9fd97185efbdb7,0x4200000000000000000000000000000000000006,WETH,18,2026-02-23,10188665648648266620,97
0xbd59a718e60bd868123c6e949c9fd97185efbdb7,0x4200000000000000000000000000000000000006,WETH,18,2026-02-24,-7421348971385980154,115
0xbd59a718e60bd868123c6e949c9fd97185efbdb7,0x4200000000000000000000000000000000000006,WETH,18,2026-02-25,-525727786332612884,172
0xbd59a718e60bd868123c6e949c9fd97185efbdb7,0x4200000000000000000000000000000000000006,WETH,18,2026-02-26,-1638458653750361972,68
0xbd59a718e60bd868123c6e949c9fd97185efbdb7,0x4200000000000000000000000000000000000006,WETH,18,2026-02-27,16830069868713350058,22
0xbd59a718e60bd868123c6e949c9fd97185efbdb7,0x4200000000000000000000000000000000000006,WETH,18,2026-02-28,-8006833051337422109,89
0xbd59a718e60bd868123c6e949c9fd97185efbdb7,0x4200000000000000000000000000000000000006,WETH,18,2026-03-01,-3498256036090265260,86
0xbd59a718e60bd868123c6e949c9fd97185efbdb7,0x4200000000000000000000000000000000000006,WETH,18,2026-03-02,-7606408012115266256,143
0xbd59a718e60bd868123c6e949c9fd97185efbdb7,0x4200000000000000000000000000000000000006,WETH,18,2026-03-03,13288328424712685214,87
0xbd59a718e60bd868123c6e949c9fd97185efbdb7,0x4200000000000000000000000000000000000006,WETH,18,2026-03-04,-9416519293135610283,34
0xbd59a718e60bd868123c6e949c9fd97185efbdb7,0x4200000000000000000000000000000000000006,WETH,18,2026-03-05,17703022423942007127,94
0xbd59a718e60bd868123c6e949c9fd97185efbdb7,0x4200000000000000000000000000000000000006,WETH,18,2026-03-06,11217332257687494251,147
0xbd59a718e60bd868123c6e949c9fd97185efbdb7,0x4200000000000000000000000000000000000006,WETH,18,2026-03-07,-27537252383947881144,50
0xbd59a718e60bd868123c6e949c9fd97185efbdb7,0x4200000000000000000000000000000000000006,WETH,18,2026-03-08,21175951119053133713,57
0xbd59a718e60bd868123c6e949c9fd97185efbdb7,0x4200000000000000000000000000000000000006,WETH,18,2026-03-09,2348637289823562274,55
0xbd59a718e60bd868123c6e949c9fd97185efbdb7,0x4200000000000000000000000000000000000006,WETH,18,2026-03-10,-26780700239256890055,99
0xbd59a718e60bd868123c6e949c9fd97185efbdb7,0x4200000000000000000000000000000000000006,WETH,18,2026-03-11,47108447587705863646,111
0xbd59a718e60bd868123c6e949c9fd97185efbdb7,0x4200000000000000000000000000000000000006,WETH,18,2026-03-12,-44977355885895817009,59
0xbd59a718e60bd868123c6e949c9fd97185efbdb7,0x4200000000000000000000000000000000000006,WETH,18,2026-03-13,-1411852881651408572,38
0xbd59a718e60bd868123c6e949c9fd97185efbdb7,0x4200000000000000000000000000000000000006,WETH,18,2026-03-14,4634159829392334652,61
0xbd59a718e60bd868123c6e949c9fd97185efbdb7,0x4200000000000000000000000000000000000006,WETH,18,2026-03-15,-180252691867313425,50
0xbd59a718e60bd868123c6e949c9fd97185efbdb7,0x4200000000000000000000000000000000000006,WETH,18,2026-03-16,-4484228734503248832,98
0xbd59a718e60bd868123c6e949c9fd97185efbdb7,0x4200000000000000000000000000000000000006,WETH,18,2026-03-17,-644650458796042753,64
0xbd59a718e60bd868123c6e949c9fd97185efbdb7,0x4200000000000000000000000000000000000006,WETH,18,2026-03-18,-999973652869748795,59
0xbd59a718e60bd868123c6e949c9fd97185efbdb7,0x4200000000000000000000000000000000000006,WETH,18,2026-03-19,3228086299249298085,21
0xbd59a718e60bd868123c6e949c9fd97185efbdb7,0x4200000000000000000000000000000000000006,WETH,18,2026-03-20,2872911411472552798,72
0xbd59a718e60bd868123c6e949c9fd97185efbdb7,0x4200000000000000000000000000000000000006,WETH,18,2026-03-21,-2664070567513081911,21
0xbd59a718e60bd868123c6e949c9fd97185efbdb7,0x4200000000000000000000000000000000000006,WETH,18,2026-03-22,3435164523934629006,48
0xbd59a718e60bd868123c6e949c9fd97185efbdb7,0x4200000000000000000000000000000000000006,WETH,18,2026-03-23,-419221678089830365,90
0xbd59a718e60bd868123c6e949c9fd97185efbdb7,0x4200000000000000000000000000000000000006,WETH,18,2026-03-24,1070570669148934197,53
0xbd59a718e60bd868123c6e949c9fd97185efbdb7,0x4200000000000000000000000000000000000006,WETH,18,2026-03-25,-1503520978884381886,33
0xbd59a718e60bd868123c6e949c9fd97185efbdb7,0x4200000000000000000000000000000000000006,WETH,18,2026-03-26,-3184618256523149014,21
0xbd59a718e60bd868123c6e949c9fd97185efbdb7,0x4200000000000000000000000000000000000006,WETH,18,2026-03-27,-4981886547115393496,46
0xbd59a718e60bd868123c6e949c9fd97185efbdb7,0x4200000000000000000000000000000000000006,WETH,18,2026-03-28,5151652550942846006,51
0xbd59a718e60bd868123c6e949c9fd97185efbdb7,0x4200000000000000000000000000000000000006,WETH,18,2026-03-29,26198948808274937755,60
0xbd59a718e60bd868123c6e949c9fd97185efbdb7,0x4200000000000000000000000000000000000006,WETH,18,2026-03-30,-18264022637353468046,71
0xbd59a718e60bd868123c6e949c9fd97185efbdb7,0x4200000000000000000000000000000000000006,WETH,18,2026-03-31,133380113661445052,24
0xbd59a718e60bd868123c6e949c9fd97185efbdb7,0x4200000000000000000000000000000000000006,WETH,18,2026-04-01,-16047090555272759042,120
0xbd59a718e60bd868123c6e949c9fd97185efbdb7,0x4200000000000000000000000000000000000006,WETH,18,2026-04-02,-927197706118999301,46
0xbd59a718e60bd868123c6e949c9fd97185efbdb7,0x4200000000000000000000000000000000000006,WETH,18,2026-04-03,2038907139868558157,31
0xbd59a718e60bd868123c6e949c9fd97185efbdb7,0x4200000000000000000000000000000000000006,WETH,18,2026-04-04,160227993365885117,6
0xbd59a718e60bd868123c6e949c9fd97185efbdb7,0x4200000000000000000000000000000000000006,WETH,18,2026-04-05,-62117634775206858,14
0xbd59a718e60bd868123c6e949c9fd97185efbdb7,0x4200000000000000000000000000000000000006,WETH,18,2026-04-06,-1367170507921015761,26
0xbd59a718e60bd868123c6e949c9fd97185efbdb7,0x4200000000000000000000000000000000000006,WETH,18,2026-04-07,1038194750991869220,76
0xbd59a718e60bd868123c6e949c9fd97185efbdb7,0x4200000000000000000000000000000000000006,WETH,18,2026-04-08,20836477010372680921,57
0xbd59a718e60bd868123c6e949c9fd97185efbdb7,0x4200000000000000000000000000000000000006,WETH,18,2026-04-09,-15128734687418563200,32
0xbd59a718e60bd868123c6e949c9fd97185efbdb7,0x4200000000000000000000000000000000000006,WETH,18,2026-04-10,-1058387987105485166,45
0xbd59a718e60bd868123c6e949c9fd97185efbdb7,0x4200000000000000000000000000000000000006,WETH,18,2026-04-11,24717656657177368958,60
0xbd59a718e60bd868123c6e949c9fd97185efbdb7,0x4200000000000000000000000000000000000006,WETH,18,2026-04-12,-33516388647520388850,41
0xbd59a718e60bd868123c6e949c9fd97185efbdb7,0x4200000000000000000000000000000000000006,WETH,18,2026-04-13,2824325314090320386,53
0xbd59a718e60bd868123c6e949c9fd97185efbdb7,0x4200000000000000000000000000000000000006,WETH,18,2026-04-14,-4845274744130807731,102
0xbd59a718e60bd868123c6e949c9fd97185efbdb7,0x4200000000000000000000000000000000000006,WETH,18,2026-04-15,-76262676713017422,34
0xbd59a718e60bd868123c6e949c9fd97185efbdb7,0x4200000000000000000000000000000000000006,WETH,18,2026-04-16,-4419401323117756997,68
0xbd59a718e60bd868123c6e949c9fd97185efbdb7,0x4200000000000000000000000000000000000006,WETH,18,2026-04-17,-113880035446542904,42
0xbd59a718e60bd868123c6e949c9fd97185efbdb7,0x4200000000000000000000000000000000000006,WETH,18,2026-04-18,-17509376180796767749,550
0xbd59a718e60bd868123c6e949c9fd97185efbdb7,0x4200000000000000000000000000000000000006,WETH,18,2026-04-19,-9303158793535941842,867
0xbd59a718e60bd868123c6e949c9fd97185efbdb7,0x4200000000000000000000000000000000000006,WETH,18,2026-04-20,-2762540142965498074,486
0xbd59a718e60bd868123c6e949c9fd97185efbdb7,0x4200000000000000000000000000000000000006,WETH,18,2026-04-21,13168007596887481830,782
0xbd59a718e60bd868123c6e949c9fd97185efbdb7,0x4200000000000000000000000000000000000006,WETH,18,2026-04-22,2046690572547034128,252
0xbd59a718e60bd868123c6e949c9fd97185efbdb7,0x4200000000000000000000000000000000000006,WETH,18,2026-04-23,-192096419534823468,214
0xbd59a718e60bd868123c6e949c9fd97185efbdb7,0x4200000000000000000000000000000000000006,WETH,18,2026-04-24,-895364031075938690,237
0xbd59a718e60bd868123c6e949c9fd97185efbdb7,0x4200000000000000000000000000000000000006,WETH,18,2026-04-25,1397333929963908492,105
0xbd59a718e60bd868123c6e949c9fd97185efbdb7,0x4200000000000000000000000000000000000006,WETH,18,2026-04-26,2005188206456440122,285
0xbd59a718e60bd868123c6e949c9fd97185efbdb7,0x4200000000000000000000000000000000000006,WETH,18,2026-04-27,2374058538812665158,138
0xbd59a718e60bd868123c6e949c9fd97185efbdb7,0x4200000000000000000000000000000000000006,WETH,18,2026-04-28,-262727825334741752,128
0xbd59a718e60bd868123c6e949c9fd97185efbdb7,0x4200000000000000000000000000000000000006,WETH,18,2026-04-29,1781428295763953168,104
0xbd59a718e60bd868123c6e949c9fd97185efbdb7,0x4200000000000000000000000000000000000006,WETH,18,2026-04-30,2413255051121873990,48
0xbd59a718e60bd868123c6e949c9fd97185efbdb7,0x4200000000000000000000000000000000000006,WETH,18,2026-05-01,195410654209952001,23
0xbd59a718e60bd868123c6e949c9fd97185efbdb7,0x4200000000000000000000000000000000000006,WETH,18,2026-05-02,172464070511068904,30
0xbd59a718e60bd868123c6e949c9fd97185efbdb7,0x4200000000000000000000000000000000000006,WETH,18,2026-05-03,955285969703389613,46
0xbd59a718e60bd868123c6e949c9fd97185efbdb7,0x4200000000000000000000000000000000000006,WETH,18,2026-05-04,-447643297705230808,97
0xbd59a718e60bd868123c6e949c9fd97185efbdb7,0x4200000000000000000000000000000000000006,WETH,18,2026-05-05,-1218846875532100584,48
0xbd59a718e60bd868123c6e949c9fd97185efbdb7,0x4200000000000000000000000000000000000006,WETH,18,2026-05-06,731287814745841956,28
0xbd59a718e60bd868123c6e949c9fd97185efbdb7,0x4200000000000000000000000000000000000006,WETH,18,2026-05-07,-16588103713913697378,29
0xbd59a718e60bd868123c6e949c9fd97185efbdb7,0x4200000000000000000000000000000000000006,WETH,18,2026-05-08,-112457836415000726,87
0xbd59a718e60bd868123c6e949c9fd97185efbdb7,0x4200000000000000000000000000000000000006,WETH,18,2026-05-09,3556652763617961231,244
0xbd59a718e60bd868123c6e949c9fd97185efbdb7,0x4200000000000000000000000000000000000006,WETH,18,2026-05-10,7215688885872246776,110
0xbd59a718e60bd868123c6e949c9fd97185efbdb7,0x4200000000000000000000000000000000000006,WETH,18,2026-05-11,4653219599423586745,62
0xbd59a718e60bd868123c6e949c9fd97185efbdb7,0x4200000000000000000000000000000000000006,WETH,18,2026-05-12,5869346744062204650,172
0xbd59a718e60bd868123c6e949c9fd97185efbdb7,0x4200000000000000000000000000000000000006,WETH,18,2026-05-13,-17671792735179966296,55
0xbd59a718e60bd868123c6e949c9fd97185efbdb7,0x4200000000000000000000000000000000000006,WETH,18,2026-05-14,6173778612427942586,34
0xbd59a718e60bd868123c6e949c9fd97185efbdb7,0x4200000000000000000000000000000000000006,WETH,18,2026-05-15,478846311842908122,19
0xbd59a718e60bd868123c6e949c9fd97185efbdb7,0x4200000000000000000000000000000000000006,WETH,18,2026-05-16,6724649725918546487,43
0xbd59a718e60bd868123c6e949c9fd97185efbdb7,0x4200000000000000000000000000000000000006,WETH,18,2026-05-17,1435556240270898859,62
0xbd59a718e60bd868123c6e949c9fd97185efbdb7,0x4200000000000000000000000000000000000006,WETH,18,2026-05-18,-8746288658453395173,67
0xbd59a718e60bd868123c6e949c9fd97185efbdb7,0x4200000000000000000000000000000000000006,WETH,18,2026-05-19,-3946339499891175784,16
0xbd59a718e60bd868123c6e949c9fd97185efbdb7,0x4200000000000000000000000000000000000006,WETH,18,2026-05-20,13514261080899134690,42
0xbd59a718e60bd868123c6e949c9fd97185efbdb7,0x4200000000000000000000000000000000000006,WETH,18,2026-05-21,-19546022693174163774,119
0xbd59a718e60bd868123c6e949c9fd97185efbdb7,0x4200000000000000000000000000000000000006,WETH,18,2026-05-22,-1701473207650019079,62
0xbd59a718e60bd868123c6e949c9fd97185efbdb7,0x4200000000000000000000000000000000000006,WETH,18,2026-05-23,2769351425335507307,320
0xbd59a718e60bd868123c6e949c9fd97185efbdb7,0x4200000000000000000000000000000000000006,WETH,18,2026-05-24,1838298315214633094,124
0xbd59a718e60bd868123c6e949c9fd97185efbdb7,0x4200000000000000000000000000000000000006,WETH,18,2026-05-25,-111316552970366474,34
0xbd59a718e60bd868123c6e949c9fd97185efbdb7,0x4200000000000000000000000000000000000006,WETH,18,2026-05-26,-2126413708219724741,48
0xbd59a718e60bd868123c6e949c9fd97185efbdb7,0x4200000000000000000000000000000000000006,WETH,18,2026-05-27,-2402757196072508718,61
0xbd59a718e60bd868123c6e949c9fd97185efbdb7,0x4200000000000000000000000000000000000006,WETH,18,2026-05-28,10187992751601978234,155
0xbd59a718e60bd868123c6e949c9fd97185efbdb7,0x4200000000000000000000000000000000000006,WETH,18,2026-05-29,-5266366971401178452,60
0xbd59a718e60bd868123c6e949c9fd97185efbdb7,0x4200000000000000000000000000000000000006,WETH,18,2026-05-30,18260662203506009719,106
0xbd59a718e60bd868123c6e949c9fd97185efbdb7,0x4200000000000000000000000000000000000006,WETH,18,2026-05-31,-13411216164045296712,633
0xbd59a718e60bd868123c6e949c9fd97185efbdb7,0x4200000000000000000000000000000000000006,WETH,18,2026-06-01,-2983398931408644968,34
0xbd59a718e60bd868123c6e949c9fd97185efbdb7,0x4200000000000000000000000000000000000006,WETH,18,2026-06-02,13771945821697856238,45
0xbd59a718e60bd868123c6e949c9fd97185efbdb7,0x4200000000000000000000000000000000000006,WETH,18,2026-06-03,-20668874773772213595,65
0xbd59a718e60bd868123c6e949c9fd97185efbdb7,0x4200000000000000000000000000000000000006,WETH,18,2026-06-04,-5720126860894453384,235
0xbd59a718e60bd868123c6e949c9fd97185efbdb7,0x4200000000000000000000000000000000000006,WETH,18,2026-06-05,2175202163951139118,106
0xbd59a718e60bd868123c6e949c9fd97185efbdb7,0x4200000000000000000000000000000000000006,WETH,18,2026-06-06,113478002369228874,34
0xbd59a718e60bd868123c6e949c9fd97185efbdb7,0x4200000000000000000000000000000000000006,WETH,18,2026-06-07,9931191745765874670,259
0xbd59a718e60bd868123c6e949c9fd97185efbdb7,0x4200000000000000000000000000000000000006,WETH,18,2026-06-08,-1065917960900910904,64
0xbd59a718e60bd868123c6e949c9fd97185efbdb7,0x4200000000000000000000000000000000000006,WETH,18,2026-06-09,7599653085269521090,47
0xbd59a718e60bd868123c6e949c9fd97185efbdb7,0x4200000000000000000000000000000000000006,WETH,18,2026-06-10,-4979431069139536308,77
0xbd59a718e60bd868123c6e949c9fd97185efbdb7,0x4200000000000000000000000000000000000006,WETH,18,2026-06-11,-3031609411972314206,80
0xbd59a718e60bd868123c6e949c9fd97185efbdb7,0x4200000000000000000000000000000000000006,WETH,18,2026-06-12,-7545396477557687087,45
0xbd59a718e60bd868123c6e949c9fd97185efbdb7,0x4200000000000000000000000000000000000006,WETH,18,2026-06-13,17990578668099050933,82
0xbd59a718e60bd868123c6e949c9fd97185efbdb7,0x4200000000000000000000000000000000000006,WETH,18,2026-06-14,1769712778929256536,45
0xbd59a718e60bd868123c6e949c9fd97185efbdb7,0x4200000000000000000000000000000000000006,WETH,18,2026-06-15,-18696163918718976341,206
0xbd59a718e60bd868123c6e949c9fd97185efbdb7,0x4200000000000000000000000000000000000006,WETH,18,2026-06-16,12097152282545833873,218
0xbd59a718e60bd868123c6e949c9fd97185efbdb7,0x4200000000000000000000000000000000000006,WETH,18,2026-06-17,-3485337722605850688,214
0xbd59a718e60bd868123c6e949c9fd97185efbdb7,0x4200000000000000000000000000000000000006,WETH,18,2026-06-18,12235216649917421123,221
0xbd59a718e60bd868123c6e949c9fd97185efbdb7,0x4200000000000000000000000000000000000006,WETH,18,2026-06-19,8992012337415843859,157
0xbd59a718e60bd868123c6e949c9fd97185efbdb7,0x4200000000000000000000000000000000000006,WETH,18,2026-06-20,-6649142539189319818,134
0xbd59a718e60bd868123c6e949c9fd97185efbdb7,0x4200000000000000000000000000000000000006,WETH,18,2026-06-21,200567927267762237,44
0xbd59a718e60bd868123c6e949c9fd97185efbdb7,0x4200000000000000000000000000000000000006,WETH,18,2026-06-22,13845903664584131701,91
0xbd59a718e60bd868123c6e949c9fd97185efbdb7,0x4200000000000000000000000000000000000006,WETH,18,2026-06-23,-1016503915761790001,66
0xbd59a718e60bd868123c6e949c9fd97185efbdb7,0x4200000000000000000000000000000000000006,WETH,18,2026-06-24,-28060444570846732483,116
0xbd59a718e60bd868123c6e949c9fd97185efbdb7,0x4200000000000000000000000000000000000006,WETH,18,2026-06-25,1039368769272480802,122
0xbd59a718e60bd868123c6e949c9fd97185efbdb7,0x4200000000000000000000000000000000000006,WETH,18,2026-06-26,1255990551855593383,43
0xbd59a718e60bd868123c6e949c9fd97185efbdb7,0x4200000000000000000000000000000000000006,WETH,18,2026-06-27,-8168802382904655248,42
0xbd59a718e60bd868123c6e949c9fd97185efbdb7,0x4200000000000000000000000000000000000006,WETH,18,2026-06-28,8234046582675651731,62
0xbd59a718e60bd868123c6e949c9fd97185efbdb7,0x4200000000000000000000000000000000000006,WETH,18,2026-06-29,1948122542191987607,103
0xbd59a718e60bd868123c6e949c9fd97185efbdb7,0x4200000000000000000000000000000000000006,WETH,18,2026-06-30,2023883599816779286,92
0xbd59a718e60bd868123c6e949c9fd97185efbdb7,0x4200000000000000000000000000000000000006,WETH,18,2026-07-01,1052618824621693691,73
0xbd59a718e60bd868123c6e949c9fd97185efbdb7,0x4200000000000000000000000000000000000006,WETH,18,2026-07-02,2049816547091300152,74
0xbd59a718e60bd868123c6e949c9fd97185efbdb7,0x4200000000000000000000000000000000000006,WETH,18,2026-07-03,-15213946672577279823,172
0xbd59a718e60bd868123c6e949c9fd97185efbdb7,0x4200000000000000000000000000000000000006,WETH,18,2026-07-04,6106890241284768395,100
0xbd59a718e60bd868123c6e949c9fd97185efbdb7,0x4200000000000000000000000000000000000006,WETH,18,2026-07-05,-260526950883896191,82
0xbd59a718e60bd868123c6e949c9fd97185efbdb7,0x4200000000000000000000000000000000000006,WETH,18,2026-07-06,-5878407656023623271,165
0xbd59a718e60bd868123c6e949c9fd97185efbdb7,0x4200000000000000000000000000000000000006,WETH,18,2026-07-07,12291746219792517555,78
0xbd59a718e60bd868123c6e949c9fd97185efbdb7,0x4200000000000000000000000000000000000006,WETH,18,2026-07-08,-2950353442810483199,112
0xbd59a718e60bd868123c6e949c9fd97185efbdb7,0x4200000000000000000000000000000000000006,WETH,18,2026-07-09,-13975756936306422402,164
0xbd59a718e60bd868123c6e949c9fd97185efbdb7,0x4200000000000000000000000000000000000006,WETH,18,2026-07-10,200626038416984114,72
0xbd59a718e60bd868123c6e949c9fd97185efbdb7,0x4200000000000000000000000000000000000006,WETH,18,2026-07-11,863214251789536427,62
0xbd59a718e60bd868123c6e949c9fd97185efbdb7,0x4200000000000000000000000000000000000006,WETH,18,2026-07-12,28436306559462653235,65
0xbd59a718e60bd868123c6e949c9fd97185efbdb7,0x4200000000000000000000000000000000000006,WETH,18,2026-07-13,-11246205921652160775,72
0xbd59a718e60bd868123c6e949c9fd97185efbdb7,0x4200000000000000000000000000000000000006,WETH,18,2026-07-14,-396527535345906499,81
0xbd59a718e60bd868123c6e949c9fd97185efbdb7,0x4200000000000000000000000000000000000006,WETH,18,2026-07-15,-3659077045493425948,56
0xbd59a718e60bd868123c6e949c9fd97185efbdb7,0x4200000000000000000000000000000000000006,WETH,18,2026-07-16,4144330663488586970,132
0xbd59a718e60bd868123c6e949c9fd97185efbdb7,0x4200000000000000000000000000000000000006,WETH,18,2026-07-17,-3309640162826811490,323
0xbd59a718e60bd868123c6e949c9fd97185efbdb7,0x4200000000000000000000000000000000000006,WETH,18,2026-07-18,8500300798109993318,114
0xbd59a718e60bd868123c6e949c9fd97185efbdb7,0x4200000000000000000000000000000000000006,WETH,18,2026-07-19,-24527703669717069240,98
0xbd59a718e60bd868123c6e949c9fd97185efbdb7,0x4200000000000000000000000000000000000006,WETH,18,2026-07-20,85099561974169891,45
0xbd59a718e60bd868123c6e949c9fd97185efbdb7,0x4200000000000000000000000000000000000006,WETH,18,2026-07-21,23811373119454870667,152
0xbd59a718e60bd868123c6e949c9fd97185efbdb7,0x4200000000000000000000000000000000000006,WETH,18,2026-07-22,3550459104480347743,116
0xbd59a718e60bd868123c6e949c9fd97185efbdb7,0x4200000000000000000000000000000000000006,WETH,18,2026-07-23,-528467309940022703,85
0xbd59a718e60bd868123c6e949c9fd97185efbdb7,0x4200000000000000000000000000000000000006,WETH,18,2026-07-24,5540118972334467704,68
0xbd59a718e60bd868123c6e949c9fd97185efbdb7,0xc1cba3fcea344f92d9239c08c0568f6f2f0ee452,wstETH,18,2025-11-27,-309303145279321519,144
0xbd59a718e60bd868123c6e949c9fd97185efbdb7,0xc1cba3fcea344f92d9239c08c0568f6f2f0ee452,wstETH,18,2025-11-28,1284335649000349907,264
0xbd59a718e60bd868123c6e949c9fd97185efbdb7,0xc1cba3fcea344f92d9239c08c0568f6f2f0ee452,wstETH,18,2025-11-29,2463039167370196886,133
0xbd59a718e60bd868123c6e949c9fd97185efbdb7,0xc1cba3fcea344f92d9239c08c0568f6f2f0ee452,wstETH,18,2025-11-30,-250856969908658052,78
0xbd59a718e60bd868123c6e949c9fd97185efbdb7,0xc1cba3fcea344f92d9239c08c0568f6f2f0ee452,wstETH,18,2025-12-01,-27817152900453555520,180
0xbd59a718e60bd868123c6e949c9fd97185efbdb7,0xc1cba3fcea344f92d9239c08c0568f6f2f0ee452,wstETH,18,2025-12-02,-373395032198550985,122
0xbd59a718e60bd868123c6e949c9fd97185efbdb7,0xc1cba3fcea344f92d9239c08c0568f6f2f0ee452,wstETH,18,2025-12-03,3524809397375646883,361
0xbd59a718e60bd868123c6e949c9fd97185efbdb7,0xc1cba3fcea344f92d9239c08c0568f6f2f0ee452,wstETH,18,2025-12-04,4863505649733769733,717
0xbd59a718e60bd868123c6e949c9fd97185efbdb7,0xc1cba3fcea344f92d9239c08c0568f6f2f0ee452,wstETH,18,2025-12-05,72699296875240766,355
0xbd59a718e60bd868123c6e949c9fd97185efbdb7,0xc1cba3fcea344f92d9239c08c0568f6f2f0ee452,wstETH,18,2025-12-06,7060141535917052549,164
0xbd59a718e60bd868123c6e949c9fd97185efbdb7,0xc1cba3fcea344f92d9239c08c0568f6f2f0ee452,wstETH,18,2025-12-07,2417888281334413759,256
0xbd59a718e60bd868123c6e949c9fd97185efbdb7,0xc1cba3fcea344f92d9239c08c0568f6f2f0ee452,wstETH,18,2025-12-08,-293890488091564499,217
0xbd59a718e60bd868123c6e949c9fd97185efbdb7,0xc1cba3fcea344f92d9239c08c0568f6f2f0ee452,wstETH,18,2025-12-09,4383809258042353476,215
0xbd59a718e60bd868123c6e949c9fd97185efbdb7,0xc1cba3fcea344f92d9239c08c0568f6f2f0ee452,wstETH,18,2025-12-10,-1456147439115303263,302
0xbd59a718e60bd868123c6e949c9fd97185efbdb7,0xc1cba3fcea344f92d9239c08c0568f6f2f0ee452,wstETH,18,2025-12-11,47251410002763391198,276
0xbd59a718e60bd868123c6e949c9fd97185efbdb7,0xc1cba3fcea344f92d9239c08c0568f6f2f0ee452,wstETH,18,2025-12-12,-23463965482570275334,266
0xbd59a718e60bd868123c6e949c9fd97185efbdb7,0xc1cba3fcea344f92d9239c08c0568f6f2f0ee452,wstETH,18,2025-12-13,-28422482779567767005,220
0xbd59a718e60bd868123c6e949c9fd97185efbdb7,0xc1cba3fcea344f92d9239c08c0568f6f2f0ee452,wstETH,18,2025-12-14,2411160531054142349,104
0xbd59a718e60bd868123c6e949c9fd97185efbdb7,0xc1cba3fcea344f92d9239c08c0568f6f2f0ee452,wstETH,18,2025-12-15,21332883205275572604,200
0xbd59a718e60bd868123c6e949c9fd97185efbdb7,0xc1cba3fcea344f92d9239c08c0568f6f2f0ee452,wstETH,18,2025-12-16,-2354935086116214496,71
0xbd59a718e60bd868123c6e949c9fd97185efbdb7,0xc1cba3fcea344f92d9239c08c0568f6f2f0ee452,wstETH,18,2025-12-17,-12034583309499393733,130
0xbd59a718e60bd868123c6e949c9fd97185efbdb7,0xc1cba3fcea344f92d9239c08c0568f6f2f0ee452,wstETH,18,2025-12-18,36672242987594717658,126
0xbd59a718e60bd868123c6e949c9fd97185efbdb7,0xc1cba3fcea344f92d9239c08c0568f6f2f0ee452,wstETH,18,2025-12-19,-8184445133552885752,127
0xbd59a718e60bd868123c6e949c9fd97185efbdb7,0xc1cba3fcea344f92d9239c08c0568f6f2f0ee452,wstETH,18,2025-12-20,4458200439991451585,277
0xbd59a718e60bd868123c6e949c9fd97185efbdb7,0xc1cba3fcea344f92d9239c08c0568f6f2f0ee452,wstETH,18,2025-12-21,10299089045912184868,122
0xbd59a718e60bd868123c6e949c9fd97185efbdb7,0xc1cba3fcea344f92d9239c08c0568f6f2f0ee452,wstETH,18,2025-12-22,-156578721029824739,61
0xbd59a718e60bd868123c6e949c9fd97185efbdb7,0xc1cba3fcea344f92d9239c08c0568f6f2f0ee452,wstETH,18,2025-12-23,66120642438557282314,75
0xbd59a718e60bd868123c6e949c9fd97185efbdb7,0xc1cba3fcea344f92d9239c08c0568f6f2f0ee452,wstETH,18,2025-12-24,253116236899844121,120
0xbd59a718e60bd868123c6e949c9fd97185efbdb7,0xc1cba3fcea344f92d9239c08c0568f6f2f0ee452,wstETH,18,2025-12-25,7525003364066845740,473
0xbd59a718e60bd868123c6e949c9fd97185efbdb7,0xc1cba3fcea344f92d9239c08c0568f6f2f0ee452,wstETH,18,2025-12-26,-91382987341405440539,1232
0xbd59a718e60bd868123c6e949c9fd97185efbdb7,0xc1cba3fcea344f92d9239c08c0568f6f2f0ee452,wstETH,18,2025-12-27,36910672237522014505,266
0xbd59a718e60bd868123c6e949c9fd97185efbdb7,0xc1cba3fcea344f92d9239c08c0568f6f2f0ee452,wstETH,18,2025-12-28,-827899018929336132,81
0xbd59a718e60bd868123c6e949c9fd97185efbdb7,0xc1cba3fcea344f92d9239c08c0568f6f2f0ee452,wstETH,18,2025-12-29,-65850415848275710992,126
0xbd59a718e60bd868123c6e949c9fd97185efbdb7,0xc1cba3fcea344f92d9239c08c0568f6f2f0ee452,wstETH,18,2025-12-30,45328967403108622122,305
0xbd59a718e60bd868123c6e949c9fd97185efbdb7,0xc1cba3fcea344f92d9239c08c0568f6f2f0ee452,wstETH,18,2025-12-31,28018073054578744971,218
0xbd59a718e60bd868123c6e949c9fd97185efbdb7,0xc1cba3fcea344f92d9239c08c0568f6f2f0ee452,wstETH,18,2026-01-01,-606890955053850863,64
0xbd59a718e60bd868123c6e949c9fd97185efbdb7,0xc1cba3fcea344f92d9239c08c0568f6f2f0ee452,wstETH,18,2026-01-02,-38780907024813634929,123
0xbd59a718e60bd868123c6e949c9fd97185efbdb7,0xc1cba3fcea344f92d9239c08c0568f6f2f0ee452,wstETH,18,2026-01-03,-2581268124130009334,122
0xbd59a718e60bd868123c6e949c9fd97185efbdb7,0xc1cba3fcea344f92d9239c08c0568f6f2f0ee452,wstETH,18,2026-01-04,-27329931965203469608,122
0xbd59a718e60bd868123c6e949c9fd97185efbdb7,0xc1cba3fcea344f92d9239c08c0568f6f2f0ee452,wstETH,18,2026-01-05,9166915334177602399,196
0xbd59a718e60bd868123c6e949c9fd97185efbdb7,0xc1cba3fcea344f92d9239c08c0568f6f2f0ee452,wstETH,18,2026-01-06,886156456512832169,260
0xbd59a718e60bd868123c6e949c9fd97185efbdb7,0xc1cba3fcea344f92d9239c08c0568f6f2f0ee452,wstETH,18,2026-01-07,-19177230196236425384,500
0xbd59a718e60bd868123c6e949c9fd97185efbdb7,0xc1cba3fcea344f92d9239c08c0568f6f2f0ee452,wstETH,18,2026-01-08,29528924076238653729,896
0xbd59a718e60bd868123c6e949c9fd97185efbdb7,0xc1cba3fcea344f92d9239c08c0568f6f2f0ee452,wstETH,18,2026-01-09,-11658287039303132953,344
0xbd59a718e60bd868123c6e949c9fd97185efbdb7,0xc1cba3fcea344f92d9239c08c0568f6f2f0ee452,wstETH,18,2026-01-10,-8154283625528473641,510
0xbd59a718e60bd868123c6e949c9fd97185efbdb7,0xc1cba3fcea344f92d9239c08c0568f6f2f0ee452,wstETH,18,2026-01-11,5413933158799469424,187
0xbd59a718e60bd868123c6e949c9fd97185efbdb7,0xc1cba3fcea344f92d9239c08c0568f6f2f0ee452,wstETH,18,2026-01-12,-1287526423639181029,138
0xbd59a718e60bd868123c6e949c9fd97185efbdb7,0xc1cba3fcea344f92d9239c08c0568f6f2f0ee452,wstETH,18,2026-01-13,8244202428243428699,815
0xbd59a718e60bd868123c6e949c9fd97185efbdb7,0xc1cba3fcea344f92d9239c08c0568f6f2f0ee452,wstETH,18,2026-01-14,24280251904268381030,262
0xbd59a718e60bd868123c6e949c9fd97185efbdb7,0xc1cba3fcea344f92d9239c08c0568f6f2f0ee452,wstETH,18,2026-01-15,-17796410624689299660,68
0xbd59a718e60bd868123c6e949c9fd97185efbdb7,0xc1cba3fcea344f92d9239c08c0568f6f2f0ee452,wstETH,18,2026-01-16,2194363636677954425,95
0xbd59a718e60bd868123c6e949c9fd97185efbdb7,0xc1cba3fcea344f92d9239c08c0568f6f2f0ee452,wstETH,18,2026-01-17,-5744951281920325251,72
0xbd59a718e60bd868123c6e949c9fd97185efbdb7,0xc1cba3fcea344f92d9239c08c0568f6f2f0ee452,wstETH,18,2026-01-18,-20034653380135617211,157
0xbd59a718e60bd868123c6e949c9fd97185efbdb7,0xc1cba3fcea344f92d9239c08c0568f6f2f0ee452,wstETH,18,2026-01-19,-3317524504234070548,100
0xbd59a718e60bd868123c6e949c9fd97185efbdb7,0xc1cba3fcea344f92d9239c08c0568f6f2f0ee452,wstETH,18,2026-01-20,8010838725671788644,420
0xbd59a718e60bd868123c6e949c9fd97185efbdb7,0xc1cba3fcea344f92d9239c08c0568f6f2f0ee452,wstETH,18,2026-01-21,-665003455803408779,192
0xbd59a718e60bd868123c6e949c9fd97185efbdb7,0xc1cba3fcea344f92d9239c08c0568f6f2f0ee452,wstETH,18,2026-01-22,3528081497641668099,241
0xbd59a718e60bd868123c6e949c9fd97185efbdb7,0xc1cba3fcea344f92d9239c08c0568f6f2f0ee452,wstETH,18,2026-01-23,4500470103289693793,54
0xbd59a718e60bd868123c6e949c9fd97185efbdb7,0xc1cba3fcea344f92d9239c08c0568f6f2f0ee452,wstETH,18,2026-01-24,19640615486945788764,138
0xbd59a718e60bd868123c6e949c9fd97185efbdb7,0xc1cba3fcea344f92d9239c08c0568f6f2f0ee452,wstETH,18,2026-01-25,-35207306890302028494,127
0xbd59a718e60bd868123c6e949c9fd97185efbdb7,0xc1cba3fcea344f92d9239c08c0568f6f2f0ee452,wstETH,18,2026-01-26,15891465176521632544,110
0xbd59a718e60bd868123c6e949c9fd97185efbdb7,0xc1cba3fcea344f92d9239c08c0568f6f2f0ee452,wstETH,18,2026-01-27,-5533169876804839011,213
0xbd59a718e60bd868123c6e949c9fd97185efbdb7,0xc1cba3fcea344f92d9239c08c0568f6f2f0ee452,wstETH,18,2026-01-28,-2821157423289743800,105
0xbd59a718e60bd868123c6e949c9fd97185efbdb7,0xc1cba3fcea344f92d9239c08c0568f6f2f0ee452,wstETH,18,2026-01-29,9039524946678643362,80
0xbd59a718e60bd868123c6e949c9fd97185efbdb7,0xc1cba3fcea344f92d9239c08c0568f6f2f0ee452,wstETH,18,2026-01-30,27348678144403446208,29
0xbd59a718e60bd868123c6e949c9fd97185efbdb7,0xc1cba3fcea344f92d9239c08c0568f6f2f0ee452,wstETH,18,2026-01-31,-17563190227075107605,151
0xbd59a718e60bd868123c6e949c9fd97185efbdb7,0xc1cba3fcea344f92d9239c08c0568f6f2f0ee452,wstETH,18,2026-02-01,-3059934322288567415,189
0xbd59a718e60bd868123c6e949c9fd97185efbdb7,0xc1cba3fcea344f92d9239c08c0568f6f2f0ee452,wstETH,18,2026-02-02,5986040428409878644,104
0xbd59a718e60bd868123c6e949c9fd97185efbdb7,0xc1cba3fcea344f92d9239c08c0568f6f2f0ee452,wstETH,18,2026-02-03,6713375504099207732,236
0xbd59a718e60bd868123c6e949c9fd97185efbdb7,0xc1cba3fcea344f92d9239c08c0568f6f2f0ee452,wstETH,18,2026-02-04,-4622175115719785853,80
0xbd59a718e60bd868123c6e949c9fd97185efbdb7,0xc1cba3fcea344f92d9239c08c0568f6f2f0ee452,wstETH,18,2026-02-05,35630293460979137563,608
0xbd59a718e60bd868123c6e949c9fd97185efbdb7,0xc1cba3fcea344f92d9239c08c0568f6f2f0ee452,wstETH,18,2026-02-06,-6961635914153840677,381
0xbd59a718e60bd868123c6e949c9fd97185efbdb7,0xc1cba3fcea344f92d9239c08c0568f6f2f0ee452,wstETH,18,2026-02-07,-35461452965598619815,177
0xbd59a718e60bd868123c6e949c9fd97185efbdb7,0xc1cba3fcea344f92d9239c08c0568f6f2f0ee452,wstETH,18,2026-02-08,2769676908663366034,19
0xbd59a718e60bd868123c6e949c9fd97185efbdb7,0xc1cba3fcea344f92d9239c08c0568f6f2f0ee452,wstETH,18,2026-02-09,51591979780757145,110
0xbd59a718e60bd868123c6e949c9fd97185efbdb7,0xc1cba3fcea344f92d9239c08c0568f6f2f0ee452,wstETH,18,2026-02-10,19785244165988305257,121
0xbd59a718e60bd868123c6e949c9fd97185efbdb7,0xc1cba3fcea344f92d9239c08c0568f6f2f0ee452,wstETH,18,2026-02-11,-2610910944082706139,170
0xbd59a718e60bd868123c6e949c9fd97185efbdb7,0xc1cba3fcea344f92d9239c08c0568f6f2f0ee452,wstETH,18,2026-02-12,1805992737720472381,62
0xbd59a718e60bd868123c6e949c9fd97185efbdb7,0xc1cba3fcea344f92d9239c08c0568f6f2f0ee452,wstETH,18,2026-02-13,-49827701269935468200,77
0xbd59a718e60bd868123c6e949c9fd97185efbdb7,0xc1cba3fcea344f92d9239c08c0568f6f2f0ee452,wstETH,18,2026-02-14,6374001515464632445,141
0xbd59a718e60bd868123c6e949c9fd97185efbdb7,0xc1cba3fcea344f92d9239c08c0568f6f2f0ee452,wstETH,18,2026-02-15,-9058043502979120784,134
0xbd59a718e60bd868123c6e949c9fd97185efbdb7,0xc1cba3fcea344f92d9239c08c0568f6f2f0ee452,wstETH,18,2026-02-16,25907686686557600447,166
0xbd59a718e60bd868123c6e949c9fd97185efbdb7,0xc1cba3fcea344f92d9239c08c0568f6f2f0ee452,wstETH,18,2026-02-17,-24545767833734011807,64
0xbd59a718e60bd868123c6e949c9fd97185efbdb7,0xc1cba3fcea344f92d9239c08c0568f6f2f0ee452,wstETH,18,2026-02-18,6734064831803013687,213
0xbd59a718e60bd868123c6e949c9fd97185efbdb7,0xc1cba3fcea344f92d9239c08c0568f6f2f0ee452,wstETH,18,2026-02-19,8976130175374682458,37
0xbd59a718e60bd868123c6e949c9fd97185efbdb7,0xc1cba3fcea344f92d9239c08c0568f6f2f0ee452,wstETH,18,2026-02-20,284673056238711324,125
0xbd59a718e60bd868123c6e949c9fd97185efbdb7,0xc1cba3fcea344f92d9239c08c0568f6f2f0ee452,wstETH,18,2026-02-21,-49568948161748605,225
0xbd59a718e60bd868123c6e949c9fd97185efbdb7,0xc1cba3fcea344f92d9239c08c0568f6f2f0ee452,wstETH,18,2026-02-22,-5727097062156510035,111
0xbd59a718e60bd868123c6e949c9fd97185efbdb7,0xc1cba3fcea344f92d9239c08c0568f6f2f0ee452,wstETH,18,2026-02-23,-10195212354761127307,93
0xbd59a718e60bd868123c6e949c9fd97185efbdb7,0xc1cba3fcea344f92d9239c08c0568f6f2f0ee452,wstETH,18,2026-02-24,4274469267402522015,113
0xbd59a718e60bd868123c6e949c9fd97185efbdb7,0xc1cba3fcea344f92d9239c08c0568f6f2f0ee452,wstETH,18,2026-02-25,1304101295452386095,172
0xbd59a718e60bd868123c6e949c9fd97185efbdb7,0xc1cba3fcea344f92d9239c08c0568f6f2f0ee452,wstETH,18,2026-02-26,1236269778497373695,68
0xbd59a718e60bd868123c6e949c9fd97185efbdb7,0xc1cba3fcea344f92d9239c08c0568f6f2f0ee452,wstETH,18,2026-02-27,18931777604672796717,24
0xbd59a718e60bd868123c6e949c9fd97185efbdb7,0xc1cba3fcea344f92d9239c08c0568f6f2f0ee452,wstETH,18,2026-02-28,-24256691390468212092,93
0xbd59a718e60bd868123c6e949c9fd97185efbdb7,0xc1cba3fcea344f92d9239c08c0568f6f2f0ee452,wstETH,18,2026-03-01,20466893198267499051,82
0xbd59a718e60bd868123c6e949c9fd97185efbdb7,0xc1cba3fcea344f92d9239c08c0568f6f2f0ee452,wstETH,18,2026-03-02,-17076420211940716661,142
0xbd59a718e60bd868123c6e949c9fd97185efbdb7,0xc1cba3fcea344f92d9239c08c0568f6f2f0ee452,wstETH,18,2026-03-03,-4309408398933058211,86
0xbd59a718e60bd868123c6e949c9fd97185efbdb7,0xc1cba3fcea344f92d9239c08c0568f6f2f0ee452,wstETH,18,2026-03-04,827896275504614289,34
0xbd59a718e60bd868123c6e949c9fd97185efbdb7,0xc1cba3fcea344f92d9239c08c0568f6f2f0ee452,wstETH,18,2026-03-05,38180382391637593595,95
0xbd59a718e60bd868123c6e949c9fd97185efbdb7,0xc1cba3fcea344f92d9239c08c0568f6f2f0ee452,wstETH,18,2026-03-06,-20705590562627077663,145
0xbd59a718e60bd868123c6e949c9fd97185efbdb7,0xc1cba3fcea344f92d9239c08c0568f6f2f0ee452,wstETH,18,2026-03-07,-20595186455531225669,50
0xbd59a718e60bd868123c6e949c9fd97185efbdb7,0xc1cba3fcea344f92d9239c08c0568f6f2f0ee452,wstETH,18,2026-03-08,17279674539003980633,57
0xbd59a718e60bd868123c6e949c9fd97185efbdb7,0xc1cba3fcea344f92d9239c08c0568f6f2f0ee452,wstETH,18,2026-03-09,-1910829263822224369,55
0xbd59a718e60bd868123c6e949c9fd97185efbdb7,0xc1cba3fcea344f92d9239c08c0568f6f2f0ee452,wstETH,18,2026-03-10,-14376501512926070004,99
0xbd59a718e60bd868123c6e949c9fd97185efbdb7,0xc1cba3fcea344f92d9239c08c0568f6f2f0ee452,wstETH,18,2026-03-11,64520078442995463235,113
0xbd59a718e60bd868123c6e949c9fd97185efbdb7,0xc1cba3fcea344f92d9239c08c0568f6f2f0ee452,wstETH,18,2026-03-12,-66471810528117020391,59
0xbd59a718e60bd868123c6e949c9fd97185efbdb7,0xc1cba3fcea344f92d9239c08c0568f6f2f0ee452,wstETH,18,2026-03-13,-1324380717936479717,39
0xbd59a718e60bd868123c6e949c9fd97185efbdb7,0xc1cba3fcea344f92d9239c08c0568f6f2f0ee452,wstETH,18,2026-03-14,-3779894510231730347,62
0xbd59a718e60bd868123c6e949c9fd97185efbdb7,0xc1cba3fcea344f92d9239c08c0568f6f2f0ee452,wstETH,18,2026-03-15,1745467488983328795,50
0xbd59a718e60bd868123c6e949c9fd97185efbdb7,0xc1cba3fcea344f92d9239c08c0568f6f2f0ee452,wstETH,18,2026-03-16,463963167069812545,100
0xbd59a718e60bd868123c6e949c9fd97185efbdb7,0xc1cba3fcea344f92d9239c08c0568f6f2f0ee452,wstETH,18,2026-03-17,3281597862017104760,65
0xbd59a718e60bd868123c6e949c9fd97185efbdb7,0xc1cba3fcea344f92d9239c08c0568f6f2f0ee452,wstETH,18,2026-03-18,-2176056768540377145,60
0xbd59a718e60bd868123c6e949c9fd97185efbdb7,0xc1cba3fcea344f92d9239c08c0568f6f2f0ee452,wstETH,18,2026-03-19,-2859117526943414216,21
0xbd59a718e60bd868123c6e949c9fd97185efbdb7,0xc1cba3fcea344f92d9239c08c0568f6f2f0ee452,wstETH,18,2026-03-20,2276470888865418302,73
0xbd59a718e60bd868123c6e949c9fd97185efbdb7,0xc1cba3fcea344f92d9239c08c0568f6f2f0ee452,wstETH,18,2026-03-21,-18610440588168111,21
0xbd59a718e60bd868123c6e949c9fd97185efbdb7,0xc1cba3fcea344f92d9239c08c0568f6f2f0ee452,wstETH,18,2026-03-22,-2794666105639999533,48
0xbd59a718e60bd868123c6e949c9fd97185efbdb7,0xc1cba3fcea344f92d9239c08c0568f6f2f0ee452,wstETH,18,2026-03-23,-75136489347700936,89
0xbd59a718e60bd868123c6e949c9fd97185efbdb7,0xc1cba3fcea344f92d9239c08c0568f6f2f0ee452,wstETH,18,2026-03-24,6973121625588779494,51
0xbd59a718e60bd868123c6e949c9fd97185efbdb7,0xc1cba3fcea344f92d9239c08c0568f6f2f0ee452,wstETH,18,2026-03-25,1222574399372457204,33
0xbd59a718e60bd868123c6e949c9fd97185efbdb7,0xc1cba3fcea344f92d9239c08c0568f6f2f0ee452,wstETH,18,2026-03-26,-31196120171533041,21
0xbd59a718e60bd868123c6e949c9fd97185efbdb7,0xc1cba3fcea344f92d9239c08c0568f6f2f0ee452,wstETH,18,2026-03-27,1634269741857825962,46
0xbd59a718e60bd868123c6e949c9fd97185efbdb7,0xc1cba3fcea344f92d9239c08c0568f6f2f0ee452,wstETH,18,2026-03-28,-4184875943264149671,51
0xbd59a718e60bd868123c6e949c9fd97185efbdb7,0xc1cba3fcea344f92d9239c08c0568f6f2f0ee452,wstETH,18,2026-03-29,3277174476208689220,59
0xbd59a718e60bd868123c6e949c9fd97185efbdb7,0xc1cba3fcea344f92d9239c08c0568f6f2f0ee452,wstETH,18,2026-03-30,14815986515681514072,71
0xbd59a718e60bd868123c6e949c9fd97185efbdb7,0xc1cba3fcea344f92d9239c08c0568f6f2f0ee452,wstETH,18,2026-03-31,-22364651300152207825,25
0xbd59a718e60bd868123c6e949c9fd97185efbdb7,0xc1cba3fcea344f92d9239c08c0568f6f2f0ee452,wstETH,18,2026-04-01,-3207280406870015019,122
0xbd59a718e60bd868123c6e949c9fd97185efbdb7,0xc1cba3fcea344f92d9239c08c0568f6f2f0ee452,wstETH,18,2026-04-02,1211893804311239355,45
0xbd59a718e60bd868123c6e949c9fd97185efbdb7,0xc1cba3fcea344f92d9239c08c0568f6f2f0ee452,wstETH,18,2026-04-03,-1657244059573900989,33
0xbd59a718e60bd868123c6e949c9fd97185efbdb7,0xc1cba3fcea344f92d9239c08c0568f6f2f0ee452,wstETH,18,2026-04-04,-130164030060221228,8
0xbd59a718e60bd868123c6e949c9fd97185efbdb7,0xc1cba3fcea344f92d9239c08c0568f6f2f0ee452,wstETH,18,2026-04-05,50496754425498337,14
0xbd59a718e60bd868123c6e949c9fd97185efbdb7,0xc1cba3fcea344f92d9239c08c0568f6f2f0ee452,wstETH,18,2026-04-06,1110949357373270349,28
0xbd59a718e60bd868123c6e949c9fd97185efbdb7,0xc1cba3fcea344f92d9239c08c0568f6f2f0ee452,wstETH,18,2026-04-07,12902277409452752748,74
0xbd59a718e60bd868123c6e949c9fd97185efbdb7,0xc1cba3fcea344f92d9239c08c0568f6f2f0ee452,wstETH,18,2026-04-08,-16811728882153583555,57
0xbd59a718e60bd868123c6e949c9fd97185efbdb7,0xc1cba3fcea344f92d9239c08c0568f6f2f0ee452,wstETH,18,2026-04-09,21964968625780083227,31
0xbd59a718e60bd868123c6e949c9fd97185efbdb7,0xc1cba3fcea344f92d9239c08c0568f6f2f0ee452,wstETH,18,2026-04-10,420533559018948100,47
0xbd59a718e60bd868123c6e949c9fd97185efbdb7,0xc1cba3fcea344f92d9239c08c0568f6f2f0ee452,wstETH,18,2026-04-11,-18991530411022670300,62
0xbd59a718e60bd868123c6e949c9fd97185efbdb7,0xc1cba3fcea344f92d9239c08c0568f6f2f0ee452,wstETH,18,2026-04-12,-2071353065275857987,40
0xbd59a718e60bd868123c6e949c9fd97185efbdb7,0xc1cba3fcea344f92d9239c08c0568f6f2f0ee452,wstETH,18,2026-04-13,-2293049037399768394,51
0xbd59a718e60bd868123c6e949c9fd97185efbdb7,0xc1cba3fcea344f92d9239c08c0568f6f2f0ee452,wstETH,18,2026-04-14,10339211675283111289,102
0xbd59a718e60bd868123c6e949c9fd97185efbdb7,0xc1cba3fcea344f92d9239c08c0568f6f2f0ee452,wstETH,18,2026-04-15,-6801176959255301007,35
0xbd59a718e60bd868123c6e949c9fd97185efbdb7,0xc1cba3fcea344f92d9239c08c0568f6f2f0ee452,wstETH,18,2026-04-16,4392183880347464070,68
0xbd59a718e60bd868123c6e949c9fd97185efbdb7,0xc1cba3fcea344f92d9239c08c0568f6f2f0ee452,wstETH,18,2026-04-17,90551737263267810,44
0xbd59a718e60bd868123c6e949c9fd97185efbdb7,0xc1cba3fcea344f92d9239c08c0568f6f2f0ee452,wstETH,18,2026-04-18,4498121329384115484,552
0xbd59a718e60bd868123c6e949c9fd97185efbdb7,0xc1cba3fcea344f92d9239c08c0568f6f2f0ee452,wstETH,18,2026-04-19,7592839306369199237,867
0xbd59a718e60bd868123c6e949c9fd97185efbdb7,0xc1cba3fcea344f92d9239c08c0568f6f2f0ee452,wstETH,18,2026-04-20,3604749137146691050,489
0xbd59a718e60bd868123c6e949c9fd97185efbdb7,0xc1cba3fcea344f92d9239c08c0568f6f2f0ee452,wstETH,18,2026-04-21,-12866375126984071248,780
0xbd59a718e60bd868123c6e949c9fd97185efbdb7,0xc1cba3fcea344f92d9239c08c0568f6f2f0ee452,wstETH,18,2026-04-22,-1664909626679512972,253
0xbd59a718e60bd868123c6e949c9fd97185efbdb7,0xc1cba3fcea344f92d9239c08c0568f6f2f0ee452,wstETH,18,2026-04-23,552423893988548270,215
0xbd59a718e60bd868123c6e949c9fd97185efbdb7,0xc1cba3fcea344f92d9239c08c0568f6f2f0ee452,wstETH,18,2026-04-24,-926956960772128001,238
0xbd59a718e60bd868123c6e949c9fd97185efbdb7,0xc1cba3fcea344f92d9239c08c0568f6f2f0ee452,wstETH,18,2026-04-25,-1531146320586533354,110
0xbd59a718e60bd868123c6e949c9fd97185efbdb7,0xc1cba3fcea344f92d9239c08c0568f6f2f0ee452,wstETH,18,2026-04-26,-1063864470534404555,285
0xbd59a718e60bd868123c6e949c9fd97185efbdb7,0xc1cba3fcea344f92d9239c08c0568f6f2f0ee452,wstETH,18,2026-04-27,-1874619869783309723,138
0xbd59a718e60bd868123c6e949c9fd97185efbdb7,0xc1cba3fcea344f92d9239c08c0568f6f2f0ee452,wstETH,18,2026-04-28,213935341400241347,128
0xbd59a718e60bd868123c6e949c9fd97185efbdb7,0xc1cba3fcea344f92d9239c08c0568f6f2f0ee452,wstETH,18,2026-04-29,-1456585014961790223,104
0xbd59a718e60bd868123c6e949c9fd97185efbdb7,0xc1cba3fcea344f92d9239c08c0568f6f2f0ee452,wstETH,18,2026-04-30,-1953207357089993358,50
0xbd59a718e60bd868123c6e949c9fd97185efbdb7,0xc1cba3fcea344f92d9239c08c0568f6f2f0ee452,wstETH,18,2026-05-01,2019059666298144218,20
0xbd59a718e60bd868123c6e949c9fd97185efbdb7,0xc1cba3fcea344f92d9239c08c0568f6f2f0ee452,wstETH,18,2026-05-02,-1919393244660940953,26
0xbd59a718e60bd868123c6e949c9fd97185efbdb7,0xc1cba3fcea344f92d9239c08c0568f6f2f0ee452,wstETH,18,2026-05-03,-455563205372444995,45
0xbd59a718e60bd868123c6e949c9fd97185efbdb7,0xc1cba3fcea344f92d9239c08c0568f6f2f0ee452,wstETH,18,2026-05-04,651586447124253253,97
0xbd59a718e60bd868123c6e949c9fd97185efbdb7,0xc1cba3fcea344f92d9239c08c0568f6f2f0ee452,wstETH,18,2026-05-05,232894766465284085,45
0xbd59a718e60bd868123c6e949c9fd97185efbdb7,0xc1cba3fcea344f92d9239c08c0568f6f2f0ee452,wstETH,18,2026-05-06,-277292319743457897,27
0xbd59a718e60bd868123c6e949c9fd97185efbdb7,0xc1cba3fcea344f92d9239c08c0568f6f2f0ee452,wstETH,18,2026-05-07,2343118221886680256,28
0xbd59a718e60bd868123c6e949c9fd97185efbdb7,0xc1cba3fcea344f92d9239c08c0568f6f2f0ee452,wstETH,18,2026-05-08,6403223524995291987,89
0xbd59a718e60bd868123c6e949c9fd97185efbdb7,0xc1cba3fcea344f92d9239c08c0568f6f2f0ee452,wstETH,18,2026-05-09,13881774030525649732,246
0xbd59a718e60bd868123c6e949c9fd97185efbdb7,0xc1cba3fcea344f92d9239c08c0568f6f2f0ee452,wstETH,18,2026-05-10,-21470914083910617239,111
0xbd59a718e60bd868123c6e949c9fd97185efbdb7,0xc1cba3fcea344f92d9239c08c0568f6f2f0ee452,wstETH,18,2026-05-11,24075366159415444808,64
0xbd59a718e60bd868123c6e949c9fd97185efbdb7,0xc1cba3fcea344f92d9239c08c0568f6f2f0ee452,wstETH,18,2026-05-12,-25672408914008543764,176
0xbd59a718e60bd868123c6e949c9fd97185efbdb7,0xc1cba3fcea344f92d9239c08c0568f6f2f0ee452,wstETH,18,2026-05-13,403402549718324490,55
0xbd59a718e60bd868123c6e949c9fd97185efbdb7,0xc1cba3fcea344f92d9239c08c0568f6f2f0ee452,wstETH,18,2026-05-14,3778065668512492574,34
0xbd59a718e60bd868123c6e949c9fd97185efbdb7,0xc1cba3fcea344f92d9239c08c0568f6f2f0ee452,wstETH,18,2026-05-15,-392528386162408263,19
0xbd59a718e60bd868123c6e949c9fd97185efbdb7,0xc1cba3fcea344f92d9239c08c0568f6f2f0ee452,wstETH,18,2026-05-16,-590758572410320185,43
0xbd59a718e60bd868123c6e949c9fd97185efbdb7,0xc1cba3fcea344f92d9239c08c0568f6f2f0ee452,wstETH,18,2026-05-17,-2221389969910107867,63
0xbd59a718e60bd868123c6e949c9fd97185efbdb7,0xc1cba3fcea344f92d9239c08c0568f6f2f0ee452,wstETH,18,2026-05-18,3537021803407310463,62
0xbd59a718e60bd868123c6e949c9fd97185efbdb7,0xc1cba3fcea344f92d9239c08c0568f6f2f0ee452,wstETH,18,2026-05-19,-2057604777308595037,15
0xbd59a718e60bd868123c6e949c9fd97185efbdb7,0xc1cba3fcea344f92d9239c08c0568f6f2f0ee452,wstETH,18,2026-05-20,9138331378723506147,42
0xbd59a718e60bd868123c6e949c9fd97185efbdb7,0xc1cba3fcea344f92d9239c08c0568f6f2f0ee452,wstETH,18,2026-05-21,-7562340063412950892,117
0xbd59a718e60bd868123c6e949c9fd97185efbdb7,0xc1cba3fcea344f92d9239c08c0568f6f2f0ee452,wstETH,18,2026-05-22,3666806524171857893,63
0xbd59a718e60bd868123c6e949c9fd97185efbdb7,0xc1cba3fcea344f92d9239c08c0568f6f2f0ee452,wstETH,18,2026-05-23,-2238082706771584962,320
0xbd59a718e60bd868123c6e949c9fd97185efbdb7,0xc1cba3fcea344f92d9239c08c0568f6f2f0ee452,wstETH,18,2026-05-24,-401421624871668249,124
0xbd59a718e60bd868123c6e949c9fd97185efbdb7,0xc1cba3fcea344f92d9239c08c0568f6f2f0ee452,wstETH,18,2026-05-25,16586922751203683241,35
0xbd59a718e60bd868123c6e949c9fd97185efbdb7,0xc1cba3fcea344f92d9239c08c0568f6f2f0ee452,wstETH,18,2026-05-26,-5531439579843094516,48
0xbd59a718e60bd868123c6e949c9fd97185efbdb7,0xc1cba3fcea344f92d9239c08c0568f6f2f0ee452,wstETH,18,2026-05-27,1208050641445099128,65
0xbd59a718e60bd868123c6e949c9fd97185efbdb7,0xc1cba3fcea344f92d9239c08c0568f6f2f0ee452,wstETH,18,2026-05-28,-1090931820811157431,158
0xbd59a718e60bd868123c6e949c9fd97185efbdb7,0xc1cba3fcea344f92d9239c08c0568f6f2f0ee452,wstETH,18,2026-05-29,7272899851127734819,62
0xbd59a718e60bd868123c6e949c9fd97185efbdb7,0xc1cba3fcea344f92d9239c08c0568f6f2f0ee452,wstETH,18,2026-05-30,-13792276840114838468,110
0xbd59a718e60bd868123c6e949c9fd97185efbdb7,0xc1cba3fcea344f92d9239c08c0568f6f2f0ee452,wstETH,18,2026-05-31,-4220952691056490152,636
0xbd59a718e60bd868123c6e949c9fd97185efbdb7,0xc1cba3fcea344f92d9239c08c0568f6f2f0ee452,wstETH,18,2026-06-01,2061579720776070888,35
0xbd59a718e60bd868123c6e949c9fd97185efbdb7,0xc1cba3fcea344f92d9239c08c0568f6f2f0ee452,wstETH,18,2026-06-02,-1334173956275664608,47
0xbd59a718e60bd868123c6e949c9fd97185efbdb7,0xc1cba3fcea344f92d9239c08c0568f6f2f0ee452,wstETH,18,2026-06-03,8376653258106018896,66
0xbd59a718e60bd868123c6e949c9fd97185efbdb7,0xc1cba3fcea344f92d9239c08c0568f6f2f0ee452,wstETH,18,2026-06-04,-2710184470461177738,230
0xbd59a718e60bd868123c6e949c9fd97185efbdb7,0xc1cba3fcea344f92d9239c08c0568f6f2f0ee452,wstETH,18,2026-06-05,1102529911351528046,106
0xbd59a718e60bd868123c6e949c9fd97185efbdb7,0xc1cba3fcea344f92d9239c08c0568f6f2f0ee452,wstETH,18,2026-06-06,-91815876240106096,34
0xbd59a718e60bd868123c6e949c9fd97185efbdb7,0xc1cba3fcea344f92d9239c08c0568f6f2f0ee452,wstETH,18,2026-06-07,-9240407749327397524,259
0xbd59a718e60bd868123c6e949c9fd97185efbdb7,0xc1cba3fcea344f92d9239c08c0568f6f2f0ee452,wstETH,18,2026-06-08,-1827666218905319752,64
0xbd59a718e60bd868123c6e949c9fd97185efbdb7,0xc1cba3fcea344f92d9239c08c0568f6f2f0ee452,wstETH,18,2026-06-09,-2378470970957273569,45
0xbd59a718e60bd868123c6e949c9fd97185efbdb7,0xc1cba3fcea344f92d9239c08c0568f6f2f0ee452,wstETH,18,2026-06-10,6158195029889359121,81
0xbd59a718e60bd868123c6e949c9fd97185efbdb7,0xc1cba3fcea344f92d9239c08c0568f6f2f0ee452,wstETH,18,2026-06-11,3566421937720984443,88
0xbd59a718e60bd868123c6e949c9fd97185efbdb7,0xc1cba3fcea344f92d9239c08c0568f6f2f0ee452,wstETH,18,2026-06-12,-71343581662396943,48
0xbd59a718e60bd868123c6e949c9fd97185efbdb7,0xc1cba3fcea344f92d9239c08c0568f6f2f0ee452,wstETH,18,2026-06-13,3124661974364382598,82
0xbd59a718e60bd868123c6e949c9fd97185efbdb7,0xc1cba3fcea344f92d9239c08c0568f6f2f0ee452,wstETH,18,2026-06-14,3503464079970298644,46
0xbd59a718e60bd868123c6e949c9fd97185efbdb7,0xc1cba3fcea344f92d9239c08c0568f6f2f0ee452,wstETH,18,2026-06-15,840879198208815264,206
0xbd59a718e60bd868123c6e949c9fd97185efbdb7,0xc1cba3fcea344f92d9239c08c0568f6f2f0ee452,wstETH,18,2026-06-16,-9815119459338869277,220
0xbd59a718e60bd868123c6e949c9fd97185efbdb7,0xc1cba3fcea344f92d9239c08c0568f6f2f0ee452,wstETH,18,2026-06-17,7125923189301461323,214
0xbd59a718e60bd868123c6e949c9fd97185efbdb7,0xc1cba3fcea344f92d9239c08c0568f6f2f0ee452,wstETH,18,2026-06-18,-14588316674501050880,220
0xbd59a718e60bd868123c6e949c9fd97185efbdb7,0xc1cba3fcea344f92d9239c08c0568f6f2f0ee452,wstETH,18,2026-06-19,8257680548708467433,151
0xbd59a718e60bd868123c6e949c9fd97185efbdb7,0xc1cba3fcea344f92d9239c08c0568f6f2f0ee452,wstETH,18,2026-06-20,-4927214116928319172,134
0xbd59a718e60bd868123c6e949c9fd97185efbdb7,0xc1cba3fcea344f92d9239c08c0568f6f2f0ee452,wstETH,18,2026-06-21,-161871821783933094,44
0xbd59a718e60bd868123c6e949c9fd97185efbdb7,0xc1cba3fcea344f92d9239c08c0568f6f2f0ee452,wstETH,18,2026-06-22,7622455984845057969,93
0xbd59a718e60bd868123c6e949c9fd97185efbdb7,0xc1cba3fcea344f92d9239c08c0568f6f2f0ee452,wstETH,18,2026-06-23,646839191302662141,66
0xbd59a718e60bd868123c6e949c9fd97185efbdb7,0xc1cba3fcea344f92d9239c08c0568f6f2f0ee452,wstETH,18,2026-06-24,-9558535531237198707,117
0xbd59a718e60bd868123c6e949c9fd97185efbdb7,0xc1cba3fcea344f92d9239c08c0568f6f2f0ee452,wstETH,18,2026-06-25,1948511661546638674,122
0xbd59a718e60bd868123c6e949c9fd97185efbdb7,0xc1cba3fcea344f92d9239c08c0568f6f2f0ee452,wstETH,18,2026-06-26,-1016143864871356595,43
0xbd59a718e60bd868123c6e949c9fd97185efbdb7,0xc1cba3fcea344f92d9239c08c0568f6f2f0ee452,wstETH,18,2026-06-27,8148759163613254793,41
0xbd59a718e60bd868123c6e949c9fd97185efbdb7,0xc1cba3fcea344f92d9239c08c0568f6f2f0ee452,wstETH,18,2026-06-28,-6657531998326672556,62
0xbd59a718e60bd868123c6e949c9fd97185efbdb7,0xc1cba3fcea344f92d9239c08c0568f6f2f0ee452,wstETH,18,2026-06-29,4431352493731562608,104
0xbd59a718e60bd868123c6e949c9fd97185efbdb7,0xc1cba3fcea344f92d9239c08c0568f6f2f0ee452,wstETH,18,2026-06-30,-2124855456632852958,92
0xbd59a718e60bd868123c6e949c9fd97185efbdb7,0xc1cba3fcea344f92d9239c08c0568f6f2f0ee452,wstETH,18,2026-07-01,-2132184810826777417,73
0xbd59a718e60bd868123c6e949c9fd97185efbdb7,0xc1cba3fcea344f92d9239c08c0568f6f2f0ee452,wstETH,18,2026-07-02,-1460445917782825378,74
0xbd59a718e60bd868123c6e949c9fd97185efbdb7,0xc1cba3fcea344f92d9239c08c0568f6f2f0ee452,wstETH,18,2026-07-03,5654298138418743751,175
0xbd59a718e60bd868123c6e949c9fd97185efbdb7,0xc1cba3fcea344f92d9239c08c0568f6f2f0ee452,wstETH,18,2026-07-04,-2603944748850794999,101
0xbd59a718e60bd868123c6e949c9fd97185efbdb7,0xc1cba3fcea344f92d9239c08c0568f6f2f0ee452,wstETH,18,2026-07-05,-145924906671028282,82
0xbd59a718e60bd868123c6e949c9fd97185efbdb7,0xc1cba3fcea344f92d9239c08c0568f6f2f0ee452,wstETH,18,2026-07-06,190017883082738120,164
0xbd59a718e60bd868123c6e949c9fd97185efbdb7,0xc1cba3fcea344f92d9239c08c0568f6f2f0ee452,wstETH,18,2026-07-07,-6899757767470462858,76
0xbd59a718e60bd868123c6e949c9fd97185efbdb7,0xc1cba3fcea344f92d9239c08c0568f6f2f0ee452,wstETH,18,2026-07-08,1593471075660343375,113
0xbd59a718e60bd868123c6e949c9fd97185efbdb7,0xc1cba3fcea344f92d9239c08c0568f6f2f0ee452,wstETH,18,2026-07-09,7299424454855784521,164
0xbd59a718e60bd868123c6e949c9fd97185efbdb7,0xc1cba3fcea344f92d9239c08c0568f6f2f0ee452,wstETH,18,2026-07-10,3286717341359778543,72
0xbd59a718e60bd868123c6e949c9fd97185efbdb7,0xc1cba3fcea344f92d9239c08c0568f6f2f0ee452,wstETH,18,2026-07-11,3353914328561433773,61
0xbd59a718e60bd868123c6e949c9fd97185efbdb7,0xc1cba3fcea344f92d9239c08c0568f6f2f0ee452,wstETH,18,2026-07-12,-6727232843694852125,61
0xbd59a718e60bd868123c6e949c9fd97185efbdb7,0xc1cba3fcea344f92d9239c08c0568f6f2f0ee452,wstETH,18,2026-07-13,5693002210782114364,68
0xbd59a718e60bd868123c6e949c9fd97185efbdb7,0xc1cba3fcea344f92d9239c08c0568f6f2f0ee452,wstETH,18,2026-07-14,232178557495791041,82
0xbd59a718e60bd868123c6e949c9fd97185efbdb7,0xc1cba3fcea344f92d9239c08c0568f6f2f0ee452,wstETH,18,2026-07-15,2941984004284445488,56
0xbd59a718e60bd868123c6e949c9fd97185efbdb7,0xc1cba3fcea344f92d9239c08c0568f6f2f0ee452,wstETH,18,2026-07-16,-3759466185373716218,129
0xbd59a718e60bd868123c6e949c9fd97185efbdb7,0xc1cba3fcea344f92d9239c08c0568f6f2f0ee452,wstETH,18,2026-07-17,3304821233148472223,320
0xbd59a718e60bd868123c6e949c9fd97185efbdb7,0xc1cba3fcea344f92d9239c08c0568f6f2f0ee452,wstETH,18,2026-07-18,-5305985393318063673,114
0xbd59a718e60bd868123c6e949c9fd97185efbdb7,0xc1cba3fcea344f92d9239c08c0568f6f2f0ee452,wstETH,18,2026-07-19,18677944592610759050,98
0xbd59a718e60bd868123c6e949c9fd97185efbdb7,0xc1cba3fcea344f92d9239c08c0568f6f2f0ee452,wstETH,18,2026-07-20,-83142761939174194,45
0xbd59a718e60bd868123c6e949c9fd97185efbdb7,0xc1cba3fcea344f92d9239c08c0568f6f2f0ee452,wstETH,18,2026-07-21,-18766106588536486199,152
0xbd59a718e60bd868123c6e949c9fd97185efbdb7,0xc1cba3fcea344f92d9239c08c0568f6f2f0ee452,wstETH,18,2026-07-22,-2863989509565545095,114
0xbd59a718e60bd868123c6e949c9fd97185efbdb7,0xc1cba3fcea344f92d9239c08c0568f6f2f0ee452,wstETH,18,2026-07-23,-1581594099628285815,84
0xbd59a718e60bd868123c6e949c9fd97185efbdb7,0xc1cba3fcea344f92d9239c08c0568f6f2f0ee452,wstETH,18,2026-07-24,-6705504856486868913,68
0xf0c559af52bce48b3f3710604a59b4feaefd5555,0x60a3e35cc302bfa44cb288bc5a4f316fdb1adb42,EURC,6,2026-03-18,159508014,17
0xf0c559af52bce48b3f3710604a59b4feaefd5555,0x60a3e35cc302bfa44cb288bc5a4f316fdb1adb42,EURC,6,2026-03-19,427161899,354
0xf0c559af52bce48b3f3710604a59b4feaefd5555,0x60a3e35cc302bfa44cb288bc5a4f316fdb1adb42,EURC,6,2026-03-20,-270493823,329
0xf0c559af52bce48b3f3710604a59b4feaefd5555,0x60a3e35cc302bfa44cb288bc5a4f316fdb1adb42,EURC,6,2026-03-21,236335392,55
0xf0c559af52bce48b3f3710604a59b4feaefd5555,0x60a3e35cc302bfa44cb288bc5a4f316fdb1adb42,EURC,6,2026-03-22,389390046,164
0xf0c559af52bce48b3f3710604a59b4feaefd5555,0x60a3e35cc302bfa44cb288bc5a4f316fdb1adb42,EURC,6,2026-03-23,-1104220,481
0xf0c559af52bce48b3f3710604a59b4feaefd5555,0x60a3e35cc302bfa44cb288bc5a4f316fdb1adb42,EURC,6,2026-03-24,-7603245,300
0xf0c559af52bce48b3f3710604a59b4feaefd5555,0x60a3e35cc302bfa44cb288bc5a4f316fdb1adb42,EURC,6,2026-03-25,967885803,301
0xf0c559af52bce48b3f3710604a59b4feaefd5555,0x60a3e35cc302bfa44cb288bc5a4f316fdb1adb42,EURC,6,2026-03-26,-298962625,272
0xf0c559af52bce48b3f3710604a59b4feaefd5555,0x60a3e35cc302bfa44cb288bc5a4f316fdb1adb42,EURC,6,2026-03-27,354736362,247
0xf0c559af52bce48b3f3710604a59b4feaefd5555,0x60a3e35cc302bfa44cb288bc5a4f316fdb1adb42,EURC,6,2026-03-28,89007807,90
0xf0c559af52bce48b3f3710604a59b4feaefd5555,0x60a3e35cc302bfa44cb288bc5a4f316fdb1adb42,EURC,6,2026-03-29,690423085,241
0xf0c559af52bce48b3f3710604a59b4feaefd5555,0x60a3e35cc302bfa44cb288bc5a4f316fdb1adb42,EURC,6,2026-03-30,983110470,249
0xf0c559af52bce48b3f3710604a59b4feaefd5555,0x60a3e35cc302bfa44cb288bc5a4f316fdb1adb42,EURC,6,2026-03-31,-1146807247,338
0xf0c559af52bce48b3f3710604a59b4feaefd5555,0x60a3e35cc302bfa44cb288bc5a4f316fdb1adb42,EURC,6,2026-04-01,687158280,376
0xf0c559af52bce48b3f3710604a59b4feaefd5555,0x60a3e35cc302bfa44cb288bc5a4f316fdb1adb42,EURC,6,2026-04-02,-3953857,285
0xf0c559af52bce48b3f3710604a59b4feaefd5555,0x60a3e35cc302bfa44cb288bc5a4f316fdb1adb42,EURC,6,2026-04-03,207301039,129
0xf0c559af52bce48b3f3710604a59b4feaefd5555,0x60a3e35cc302bfa44cb288bc5a4f316fdb1adb42,EURC,6,2026-04-04,-2073275680,63
0xf0c559af52bce48b3f3710604a59b4feaefd5555,0x60a3e35cc302bfa44cb288bc5a4f316fdb1adb42,EURC,6,2026-04-05,692708905,102
0xf0c559af52bce48b3f3710604a59b4feaefd5555,0x60a3e35cc302bfa44cb288bc5a4f316fdb1adb42,EURC,6,2026-04-06,443931591,170
0xf0c559af52bce48b3f3710604a59b4feaefd5555,0x60a3e35cc302bfa44cb288bc5a4f316fdb1adb42,EURC,6,2026-04-07,-964075709,296
0xf0c559af52bce48b3f3710604a59b4feaefd5555,0x60a3e35cc302bfa44cb288bc5a4f316fdb1adb42,EURC,6,2026-04-08,226434597,234
0xf0c559af52bce48b3f3710604a59b4feaefd5555,0x60a3e35cc302bfa44cb288bc5a4f316fdb1adb42,EURC,6,2026-04-09,-142713260,271
0xf0c559af52bce48b3f3710604a59b4feaefd5555,0x60a3e35cc302bfa44cb288bc5a4f316fdb1adb42,EURC,6,2026-04-10,-185893925,166
0xf0c559af52bce48b3f3710604a59b4feaefd5555,0x60a3e35cc302bfa44cb288bc5a4f316fdb1adb42,EURC,6,2026-04-11,15149128,86
0xf0c559af52bce48b3f3710604a59b4feaefd5555,0x60a3e35cc302bfa44cb288bc5a4f316fdb1adb42,EURC,6,2026-04-12,198349104,110
0xf0c559af52bce48b3f3710604a59b4feaefd5555,0x60a3e35cc302bfa44cb288bc5a4f316fdb1adb42,EURC,6,2026-04-13,149149911,221
0xf0c559af52bce48b3f3710604a59b4feaefd5555,0x60a3e35cc302bfa44cb288bc5a4f316fdb1adb42,EURC,6,2026-04-14,-202998181,217
0xf0c559af52bce48b3f3710604a59b4feaefd5555,0x60a3e35cc302bfa44cb288bc5a4f316fdb1adb42,EURC,6,2026-04-15,-119480408,309
0xf0c559af52bce48b3f3710604a59b4feaefd5555,0x60a3e35cc302bfa44cb288bc5a4f316fdb1adb42,EURC,6,2026-04-16,177234971,329
0xf0c559af52bce48b3f3710604a59b4feaefd5555,0x60a3e35cc302bfa44cb288bc5a4f316fdb1adb42,EURC,6,2026-04-17,931501070,520
0xf0c559af52bce48b3f3710604a59b4feaefd5555,0x60a3e35cc302bfa44cb288bc5a4f316fdb1adb42,EURC,6,2026-04-18,1719206848,755
0xf0c559af52bce48b3f3710604a59b4feaefd5555,0x60a3e35cc302bfa44cb288bc5a4f316fdb1adb42,EURC,6,2026-04-19,-3998123,224
0xf0c559af52bce48b3f3710604a59b4feaefd5555,0x60a3e35cc302bfa44cb288bc5a4f316fdb1adb42,EURC,6,2026-04-20,-1933550743,309
0xf0c559af52bce48b3f3710604a59b4feaefd5555,0x60a3e35cc302bfa44cb288bc5a4f316fdb1adb42,EURC,6,2026-04-21,-516703049,295
0xf0c559af52bce48b3f3710604a59b4feaefd5555,0x60a3e35cc302bfa44cb288bc5a4f316fdb1adb42,EURC,6,2026-04-22,646281478,219
0xf0c559af52bce48b3f3710604a59b4feaefd5555,0x60a3e35cc302bfa44cb288bc5a4f316fdb1adb42,EURC,6,2026-04-23,360202100,241
0xf0c559af52bce48b3f3710604a59b4feaefd5555,0x60a3e35cc302bfa44cb288bc5a4f316fdb1adb42,EURC,6,2026-04-24,-20766398,219
0xf0c559af52bce48b3f3710604a59b4feaefd5555,0x60a3e35cc302bfa44cb288bc5a4f316fdb1adb42,EURC,6,2026-04-25,175276440,115
0xf0c559af52bce48b3f3710604a59b4feaefd5555,0x60a3e35cc302bfa44cb288bc5a4f316fdb1adb42,EURC,6,2026-04-26,-332820735,259
0xf0c559af52bce48b3f3710604a59b4feaefd5555,0x60a3e35cc302bfa44cb288bc5a4f316fdb1adb42,EURC,6,2026-04-27,1845119580,233
0xf0c559af52bce48b3f3710604a59b4feaefd5555,0x60a3e35cc302bfa44cb288bc5a4f316fdb1adb42,EURC,6,2026-04-28,-850895372,236
0xf0c559af52bce48b3f3710604a59b4feaefd5555,0x60a3e35cc302bfa44cb288bc5a4f316fdb1adb42,EURC,6,2026-04-29,916030642,341
0xf0c559af52bce48b3f3710604a59b4feaefd5555,0x60a3e35cc302bfa44cb288bc5a4f316fdb1adb42,EURC,6,2026-04-30,-459326660,425
0xf0c559af52bce48b3f3710604a59b4feaefd5555,0x60a3e35cc302bfa44cb288bc5a4f316fdb1adb42,EURC,6,2026-05-01,393290123,286
0xf0c559af52bce48b3f3710604a59b4feaefd5555,0x60a3e35cc302bfa44cb288bc5a4f316fdb1adb42,EURC,6,2026-05-02,-111664906,104
0xf0c559af52bce48b3f3710604a59b4feaefd5555,0x60a3e35cc302bfa44cb288bc5a4f316fdb1adb42,EURC,6,2026-05-03,242192403,195
0xf0c559af52bce48b3f3710604a59b4feaefd5555,0x60a3e35cc302bfa44cb288bc5a4f316fdb1adb42,EURC,6,2026-05-04,1727555077,389
0xf0c559af52bce48b3f3710604a59b4feaefd5555,0x60a3e35cc302bfa44cb288bc5a4f316fdb1adb42,EURC,6,2026-05-05,-1354098069,346
0xf0c559af52bce48b3f3710604a59b4feaefd5555,0x60a3e35cc302bfa44cb288bc5a4f316fdb1adb42,EURC,6,2026-05-06,-707263307,411
0xf0c559af52bce48b3f3710604a59b4feaefd5555,0x60a3e35cc302bfa44cb288bc5a4f316fdb1adb42,EURC,6,2026-05-07,609861487,413
0xf0c559af52bce48b3f3710604a59b4feaefd5555,0x60a3e35cc302bfa44cb288bc5a4f316fdb1adb42,EURC,6,2026-05-08,-1820515186,487
0xf0c559af52bce48b3f3710604a59b4feaefd5555,0x60a3e35cc302bfa44cb288bc5a4f316fdb1adb42,EURC,6,2026-05-09,206734945,167
0xf0c559af52bce48b3f3710604a59b4feaefd5555,0x60a3e35cc302bfa44cb288bc5a4f316fdb1adb42,EURC,6,2026-05-10,1436501937,293
0xf0c559af52bce48b3f3710604a59b4feaefd5555,0x60a3e35cc302bfa44cb288bc5a4f316fdb1adb42,EURC,6,2026-05-11,-516075549,303
0xf0c559af52bce48b3f3710604a59b4feaefd5555,0x60a3e35cc302bfa44cb288bc5a4f316fdb1adb42,EURC,6,2026-05-12,1552049915,473
0xf0c559af52bce48b3f3710604a59b4feaefd5555,0x60a3e35cc302bfa44cb288bc5a4f316fdb1adb42,EURC,6,2026-05-13,2858428082,432
0xf0c559af52bce48b3f3710604a59b4feaefd5555,0x60a3e35cc302bfa44cb288bc5a4f316fdb1adb42,EURC,6,2026-05-14,4538418942,425
0xf0c559af52bce48b3f3710604a59b4feaefd5555,0x60a3e35cc302bfa44cb288bc5a4f316fdb1adb42,EURC,6,2026-05-15,-1788590406,476
0xf0c559af52bce48b3f3710604a59b4feaefd5555,0x60a3e35cc302bfa44cb288bc5a4f316fdb1adb42,EURC,6,2026-05-16,273143670,1042
0xf0c559af52bce48b3f3710604a59b4feaefd5555,0x60a3e35cc302bfa44cb288bc5a4f316fdb1adb42,EURC,6,2026-05-17,-15901238,2010
0xf0c559af52bce48b3f3710604a59b4feaefd5555,0x60a3e35cc302bfa44cb288bc5a4f316fdb1adb42,EURC,6,2026-05-18,-834836047,4157
0xf0c559af52bce48b3f3710604a59b4feaefd5555,0x60a3e35cc302bfa44cb288bc5a4f316fdb1adb42,EURC,6,2026-05-19,3390913984,3084
0xf0c559af52bce48b3f3710604a59b4feaefd5555,0x60a3e35cc302bfa44cb288bc5a4f316fdb1adb42,EURC,6,2026-05-20,1484852476,3741
0xf0c559af52bce48b3f3710604a59b4feaefd5555,0x60a3e35cc302bfa44cb288bc5a4f316fdb1adb42,EURC,6,2026-05-21,19528500820,3325
0xf0c559af52bce48b3f3710604a59b4feaefd5555,0x60a3e35cc302bfa44cb288bc5a4f316fdb1adb42,EURC,6,2026-05-22,-4452786001,992
0xf0c559af52bce48b3f3710604a59b4feaefd5555,0x60a3e35cc302bfa44cb288bc5a4f316fdb1adb42,EURC,6,2026-05-23,-4640234641,352
0xf0c559af52bce48b3f3710604a59b4feaefd5555,0x60a3e35cc302bfa44cb288bc5a4f316fdb1adb42,EURC,6,2026-05-24,-6354270888,465
0xf0c559af52bce48b3f3710604a59b4feaefd5555,0x60a3e35cc302bfa44cb288bc5a4f316fdb1adb42,EURC,6,2026-05-25,-2678198604,790
0xf0c559af52bce48b3f3710604a59b4feaefd5555,0x60a3e35cc302bfa44cb288bc5a4f316fdb1adb42,EURC,6,2026-05-26,-3019770121,1126
0xf0c559af52bce48b3f3710604a59b4feaefd5555,0x60a3e35cc302bfa44cb288bc5a4f316fdb1adb42,EURC,6,2026-05-27,-2144542069,770
0xf0c559af52bce48b3f3710604a59b4feaefd5555,0x60a3e35cc302bfa44cb288bc5a4f316fdb1adb42,EURC,6,2026-05-28,1540301522,540
0xf0c559af52bce48b3f3710604a59b4feaefd5555,0x60a3e35cc302bfa44cb288bc5a4f316fdb1adb42,EURC,6,2026-05-29,-2470738864,593
0xf0c559af52bce48b3f3710604a59b4feaefd5555,0x60a3e35cc302bfa44cb288bc5a4f316fdb1adb42,EURC,6,2026-05-30,4727197430,152
0xf0c559af52bce48b3f3710604a59b4feaefd5555,0x60a3e35cc302bfa44cb288bc5a4f316fdb1adb42,EURC,6,2026-05-31,-707949375,228
0xf0c559af52bce48b3f3710604a59b4feaefd5555,0x60a3e35cc302bfa44cb288bc5a4f316fdb1adb42,EURC,6,2026-06-01,-714511242,556
0xf0c559af52bce48b3f3710604a59b4feaefd5555,0x60a3e35cc302bfa44cb288bc5a4f316fdb1adb42,EURC,6,2026-06-02,11083421409,827
0xf0c559af52bce48b3f3710604a59b4feaefd5555,0x60a3e35cc302bfa44cb288bc5a4f316fdb1adb42,EURC,6,2026-06-03,-5657460970,628
0xf0c559af52bce48b3f3710604a59b4feaefd5555,0x60a3e35cc302bfa44cb288bc5a4f316fdb1adb42,EURC,6,2026-06-04,-2547450331,538
0xf0c559af52bce48b3f3710604a59b4feaefd5555,0x60a3e35cc302bfa44cb288bc5a4f316fdb1adb42,EURC,6,2026-06-05,3401526434,686
0xf0c559af52bce48b3f3710604a59b4feaefd5555,0x60a3e35cc302bfa44cb288bc5a4f316fdb1adb42,EURC,6,2026-06-06,-740711720,432
0xf0c559af52bce48b3f3710604a59b4feaefd5555,0x60a3e35cc302bfa44cb288bc5a4f316fdb1adb42,EURC,6,2026-06-07,229667394,788
0xf0c559af52bce48b3f3710604a59b4feaefd5555,0x60a3e35cc302bfa44cb288bc5a4f316fdb1adb42,EURC,6,2026-06-08,-416691613,2749
0xf0c559af52bce48b3f3710604a59b4feaefd5555,0x60a3e35cc302bfa44cb288bc5a4f316fdb1adb42,EURC,6,2026-06-09,11158735145,1963
0xf0c559af52bce48b3f3710604a59b4feaefd5555,0x60a3e35cc302bfa44cb288bc5a4f316fdb1adb42,EURC,6,2026-06-10,-4676710685,1629
0xf0c559af52bce48b3f3710604a59b4feaefd5555,0x60a3e35cc302bfa44cb288bc5a4f316fdb1adb42,EURC,6,2026-06-11,12670332563,1939
0xf0c559af52bce48b3f3710604a59b4feaefd5555,0x60a3e35cc302bfa44cb288bc5a4f316fdb1adb42,EURC,6,2026-06-12,2392820763,1174
0xf0c559af52bce48b3f3710604a59b4feaefd5555,0x60a3e35cc302bfa44cb288bc5a4f316fdb1adb42,EURC,6,2026-06-13,-4004109293,585
0xf0c559af52bce48b3f3710604a59b4feaefd5555,0x60a3e35cc302bfa44cb288bc5a4f316fdb1adb42,EURC,6,2026-06-14,-21787599506,1455
0xf0c559af52bce48b3f3710604a59b4feaefd5555,0x60a3e35cc302bfa44cb288bc5a4f316fdb1adb42,EURC,6,2026-06-15,9270431412,2742
0xf0c559af52bce48b3f3710604a59b4feaefd5555,0x60a3e35cc302bfa44cb288bc5a4f316fdb1adb42,EURC,6,2026-06-16,-5468704616,1248
0xf0c559af52bce48b3f3710604a59b4feaefd5555,0x60a3e35cc302bfa44cb288bc5a4f316fdb1adb42,EURC,6,2026-06-17,2850368556,695
0xf0c559af52bce48b3f3710604a59b4feaefd5555,0x60a3e35cc302bfa44cb288bc5a4f316fdb1adb42,EURC,6,2026-06-18,6008378472,623
0xf0c559af52bce48b3f3710604a59b4feaefd5555,0x60a3e35cc302bfa44cb288bc5a4f316fdb1adb42,EURC,6,2026-06-19,203253733,1976
0xf0c559af52bce48b3f3710604a59b4feaefd5555,0x60a3e35cc302bfa44cb288bc5a4f316fdb1adb42,EURC,6,2026-06-20,3058268998,2504
0xf0c559af52bce48b3f3710604a59b4feaefd5555,0x60a3e35cc302bfa44cb288bc5a4f316fdb1adb42,EURC,6,2026-06-21,2524599026,1231
0xf0c559af52bce48b3f3710604a59b4feaefd5555,0x60a3e35cc302bfa44cb288bc5a4f316fdb1adb42,EURC,6,2026-06-22,-7763111898,1324
0xf0c559af52bce48b3f3710604a59b4feaefd5555,0x60a3e35cc302bfa44cb288bc5a4f316fdb1adb42,EURC,6,2026-06-23,-1947956822,1557
0xf0c559af52bce48b3f3710604a59b4feaefd5555,0x60a3e35cc302bfa44cb288bc5a4f316fdb1adb42,EURC,6,2026-06-24,5309985346,1501
0xf0c559af52bce48b3f3710604a59b4feaefd5555,0x60a3e35cc302bfa44cb288bc5a4f316fdb1adb42,EURC,6,2026-06-25,1449633853,1135
0xf0c559af52bce48b3f3710604a59b4feaefd5555,0x60a3e35cc302bfa44cb288bc5a4f316fdb1adb42,EURC,6,2026-06-26,13466806,2688
0xf0c559af52bce48b3f3710604a59b4feaefd5555,0x60a3e35cc302bfa44cb288bc5a4f316fdb1adb42,EURC,6,2026-06-27,9059437789,1589
0xf0c559af52bce48b3f3710604a59b4feaefd5555,0x60a3e35cc302bfa44cb288bc5a4f316fdb1adb42,EURC,6,2026-06-28,-5379263474,1388
0xf0c559af52bce48b3f3710604a59b4feaefd5555,0x60a3e35cc302bfa44cb288bc5a4f316fdb1adb42,EURC,6,2026-06-29,5994553315,2790
0xf0c559af52bce48b3f3710604a59b4feaefd5555,0x60a3e35cc302bfa44cb288bc5a4f316fdb1adb42,EURC,6,2026-06-30,-1081360978,2723
0xf0c559af52bce48b3f3710604a59b4feaefd5555,0x60a3e35cc302bfa44cb288bc5a4f316fdb1adb42,EURC,6,2026-07-01,1677550871,2425
0xf0c559af52bce48b3f3710604a59b4feaefd5555,0x60a3e35cc302bfa44cb288bc5a4f316fdb1adb42,EURC,6,2026-07-02,-6934349055,2735
0xf0c559af52bce48b3f3710604a59b4feaefd5555,0x60a3e35cc302bfa44cb288bc5a4f316fdb1adb42,EURC,6,2026-07-03,15019000480,1788
0xf0c559af52bce48b3f3710604a59b4feaefd5555,0x60a3e35cc302bfa44cb288bc5a4f316fdb1adb42,EURC,6,2026-07-04,2599926819,1772
0xf0c559af52bce48b3f3710604a59b4feaefd5555,0x60a3e35cc302bfa44cb288bc5a4f316fdb1adb42,EURC,6,2026-07-05,7820035322,1582
0xf0c559af52bce48b3f3710604a59b4feaefd5555,0x60a3e35cc302bfa44cb288bc5a4f316fdb1adb42,EURC,6,2026-07-06,-19931151525,1908
0xf0c559af52bce48b3f3710604a59b4feaefd5555,0x60a3e35cc302bfa44cb288bc5a4f316fdb1adb42,EURC,6,2026-07-07,-2107497196,2192
0xf0c559af52bce48b3f3710604a59b4feaefd5555,0x60a3e35cc302bfa44cb288bc5a4f316fdb1adb42,EURC,6,2026-07-08,-10178547449,2261
0xf0c559af52bce48b3f3710604a59b4feaefd5555,0x60a3e35cc302bfa44cb288bc5a4f316fdb1adb42,EURC,6,2026-07-09,-651347411,1607
0xf0c559af52bce48b3f3710604a59b4feaefd5555,0x60a3e35cc302bfa44cb288bc5a4f316fdb1adb42,EURC,6,2026-07-10,5880870844,1528
0xf0c559af52bce48b3f3710604a59b4feaefd5555,0x60a3e35cc302bfa44cb288bc5a4f316fdb1adb42,EURC,6,2026-07-11,3336431164,2073
0xf0c559af52bce48b3f3710604a59b4feaefd5555,0x60a3e35cc302bfa44cb288bc5a4f316fdb1adb42,EURC,6,2026-07-12,-264148559,3434
0xf0c559af52bce48b3f3710604a59b4feaefd5555,0x60a3e35cc302bfa44cb288bc5a4f316fdb1adb42,EURC,6,2026-07-13,3799628564,3687
0xf0c559af52bce48b3f3710604a59b4feaefd5555,0x60a3e35cc302bfa44cb288bc5a4f316fdb1adb42,EURC,6,2026-07-14,-15086411474,3020
0xf0c559af52bce48b3f3710604a59b4feaefd5555,0x60a3e35cc302bfa44cb288bc5a4f316fdb1adb42,EURC,6,2026-07-15,-7535128193,2103
0xf0c559af52bce48b3f3710604a59b4feaefd5555,0x60a3e35cc302bfa44cb288bc5a4f316fdb1adb42,EURC,6,2026-07-16,12414719542,2085
0xf0c559af52bce48b3f3710604a59b4feaefd5555,0x60a3e35cc302bfa44cb288bc5a4f316fdb1adb42,EURC,6,2026-07-17,2725181329,1615
0xf0c559af52bce48b3f3710604a59b4feaefd5555,0x60a3e35cc302bfa44cb288bc5a4f316fdb1adb42,EURC,6,2026-07-18,-216807642,1464
0xf0c559af52bce48b3f3710604a59b4feaefd5555,0x60a3e35cc302bfa44cb288bc5a4f316fdb1adb42,EURC,6,2026-07-19,-2319345131,1176
0xf0c559af52bce48b3f3710604a59b4feaefd5555,0x60a3e35cc302bfa44cb288bc5a4f316fdb1adb42,EURC,6,2026-07-20,11343331210,1761
0xf0c559af52bce48b3f3710604a59b4feaefd5555,0x60a3e35cc302bfa44cb288bc5a4f316fdb1adb42,EURC,6,2026-07-21,4441941428,1947
0xf0c559af52bce48b3f3710604a59b4feaefd5555,0x60a3e35cc302bfa44cb288bc5a4f316fdb1adb42,EURC,6,2026-07-22,-10926017103,3415
0xf0c559af52bce48b3f3710604a59b4feaefd5555,0x60a3e35cc302bfa44cb288bc5a4f316fdb1adb42,EURC,6,2026-07-23,43347490539,5867
0xf0c559af52bce48b3f3710604a59b4feaefd5555,0x60a3e35cc302bfa44cb288bc5a4f316fdb1adb42,EURC,6,2026-07-24,3264079891,4302
0xf0c559af52bce48b3f3710604a59b4feaefd5555,0xfde4c96c8593536e31f229ea8f37b2ada2699bb2,USDT,6,2026-03-18,102237290,17
0xf0c559af52bce48b3f3710604a59b4feaefd5555,0xfde4c96c8593536e31f229ea8f37b2ada2699bb2,USDT,6,2026-03-19,1728227215,352
0xf0c559af52bce48b3f3710604a59b4feaefd5555,0xfde4c96c8593536e31f229ea8f37b2ada2699bb2,USDT,6,2026-03-20,355833740,329
0xf0c559af52bce48b3f3710604a59b4feaefd5555,0xfde4c96c8593536e31f229ea8f37b2ada2699bb2,USDT,6,2026-03-21,-273287051,55
0xf0c559af52bce48b3f3710604a59b4feaefd5555,0xfde4c96c8593536e31f229ea8f37b2ada2699bb2,USDT,6,2026-03-22,-449575600,164
0xf0c559af52bce48b3f3710604a59b4feaefd5555,0xfde4c96c8593536e31f229ea8f37b2ada2699bb2,USDT,6,2026-03-23,-7086933,482
0xf0c559af52bce48b3f3710604a59b4feaefd5555,0xfde4c96c8593536e31f229ea8f37b2ada2699bb2,USDT,6,2026-03-24,10188984,301
0xf0c559af52bce48b3f3710604a59b4feaefd5555,0xfde4c96c8593536e31f229ea8f37b2ada2699bb2,USDT,6,2026-03-25,-205690035,301
0xf0c559af52bce48b3f3710604a59b4feaefd5555,0xfde4c96c8593536e31f229ea8f37b2ada2699bb2,USDT,6,2026-03-26,-229053607,272
0xf0c559af52bce48b3f3710604a59b4feaefd5555,0xfde4c96c8593536e31f229ea8f37b2ada2699bb2,USDT,6,2026-03-27,-409074494,247
0xf0c559af52bce48b3f3710604a59b4feaefd5555,0xfde4c96c8593536e31f229ea8f37b2ada2699bb2,USDT,6,2026-03-28,-102282587,90
0xf0c559af52bce48b3f3710604a59b4feaefd5555,0xfde4c96c8593536e31f229ea8f37b2ada2699bb2,USDT,6,2026-03-29,1011283240,241
0xf0c559af52bce48b3f3710604a59b4feaefd5555,0xfde4c96c8593536e31f229ea8f37b2ada2699bb2,USDT,6,2026-03-30,-218926348,249
0xf0c559af52bce48b3f3710604a59b4feaefd5555,0xfde4c96c8593536e31f229ea8f37b2ada2699bb2,USDT,6,2026-03-31,1499000493,338
0xf0c559af52bce48b3f3710604a59b4feaefd5555,0xfde4c96c8593536e31f229ea8f37b2ada2699bb2,USDT,6,2026-04-01,-567841481,376
0xf0c559af52bce48b3f3710604a59b4feaefd5555,0xfde4c96c8593536e31f229ea8f37b2ada2699bb2,USDT,6,2026-04-02,133885909,285
0xf0c559af52bce48b3f3710604a59b4feaefd5555,0xfde4c96c8593536e31f229ea8f37b2ada2699bb2,USDT,6,2026-04-03,-227058560,129
0xf0c559af52bce48b3f3710604a59b4feaefd5555,0xfde4c96c8593536e31f229ea8f37b2ada2699bb2,USDT,6,2026-04-04,-893815607,63
0xf0c559af52bce48b3f3710604a59b4feaefd5555,0xfde4c96c8593536e31f229ea8f37b2ada2699bb2,USDT,6,2026-04-05,913419635,102
0xf0c559af52bce48b3f3710604a59b4feaefd5555,0xfde4c96c8593536e31f229ea8f37b2ada2699bb2,USDT,6,2026-04-06,710062809,170
0xf0c559af52bce48b3f3710604a59b4feaefd5555,0xfde4c96c8593536e31f229ea8f37b2ada2699bb2,USDT,6,2026-04-07,1121092716,296
0xf0c559af52bce48b3f3710604a59b4feaefd5555,0xfde4c96c8593536e31f229ea8f37b2ada2699bb2,USDT,6,2026-04-08,-264221588,234
0xf0c559af52bce48b3f3710604a59b4feaefd5555,0xfde4c96c8593536e31f229ea8f37b2ada2699bb2,USDT,6,2026-04-09,167035395,271
0xf0c559af52bce48b3f3710604a59b4feaefd5555,0xfde4c96c8593536e31f229ea8f37b2ada2699bb2,USDT,6,2026-04-10,265915931,166
0xf0c559af52bce48b3f3710604a59b4feaefd5555,0xfde4c96c8593536e31f229ea8f37b2ada2699bb2,USDT,6,2026-04-11,-65784726,86
0xf0c559af52bce48b3f3710604a59b4feaefd5555,0xfde4c96c8593536e31f229ea8f37b2ada2699bb2,USDT,6,2026-04-12,-231916873,110
0xf0c559af52bce48b3f3710604a59b4feaefd5555,0xfde4c96c8593536e31f229ea8f37b2ada2699bb2,USDT,6,2026-04-13,1826303333,221
0xf0c559af52bce48b3f3710604a59b4feaefd5555,0xfde4c96c8593536e31f229ea8f37b2ada2699bb2,USDT,6,2026-04-14,239499093,217
0xf0c559af52bce48b3f3710604a59b4feaefd5555,0xfde4c96c8593536e31f229ea8f37b2ada2699bb2,USDT,6,2026-04-15,141916138,309
0xf0c559af52bce48b3f3710604a59b4feaefd5555,0xfde4c96c8593536e31f229ea8f37b2ada2699bb2,USDT,6,2026-04-16,-207753423,329
0xf0c559af52bce48b3f3710604a59b4feaefd5555,0xfde4c96c8593536e31f229ea8f37b2ada2699bb2,USDT,6,2026-04-17,1741166393,520
0xf0c559af52bce48b3f3710604a59b4feaefd5555,0xfde4c96c8593536e31f229ea8f37b2ada2699bb2,USDT,6,2026-04-18,6722302632,755
0xf0c559af52bce48b3f3710604a59b4feaefd5555,0xfde4c96c8593536e31f229ea8f37b2ada2699bb2,USDT,6,2026-04-19,-5540178970,224
0xf0c559af52bce48b3f3710604a59b4feaefd5555,0xfde4c96c8593536e31f229ea8f37b2ada2699bb2,USDT,6,2026-04-20,-917705646,309
0xf0c559af52bce48b3f3710604a59b4feaefd5555,0xfde4c96c8593536e31f229ea8f37b2ada2699bb2,USDT,6,2026-04-21,-2232187902,295
0xf0c559af52bce48b3f3710604a59b4feaefd5555,0xfde4c96c8593536e31f229ea8f37b2ada2699bb2,USDT,6,2026-04-22,-40954101,219
0xf0c559af52bce48b3f3710604a59b4feaefd5555,0xfde4c96c8593536e31f229ea8f37b2ada2699bb2,USDT,6,2026-04-23,79872968,241
0xf0c559af52bce48b3f3710604a59b4feaefd5555,0xfde4c96c8593536e31f229ea8f37b2ada2699bb2,USDT,6,2026-04-24,2376312981,219
0xf0c559af52bce48b3f3710604a59b4feaefd5555,0xfde4c96c8593536e31f229ea8f37b2ada2699bb2,USDT,6,2026-04-25,-205217029,115
0xf0c559af52bce48b3f3710604a59b4feaefd5555,0xfde4c96c8593536e31f229ea8f37b2ada2699bb2,USDT,6,2026-04-26,391012039,259
0xf0c559af52bce48b3f3710604a59b4feaefd5555,0xfde4c96c8593536e31f229ea8f37b2ada2699bb2,USDT,6,2026-04-27,-83410037,233
0xf0c559af52bce48b3f3710604a59b4feaefd5555,0xfde4c96c8593536e31f229ea8f37b2ada2699bb2,USDT,6,2026-04-28,-1220824306,236
0xf0c559af52bce48b3f3710604a59b4feaefd5555,0xfde4c96c8593536e31f229ea8f37b2ada2699bb2,USDT,6,2026-04-29,-52324431,341
0xf0c559af52bce48b3f3710604a59b4feaefd5555,0xfde4c96c8593536e31f229ea8f37b2ada2699bb2,USDT,6,2026-04-30,1683557083,425
0xf0c559af52bce48b3f3710604a59b4feaefd5555,0xfde4c96c8593536e31f229ea8f37b2ada2699bb2,USDT,6,2026-05-01,783390885,286
0xf0c559af52bce48b3f3710604a59b4feaefd5555,0xfde4c96c8593536e31f229ea8f37b2ada2699bb2,USDT,6,2026-05-02,129529941,104
0xf0c559af52bce48b3f3710604a59b4feaefd5555,0xfde4c96c8593536e31f229ea8f37b2ada2699bb2,USDT,6,2026-05-03,701241414,195
0xf0c559af52bce48b3f3710604a59b4feaefd5555,0xfde4c96c8593536e31f229ea8f37b2ada2699bb2,USDT,6,2026-05-04,-1727008666,389
0xf0c559af52bce48b3f3710604a59b4feaefd5555,0xfde4c96c8593536e31f229ea8f37b2ada2699bb2,USDT,6,2026-05-05,1754242015,346
0xf0c559af52bce48b3f3710604a59b4feaefd5555,0xfde4c96c8593536e31f229ea8f37b2ada2699bb2,USDT,6,2026-05-06,832250439,411
0xf0c559af52bce48b3f3710604a59b4feaefd5555,0xfde4c96c8593536e31f229ea8f37b2ada2699bb2,USDT,6,2026-05-07,-290524553,413
0xf0c559af52bce48b3f3710604a59b4feaefd5555,0xfde4c96c8593536e31f229ea8f37b2ada2699bb2,USDT,6,2026-05-08,2139013989,487
0xf0c559af52bce48b3f3710604a59b4feaefd5555,0xfde4c96c8593536e31f229ea8f37b2ada2699bb2,USDT,6,2026-05-09,114094763,167
0xf0c559af52bce48b3f3710604a59b4feaefd5555,0xfde4c96c8593536e31f229ea8f37b2ada2699bb2,USDT,6,2026-05-10,-1280794516,293
0xf0c559af52bce48b3f3710604a59b4feaefd5555,0xfde4c96c8593536e31f229ea8f37b2ada2699bb2,USDT,6,2026-05-11,623113006,303
0xf0c559af52bce48b3f3710604a59b4feaefd5555,0xfde4c96c8593536e31f229ea8f37b2ada2699bb2,USDT,6,2026-05-12,-810004592,473
0xf0c559af52bce48b3f3710604a59b4feaefd5555,0xfde4c96c8593536e31f229ea8f37b2ada2699bb2,USDT,6,2026-05-13,-309153404,432
0xf0c559af52bce48b3f3710604a59b4feaefd5555,0xfde4c96c8593536e31f229ea8f37b2ada2699bb2,USDT,6,2026-05-14,-4312545217,424
0xf0c559af52bce48b3f3710604a59b4feaefd5555,0xfde4c96c8593536e31f229ea8f37b2ada2699bb2,USDT,6,2026-05-15,-614065824,475
0xf0c559af52bce48b3f3710604a59b4feaefd5555,0xfde4c96c8593536e31f229ea8f37b2ada2699bb2,USDT,6,2026-05-16,-310017078,1042
0xf0c559af52bce48b3f3710604a59b4feaefd5555,0xfde4c96c8593536e31f229ea8f37b2ada2699bb2,USDT,6,2026-05-17,343082702,2010
0xf0c559af52bce48b3f3710604a59b4feaefd5555,0xfde4c96c8593536e31f229ea8f37b2ada2699bb2,USDT,6,2026-05-18,1366025860,4157
0xf0c559af52bce48b3f3710604a59b4feaefd5555,0xfde4c96c8593536e31f229ea8f37b2ada2699bb2,USDT,6,2026-05-19,-1246522155,3084
0xf0c559af52bce48b3f3710604a59b4feaefd5555,0xfde4c96c8593536e31f229ea8f37b2ada2699bb2,USDT,6,2026-05-20,5684710498,3742
0xf0c559af52bce48b3f3710604a59b4feaefd5555,0xfde4c96c8593536e31f229ea8f37b2ada2699bb2,USDT,6,2026-05-21,11080654966,3327
0xf0c559af52bce48b3f3710604a59b4feaefd5555,0xfde4c96c8593536e31f229ea8f37b2ada2699bb2,USDT,6,2026-05-22,-8834183250,994
0xf0c559af52bce48b3f3710604a59b4feaefd5555,0xfde4c96c8593536e31f229ea8f37b2ada2699bb2,USDT,6,2026-05-23,-1996959111,352
0xf0c559af52bce48b3f3710604a59b4feaefd5555,0xfde4c96c8593536e31f229ea8f37b2ada2699bb2,USDT,6,2026-05-24,8013799320,466
0xf0c559af52bce48b3f3710604a59b4feaefd5555,0xfde4c96c8593536e31f229ea8f37b2ada2699bb2,USDT,6,2026-05-25,-8773281186,791
0xf0c559af52bce48b3f3710604a59b4feaefd5555,0xfde4c96c8593536e31f229ea8f37b2ada2699bb2,USDT,6,2026-05-26,1870746473,1126
0xf0c559af52bce48b3f3710604a59b4feaefd5555,0xfde4c96c8593536e31f229ea8f37b2ada2699bb2,USDT,6,2026-05-27,-9652109472,770
0xf0c559af52bce48b3f3710604a59b4feaefd5555,0xfde4c96c8593536e31f229ea8f37b2ada2699bb2,USDT,6,2026-05-28,8826628994,540
0xf0c559af52bce48b3f3710604a59b4feaefd5555,0xfde4c96c8593536e31f229ea8f37b2ada2699bb2,USDT,6,2026-05-29,2859604648,593
0xf0c559af52bce48b3f3710604a59b4feaefd5555,0xfde4c96c8593536e31f229ea8f37b2ada2699bb2,USDT,6,2026-05-30,3324712211,152
0xf0c559af52bce48b3f3710604a59b4feaefd5555,0xfde4c96c8593536e31f229ea8f37b2ada2699bb2,USDT,6,2026-05-31,-1478133139,228
0xf0c559af52bce48b3f3710604a59b4feaefd5555,0xfde4c96c8593536e31f229ea8f37b2ada2699bb2,USDT,6,2026-06-01,-2352310513,556
0xf0c559af52bce48b3f3710604a59b4feaefd5555,0xfde4c96c8593536e31f229ea8f37b2ada2699bb2,USDT,6,2026-06-02,-3262351134,826
0xf0c559af52bce48b3f3710604a59b4feaefd5555,0xfde4c96c8593536e31f229ea8f37b2ada2699bb2,USDT,6,2026-06-03,-3279363537,627
0xf0c559af52bce48b3f3710604a59b4feaefd5555,0xfde4c96c8593536e31f229ea8f37b2ada2699bb2,USDT,6,2026-06-04,2184964236,538
0xf0c559af52bce48b3f3710604a59b4feaefd5555,0xfde4c96c8593536e31f229ea8f37b2ada2699bb2,USDT,6,2026-06-05,-8131481549,684
0xf0c559af52bce48b3f3710604a59b4feaefd5555,0xfde4c96c8593536e31f229ea8f37b2ada2699bb2,USDT,6,2026-06-06,-73612265,431
0xf0c559af52bce48b3f3710604a59b4feaefd5555,0xfde4c96c8593536e31f229ea8f37b2ada2699bb2,USDT,6,2026-06-07,1632399691,789
0xf0c559af52bce48b3f3710604a59b4feaefd5555,0xfde4c96c8593536e31f229ea8f37b2ada2699bb2,USDT,6,2026-06-08,993863673,2749
0xf0c559af52bce48b3f3710604a59b4feaefd5555,0xfde4c96c8593536e31f229ea8f37b2ada2699bb2,USDT,6,2026-06-09,7226924599,1962
0xf0c559af52bce48b3f3710604a59b4feaefd5555,0xfde4c96c8593536e31f229ea8f37b2ada2699bb2,USDT,6,2026-06-10,-5321210326,1630
0xf0c559af52bce48b3f3710604a59b4feaefd5555,0xfde4c96c8593536e31f229ea8f37b2ada2699bb2,USDT,6,2026-06-11,6568491792,1936
0xf0c559af52bce48b3f3710604a59b4feaefd5555,0xfde4c96c8593536e31f229ea8f37b2ada2699bb2,USDT,6,2026-06-12,-3646749966,1174
0xf0c559af52bce48b3f3710604a59b4feaefd5555,0xfde4c96c8593536e31f229ea8f37b2ada2699bb2,USDT,6,2026-06-13,2039142467,585
0xf0c559af52bce48b3f3710604a59b4feaefd5555,0xfde4c96c8593536e31f229ea8f37b2ada2699bb2,USDT,6,2026-06-14,8405474907,1456
0xf0c559af52bce48b3f3710604a59b4feaefd5555,0xfde4c96c8593536e31f229ea8f37b2ada2699bb2,USDT,6,2026-06-15,-6456193692,2741
0xf0c559af52bce48b3f3710604a59b4feaefd5555,0xfde4c96c8593536e31f229ea8f37b2ada2699bb2,USDT,6,2026-06-16,7566647602,1248
0xf0c559af52bce48b3f3710604a59b4feaefd5555,0xfde4c96c8593536e31f229ea8f37b2ada2699bb2,USDT,6,2026-06-17,-16527286108,693
0xf0c559af52bce48b3f3710604a59b4feaefd5555,0xfde4c96c8593536e31f229ea8f37b2ada2699bb2,USDT,6,2026-06-18,-1615865343,618
0xf0c559af52bce48b3f3710604a59b4feaefd5555,0xfde4c96c8593536e31f229ea8f37b2ada2699bb2,USDT,6,2026-06-19,7987523111,1974
0xf0c559af52bce48b3f3710604a59b4feaefd5555,0xfde4c96c8593536e31f229ea8f37b2ada2699bb2,USDT,6,2026-06-20,1005734998,2504
0xf0c559af52bce48b3f3710604a59b4feaefd5555,0xfde4c96c8593536e31f229ea8f37b2ada2699bb2,USDT,6,2026-06-21,-4376956296,1230
0xf0c559af52bce48b3f3710604a59b4feaefd5555,0xfde4c96c8593536e31f229ea8f37b2ada2699bb2,USDT,6,2026-06-22,-2348989247,1324
0xf0c559af52bce48b3f3710604a59b4feaefd5555,0xfde4c96c8593536e31f229ea8f37b2ada2699bb2,USDT,6,2026-06-23,-3863083795,1556
0xf0c559af52bce48b3f3710604a59b4feaefd5555,0xfde4c96c8593536e31f229ea8f37b2ada2699bb2,USDT,6,2026-06-24,4770788192,1498
0xf0c559af52bce48b3f3710604a59b4feaefd5555,0xfde4c96c8593536e31f229ea8f37b2ada2699bb2,USDT,6,2026-06-25,6812992391,1136
0xf0c559af52bce48b3f3710604a59b4feaefd5555,0xfde4c96c8593536e31f229ea8f37b2ada2699bb2,USDT,6,2026-06-26,-4208334718,2689
0xf0c559af52bce48b3f3710604a59b4feaefd5555,0xfde4c96c8593536e31f229ea8f37b2ada2699bb2,USDT,6,2026-06-27,10672566811,1589
0xf0c559af52bce48b3f3710604a59b4feaefd5555,0xfde4c96c8593536e31f229ea8f37b2ada2699bb2,USDT,6,2026-06-28,5532043814,1389
0xf0c559af52bce48b3f3710604a59b4feaefd5555,0xfde4c96c8593536e31f229ea8f37b2ada2699bb2,USDT,6,2026-06-29,-7322825483,2791
0xf0c559af52bce48b3f3710604a59b4feaefd5555,0xfde4c96c8593536e31f229ea8f37b2ada2699bb2,USDT,6,2026-06-30,5264419334,2720
0xf0c559af52bce48b3f3710604a59b4feaefd5555,0xfde4c96c8593536e31f229ea8f37b2ada2699bb2,USDT,6,2026-07-01,-4948880543,2423
0xf0c559af52bce48b3f3710604a59b4feaefd5555,0xfde4c96c8593536e31f229ea8f37b2ada2699bb2,USDT,6,2026-07-02,46105964989,2735
0xf0c559af52bce48b3f3710604a59b4feaefd5555,0xfde4c96c8593536e31f229ea8f37b2ada2699bb2,USDT,6,2026-07-03,-17440592467,1788
0xf0c559af52bce48b3f3710604a59b4feaefd5555,0xfde4c96c8593536e31f229ea8f37b2ada2699bb2,USDT,6,2026-07-04,2061843655,1772
0xf0c559af52bce48b3f3710604a59b4feaefd5555,0xfde4c96c8593536e31f229ea8f37b2ada2699bb2,USDT,6,2026-07-05,1610963729,1582
0xf0c559af52bce48b3f3710604a59b4feaefd5555,0xfde4c96c8593536e31f229ea8f37b2ada2699bb2,USDT,6,2026-07-06,-9032841969,1909
0xf0c559af52bce48b3f3710604a59b4feaefd5555,0xfde4c96c8593536e31f229ea8f37b2ada2699bb2,USDT,6,2026-07-07,-7769377197,2190
0xf0c559af52bce48b3f3710604a59b4feaefd5555,0xfde4c96c8593536e31f229ea8f37b2ada2699bb2,USDT,6,2026-07-08,2376532671,2262
0xf0c559af52bce48b3f3710604a59b4feaefd5555,0xfde4c96c8593536e31f229ea8f37b2ada2699bb2,USDT,6,2026-07-09,3744514264,1609
0xf0c559af52bce48b3f3710604a59b4feaefd5555,0xfde4c96c8593536e31f229ea8f37b2ada2699bb2,USDT,6,2026-07-10,-21534669040,1527
0xf0c559af52bce48b3f3710604a59b4feaefd5555,0xfde4c96c8593536e31f229ea8f37b2ada2699bb2,USDT,6,2026-07-11,1300408596,2072
0xf0c559af52bce48b3f3710604a59b4feaefd5555,0xfde4c96c8593536e31f229ea8f37b2ada2699bb2,USDT,6,2026-07-12,-926419826,3433
0xf0c559af52bce48b3f3710604a59b4feaefd5555,0xfde4c96c8593536e31f229ea8f37b2ada2699bb2,USDT,6,2026-07-13,3246390755,3687
0xf0c559af52bce48b3f3710604a59b4feaefd5555,0xfde4c96c8593536e31f229ea8f37b2ada2699bb2,USDT,6,2026-07-14,23314395957,3024
0xf0c559af52bce48b3f3710604a59b4feaefd5555,0xfde4c96c8593536e31f229ea8f37b2ada2699bb2,USDT,6,2026-07-15,9101430222,2105
0xf0c559af52bce48b3f3710604a59b4feaefd5555,0xfde4c96c8593536e31f229ea8f37b2ada2699bb2,USDT,6,2026-07-16,-12946273735,2085
0xf0c559af52bce48b3f3710604a59b4feaefd5555,0xfde4c96c8593536e31f229ea8f37b2ada2699bb2,USDT,6,2026-07-17,-1420726000,1612
0xf0c559af52bce48b3f3710604a59b4feaefd5555,0xfde4c96c8593536e31f229ea8f37b2ada2699bb2,USDT,6,2026-07-18,-1201886112,1464
0xf0c559af52bce48b3f3710604a59b4feaefd5555,0xfde4c96c8593536e31f229ea8f37b2ada2699bb2,USDT,6,2026-07-19,4287276736,1176
0xf0c559af52bce48b3f3710604a59b4feaefd5555,0xfde4c96c8593536e31f229ea8f37b2ada2699bb2,USDT,6,2026-07-20,-10311172585,1760
0xf0c559af52bce48b3f3710604a59b4feaefd5555,0xfde4c96c8593536e31f229ea8f37b2ada2699bb2,USDT,6,2026-07-21,-2866872286,1942
0xf0c559af52bce48b3f3710604a59b4feaefd5555,0xfde4c96c8593536e31f229ea8f37b2ada2699bb2,USDT,6,2026-07-22,13115802256,3418
0xf0c559af52bce48b3f3710604a59b4feaefd5555,0xfde4c96c8593536e31f229ea8f37b2ada2699bb2,USDT,6,2026-07-23,-29345531161,5860
0xf0c559af52bce48b3f3710604a59b4feaefd5555,0xfde4c96c8593536e31f229ea8f37b2ada2699bb2,USDT,6,2026-07-24,1234346959,4301
