event,pool_id,block_number,log_index,local_date,currency0,currency1,tick_lower,tick_upper,liquidity_delta,sqrt_price_x96,tick,liquidity,n_events
init,0x02a4a0db44682be4d5c4c7809c0c96c4f0464d9b565d9fcdf536b23738277d9f,44069376,676,2026-03-30,0x449b3317a6d1efb1bc3ba0700c9eaa4ffff4ae65,0x833589fcd6edb6e08f4c7c32d4f71b54bda02913,,,,65563398847167761724167591895,-3787,,1
modify,0x02a4a0db44682be4d5c4c7809c0c96c4f0464d9b565d9fcdf536b23738277d9f,44069376,678,2026-03-30,,,-8895,-422,31209950,,,,1
price,0x02a4a0db44682be4d5c4c7809c0c96c4f0464d9b565d9fcdf536b23738277d9f,44113476,699,2026-03-31,,,,,,65786017393871246064426574582,-3719,31209950,1
modify,0x02a4a0db44682be4d5c4c7809c0c96c4f0464d9b565d9fcdf536b23738277d9f,44131758,16,2026-04-01,,,-3741,-3696,36115147782,,,,1
price,0x02a4a0db44682be4d5c4c7809c0c96c4f0464d9b565d9fcdf536b23738277d9f,44157641,17,2026-04-01,,,,,,65639852517877601127195977370,-3764,31209950,7
modify,0x02a4a0db44682be4d5c4c7809c0c96c4f0464d9b565d9fcdf536b23738277d9f,44169802,1105,2026-04-02,,,-3863,-3669,8819536327,,,,1
modify,0x02a4a0db44682be4d5c4c7809c0c96c4f0464d9b565d9fcdf536b23738277d9f,44169840,469,2026-04-02,,,-3863,-3669,61417253683,,,,1
modify,0x02a4a0db44682be4d5c4c7809c0c96c4f0464d9b565d9fcdf536b23738277d9f,44170525,568,2026-04-02,,,-3741,-3696,-36115147782,,,,1
modify,0x02a4a0db44682be4d5c4c7809c0c96c4f0464d9b565d9fcdf536b23738277d9f,44170538,798,2026-04-02,,,-3796,-3688,18939370079,,,,1
modify,0x02a4a0db44682be4d5c4c7809c0c96c4f0464d9b565d9fcdf536b23738277d9f,44172404,839,2026-04-02,,,-3863,-3669,60117215738,,,,1
modify,0x02a4a0db44682be4d5c4c7809c0c96c4f0464d9b565d9fcdf536b23738277d9f,44178883,513,2026-04-02,,,-3863,-3669,10477355974,,,,1
price,0x02a4a0db44682be4d5c4c7809c0c96c4f0464d9b565d9fcdf536b23738277d9f,44202898,685,2026-04-02,,,,,,65781190130524311901707462335,-3721,159801941751,28
modify,0x02a4a0db44682be4d5c4c7809c0c96c4f0464d9b565d9fcdf536b23738277d9f,44223061,907,2026-04-03,,,-3727,-3717,1246790464761,,,,1
modify,0x02a4a0db44682be4d5c4c7809c0c96c4f0464d9b565d9fcdf536b23738277d9f,44223201,305,2026-04-03,,,-3727,-3717,86143479912,,,,1
price,0x02a4a0db44682be4d5c4c7809c0c96c4f0464d9b565d9fcdf536b23738277d9f,44230762,431,2026-04-03,,,,,,65693465307631054114724865709,-3747,159801941751,20
modify,0x02a4a0db44682be4d5c4c7809c0c96c4f0464d9b565d9fcdf536b23738277d9f,44253109,717,2026-04-04,,,-3726,-3725,16992289878520,,,,1
modify,0x02a4a0db44682be4d5c4c7809c0c96c4f0464d9b565d9fcdf536b23738277d9f,44256891,2375,2026-04-04,,,-3726,-3725,-16992289878520,,,,1
modify,0x02a4a0db44682be4d5c4c7809c0c96c4f0464d9b565d9fcdf536b23738277d9f,44265867,315,2026-04-04,,,-3727,-3717,-1332933944673,,,,1
modify,0x02a4a0db44682be4d5c4c7809c0c96c4f0464d9b565d9fcdf536b23738277d9f,44265975,390,2026-04-04,,,-3741,-3714,1024208204105,,,,1
price,0x02a4a0db44682be4d5c4c7809c0c96c4f0464d9b565d9fcdf536b23738277d9f,44284079,749,2026-04-04,,,,,,65714643125719263525060905368,-3741,1184010145856,28
modify,0x02a4a0db44682be4d5c4c7809c0c96c4f0464d9b565d9fcdf536b23738277d9f,44292154,352,2026-04-05,,,-3741,-3714,-1024208204105,,,,1
modify,0x02a4a0db44682be4d5c4c7809c0c96c4f0464d9b565d9fcdf536b23738277d9f,44292198,414,2026-04-05,,,-3762,-3722,677262058214,,,,1
price,0x02a4a0db44682be4d5c4c7809c0c96c4f0464d9b565d9fcdf536b23738277d9f,44327880,522,2026-04-05,,,,,,65734719073748085921666771938,-3735,837063999965,68
modify,0x02a4a0db44682be4d5c4c7809c0c96c4f0464d9b565d9fcdf536b23738277d9f,44341314,261,2026-04-06,,,-3762,-3722,-677262058214,,,,1
modify,0x02a4a0db44682be4d5c4c7809c0c96c4f0464d9b565d9fcdf536b23738277d9f,44341456,757,2026-04-06,,,-3692,-3653,701757966328,,,,1
price,0x02a4a0db44682be4d5c4c7809c0c96c4f0464d9b565d9fcdf536b23738277d9f,44373986,845,2026-04-06,,,,,,65850665495943051821639830082,-3700,159801941751,45
modify,0x02a4a0db44682be4d5c4c7809c0c96c4f0464d9b565d9fcdf536b23738277d9f,44375685,584,2026-04-06,,,-3692,-3653,-701757966328,,,,1
modify,0x02a4a0db44682be4d5c4c7809c0c96c4f0464d9b565d9fcdf536b23738277d9f,44375730,530,2026-04-06,,,-3723,-3673,525363792333,,,,1
modify,0x02a4a0db44682be4d5c4c7809c0c96c4f0464d9b565d9fcdf536b23738277d9f,44378274,483,2026-04-07,,,-3796,-3688,-18939370079,,,,1
modify,0x02a4a0db44682be4d5c4c7809c0c96c4f0464d9b565d9fcdf536b23738277d9f,44397621,223,2026-04-07,,,-3863,-3669,0,,,,1
modify,0x02a4a0db44682be4d5c4c7809c0c96c4f0464d9b565d9fcdf536b23738277d9f,44397639,267,2026-04-07,,,-3863,-3669,-140831361722,,,,1
modify,0x02a4a0db44682be4d5c4c7809c0c96c4f0464d9b565d9fcdf536b23738277d9f,44397653,327,2026-04-07,,,-3723,-3673,0,,,,1
modify,0x02a4a0db44682be4d5c4c7809c0c96c4f0464d9b565d9fcdf536b23738277d9f,44397673,365,2026-04-07,,,-3723,-3673,-525363792333,,,,1
modify,0x02a4a0db44682be4d5c4c7809c0c96c4f0464d9b565d9fcdf536b23738277d9f,44397754,461,2026-04-07,,,-3702,-3636,832299545632,,,,1
modify,0x02a4a0db44682be4d5c4c7809c0c96c4f0464d9b565d9fcdf536b23738277d9f,44415941,733,2026-04-07,,,-3638,-3538,33831555500,,,,1
modify,0x02a4a0db44682be4d5c4c7809c0c96c4f0464d9b565d9fcdf536b23738277d9f,44415975,65,2026-04-07,,,-3638,-3538,450297792729,,,,1
price,0x02a4a0db44682be4d5c4c7809c0c96c4f0464d9b565d9fcdf536b23738277d9f,44419210,848,2026-04-07,,,,,,66303702235638057413040872081,-3562,484160558179,58
modify,0x02a4a0db44682be4d5c4c7809c0c96c4f0464d9b565d9fcdf536b23738277d9f,44419961,355,2026-04-08,,,-3702,-3636,-832299545632,,,,1
modify,0x02a4a0db44682be4d5c4c7809c0c96c4f0464d9b565d9fcdf536b23738277d9f,44423365,482,2026-04-08,,,-3591,-3486,228887493347,,,,1
price,0x02a4a0db44682be4d5c4c7809c0c96c4f0464d9b565d9fcdf536b23738277d9f,44458245,120,2026-04-08,,,,,,66431223977902684096372888256,-3524,228918703297,74
modify,0x02a4a0db44682be4d5c4c7809c0c96c4f0464d9b565d9fcdf536b23738277d9f,44476724,7,2026-04-09,,,-3524,-3523,30638646509263,,,,1
modify,0x02a4a0db44682be4d5c4c7809c0c96c4f0464d9b565d9fcdf536b23738277d9f,44476900,41,2026-04-09,,,-3524,-3523,-30638646509263,,,,1
price,0x02a4a0db44682be4d5c4c7809c0c96c4f0464d9b565d9fcdf536b23738277d9f,44501632,510,2026-04-09,,,,,,66555690812114617263896683290,-3487,228918703297,19
price,0x02a4a0db44682be4d5c4c7809c0c96c4f0464d9b565d9fcdf536b23738277d9f,44517364,474,2026-04-10,,,,,,66555736945399165369708087793,-3487,228918703297,7
modify,0x02a4a0db44682be4d5c4c7809c0c96c4f0464d9b565d9fcdf536b23738277d9f,44564190,61,2026-04-11,,,-3638,-3538,-484129348229,,,,1
modify,0x02a4a0db44682be4d5c4c7809c0c96c4f0464d9b565d9fcdf536b23738277d9f,44564672,601,2026-04-11,,,-3519,-3456,396457180109,,,,1
price,0x02a4a0db44682be4d5c4c7809c0c96c4f0464d9b565d9fcdf536b23738277d9f,44570888,610,2026-04-11,,,,,,66622093257079660440507196841,-3467,396488390059,5
modify,0x02a4a0db44682be4d5c4c7809c0c96c4f0464d9b565d9fcdf536b23738277d9f,44613275,654,2026-04-12,,,-3591,-3486,0,,,,1
modify,0x02a4a0db44682be4d5c4c7809c0c96c4f0464d9b565d9fcdf536b23738277d9f,44613291,469,2026-04-12,,,-3591,-3486,-228887493347,,,,1
modify,0x02a4a0db44682be4d5c4c7809c0c96c4f0464d9b565d9fcdf536b23738277d9f,44613407,537,2026-04-12,,,-3547,-3385,148015976050,,,,1
price,0x02a4a0db44682be4d5c4c7809c0c96c4f0464d9b565d9fcdf536b23738277d9f,44626326,575,2026-04-12,,,,,,66430461735124258181090117730,-3524,148047186000,20
modify,0x02a4a0db44682be4d5c4c7809c0c96c4f0464d9b565d9fcdf536b23738277d9f,44640622,557,2026-04-13,,,-3519,-3456,-396457180109,,,,1
modify,0x02a4a0db44682be4d5c4c7809c0c96c4f0464d9b565d9fcdf536b23738277d9f,44640665,653,2026-04-13,,,-3529,-3435,281727227378,,,,1
price,0x02a4a0db44682be4d5c4c7809c0c96c4f0464d9b565d9fcdf536b23738277d9f,44655724,609,2026-04-13,,,,,,66618619960733689185922851051,-3468,429774413378,28
modify,0x02a4a0db44682be4d5c4c7809c0c96c4f0464d9b565d9fcdf536b23738277d9f,44693504,68,2026-04-14,,,-3547,-3385,-148015976050,,,,1
modify,0x02a4a0db44682be4d5c4c7809c0c96c4f0464d9b565d9fcdf536b23738277d9f,44693606,328,2026-04-14,,,-3490,-3281,114144733704,,,,1
price,0x02a4a0db44682be4d5c4c7809c0c96c4f0464d9b565d9fcdf536b23738277d9f,44721357,511,2026-04-14,,,,,,66872671810968484229534975497,-3391,114175943654,65
modify,0x02a4a0db44682be4d5c4c7809c0c96c4f0464d9b565d9fcdf536b23738277d9f,44733393,346,2026-04-15,,,-3393,-3392,14347768756948,,,,1
modify,0x02a4a0db44682be4d5c4c7809c0c96c4f0464d9b565d9fcdf536b23738277d9f,44736194,627,2026-04-15,,,-3393,-3392,-14347768756948,,,,1
modify,0x02a4a0db44682be4d5c4c7809c0c96c4f0464d9b565d9fcdf536b23738277d9f,44750140,559,2026-04-15,,,-3456,-3256,1684850227,,,,1
price,0x02a4a0db44682be4d5c4c7809c0c96c4f0464d9b565d9fcdf536b23738277d9f,44762621,685,2026-04-15,,,,,,67131620379439218543134235529,-3314,115860793881,21
modify,0x02a4a0db44682be4d5c4c7809c0c96c4f0464d9b565d9fcdf536b23738277d9f,44776860,730,2026-04-16,,,-3356,-3336,23646899891,,,,1
modify,0x02a4a0db44682be4d5c4c7809c0c96c4f0464d9b565d9fcdf536b23738277d9f,44780693,416,2026-04-16,,,-3356,-3336,-23646899891,,,,1
price,0x02a4a0db44682be4d5c4c7809c0c96c4f0464d9b565d9fcdf536b23738277d9f,44792579,1119,2026-04-16,,,,,,67003648902352448207164091045,-3352,115860793881,11
modify,0x02a4a0db44682be4d5c4c7809c0c96c4f0464d9b565d9fcdf536b23738277d9f,44792827,743,2026-04-16,,,-3456,-3256,1521718202,,,,1
modify,0x02a4a0db44682be4d5c4c7809c0c96c4f0464d9b565d9fcdf536b23738277d9f,44812538,65,2026-04-17,,,-3794,-3276,10561496295,,,,1
modify,0x02a4a0db44682be4d5c4c7809c0c96c4f0464d9b565d9fcdf536b23738277d9f,44833268,313,2026-04-17,,,-3794,-3276,-10561496295,,,,1
price,0x02a4a0db44682be4d5c4c7809c0c96c4f0464d9b565d9fcdf536b23738277d9f,44848662,375,2026-04-17,,,,,,67010831356327443137439800054,-3350,117382512083,30
price,0x02a4a0db44682be4d5c4c7809c0c96c4f0464d9b565d9fcdf536b23738277d9f,44880184,405,2026-04-18,,,,,,67072506374687236361006615207,-3332,117382512083,4
modify,0x02a4a0db44682be4d5c4c7809c0c96c4f0464d9b565d9fcdf536b23738277d9f,44903515,702,2026-04-19,,,-3456,-3256,3125037915,,,,1
price,0x02a4a0db44682be4d5c4c7809c0c96c4f0464d9b565d9fcdf536b23738277d9f,44924515,474,2026-04-19,,,,,,66894317719055553911963096811,-3385,120507549998,5
modify,0x02a4a0db44682be4d5c4c7809c0c96c4f0464d9b565d9fcdf536b23738277d9f,44929480,541,2026-04-19,,,-3405,-3365,60568867604,,,,1
modify,0x02a4a0db44682be4d5c4c7809c0c96c4f0464d9b565d9fcdf536b23738277d9f,44945220,213,2026-04-20,,,-3838,-3238,3987353071,,,,1
modify,0x02a4a0db44682be4d5c4c7809c0c96c4f0464d9b565d9fcdf536b23738277d9f,44954322,472,2026-04-20,,,-3405,-3365,-60568867604,,,,1
price,0x02a4a0db44682be4d5c4c7809c0c96c4f0464d9b565d9fcdf536b23738277d9f,44955680,168,2026-04-20,,,,,,67032385826308195175707565163,-3344,124494903069,10
price,0x02a4a0db44682be4d5c4c7809c0c96c4f0464d9b565d9fcdf536b23738277d9f,45022830,874,2026-04-21,,,,,,66935674439136599274866891050,-3373,124494903069,28
modify,0x02a4a0db44682be4d5c4c7809c0c96c4f0464d9b565d9fcdf536b23738277d9f,45036718,534,2026-04-22,,,-3547,-3328,2520567544,,,,1
price,0x02a4a0db44682be4d5c4c7809c0c96c4f0464d9b565d9fcdf536b23738277d9f,45063311,487,2026-04-22,,,,,,66937737970655063897231746254,-3372,127015470613,9
modify,0x02a4a0db44682be4d5c4c7809c0c96c4f0464d9b565d9fcdf536b23738277d9f,45074278,40,2026-04-23,,,-3545,-3046,7372453732,,,,1
modify,0x02a4a0db44682be4d5c4c7809c0c96c4f0464d9b565d9fcdf536b23738277d9f,45074352,449,2026-04-23,,,-3545,-3046,13039675090,,,,1
modify,0x02a4a0db44682be4d5c4c7809c0c96c4f0464d9b565d9fcdf536b23738277d9f,45074433,92,2026-04-23,,,-3545,-3046,3435668309,,,,1
price,0x02a4a0db44682be4d5c4c7809c0c96c4f0464d9b565d9fcdf536b23738277d9f,45107781,658,2026-04-23,,,,,,66862772883595917903225197473,-3394,150863267744,27
modify,0x02a4a0db44682be4d5c4c7809c0c96c4f0464d9b565d9fcdf536b23738277d9f,45115273,396,2026-04-24,,,-3489,-3289,228264109207,,,,1
price,0x02a4a0db44682be4d5c4c7809c0c96c4f0464d9b565d9fcdf536b23738277d9f,45148237,294,2026-04-24,,,,,,66949943620359693784644436352,-3368,379127376951,14
price,0x02a4a0db44682be4d5c4c7809c0c96c4f0464d9b565d9fcdf536b23738277d9f,45186027,82,2026-04-25,,,,,,66939272763277611685798901158,-3372,379127376951,5
modify,0x02a4a0db44682be4d5c4c7809c0c96c4f0464d9b565d9fcdf536b23738277d9f,45196860,349,2026-04-25,,,-3382,-3362,618477464926,,,,1
modify,0x02a4a0db44682be4d5c4c7809c0c96c4f0464d9b565d9fcdf536b23738277d9f,45217269,548,2026-04-26,,,-3456,-3256,1329931953,,,,1
modify,0x02a4a0db44682be4d5c4c7809c0c96c4f0464d9b565d9fcdf536b23738277d9f,45219035,228,2026-04-26,,,-3456,-3256,2065389673,,,,1
price,0x02a4a0db44682be4d5c4c7809c0c96c4f0464d9b565d9fcdf536b23738277d9f,45235149,1211,2026-04-26,,,,,,66978696009706105924317588284,-3360,382522698577,21
modify,0x02a4a0db44682be4d5c4c7809c0c96c4f0464d9b565d9fcdf536b23738277d9f,45238787,1641,2026-04-26,,,-3529,-3435,-281727227378,,,,1
modify,0x02a4a0db44682be4d5c4c7809c0c96c4f0464d9b565d9fcdf536b23738277d9f,45282169,605,2026-04-27,,,-3382,-3362,-618477464926,,,,1
price,0x02a4a0db44682be4d5c4c7809c0c96c4f0464d9b565d9fcdf536b23738277d9f,45283146,314,2026-04-27,,,,,,67053267334201718025100852202,-3338,382522698577,23
price,0x02a4a0db44682be4d5c4c7809c0c96c4f0464d9b565d9fcdf536b23738277d9f,45325701,401,2026-04-28,,,,,,66997803799140164950971066900,-3354,382522698577,30
price,0x02a4a0db44682be4d5c4c7809c0c96c4f0464d9b565d9fcdf536b23738277d9f,45363501,61,2026-04-29,,,,,,66863428888472136754662728464,-3394,382522698577,21
modify,0x02a4a0db44682be4d5c4c7809c0c96c4f0464d9b565d9fcdf536b23738277d9f,45378684,130,2026-04-30,,,-3700,-3094,100926135757,,,,1
modify,0x02a4a0db44682be4d5c4c7809c0c96c4f0464d9b565d9fcdf536b23738277d9f,45379526,2439,2026-04-30,,,-3700,-3094,-100926135757,,,,1
price,0x02a4a0db44682be4d5c4c7809c0c96c4f0464d9b565d9fcdf536b23738277d9f,45408744,148,2026-04-30,,,,,,67131369876536998903908156943,-3314,380002131033,36
modify,0x02a4a0db44682be4d5c4c7809c0c96c4f0464d9b565d9fcdf536b23738277d9f,45432418,586,2026-05-01,,,-3490,-3281,0,,,,1
modify,0x02a4a0db44682be4d5c4c7809c0c96c4f0464d9b565d9fcdf536b23738277d9f,45432437,308,2026-05-01,,,-3490,-3281,-114144733704,,,,1
modify,0x02a4a0db44682be4d5c4c7809c0c96c4f0464d9b565d9fcdf536b23738277d9f,45432588,398,2026-05-01,,,-3341,-3237,247346885258,,,,1
price,0x02a4a0db44682be4d5c4c7809c0c96c4f0464d9b565d9fcdf536b23738277d9f,45454703,330,2026-05-01,,,,,,67167503005907780153376754247,-3304,513204282587,43
price,0x02a4a0db44682be4d5c4c7809c0c96c4f0464d9b565d9fcdf536b23738277d9f,45464573,290,2026-05-02,,,,,,67165754653626386418148163998,-3304,513204282587,1
modify,0x02a4a0db44682be4d5c4c7809c0c96c4f0464d9b565d9fcdf536b23738277d9f,45530556,150,2026-05-03,,,-3456,-3256,-4863463985,,,,1
price,0x02a4a0db44682be4d5c4c7809c0c96c4f0464d9b565d9fcdf536b23738277d9f,45535384,555,2026-05-03,,,,,,67200813107459825239450264771,-3294,508340818602,6
modify,0x02a4a0db44682be4d5c4c7809c0c96c4f0464d9b565d9fcdf536b23738277d9f,45568510,248,2026-05-04,,,-3341,-3237,-247346885258,,,,1
modify,0x02a4a0db44682be4d5c4c7809c0c96c4f0464d9b565d9fcdf536b23738277d9f,45568610,157,2026-05-04,,,-3454,-3249,123783325530,,,,1
price,0x02a4a0db44682be4d5c4c7809c0c96c4f0464d9b565d9fcdf536b23738277d9f,45584822,504,2026-05-04,,,,,,66953642301198765353875993324,-3367,387297826418,38
modify,0x02a4a0db44682be4d5c4c7809c0c96c4f0464d9b565d9fcdf536b23738277d9f,45626491,459,2026-05-05,,,-3454,-3249,-123783325530,,,,1
modify,0x02a4a0db44682be4d5c4c7809c0c96c4f0464d9b565d9fcdf536b23738277d9f,45626580,77,2026-05-05,,,-3293,-3193,288935952013,,,,1
price,0x02a4a0db44682be4d5c4c7809c0c96c4f0464d9b565d9fcdf536b23738277d9f,45626941,244,2026-05-05,,,,,,67387916254306660589423973478,-3238,312814959094,39
modify,0x02a4a0db44682be4d5c4c7809c0c96c4f0464d9b565d9fcdf536b23738277d9f,45628404,163,2026-05-05,,,-3489,-3289,-228264109207,,,,1
modify,0x02a4a0db44682be4d5c4c7809c0c96c4f0464d9b565d9fcdf536b23738277d9f,45629149,535,2026-05-06,,,-3268,-3186,499154721809,,,,1
modify,0x02a4a0db44682be4d5c4c7809c0c96c4f0464d9b565d9fcdf536b23738277d9f,45636004,165,2026-05-06,,,-3545,-3046,-23847797131,,,,1
modify,0x02a4a0db44682be4d5c4c7809c0c96c4f0464d9b565d9fcdf536b23738277d9f,45642700,127,2026-05-06,,,-3456,-3256,-4863463985,,,,1
price,0x02a4a0db44682be4d5c4c7809c0c96c4f0464d9b565d9fcdf536b23738277d9f,45663169,380,2026-05-06,,,,,,67381544517131942968446684356,-3240,792109236843,28
price,0x02a4a0db44682be4d5c4c7809c0c96c4f0464d9b565d9fcdf536b23738277d9f,45696486,155,2026-05-07,,,,,,67241253322204110920562329787,-3282,292954515034,7
modify,0x02a4a0db44682be4d5c4c7809c0c96c4f0464d9b565d9fcdf536b23738277d9f,45715842,373,2026-05-08,,,-3268,-3186,-499154721809,,,,1
modify,0x02a4a0db44682be4d5c4c7809c0c96c4f0464d9b565d9fcdf536b23738277d9f,45715925,66,2026-05-08,,,-3291,-3230,800490600324,,,,1
modify,0x02a4a0db44682be4d5c4c7809c0c96c4f0464d9b565d9fcdf536b23738277d9f,45737760,548,2026-05-08,,,-3976,-2919,22677351906,,,,1
price,0x02a4a0db44682be4d5c4c7809c0c96c4f0464d9b565d9fcdf536b23738277d9f,45754741,447,2026-05-08,,,,,,67453936944677450786233901956,-3218,311644513869,18
modify,0x02a4a0db44682be4d5c4c7809c0c96c4f0464d9b565d9fcdf536b23738277d9f,45759954,549,2026-05-09,,,-3291,-3230,0,,,,1
modify,0x02a4a0db44682be4d5c4c7809c0c96c4f0464d9b565d9fcdf536b23738277d9f,45760346,316,2026-05-09,,,-3291,-3230,-800490600324,,,,1
price,0x02a4a0db44682be4d5c4c7809c0c96c4f0464d9b565d9fcdf536b23738277d9f,45839548,1232,2026-05-10,,,,,,67297922704154858379964535918,-3265,315631866940,11
price,0x02a4a0db44682be4d5c4c7809c0c96c4f0464d9b565d9fcdf536b23738277d9f,45886445,274,2026-05-11,,,,,,67233232196206128737523582449,-3284,315631866940,20
price,0x02a4a0db44682be4d5c4c7809c0c96c4f0464d9b565d9fcdf536b23738277d9f,45924955,653,2026-05-12,,,,,,67350384980662114376070076125,-3249,315631866940,17
modify,0x02a4a0db44682be4d5c4c7809c0c96c4f0464d9b565d9fcdf536b23738277d9f,45942645,124,2026-05-13,,,-3350,-3150,22022796990,,,,1
modify,0x02a4a0db44682be4d5c4c7809c0c96c4f0464d9b565d9fcdf536b23738277d9f,45946171,136,2026-05-13,,,-3269,-3161,104608286183,,,,1
modify,0x02a4a0db44682be4d5c4c7809c0c96c4f0464d9b565d9fcdf536b23738277d9f,45946246,1030,2026-05-13,,,-3269,-3161,56915947034,,,,1
price,0x02a4a0db44682be4d5c4c7809c0c96c4f0464d9b565d9fcdf536b23738277d9f,45974374,457,2026-05-13,,,,,,67437461513047653714885847887,-3223,495191544076,13
modify,0x02a4a0db44682be4d5c4c7809c0c96c4f0464d9b565d9fcdf536b23738277d9f,46016925,903,2026-05-14,,,-3293,-3193,-288935952013,,,,1
modify,0x02a4a0db44682be4d5c4c7809c0c96c4f0464d9b565d9fcdf536b23738277d9f,46017047,306,2026-05-14,,,-3384,-3272,252016306943,,,,1
price,0x02a4a0db44682be4d5c4c7809c0c96c4f0464d9b565d9fcdf536b23738277d9f,46017461,440,2026-05-14,,,,,,67065731738529494819442112440,-3334,303255586404,28
modify,0x02a4a0db44682be4d5c4c7809c0c96c4f0464d9b565d9fcdf536b23738277d9f,46022954,651,2026-05-15,,,-3269,-3161,-161524233217,,,,1
price,0x02a4a0db44682be4d5c4c7809c0c96c4f0464d9b565d9fcdf536b23738277d9f,46059891,503,2026-05-15,,,,,,66989758658325302424613134705,-3357,281232789414,33
modify,0x02a4a0db44682be4d5c4c7809c0c96c4f0464d9b565d9fcdf536b23738277d9f,46062730,152,2026-05-16,,,-3421,-3223,3293659150,,,,1
modify,0x02a4a0db44682be4d5c4c7809c0c96c4f0464d9b565d9fcdf536b23738277d9f,46062791,354,2026-05-16,,,-3355,-3353,946104795808,,,,1
modify,0x02a4a0db44682be4d5c4c7809c0c96c4f0464d9b565d9fcdf536b23738277d9f,46062839,496,2026-05-16,,,-3355,-3353,-946104795808,,,,1
modify,0x02a4a0db44682be4d5c4c7809c0c96c4f0464d9b565d9fcdf536b23738277d9f,46063162,114,2026-05-16,,,-3350,-3150,-22022796990,,,,1
modify,0x02a4a0db44682be4d5c4c7809c0c96c4f0464d9b565d9fcdf536b23738277d9f,46069539,371,2026-05-16,,,-3421,-3223,-3293659150,,,,1
modify,0x02a4a0db44682be4d5c4c7809c0c96c4f0464d9b565d9fcdf536b23738277d9f,46069604,470,2026-05-16,,,-3359,-3358,1892635365976,,,,1
modify,0x02a4a0db44682be4d5c4c7809c0c96c4f0464d9b565d9fcdf536b23738277d9f,46069640,135,2026-05-16,,,-3359,-3358,-1892635365976,,,,1
modify,0x02a4a0db44682be4d5c4c7809c0c96c4f0464d9b565d9fcdf536b23738277d9f,46076318,281,2026-05-16,,,-3356,-3354,603084547766,,,,1
modify,0x02a4a0db44682be4d5c4c7809c0c96c4f0464d9b565d9fcdf536b23738277d9f,46076346,506,2026-05-16,,,-3356,-3354,-603084547766,,,,1
modify,0x02a4a0db44682be4d5c4c7809c0c96c4f0464d9b565d9fcdf536b23738277d9f,46084525,95,2026-05-16,,,-3421,-3223,13360655688,,,,1
modify,0x02a4a0db44682be4d5c4c7809c0c96c4f0464d9b565d9fcdf536b23738277d9f,46084566,340,2026-05-16,,,-3421,-3223,-13360655688,,,,1
modify,0x02a4a0db44682be4d5c4c7809c0c96c4f0464d9b565d9fcdf536b23738277d9f,46085368,180,2026-05-16,,,-3421,-3223,13360695281,,,,1
modify,0x02a4a0db44682be4d5c4c7809c0c96c4f0464d9b565d9fcdf536b23738277d9f,46093142,222,2026-05-16,,,-3359,-3358,28244835802695,,,,1
modify,0x02a4a0db44682be4d5c4c7809c0c96c4f0464d9b565d9fcdf536b23738277d9f,46093159,298,2026-05-16,,,-3359,-3358,-28244835802695,,,,1
modify,0x02a4a0db44682be4d5c4c7809c0c96c4f0464d9b565d9fcdf536b23738277d9f,46093203,301,2026-05-16,,,-3357,-3356,34344434516655,,,,1
modify,0x02a4a0db44682be4d5c4c7809c0c96c4f0464d9b565d9fcdf536b23738277d9f,46096622,126,2026-05-16,,,-3357,-3356,-34344434516655,,,,1
modify,0x02a4a0db44682be4d5c4c7809c0c96c4f0464d9b565d9fcdf536b23738277d9f,46100846,471,2026-05-16,,,-3421,-3223,-13360695281,,,,1
price,0x02a4a0db44682be4d5c4c7809c0c96c4f0464d9b565d9fcdf536b23738277d9f,46100874,224,2026-05-16,,,,,,66988887984254173291203942578,-3357,281232789414,20
price,0x02a4a0db44682be4d5c4c7809c0c96c4f0464d9b565d9fcdf536b23738277d9f,46136614,896,2026-05-17,,,,,,66839682940432695336083093466,-3401,29216482471,6
modify,0x02a4a0db44682be4d5c4c7809c0c96c4f0464d9b565d9fcdf536b23738277d9f,46144935,380,2026-05-17,,,-3384,-3272,-252016306943,,,,1
modify,0x02a4a0db44682be4d5c4c7809c0c96c4f0464d9b565d9fcdf536b23738277d9f,46145131,948,2026-05-17,,,-3504,-3301,282335286392,,,,1
price,0x02a4a0db44682be4d5c4c7809c0c96c4f0464d9b565d9fcdf536b23738277d9f,46188388,469,2026-05-18,,,,,,66901440140865424093145519737,-3383,311551768863,64
price,0x02a4a0db44682be4d5c4c7809c0c96c4f0464d9b565d9fcdf536b23738277d9f,46226276,305,2026-05-19,,,,,,66724696949196765105873523614,-3436,311551768863,37
price,0x02a4a0db44682be4d5c4c7809c0c96c4f0464d9b565d9fcdf536b23738277d9f,46276588,321,2026-05-20,,,,,,66817500998123204444840229513,-3408,311551768863,51
price,0x02a4a0db44682be4d5c4c7809c0c96c4f0464d9b565d9fcdf536b23738277d9f,46313748,259,2026-05-21,,,,,,66910470009752691796016648624,-3380,311551768863,54
price,0x02a4a0db44682be4d5c4c7809c0c96c4f0464d9b565d9fcdf536b23738277d9f,46346894,403,2026-05-22,,,,,,66850897234775456663740785343,-3398,311551768863,11
price,0x02a4a0db44682be4d5c4c7809c0c96c4f0464d9b565d9fcdf536b23738277d9f,46390195,655,2026-05-23,,,,,,66849590927894279438943697005,-3398,311551768863,6
modify,0x02a4a0db44682be4d5c4c7809c0c96c4f0464d9b565d9fcdf536b23738277d9f,46419948,165,2026-05-24,,,-3406,-3386,234550531336,,,,1
modify,0x02a4a0db44682be4d5c4c7809c0c96c4f0464d9b565d9fcdf536b23738277d9f,46426725,10,2026-05-24,,,-3467,-3189,343063255,,,,1
modify,0x02a4a0db44682be4d5c4c7809c0c96c4f0464d9b565d9fcdf536b23738277d9f,46442989,220,2026-05-24,,,-3406,-3386,-234550531336,,,,1
price,0x02a4a0db44682be4d5c4c7809c0c96c4f0464d9b565d9fcdf536b23738277d9f,46446316,533,2026-05-24,,,,,,67045347509607904869373876525,-3340,311894832118,28
price,0x02a4a0db44682be4d5c4c7809c0c96c4f0464d9b565d9fcdf536b23738277d9f,46492202,51,2026-05-25,,,,,,67062125574653003134016754598,-3335,311894832118,25
price,0x02a4a0db44682be4d5c4c7809c0c96c4f0464d9b565d9fcdf536b23738277d9f,46533845,398,2026-05-26,,,,,,67017527064835088742245036512,-3348,311894832118,21
price,0x02a4a0db44682be4d5c4c7809c0c96c4f0464d9b565d9fcdf536b23738277d9f,46576758,209,2026-05-27,,,,,,66804733912886067204007693939,-3412,311894832118,31
price,0x02a4a0db44682be4d5c4c7809c0c96c4f0464d9b565d9fcdf536b23738277d9f,46617928,120,2026-05-28,,,,,,66927304444555849983418293799,-3375,311894832118,22
price,0x02a4a0db44682be4d5c4c7809c0c96c4f0464d9b565d9fcdf536b23738277d9f,46663331,685,2026-05-29,,,,,,66995887474486027352903356022,-3355,311894832118,18
price,0x02a4a0db44682be4d5c4c7809c0c96c4f0464d9b565d9fcdf536b23738277d9f,46695592,43,2026-05-30,,,,,,67015814176717266784852967943,-3349,311894832118,3
price,0x02a4a0db44682be4d5c4c7809c0c96c4f0464d9b565d9fcdf536b23738277d9f,46752034,9,2026-05-31,,,,,,66992429570900460221785042592,-3356,311894832118,7
price,0x02a4a0db44682be4d5c4c7809c0c96c4f0464d9b565d9fcdf536b23738277d9f,46788261,1424,2026-06-01,,,,,,66900295186492498078551877873,-3383,311894832118,18
price,0x02a4a0db44682be4d5c4c7809c0c96c4f0464d9b565d9fcdf536b23738277d9f,46838385,367,2026-06-02,,,,,,66871504094916424382266027672,-3392,311894832118,46
price,0x02a4a0db44682be4d5c4c7809c0c96c4f0464d9b565d9fcdf536b23738277d9f,46881417,672,2026-06-03,,,,,,66781043257964781473466140628,-3419,311894832118,50
price,0x02a4a0db44682be4d5c4c7809c0c96c4f0464d9b565d9fcdf536b23738277d9f,46924478,285,2026-06-04,,,,,,66805052674192374995081593555,-3412,311894832118,8
price,0x02a4a0db44682be4d5c4c7809c0c96c4f0464d9b565d9fcdf536b23738277d9f,46964727,220,2026-06-05,,,,,,66642786814950027181231951681,-3460,311894832118,18
price,0x02a4a0db44682be4d5c4c7809c0c96c4f0464d9b565d9fcdf536b23738277d9f,47010049,162,2026-06-06,,,,,,66544597945269882075687875767,-3490,311551768863,28
modify,0x02a4a0db44682be4d5c4c7809c0c96c4f0464d9b565d9fcdf536b23738277d9f,47035597,52,2026-06-07,,,-3976,-2919,-22677351906,,,,1
price,0x02a4a0db44682be4d5c4c7809c0c96c4f0464d9b565d9fcdf536b23738277d9f,47035619,86,2026-06-07,,,,,,66514813631883469658244491572,-3499,288874416957,2
modify,0x02a4a0db44682be4d5c4c7809c0c96c4f0464d9b565d9fcdf536b23738277d9f,47044616,367,2026-06-07,,,-3504,-3301,-282335286392,,,,1
modify,0x02a4a0db44682be4d5c4c7809c0c96c4f0464d9b565d9fcdf536b23738277d9f,47044746,154,2026-06-07,,,-3602,-3396,115186976124,,,,1
modify,0x02a4a0db44682be4d5c4c7809c0c96c4f0464d9b565d9fcdf536b23738277d9f,47044807,16,2026-06-07,,,-3602,-3396,156480585568,,,,1
price,0x02a4a0db44682be4d5c4c7809c0c96c4f0464d9b565d9fcdf536b23738277d9f,47071952,318,2026-06-08,,,,,,66536202220803378456539693781,-3492,278206692257,13
price,0x02a4a0db44682be4d5c4c7809c0c96c4f0464d9b565d9fcdf536b23738277d9f,47128385,186,2026-06-09,,,,,,66400901456083528388629659781,-3533,278206692257,5
price,0x02a4a0db44682be4d5c4c7809c0c96c4f0464d9b565d9fcdf536b23738277d9f,47184018,30,2026-06-10,,,,,,66380106244215937416954203494,-3539,278206692257,61
price,0x02a4a0db44682be4d5c4c7809c0c96c4f0464d9b565d9fcdf536b23738277d9f,47222776,156,2026-06-11,,,,,,66402867787404214444654723020,-3533,278206692257,24
price,0x02a4a0db44682be4d5c4c7809c0c96c4f0464d9b565d9fcdf536b23738277d9f,47269650,298,2026-06-12,,,,,,66562486217313654328365295528,-3484,278206692257,24
modify,0x02a4a0db44682be4d5c4c7809c0c96c4f0464d9b565d9fcdf536b23738277d9f,47289597,122,2026-06-13,,,-3602,-3396,-135833780846,,,,1
price,0x02a4a0db44682be4d5c4c7809c0c96c4f0464d9b565d9fcdf536b23738277d9f,47289638,199,2026-06-13,,,,,,66498673237819891684287815998,-3504,142372911411,6
modify,0x02a4a0db44682be4d5c4c7809c0c96c4f0464d9b565d9fcdf536b23738277d9f,47290249,242,2026-06-13,,,-3602,-3396,-135833780846,,,,1
modify,0x02a4a0db44682be4d5c4c7809c0c96c4f0464d9b565d9fcdf536b23738277d9f,47306037,73,2026-06-13,,,-3467,-3189,-343063255,,,,1
modify,0x02a4a0db44682be4d5c4c7809c0c96c4f0464d9b565d9fcdf536b23738277d9f,47315535,181,2026-06-14,,,-3524,-3454,2873786188,,,,1
price,0x02a4a0db44682be4d5c4c7809c0c96c4f0464d9b565d9fcdf536b23738277d9f,47346486,423,2026-06-14,,,,,,66694130506652158613403775760,-3445,6539130565,4
modify,0x02a4a0db44682be4d5c4c7809c0c96c4f0464d9b565d9fcdf536b23738277d9f,47357970,527,2026-06-15,,,-3524,-3454,-2873786188,,,,1
price,0x02a4a0db44682be4d5c4c7809c0c96c4f0464d9b565d9fcdf536b23738277d9f,47388177,477,2026-06-15,,,,,,66680677053103823011594307703,-3449,6539130565,2
price,0x02a4a0db44682be4d5c4c7809c0c96c4f0464d9b565d9fcdf536b23738277d9f,47435466,493,2026-06-16,,,,,,66591799496475788550646793315,-3476,6539130565,5
modify,0x02a4a0db44682be4d5c4c7809c0c96c4f0464d9b565d9fcdf536b23738277d9f,47466620,14,2026-06-17,,,-887272,887272,241740646,,,,1
price,0x02a4a0db44682be4d5c4c7809c0c96c4f0464d9b565d9fcdf536b23738277d9f,47466895,309,2026-06-17,,,,,,66448407520139080607073316640,-3519,6780871211,1
modify,0x02a4a0db44682be4d5c4c7809c0c96c4f0464d9b565d9fcdf536b23738277d9f,47508911,240,2026-06-18,,,-887272,887272,-241740646,,,,1
price,0x02a4a0db44682be4d5c4c7809c0c96c4f0464d9b565d9fcdf536b23738277d9f,47510102,739,2026-06-18,,,,,,66361908751505555203401420627,-3545,6539130565,1
modify,0x02a4a0db44682be4d5c4c7809c0c96c4f0464d9b565d9fcdf536b23738277d9f,47572570,333,2026-06-19,,,-3648,-3444,37372839253,,,,1
price,0x02a4a0db44682be4d5c4c7809c0c96c4f0464d9b565d9fcdf536b23738277d9f,47607549,482,2026-06-20,,,,,,66348225608082272427741576906,-3549,41391402274,2
price,0x02a4a0db44682be4d5c4c7809c0c96c4f0464d9b565d9fcdf536b23738277d9f,47656853,16,2026-06-21,,,,,,66356039967440736621149329684,-3547,43911969818,2
modify,0x02a4a0db44682be4d5c4c7809c0c96c4f0464d9b565d9fcdf536b23738277d9f,47687414,6,2026-06-22,,,-4001,-3208,20660653061,,,,1
price,0x02a4a0db44682be4d5c4c7809c0c96c4f0464d9b565d9fcdf536b23738277d9f,47701326,297,2026-06-22,,,,,,66130292138568347919772006750,-3615,62052055335,25
modify,0x02a4a0db44682be4d5c4c7809c0c96c4f0464d9b565d9fcdf536b23738277d9f,47722569,1285,2026-06-23,,,-3648,-3444,-37372839253,,,,1
modify,0x02a4a0db44682be4d5c4c7809c0c96c4f0464d9b565d9fcdf536b23738277d9f,47722912,177,2026-06-23,,,-3812,-3514,67482062329,,,,1
price,0x02a4a0db44682be4d5c4c7809c0c96c4f0464d9b565d9fcdf536b23738277d9f,47745038,782,2026-06-23,,,,,,65966957848454207423890288852,-3664,92161278411,15
price,0x02a4a0db44682be4d5c4c7809c0c96c4f0464d9b565d9fcdf536b23738277d9f,47787837,456,2026-06-24,,,,,,66003606385695735258352926917,-3653,92161278411,43
modify,0x02a4a0db44682be4d5c4c7809c0c96c4f0464d9b565d9fcdf536b23738277d9f,47791936,23,2026-06-25,,,-3812,-3514,-67482062329,,,,1
price,0x02a4a0db44682be4d5c4c7809c0c96c4f0464d9b565d9fcdf536b23738277d9f,47797469,722,2026-06-25,,,,,,65818099820872941080158773375,-3709,24679216082,5
modify,0x02a4a0db44682be4d5c4c7809c0c96c4f0464d9b565d9fcdf536b23738277d9f,47823963,6,2026-06-25,,,-4001,-3208,-20660653061,,,,1
price,0x02a4a0db44682be4d5c4c7809c0c96c4f0464d9b565d9fcdf536b23738277d9f,47918300,22,2026-06-27,,,,,,65699746998864423681309871764,-3745,4018563021,2
price,0x02a4a0db44682be4d5c4c7809c0c96c4f0464d9b565d9fcdf536b23738277d9f,47959948,374,2026-06-28,,,,,,65686390467203211389326423972,-3749,4018563021,2
price,0x02a4a0db44682be4d5c4c7809c0c96c4f0464d9b565d9fcdf536b23738277d9f,47988599,395,2026-06-29,,,,,,65700282507859922807441747656,-3745,4018563021,4
price,0x02a4a0db44682be4d5c4c7809c0c96c4f0464d9b565d9fcdf536b23738277d9f,48039269,333,2026-06-30,,,,,,65810590909422082335572988586,-3712,4018563021,3
price,0x02a4a0db44682be4d5c4c7809c0c96c4f0464d9b565d9fcdf536b23738277d9f,48063102,176,2026-07-01,,,,,,65842092014999807586167901491,-3702,4018563021,7
price,0x02a4a0db44682be4d5c4c7809c0c96c4f0464d9b565d9fcdf536b23738277d9f,48129710,294,2026-07-02,,,,,,65961757935664510284902551766,-3666,4018563021,7
modify,0x02a4a0db44682be4d5c4c7809c0c96c4f0464d9b565d9fcdf536b23738277d9f,48135214,115,2026-07-03,,,-3838,-3238,-3987353071,,,,1
price,0x02a4a0db44682be4d5c4c7809c0c96c4f0464d9b565d9fcdf536b23738277d9f,48212791,134,2026-07-04,,,,,,65990654302813444229200037368,-3657,31209950,2
price,0x02a4a0db44682be4d5c4c7809c0c96c4f0464d9b565d9fcdf536b23738277d9f,48246185,150,2026-07-05,,,,,,65997485553274463402010766854,-3655,31209950,2
price,0x02a4a0db44682be4d5c4c7809c0c96c4f0464d9b565d9fcdf536b23738277d9f,48622677,613,2026-07-14,,,,,,65998437511253981123974357919,-3655,31209950,1
price,0x02a4a0db44682be4d5c4c7809c0c96c4f0464d9b565d9fcdf536b23738277d9f,48662332,153,2026-07-15,,,,,,66110090758755655697640026834,-3621,31209950,1
price,0x02a4a0db44682be4d5c4c7809c0c96c4f0464d9b565d9fcdf536b23738277d9f,48724954,172,2026-07-16,,,,,,66353329196816299799792064790,-3547,2551777494,1
price,0x02a4a0db44682be4d5c4c7809c0c96c4f0464d9b565d9fcdf536b23738277d9f,48756280,300,2026-07-17,,,,,,66338055707015237224073420719,-3552,31209950,2
price,0x02a4a0db44682be4d5c4c7809c0c96c4f0464d9b565d9fcdf536b23738277d9f,49053710,160,2026-07-24,,,,,,66353278712401984249044078178,-3547,2551777494,1
init,0x1fe14350e72ed606c8850a16d91d5500c18274b7a19852dacf7c4164f78d820b,35902934,633,2025-09-22,0x60a3e35cc302bfa44cb288bc5a4f316fdb1adb42,0x833589fcd6edb6e08f4c7c32d4f71b54bda02913,,,,86082410338241171419972429491,1659,,1
modify,0x1fe14350e72ed606c8850a16d91d5500c18274b7a19852dacf7c4164f78d820b,35902934,635,2025-09-22,,,-887272,887272,1275698,,,,1
modify,0x1fe14350e72ed606c8850a16d91d5500c18274b7a19852dacf7c4164f78d820b,36043243,372,2025-09-26,,,1457,1863,228105715529,,,,1
modify,0x1fe14350e72ed606c8850a16d91d5500c18274b7a19852dacf7c4164f78d820b,36043830,357,2025-09-26,,,1457,1863,-228105715529,,,,1
modify,0x1fe14350e72ed606c8850a16d91d5500c18274b7a19852dacf7c4164f78d820b,36045249,337,2025-09-26,,,1545,1669,12193251729,,,,1
modify,0x1fe14350e72ed606c8850a16d91d5500c18274b7a19852dacf7c4164f78d820b,36046006,473,2025-09-26,,,1543,1669,2439714987,,,,1
modify,0x1fe14350e72ed606c8850a16d91d5500c18274b7a19852dacf7c4164f78d820b,36049120,24,2025-09-26,,,1492,1592,181671450069,,,,1
modify,0x1fe14350e72ed606c8850a16d91d5500c18274b7a19852dacf7c4164f78d820b,36049558,2,2025-09-26,,,1492,1592,-181671450069,,,,1
modify,0x1fe14350e72ed606c8850a16d91d5500c18274b7a19852dacf7c4164f78d820b,36052154,277,2025-09-26,,,1311,1752,23241484703,,,,1
modify,0x1fe14350e72ed606c8850a16d91d5500c18274b7a19852dacf7c4164f78d820b,36053167,50,2025-09-26,,,1505,1602,4085902559,,,,1
modify,0x1fe14350e72ed606c8850a16d91d5500c18274b7a19852dacf7c4164f78d820b,36054791,856,2025-09-26,,,1545,1669,-12193251729,,,,1
modify,0x1fe14350e72ed606c8850a16d91d5500c18274b7a19852dacf7c4164f78d820b,36055525,202,2025-09-26,,,1519,1599,16648499591,,,,1
modify,0x1fe14350e72ed606c8850a16d91d5500c18274b7a19852dacf7c4164f78d820b,36061309,20,2025-09-26,,,1519,1599,56034085316,,,,1
modify,0x1fe14350e72ed606c8850a16d91d5500c18274b7a19852dacf7c4164f78d820b,36062595,355,2025-09-26,,,1311,1752,-23241484703,,,,1
modify,0x1fe14350e72ed606c8850a16d91d5500c18274b7a19852dacf7c4164f78d820b,36062658,1030,2025-09-26,,,1531,1671,21371155068,,,,1
modify,0x1fe14350e72ed606c8850a16d91d5500c18274b7a19852dacf7c4164f78d820b,36066784,263,2025-09-26,,,1531,1671,-21371155068,,,,1
modify,0x1fe14350e72ed606c8850a16d91d5500c18274b7a19852dacf7c4164f78d820b,36068902,2170,2025-09-26,,,1553,1580,104433010539,,,,1
modify,0x1fe14350e72ed606c8850a16d91d5500c18274b7a19852dacf7c4164f78d820b,36073493,622,2025-09-26,,,1510,1648,666473395239,,,,1
price,0x1fe14350e72ed606c8850a16d91d5500c18274b7a19852dacf7c4164f78d820b,36081621,1505,2025-09-26,,,,,,85678038343215062911871280411,1565,850115883929,152
modify,0x1fe14350e72ed606c8850a16d91d5500c18274b7a19852dacf7c4164f78d820b,36085445,334,2025-09-27,,,1397,1739,124780176828,,,,1
modify,0x1fe14350e72ed606c8850a16d91d5500c18274b7a19852dacf7c4164f78d820b,36105173,294,2025-09-27,,,1553,1580,-104433010539,,,,1
modify,0x1fe14350e72ed606c8850a16d91d5500c18274b7a19852dacf7c4164f78d820b,36105416,458,2025-09-27,,,1557,1566,1712490448127,,,,1
modify,0x1fe14350e72ed606c8850a16d91d5500c18274b7a19852dacf7c4164f78d820b,36109797,122,2025-09-27,,,1558,1566,1114891185639,,,,1
modify,0x1fe14350e72ed606c8850a16d91d5500c18274b7a19852dacf7c4164f78d820b,36111720,1524,2025-09-27,,,1543,1669,-2439714987,,,,1
modify,0x1fe14350e72ed606c8850a16d91d5500c18274b7a19852dacf7c4164f78d820b,36118337,146,2025-09-27,,,1550,1576,126287771656,,,,1
price,0x1fe14350e72ed606c8850a16d91d5500c18274b7a19852dacf7c4164f78d820b,36124811,7,2025-09-27,,,,,,85666167294903784335601098516,1562,3821692740653,550
modify,0x1fe14350e72ed606c8850a16d91d5500c18274b7a19852dacf7c4164f78d820b,36126172,482,2025-09-28,,,1510,1648,191469876118,,,,1
modify,0x1fe14350e72ed606c8850a16d91d5500c18274b7a19852dacf7c4164f78d820b,36130365,659,2025-09-28,,,1557,1566,0,,,,1
modify,0x1fe14350e72ed606c8850a16d91d5500c18274b7a19852dacf7c4164f78d820b,36130377,1338,2025-09-28,,,1557,1566,-1712490448127,,,,1
modify,0x1fe14350e72ed606c8850a16d91d5500c18274b7a19852dacf7c4164f78d820b,36135826,449,2025-09-28,,,1550,1576,-126287771656,,,,1
modify,0x1fe14350e72ed606c8850a16d91d5500c18274b7a19852dacf7c4164f78d820b,36136214,373,2025-09-28,,,1545,1588,134256173563,,,,1
modify,0x1fe14350e72ed606c8850a16d91d5500c18274b7a19852dacf7c4164f78d820b,36137588,869,2025-09-28,,,1558,1566,-1114891185639,,,,1
modify,0x1fe14350e72ed606c8850a16d91d5500c18274b7a19852dacf7c4164f78d820b,36137677,270,2025-09-28,,,1563,1571,805076026954,,,,1
modify,0x1fe14350e72ed606c8850a16d91d5500c18274b7a19852dacf7c4164f78d820b,36137739,106,2025-09-28,,,1563,1571,348374398119,,,,1
modify,0x1fe14350e72ed606c8850a16d91d5500c18274b7a19852dacf7c4164f78d820b,36138009,810,2025-09-28,,,1519,1599,-72682584907,,,,1
modify,0x1fe14350e72ed606c8850a16d91d5500c18274b7a19852dacf7c4164f78d820b,36138061,411,2025-09-28,,,1563,1571,556633766692,,,,1
modify,0x1fe14350e72ed606c8850a16d91d5500c18274b7a19852dacf7c4164f78d820b,36140608,127,2025-09-28,,,1559,1571,1527565813068,,,,1
modify,0x1fe14350e72ed606c8850a16d91d5500c18274b7a19852dacf7c4164f78d820b,36146222,390,2025-09-28,,,1562,1572,4337216126589,,,,1
modify,0x1fe14350e72ed606c8850a16d91d5500c18274b7a19852dacf7c4164f78d820b,36146469,651,2025-09-28,,,1545,1588,-134256173563,,,,1
modify,0x1fe14350e72ed606c8850a16d91d5500c18274b7a19852dacf7c4164f78d820b,36146975,718,2025-09-28,,,1559,1571,-1527565813068,,,,1
modify,0x1fe14350e72ed606c8850a16d91d5500c18274b7a19852dacf7c4164f78d820b,36158078,408,2025-09-28,,,1505,1602,-4085902559,,,,1
modify,0x1fe14350e72ed606c8850a16d91d5500c18274b7a19852dacf7c4164f78d820b,36159488,537,2025-09-28,,,1554,1611,62890647200,,,,1
modify,0x1fe14350e72ed606c8850a16d91d5500c18274b7a19852dacf7c4164f78d820b,36160647,235,2025-09-28,,,1560,1613,12588892245,,,,1
modify,0x1fe14350e72ed606c8850a16d91d5500c18274b7a19852dacf7c4164f78d820b,36162886,90,2025-09-28,,,1582,1593,1520996005787,,,,1
modify,0x1fe14350e72ed606c8850a16d91d5500c18274b7a19852dacf7c4164f78d820b,36166287,141,2025-09-28,,,1582,1593,-1520996005787,,,,1
modify,0x1fe14350e72ed606c8850a16d91d5500c18274b7a19852dacf7c4164f78d820b,36166439,494,2025-09-28,,,1582,1602,118915646300,,,,1
modify,0x1fe14350e72ed606c8850a16d91d5500c18274b7a19852dacf7c4164f78d820b,36166534,181,2025-09-28,,,1582,1602,6321290252,,,,1
modify,0x1fe14350e72ed606c8850a16d91d5500c18274b7a19852dacf7c4164f78d820b,36167130,1250,2025-09-28,,,1582,1602,1585926833,,,,1
modify,0x1fe14350e72ed606c8850a16d91d5500c18274b7a19852dacf7c4164f78d820b,36167421,576,2025-09-28,,,1584,1604,170928622426,,,,1
modify,0x1fe14350e72ed606c8850a16d91d5500c18274b7a19852dacf7c4164f78d820b,36167541,296,2025-09-28,,,1584,1604,4753369221,,,,1
price,0x1fe14350e72ed606c8850a16d91d5500c18274b7a19852dacf7c4164f78d820b,36167634,65,2025-09-28,,,,,,85798249111739406392138371678,1593,1360709118360,742
modify,0x1fe14350e72ed606c8850a16d91d5500c18274b7a19852dacf7c4164f78d820b,36168290,512,2025-09-29,,,1563,1571,-1710084191765,,,,1
modify,0x1fe14350e72ed606c8850a16d91d5500c18274b7a19852dacf7c4164f78d820b,36168485,77,2025-09-29,,,1586,1594,1415251601334,,,,1
modify,0x1fe14350e72ed606c8850a16d91d5500c18274b7a19852dacf7c4164f78d820b,36170034,382,2025-09-29,,,1581,1593,1365701621309,,,,1
modify,0x1fe14350e72ed606c8850a16d91d5500c18274b7a19852dacf7c4164f78d820b,36177459,57,2025-09-29,,,1586,1594,-1415251601334,,,,1
modify,0x1fe14350e72ed606c8850a16d91d5500c18274b7a19852dacf7c4164f78d820b,36177544,780,2025-09-29,,,1577,1591,832469067139,,,,1
modify,0x1fe14350e72ed606c8850a16d91d5500c18274b7a19852dacf7c4164f78d820b,36178008,391,2025-09-29,,,1581,1593,-1365701621309,,,,1
modify,0x1fe14350e72ed606c8850a16d91d5500c18274b7a19852dacf7c4164f78d820b,36180268,715,2025-09-29,,,1554,1611,-62890647200,,,,1
modify,0x1fe14350e72ed606c8850a16d91d5500c18274b7a19852dacf7c4164f78d820b,36180885,319,2025-09-29,,,1577,1591,-832469067139,,,,1
modify,0x1fe14350e72ed606c8850a16d91d5500c18274b7a19852dacf7c4164f78d820b,36181063,333,2025-09-29,,,1593,1613,350737492715,,,,1
modify,0x1fe14350e72ed606c8850a16d91d5500c18274b7a19852dacf7c4164f78d820b,36181180,688,2025-09-29,,,1582,1602,-126822863385,,,,1
modify,0x1fe14350e72ed606c8850a16d91d5500c18274b7a19852dacf7c4164f78d820b,36181389,570,2025-09-29,,,1584,1604,-175681991647,,,,1
modify,0x1fe14350e72ed606c8850a16d91d5500c18274b7a19852dacf7c4164f78d820b,36183052,376,2025-09-29,,,1531,1611,40300559544,,,,1
modify,0x1fe14350e72ed606c8850a16d91d5500c18274b7a19852dacf7c4164f78d820b,36184556,55,2025-09-29,,,1590,1600,1728788566974,,,,1
modify,0x1fe14350e72ed606c8850a16d91d5500c18274b7a19852dacf7c4164f78d820b,36185453,1381,2025-09-29,,,1520,1593,255679361621,,,,1
modify,0x1fe14350e72ed606c8850a16d91d5500c18274b7a19852dacf7c4164f78d820b,36187450,438,2025-09-29,,,1520,1593,-255679361621,,,,1
modify,0x1fe14350e72ed606c8850a16d91d5500c18274b7a19852dacf7c4164f78d820b,36193336,387,2025-09-29,,,1562,1572,-4337216126589,,,,1
modify,0x1fe14350e72ed606c8850a16d91d5500c18274b7a19852dacf7c4164f78d820b,36196292,385,2025-09-29,,,1582,1607,215329841031,,,,1
modify,0x1fe14350e72ed606c8850a16d91d5500c18274b7a19852dacf7c4164f78d820b,36198571,284,2025-09-29,,,1531,1595,291541242256,,,,1
modify,0x1fe14350e72ed606c8850a16d91d5500c18274b7a19852dacf7c4164f78d820b,36203774,149,2025-09-29,,,1590,1600,-1728788566974,,,,1
modify,0x1fe14350e72ed606c8850a16d91d5500c18274b7a19852dacf7c4164f78d820b,36203921,85,2025-09-29,,,1583,1593,1810448913094,,,,1
modify,0x1fe14350e72ed606c8850a16d91d5500c18274b7a19852dacf7c4164f78d820b,36209248,90,2025-09-29,,,1593,1613,-350737492715,,,,1
modify,0x1fe14350e72ed606c8850a16d91d5500c18274b7a19852dacf7c4164f78d820b,36209475,925,2025-09-29,,,1588,1609,333969281638,,,,1
modify,0x1fe14350e72ed606c8850a16d91d5500c18274b7a19852dacf7c4164f78d820b,36210023,339,2025-09-29,,,1583,1593,-1810448913094,,,,1
price,0x1fe14350e72ed606c8850a16d91d5500c18274b7a19852dacf7c4164f78d820b,36211149,2,2025-09-29,,,,,,85818409118726780264444248048,1598,1584913298341,759
modify,0x1fe14350e72ed606c8850a16d91d5500c18274b7a19852dacf7c4164f78d820b,36211641,211,2025-09-30,,,1590,1608,1876643579722,,,,1
modify,0x1fe14350e72ed606c8850a16d91d5500c18274b7a19852dacf7c4164f78d820b,36213253,579,2025-09-30,,,1531,1595,-291541242256,,,,1
modify,0x1fe14350e72ed606c8850a16d91d5500c18274b7a19852dacf7c4164f78d820b,36213437,608,2025-09-30,,,1543,1604,305724875595,,,,1
modify,0x1fe14350e72ed606c8850a16d91d5500c18274b7a19852dacf7c4164f78d820b,36213678,350,2025-09-30,,,1597,1617,4045011432159,,,,1
modify,0x1fe14350e72ed606c8850a16d91d5500c18274b7a19852dacf7c4164f78d820b,36214198,326,2025-09-30,,,1590,1608,-1876643579722,,,,1
modify,0x1fe14350e72ed606c8850a16d91d5500c18274b7a19852dacf7c4164f78d820b,36215035,574,2025-09-30,,,1543,1604,-305724875595,,,,1
modify,0x1fe14350e72ed606c8850a16d91d5500c18274b7a19852dacf7c4164f78d820b,36215130,475,2025-09-30,,,1546,1610,365810433622,,,,1
modify,0x1fe14350e72ed606c8850a16d91d5500c18274b7a19852dacf7c4164f78d820b,36215327,203,2025-09-30,,,1531,1611,-40300559544,,,,1
modify,0x1fe14350e72ed606c8850a16d91d5500c18274b7a19852dacf7c4164f78d820b,36215340,479,2025-09-30,,,1546,1610,-365810433622,,,,1
modify,0x1fe14350e72ed606c8850a16d91d5500c18274b7a19852dacf7c4164f78d820b,36215659,126,2025-09-30,,,1588,1609,-333969281638,,,,1
modify,0x1fe14350e72ed606c8850a16d91d5500c18274b7a19852dacf7c4164f78d820b,36215732,385,2025-09-30,,,1600,1614,320916171259,,,,1
modify,0x1fe14350e72ed606c8850a16d91d5500c18274b7a19852dacf7c4164f78d820b,36215982,771,2025-09-30,,,1556,1613,467128694510,,,,1
modify,0x1fe14350e72ed606c8850a16d91d5500c18274b7a19852dacf7c4164f78d820b,36216449,25,2025-09-30,,,1600,1614,-320916171259,,,,1
modify,0x1fe14350e72ed606c8850a16d91d5500c18274b7a19852dacf7c4164f78d820b,36216660,233,2025-09-30,,,1609,1622,355145423766,,,,1
modify,0x1fe14350e72ed606c8850a16d91d5500c18274b7a19852dacf7c4164f78d820b,36222068,377,2025-09-30,,,1582,1607,-215329841031,,,,1
modify,0x1fe14350e72ed606c8850a16d91d5500c18274b7a19852dacf7c4164f78d820b,36223464,1061,2025-09-30,,,1609,1622,-355145423766,,,,1
modify,0x1fe14350e72ed606c8850a16d91d5500c18274b7a19852dacf7c4164f78d820b,36223804,432,2025-09-30,,,1594,1610,160003580300,,,,1
modify,0x1fe14350e72ed606c8850a16d91d5500c18274b7a19852dacf7c4164f78d820b,36231927,492,2025-09-30,,,1560,1613,-12588892245,,,,1
modify,0x1fe14350e72ed606c8850a16d91d5500c18274b7a19852dacf7c4164f78d820b,36249988,285,2025-09-30,,,1597,1617,0,,,,1
modify,0x1fe14350e72ed606c8850a16d91d5500c18274b7a19852dacf7c4164f78d820b,36249995,551,2025-09-30,,,1597,1617,-4045011432159,,,,1
modify,0x1fe14350e72ed606c8850a16d91d5500c18274b7a19852dacf7c4164f78d820b,36253757,52,2025-09-30,,,1586,1622,1021775396055,,,,1
price,0x1fe14350e72ed606c8850a16d91d5500c18274b7a19852dacf7c4164f78d820b,36254393,312,2025-09-30,,,,,,85902652563580727395932483181,1617,2004500119938,988
modify,0x1fe14350e72ed606c8850a16d91d5500c18274b7a19852dacf7c4164f78d820b,36257029,24,2025-10-01,,,1571,1657,1083920251577,,,,1
modify,0x1fe14350e72ed606c8850a16d91d5500c18274b7a19852dacf7c4164f78d820b,36260233,1077,2025-10-01,,,1556,1613,-467128694510,,,,1
modify,0x1fe14350e72ed606c8850a16d91d5500c18274b7a19852dacf7c4164f78d820b,36262431,58,2025-10-01,,,1559,1617,27093764272,,,,1
modify,0x1fe14350e72ed606c8850a16d91d5500c18274b7a19852dacf7c4164f78d820b,36263709,535,2025-10-01,,,1586,1622,155494729216,,,,1
modify,0x1fe14350e72ed606c8850a16d91d5500c18274b7a19852dacf7c4164f78d820b,36264888,268,2025-10-01,,,1587,1615,164236998845,,,,1
modify,0x1fe14350e72ed606c8850a16d91d5500c18274b7a19852dacf7c4164f78d820b,36266275,1309,2025-10-01,,,1587,1615,-164236998845,,,,1
modify,0x1fe14350e72ed606c8850a16d91d5500c18274b7a19852dacf7c4164f78d820b,36278514,520,2025-10-01,,,1536,1676,12576852582,,,,1
modify,0x1fe14350e72ed606c8850a16d91d5500c18274b7a19852dacf7c4164f78d820b,36278567,1178,2025-10-01,,,1588,1623,135004047600,,,,1
modify,0x1fe14350e72ed606c8850a16d91d5500c18274b7a19852dacf7c4164f78d820b,36292071,582,2025-10-01,,,1594,1626,18715055604,,,,1
modify,0x1fe14350e72ed606c8850a16d91d5500c18274b7a19852dacf7c4164f78d820b,36292746,20,2025-10-01,,,1571,1657,-867136201261,,,,1
modify,0x1fe14350e72ed606c8850a16d91d5500c18274b7a19852dacf7c4164f78d820b,36292782,54,2025-10-01,,,1571,1657,-216784050316,,,,1
modify,0x1fe14350e72ed606c8850a16d91d5500c18274b7a19852dacf7c4164f78d820b,36292921,84,2025-10-01,,,1586,1622,0,,,,1
modify,0x1fe14350e72ed606c8850a16d91d5500c18274b7a19852dacf7c4164f78d820b,36293786,77,2025-10-01,,,1579,1629,49645203360,,,,1
modify,0x1fe14350e72ed606c8850a16d91d5500c18274b7a19852dacf7c4164f78d820b,36293943,693,2025-10-01,,,1586,1622,-1177270125271,,,,1
modify,0x1fe14350e72ed606c8850a16d91d5500c18274b7a19852dacf7c4164f78d820b,36294212,50,2025-10-01,,,1584,1624,1140863888495,,,,1
price,0x1fe14350e72ed606c8850a16d91d5500c18274b7a19852dacf7c4164f78d820b,36297724,297,2025-10-01,,,,,,85848336330900195164790724952,1605,2526627116096,1246
modify,0x1fe14350e72ed606c8850a16d91d5500c18274b7a19852dacf7c4164f78d820b,36303344,301,2025-10-02,,,1594,1610,-160003580300,,,,1
modify,0x1fe14350e72ed606c8850a16d91d5500c18274b7a19852dacf7c4164f78d820b,36303480,893,2025-10-02,,,1610,1626,716029369381,,,,1
modify,0x1fe14350e72ed606c8850a16d91d5500c18274b7a19852dacf7c4164f78d820b,36303572,625,2025-10-02,,,1610,1626,83967834762,,,,1
modify,0x1fe14350e72ed606c8850a16d91d5500c18274b7a19852dacf7c4164f78d820b,36303594,363,2025-10-02,,,1610,1626,-83967834762,,,,1
modify,0x1fe14350e72ed606c8850a16d91d5500c18274b7a19852dacf7c4164f78d820b,36304767,131,2025-10-02,,,1559,1617,-27093764272,,,,1
modify,0x1fe14350e72ed606c8850a16d91d5500c18274b7a19852dacf7c4164f78d820b,36304925,108,2025-10-02,,,1584,1655,107019219250,,,,1
modify,0x1fe14350e72ed606c8850a16d91d5500c18274b7a19852dacf7c4164f78d820b,36308309,625,2025-10-02,,,1560,1618,459123620415,,,,1
modify,0x1fe14350e72ed606c8850a16d91d5500c18274b7a19852dacf7c4164f78d820b,36309280,302,2025-10-02,,,1598,1638,89260215268,,,,1
modify,0x1fe14350e72ed606c8850a16d91d5500c18274b7a19852dacf7c4164f78d820b,36310174,594,2025-10-02,,,1610,1626,-42961762162,,,,1
modify,0x1fe14350e72ed606c8850a16d91d5500c18274b7a19852dacf7c4164f78d820b,36310284,445,2025-10-02,,,1602,1606,202384916703,,,,1
modify,0x1fe14350e72ed606c8850a16d91d5500c18274b7a19852dacf7c4164f78d820b,36311736,0,2025-10-02,,,1598,1638,-89260215268,,,,1
modify,0x1fe14350e72ed606c8850a16d91d5500c18274b7a19852dacf7c4164f78d820b,36312423,649,2025-10-02,,,1594,1626,-18715055604,,,,1
modify,0x1fe14350e72ed606c8850a16d91d5500c18274b7a19852dacf7c4164f78d820b,36312668,690,2025-10-02,,,1584,1624,-1140863888495,,,,1
modify,0x1fe14350e72ed606c8850a16d91d5500c18274b7a19852dacf7c4164f78d820b,36312827,114,2025-10-02,,,1588,1623,-135004047600,,,,1
modify,0x1fe14350e72ed606c8850a16d91d5500c18274b7a19852dacf7c4164f78d820b,36313319,437,2025-10-02,,,1554,1614,85501662210,,,,1
modify,0x1fe14350e72ed606c8850a16d91d5500c18274b7a19852dacf7c4164f78d820b,36317442,127,2025-10-02,,,1584,1655,-53509609625,,,,1
modify,0x1fe14350e72ed606c8850a16d91d5500c18274b7a19852dacf7c4164f78d820b,36318116,439,2025-10-02,,,1572,1603,1449829731224,,,,1
modify,0x1fe14350e72ed606c8850a16d91d5500c18274b7a19852dacf7c4164f78d820b,36319316,305,2025-10-02,,,1579,1629,-49645203360,,,,1
modify,0x1fe14350e72ed606c8850a16d91d5500c18274b7a19852dacf7c4164f78d820b,36326022,177,2025-10-02,,,1589,1604,9385769761733,,,,1
modify,0x1fe14350e72ed606c8850a16d91d5500c18274b7a19852dacf7c4164f78d820b,36326385,407,2025-10-02,,,1554,1614,-85501662210,,,,1
modify,0x1fe14350e72ed606c8850a16d91d5500c18274b7a19852dacf7c4164f78d820b,36333355,75,2025-10-02,,,1510,1648,-857943271357,,,,1
modify,0x1fe14350e72ed606c8850a16d91d5500c18274b7a19852dacf7c4164f78d820b,36338715,508,2025-10-02,,,1602,1606,-202384916703,,,,1
modify,0x1fe14350e72ed606c8850a16d91d5500c18274b7a19852dacf7c4164f78d820b,36338740,714,2025-10-02,,,1610,1626,-673067607219,,,,1
modify,0x1fe14350e72ed606c8850a16d91d5500c18274b7a19852dacf7c4164f78d820b,36339457,1433,2025-10-02,,,1581,1603,229139182120,,,,1
modify,0x1fe14350e72ed606c8850a16d91d5500c18274b7a19852dacf7c4164f78d820b,36339498,37,2025-10-02,,,1581,1603,-229139182120,,,,1
modify,0x1fe14350e72ed606c8850a16d91d5500c18274b7a19852dacf7c4164f78d820b,36340462,134,2025-10-02,,,1572,1603,-1449829731224,,,,1
price,0x1fe14350e72ed606c8850a16d91d5500c18274b7a19852dacf7c4164f78d820b,36340926,520,2025-10-02,,,,,,85798220705868889174283357315,1593,10035761296881,850
modify,0x1fe14350e72ed606c8850a16d91d5500c18274b7a19852dacf7c4164f78d820b,36346042,353,2025-10-03,,,1536,1676,4982643284,,,,1
modify,0x1fe14350e72ed606c8850a16d91d5500c18274b7a19852dacf7c4164f78d820b,36347247,578,2025-10-03,,,1589,1604,-9385769761733,,,,1
modify,0x1fe14350e72ed606c8850a16d91d5500c18274b7a19852dacf7c4164f78d820b,36349650,355,2025-10-03,,,1554,1654,94445267690,,,,1
modify,0x1fe14350e72ed606c8850a16d91d5500c18274b7a19852dacf7c4164f78d820b,36350407,595,2025-10-03,,,1570,1603,1370314893225,,,,1
modify,0x1fe14350e72ed606c8850a16d91d5500c18274b7a19852dacf7c4164f78d820b,36352162,8,2025-10-03,,,1573,1635,55010460478,,,,1
modify,0x1fe14350e72ed606c8850a16d91d5500c18274b7a19852dacf7c4164f78d820b,36352241,2250,2025-10-03,,,1570,1603,-1370314893225,,,,1
modify,0x1fe14350e72ed606c8850a16d91d5500c18274b7a19852dacf7c4164f78d820b,36352293,897,2025-10-03,,,1573,1635,37804884281,,,,1
modify,0x1fe14350e72ed606c8850a16d91d5500c18274b7a19852dacf7c4164f78d820b,36352526,1392,2025-10-03,,,1577,1638,85237355766,,,,1
modify,0x1fe14350e72ed606c8850a16d91d5500c18274b7a19852dacf7c4164f78d820b,36352648,123,2025-10-03,,,1586,1605,2324156180077,,,,1
modify,0x1fe14350e72ed606c8850a16d91d5500c18274b7a19852dacf7c4164f78d820b,36353836,18,2025-10-03,,,1551,1640,200014568497,,,,1
modify,0x1fe14350e72ed606c8850a16d91d5500c18274b7a19852dacf7c4164f78d820b,36353923,3,2025-10-03,,,1551,1640,125713869389,,,,1
modify,0x1fe14350e72ed606c8850a16d91d5500c18274b7a19852dacf7c4164f78d820b,36354076,61,2025-10-03,,,1551,1640,17404508489,,,,1
modify,0x1fe14350e72ed606c8850a16d91d5500c18274b7a19852dacf7c4164f78d820b,36354615,64,2025-10-03,,,1586,1605,-2324156180077,,,,1
modify,0x1fe14350e72ed606c8850a16d91d5500c18274b7a19852dacf7c4164f78d820b,36355486,610,2025-10-03,,,1594,1615,423978446029,,,,1
modify,0x1fe14350e72ed606c8850a16d91d5500c18274b7a19852dacf7c4164f78d820b,36359422,723,2025-10-03,,,1594,1615,-423978446029,,,,1
modify,0x1fe14350e72ed606c8850a16d91d5500c18274b7a19852dacf7c4164f78d820b,36362888,228,2025-10-03,,,1573,1635,-37804884281,,,,1
modify,0x1fe14350e72ed606c8850a16d91d5500c18274b7a19852dacf7c4164f78d820b,36363161,181,2025-10-03,,,1577,1638,-85237355766,,,,1
modify,0x1fe14350e72ed606c8850a16d91d5500c18274b7a19852dacf7c4164f78d820b,36364118,938,2025-10-03,,,1573,1635,-55010460478,,,,1
modify,0x1fe14350e72ed606c8850a16d91d5500c18274b7a19852dacf7c4164f78d820b,36364499,380,2025-10-03,,,1601,1680,65890552830,,,,1
modify,0x1fe14350e72ed606c8850a16d91d5500c18274b7a19852dacf7c4164f78d820b,36367033,405,2025-10-03,,,1592,1649,43076904874,,,,1
modify,0x1fe14350e72ed606c8850a16d91d5500c18274b7a19852dacf7c4164f78d820b,36382078,1689,2025-10-03,,,1604,1635,1387658243522,,,,1
price,0x1fe14350e72ed606c8850a16d91d5500c18274b7a19852dacf7c4164f78d820b,36383948,16,2025-10-03,,,,,,85909722658638571004550672180,1619,2130054473308,613
modify,0x1fe14350e72ed606c8850a16d91d5500c18274b7a19852dacf7c4164f78d820b,36384046,284,2025-10-03,,,1601,1639,520692698167,,,,1
modify,0x1fe14350e72ed606c8850a16d91d5500c18274b7a19852dacf7c4164f78d820b,36384494,213,2025-10-04,,,1590,1649,7634538150,,,,1
modify,0x1fe14350e72ed606c8850a16d91d5500c18274b7a19852dacf7c4164f78d820b,36384550,728,2025-10-04,,,1590,1649,466287076865,,,,1
modify,0x1fe14350e72ed606c8850a16d91d5500c18274b7a19852dacf7c4164f78d820b,36384587,382,2025-10-04,,,1590,1649,199312095052,,,,1
modify,0x1fe14350e72ed606c8850a16d91d5500c18274b7a19852dacf7c4164f78d820b,36384613,262,2025-10-04,,,1590,1649,10809003143,,,,1
modify,0x1fe14350e72ed606c8850a16d91d5500c18274b7a19852dacf7c4164f78d820b,36384641,798,2025-10-04,,,1590,1649,572676209,,,,1
modify,0x1fe14350e72ed606c8850a16d91d5500c18274b7a19852dacf7c4164f78d820b,36385017,337,2025-10-04,,,1590,1649,-684615389419,,,,1
modify,0x1fe14350e72ed606c8850a16d91d5500c18274b7a19852dacf7c4164f78d820b,36385862,108,2025-10-04,,,1611,1632,953567448193,,,,1
modify,0x1fe14350e72ed606c8850a16d91d5500c18274b7a19852dacf7c4164f78d820b,36385956,798,2025-10-04,,,1554,1654,-94445267690,,,,1
modify,0x1fe14350e72ed606c8850a16d91d5500c18274b7a19852dacf7c4164f78d820b,36386038,459,2025-10-04,,,1609,1627,495224355041,,,,1
modify,0x1fe14350e72ed606c8850a16d91d5500c18274b7a19852dacf7c4164f78d820b,36386042,291,2025-10-04,,,1536,1665,431039039785,,,,1
modify,0x1fe14350e72ed606c8850a16d91d5500c18274b7a19852dacf7c4164f78d820b,36387840,478,2025-10-04,,,1521,1721,88896182891,,,,1
modify,0x1fe14350e72ed606c8850a16d91d5500c18274b7a19852dacf7c4164f78d820b,36388130,17,2025-10-04,,,1551,1640,1025316699623,,,,1
modify,0x1fe14350e72ed606c8850a16d91d5500c18274b7a19852dacf7c4164f78d820b,36389982,764,2025-10-04,,,1560,1618,-459123620415,,,,1
modify,0x1fe14350e72ed606c8850a16d91d5500c18274b7a19852dacf7c4164f78d820b,36390212,116,2025-10-04,,,1557,1660,357994823865,,,,1
modify,0x1fe14350e72ed606c8850a16d91d5500c18274b7a19852dacf7c4164f78d820b,36390230,404,2025-10-04,,,1568,1625,388860338247,,,,1
modify,0x1fe14350e72ed606c8850a16d91d5500c18274b7a19852dacf7c4164f78d820b,36393331,229,2025-10-04,,,1557,1660,-357994823865,,,,1
modify,0x1fe14350e72ed606c8850a16d91d5500c18274b7a19852dacf7c4164f78d820b,36393341,316,2025-10-04,,,1601,1680,-65890552830,,,,1
modify,0x1fe14350e72ed606c8850a16d91d5500c18274b7a19852dacf7c4164f78d820b,36393581,616,2025-10-04,,,1613,1639,199658746046,,,,1
modify,0x1fe14350e72ed606c8850a16d91d5500c18274b7a19852dacf7c4164f78d820b,36394425,400,2025-10-04,,,1568,1625,-388860338247,,,,1
modify,0x1fe14350e72ed606c8850a16d91d5500c18274b7a19852dacf7c4164f78d820b,36395627,318,2025-10-04,,,1601,1639,-520692698167,,,,1
modify,0x1fe14350e72ed606c8850a16d91d5500c18274b7a19852dacf7c4164f78d820b,36397372,582,2025-10-04,,,1609,1627,-495224355041,,,,1
modify,0x1fe14350e72ed606c8850a16d91d5500c18274b7a19852dacf7c4164f78d820b,36397375,944,2025-10-04,,,1566,1628,432768409681,,,,1
modify,0x1fe14350e72ed606c8850a16d91d5500c18274b7a19852dacf7c4164f78d820b,36397501,340,2025-10-04,,,1591,1649,125397045901,,,,1
modify,0x1fe14350e72ed606c8850a16d91d5500c18274b7a19852dacf7c4164f78d820b,36398421,214,2025-10-04,,,1592,1649,-43076904874,,,,1
modify,0x1fe14350e72ed606c8850a16d91d5500c18274b7a19852dacf7c4164f78d820b,36398700,309,2025-10-04,,,1613,1643,82638671303,,,,1
modify,0x1fe14350e72ed606c8850a16d91d5500c18274b7a19852dacf7c4164f78d820b,36398904,1048,2025-10-04,,,1626,1631,28728680829356,,,,1
modify,0x1fe14350e72ed606c8850a16d91d5500c18274b7a19852dacf7c4164f78d820b,36399335,852,2025-10-04,,,1626,1631,-28728680829356,,,,1
modify,0x1fe14350e72ed606c8850a16d91d5500c18274b7a19852dacf7c4164f78d820b,36399972,1243,2025-10-04,,,1630,1634,31278386316668,,,,1
modify,0x1fe14350e72ed606c8850a16d91d5500c18274b7a19852dacf7c4164f78d820b,36401955,385,2025-10-04,,,1604,1635,-1387658243522,,,,1
modify,0x1fe14350e72ed606c8850a16d91d5500c18274b7a19852dacf7c4164f78d820b,36402009,333,2025-10-04,,,1611,1632,-953567448193,,,,1
modify,0x1fe14350e72ed606c8850a16d91d5500c18274b7a19852dacf7c4164f78d820b,36402290,923,2025-10-04,,,1629,1650,959816158348,,,,1
modify,0x1fe14350e72ed606c8850a16d91d5500c18274b7a19852dacf7c4164f78d820b,36402635,78,2025-10-04,,,1628,1648,2229766969210,,,,1
modify,0x1fe14350e72ed606c8850a16d91d5500c18274b7a19852dacf7c4164f78d820b,36402927,283,2025-10-04,,,1613,1639,-199658746046,,,,1
modify,0x1fe14350e72ed606c8850a16d91d5500c18274b7a19852dacf7c4164f78d820b,36403689,801,2025-10-04,,,1627,1658,184513233638,,,,1
modify,0x1fe14350e72ed606c8850a16d91d5500c18274b7a19852dacf7c4164f78d820b,36406401,419,2025-10-04,,,1630,1634,-31278386316668,,,,1
modify,0x1fe14350e72ed606c8850a16d91d5500c18274b7a19852dacf7c4164f78d820b,36406490,922,2025-10-04,,,1643,1646,41158990148416,,,,1
modify,0x1fe14350e72ed606c8850a16d91d5500c18274b7a19852dacf7c4164f78d820b,36407039,629,2025-10-04,,,1643,1646,3650050722998,,,,1
modify,0x1fe14350e72ed606c8850a16d91d5500c18274b7a19852dacf7c4164f78d820b,36407082,422,2025-10-04,,,1643,1646,6794553333441,,,,1
modify,0x1fe14350e72ed606c8850a16d91d5500c18274b7a19852dacf7c4164f78d820b,36407278,1531,2025-10-04,,,1627,1658,-184513233638,,,,1
modify,0x1fe14350e72ed606c8850a16d91d5500c18274b7a19852dacf7c4164f78d820b,36407295,309,2025-10-04,,,1613,1643,-82638671303,,,,1
modify,0x1fe14350e72ed606c8850a16d91d5500c18274b7a19852dacf7c4164f78d820b,36407864,548,2025-10-04,,,1591,1649,-125397045901,,,,1
modify,0x1fe14350e72ed606c8850a16d91d5500c18274b7a19852dacf7c4164f78d820b,36409558,554,2025-10-04,,,1566,1628,-432768409681,,,,1
modify,0x1fe14350e72ed606c8850a16d91d5500c18274b7a19852dacf7c4164f78d820b,36413137,3,2025-10-04,,,1564,1661,75188840329,,,,1
modify,0x1fe14350e72ed606c8850a16d91d5500c18274b7a19852dacf7c4164f78d820b,36413319,4,2025-10-04,,,1564,1661,-75188840329,,,,1
modify,0x1fe14350e72ed606c8850a16d91d5500c18274b7a19852dacf7c4164f78d820b,36414164,329,2025-10-04,,,1643,1646,-51603594204855,,,,1
modify,0x1fe14350e72ed606c8850a16d91d5500c18274b7a19852dacf7c4164f78d820b,36414265,185,2025-10-04,,,1635,1640,31219856401182,,,,1
modify,0x1fe14350e72ed606c8850a16d91d5500c18274b7a19852dacf7c4164f78d820b,36414353,246,2025-10-04,,,1635,1640,2309437889971,,,,1
modify,0x1fe14350e72ed606c8850a16d91d5500c18274b7a19852dacf7c4164f78d820b,36421001,143,2025-10-04,,,1629,1650,-959816158348,,,,1
modify,0x1fe14350e72ed606c8850a16d91d5500c18274b7a19852dacf7c4164f78d820b,36421082,126,2025-10-04,,,1628,1648,-2229766969210,,,,1
modify,0x1fe14350e72ed606c8850a16d91d5500c18274b7a19852dacf7c4164f78d820b,36422124,217,2025-10-04,,,1599,1666,63592990501,,,,1
modify,0x1fe14350e72ed606c8850a16d91d5500c18274b7a19852dacf7c4164f78d820b,36423277,403,2025-10-04,,,1640,1664,1150502383633,,,,1
modify,0x1fe14350e72ed606c8850a16d91d5500c18274b7a19852dacf7c4164f78d820b,36423831,1182,2025-10-04,,,1639,1671,669730630306,,,,1
modify,0x1fe14350e72ed606c8850a16d91d5500c18274b7a19852dacf7c4164f78d820b,36424447,547,2025-10-04,,,1635,1640,-33529294291153,,,,1
modify,0x1fe14350e72ed606c8850a16d91d5500c18274b7a19852dacf7c4164f78d820b,36424946,282,2025-10-04,,,1654,1660,13218685220535,,,,1
modify,0x1fe14350e72ed606c8850a16d91d5500c18274b7a19852dacf7c4164f78d820b,36425833,302,2025-10-04,,,1640,1664,-1150502383633,,,,1
modify,0x1fe14350e72ed606c8850a16d91d5500c18274b7a19852dacf7c4164f78d820b,36425964,775,2025-10-04,,,1654,1660,-13218685220535,,,,1
modify,0x1fe14350e72ed606c8850a16d91d5500c18274b7a19852dacf7c4164f78d820b,36426212,528,2025-10-04,,,1654,1700,595281789025,,,,1
modify,0x1fe14350e72ed606c8850a16d91d5500c18274b7a19852dacf7c4164f78d820b,36426373,41,2025-10-04,,,1597,1698,918887111855,,,,1
modify,0x1fe14350e72ed606c8850a16d91d5500c18274b7a19852dacf7c4164f78d820b,36426426,355,2025-10-04,,,1639,1671,-669730630306,,,,1
modify,0x1fe14350e72ed606c8850a16d91d5500c18274b7a19852dacf7c4164f78d820b,36426510,25,2025-10-04,,,1597,1698,934299513509,,,,1
modify,0x1fe14350e72ed606c8850a16d91d5500c18274b7a19852dacf7c4164f78d820b,36426876,120,2025-10-04,,,1654,1695,522156004534,,,,1
price,0x1fe14350e72ed606c8850a16d91d5500c18274b7a19852dacf7c4164f78d820b,36427310,17,2025-10-04,,,,,,86140578048270528024561317008,1673,3201861550206,820
modify,0x1fe14350e72ed606c8850a16d91d5500c18274b7a19852dacf7c4164f78d820b,36427363,932,2025-10-05,,,1599,1666,-63592990501,,,,1
modify,0x1fe14350e72ed606c8850a16d91d5500c18274b7a19852dacf7c4164f78d820b,36427367,172,2025-10-05,,,1654,1692,979678698607,,,,1
modify,0x1fe14350e72ed606c8850a16d91d5500c18274b7a19852dacf7c4164f78d820b,36430679,1001,2025-10-05,,,1612,1677,412501003964,,,,1
modify,0x1fe14350e72ed606c8850a16d91d5500c18274b7a19852dacf7c4164f78d820b,36431387,308,2025-10-05,,,1536,1676,-17559495866,,,,1
modify,0x1fe14350e72ed606c8850a16d91d5500c18274b7a19852dacf7c4164f78d820b,36433155,576,2025-10-05,,,1664,1701,145695460805,,,,1
modify,0x1fe14350e72ed606c8850a16d91d5500c18274b7a19852dacf7c4164f78d820b,36433936,505,2025-10-05,,,1584,1784,55996955915,,,,1
modify,0x1fe14350e72ed606c8850a16d91d5500c18274b7a19852dacf7c4164f78d820b,36434078,259,2025-10-05,,,1584,1784,765671157,,,,1
modify,0x1fe14350e72ed606c8850a16d91d5500c18274b7a19852dacf7c4164f78d820b,36434265,329,2025-10-05,,,1612,1677,-412501003964,,,,1
modify,0x1fe14350e72ed606c8850a16d91d5500c18274b7a19852dacf7c4164f78d820b,36434439,651,2025-10-05,,,1566,1683,229396275140,,,,1
modify,0x1fe14350e72ed606c8850a16d91d5500c18274b7a19852dacf7c4164f78d820b,36435165,447,2025-10-05,,,1669,1699,74253331558,,,,1
modify,0x1fe14350e72ed606c8850a16d91d5500c18274b7a19852dacf7c4164f78d820b,36437438,456,2025-10-05,,,1669,1699,-74253331558,,,,1
modify,0x1fe14350e72ed606c8850a16d91d5500c18274b7a19852dacf7c4164f78d820b,36437538,503,2025-10-05,,,1664,1701,-145695460805,,,,1
modify,0x1fe14350e72ed606c8850a16d91d5500c18274b7a19852dacf7c4164f78d820b,36437545,645,2025-10-05,,,1633,1693,42829072569,,,,1
modify,0x1fe14350e72ed606c8850a16d91d5500c18274b7a19852dacf7c4164f78d820b,36437581,153,2025-10-05,,,1654,1700,-595281789025,,,,1
modify,0x1fe14350e72ed606c8850a16d91d5500c18274b7a19852dacf7c4164f78d820b,36437601,96,2025-10-05,,,1633,1693,1063840056,,,,1
modify,0x1fe14350e72ed606c8850a16d91d5500c18274b7a19852dacf7c4164f78d820b,36437610,344,2025-10-05,,,1648,1680,179945515074,,,,1
modify,0x1fe14350e72ed606c8850a16d91d5500c18274b7a19852dacf7c4164f78d820b,36438230,706,2025-10-05,,,1654,1683,948193530542,,,,1
modify,0x1fe14350e72ed606c8850a16d91d5500c18274b7a19852dacf7c4164f78d820b,36438499,101,2025-10-05,,,1654,1695,-522156004534,,,,1
modify,0x1fe14350e72ed606c8850a16d91d5500c18274b7a19852dacf7c4164f78d820b,36438590,491,2025-10-05,,,1650,1682,74125807248,,,,1
modify,0x1fe14350e72ed606c8850a16d91d5500c18274b7a19852dacf7c4164f78d820b,36438704,664,2025-10-05,,,1658,1684,787443822581,,,,1
modify,0x1fe14350e72ed606c8850a16d91d5500c18274b7a19852dacf7c4164f78d820b,36438747,576,2025-10-05,,,1654,1692,-979678698607,,,,1
modify,0x1fe14350e72ed606c8850a16d91d5500c18274b7a19852dacf7c4164f78d820b,36438945,711,2025-10-05,,,1651,1679,440110964688,,,,1
modify,0x1fe14350e72ed606c8850a16d91d5500c18274b7a19852dacf7c4164f78d820b,36447505,88,2025-10-05,,,1656,1675,1260532408463,,,,1
modify,0x1fe14350e72ed606c8850a16d91d5500c18274b7a19852dacf7c4164f78d820b,36447612,277,2025-10-05,,,1651,1679,-440110964688,,,,1
modify,0x1fe14350e72ed606c8850a16d91d5500c18274b7a19852dacf7c4164f78d820b,36447822,100,2025-10-05,,,1654,1683,-948193530542,,,,1
modify,0x1fe14350e72ed606c8850a16d91d5500c18274b7a19852dacf7c4164f78d820b,36448340,323,2025-10-05,,,1650,1675,517763771429,,,,1
modify,0x1fe14350e72ed606c8850a16d91d5500c18274b7a19852dacf7c4164f78d820b,36449001,292,2025-10-05,,,1658,1684,-787443822581,,,,1
modify,0x1fe14350e72ed606c8850a16d91d5500c18274b7a19852dacf7c4164f78d820b,36449204,312,2025-10-05,,,1646,1666,1073425957690,,,,1
modify,0x1fe14350e72ed606c8850a16d91d5500c18274b7a19852dacf7c4164f78d820b,36449255,433,2025-10-05,,,1656,1675,-1260532408463,,,,1
modify,0x1fe14350e72ed606c8850a16d91d5500c18274b7a19852dacf7c4164f78d820b,36449578,340,2025-10-05,,,1645,1666,1141985577598,,,,1
modify,0x1fe14350e72ed606c8850a16d91d5500c18274b7a19852dacf7c4164f78d820b,36450314,526,2025-10-05,,,1640,1657,1586374708332,,,,1
modify,0x1fe14350e72ed606c8850a16d91d5500c18274b7a19852dacf7c4164f78d820b,36450359,23,2025-10-05,,,1650,1675,-517763771429,,,,1
modify,0x1fe14350e72ed606c8850a16d91d5500c18274b7a19852dacf7c4164f78d820b,36450510,442,2025-10-05,,,1628,1652,546322406536,,,,1
modify,0x1fe14350e72ed606c8850a16d91d5500c18274b7a19852dacf7c4164f78d820b,36450761,479,2025-10-05,,,1650,1682,-74125807248,,,,1
modify,0x1fe14350e72ed606c8850a16d91d5500c18274b7a19852dacf7c4164f78d820b,36450811,304,2025-10-05,,,1648,1680,-179945515074,,,,1
modify,0x1fe14350e72ed606c8850a16d91d5500c18274b7a19852dacf7c4164f78d820b,36450882,466,2025-10-05,,,1635,1655,89458381912,,,,1
modify,0x1fe14350e72ed606c8850a16d91d5500c18274b7a19852dacf7c4164f78d820b,36450904,623,2025-10-05,,,1631,1659,202890641075,,,,1
modify,0x1fe14350e72ed606c8850a16d91d5500c18274b7a19852dacf7c4164f78d820b,36451035,377,2025-10-05,,,1635,1655,-89458381912,,,,1
modify,0x1fe14350e72ed606c8850a16d91d5500c18274b7a19852dacf7c4164f78d820b,36451127,136,2025-10-05,,,1625,1655,83226860298,,,,1
modify,0x1fe14350e72ed606c8850a16d91d5500c18274b7a19852dacf7c4164f78d820b,36451474,516,2025-10-05,,,1646,1666,-1073425957690,,,,1
modify,0x1fe14350e72ed606c8850a16d91d5500c18274b7a19852dacf7c4164f78d820b,36451501,829,2025-10-05,,,1640,1657,-1586374708332,,,,1
modify,0x1fe14350e72ed606c8850a16d91d5500c18274b7a19852dacf7c4164f78d820b,36451528,65,2025-10-05,,,1645,1666,-1141985577598,,,,1
modify,0x1fe14350e72ed606c8850a16d91d5500c18274b7a19852dacf7c4164f78d820b,36452443,92,2025-10-05,,,1625,1644,9392045919836,,,,1
modify,0x1fe14350e72ed606c8850a16d91d5500c18274b7a19852dacf7c4164f78d820b,36453097,517,2025-10-05,,,1628,1652,-546322406536,,,,1
modify,0x1fe14350e72ed606c8850a16d91d5500c18274b7a19852dacf7c4164f78d820b,36453525,269,2025-10-05,,,1631,1659,-202890641075,,,,1
modify,0x1fe14350e72ed606c8850a16d91d5500c18274b7a19852dacf7c4164f78d820b,36459186,188,2025-10-05,,,1625,1655,-83226860298,,,,1
modify,0x1fe14350e72ed606c8850a16d91d5500c18274b7a19852dacf7c4164f78d820b,36459370,716,2025-10-05,,,1606,1639,74019149757,,,,1
modify,0x1fe14350e72ed606c8850a16d91d5500c18274b7a19852dacf7c4164f78d820b,36464451,475,2025-10-05,,,1606,1639,-74019149757,,,,1
modify,0x1fe14350e72ed606c8850a16d91d5500c18274b7a19852dacf7c4164f78d820b,36465567,765,2025-10-05,,,1602,1638,157305919853,,,,1
modify,0x1fe14350e72ed606c8850a16d91d5500c18274b7a19852dacf7c4164f78d820b,36466865,11,2025-10-05,,,1597,1698,-18531866253,,,,1
price,0x1fe14350e72ed606c8850a16d91d5500c18274b7a19852dacf7c4164f78d820b,36470431,562,2025-10-05,,,,,,85862825312263631071168755922,1608,4344795512001,900
modify,0x1fe14350e72ed606c8850a16d91d5500c18274b7a19852dacf7c4164f78d820b,36471660,21,2025-10-06,,,1560,1695,227246968311,,,,1
modify,0x1fe14350e72ed606c8850a16d91d5500c18274b7a19852dacf7c4164f78d820b,36472183,393,2025-10-06,,,1625,1644,0,,,,1
modify,0x1fe14350e72ed606c8850a16d91d5500c18274b7a19852dacf7c4164f78d820b,36472251,549,2025-10-06,,,1625,1644,-9392045919836,,,,1
modify,0x1fe14350e72ed606c8850a16d91d5500c18274b7a19852dacf7c4164f78d820b,36473034,374,2025-10-06,,,1597,1698,-917327379555,,,,1
modify,0x1fe14350e72ed606c8850a16d91d5500c18274b7a19852dacf7c4164f78d820b,36473934,133,2025-10-06,,,1561,1626,1217912695249,,,,1
modify,0x1fe14350e72ed606c8850a16d91d5500c18274b7a19852dacf7c4164f78d820b,36474293,756,2025-10-06,,,1597,1698,-917327379556,,,,1
modify,0x1fe14350e72ed606c8850a16d91d5500c18274b7a19852dacf7c4164f78d820b,36474426,264,2025-10-06,,,1553,1680,739509324905,,,,1
modify,0x1fe14350e72ed606c8850a16d91d5500c18274b7a19852dacf7c4164f78d820b,36474636,376,2025-10-06,,,1548,1561,11982162673359,,,,1
modify,0x1fe14350e72ed606c8850a16d91d5500c18274b7a19852dacf7c4164f78d820b,36476505,276,2025-10-06,,,1584,1655,-53509609625,,,,1
modify,0x1fe14350e72ed606c8850a16d91d5500c18274b7a19852dacf7c4164f78d820b,36476576,94,2025-10-06,,,1518,1618,84912685020,,,,1
modify,0x1fe14350e72ed606c8850a16d91d5500c18274b7a19852dacf7c4164f78d820b,36478383,338,2025-10-06,,,1548,1561,-11982162673359,,,,1
modify,0x1fe14350e72ed606c8850a16d91d5500c18274b7a19852dacf7c4164f78d820b,36478741,687,2025-10-06,,,1567,1574,22246593092797,,,,1
modify,0x1fe14350e72ed606c8850a16d91d5500c18274b7a19852dacf7c4164f78d820b,36479560,53,2025-10-06,,,1561,1626,-1217912695249,,,,1
modify,0x1fe14350e72ed606c8850a16d91d5500c18274b7a19852dacf7c4164f78d820b,36479685,770,2025-10-06,,,1633,1693,-43892912625,,,,1
modify,0x1fe14350e72ed606c8850a16d91d5500c18274b7a19852dacf7c4164f78d820b,36479809,3228,2025-10-06,,,1508,1608,25722022483,,,,1
modify,0x1fe14350e72ed606c8850a16d91d5500c18274b7a19852dacf7c4164f78d820b,36479869,370,2025-10-06,,,1508,1608,537072311,,,,1
modify,0x1fe14350e72ed606c8850a16d91d5500c18274b7a19852dacf7c4164f78d820b,36479900,163,2025-10-06,,,1542,1582,285576794451,,,,1
modify,0x1fe14350e72ed606c8850a16d91d5500c18274b7a19852dacf7c4164f78d820b,36480358,58,2025-10-06,,,1549,1594,155129268741,,,,1
modify,0x1fe14350e72ed606c8850a16d91d5500c18274b7a19852dacf7c4164f78d820b,36481721,92,2025-10-06,,,1549,1594,-155129268741,,,,1
modify,0x1fe14350e72ed606c8850a16d91d5500c18274b7a19852dacf7c4164f78d820b,36482320,172,2025-10-06,,,1584,1784,0,,,,1
modify,0x1fe14350e72ed606c8850a16d91d5500c18274b7a19852dacf7c4164f78d820b,36482919,277,2025-10-06,,,1602,1638,-157305919853,,,,1
modify,0x1fe14350e72ed606c8850a16d91d5500c18274b7a19852dacf7c4164f78d820b,36483538,1224,2025-10-06,,,1564,1610,123206119085,,,,1
modify,0x1fe14350e72ed606c8850a16d91d5500c18274b7a19852dacf7c4164f78d820b,36483643,561,2025-10-06,,,1542,1582,-285576794451,,,,1
modify,0x1fe14350e72ed606c8850a16d91d5500c18274b7a19852dacf7c4164f78d820b,36483694,184,2025-10-06,,,1569,1608,228002749572,,,,1
modify,0x1fe14350e72ed606c8850a16d91d5500c18274b7a19852dacf7c4164f78d820b,36483824,583,2025-10-06,,,1570,1612,232778983966,,,,1
modify,0x1fe14350e72ed606c8850a16d91d5500c18274b7a19852dacf7c4164f78d820b,36484829,567,2025-10-06,,,1569,1610,59968467466,,,,1
modify,0x1fe14350e72ed606c8850a16d91d5500c18274b7a19852dacf7c4164f78d820b,36485176,14,2025-10-06,,,1574,1616,287029546711,,,,1
modify,0x1fe14350e72ed606c8850a16d91d5500c18274b7a19852dacf7c4164f78d820b,36485728,319,2025-10-06,,,1573,1612,541396750221,,,,1
modify,0x1fe14350e72ed606c8850a16d91d5500c18274b7a19852dacf7c4164f78d820b,36490732,378,2025-10-06,,,1567,1574,-22246593092797,,,,1
modify,0x1fe14350e72ed606c8850a16d91d5500c18274b7a19852dacf7c4164f78d820b,36491336,166,2025-10-06,,,1597,1611,12458458776909,,,,1
modify,0x1fe14350e72ed606c8850a16d91d5500c18274b7a19852dacf7c4164f78d820b,36491447,1082,2025-10-06,,,1564,1610,-123206119085,,,,1
modify,0x1fe14350e72ed606c8850a16d91d5500c18274b7a19852dacf7c4164f78d820b,36491972,668,2025-10-06,,,1569,1610,-59968467466,,,,1
modify,0x1fe14350e72ed606c8850a16d91d5500c18274b7a19852dacf7c4164f78d820b,36493848,1004,2025-10-06,,,1573,1612,-541396750221,,,,1
modify,0x1fe14350e72ed606c8850a16d91d5500c18274b7a19852dacf7c4164f78d820b,36494830,443,2025-10-06,,,1593,1630,66410940873,,,,1
modify,0x1fe14350e72ed606c8850a16d91d5500c18274b7a19852dacf7c4164f78d820b,36495398,480,2025-10-06,,,1570,1612,-232778983966,,,,1
modify,0x1fe14350e72ed606c8850a16d91d5500c18274b7a19852dacf7c4164f78d820b,36495632,786,2025-10-06,,,1574,1616,-287029546711,,,,1
modify,0x1fe14350e72ed606c8850a16d91d5500c18274b7a19852dacf7c4164f78d820b,36495741,165,2025-10-06,,,1569,1608,-228002749572,,,,1
modify,0x1fe14350e72ed606c8850a16d91d5500c18274b7a19852dacf7c4164f78d820b,36496669,64,2025-10-06,,,1599,1611,3278952568908,,,,1
modify,0x1fe14350e72ed606c8850a16d91d5500c18274b7a19852dacf7c4164f78d820b,36497875,803,2025-10-06,,,1593,1630,-66410940873,,,,1
modify,0x1fe14350e72ed606c8850a16d91d5500c18274b7a19852dacf7c4164f78d820b,36505725,299,2025-10-06,,,1599,1611,-3278952568908,,,,1
modify,0x1fe14350e72ed606c8850a16d91d5500c18274b7a19852dacf7c4164f78d820b,36506406,317,2025-10-06,,,1566,1619,45337973396,,,,1
modify,0x1fe14350e72ed606c8850a16d91d5500c18274b7a19852dacf7c4164f78d820b,36506694,578,2025-10-06,,,1581,1601,1165443639087,,,,1
modify,0x1fe14350e72ed606c8850a16d91d5500c18274b7a19852dacf7c4164f78d820b,36506923,295,2025-10-06,,,1580,1603,2743881875573,,,,1
modify,0x1fe14350e72ed606c8850a16d91d5500c18274b7a19852dacf7c4164f78d820b,36513592,585,2025-10-06,,,1560,1618,37429812074,,,,1
price,0x1fe14350e72ed606c8850a16d91d5500c18274b7a19852dacf7c4164f78d820b,36513617,241,2025-10-06,,,,,,85727218235371609086223669973,1576,3403258454840,1057
modify,0x1fe14350e72ed606c8850a16d91d5500c18274b7a19852dacf7c4164f78d820b,36516828,1007,2025-10-07,,,1597,1611,-12458458776909,,,,1
modify,0x1fe14350e72ed606c8850a16d91d5500c18274b7a19852dacf7c4164f78d820b,36519221,1624,2025-10-07,,,1580,1603,-2743881875573,,,,1
modify,0x1fe14350e72ed606c8850a16d91d5500c18274b7a19852dacf7c4164f78d820b,36519239,678,2025-10-07,,,1566,1683,-229396275140,,,,1
modify,0x1fe14350e72ed606c8850a16d91d5500c18274b7a19852dacf7c4164f78d820b,36519272,37,2025-10-07,,,1581,1601,-1165443639087,,,,1
modify,0x1fe14350e72ed606c8850a16d91d5500c18274b7a19852dacf7c4164f78d820b,36519344,227,2025-10-07,,,1560,1625,414422093075,,,,1
modify,0x1fe14350e72ed606c8850a16d91d5500c18274b7a19852dacf7c4164f78d820b,36519467,181,2025-10-07,,,1553,1680,-739509324905,,,,1
modify,0x1fe14350e72ed606c8850a16d91d5500c18274b7a19852dacf7c4164f78d820b,36519586,146,2025-10-07,,,1529,1657,732400290324,,,,1
modify,0x1fe14350e72ed606c8850a16d91d5500c18274b7a19852dacf7c4164f78d820b,36526128,151,2025-10-07,,,1566,1619,-45337973396,,,,1
modify,0x1fe14350e72ed606c8850a16d91d5500c18274b7a19852dacf7c4164f78d820b,36526706,140,2025-10-07,,,1560,1625,-414422093075,,,,1
modify,0x1fe14350e72ed606c8850a16d91d5500c18274b7a19852dacf7c4164f78d820b,36527945,434,2025-10-07,,,1584,1784,0,,,,1
modify,0x1fe14350e72ed606c8850a16d91d5500c18274b7a19852dacf7c4164f78d820b,36530061,173,2025-10-07,,,1560,1618,-37429812074,,,,1
modify,0x1fe14350e72ed606c8850a16d91d5500c18274b7a19852dacf7c4164f78d820b,36531193,654,2025-10-07,,,1454,1654,496927750,,,,1
modify,0x1fe14350e72ed606c8850a16d91d5500c18274b7a19852dacf7c4164f78d820b,36538343,186,2025-10-07,,,1454,1654,-496927750,,,,1
modify,0x1fe14350e72ed606c8850a16d91d5500c18274b7a19852dacf7c4164f78d820b,36543937,658,2025-10-07,,,1533,1549,10009455213036,,,,1
modify,0x1fe14350e72ed606c8850a16d91d5500c18274b7a19852dacf7c4164f78d820b,36543991,1800,2025-10-07,,,1508,1570,59441093379,,,,1
modify,0x1fe14350e72ed606c8850a16d91d5500c18274b7a19852dacf7c4164f78d820b,36544379,192,2025-10-07,,,1508,1570,-59441093379,,,,1
modify,0x1fe14350e72ed606c8850a16d91d5500c18274b7a19852dacf7c4164f78d820b,36547375,424,2025-10-07,,,1478,1561,35421355256,,,,1
modify,0x1fe14350e72ed606c8850a16d91d5500c18274b7a19852dacf7c4164f78d820b,36547500,450,2025-10-07,,,1532,1611,273871801581,,,,1
modify,0x1fe14350e72ed606c8850a16d91d5500c18274b7a19852dacf7c4164f78d820b,36551509,750,2025-10-07,,,1533,1549,-10009455213036,,,,1
modify,0x1fe14350e72ed606c8850a16d91d5500c18274b7a19852dacf7c4164f78d820b,36551565,272,2025-10-07,,,1513,1522,17800783028512,,,,1
modify,0x1fe14350e72ed606c8850a16d91d5500c18274b7a19852dacf7c4164f78d820b,36554838,783,2025-10-07,,,1513,1522,-17800783028512,,,,1
modify,0x1fe14350e72ed606c8850a16d91d5500c18274b7a19852dacf7c4164f78d820b,36554949,405,2025-10-07,,,1502,1516,10815170739751,,,,1
price,0x1fe14350e72ed606c8850a16d91d5500c18274b7a19852dacf7c4164f78d820b,36556888,635,2025-10-07,,,,,,85416354448810092840611546571,1504,10975373547533,541
modify,0x1fe14350e72ed606c8850a16d91d5500c18274b7a19852dacf7c4164f78d820b,36558581,48,2025-10-08,,,1529,1657,-732400290324,,,,1
modify,0x1fe14350e72ed606c8850a16d91d5500c18274b7a19852dacf7c4164f78d820b,36558805,33,2025-10-08,,,1467,1639,547965709553,,,,1
modify,0x1fe14350e72ed606c8850a16d91d5500c18274b7a19852dacf7c4164f78d820b,36558923,34,2025-10-08,,,1467,1639,540383282759,,,,1
modify,0x1fe14350e72ed606c8850a16d91d5500c18274b7a19852dacf7c4164f78d820b,36559743,116,2025-10-08,,,1521,1721,0,,,,1
modify,0x1fe14350e72ed606c8850a16d91d5500c18274b7a19852dacf7c4164f78d820b,36559804,52,2025-10-08,,,1467,1639,-544174496156,,,,1
modify,0x1fe14350e72ed606c8850a16d91d5500c18274b7a19852dacf7c4164f78d820b,36559997,227,2025-10-08,,,1397,1739,48327825906,,,,1
modify,0x1fe14350e72ed606c8850a16d91d5500c18274b7a19852dacf7c4164f78d820b,36560184,318,2025-10-08,,,1584,1784,-56762627072,,,,1
modify,0x1fe14350e72ed606c8850a16d91d5500c18274b7a19852dacf7c4164f78d820b,36569137,328,2025-10-08,,,1478,1561,-35421355256,,,,1
modify,0x1fe14350e72ed606c8850a16d91d5500c18274b7a19852dacf7c4164f78d820b,36569187,858,2025-10-08,,,1503,1526,160874959277,,,,1
modify,0x1fe14350e72ed606c8850a16d91d5500c18274b7a19852dacf7c4164f78d820b,36570234,163,2025-10-08,,,1517,1613,280895808475,,,,1
modify,0x1fe14350e72ed606c8850a16d91d5500c18274b7a19852dacf7c4164f78d820b,36570320,817,2025-10-08,,,1503,1526,-160874959277,,,,1
modify,0x1fe14350e72ed606c8850a16d91d5500c18274b7a19852dacf7c4164f78d820b,36572097,149,2025-10-08,,,1500,1527,88408288838,,,,1
modify,0x1fe14350e72ed606c8850a16d91d5500c18274b7a19852dacf7c4164f78d820b,36573181,265,2025-10-08,,,1517,1613,-280895808475,,,,1
modify,0x1fe14350e72ed606c8850a16d91d5500c18274b7a19852dacf7c4164f78d820b,36573296,792,2025-10-08,,,1503,1613,245782181036,,,,1
modify,0x1fe14350e72ed606c8850a16d91d5500c18274b7a19852dacf7c4164f78d820b,36573603,342,2025-10-08,,,1502,1516,-10815170739751,,,,1
modify,0x1fe14350e72ed606c8850a16d91d5500c18274b7a19852dacf7c4164f78d820b,36573669,469,2025-10-08,,,1493,1505,12582973114453,,,,1
modify,0x1fe14350e72ed606c8850a16d91d5500c18274b7a19852dacf7c4164f78d820b,36573765,580,2025-10-08,,,1493,1505,161479042509,,,,1
modify,0x1fe14350e72ed606c8850a16d91d5500c18274b7a19852dacf7c4164f78d820b,36575000,750,2025-10-08,,,1500,1527,-88408288838,,,,1
modify,0x1fe14350e72ed606c8850a16d91d5500c18274b7a19852dacf7c4164f78d820b,36575214,259,2025-10-08,,,1457,1522,56035312924,,,,1
modify,0x1fe14350e72ed606c8850a16d91d5500c18274b7a19852dacf7c4164f78d820b,36575422,692,2025-10-08,,,1454,1526,33367303908,,,,1
modify,0x1fe14350e72ed606c8850a16d91d5500c18274b7a19852dacf7c4164f78d820b,36575993,487,2025-10-08,,,1493,1505,-12744452156962,,,,1
modify,0x1fe14350e72ed606c8850a16d91d5500c18274b7a19852dacf7c4164f78d820b,36577293,362,2025-10-08,,,1493,1502,16991651210186,,,,1
modify,0x1fe14350e72ed606c8850a16d91d5500c18274b7a19852dacf7c4164f78d820b,36578452,765,2025-10-08,,,1481,1501,119202514461,,,,1
modify,0x1fe14350e72ed606c8850a16d91d5500c18274b7a19852dacf7c4164f78d820b,36579101,180,2025-10-08,,,1454,1526,-33367303908,,,,1
modify,0x1fe14350e72ed606c8850a16d91d5500c18274b7a19852dacf7c4164f78d820b,36580349,162,2025-10-08,,,1400,1605,11537080943,,,,1
modify,0x1fe14350e72ed606c8850a16d91d5500c18274b7a19852dacf7c4164f78d820b,36580980,676,2025-10-08,,,1481,1501,-119202514461,,,,1
modify,0x1fe14350e72ed606c8850a16d91d5500c18274b7a19852dacf7c4164f78d820b,36581159,25,2025-10-08,,,1496,1516,97825241807,,,,1
modify,0x1fe14350e72ed606c8850a16d91d5500c18274b7a19852dacf7c4164f78d820b,36583166,112,2025-10-08,,,1518,1618,-84912685020,,,,1
modify,0x1fe14350e72ed606c8850a16d91d5500c18274b7a19852dacf7c4164f78d820b,36588206,800,2025-10-08,,,1505,1525,62236326069,,,,1
modify,0x1fe14350e72ed606c8850a16d91d5500c18274b7a19852dacf7c4164f78d820b,36591946,234,2025-10-08,,,1457,1522,-56035312924,,,,1
modify,0x1fe14350e72ed606c8850a16d91d5500c18274b7a19852dacf7c4164f78d820b,36592300,324,2025-10-08,,,1489,1556,80869391662,,,,1
modify,0x1fe14350e72ed606c8850a16d91d5500c18274b7a19852dacf7c4164f78d820b,36592763,508,2025-10-08,,,1496,1516,-97825241807,,,,1
modify,0x1fe14350e72ed606c8850a16d91d5500c18274b7a19852dacf7c4164f78d820b,36592956,595,2025-10-08,,,1490,1524,59556166078,,,,1
modify,0x1fe14350e72ed606c8850a16d91d5500c18274b7a19852dacf7c4164f78d820b,36593583,675,2025-10-08,,,1490,1524,28253762152,,,,1
modify,0x1fe14350e72ed606c8850a16d91d5500c18274b7a19852dacf7c4164f78d820b,36593605,357,2025-10-08,,,1485,1555,19773502018,,,,1
modify,0x1fe14350e72ed606c8850a16d91d5500c18274b7a19852dacf7c4164f78d820b,36594621,1878,2025-10-08,,,1493,1502,-16991651210186,,,,1
modify,0x1fe14350e72ed606c8850a16d91d5500c18274b7a19852dacf7c4164f78d820b,36594742,815,2025-10-08,,,1513,1533,8158790152648,,,,1
modify,0x1fe14350e72ed606c8850a16d91d5500c18274b7a19852dacf7c4164f78d820b,36594803,260,2025-10-08,,,1513,1533,29484531439,,,,1
modify,0x1fe14350e72ed606c8850a16d91d5500c18274b7a19852dacf7c4164f78d820b,36595702,56,2025-10-08,,,1485,1555,-19773502018,,,,1
modify,0x1fe14350e72ed606c8850a16d91d5500c18274b7a19852dacf7c4164f78d820b,36597423,601,2025-10-08,,,1490,1524,-87809928230,,,,1
price,0x1fe14350e72ed606c8850a16d91d5500c18274b7a19852dacf7c4164f78d820b,36600067,316,2025-10-08,,,,,,85487209404971738289259662662,1520,9332242533179,707
modify,0x1fe14350e72ed606c8850a16d91d5500c18274b7a19852dacf7c4164f78d820b,36604360,1927,2025-10-09,,,1508,1608,-26259094794,,,,1
modify,0x1fe14350e72ed606c8850a16d91d5500c18274b7a19852dacf7c4164f78d820b,36604604,302,2025-10-09,,,1396,1596,13005006198,,,,1
modify,0x1fe14350e72ed606c8850a16d91d5500c18274b7a19852dacf7c4164f78d820b,36604687,223,2025-10-09,,,1396,1596,123426450,,,,1
modify,0x1fe14350e72ed606c8850a16d91d5500c18274b7a19852dacf7c4164f78d820b,36608373,594,2025-10-09,,,1513,1533,-8188274684087,,,,1
modify,0x1fe14350e72ed606c8850a16d91d5500c18274b7a19852dacf7c4164f78d820b,36608418,1129,2025-10-09,,,1504,1513,18276538381952,,,,1
modify,0x1fe14350e72ed606c8850a16d91d5500c18274b7a19852dacf7c4164f78d820b,36608648,89,2025-10-09,,,1505,1525,-62236326069,,,,1
modify,0x1fe14350e72ed606c8850a16d91d5500c18274b7a19852dacf7c4164f78d820b,36610981,135,2025-10-09,,,1472,1560,21449741337,,,,1
modify,0x1fe14350e72ed606c8850a16d91d5500c18274b7a19852dacf7c4164f78d820b,36613541,513,2025-10-09,,,1400,1605,-11537080943,,,,1
modify,0x1fe14350e72ed606c8850a16d91d5500c18274b7a19852dacf7c4164f78d820b,36614188,585,2025-10-09,,,1503,1613,-245782181036,,,,1
modify,0x1fe14350e72ed606c8850a16d91d5500c18274b7a19852dacf7c4164f78d820b,36614509,742,2025-10-09,,,1504,1513,-18276538381952,,,,1
modify,0x1fe14350e72ed606c8850a16d91d5500c18274b7a19852dacf7c4164f78d820b,36615570,455,2025-10-09,,,1463,1482,8602374229351,,,,1
modify,0x1fe14350e72ed606c8850a16d91d5500c18274b7a19852dacf7c4164f78d820b,36615595,1191,2025-10-09,,,1489,1556,-80869391662,,,,1
modify,0x1fe14350e72ed606c8850a16d91d5500c18274b7a19852dacf7c4164f78d820b,36618511,110,2025-10-09,,,1405,1505,108623634143,,,,1
modify,0x1fe14350e72ed606c8850a16d91d5500c18274b7a19852dacf7c4164f78d820b,36618990,91,2025-10-09,,,1467,1639,-544174496156,,,,1
modify,0x1fe14350e72ed606c8850a16d91d5500c18274b7a19852dacf7c4164f78d820b,36619041,70,2025-10-09,,,1398,1657,362772082853,,,,1
modify,0x1fe14350e72ed606c8850a16d91d5500c18274b7a19852dacf7c4164f78d820b,36619096,387,2025-10-09,,,1463,1482,-8602374229351,,,,1
modify,0x1fe14350e72ed606c8850a16d91d5500c18274b7a19852dacf7c4164f78d820b,36619212,671,2025-10-09,,,1443,1460,9009047550584,,,,1
modify,0x1fe14350e72ed606c8850a16d91d5500c18274b7a19852dacf7c4164f78d820b,36619319,676,2025-10-09,,,1362,1518,2265129556484,,,,1
modify,0x1fe14350e72ed606c8850a16d91d5500c18274b7a19852dacf7c4164f78d820b,36620434,527,2025-10-09,,,1453,1565,241102086538,,,,1
modify,0x1fe14350e72ed606c8850a16d91d5500c18274b7a19852dacf7c4164f78d820b,36621282,131,2025-10-09,,,1444,1463,122441234615,,,,1
modify,0x1fe14350e72ed606c8850a16d91d5500c18274b7a19852dacf7c4164f78d820b,36627213,70,2025-10-09,,,1472,1560,-21449741337,,,,1
modify,0x1fe14350e72ed606c8850a16d91d5500c18274b7a19852dacf7c4164f78d820b,36636842,387,2025-10-09,,,1443,1460,-9009047550584,,,,1
modify,0x1fe14350e72ed606c8850a16d91d5500c18274b7a19852dacf7c4164f78d820b,36636923,581,2025-10-09,,,1456,1469,12576488568516,,,,1
modify,0x1fe14350e72ed606c8850a16d91d5500c18274b7a19852dacf7c4164f78d820b,36636962,732,2025-10-09,,,1456,1469,113333199991,,,,1
modify,0x1fe14350e72ed606c8850a16d91d5500c18274b7a19852dacf7c4164f78d820b,36638070,415,2025-10-09,,,1361,1492,2193612505964,,,,1
price,0x1fe14350e72ed606c8850a16d91d5500c18274b7a19852dacf7c4164f78d820b,36643304,757,2025-10-09,,,,,,85251064567786463771067593576,1465,18047299345569,719
modify,0x1fe14350e72ed606c8850a16d91d5500c18274b7a19852dacf7c4164f78d820b,36647492,391,2025-10-10,,,1456,1469,-12689821768507,,,,1
modify,0x1fe14350e72ed606c8850a16d91d5500c18274b7a19852dacf7c4164f78d820b,36650308,89,2025-10-10,,,1425,1535,186421430886,,,,1
modify,0x1fe14350e72ed606c8850a16d91d5500c18274b7a19852dacf7c4164f78d820b,36653079,783,2025-10-10,,,1444,1475,175484262288,,,,1
modify,0x1fe14350e72ed606c8850a16d91d5500c18274b7a19852dacf7c4164f78d820b,36661405,298,2025-10-10,,,1444,1475,-175484262288,,,,1
modify,0x1fe14350e72ed606c8850a16d91d5500c18274b7a19852dacf7c4164f78d820b,36663467,67,2025-10-10,,,1532,1611,-273871801581,,,,1
modify,0x1fe14350e72ed606c8850a16d91d5500c18274b7a19852dacf7c4164f78d820b,36676838,43,2025-10-10,,,1398,1657,-362772082853,,,,1
modify,0x1fe14350e72ed606c8850a16d91d5500c18274b7a19852dacf7c4164f78d820b,36681660,242,2025-10-10,,,1536,1665,-431039039785,,,,1
price,0x1fe14350e72ed606c8850a16d91d5500c18274b7a19852dacf7c4164f78d820b,36686521,953,2025-10-10,,,,,,85070609481903225587136869076,1423,4753603407671,1090
modify,0x1fe14350e72ed606c8850a16d91d5500c18274b7a19852dacf7c4164f78d820b,36686898,157,2025-10-11,,,1396,1570,672511139239,,,,1
modify,0x1fe14350e72ed606c8850a16d91d5500c18274b7a19852dacf7c4164f78d820b,36690800,266,2025-10-11,,,1351,1371,8160149068751,,,,1
modify,0x1fe14350e72ed606c8850a16d91d5500c18274b7a19852dacf7c4164f78d820b,36692094,637,2025-10-11,,,1521,1721,-88896182891,,,,1
modify,0x1fe14350e72ed606c8850a16d91d5500c18274b7a19852dacf7c4164f78d820b,36692381,180,2025-10-11,,,1425,1535,-186421430886,,,,1
modify,0x1fe14350e72ed606c8850a16d91d5500c18274b7a19852dacf7c4164f78d820b,36692457,1219,2025-10-11,,,1300,1400,131172835457,,,,1
modify,0x1fe14350e72ed606c8850a16d91d5500c18274b7a19852dacf7c4164f78d820b,36692586,111,2025-10-11,,,1286,1351,139834257863,,,,1
modify,0x1fe14350e72ed606c8850a16d91d5500c18274b7a19852dacf7c4164f78d820b,36693213,388,2025-10-11,,,1351,1371,-8160149068751,,,,1
modify,0x1fe14350e72ed606c8850a16d91d5500c18274b7a19852dacf7c4164f78d820b,36693301,25,2025-10-11,,,1309,1329,195093911473,,,,1
modify,0x1fe14350e72ed606c8850a16d91d5500c18274b7a19852dacf7c4164f78d820b,36693468,744,2025-10-11,,,1362,1518,-2265129556484,,,,1
modify,0x1fe14350e72ed606c8850a16d91d5500c18274b7a19852dacf7c4164f78d820b,36693496,451,2025-10-11,,,1361,1492,-2193612505964,,,,1
modify,0x1fe14350e72ed606c8850a16d91d5500c18274b7a19852dacf7c4164f78d820b,36694351,8,2025-10-11,,,924,1725,450039542690,,,,1
modify,0x1fe14350e72ed606c8850a16d91d5500c18274b7a19852dacf7c4164f78d820b,36697022,978,2025-10-11,,,1309,1369,151019592208,,,,1
modify,0x1fe14350e72ed606c8850a16d91d5500c18274b7a19852dacf7c4164f78d820b,36697405,123,2025-10-11,,,1302,1372,76860702552,,,,1
modify,0x1fe14350e72ed606c8850a16d91d5500c18274b7a19852dacf7c4164f78d820b,36697929,275,2025-10-11,,,1444,1463,-122441234615,,,,1
modify,0x1fe14350e72ed606c8850a16d91d5500c18274b7a19852dacf7c4164f78d820b,36698333,13,2025-10-11,,,1309,1329,-97546955736,,,,1
modify,0x1fe14350e72ed606c8850a16d91d5500c18274b7a19852dacf7c4164f78d820b,36698435,20,2025-10-11,,,1309,1329,-48773477868,,,,1
modify,0x1fe14350e72ed606c8850a16d91d5500c18274b7a19852dacf7c4164f78d820b,36698468,13,2025-10-11,,,1309,1329,-48773477869,,,,1
modify,0x1fe14350e72ed606c8850a16d91d5500c18274b7a19852dacf7c4164f78d820b,36704822,21,2025-10-11,,,1312,1485,435285195410,,,,1
modify,0x1fe14350e72ed606c8850a16d91d5500c18274b7a19852dacf7c4164f78d820b,36704900,36,2025-10-11,,,1312,1485,39244433697,,,,1
modify,0x1fe14350e72ed606c8850a16d91d5500c18274b7a19852dacf7c4164f78d820b,36704931,5,2025-10-11,,,1312,1485,20445006134,,,,1
modify,0x1fe14350e72ed606c8850a16d91d5500c18274b7a19852dacf7c4164f78d820b,36705441,308,2025-10-11,,,1453,1565,-241102086538,,,,1
modify,0x1fe14350e72ed606c8850a16d91d5500c18274b7a19852dacf7c4164f78d820b,36705648,344,2025-10-11,,,1341,1473,204302660485,,,,1
modify,0x1fe14350e72ed606c8850a16d91d5500c18274b7a19852dacf7c4164f78d820b,36713060,607,2025-10-11,,,1309,1369,-151019592208,,,,1
modify,0x1fe14350e72ed606c8850a16d91d5500c18274b7a19852dacf7c4164f78d820b,36713404,499,2025-10-11,,,1346,1386,235506990848,,,,1
modify,0x1fe14350e72ed606c8850a16d91d5500c18274b7a19852dacf7c4164f78d820b,36714111,86,2025-10-11,,,1302,1372,-76860702552,,,,1
modify,0x1fe14350e72ed606c8850a16d91d5500c18274b7a19852dacf7c4164f78d820b,36719661,862,2025-10-11,,,1396,1596,-13128432648,,,,1
modify,0x1fe14350e72ed606c8850a16d91d5500c18274b7a19852dacf7c4164f78d820b,36719859,326,2025-10-11,,,1170,1570,6519476922,,,,1
modify,0x1fe14350e72ed606c8850a16d91d5500c18274b7a19852dacf7c4164f78d820b,36719935,872,2025-10-11,,,1170,1570,72051154,,,,1
modify,0x1fe14350e72ed606c8850a16d91d5500c18274b7a19852dacf7c4164f78d820b,36723751,111,2025-10-11,,,1346,1386,-235506990848,,,,1
modify,0x1fe14350e72ed606c8850a16d91d5500c18274b7a19852dacf7c4164f78d820b,36723893,640,2025-10-11,,,1365,1396,294229787583,,,,1
modify,0x1fe14350e72ed606c8850a16d91d5500c18274b7a19852dacf7c4164f78d820b,36725391,47,2025-10-11,,,1365,1396,-294229787583,,,,1
modify,0x1fe14350e72ed606c8850a16d91d5500c18274b7a19852dacf7c4164f78d820b,36725663,1,2025-10-11,,,1372,1402,292394168223,,,,1
price,0x1fe14350e72ed606c8850a16d91d5500c18274b7a19852dacf7c4164f78d820b,36729700,411,2025-10-11,,,,,,85020686925606308332842374025,1411,2110152418306,1166
modify,0x1fe14350e72ed606c8850a16d91d5500c18274b7a19852dacf7c4164f78d820b,36732626,404,2025-10-12,,,1286,1351,-139834257863,,,,1
modify,0x1fe14350e72ed606c8850a16d91d5500c18274b7a19852dacf7c4164f78d820b,36737389,15,2025-10-12,,,924,1725,-450039542690,,,,1
modify,0x1fe14350e72ed606c8850a16d91d5500c18274b7a19852dacf7c4164f78d820b,36737930,765,2025-10-12,,,1396,1570,-672511139239,,,,1
modify,0x1fe14350e72ed606c8850a16d91d5500c18274b7a19852dacf7c4164f78d820b,36753619,35,2025-10-12,,,1551,1640,0,,,,1
modify,0x1fe14350e72ed606c8850a16d91d5500c18274b7a19852dacf7c4164f78d820b,36753725,0,2025-10-12,,,1551,1640,-1368449645998,,,,1
modify,0x1fe14350e72ed606c8850a16d91d5500c18274b7a19852dacf7c4164f78d820b,36753839,0,2025-10-12,,,1312,1485,55782959801,,,,1
modify,0x1fe14350e72ed606c8850a16d91d5500c18274b7a19852dacf7c4164f78d820b,36754731,126,2025-10-12,,,1312,1485,35481718804,,,,1
modify,0x1fe14350e72ed606c8850a16d91d5500c18274b7a19852dacf7c4164f78d820b,36754750,92,2025-10-12,,,1393,1395,41555945957,,,,1
modify,0x1fe14350e72ed606c8850a16d91d5500c18274b7a19852dacf7c4164f78d820b,36754774,264,2025-10-12,,,1312,1485,503882611815,,,,1
modify,0x1fe14350e72ed606c8850a16d91d5500c18274b7a19852dacf7c4164f78d820b,36758571,60,2025-10-12,,,1370,1642,1099091901,,,,1
modify,0x1fe14350e72ed606c8850a16d91d5500c18274b7a19852dacf7c4164f78d820b,36758788,0,2025-10-12,,,1312,1485,-1090121925661,,,,1
modify,0x1fe14350e72ed606c8850a16d91d5500c18274b7a19852dacf7c4164f78d820b,36758810,19,2025-10-12,,,1398,1571,218137701358,,,,1
modify,0x1fe14350e72ed606c8850a16d91d5500c18274b7a19852dacf7c4164f78d820b,36758814,104,2025-10-12,,,1370,1642,229714034944,,,,1
modify,0x1fe14350e72ed606c8850a16d91d5500c18274b7a19852dacf7c4164f78d820b,36758834,48,2025-10-12,,,1370,1642,166221139817,,,,1
modify,0x1fe14350e72ed606c8850a16d91d5500c18274b7a19852dacf7c4164f78d820b,36758855,0,2025-10-12,,,1398,1571,772394923324,,,,1
modify,0x1fe14350e72ed606c8850a16d91d5500c18274b7a19852dacf7c4164f78d820b,36758928,3,2025-10-12,,,1398,1571,95648160474,,,,1
modify,0x1fe14350e72ed606c8850a16d91d5500c18274b7a19852dacf7c4164f78d820b,36758961,92,2025-10-12,,,1370,1642,143805408809,,,,1
modify,0x1fe14350e72ed606c8850a16d91d5500c18274b7a19852dacf7c4164f78d820b,36758972,6,2025-10-12,,,1398,1571,11382644582,,,,1
modify,0x1fe14350e72ed606c8850a16d91d5500c18274b7a19852dacf7c4164f78d820b,36759061,82,2025-10-12,,,1370,1642,19720056655,,,,1
modify,0x1fe14350e72ed606c8850a16d91d5500c18274b7a19852dacf7c4164f78d820b,36770183,104,2025-10-12,,,1393,1395,-41555945957,,,,1
modify,0x1fe14350e72ed606c8850a16d91d5500c18274b7a19852dacf7c4164f78d820b,36770310,385,2025-10-12,,,1372,1402,-292394168223,,,,1
price,0x1fe14350e72ed606c8850a16d91d5500c18274b7a19852dacf7c4164f78d820b,36772910,657,2025-10-12,,,,,,85357102497827404426683506522,1490,1946447602515,834
modify,0x1fe14350e72ed606c8850a16d91d5500c18274b7a19852dacf7c4164f78d820b,36774097,283,2025-10-13,,,1300,1400,-131172835457,,,,1
modify,0x1fe14350e72ed606c8850a16d91d5500c18274b7a19852dacf7c4164f78d820b,36774218,225,2025-10-13,,,1431,1533,123494740418,,,,1
modify,0x1fe14350e72ed606c8850a16d91d5500c18274b7a19852dacf7c4164f78d820b,36782083,275,2025-10-13,,,1356,1570,360909257387,,,,1
modify,0x1fe14350e72ed606c8850a16d91d5500c18274b7a19852dacf7c4164f78d820b,36798543,816,2025-10-13,,,1292,1570,17840423579,,,,1
modify,0x1fe14350e72ed606c8850a16d91d5500c18274b7a19852dacf7c4164f78d820b,36800431,46,2025-10-13,,,1560,1695,-227246968311,,,,1
modify,0x1fe14350e72ed606c8850a16d91d5500c18274b7a19852dacf7c4164f78d820b,36800627,78,2025-10-13,,,1367,1663,130311368069,,,,1
modify,0x1fe14350e72ed606c8850a16d91d5500c18274b7a19852dacf7c4164f78d820b,36807046,247,2025-10-13,,,1434,1454,94482675693,,,,1
modify,0x1fe14350e72ed606c8850a16d91d5500c18274b7a19852dacf7c4164f78d820b,36808082,391,2025-10-13,,,1434,1454,-94482675693,,,,1
modify,0x1fe14350e72ed606c8850a16d91d5500c18274b7a19852dacf7c4164f78d820b,36808233,254,2025-10-13,,,1443,1463,103796987441,,,,1
modify,0x1fe14350e72ed606c8850a16d91d5500c18274b7a19852dacf7c4164f78d820b,36813566,286,2025-10-13,,,1443,1463,-103796987441,,,,1
modify,0x1fe14350e72ed606c8850a16d91d5500c18274b7a19852dacf7c4164f78d820b,36813617,883,2025-10-13,,,1454,1474,98502646515,,,,1
price,0x1fe14350e72ed606c8850a16d91d5500c18274b7a19852dacf7c4164f78d820b,36816052,673,2025-10-13,,,,,,85261690534046361556376862975,1467,2881808698968,633
modify,0x1fe14350e72ed606c8850a16d91d5500c18274b7a19852dacf7c4164f78d820b,36819083,230,2025-10-14,,,1454,1474,-98502646515,,,,1
modify,0x1fe14350e72ed606c8850a16d91d5500c18274b7a19852dacf7c4164f78d820b,36819226,454,2025-10-14,,,1432,1452,101699046678,,,,1
modify,0x1fe14350e72ed606c8850a16d91d5500c18274b7a19852dacf7c4164f78d820b,36820131,1122,2025-10-14,,,1343,1543,2386210946,,,,1
modify,0x1fe14350e72ed606c8850a16d91d5500c18274b7a19852dacf7c4164f78d820b,36828214,375,2025-10-14,,,1410,1455,119947478612,,,,1
modify,0x1fe14350e72ed606c8850a16d91d5500c18274b7a19852dacf7c4164f78d820b,36828580,490,2025-10-14,,,1432,1452,-101699046678,,,,1
modify,0x1fe14350e72ed606c8850a16d91d5500c18274b7a19852dacf7c4164f78d820b,36828762,1763,2025-10-14,,,1424,1440,128482367140,,,,1
modify,0x1fe14350e72ed606c8850a16d91d5500c18274b7a19852dacf7c4164f78d820b,36829516,989,2025-10-14,,,1424,1440,-128482367140,,,,1
modify,0x1fe14350e72ed606c8850a16d91d5500c18274b7a19852dacf7c4164f78d820b,36829649,348,2025-10-14,,,1439,1457,116113859479,,,,1
modify,0x1fe14350e72ed606c8850a16d91d5500c18274b7a19852dacf7c4164f78d820b,36831268,39,2025-10-14,,,1292,1570,0,,,,1
modify,0x1fe14350e72ed606c8850a16d91d5500c18274b7a19852dacf7c4164f78d820b,36831298,104,2025-10-14,,,1292,1570,-17840423579,,,,1
modify,0x1fe14350e72ed606c8850a16d91d5500c18274b7a19852dacf7c4164f78d820b,36832104,617,2025-10-14,,,1410,1455,-119947478612,,,,1
modify,0x1fe14350e72ed606c8850a16d91d5500c18274b7a19852dacf7c4164f78d820b,36832350,321,2025-10-14,,,1439,1457,-116113859479,,,,1
modify,0x1fe14350e72ed606c8850a16d91d5500c18274b7a19852dacf7c4164f78d820b,36833438,95,2025-10-14,,,1370,1642,-140139933031,,,,1
modify,0x1fe14350e72ed606c8850a16d91d5500c18274b7a19852dacf7c4164f78d820b,36835183,833,2025-10-14,,,1455,1497,124734899808,,,,1
modify,0x1fe14350e72ed606c8850a16d91d5500c18274b7a19852dacf7c4164f78d820b,36845554,67,2025-10-14,,,1370,1642,18815744565,,,,1
modify,0x1fe14350e72ed606c8850a16d91d5500c18274b7a19852dacf7c4164f78d820b,36845828,58,2025-10-14,,,1370,1642,148606843411,,,,1
modify,0x1fe14350e72ed606c8850a16d91d5500c18274b7a19852dacf7c4164f78d820b,36852484,184,2025-10-14,,,1481,1501,492592231926,,,,1
modify,0x1fe14350e72ed606c8850a16d91d5500c18274b7a19852dacf7c4164f78d820b,36852731,607,2025-10-14,,,1472,1513,56497977824,,,,1
modify,0x1fe14350e72ed606c8850a16d91d5500c18274b7a19852dacf7c4164f78d820b,36854117,677,2025-10-14,,,1455,1497,-124734899808,,,,1
modify,0x1fe14350e72ed606c8850a16d91d5500c18274b7a19852dacf7c4164f78d820b,36854408,1490,2025-10-14,,,1470,1518,108113460966,,,,1
price,0x1fe14350e72ed606c8850a16d91d5500c18274b7a19852dacf7c4164f78d820b,36859294,546,2025-10-14,,,,,,85394367535312674212279905032,1499,3248035504996,693
modify,0x1fe14350e72ed606c8850a16d91d5500c18274b7a19852dacf7c4164f78d820b,36864025,761,2025-10-15,,,1481,1501,-492592231926,,,,1
modify,0x1fe14350e72ed606c8850a16d91d5500c18274b7a19852dacf7c4164f78d820b,36864192,1516,2025-10-15,,,1501,1521,570306535835,,,,1
modify,0x1fe14350e72ed606c8850a16d91d5500c18274b7a19852dacf7c4164f78d820b,36864289,613,2025-10-15,,,1341,1473,-204302660485,,,,1
modify,0x1fe14350e72ed606c8850a16d91d5500c18274b7a19852dacf7c4164f78d820b,36867064,247,2025-10-15,,,1495,1504,26991271781939,,,,1
modify,0x1fe14350e72ed606c8850a16d91d5500c18274b7a19852dacf7c4164f78d820b,36867475,655,2025-10-15,,,1495,1504,-26991271781939,,,,1
modify,0x1fe14350e72ed606c8850a16d91d5500c18274b7a19852dacf7c4164f78d820b,36868014,821,2025-10-15,,,1501,1521,-570306535835,,,,1
modify,0x1fe14350e72ed606c8850a16d91d5500c18274b7a19852dacf7c4164f78d820b,36868139,168,2025-10-15,,,1491,1511,565993306680,,,,1
modify,0x1fe14350e72ed606c8850a16d91d5500c18274b7a19852dacf7c4164f78d820b,36872260,1173,2025-10-15,,,1491,1511,-565993306680,,,,1
modify,0x1fe14350e72ed606c8850a16d91d5500c18274b7a19852dacf7c4164f78d820b,36872484,533,2025-10-15,,,1482,1500,563371929956,,,,1
modify,0x1fe14350e72ed606c8850a16d91d5500c18274b7a19852dacf7c4164f78d820b,36876487,1017,2025-10-15,,,1482,1500,-563371929956,,,,1
modify,0x1fe14350e72ed606c8850a16d91d5500c18274b7a19852dacf7c4164f78d820b,36876614,197,2025-10-15,,,1499,1514,755993932219,,,,1
modify,0x1fe14350e72ed606c8850a16d91d5500c18274b7a19852dacf7c4164f78d820b,36882139,54,2025-10-15,,,1503,1524,10538061243740,,,,1
modify,0x1fe14350e72ed606c8850a16d91d5500c18274b7a19852dacf7c4164f78d820b,36882254,699,2025-10-15,,,1472,1513,-56497977824,,,,1
modify,0x1fe14350e72ed606c8850a16d91d5500c18274b7a19852dacf7c4164f78d820b,36882945,139,2025-10-15,,,1499,1514,-755993932219,,,,1
modify,0x1fe14350e72ed606c8850a16d91d5500c18274b7a19852dacf7c4164f78d820b,36883377,281,2025-10-15,,,1470,1518,-108113460966,,,,1
modify,0x1fe14350e72ed606c8850a16d91d5500c18274b7a19852dacf7c4164f78d820b,36883602,722,2025-10-15,,,1513,1517,2757008071415,,,,1
modify,0x1fe14350e72ed606c8850a16d91d5500c18274b7a19852dacf7c4164f78d820b,36883633,778,2025-10-15,,,1505,1525,245086270644,,,,1
modify,0x1fe14350e72ed606c8850a16d91d5500c18274b7a19852dacf7c4164f78d820b,36884524,168,2025-10-15,,,1513,1517,-2757008071415,,,,1
modify,0x1fe14350e72ed606c8850a16d91d5500c18274b7a19852dacf7c4164f78d820b,36885506,400,2025-10-15,,,1510,1531,103323486951,,,,1
modify,0x1fe14350e72ed606c8850a16d91d5500c18274b7a19852dacf7c4164f78d820b,36888574,204,2025-10-15,,,1505,1525,-245086270644,,,,1
modify,0x1fe14350e72ed606c8850a16d91d5500c18274b7a19852dacf7c4164f78d820b,36888714,518,2025-10-15,,,1503,1551,110109454464,,,,1
modify,0x1fe14350e72ed606c8850a16d91d5500c18274b7a19852dacf7c4164f78d820b,36891885,181,2025-10-15,,,1503,1551,-110109454464,,,,1
modify,0x1fe14350e72ed606c8850a16d91d5500c18274b7a19852dacf7c4164f78d820b,36892146,575,2025-10-15,,,1511,1533,240109453801,,,,1
modify,0x1fe14350e72ed606c8850a16d91d5500c18274b7a19852dacf7c4164f78d820b,36893169,351,2025-10-15,,,1511,1533,-240109453801,,,,1
modify,0x1fe14350e72ed606c8850a16d91d5500c18274b7a19852dacf7c4164f78d820b,36893544,758,2025-10-15,,,1503,1524,-10538061243740,,,,1
modify,0x1fe14350e72ed606c8850a16d91d5500c18274b7a19852dacf7c4164f78d820b,36893753,157,2025-10-15,,,1511,1563,95664064810,,,,1
modify,0x1fe14350e72ed606c8850a16d91d5500c18274b7a19852dacf7c4164f78d820b,36895153,259,2025-10-15,,,1510,1531,-103323486951,,,,1
modify,0x1fe14350e72ed606c8850a16d91d5500c18274b7a19852dacf7c4164f78d820b,36895905,859,2025-10-15,,,1515,1571,42648140388,,,,1
modify,0x1fe14350e72ed606c8850a16d91d5500c18274b7a19852dacf7c4164f78d820b,36897902,621,2025-10-15,,,1528,1548,926559581924,,,,1
modify,0x1fe14350e72ed606c8850a16d91d5500c18274b7a19852dacf7c4164f78d820b,36900729,267,2025-10-15,,,1528,1548,-926559581924,,,,1
modify,0x1fe14350e72ed606c8850a16d91d5500c18274b7a19852dacf7c4164f78d820b,36900837,753,2025-10-15,,,1522,1542,992722188146,,,,1
price,0x1fe14350e72ed606c8850a16d91d5500c18274b7a19852dacf7c4164f78d820b,36902347,179,2025-10-15,,,,,,85534865096001354594540597326,1531,3613242593481,1009
modify,0x1fe14350e72ed606c8850a16d91d5500c18274b7a19852dacf7c4164f78d820b,36907216,231,2025-10-16,,,1522,1542,-992722188146,,,,1
modify,0x1fe14350e72ed606c8850a16d91d5500c18274b7a19852dacf7c4164f78d820b,36907517,145,2025-10-16,,,1398,1571,-1086587795440,,,,1
modify,0x1fe14350e72ed606c8850a16d91d5500c18274b7a19852dacf7c4164f78d820b,36907548,61,2025-10-16,,,1398,1571,-10865877955,,,,1
modify,0x1fe14350e72ed606c8850a16d91d5500c18274b7a19852dacf7c4164f78d820b,36907569,69,2025-10-16,,,1398,1571,-108658779,,,,1
modify,0x1fe14350e72ed606c8850a16d91d5500c18274b7a19852dacf7c4164f78d820b,36916138,203,2025-10-16,,,1511,1563,-95664064810,,,,1
modify,0x1fe14350e72ed606c8850a16d91d5500c18274b7a19852dacf7c4164f78d820b,36922430,473,2025-10-16,,,1510,1590,66606543464,,,,1
modify,0x1fe14350e72ed606c8850a16d91d5500c18274b7a19852dacf7c4164f78d820b,36922765,116,2025-10-16,,,1541,1559,11556932635328,,,,1
modify,0x1fe14350e72ed606c8850a16d91d5500c18274b7a19852dacf7c4164f78d820b,36922983,391,2025-10-16,,,1510,1590,-66606543464,,,,1
modify,0x1fe14350e72ed606c8850a16d91d5500c18274b7a19852dacf7c4164f78d820b,36923089,738,2025-10-16,,,1548,1567,256931910115,,,,1
modify,0x1fe14350e72ed606c8850a16d91d5500c18274b7a19852dacf7c4164f78d820b,36926453,967,2025-10-16,,,1515,1571,-42648140388,,,,1
modify,0x1fe14350e72ed606c8850a16d91d5500c18274b7a19852dacf7c4164f78d820b,36927049,466,2025-10-16,,,1539,1579,54443109647,,,,1
modify,0x1fe14350e72ed606c8850a16d91d5500c18274b7a19852dacf7c4164f78d820b,36927224,578,2025-10-16,,,1551,1571,935300166438,,,,1
modify,0x1fe14350e72ed606c8850a16d91d5500c18274b7a19852dacf7c4164f78d820b,36928969,110,2025-10-16,,,1551,1571,-935300166438,,,,1
modify,0x1fe14350e72ed606c8850a16d91d5500c18274b7a19852dacf7c4164f78d820b,36934341,1188,2025-10-16,,,1552,1572,1027756022516,,,,1
modify,0x1fe14350e72ed606c8850a16d91d5500c18274b7a19852dacf7c4164f78d820b,36935600,1163,2025-10-16,,,1548,1567,-256931910115,,,,1
modify,0x1fe14350e72ed606c8850a16d91d5500c18274b7a19852dacf7c4164f78d820b,36936218,1155,2025-10-16,,,1544,1598,101073848574,,,,1
modify,0x1fe14350e72ed606c8850a16d91d5500c18274b7a19852dacf7c4164f78d820b,36939600,341,2025-10-16,,,1541,1559,-11556932635328,,,,1
modify,0x1fe14350e72ed606c8850a16d91d5500c18274b7a19852dacf7c4164f78d820b,36939983,427,2025-10-16,,,1552,1572,-1027756022516,,,,1
modify,0x1fe14350e72ed606c8850a16d91d5500c18274b7a19852dacf7c4164f78d820b,36940061,769,2025-10-16,,,1564,1584,1020127251399,,,,1
modify,0x1fe14350e72ed606c8850a16d91d5500c18274b7a19852dacf7c4164f78d820b,36940395,925,2025-10-16,,,1570,1580,18995670962989,,,,1
modify,0x1fe14350e72ed606c8850a16d91d5500c18274b7a19852dacf7c4164f78d820b,36940659,525,2025-10-16,,,1356,1570,-360909257387,,,,1
modify,0x1fe14350e72ed606c8850a16d91d5500c18274b7a19852dacf7c4164f78d820b,36940745,319,2025-10-16,,,1564,1584,-1020127251399,,,,1
modify,0x1fe14350e72ed606c8850a16d91d5500c18274b7a19852dacf7c4164f78d820b,36941025,101,2025-10-16,,,1444,1626,421078127760,,,,1
modify,0x1fe14350e72ed606c8850a16d91d5500c18274b7a19852dacf7c4164f78d820b,36941239,377,2025-10-16,,,1570,1580,136051348107,,,,1
modify,0x1fe14350e72ed606c8850a16d91d5500c18274b7a19852dacf7c4164f78d820b,36942214,152,2025-10-16,,,1554,1579,31940613659383,,,,1
modify,0x1fe14350e72ed606c8850a16d91d5500c18274b7a19852dacf7c4164f78d820b,36942272,340,2025-10-16,,,1554,1579,107066989120,,,,1
modify,0x1fe14350e72ed606c8850a16d91d5500c18274b7a19852dacf7c4164f78d820b,36942305,1657,2025-10-16,,,1554,1579,13093636630,,,,1
modify,0x1fe14350e72ed606c8850a16d91d5500c18274b7a19852dacf7c4164f78d820b,36942779,2005,2025-10-16,,,1554,1579,-32060774285133,,,,1
modify,0x1fe14350e72ed606c8850a16d91d5500c18274b7a19852dacf7c4164f78d820b,36944870,156,2025-10-16,,,1570,1580,-19131722311096,,,,1
price,0x1fe14350e72ed606c8850a16d91d5500c18274b7a19852dacf7c4164f78d820b,36945724,260,2025-10-16,,,,,,85769384090022822417301102613,1586,1413415009906,872
modify,0x1fe14350e72ed606c8850a16d91d5500c18274b7a19852dacf7c4164f78d820b,36945785,458,2025-10-17,,,1577,1597,1025671790961,,,,1
modify,0x1fe14350e72ed606c8850a16d91d5500c18274b7a19852dacf7c4164f78d820b,36947858,172,2025-10-17,,,1557,1583,25188064726037,,,,1
modify,0x1fe14350e72ed606c8850a16d91d5500c18274b7a19852dacf7c4164f78d820b,36947889,94,2025-10-17,,,1557,1583,3835282379402,,,,1
modify,0x1fe14350e72ed606c8850a16d91d5500c18274b7a19852dacf7c4164f78d820b,36948452,199,2025-10-17,,,1577,1597,-1025671790961,,,,1
modify,0x1fe14350e72ed606c8850a16d91d5500c18274b7a19852dacf7c4164f78d820b,36949001,107,2025-10-17,,,1557,1583,1784910819492,,,,1
modify,0x1fe14350e72ed606c8850a16d91d5500c18274b7a19852dacf7c4164f78d820b,36953494,43,2025-10-17,,,1557,1583,-30808257924931,,,,1
modify,0x1fe14350e72ed606c8850a16d91d5500c18274b7a19852dacf7c4164f78d820b,36954607,86,2025-10-17,,,1405,1505,-108623634143,,,,1
modify,0x1fe14350e72ed606c8850a16d91d5500c18274b7a19852dacf7c4164f78d820b,36954652,82,2025-10-17,,,1512,1612,114191536461,,,,1
modify,0x1fe14350e72ed606c8850a16d91d5500c18274b7a19852dacf7c4164f78d820b,36954738,285,2025-10-17,,,1431,1533,-123494740418,,,,1
modify,0x1fe14350e72ed606c8850a16d91d5500c18274b7a19852dacf7c4164f78d820b,36954769,153,2025-10-17,,,1509,1600,237274664530,,,,1
modify,0x1fe14350e72ed606c8850a16d91d5500c18274b7a19852dacf7c4164f78d820b,36955088,56,2025-10-17,,,1398,1571,993294984784,,,,1
modify,0x1fe14350e72ed606c8850a16d91d5500c18274b7a19852dacf7c4164f78d820b,36955154,88,2025-10-17,,,1398,1571,90859239524,,,,1
modify,0x1fe14350e72ed606c8850a16d91d5500c18274b7a19852dacf7c4164f78d820b,36956847,317,2025-10-17,,,1538,1558,766073508728,,,,1
modify,0x1fe14350e72ed606c8850a16d91d5500c18274b7a19852dacf7c4164f78d820b,36957406,115,2025-10-17,,,1544,1598,-101073848574,,,,1
modify,0x1fe14350e72ed606c8850a16d91d5500c18274b7a19852dacf7c4164f78d820b,36957572,294,2025-10-17,,,1538,1558,-766073508728,,,,1
modify,0x1fe14350e72ed606c8850a16d91d5500c18274b7a19852dacf7c4164f78d820b,36957644,389,2025-10-17,,,1515,1557,128179885005,,,,1
modify,0x1fe14350e72ed606c8850a16d91d5500c18274b7a19852dacf7c4164f78d820b,36958274,538,2025-10-17,,,1516,1560,166017756124,,,,1
modify,0x1fe14350e72ed606c8850a16d91d5500c18274b7a19852dacf7c4164f78d820b,36958337,602,2025-10-17,,,1533,1563,20610520257141,,,,1
modify,0x1fe14350e72ed606c8850a16d91d5500c18274b7a19852dacf7c4164f78d820b,36958388,513,2025-10-17,,,1533,1563,5081701285104,,,,1
modify,0x1fe14350e72ed606c8850a16d91d5500c18274b7a19852dacf7c4164f78d820b,36958419,667,2025-10-17,,,1533,1563,713542241389,,,,1
modify,0x1fe14350e72ed606c8850a16d91d5500c18274b7a19852dacf7c4164f78d820b,36958463,209,2025-10-17,,,1533,1563,304109523378,,,,1
modify,0x1fe14350e72ed606c8850a16d91d5500c18274b7a19852dacf7c4164f78d820b,36958722,181,2025-10-17,,,1533,1563,-13354936653506,,,,1
modify,0x1fe14350e72ed606c8850a16d91d5500c18274b7a19852dacf7c4164f78d820b,36958739,1058,2025-10-17,,,1533,1563,-13354936653506,,,,1
modify,0x1fe14350e72ed606c8850a16d91d5500c18274b7a19852dacf7c4164f78d820b,36961782,914,2025-10-17,,,1539,1579,-54443109647,,,,1
modify,0x1fe14350e72ed606c8850a16d91d5500c18274b7a19852dacf7c4164f78d820b,36961825,1104,2025-10-17,,,1343,1543,-2386210946,,,,1
modify,0x1fe14350e72ed606c8850a16d91d5500c18274b7a19852dacf7c4164f78d820b,36961923,128,2025-10-17,,,1518,1556,62161384873,,,,1
modify,0x1fe14350e72ed606c8850a16d91d5500c18274b7a19852dacf7c4164f78d820b,36962112,195,2025-10-17,,,1534,1560,30695930329379,,,,1
modify,0x1fe14350e72ed606c8850a16d91d5500c18274b7a19852dacf7c4164f78d820b,36962158,908,2025-10-17,,,1534,1560,111906772228,,,,1
modify,0x1fe14350e72ed606c8850a16d91d5500c18274b7a19852dacf7c4164f78d820b,36964093,340,2025-10-17,,,1534,1560,-30807837101607,,,,1
modify,0x1fe14350e72ed606c8850a16d91d5500c18274b7a19852dacf7c4164f78d820b,36984359,225,2025-10-17,,,1523,1531,24930350721320,,,,1
modify,0x1fe14350e72ed606c8850a16d91d5500c18274b7a19852dacf7c4164f78d820b,36986808,485,2025-10-17,,,1523,1531,-24930350721320,,,,1
modify,0x1fe14350e72ed606c8850a16d91d5500c18274b7a19852dacf7c4164f78d820b,36987013,302,2025-10-17,,,1521,1524,57244816548671,,,,1
price,0x1fe14350e72ed606c8850a16d91d5500c18274b7a19852dacf7c4164f78d820b,36988926,30,2025-10-17,,,,,,85500938842781546107861824742,1523,60355729786944,1149
modify,0x1fe14350e72ed606c8850a16d91d5500c18274b7a19852dacf7c4164f78d820b,36990807,107,2025-10-18,,,1471,1571,3873515537631,,,,1
modify,0x1fe14350e72ed606c8850a16d91d5500c18274b7a19852dacf7c4164f78d820b,36990838,1122,2025-10-18,,,1471,1571,-3873515537631,,,,1
modify,0x1fe14350e72ed606c8850a16d91d5500c18274b7a19852dacf7c4164f78d820b,36992044,136,2025-10-18,,,1521,1524,-57244816548671,,,,1
modify,0x1fe14350e72ed606c8850a16d91d5500c18274b7a19852dacf7c4164f78d820b,36996186,204,2025-10-18,,,1508,1513,34455451003464,,,,1
modify,0x1fe14350e72ed606c8850a16d91d5500c18274b7a19852dacf7c4164f78d820b,36997629,348,2025-10-18,,,1518,1556,-62161384873,,,,1
modify,0x1fe14350e72ed606c8850a16d91d5500c18274b7a19852dacf7c4164f78d820b,36997725,190,2025-10-18,,,1516,1560,-166017756124,,,,1
modify,0x1fe14350e72ed606c8850a16d91d5500c18274b7a19852dacf7c4164f78d820b,36998094,147,2025-10-18,,,1505,1515,234565524282,,,,1
modify,0x1fe14350e72ed606c8850a16d91d5500c18274b7a19852dacf7c4164f78d820b,36999275,437,2025-10-18,,,1515,1557,-128179885005,,,,1
modify,0x1fe14350e72ed606c8850a16d91d5500c18274b7a19852dacf7c4164f78d820b,37009628,745,2025-10-18,,,1505,1515,-234565524282,,,,1
modify,0x1fe14350e72ed606c8850a16d91d5500c18274b7a19852dacf7c4164f78d820b,37009989,594,2025-10-18,,,1490,1541,47024140966,,,,1
modify,0x1fe14350e72ed606c8850a16d91d5500c18274b7a19852dacf7c4164f78d820b,37010006,640,2025-10-18,,,1495,1536,120938577205,,,,1
modify,0x1fe14350e72ed606c8850a16d91d5500c18274b7a19852dacf7c4164f78d820b,37010664,17,2025-10-18,,,1428,1606,185246553527,,,,1
modify,0x1fe14350e72ed606c8850a16d91d5500c18274b7a19852dacf7c4164f78d820b,37011561,110,2025-10-18,,,1508,1513,-31699014923186,,,,1
modify,0x1fe14350e72ed606c8850a16d91d5500c18274b7a19852dacf7c4164f78d820b,37011676,34,2025-10-18,,,1518,1521,28004571145404,,,,1
modify,0x1fe14350e72ed606c8850a16d91d5500c18274b7a19852dacf7c4164f78d820b,37011724,490,2025-10-18,,,1518,1521,-28004571145404,,,,1
modify,0x1fe14350e72ed606c8850a16d91d5500c18274b7a19852dacf7c4164f78d820b,37011770,70,2025-10-18,,,1516,1519,22253747968211,,,,1
modify,0x1fe14350e72ed606c8850a16d91d5500c18274b7a19852dacf7c4164f78d820b,37012881,438,2025-10-18,,,1516,1519,26099373488104,,,,1
modify,0x1fe14350e72ed606c8850a16d91d5500c18274b7a19852dacf7c4164f78d820b,37013003,173,2025-10-18,,,1516,1519,6233401036012,,,,1
modify,0x1fe14350e72ed606c8850a16d91d5500c18274b7a19852dacf7c4164f78d820b,37013665,260,2025-10-18,,,1495,1536,-120938577205,,,,1
modify,0x1fe14350e72ed606c8850a16d91d5500c18274b7a19852dacf7c4164f78d820b,37015704,434,2025-10-18,,,1490,1541,-47024140966,,,,1
modify,0x1fe14350e72ed606c8850a16d91d5500c18274b7a19852dacf7c4164f78d820b,37030320,513,2025-10-18,,,1444,1626,-421078127760,,,,1
price,0x1fe14350e72ed606c8850a16d91d5500c18274b7a19852dacf7c4164f78d820b,37032005,214,2025-10-18,,,,,,85475336203394791229727993864,1517,57105245130365,902
modify,0x1fe14350e72ed606c8850a16d91d5500c18274b7a19852dacf7c4164f78d820b,37041947,448,2025-10-19,,,1502,1542,55641365223,,,,1
modify,0x1fe14350e72ed606c8850a16d91d5500c18274b7a19852dacf7c4164f78d820b,37042196,485,2025-10-19,,,1499,1545,118075325945,,,,1
modify,0x1fe14350e72ed606c8850a16d91d5500c18274b7a19852dacf7c4164f78d820b,37042435,724,2025-10-19,,,1516,1519,-54586522492327,,,,1
modify,0x1fe14350e72ed606c8850a16d91d5500c18274b7a19852dacf7c4164f78d820b,37042524,129,2025-10-19,,,1518,1524,50848845321989,,,,1
modify,0x1fe14350e72ed606c8850a16d91d5500c18274b7a19852dacf7c4164f78d820b,37045924,1098,2025-10-19,,,1499,1545,-118075325945,,,,1
modify,0x1fe14350e72ed606c8850a16d91d5500c18274b7a19852dacf7c4164f78d820b,37047718,142,2025-10-19,,,1495,1539,108682876028,,,,1
modify,0x1fe14350e72ed606c8850a16d91d5500c18274b7a19852dacf7c4164f78d820b,37059242,267,2025-10-19,,,1518,1524,-50848845321989,,,,1
modify,0x1fe14350e72ed606c8850a16d91d5500c18274b7a19852dacf7c4164f78d820b,37059373,815,2025-10-19,,,1527,1536,30750946091167,,,,1
modify,0x1fe14350e72ed606c8850a16d91d5500c18274b7a19852dacf7c4164f78d820b,37069016,551,2025-10-19,,,1526,1546,946655856226,,,,1
modify,0x1fe14350e72ed606c8850a16d91d5500c18274b7a19852dacf7c4164f78d820b,37069320,436,2025-10-19,,,1526,1546,-946655856226,,,,1
modify,0x1fe14350e72ed606c8850a16d91d5500c18274b7a19852dacf7c4164f78d820b,37073517,744,2025-10-19,,,1527,1536,-30750946091167,,,,1
price,0x1fe14350e72ed606c8850a16d91d5500c18274b7a19852dacf7c4164f78d820b,37075311,573,2025-10-19,,,,,,85577677756291613545085548903,1541,2574364003261,1044
modify,0x1fe14350e72ed606c8850a16d91d5500c18274b7a19852dacf7c4164f78d820b,37087832,273,2025-10-20,,,1495,1539,-108682876028,,,,1
modify,0x1fe14350e72ed606c8850a16d91d5500c18274b7a19852dacf7c4164f78d820b,37088020,316,2025-10-20,,,1510,1553,120592262048,,,,1
modify,0x1fe14350e72ed606c8850a16d91d5500c18274b7a19852dacf7c4164f78d820b,37091279,279,2025-10-20,,,1502,1542,-55641365223,,,,1
modify,0x1fe14350e72ed606c8850a16d91d5500c18274b7a19852dacf7c4164f78d820b,37095914,232,2025-10-20,,,1508,1548,60894252648,,,,1
modify,0x1fe14350e72ed606c8850a16d91d5500c18274b7a19852dacf7c4164f78d820b,37096746,456,2025-10-20,,,1514,1533,13935327599856,,,,1
modify,0x1fe14350e72ed606c8850a16d91d5500c18274b7a19852dacf7c4164f78d820b,37096860,137,2025-10-20,,,1508,1513,-2756436080278,,,,1
modify,0x1fe14350e72ed606c8850a16d91d5500c18274b7a19852dacf7c4164f78d820b,37096899,265,2025-10-20,,,1514,1533,1736889119013,,,,1
modify,0x1fe14350e72ed606c8850a16d91d5500c18274b7a19852dacf7c4164f78d820b,37102010,153,2025-10-20,,,1510,1553,-120592262048,,,,1
price,0x1fe14350e72ed606c8850a16d91d5500c18274b7a19852dacf7c4164f78d820b,37118520,589,2025-10-20,,,,,,85446688947223010776045642463,1511,2465425354225,1208
modify,0x1fe14350e72ed606c8850a16d91d5500c18274b7a19852dacf7c4164f78d820b,37118994,633,2025-10-21,,,1497,1517,980147358816,,,,1
modify,0x1fe14350e72ed606c8850a16d91d5500c18274b7a19852dacf7c4164f78d820b,37121577,49,2025-10-21,,,1514,1533,-15672216718869,,,,1
modify,0x1fe14350e72ed606c8850a16d91d5500c18274b7a19852dacf7c4164f78d820b,37121727,251,2025-10-21,,,1507,1515,36437986236179,,,,1
modify,0x1fe14350e72ed606c8850a16d91d5500c18274b7a19852dacf7c4164f78d820b,37123182,503,2025-10-21,,,1497,1517,-980147358816,,,,1
modify,0x1fe14350e72ed606c8850a16d91d5500c18274b7a19852dacf7c4164f78d820b,37123551,752,2025-10-21,,,1495,1515,1061274236703,,,,1
modify,0x1fe14350e72ed606c8850a16d91d5500c18274b7a19852dacf7c4164f78d820b,37127375,517,2025-10-21,,,1508,1548,-60894252648,,,,1
modify,0x1fe14350e72ed606c8850a16d91d5500c18274b7a19852dacf7c4164f78d820b,37128279,516,2025-10-21,,,1489,1518,84148813419,,,,1
modify,0x1fe14350e72ed606c8850a16d91d5500c18274b7a19852dacf7c4164f78d820b,37128605,559,2025-10-21,,,1507,1515,-36437986236179,,,,1
modify,0x1fe14350e72ed606c8850a16d91d5500c18274b7a19852dacf7c4164f78d820b,37128717,137,2025-10-21,,,1484,1525,128523519659,,,,1
modify,0x1fe14350e72ed606c8850a16d91d5500c18274b7a19852dacf7c4164f78d820b,37129626,273,2025-10-21,,,1495,1515,-1061274236703,,,,1
modify,0x1fe14350e72ed606c8850a16d91d5500c18274b7a19852dacf7c4164f78d820b,37129682,571,2025-10-21,,,1481,1501,1059407860123,,,,1
modify,0x1fe14350e72ed606c8850a16d91d5500c18274b7a19852dacf7c4164f78d820b,37129995,134,2025-10-21,,,1490,1503,21567369477932,,,,1
modify,0x1fe14350e72ed606c8850a16d91d5500c18274b7a19852dacf7c4164f78d820b,37130388,955,2025-10-21,,,1481,1501,-1059407860123,,,,1
modify,0x1fe14350e72ed606c8850a16d91d5500c18274b7a19852dacf7c4164f78d820b,37130667,469,2025-10-21,,,1478,1498,1016748161045,,,,1
modify,0x1fe14350e72ed606c8850a16d91d5500c18274b7a19852dacf7c4164f78d820b,37131418,830,2025-10-21,,,1478,1498,-1016748161045,,,,1
modify,0x1fe14350e72ed606c8850a16d91d5500c18274b7a19852dacf7c4164f78d820b,37150041,734,2025-10-21,,,1478,1498,1088277371045,,,,1
modify,0x1fe14350e72ed606c8850a16d91d5500c18274b7a19852dacf7c4164f78d820b,37150761,257,2025-10-21,,,1489,1518,-84148813419,,,,1
modify,0x1fe14350e72ed606c8850a16d91d5500c18274b7a19852dacf7c4164f78d820b,37151569,588,2025-10-21,,,1461,1519,41548412820,,,,1
modify,0x1fe14350e72ed606c8850a16d91d5500c18274b7a19852dacf7c4164f78d820b,37151881,182,2025-10-21,,,1478,1498,-1088277371045,,,,1
modify,0x1fe14350e72ed606c8850a16d91d5500c18274b7a19852dacf7c4164f78d820b,37154837,186,2025-10-21,,,1479,1499,979565176473,,,,1
modify,0x1fe14350e72ed606c8850a16d91d5500c18274b7a19852dacf7c4164f78d820b,37155318,79,2025-10-21,,,1479,1499,-979565176473,,,,1
modify,0x1fe14350e72ed606c8850a16d91d5500c18274b7a19852dacf7c4164f78d820b,37155626,139,2025-10-21,,,1490,1503,0,,,,1
modify,0x1fe14350e72ed606c8850a16d91d5500c18274b7a19852dacf7c4164f78d820b,37155657,360,2025-10-21,,,1490,1503,-5391842369483,,,,1
modify,0x1fe14350e72ed606c8850a16d91d5500c18274b7a19852dacf7c4164f78d820b,37158644,410,2025-10-21,,,1490,1503,-8087763554224,,,,1
price,0x1fe14350e72ed606c8850a16d91d5500c18274b7a19852dacf7c4164f78d820b,37161707,347,2025-10-21,,,,,,85391815004137497660068249140,1498,10425091923751,1161
modify,0x1fe14350e72ed606c8850a16d91d5500c18274b7a19852dacf7c4164f78d820b,37165340,23,2025-10-22,,,1438,1500,207003848338,,,,1
modify,0x1fe14350e72ed606c8850a16d91d5500c18274b7a19852dacf7c4164f78d820b,37165558,405,2025-10-22,,,1490,1503,-8087763554225,,,,1
modify,0x1fe14350e72ed606c8850a16d91d5500c18274b7a19852dacf7c4164f78d820b,37165784,804,2025-10-22,,,1479,1485,13837406906217,,,,1
modify,0x1fe14350e72ed606c8850a16d91d5500c18274b7a19852dacf7c4164f78d820b,37169337,143,2025-10-22,,,1479,1485,-13837406906217,,,,1
modify,0x1fe14350e72ed606c8850a16d91d5500c18274b7a19852dacf7c4164f78d820b,37169647,114,2025-10-22,,,1466,1486,3391310237652,,,,1
modify,0x1fe14350e72ed606c8850a16d91d5500c18274b7a19852dacf7c4164f78d820b,37172402,757,2025-10-22,,,1484,1525,-128523519659,,,,1
modify,0x1fe14350e72ed606c8850a16d91d5500c18274b7a19852dacf7c4164f78d820b,37172586,307,2025-10-22,,,1458,1487,174268758888,,,,1
modify,0x1fe14350e72ed606c8850a16d91d5500c18274b7a19852dacf7c4164f78d820b,37178233,894,2025-10-22,,,1458,1487,-174268758888,,,,1
modify,0x1fe14350e72ed606c8850a16d91d5500c18274b7a19852dacf7c4164f78d820b,37178387,295,2025-10-22,,,1474,1516,125274819596,,,,1
modify,0x1fe14350e72ed606c8850a16d91d5500c18274b7a19852dacf7c4164f78d820b,37189272,242,2025-10-22,,,1461,1519,-41548412820,,,,1
modify,0x1fe14350e72ed606c8850a16d91d5500c18274b7a19852dacf7c4164f78d820b,37189473,369,2025-10-22,,,1473,1517,52497212450,,,,1
modify,0x1fe14350e72ed606c8850a16d91d5500c18274b7a19852dacf7c4164f78d820b,37189634,439,2025-10-22,,,1466,1486,-3391310237652,,,,1
modify,0x1fe14350e72ed606c8850a16d91d5500c18274b7a19852dacf7c4164f78d820b,37189761,556,2025-10-22,,,1484,1504,4674995251848,,,,1
modify,0x1fe14350e72ed606c8850a16d91d5500c18274b7a19852dacf7c4164f78d820b,37193686,79,2025-10-22,,,1428,1606,-185246553527,,,,1
modify,0x1fe14350e72ed606c8850a16d91d5500c18274b7a19852dacf7c4164f78d820b,37197106,370,2025-10-22,,,1474,1516,-125274819596,,,,1
modify,0x1fe14350e72ed606c8850a16d91d5500c18274b7a19852dacf7c4164f78d820b,37197286,498,2025-10-22,,,1472,1505,163863757475,,,,1
modify,0x1fe14350e72ed606c8850a16d91d5500c18274b7a19852dacf7c4164f78d820b,37201772,221,2025-10-22,,,1484,1504,-4674995251848,,,,1
modify,0x1fe14350e72ed606c8850a16d91d5500c18274b7a19852dacf7c4164f78d820b,37201900,748,2025-10-22,,,1472,1489,5872472634002,,,,1
price,0x1fe14350e72ed606c8850a16d91d5500c18274b7a19852dacf7c4164f78d820b,37204794,850,2025-10-22,,,,,,85339414060947331690397289961,1486,8277847335785,840
modify,0x1fe14350e72ed606c8850a16d91d5500c18274b7a19852dacf7c4164f78d820b,37207596,47,2025-10-23,,,1509,1600,-237274664530,,,,1
modify,0x1fe14350e72ed606c8850a16d91d5500c18274b7a19852dacf7c4164f78d820b,37207822,321,2025-10-23,,,1472,1489,-5872472634002,,,,1
modify,0x1fe14350e72ed606c8850a16d91d5500c18274b7a19852dacf7c4164f78d820b,37208536,148,2025-10-23,,,1432,1550,98303854000,,,,1
modify,0x1fe14350e72ed606c8850a16d91d5500c18274b7a19852dacf7c4164f78d820b,37211714,35,2025-10-23,,,1512,1612,-114191536461,,,,1
modify,0x1fe14350e72ed606c8850a16d91d5500c18274b7a19852dacf7c4164f78d820b,37216680,757,2025-10-23,,,1466,1486,237398984022,,,,1
modify,0x1fe14350e72ed606c8850a16d91d5500c18274b7a19852dacf7c4164f78d820b,37221937,263,2025-10-23,,,1482,1502,3458686641542,,,,1
modify,0x1fe14350e72ed606c8850a16d91d5500c18274b7a19852dacf7c4164f78d820b,37224488,772,2025-10-23,,,1466,1486,-237398984022,,,,1
modify,0x1fe14350e72ed606c8850a16d91d5500c18274b7a19852dacf7c4164f78d820b,37224799,20,2025-10-23,,,1474,1492,278355019720,,,,1
modify,0x1fe14350e72ed606c8850a16d91d5500c18274b7a19852dacf7c4164f78d820b,37231368,435,2025-10-23,,,1474,1492,-278355019720,,,,1
modify,0x1fe14350e72ed606c8850a16d91d5500c18274b7a19852dacf7c4164f78d820b,37231544,3,2025-10-23,,,1489,1503,276846587986,,,,1
modify,0x1fe14350e72ed606c8850a16d91d5500c18274b7a19852dacf7c4164f78d820b,37232773,214,2025-10-23,,,1398,1655,362411570,,,,1
modify,0x1fe14350e72ed606c8850a16d91d5500c18274b7a19852dacf7c4164f78d820b,37233650,507,2025-10-23,,,1397,1655,70159914,,,,1
modify,0x1fe14350e72ed606c8850a16d91d5500c18274b7a19852dacf7c4164f78d820b,37235937,110,2025-10-23,,,1472,1505,-163863757475,,,,1
modify,0x1fe14350e72ed606c8850a16d91d5500c18274b7a19852dacf7c4164f78d820b,37236153,1058,2025-10-23,,,1490,1515,205150394327,,,,1
modify,0x1fe14350e72ed606c8850a16d91d5500c18274b7a19852dacf7c4164f78d820b,37246676,224,2025-10-23,,,1482,1502,-1729343320771,,,,1
modify,0x1fe14350e72ed606c8850a16d91d5500c18274b7a19852dacf7c4164f78d820b,37246699,136,2025-10-23,,,1482,1502,865072764029,,,,1
modify,0x1fe14350e72ed606c8850a16d91d5500c18274b7a19852dacf7c4164f78d820b,37246724,159,2025-10-23,,,1482,1502,-648604021200,,,,1
modify,0x1fe14350e72ed606c8850a16d91d5500c18274b7a19852dacf7c4164f78d820b,37246834,297,2025-10-23,,,1482,1502,-486453015900,,,,1
price,0x1fe14350e72ed606c8850a16d91d5500c18274b7a19852dacf7c4164f78d820b,37248027,25,2025-10-23,,,,,,85356916549529810408504857017,1490,4281603399805,908
modify,0x1fe14350e72ed606c8850a16d91d5500c18274b7a19852dacf7c4164f78d820b,37250484,730,2025-10-24,,,1482,1502,-1430171866746,,,,1
modify,0x1fe14350e72ed606c8850a16d91d5500c18274b7a19852dacf7c4164f78d820b,37252047,589,2025-10-24,,,1482,1502,1613549643806,,,,1
modify,0x1fe14350e72ed606c8850a16d91d5500c18274b7a19852dacf7c4164f78d820b,37253259,1036,2025-10-24,,,1398,1655,54920625,,,,1
modify,0x1fe14350e72ed606c8850a16d91d5500c18274b7a19852dacf7c4164f78d820b,37258816,878,2025-10-24,,,1482,1502,3074847194713,,,,1
modify,0x1fe14350e72ed606c8850a16d91d5500c18274b7a19852dacf7c4164f78d820b,37259462,748,2025-10-24,,,1490,1515,-205150394327,,,,1
modify,0x1fe14350e72ed606c8850a16d91d5500c18274b7a19852dacf7c4164f78d820b,37259739,334,2025-10-24,,,1484,1508,217911608163,,,,1
modify,0x1fe14350e72ed606c8850a16d91d5500c18274b7a19852dacf7c4164f78d820b,37259856,733,2025-10-24,,,1484,1508,-217911608163,,,,1
modify,0x1fe14350e72ed606c8850a16d91d5500c18274b7a19852dacf7c4164f78d820b,37260136,442,2025-10-24,,,1489,1503,-276846587986,,,,1
modify,0x1fe14350e72ed606c8850a16d91d5500c18274b7a19852dacf7c4164f78d820b,37260149,335,2025-10-24,,,1494,1545,106392104375,,,,1
modify,0x1fe14350e72ed606c8850a16d91d5500c18274b7a19852dacf7c4164f78d820b,37260186,23,2025-10-24,,,1509,1529,187182585381,,,,1
modify,0x1fe14350e72ed606c8850a16d91d5500c18274b7a19852dacf7c4164f78d820b,37261961,1012,2025-10-24,,,1482,1502,-4717584019473,,,,1
modify,0x1fe14350e72ed606c8850a16d91d5500c18274b7a19852dacf7c4164f78d820b,37262080,1174,2025-10-24,,,1508,1513,23374475343640,,,,1
modify,0x1fe14350e72ed606c8850a16d91d5500c18274b7a19852dacf7c4164f78d820b,37263838,177,2025-10-24,,,1494,1545,-106392104375,,,,1
modify,0x1fe14350e72ed606c8850a16d91d5500c18274b7a19852dacf7c4164f78d820b,37278926,568,2025-10-24,,,1487,1532,117412924807,,,,1
modify,0x1fe14350e72ed606c8850a16d91d5500c18274b7a19852dacf7c4164f78d820b,37280440,621,2025-10-24,,,1509,1529,-187182585381,,,,1
modify,0x1fe14350e72ed606c8850a16d91d5500c18274b7a19852dacf7c4164f78d820b,37280499,245,2025-10-24,,,1507,1510,1662328134550,,,,1
modify,0x1fe14350e72ed606c8850a16d91d5500c18274b7a19852dacf7c4164f78d820b,37282147,172,2025-10-24,,,1487,1532,-117412924807,,,,1
modify,0x1fe14350e72ed606c8850a16d91d5500c18274b7a19852dacf7c4164f78d820b,37283651,334,2025-10-24,,,1508,1513,-17530856507730,,,,1
modify,0x1fe14350e72ed606c8850a16d91d5500c18274b7a19852dacf7c4164f78d820b,37283877,21,2025-10-24,,,1508,1513,5201413560784,,,,1
price,0x1fe14350e72ed606c8850a16d91d5500c18274b7a19852dacf7c4164f78d820b,37291214,562,2025-10-24,,,,,,85456022522593344436386606383,1513,2133298442079,889
modify,0x1fe14350e72ed606c8850a16d91d5500c18274b7a19852dacf7c4164f78d820b,37291434,1039,2025-10-25,,,1508,1513,-11045032396694,,,,1
modify,0x1fe14350e72ed606c8850a16d91d5500c18274b7a19852dacf7c4164f78d820b,37291654,249,2025-10-25,,,1513,1515,73183886138860,,,,1
modify,0x1fe14350e72ed606c8850a16d91d5500c18274b7a19852dacf7c4164f78d820b,37291932,616,2025-10-25,,,1503,1523,233495406189,,,,1
modify,0x1fe14350e72ed606c8850a16d91d5500c18274b7a19852dacf7c4164f78d820b,37291987,386,2025-10-25,,,1503,1523,15388025195,,,,1
modify,0x1fe14350e72ed606c8850a16d91d5500c18274b7a19852dacf7c4164f78d820b,37292393,92,2025-10-25,,,1487,1532,11724537671022,,,,1
modify,0x1fe14350e72ed606c8850a16d91d5500c18274b7a19852dacf7c4164f78d820b,37292772,105,2025-10-25,,,1487,1532,-11724537671022,,,,1
modify,0x1fe14350e72ed606c8850a16d91d5500c18274b7a19852dacf7c4164f78d820b,37292969,378,2025-10-25,,,1397,1655,15359241,,,,1
modify,0x1fe14350e72ed606c8850a16d91d5500c18274b7a19852dacf7c4164f78d820b,37295510,406,2025-10-25,,,1513,1515,8028821881935,,,,1
modify,0x1fe14350e72ed606c8850a16d91d5500c18274b7a19852dacf7c4164f78d820b,37295792,394,2025-10-25,,,1513,1515,-81212708020795,,,,1
modify,0x1fe14350e72ed606c8850a16d91d5500c18274b7a19852dacf7c4164f78d820b,37296095,273,2025-10-25,,,1510,1515,39199817684506,,,,1
modify,0x1fe14350e72ed606c8850a16d91d5500c18274b7a19852dacf7c4164f78d820b,37301288,980,2025-10-25,,,1398,1655,150834997,,,,1
modify,0x1fe14350e72ed606c8850a16d91d5500c18274b7a19852dacf7c4164f78d820b,37301295,37,2025-10-25,,,1507,1510,-1662328134550,,,,1
modify,0x1fe14350e72ed606c8850a16d91d5500c18274b7a19852dacf7c4164f78d820b,37301825,12,2025-10-25,,,1438,1500,-207003848338,,,,1
modify,0x1fe14350e72ed606c8850a16d91d5500c18274b7a19852dacf7c4164f78d820b,37310582,610,2025-10-25,,,1510,1515,-19599908842253,,,,1
modify,0x1fe14350e72ed606c8850a16d91d5500c18274b7a19852dacf7c4164f78d820b,37317050,840,2025-10-25,,,1492,1532,726672204910,,,,1
modify,0x1fe14350e72ed606c8850a16d91d5500c18274b7a19852dacf7c4164f78d820b,37317119,612,2025-10-25,,,1492,1532,70087757487,,,,1
modify,0x1fe14350e72ed606c8850a16d91d5500c18274b7a19852dacf7c4164f78d820b,37318944,656,2025-10-25,,,1397,1655,151881162,,,,1
modify,0x1fe14350e72ed606c8850a16d91d5500c18274b7a19852dacf7c4164f78d820b,37319338,345,2025-10-25,,,1398,1655,151364728,,,,1
modify,0x1fe14350e72ed606c8850a16d91d5500c18274b7a19852dacf7c4164f78d820b,37325308,80,2025-10-25,,,1492,1532,38713432170,,,,1
modify,0x1fe14350e72ed606c8850a16d91d5500c18274b7a19852dacf7c4164f78d820b,37328361,819,2025-10-25,,,1510,1513,28582819612726,,,,1
modify,0x1fe14350e72ed606c8850a16d91d5500c18274b7a19852dacf7c4164f78d820b,37333747,153,2025-10-25,,,1510,1513,4930252456663,,,,1
price,0x1fe14350e72ed606c8850a16d91d5500c18274b7a19852dacf7c4164f78d820b,37334443,1018,2025-10-25,,,,,,85450432564643772578068321802,1512,56331105619800,652
modify,0x1fe14350e72ed606c8850a16d91d5500c18274b7a19852dacf7c4164f78d820b,37337452,247,2025-10-26,,,1503,1513,5102665710473,,,,1
modify,0x1fe14350e72ed606c8850a16d91d5500c18274b7a19852dacf7c4164f78d820b,37347015,73,2025-10-26,,,1398,1655,202968002,,,,1
modify,0x1fe14350e72ed606c8850a16d91d5500c18274b7a19852dacf7c4164f78d820b,37347580,412,2025-10-26,,,1502,1533,166060071078,,,,1
modify,0x1fe14350e72ed606c8850a16d91d5500c18274b7a19852dacf7c4164f78d820b,37347765,403,2025-10-26,,,1503,1513,-5102665710473,,,,1
modify,0x1fe14350e72ed606c8850a16d91d5500c18274b7a19852dacf7c4164f78d820b,37347773,318,2025-10-26,,,1510,1513,-33513072069389,,,,1
modify,0x1fe14350e72ed606c8850a16d91d5500c18274b7a19852dacf7c4164f78d820b,37347780,732,2025-10-26,,,1510,1515,-19599908842253,,,,1
modify,0x1fe14350e72ed606c8850a16d91d5500c18274b7a19852dacf7c4164f78d820b,37347973,513,2025-10-26,,,1516,1519,48168215000781,,,,1
modify,0x1fe14350e72ed606c8850a16d91d5500c18274b7a19852dacf7c4164f78d820b,37348122,539,2025-10-26,,,1492,1532,-835473394567,,,,1
modify,0x1fe14350e72ed606c8850a16d91d5500c18274b7a19852dacf7c4164f78d820b,37348797,722,2025-10-26,,,1516,1519,-48168215000781,,,,1
modify,0x1fe14350e72ed606c8850a16d91d5500c18274b7a19852dacf7c4164f78d820b,37348941,265,2025-10-26,,,1521,1524,68433737552800,,,,1
modify,0x1fe14350e72ed606c8850a16d91d5500c18274b7a19852dacf7c4164f78d820b,37350922,914,2025-10-26,,,1521,1524,9108916351493,,,,1
modify,0x1fe14350e72ed606c8850a16d91d5500c18274b7a19852dacf7c4164f78d820b,37353936,880,2025-10-26,,,1499,1528,8736239772511,,,,1
modify,0x1fe14350e72ed606c8850a16d91d5500c18274b7a19852dacf7c4164f78d820b,37354136,189,2025-10-26,,,1499,1528,29215023956,,,,1
modify,0x1fe14350e72ed606c8850a16d91d5500c18274b7a19852dacf7c4164f78d820b,37355163,892,2025-10-26,,,1521,1524,-77542653904293,,,,1
modify,0x1fe14350e72ed606c8850a16d91d5500c18274b7a19852dacf7c4164f78d820b,37356317,169,2025-10-26,,,1485,1545,27591607320,,,,1
modify,0x1fe14350e72ed606c8850a16d91d5500c18274b7a19852dacf7c4164f78d820b,37356385,615,2025-10-26,,,1495,1516,1986179220130,,,,1
modify,0x1fe14350e72ed606c8850a16d91d5500c18274b7a19852dacf7c4164f78d820b,37358744,248,2025-10-26,,,1499,1528,-8765454796467,,,,1
modify,0x1fe14350e72ed606c8850a16d91d5500c18274b7a19852dacf7c4164f78d820b,37358908,551,2025-10-26,,,1510,1518,31763843545842,,,,1
modify,0x1fe14350e72ed606c8850a16d91d5500c18274b7a19852dacf7c4164f78d820b,37366964,280,2025-10-26,,,1485,1545,-27591607320,,,,1
modify,0x1fe14350e72ed606c8850a16d91d5500c18274b7a19852dacf7c4164f78d820b,37369856,626,2025-10-26,,,1473,1517,0,,,,1
modify,0x1fe14350e72ed606c8850a16d91d5500c18274b7a19852dacf7c4164f78d820b,37369871,920,2025-10-26,,,1503,1523,-248883431384,,,,1
modify,0x1fe14350e72ed606c8850a16d91d5500c18274b7a19852dacf7c4164f78d820b,37369874,179,2025-10-26,,,1473,1517,-52497212450,,,,1
modify,0x1fe14350e72ed606c8850a16d91d5500c18274b7a19852dacf7c4164f78d820b,37370430,434,2025-10-26,,,1489,1556,35081599627,,,,1
modify,0x1fe14350e72ed606c8850a16d91d5500c18274b7a19852dacf7c4164f78d820b,37372843,539,2025-10-26,,,1495,1516,-1986179220130,,,,1
modify,0x1fe14350e72ed606c8850a16d91d5500c18274b7a19852dacf7c4164f78d820b,37374834,886,2025-10-26,,,1510,1518,-31763843545842,,,,1
modify,0x1fe14350e72ed606c8850a16d91d5500c18274b7a19852dacf7c4164f78d820b,37374879,575,2025-10-26,,,1509,1518,28239958056380,,,,1
modify,0x1fe14350e72ed606c8850a16d91d5500c18274b7a19852dacf7c4164f78d820b,37375360,535,2025-10-26,,,1505,1515,4150308137609,,,,1
modify,0x1fe14350e72ed606c8850a16d91d5500c18274b7a19852dacf7c4164f78d820b,37375809,862,2025-10-26,,,1509,1518,-28239958056380,,,,1
modify,0x1fe14350e72ed606c8850a16d91d5500c18274b7a19852dacf7c4164f78d820b,37375905,213,2025-10-26,,,1508,1513,50824301790530,,,,1
modify,0x1fe14350e72ed606c8850a16d91d5500c18274b7a19852dacf7c4164f78d820b,37376957,201,2025-10-26,,,1508,1513,-50824301790530,,,,1
modify,0x1fe14350e72ed606c8850a16d91d5500c18274b7a19852dacf7c4164f78d820b,37377016,275,2025-10-26,,,1506,1511,50819402901893,,,,1
price,0x1fe14350e72ed606c8850a16d91d5500c18274b7a19852dacf7c4164f78d820b,37377614,379,2025-10-26,,,,,,85430688203252287017990302778,1507,57252326347966,942
modify,0x1fe14350e72ed606c8850a16d91d5500c18274b7a19852dacf7c4164f78d820b,37381761,550,2025-10-27,,,1506,1511,-50819402901893,,,,1
modify,0x1fe14350e72ed606c8850a16d91d5500c18274b7a19852dacf7c4164f78d820b,37381810,327,2025-10-27,,,1505,1510,50820094760488,,,,1
modify,0x1fe14350e72ed606c8850a16d91d5500c18274b7a19852dacf7c4164f78d820b,37382851,161,2025-10-27,,,1505,1510,-50820094760488,,,,1
modify,0x1fe14350e72ed606c8850a16d91d5500c18274b7a19852dacf7c4164f78d820b,37382903,190,2025-10-27,,,1507,1512,50823735665338,,,,1
modify,0x1fe14350e72ed606c8850a16d91d5500c18274b7a19852dacf7c4164f78d820b,37383904,576,2025-10-27,,,1507,1512,-50823735665338,,,,1
modify,0x1fe14350e72ed606c8850a16d91d5500c18274b7a19852dacf7c4164f78d820b,37383939,683,2025-10-27,,,1511,1516,50813572439005,,,,1
modify,0x1fe14350e72ed606c8850a16d91d5500c18274b7a19852dacf7c4164f78d820b,37385112,925,2025-10-27,,,1511,1516,-50813572439005,,,,1
modify,0x1fe14350e72ed606c8850a16d91d5500c18274b7a19852dacf7c4164f78d820b,37385159,713,2025-10-27,,,1513,1518,50808491586138,,,,1
modify,0x1fe14350e72ed606c8850a16d91d5500c18274b7a19852dacf7c4164f78d820b,37385989,372,2025-10-27,,,1513,1518,-50808491586138,,,,1
modify,0x1fe14350e72ed606c8850a16d91d5500c18274b7a19852dacf7c4164f78d820b,37387108,469,2025-10-27,,,1505,1515,-4150308137609,,,,1
modify,0x1fe14350e72ed606c8850a16d91d5500c18274b7a19852dacf7c4164f78d820b,37387516,869,2025-10-27,,,1519,1527,19708073186823,,,,1
modify,0x1fe14350e72ed606c8850a16d91d5500c18274b7a19852dacf7c4164f78d820b,37396220,484,2025-10-27,,,1519,1527,-19708073186823,,,,1
modify,0x1fe14350e72ed606c8850a16d91d5500c18274b7a19852dacf7c4164f78d820b,37396399,545,2025-10-27,,,1510,1524,10572433370293,,,,1
modify,0x1fe14350e72ed606c8850a16d91d5500c18274b7a19852dacf7c4164f78d820b,37397711,466,2025-10-27,,,1511,1530,2657157836361,,,,1
modify,0x1fe14350e72ed606c8850a16d91d5500c18274b7a19852dacf7c4164f78d820b,37397739,523,2025-10-27,,,1506,1527,2280739198813,,,,1
modify,0x1fe14350e72ed606c8850a16d91d5500c18274b7a19852dacf7c4164f78d820b,37398492,261,2025-10-27,,,1507,1529,13912973680654,,,,1
modify,0x1fe14350e72ed606c8850a16d91d5500c18274b7a19852dacf7c4164f78d820b,37400659,615,2025-10-27,,,1510,1524,-10572433370293,,,,1
modify,0x1fe14350e72ed606c8850a16d91d5500c18274b7a19852dacf7c4164f78d820b,37405102,909,2025-10-27,,,1398,1655,33614336,,,,1
modify,0x1fe14350e72ed606c8850a16d91d5500c18274b7a19852dacf7c4164f78d820b,37406355,53,2025-10-27,,,1367,1663,-130311368069,,,,1
modify,0x1fe14350e72ed606c8850a16d91d5500c18274b7a19852dacf7c4164f78d820b,37410545,679,2025-10-27,,,1507,1529,-13912973680654,,,,1
modify,0x1fe14350e72ed606c8850a16d91d5500c18274b7a19852dacf7c4164f78d820b,37410594,29,2025-10-27,,,1506,1527,-2280739198813,,,,1
modify,0x1fe14350e72ed606c8850a16d91d5500c18274b7a19852dacf7c4164f78d820b,37410758,228,2025-10-27,,,1511,1530,-2657157836361,,,,1
modify,0x1fe14350e72ed606c8850a16d91d5500c18274b7a19852dacf7c4164f78d820b,37411924,60,2025-10-27,,,1502,1533,-166060071078,,,,1
modify,0x1fe14350e72ed606c8850a16d91d5500c18274b7a19852dacf7c4164f78d820b,37412167,297,2025-10-27,,,1505,1566,692597845817,,,,1
modify,0x1fe14350e72ed606c8850a16d91d5500c18274b7a19852dacf7c4164f78d820b,37412176,706,2025-10-27,,,1513,1560,115604145511,,,,1
modify,0x1fe14350e72ed606c8850a16d91d5500c18274b7a19852dacf7c4164f78d820b,37412189,953,2025-10-27,,,1505,1566,4473638936,,,,1
modify,0x1fe14350e72ed606c8850a16d91d5500c18274b7a19852dacf7c4164f78d820b,37415069,60,2025-10-27,,,1506,1547,52120983009,,,,1
modify,0x1fe14350e72ed606c8850a16d91d5500c18274b7a19852dacf7c4164f78d820b,37416632,130,2025-10-27,,,1524,1544,46331608222,,,,1
modify,0x1fe14350e72ed606c8850a16d91d5500c18274b7a19852dacf7c4164f78d820b,37416651,387,2025-10-27,,,1524,1544,3467074229713,,,,1
price,0x1fe14350e72ed606c8850a16d91d5500c18274b7a19852dacf7c4164f78d820b,37420857,43,2025-10-27,,,,,,85569369207895650159962073118,1539,6364479934861,736
modify,0x1fe14350e72ed606c8850a16d91d5500c18274b7a19852dacf7c4164f78d820b,37422465,636,2025-10-28,,,1505,1566,21254206,,,,1
modify,0x1fe14350e72ed606c8850a16d91d5500c18274b7a19852dacf7c4164f78d820b,37422553,783,2025-10-28,,,1505,1566,-697092738959,,,,1
modify,0x1fe14350e72ed606c8850a16d91d5500c18274b7a19852dacf7c4164f78d820b,37422972,474,2025-10-28,,,1527,1539,10913991124340,,,,1
modify,0x1fe14350e72ed606c8850a16d91d5500c18274b7a19852dacf7c4164f78d820b,37431460,828,2025-10-28,,,1397,1655,123116593,,,,1
modify,0x1fe14350e72ed606c8850a16d91d5500c18274b7a19852dacf7c4164f78d820b,37440886,819,2025-10-28,,,1527,1539,-10913991124340,,,,1
modify,0x1fe14350e72ed606c8850a16d91d5500c18274b7a19852dacf7c4164f78d820b,37441309,785,2025-10-28,,,1534,1547,10195694871385,,,,1
modify,0x1fe14350e72ed606c8850a16d91d5500c18274b7a19852dacf7c4164f78d820b,37441326,286,2025-10-28,,,1524,1544,-3513405837935,,,,1
modify,0x1fe14350e72ed606c8850a16d91d5500c18274b7a19852dacf7c4164f78d820b,37441960,147,2025-10-28,,,1513,1560,-115604145511,,,,1
modify,0x1fe14350e72ed606c8850a16d91d5500c18274b7a19852dacf7c4164f78d820b,37442032,426,2025-10-28,,,1531,1551,260540102280,,,,1
modify,0x1fe14350e72ed606c8850a16d91d5500c18274b7a19852dacf7c4164f78d820b,37446997,447,2025-10-28,,,1534,1547,-10195694871385,,,,1
modify,0x1fe14350e72ed606c8850a16d91d5500c18274b7a19852dacf7c4164f78d820b,37447029,246,2025-10-28,,,1527,1538,20379201126353,,,,1
modify,0x1fe14350e72ed606c8850a16d91d5500c18274b7a19852dacf7c4164f78d820b,37447152,64,2025-10-28,,,1527,1538,498956686330,,,,1
modify,0x1fe14350e72ed606c8850a16d91d5500c18274b7a19852dacf7c4164f78d820b,37447691,544,2025-10-28,,,1531,1551,-260540102280,,,,1
modify,0x1fe14350e72ed606c8850a16d91d5500c18274b7a19852dacf7c4164f78d820b,37448683,541,2025-10-28,,,1505,1548,121050544549,,,,1
modify,0x1fe14350e72ed606c8850a16d91d5500c18274b7a19852dacf7c4164f78d820b,37457062,155,2025-10-28,,,1523,1528,50717280770875,,,,1
modify,0x1fe14350e72ed606c8850a16d91d5500c18274b7a19852dacf7c4164f78d820b,37457760,203,2025-10-28,,,1523,1528,-50717280770875,,,,1
modify,0x1fe14350e72ed606c8850a16d91d5500c18274b7a19852dacf7c4164f78d820b,37457814,167,2025-10-28,,,1522,1527,50714745092694,,,,1
modify,0x1fe14350e72ed606c8850a16d91d5500c18274b7a19852dacf7c4164f78d820b,37457845,167,2025-10-28,,,1522,1527,-50714745092694,,,,1
modify,0x1fe14350e72ed606c8850a16d91d5500c18274b7a19852dacf7c4164f78d820b,37457963,439,2025-10-28,,,1520,1525,50573151156042,,,,1
modify,0x1fe14350e72ed606c8850a16d91d5500c18274b7a19852dacf7c4164f78d820b,37458036,966,2025-10-28,,,1520,1525,132675244218,,,,1
modify,0x1fe14350e72ed606c8850a16d91d5500c18274b7a19852dacf7c4164f78d820b,37458590,261,2025-10-28,,,1527,1538,-20878157812683,,,,1
modify,0x1fe14350e72ed606c8850a16d91d5500c18274b7a19852dacf7c4164f78d820b,37460200,849,2025-10-28,,,1520,1525,-50705826400260,,,,1
modify,0x1fe14350e72ed606c8850a16d91d5500c18274b7a19852dacf7c4164f78d820b,37460240,199,2025-10-28,,,1519,1524,50703926008261,,,,1
modify,0x1fe14350e72ed606c8850a16d91d5500c18274b7a19852dacf7c4164f78d820b,37460421,315,2025-10-28,,,1519,1524,-50703926008261,,,,1
modify,0x1fe14350e72ed606c8850a16d91d5500c18274b7a19852dacf7c4164f78d820b,37460577,254,2025-10-28,,,1518,1523,50701390997769,,,,1
modify,0x1fe14350e72ed606c8850a16d91d5500c18274b7a19852dacf7c4164f78d820b,37460706,66,2025-10-28,,,1518,1523,-50701390997769,,,,1
modify,0x1fe14350e72ed606c8850a16d91d5500c18274b7a19852dacf7c4164f78d820b,37460733,311,2025-10-28,,,1516,1521,50696321361316,,,,1
modify,0x1fe14350e72ed606c8850a16d91d5500c18274b7a19852dacf7c4164f78d820b,37461567,751,2025-10-28,,,1516,1521,-50696321361316,,,,1
modify,0x1fe14350e72ed606c8850a16d91d5500c18274b7a19852dacf7c4164f78d820b,37461684,92,2025-10-28,,,1515,1520,49343898646376,,,,1
modify,0x1fe14350e72ed606c8850a16d91d5500c18274b7a19852dacf7c4164f78d820b,37461721,194,2025-10-28,,,1514,1519,2978587469804,,,,1
modify,0x1fe14350e72ed606c8850a16d91d5500c18274b7a19852dacf7c4164f78d820b,37461734,150,2025-10-28,,,1515,1520,1351751812493,,,,1
modify,0x1fe14350e72ed606c8850a16d91d5500c18274b7a19852dacf7c4164f78d820b,37462614,417,2025-10-28,,,1515,1520,-50695650458869,,,,1
modify,0x1fe14350e72ed606c8850a16d91d5500c18274b7a19852dacf7c4164f78d820b,37462685,708,2025-10-28,,,1513,1518,49323823122438,,,,1
modify,0x1fe14350e72ed606c8850a16d91d5500c18274b7a19852dacf7c4164f78d820b,37462702,789,2025-10-28,,,1513,1518,288007098540,,,,1
modify,0x1fe14350e72ed606c8850a16d91d5500c18274b7a19852dacf7c4164f78d820b,37462728,223,2025-10-28,,,1513,1518,-49611830220978,,,,1
modify,0x1fe14350e72ed606c8850a16d91d5500c18274b7a19852dacf7c4164f78d820b,37462902,433,2025-10-28,,,1511,1518,35112489693386,,,,1
modify,0x1fe14350e72ed606c8850a16d91d5500c18274b7a19852dacf7c4164f78d820b,37462940,691,2025-10-28,,,1511,1518,1090041461831,,,,1
modify,0x1fe14350e72ed606c8850a16d91d5500c18274b7a19852dacf7c4164f78d820b,37463417,280,2025-10-28,,,1514,1519,-2978587469804,,,,1
price,0x1fe14350e72ed606c8850a16d91d5500c18274b7a19852dacf7c4164f78d820b,37463634,343,2025-10-28,,,,,,85440502179314278813565738437,1509,2159572127804,1002
modify,0x1fe14350e72ed606c8850a16d91d5500c18274b7a19852dacf7c4164f78d820b,37464781,284,2025-10-29,,,1511,1518,-36202531155217,,,,1
modify,0x1fe14350e72ed606c8850a16d91d5500c18274b7a19852dacf7c4164f78d820b,37464817,280,2025-10-29,,,1508,1513,50673450834480,,,,1
modify,0x1fe14350e72ed606c8850a16d91d5500c18274b7a19852dacf7c4164f78d820b,37466250,319,2025-10-29,,,1508,1513,-21282849350481,,,,1
modify,0x1fe14350e72ed606c8850a16d91d5500c18274b7a19852dacf7c4164f78d820b,37466357,229,2025-10-29,,,1508,1513,-6759838341319,,,,1
modify,0x1fe14350e72ed606c8850a16d91d5500c18274b7a19852dacf7c4164f78d820b,37466446,309,2025-10-29,,,1508,1513,-18330918145570,,,,1
modify,0x1fe14350e72ed606c8850a16d91d5500c18274b7a19852dacf7c4164f78d820b,37466639,759,2025-10-29,,,1511,1516,28421012844120,,,,1
modify,0x1fe14350e72ed606c8850a16d91d5500c18274b7a19852dacf7c4164f78d820b,37466693,423,2025-10-29,,,1511,1516,197305725325,,,,1
modify,0x1fe14350e72ed606c8850a16d91d5500c18274b7a19852dacf7c4164f78d820b,37467191,284,2025-10-29,,,1511,1516,-28618318569445,,,,1
modify,0x1fe14350e72ed606c8850a16d91d5500c18274b7a19852dacf7c4164f78d820b,37467213,443,2025-10-29,,,1511,1516,28618385738349,,,,1
modify,0x1fe14350e72ed606c8850a16d91d5500c18274b7a19852dacf7c4164f78d820b,37467388,154,2025-10-29,,,1507,1518,10431768943785,,,,1
modify,0x1fe14350e72ed606c8850a16d91d5500c18274b7a19852dacf7c4164f78d820b,37467400,305,2025-10-29,,,1511,1516,-28618385738349,,,,1
modify,0x1fe14350e72ed606c8850a16d91d5500c18274b7a19852dacf7c4164f78d820b,37467584,375,2025-10-29,,,1510,1515,28545417680352,,,,1
modify,0x1fe14350e72ed606c8850a16d91d5500c18274b7a19852dacf7c4164f78d820b,37467700,398,2025-10-29,,,1508,1513,160517988101,,,,1
modify,0x1fe14350e72ed606c8850a16d91d5500c18274b7a19852dacf7c4164f78d820b,37468311,213,2025-10-29,,,1510,1515,-28545417680352,,,,1
modify,0x1fe14350e72ed606c8850a16d91d5500c18274b7a19852dacf7c4164f78d820b,37468330,92,2025-10-29,,,1508,1513,-4460362985211,,,,1
modify,0x1fe14350e72ed606c8850a16d91d5500c18274b7a19852dacf7c4164f78d820b,37468366,94,2025-10-29,,,1508,1513,33003099930775,,,,1
modify,0x1fe14350e72ed606c8850a16d91d5500c18274b7a19852dacf7c4164f78d820b,37470061,96,2025-10-29,,,1508,1513,-33003099930775,,,,1
modify,0x1fe14350e72ed606c8850a16d91d5500c18274b7a19852dacf7c4164f78d820b,37470086,237,2025-10-29,,,1503,1508,32995202059461,,,,1
modify,0x1fe14350e72ed606c8850a16d91d5500c18274b7a19852dacf7c4164f78d820b,37470899,387,2025-10-29,,,1503,1508,-32995202059461,,,,1
modify,0x1fe14350e72ed606c8850a16d91d5500c18274b7a19852dacf7c4164f78d820b,37470942,132,2025-10-29,,,1507,1512,32991617428962,,,,1
modify,0x1fe14350e72ed606c8850a16d91d5500c18274b7a19852dacf7c4164f78d820b,37470953,490,2025-10-29,,,1507,1512,-32991617428962,,,,1
modify,0x1fe14350e72ed606c8850a16d91d5500c18274b7a19852dacf7c4164f78d820b,37471027,152,2025-10-29,,,1509,1514,32988318593393,,,,1
modify,0x1fe14350e72ed606c8850a16d91d5500c18274b7a19852dacf7c4164f78d820b,37471221,832,2025-10-29,,,1509,1514,-32988318593393,,,,1
modify,0x1fe14350e72ed606c8850a16d91d5500c18274b7a19852dacf7c4164f78d820b,37471247,538,2025-10-29,,,1513,1518,32981721915484,,,,1
modify,0x1fe14350e72ed606c8850a16d91d5500c18274b7a19852dacf7c4164f78d820b,37473436,696,2025-10-29,,,1513,1518,-32981721915484,,,,1
modify,0x1fe14350e72ed606c8850a16d91d5500c18274b7a19852dacf7c4164f78d820b,37473474,572,2025-10-29,,,1515,1520,50726824602701,,,,1
modify,0x1fe14350e72ed606c8850a16d91d5500c18274b7a19852dacf7c4164f78d820b,37475113,39,2025-10-29,,,1444,1631,13233638942,,,,1
modify,0x1fe14350e72ed606c8850a16d91d5500c18274b7a19852dacf7c4164f78d820b,37475748,53,2025-10-29,,,1506,1547,-52120983009,,,,1
modify,0x1fe14350e72ed606c8850a16d91d5500c18274b7a19852dacf7c4164f78d820b,37476363,1919,2025-10-29,,,1515,1520,-50726824602701,,,,1
modify,0x1fe14350e72ed606c8850a16d91d5500c18274b7a19852dacf7c4164f78d820b,37476411,161,2025-10-29,,,1512,1517,50723707137601,,,,1
modify,0x1fe14350e72ed606c8850a16d91d5500c18274b7a19852dacf7c4164f78d820b,37476558,310,2025-10-29,,,1512,1517,-50723707137601,,,,1
modify,0x1fe14350e72ed606c8850a16d91d5500c18274b7a19852dacf7c4164f78d820b,37476583,1166,2025-10-29,,,1511,1516,50721203661939,,,,1
modify,0x1fe14350e72ed606c8850a16d91d5500c18274b7a19852dacf7c4164f78d820b,37477830,330,2025-10-29,,,1511,1516,-50721203661939,,,,1
modify,0x1fe14350e72ed606c8850a16d91d5500c18274b7a19852dacf7c4164f78d820b,37477912,548,2025-10-29,,,1513,1518,50721739525047,,,,1
modify,0x1fe14350e72ed606c8850a16d91d5500c18274b7a19852dacf7c4164f78d820b,37478797,565,2025-10-29,,,1507,1518,-10431768943785,,,,1
modify,0x1fe14350e72ed606c8850a16d91d5500c18274b7a19852dacf7c4164f78d820b,37479677,137,2025-10-29,,,1521,1525,64743489717202,,,,1
modify,0x1fe14350e72ed606c8850a16d91d5500c18274b7a19852dacf7c4164f78d820b,37479683,236,2025-10-29,,,1513,1518,-50721739525047,,,,1
modify,0x1fe14350e72ed606c8850a16d91d5500c18274b7a19852dacf7c4164f78d820b,37482162,126,2025-10-29,,,1521,1525,-64743489717202,,,,1
modify,0x1fe14350e72ed606c8850a16d91d5500c18274b7a19852dacf7c4164f78d820b,37488158,540,2025-10-29,,,1505,1548,-121050544549,,,,1
modify,0x1fe14350e72ed606c8850a16d91d5500c18274b7a19852dacf7c4164f78d820b,37488413,698,2025-10-29,,,1448,1494,115049962940,,,,1
modify,0x1fe14350e72ed606c8850a16d91d5500c18274b7a19852dacf7c4164f78d820b,37489042,587,2025-10-29,,,1472,1482,25359309363856,,,,1
modify,0x1fe14350e72ed606c8850a16d91d5500c18274b7a19852dacf7c4164f78d820b,37489119,955,2025-10-29,,,1489,1556,-35081599627,,,,1
modify,0x1fe14350e72ed606c8850a16d91d5500c18274b7a19852dacf7c4164f78d820b,37489298,224,2025-10-29,,,1474,1487,182831601593,,,,1
modify,0x1fe14350e72ed606c8850a16d91d5500c18274b7a19852dacf7c4164f78d820b,37498422,633,2025-10-29,,,1474,1487,-182831601593,,,,1
modify,0x1fe14350e72ed606c8850a16d91d5500c18274b7a19852dacf7c4164f78d820b,37499239,246,2025-10-29,,,1448,1494,-115049962940,,,,1
modify,0x1fe14350e72ed606c8850a16d91d5500c18274b7a19852dacf7c4164f78d820b,37499676,482,2025-10-29,,,1495,1500,50576546097802,,,,1
modify,0x1fe14350e72ed606c8850a16d91d5500c18274b7a19852dacf7c4164f78d820b,37500280,447,2025-10-29,,,1472,1482,-25359309363856,,,,1
modify,0x1fe14350e72ed606c8850a16d91d5500c18274b7a19852dacf7c4164f78d820b,37503204,712,2025-10-29,,,1170,1570,-6591528076,,,,1
modify,0x1fe14350e72ed606c8850a16d91d5500c18274b7a19852dacf7c4164f78d820b,37503225,152,2025-10-29,,,1495,1500,-50576546097802,,,,1
modify,0x1fe14350e72ed606c8850a16d91d5500c18274b7a19852dacf7c4164f78d820b,37503252,60,2025-10-29,,,1495,1500,50577786950860,,,,1
modify,0x1fe14350e72ed606c8850a16d91d5500c18274b7a19852dacf7c4164f78d820b,37503405,753,2025-10-29,,,1468,1550,9310799570,,,,1
modify,0x1fe14350e72ed606c8850a16d91d5500c18274b7a19852dacf7c4164f78d820b,37503535,211,2025-10-29,,,1468,1550,22387799096,,,,1
modify,0x1fe14350e72ed606c8850a16d91d5500c18274b7a19852dacf7c4164f78d820b,37503599,615,2025-10-29,,,1468,1550,487570950,,,,1
modify,0x1fe14350e72ed606c8850a16d91d5500c18274b7a19852dacf7c4164f78d820b,37503655,661,2025-10-29,,,1468,1550,67268983,,,,1
modify,0x1fe14350e72ed606c8850a16d91d5500c18274b7a19852dacf7c4164f78d820b,37504662,317,2025-10-29,,,1495,1500,-50577786950860,,,,1
modify,0x1fe14350e72ed606c8850a16d91d5500c18274b7a19852dacf7c4164f78d820b,37504729,128,2025-10-29,,,1503,1508,50560729117761,,,,1
price,0x1fe14350e72ed606c8850a16d91d5500c18274b7a19852dacf7c4164f78d820b,37507273,537,2025-10-29,,,,,,85415077936619842147905076765,1503,52550943667845,861
modify,0x1fe14350e72ed606c8850a16d91d5500c18274b7a19852dacf7c4164f78d820b,37508997,341,2025-10-30,,,1503,1508,-50560729117761,,,,1
modify,0x1fe14350e72ed606c8850a16d91d5500c18274b7a19852dacf7c4164f78d820b,37509047,516,2025-10-30,,,1501,1506,50559104121664,,,,1
modify,0x1fe14350e72ed606c8850a16d91d5500c18274b7a19852dacf7c4164f78d820b,37509438,58,2025-10-30,,,1501,1506,-50559104121664,,,,1
modify,0x1fe14350e72ed606c8850a16d91d5500c18274b7a19852dacf7c4164f78d820b,37509465,129,2025-10-30,,,1499,1504,50554048712480,,,,1
modify,0x1fe14350e72ed606c8850a16d91d5500c18274b7a19852dacf7c4164f78d820b,37510235,269,2025-10-30,,,1499,1504,-50554048712480,,,,1
modify,0x1fe14350e72ed606c8850a16d91d5500c18274b7a19852dacf7c4164f78d820b,37510259,485,2025-10-30,,,1495,1500,50544015240180,,,,1
modify,0x1fe14350e72ed606c8850a16d91d5500c18274b7a19852dacf7c4164f78d820b,37514341,166,2025-10-30,,,1495,1500,-50544015240180,,,,1
modify,0x1fe14350e72ed606c8850a16d91d5500c18274b7a19852dacf7c4164f78d820b,37514378,560,2025-10-30,,,1494,1499,50551720378902,,,,1
modify,0x1fe14350e72ed606c8850a16d91d5500c18274b7a19852dacf7c4164f78d820b,37516240,143,2025-10-30,,,1494,1499,-50551720378902,,,,1
modify,0x1fe14350e72ed606c8850a16d91d5500c18274b7a19852dacf7c4164f78d820b,37516272,137,2025-10-30,,,1493,1498,50552998025856,,,,1
modify,0x1fe14350e72ed606c8850a16d91d5500c18274b7a19852dacf7c4164f78d820b,37516335,275,2025-10-30,,,1493,1498,-50552998025856,,,,1
modify,0x1fe14350e72ed606c8850a16d91d5500c18274b7a19852dacf7c4164f78d820b,37516491,76,2025-10-30,,,1469,1515,117492400581,,,,1
modify,0x1fe14350e72ed606c8850a16d91d5500c18274b7a19852dacf7c4164f78d820b,37517776,30,2025-10-30,,,1387,1587,85520939396,,,,1
modify,0x1fe14350e72ed606c8850a16d91d5500c18274b7a19852dacf7c4164f78d820b,37518084,202,2025-10-30,,,1484,1489,50530255427014,,,,1
modify,0x1fe14350e72ed606c8850a16d91d5500c18274b7a19852dacf7c4164f78d820b,37518142,261,2025-10-30,,,1484,1489,-50530255427014,,,,1
modify,0x1fe14350e72ed606c8850a16d91d5500c18274b7a19852dacf7c4164f78d820b,37518167,300,2025-10-30,,,1483,1488,50527729099407,,,,1
modify,0x1fe14350e72ed606c8850a16d91d5500c18274b7a19852dacf7c4164f78d820b,37518204,290,2025-10-30,,,1483,1488,-50527729099407,,,,1
modify,0x1fe14350e72ed606c8850a16d91d5500c18274b7a19852dacf7c4164f78d820b,37518232,498,2025-10-30,,,1482,1487,50525202898107,,,,1
modify,0x1fe14350e72ed606c8850a16d91d5500c18274b7a19852dacf7c4164f78d820b,37518793,3,2025-10-30,,,1370,1642,1002772987854,,,,1
modify,0x1fe14350e72ed606c8850a16d91d5500c18274b7a19852dacf7c4164f78d820b,37518877,19,2025-10-30,,,1370,1642,17294058831,,,,1
modify,0x1fe14350e72ed606c8850a16d91d5500c18274b7a19852dacf7c4164f78d820b,37519013,12,2025-10-30,,,1370,1642,24172982572,,,,1
modify,0x1fe14350e72ed606c8850a16d91d5500c18274b7a19852dacf7c4164f78d820b,37519048,18,2025-10-30,,,1370,1642,3202362471,,,,1
modify,0x1fe14350e72ed606c8850a16d91d5500c18274b7a19852dacf7c4164f78d820b,37519168,681,2025-10-30,,,1482,1487,-50525202898107,,,,1
modify,0x1fe14350e72ed606c8850a16d91d5500c18274b7a19852dacf7c4164f78d820b,37519203,247,2025-10-30,,,1468,1473,50490082586948,,,,1
modify,0x1fe14350e72ed606c8850a16d91d5500c18274b7a19852dacf7c4164f78d820b,37519280,191,2025-10-30,,,1468,1473,-50490082586948,,,,1
modify,0x1fe14350e72ed606c8850a16d91d5500c18274b7a19852dacf7c4164f78d820b,37519310,376,2025-10-30,,,1464,1469,50479986080627,,,,1
modify,0x1fe14350e72ed606c8850a16d91d5500c18274b7a19852dacf7c4164f78d820b,37519388,530,2025-10-30,,,1464,1469,-50479986080627,,,,1
modify,0x1fe14350e72ed606c8850a16d91d5500c18274b7a19852dacf7c4164f78d820b,37519423,758,2025-10-30,,,1462,1467,50474938582464,,,,1
modify,0x1fe14350e72ed606c8850a16d91d5500c18274b7a19852dacf7c4164f78d820b,37520139,96,2025-10-30,,,1462,1467,-50474938582464,,,,1
modify,0x1fe14350e72ed606c8850a16d91d5500c18274b7a19852dacf7c4164f78d820b,37520163,431,2025-10-30,,,1444,1449,50429533838836,,,,1
modify,0x1fe14350e72ed606c8850a16d91d5500c18274b7a19852dacf7c4164f78d820b,37522285,674,2025-10-30,,,1469,1515,-117492400581,,,,1
modify,0x1fe14350e72ed606c8850a16d91d5500c18274b7a19852dacf7c4164f78d820b,37522420,314,2025-10-30,,,1447,1487,124134606612,,,,1
modify,0x1fe14350e72ed606c8850a16d91d5500c18274b7a19852dacf7c4164f78d820b,37522553,138,2025-10-30,,,1444,1449,-50429533838836,,,,1
modify,0x1fe14350e72ed606c8850a16d91d5500c18274b7a19852dacf7c4164f78d820b,37522607,771,2025-10-30,,,1461,1466,50389178253740,,,,1
modify,0x1fe14350e72ed606c8850a16d91d5500c18274b7a19852dacf7c4164f78d820b,37523939,433,2025-10-30,,,1436,1487,47405274962,,,,1
modify,0x1fe14350e72ed606c8850a16d91d5500c18274b7a19852dacf7c4164f78d820b,37525897,61,2025-10-30,,,1461,1466,-50389178253740,,,,1
modify,0x1fe14350e72ed606c8850a16d91d5500c18274b7a19852dacf7c4164f78d820b,37527194,809,2025-10-30,,,1449,1465,9745062209304,,,,1
modify,0x1fe14350e72ed606c8850a16d91d5500c18274b7a19852dacf7c4164f78d820b,37534279,525,2025-10-30,,,1449,1465,-9745062209304,,,,1
modify,0x1fe14350e72ed606c8850a16d91d5500c18274b7a19852dacf7c4164f78d820b,37545370,435,2025-10-30,,,1449,1464,3440541344677,,,,1
price,0x1fe14350e72ed606c8850a16d91d5500c18274b7a19852dacf7c4164f78d820b,37550405,6,2025-10-30,,,,,,85215508095004708042158267068,1457,6703005668860,680
modify,0x1fe14350e72ed606c8850a16d91d5500c18274b7a19852dacf7c4164f78d820b,37552796,174,2025-10-31,,,1449,1464,-3440541344677,,,,1
modify,0x1fe14350e72ed606c8850a16d91d5500c18274b7a19852dacf7c4164f78d820b,37559858,42,2025-10-31,,,1387,1587,-85520939396,,,,1
modify,0x1fe14350e72ed606c8850a16d91d5500c18274b7a19852dacf7c4164f78d820b,37565027,1007,2025-10-31,,,1468,1550,-32253438599,,,,1
modify,0x1fe14350e72ed606c8850a16d91d5500c18274b7a19852dacf7c4164f78d820b,37565169,166,2025-10-31,,,1290,1687,5214662864,,,,1
modify,0x1fe14350e72ed606c8850a16d91d5500c18274b7a19852dacf7c4164f78d820b,37565291,202,2025-10-31,,,1290,1687,1153006985,,,,1
modify,0x1fe14350e72ed606c8850a16d91d5500c18274b7a19852dacf7c4164f78d820b,37565357,398,2025-10-31,,,1290,1687,292628493,,,,1
modify,0x1fe14350e72ed606c8850a16d91d5500c18274b7a19852dacf7c4164f78d820b,37566160,1036,2025-10-31,,,1436,1487,-47405274962,,,,1
modify,0x1fe14350e72ed606c8850a16d91d5500c18274b7a19852dacf7c4164f78d820b,37568497,129,2025-10-31,,,1447,1487,-124134606612,,,,1
modify,0x1fe14350e72ed606c8850a16d91d5500c18274b7a19852dacf7c4164f78d820b,37568498,60,2025-10-31,,,1242,1828,18987402537,,,,1
modify,0x1fe14350e72ed606c8850a16d91d5500c18274b7a19852dacf7c4164f78d820b,37569173,69,2025-10-31,,,1345,1508,39554693917,,,,1
modify,0x1fe14350e72ed606c8850a16d91d5500c18274b7a19852dacf7c4164f78d820b,37573407,278,2025-10-31,,,1416,1425,2813771282019,,,,1
modify,0x1fe14350e72ed606c8850a16d91d5500c18274b7a19852dacf7c4164f78d820b,37578158,82,2025-10-31,,,1424,1431,2578221226486,,,,1
modify,0x1fe14350e72ed606c8850a16d91d5500c18274b7a19852dacf7c4164f78d820b,37578184,190,2025-10-31,,,1424,1431,-2578221226486,,,,1
modify,0x1fe14350e72ed606c8850a16d91d5500c18274b7a19852dacf7c4164f78d820b,37578194,535,2025-10-31,,,1416,1425,-2813771282019,,,,1
modify,0x1fe14350e72ed606c8850a16d91d5500c18274b7a19852dacf7c4164f78d820b,37578273,483,2025-10-31,,,1431,1437,9434534394165,,,,1
modify,0x1fe14350e72ed606c8850a16d91d5500c18274b7a19852dacf7c4164f78d820b,37578384,364,2025-10-31,,,1431,1437,4929433544669,,,,1
modify,0x1fe14350e72ed606c8850a16d91d5500c18274b7a19852dacf7c4164f78d820b,37579062,1025,2025-10-31,,,1431,1437,-14363967938834,,,,1
modify,0x1fe14350e72ed606c8850a16d91d5500c18274b7a19852dacf7c4164f78d820b,37579108,620,2025-10-31,,,1431,1442,7373267817341,,,,1
modify,0x1fe14350e72ed606c8850a16d91d5500c18274b7a19852dacf7c4164f78d820b,37592606,231,2025-10-31,,,1435,1437,99243084600955,,,,1
modify,0x1fe14350e72ed606c8850a16d91d5500c18274b7a19852dacf7c4164f78d820b,37592678,244,2025-10-31,,,1435,1437,20971882854254,,,,1
modify,0x1fe14350e72ed606c8850a16d91d5500c18274b7a19852dacf7c4164f78d820b,37592731,166,2025-10-31,,,1435,1437,3817213096169,,,,1
modify,0x1fe14350e72ed606c8850a16d91d5500c18274b7a19852dacf7c4164f78d820b,37592770,805,2025-10-31,,,1435,1437,987211623670,,,,1
price,0x1fe14350e72ed606c8850a16d91d5500c18274b7a19852dacf7c4164f78d820b,37593704,457,2025-10-31,,,,,,85131254815569585637657507265,1437,10430640076408,653
modify,0x1fe14350e72ed606c8850a16d91d5500c18274b7a19852dacf7c4164f78d820b,37594457,457,2025-11-01,,,1435,1437,-125019392175048,,,,1
modify,0x1fe14350e72ed606c8850a16d91d5500c18274b7a19852dacf7c4164f78d820b,37594503,368,2025-11-01,,,1436,1438,125017170386498,,,,1
modify,0x1fe14350e72ed606c8850a16d91d5500c18274b7a19852dacf7c4164f78d820b,37594546,459,2025-11-01,,,1436,1438,-125017170386498,,,,1
modify,0x1fe14350e72ed606c8850a16d91d5500c18274b7a19852dacf7c4164f78d820b,37594593,546,2025-11-01,,,1437,1439,125010919987447,,,,1
modify,0x1fe14350e72ed606c8850a16d91d5500c18274b7a19852dacf7c4164f78d820b,37594822,146,2025-11-01,,,1437,1439,-125010919987447,,,,1
modify,0x1fe14350e72ed606c8850a16d91d5500c18274b7a19852dacf7c4164f78d820b,37594844,771,2025-11-01,,,1438,1440,125004669900894,,,,1
modify,0x1fe14350e72ed606c8850a16d91d5500c18274b7a19852dacf7c4164f78d820b,37595790,50,2025-11-01,,,1438,1440,-125004669900894,,,,1
modify,0x1fe14350e72ed606c8850a16d91d5500c18274b7a19852dacf7c4164f78d820b,37595908,434,2025-11-01,,,1438,1440,121510347959971,,,,1
modify,0x1fe14350e72ed606c8850a16d91d5500c18274b7a19852dacf7c4164f78d820b,37595974,251,2025-11-01,,,1438,1440,-121510347959971,,,,1
modify,0x1fe14350e72ed606c8850a16d91d5500c18274b7a19852dacf7c4164f78d820b,37596012,359,2025-11-01,,,1436,1438,121498198129411,,,,1
modify,0x1fe14350e72ed606c8850a16d91d5500c18274b7a19852dacf7c4164f78d820b,37596961,90,2025-11-01,,,1427,1448,474875812403,,,,1
modify,0x1fe14350e72ed606c8850a16d91d5500c18274b7a19852dacf7c4164f78d820b,37597484,731,2025-11-01,,,1436,1438,-121498198129411,,,,1
modify,0x1fe14350e72ed606c8850a16d91d5500c18274b7a19852dacf7c4164f78d820b,37597565,819,2025-11-01,,,1435,1438,80891414494407,,,,1
modify,0x1fe14350e72ed606c8850a16d91d5500c18274b7a19852dacf7c4164f78d820b,37598122,550,2025-11-01,,,1435,1438,2688146974664,,,,1
modify,0x1fe14350e72ed606c8850a16d91d5500c18274b7a19852dacf7c4164f78d820b,37598963,1277,2025-11-01,,,1431,1442,-7373267817341,,,,1
modify,0x1fe14350e72ed606c8850a16d91d5500c18274b7a19852dacf7c4164f78d820b,37599047,182,2025-11-01,,,1435,1437,40050751619022,,,,1
modify,0x1fe14350e72ed606c8850a16d91d5500c18274b7a19852dacf7c4164f78d820b,37601130,285,2025-11-01,,,1397,1655,7439864,,,,1
modify,0x1fe14350e72ed606c8850a16d91d5500c18274b7a19852dacf7c4164f78d820b,37602908,212,2025-11-01,,,1435,1437,-38849229070451,,,,1
modify,0x1fe14350e72ed606c8850a16d91d5500c18274b7a19852dacf7c4164f78d820b,37607623,344,2025-11-01,,,1435,1437,-1201522548571,,,,1
modify,0x1fe14350e72ed606c8850a16d91d5500c18274b7a19852dacf7c4164f78d820b,37608588,826,2025-11-01,,,1435,1438,-83579561469071,,,,1
modify,0x1fe14350e72ed606c8850a16d91d5500c18274b7a19852dacf7c4164f78d820b,37608626,399,2025-11-01,,,1439,1440,251104057035335,,,,1
modify,0x1fe14350e72ed606c8850a16d91d5500c18274b7a19852dacf7c4164f78d820b,37609244,214,2025-11-01,,,1438,1442,19720001630278,,,,1
modify,0x1fe14350e72ed606c8850a16d91d5500c18274b7a19852dacf7c4164f78d820b,37609460,172,2025-11-01,,,1439,1440,-251104057035335,,,,1
modify,0x1fe14350e72ed606c8850a16d91d5500c18274b7a19852dacf7c4164f78d820b,37609674,617,2025-11-01,,,1439,1441,122066861280080,,,,1
modify,0x1fe14350e72ed606c8850a16d91d5500c18274b7a19852dacf7c4164f78d820b,37609705,136,2025-11-01,,,1439,1441,952694273682,,,,1
modify,0x1fe14350e72ed606c8850a16d91d5500c18274b7a19852dacf7c4164f78d820b,37611553,559,2025-11-01,,,1439,1441,-123019555553762,,,,1
modify,0x1fe14350e72ed606c8850a16d91d5500c18274b7a19852dacf7c4164f78d820b,37611634,109,2025-11-01,,,1442,1444,119514247605652,,,,1
modify,0x1fe14350e72ed606c8850a16d91d5500c18274b7a19852dacf7c4164f78d820b,37611671,231,2025-11-01,,,1438,1442,-19720001630278,,,,1
modify,0x1fe14350e72ed606c8850a16d91d5500c18274b7a19852dacf7c4164f78d820b,37611766,234,2025-11-01,,,1398,1655,30720938,,,,1
modify,0x1fe14350e72ed606c8850a16d91d5500c18274b7a19852dacf7c4164f78d820b,37611840,736,2025-11-01,,,1442,1444,1352678721525,,,,1
modify,0x1fe14350e72ed606c8850a16d91d5500c18274b7a19852dacf7c4164f78d820b,37621773,453,2025-11-01,,,1442,1444,-120866926327177,,,,1
modify,0x1fe14350e72ed606c8850a16d91d5500c18274b7a19852dacf7c4164f78d820b,37622008,385,2025-11-01,,,1439,1444,49270150968648,,,,1
modify,0x1fe14350e72ed606c8850a16d91d5500c18274b7a19852dacf7c4164f78d820b,37622122,232,2025-11-01,,,1439,1440,4755127464197,,,,1
modify,0x1fe14350e72ed606c8850a16d91d5500c18274b7a19852dacf7c4164f78d820b,37628194,145,2025-11-01,,,1433,1446,56249202941,,,,1
modify,0x1fe14350e72ed606c8850a16d91d5500c18274b7a19852dacf7c4164f78d820b,37628475,187,2025-11-01,,,1433,1446,418489285153,,,,1
modify,0x1fe14350e72ed606c8850a16d91d5500c18274b7a19852dacf7c4164f78d820b,37636114,429,2025-11-01,,,1444,1447,26239086574688,,,,1
modify,0x1fe14350e72ed606c8850a16d91d5500c18274b7a19852dacf7c4164f78d820b,37636774,245,2025-11-01,,,1439,1444,-49270150968648,,,,1
modify,0x1fe14350e72ed606c8850a16d91d5500c18274b7a19852dacf7c4164f78d820b,37636790,1112,2025-11-01,,,1439,1440,-4755127464197,,,,1
price,0x1fe14350e72ed606c8850a16d91d5500c18274b7a19852dacf7c4164f78d820b,37636907,549,2025-11-01,,,,,,85169484674563239181219777080,1446,29784606445902,684
modify,0x1fe14350e72ed606c8850a16d91d5500c18274b7a19852dacf7c4164f78d820b,37638297,329,2025-11-02,,,1397,1655,134960463,,,,1
modify,0x1fe14350e72ed606c8850a16d91d5500c18274b7a19852dacf7c4164f78d820b,37638441,1467,2025-11-02,,,1397,1655,124611362,,,,1
modify,0x1fe14350e72ed606c8850a16d91d5500c18274b7a19852dacf7c4164f78d820b,37643213,643,2025-11-02,,,1444,1447,-26239086574688,,,,1
modify,0x1fe14350e72ed606c8850a16d91d5500c18274b7a19852dacf7c4164f78d820b,37643270,393,2025-11-02,,,1437,1449,6949660578420,,,,1
modify,0x1fe14350e72ed606c8850a16d91d5500c18274b7a19852dacf7c4164f78d820b,37644324,40,2025-11-02,,,1440,1447,2353214798014,,,,1
modify,0x1fe14350e72ed606c8850a16d91d5500c18274b7a19852dacf7c4164f78d820b,37650794,1145,2025-11-02,,,1437,1449,6787258412744,,,,1
modify,0x1fe14350e72ed606c8850a16d91d5500c18274b7a19852dacf7c4164f78d820b,37650843,213,2025-11-02,,,1437,1449,511417793797,,,,1
modify,0x1fe14350e72ed606c8850a16d91d5500c18274b7a19852dacf7c4164f78d820b,37651118,1097,2025-11-02,,,1430,1440,18616268487,,,,1
modify,0x1fe14350e72ed606c8850a16d91d5500c18274b7a19852dacf7c4164f78d820b,37651240,831,2025-11-02,,,1430,1440,-18616268487,,,,1
modify,0x1fe14350e72ed606c8850a16d91d5500c18274b7a19852dacf7c4164f78d820b,37653550,31,2025-11-02,,,1440,1447,-2353214798014,,,,1
modify,0x1fe14350e72ed606c8850a16d91d5500c18274b7a19852dacf7c4164f78d820b,37653722,4,2025-11-02,,,1435,1458,816237313023,,,,1
modify,0x1fe14350e72ed606c8850a16d91d5500c18274b7a19852dacf7c4164f78d820b,37663105,151,2025-11-02,,,1397,1655,29524172,,,,1
modify,0x1fe14350e72ed606c8850a16d91d5500c18274b7a19852dacf7c4164f78d820b,37664689,560,2025-11-02,,,1437,1449,-14248336784961,,,,1
modify,0x1fe14350e72ed606c8850a16d91d5500c18274b7a19852dacf7c4164f78d820b,37665814,177,2025-11-02,,,1424,1444,8584635538583,,,,1
modify,0x1fe14350e72ed606c8850a16d91d5500c18274b7a19852dacf7c4164f78d820b,37670239,0,2025-11-02,,,1435,1458,-816237313023,,,,1
modify,0x1fe14350e72ed606c8850a16d91d5500c18274b7a19852dacf7c4164f78d820b,37670342,4,2025-11-02,,,1420,1440,717029040121,,,,1
modify,0x1fe14350e72ed606c8850a16d91d5500c18274b7a19852dacf7c4164f78d820b,37679036,553,2025-11-02,,,1424,1444,-4292317769291,,,,1
price,0x1fe14350e72ed606c8850a16d91d5500c18274b7a19852dacf7c4164f78d820b,37680106,22,2025-11-02,,,,,,85104746484406024945246392192,1431,8443618283682,852
modify,0x1fe14350e72ed606c8850a16d91d5500c18274b7a19852dacf7c4164f78d820b,37684376,658,2025-11-03,,,1424,1444,-4292317769292,,,,1
modify,0x1fe14350e72ed606c8850a16d91d5500c18274b7a19852dacf7c4164f78d820b,37685461,333,2025-11-03,,,1408,1422,5849174599041,,,,1
modify,0x1fe14350e72ed606c8850a16d91d5500c18274b7a19852dacf7c4164f78d820b,37686918,400,2025-11-03,,,1408,1422,2179974969841,,,,1
modify,0x1fe14350e72ed606c8850a16d91d5500c18274b7a19852dacf7c4164f78d820b,37686992,848,2025-11-03,,,1412,1420,1674012663575,,,,1
modify,0x1fe14350e72ed606c8850a16d91d5500c18274b7a19852dacf7c4164f78d820b,37687553,47,2025-11-03,,,1427,1448,-170955292465,,,,1
modify,0x1fe14350e72ed606c8850a16d91d5500c18274b7a19852dacf7c4164f78d820b,37688341,249,2025-11-03,,,1420,1440,-717029040121,,,,1
modify,0x1fe14350e72ed606c8850a16d91d5500c18274b7a19852dacf7c4164f78d820b,37689168,71,2025-11-03,,,1398,1571,-1084155321872,,,,1
modify,0x1fe14350e72ed606c8850a16d91d5500c18274b7a19852dacf7c4164f78d820b,37690807,433,2025-11-03,,,1408,1422,-2007287392220,,,,1
modify,0x1fe14350e72ed606c8850a16d91d5500c18274b7a19852dacf7c4164f78d820b,37694376,142,2025-11-03,,,1412,1420,-1674012663575,,,,1
modify,0x1fe14350e72ed606c8850a16d91d5500c18274b7a19852dacf7c4164f78d820b,37694411,1464,2025-11-03,,,1408,1422,-6021862176662,,,,1
modify,0x1fe14350e72ed606c8850a16d91d5500c18274b7a19852dacf7c4164f78d820b,37694502,324,2025-11-03,,,1402,1410,14936095993952,,,,1
modify,0x1fe14350e72ed606c8850a16d91d5500c18274b7a19852dacf7c4164f78d820b,37700178,531,2025-11-03,,,1402,1410,-14936095993952,,,,1
modify,0x1fe14350e72ed606c8850a16d91d5500c18274b7a19852dacf7c4164f78d820b,37700677,295,2025-11-03,,,1424,1437,10087459561901,,,,1
modify,0x1fe14350e72ed606c8850a16d91d5500c18274b7a19852dacf7c4164f78d820b,37702264,627,2025-11-03,,,1419,1431,1891735842360,,,,1
modify,0x1fe14350e72ed606c8850a16d91d5500c18274b7a19852dacf7c4164f78d820b,37703206,631,2025-11-03,,,1424,1437,-10087459561901,,,,1
modify,0x1fe14350e72ed606c8850a16d91d5500c18274b7a19852dacf7c4164f78d820b,37703435,394,2025-11-03,,,1419,1431,-1891735842360,,,,1
modify,0x1fe14350e72ed606c8850a16d91d5500c18274b7a19852dacf7c4164f78d820b,37709655,373,2025-11-03,,,1416,1428,9538584678361,,,,1
modify,0x1fe14350e72ed606c8850a16d91d5500c18274b7a19852dacf7c4164f78d820b,37711119,201,2025-11-03,,,1411,1425,1423750839662,,,,1
modify,0x1fe14350e72ed606c8850a16d91d5500c18274b7a19852dacf7c4164f78d820b,37713232,389,2025-11-03,,,1411,1425,-1423750839662,,,,1
modify,0x1fe14350e72ed606c8850a16d91d5500c18274b7a19852dacf7c4164f78d820b,37713295,745,2025-11-03,,,1399,1419,1125020214968,,,,1
modify,0x1fe14350e72ed606c8850a16d91d5500c18274b7a19852dacf7c4164f78d820b,37720414,1385,2025-11-03,,,1416,1428,-9538584678361,,,,1
modify,0x1fe14350e72ed606c8850a16d91d5500c18274b7a19852dacf7c4164f78d820b,37721698,365,2025-11-03,,,1410,1422,8501938747184,,,,1
modify,0x1fe14350e72ed606c8850a16d91d5500c18274b7a19852dacf7c4164f78d820b,37721779,1028,2025-11-03,,,1410,1422,971835631078,,,,1
price,0x1fe14350e72ed606c8850a16d91d5500c18274b7a19852dacf7c4164f78d820b,37723248,107,2025-11-03,,,,,,85024362634113599714636834714,1412,12474034933224,1106
modify,0x1fe14350e72ed606c8850a16d91d5500c18274b7a19852dacf7c4164f78d820b,37724045,110,2025-11-04,,,1416,1425,2587715959690,,,,1
modify,0x1fe14350e72ed606c8850a16d91d5500c18274b7a19852dacf7c4164f78d820b,37724875,161,2025-11-04,,,1416,1425,898669507433,,,,1
modify,0x1fe14350e72ed606c8850a16d91d5500c18274b7a19852dacf7c4164f78d820b,37725471,636,2025-11-04,,,1399,1419,-1125020214968,,,,1
modify,0x1fe14350e72ed606c8850a16d91d5500c18274b7a19852dacf7c4164f78d820b,37726277,121,2025-11-04,,,1416,1425,-3486385467123,,,,1
modify,0x1fe14350e72ed606c8850a16d91d5500c18274b7a19852dacf7c4164f78d820b,37726294,413,2025-11-04,,,1410,1422,-9473774378262,,,,1
modify,0x1fe14350e72ed606c8850a16d91d5500c18274b7a19852dacf7c4164f78d820b,37726376,895,2025-11-04,,,1416,1436,7696363751667,,,,1
modify,0x1fe14350e72ed606c8850a16d91d5500c18274b7a19852dacf7c4164f78d820b,37731016,775,2025-11-04,,,1416,1436,-7696363751667,,,,1
modify,0x1fe14350e72ed606c8850a16d91d5500c18274b7a19852dacf7c4164f78d820b,37733737,69,2025-11-04,,,1432,1550,-70778774880,,,,1
modify,0x1fe14350e72ed606c8850a16d91d5500c18274b7a19852dacf7c4164f78d820b,37736064,1,2025-11-04,,,1362,1556,46696171916,,,,1
modify,0x1fe14350e72ed606c8850a16d91d5500c18274b7a19852dacf7c4164f78d820b,37737416,69,2025-11-04,,,1427,1448,-303920519938,,,,1
modify,0x1fe14350e72ed606c8850a16d91d5500c18274b7a19852dacf7c4164f78d820b,37742883,558,2025-11-04,,,1383,1392,11609516129496,,,,1
modify,0x1fe14350e72ed606c8850a16d91d5500c18274b7a19852dacf7c4164f78d820b,37743045,234,2025-11-04,,,1383,1392,-11609516129496,,,,1
modify,0x1fe14350e72ed606c8850a16d91d5500c18274b7a19852dacf7c4164f78d820b,37743581,150,2025-11-04,,,1377,1394,8603607054886,,,,1
modify,0x1fe14350e72ed606c8850a16d91d5500c18274b7a19852dacf7c4164f78d820b,37748751,102,2025-11-04,,,1372,1382,4024142427217,,,,1
modify,0x1fe14350e72ed606c8850a16d91d5500c18274b7a19852dacf7c4164f78d820b,37750893,403,2025-11-04,,,1372,1382,-4024142427217,,,,1
price,0x1fe14350e72ed606c8850a16d91d5500c18274b7a19852dacf7c4164f78d820b,37766442,342,2025-11-04,,,,,,84924612845454410529062531086,1388,10350791676095,805
modify,0x1fe14350e72ed606c8850a16d91d5500c18274b7a19852dacf7c4164f78d820b,37767364,47,2025-11-05,,,1432,1550,-27525079120,,,,1
modify,0x1fe14350e72ed606c8850a16d91d5500c18274b7a19852dacf7c4164f78d820b,37767885,819,2025-11-05,,,1398,1655,-986835196,,,,1
modify,0x1fe14350e72ed606c8850a16d91d5500c18274b7a19852dacf7c4164f78d820b,37773896,192,2025-11-05,,,1377,1394,0,,,,1
modify,0x1fe14350e72ed606c8850a16d91d5500c18274b7a19852dacf7c4164f78d820b,37782866,285,2025-11-05,,,1377,1394,-8603607054886,,,,1
modify,0x1fe14350e72ed606c8850a16d91d5500c18274b7a19852dacf7c4164f78d820b,37782969,424,2025-11-05,,,1380,1388,15539238056372,,,,1
modify,0x1fe14350e72ed606c8850a16d91d5500c18274b7a19852dacf7c4164f78d820b,37790164,735,2025-11-05,,,1362,1556,-46696171916,,,,1
modify,0x1fe14350e72ed606c8850a16d91d5500c18274b7a19852dacf7c4164f78d820b,37792047,315,2025-11-05,,,1380,1388,-15539238056372,,,,1
modify,0x1fe14350e72ed606c8850a16d91d5500c18274b7a19852dacf7c4164f78d820b,37792268,404,2025-11-05,,,1375,1396,1777852171300,,,,1
modify,0x1fe14350e72ed606c8850a16d91d5500c18274b7a19852dacf7c4164f78d820b,37792326,113,2025-11-05,,,1375,1396,1156349323985,,,,1
modify,0x1fe14350e72ed606c8850a16d91d5500c18274b7a19852dacf7c4164f78d820b,37792446,160,2025-11-05,,,1369,1390,2987425066260,,,,1
modify,0x1fe14350e72ed606c8850a16d91d5500c18274b7a19852dacf7c4164f78d820b,37795905,473,2025-11-05,,,1381,1393,537465316024,,,,1
modify,0x1fe14350e72ed606c8850a16d91d5500c18274b7a19852dacf7c4164f78d820b,37800648,336,2025-11-05,,,1381,1393,-537465316024,,,,1
modify,0x1fe14350e72ed606c8850a16d91d5500c18274b7a19852dacf7c4164f78d820b,37804437,318,2025-11-05,,,1369,1390,-2987425066260,,,,1
modify,0x1fe14350e72ed606c8850a16d91d5500c18274b7a19852dacf7c4164f78d820b,37804448,335,2025-11-05,,,1375,1396,-2934201495285,,,,1
modify,0x1fe14350e72ed606c8850a16d91d5500c18274b7a19852dacf7c4164f78d820b,37804646,85,2025-11-05,,,1396,1400,20880214068945,,,,1
modify,0x1fe14350e72ed606c8850a16d91d5500c18274b7a19852dacf7c4164f78d820b,37804671,386,2025-11-05,,,1390,1404,6399566545193,,,,1
modify,0x1fe14350e72ed606c8850a16d91d5500c18274b7a19852dacf7c4164f78d820b,37804683,137,2025-11-05,,,1396,1400,-20880214068945,,,,1
modify,0x1fe14350e72ed606c8850a16d91d5500c18274b7a19852dacf7c4164f78d820b,37804820,664,2025-11-05,,,1394,1408,9736278736264,,,,1
price,0x1fe14350e72ed606c8850a16d91d5500c18274b7a19852dacf7c4164f78d820b,37809697,2,2025-11-05,,,,,,84988636105283449191939856495,1403,18010098786255,1215
modify,0x1fe14350e72ed606c8850a16d91d5500c18274b7a19852dacf7c4164f78d820b,37815271,680,2025-11-06,,,1394,1408,-9736278736264,,,,1
modify,0x1fe14350e72ed606c8850a16d91d5500c18274b7a19852dacf7c4164f78d820b,37815321,961,2025-11-06,,,1391,1411,6927593605610,,,,1
modify,0x1fe14350e72ed606c8850a16d91d5500c18274b7a19852dacf7c4164f78d820b,37815635,1056,2025-11-06,,,1391,1411,-6927593605610,,,,1
modify,0x1fe14350e72ed606c8850a16d91d5500c18274b7a19852dacf7c4164f78d820b,37815689,898,2025-11-06,,,1400,1418,7361533086308,,,,1
modify,0x1fe14350e72ed606c8850a16d91d5500c18274b7a19852dacf7c4164f78d820b,37815700,865,2025-11-06,,,1390,1404,-6399566545193,,,,1
modify,0x1fe14350e72ed606c8850a16d91d5500c18274b7a19852dacf7c4164f78d820b,37815807,618,2025-11-06,,,1400,1418,-7361533086308,,,,1
modify,0x1fe14350e72ed606c8850a16d91d5500c18274b7a19852dacf7c4164f78d820b,37815988,694,2025-11-06,,,1400,1420,5462177830271,,,,1
modify,0x1fe14350e72ed606c8850a16d91d5500c18274b7a19852dacf7c4164f78d820b,37816071,215,2025-11-06,,,1391,1410,6256222241746,,,,1
modify,0x1fe14350e72ed606c8850a16d91d5500c18274b7a19852dacf7c4164f78d820b,37816216,495,2025-11-06,,,1391,1410,-6256222241746,,,,1
modify,0x1fe14350e72ed606c8850a16d91d5500c18274b7a19852dacf7c4164f78d820b,37816356,982,2025-11-06,,,1396,1425,4096391906389,,,,1
modify,0x1fe14350e72ed606c8850a16d91d5500c18274b7a19852dacf7c4164f78d820b,37828190,555,2025-11-06,,,1400,1420,-5462177830271,,,,1
modify,0x1fe14350e72ed606c8850a16d91d5500c18274b7a19852dacf7c4164f78d820b,37828297,842,2025-11-06,,,1396,1425,-4096391906389,,,,1
modify,0x1fe14350e72ed606c8850a16d91d5500c18274b7a19852dacf7c4164f78d820b,37828350,395,2025-11-06,,,1416,1436,11371791315879,,,,1
modify,0x1fe14350e72ed606c8850a16d91d5500c18274b7a19852dacf7c4164f78d820b,37835464,1007,2025-11-06,,,1416,1436,-11371791315879,,,,1
modify,0x1fe14350e72ed606c8850a16d91d5500c18274b7a19852dacf7c4164f78d820b,37835570,351,2025-11-06,,,1433,1444,8765546529191,,,,1
modify,0x1fe14350e72ed606c8850a16d91d5500c18274b7a19852dacf7c4164f78d820b,37852200,288,2025-11-06,,,1433,1444,-8765546529191,,,,1
modify,0x1fe14350e72ed606c8850a16d91d5500c18274b7a19852dacf7c4164f78d820b,37852226,362,2025-11-06,,,1427,1446,5542935578053,,,,1
price,0x1fe14350e72ed606c8850a16d91d5500c18274b7a19852dacf7c4164f78d820b,37852781,1935,2025-11-06,,,,,,85091779840554619987522488320,1428,7417189082851,1633
modify,0x1fe14350e72ed606c8850a16d91d5500c18274b7a19852dacf7c4164f78d820b,37854201,555,2025-11-07,,,1416,1436,1027081182483,,,,1
modify,0x1fe14350e72ed606c8850a16d91d5500c18274b7a19852dacf7c4164f78d820b,37854675,23,2025-11-07,,,1425,1433,12211174524184,,,,1
modify,0x1fe14350e72ed606c8850a16d91d5500c18274b7a19852dacf7c4164f78d820b,37854753,99,2025-11-07,,,1425,1433,2829173574359,,,,1
modify,0x1fe14350e72ed606c8850a16d91d5500c18274b7a19852dacf7c4164f78d820b,37855017,547,2025-11-07,,,1416,1436,-1027081182483,,,,1
modify,0x1fe14350e72ed606c8850a16d91d5500c18274b7a19852dacf7c4164f78d820b,37863781,350,2025-11-07,,,1425,1433,-15040348098543,,,,1
modify,0x1fe14350e72ed606c8850a16d91d5500c18274b7a19852dacf7c4164f78d820b,37863811,440,2025-11-07,,,1427,1446,-5542935578053,,,,1
modify,0x1fe14350e72ed606c8850a16d91d5500c18274b7a19852dacf7c4164f78d820b,37864474,1841,2025-11-07,,,1440,1460,5492855822655,,,,1
modify,0x1fe14350e72ed606c8850a16d91d5500c18274b7a19852dacf7c4164f78d820b,37878629,864,2025-11-07,,,1249,1649,3995171884,,,,1
modify,0x1fe14350e72ed606c8850a16d91d5500c18274b7a19852dacf7c4164f78d820b,37880351,245,2025-11-07,,,1440,1460,-5492855822655,,,,1
modify,0x1fe14350e72ed606c8850a16d91d5500c18274b7a19852dacf7c4164f78d820b,37882144,513,2025-11-07,,,1437,1470,29059525954048,,,,1
price,0x1fe14350e72ed606c8850a16d91d5500c18274b7a19852dacf7c4164f78d820b,37896122,589,2025-11-07,,,,,,85237058992663608253917835072,1462,30951008269672,1924
modify,0x1fe14350e72ed606c8850a16d91d5500c18274b7a19852dacf7c4164f78d820b,37900458,1247,2025-11-08,,,1453,1465,2213878751394,,,,1
modify,0x1fe14350e72ed606c8850a16d91d5500c18274b7a19852dacf7c4164f78d820b,37912295,1361,2025-11-08,,,1456,1460,6116811861088,,,,1
modify,0x1fe14350e72ed606c8850a16d91d5500c18274b7a19852dacf7c4164f78d820b,37915182,807,2025-11-08,,,1456,1460,-6116811861088,,,,1
modify,0x1fe14350e72ed606c8850a16d91d5500c18274b7a19852dacf7c4164f78d820b,37915384,240,2025-11-08,,,1459,1461,9581694737324,,,,1
modify,0x1fe14350e72ed606c8850a16d91d5500c18274b7a19852dacf7c4164f78d820b,37920392,345,2025-11-08,,,1459,1461,-9581694737324,,,,1
modify,0x1fe14350e72ed606c8850a16d91d5500c18274b7a19852dacf7c4164f78d820b,37920518,273,2025-11-08,,,1456,1460,5251400582708,,,,1
modify,0x1fe14350e72ed606c8850a16d91d5500c18274b7a19852dacf7c4164f78d820b,37922200,1182,2025-11-08,,,1458,1462,22011723211616,,,,1
modify,0x1fe14350e72ed606c8850a16d91d5500c18274b7a19852dacf7c4164f78d820b,37922651,1576,2025-11-08,,,1456,1460,-5251400582708,,,,1
modify,0x1fe14350e72ed606c8850a16d91d5500c18274b7a19852dacf7c4164f78d820b,37922795,290,2025-11-08,,,1458,1460,10320322713671,,,,1
modify,0x1fe14350e72ed606c8850a16d91d5500c18274b7a19852dacf7c4164f78d820b,37934395,345,2025-11-08,,,1453,1465,-2213878751394,,,,1
modify,0x1fe14350e72ed606c8850a16d91d5500c18274b7a19852dacf7c4164f78d820b,37935467,164,2025-11-08,,,1458,1460,-10320322713671,,,,1
modify,0x1fe14350e72ed606c8850a16d91d5500c18274b7a19852dacf7c4164f78d820b,37935648,458,2025-11-08,,,1456,1458,9641030243788,,,,1
price,0x1fe14350e72ed606c8850a16d91d5500c18274b7a19852dacf7c4164f78d820b,37939324,126,2025-11-08,,,,,,85225722999296079965993061099,1459,52962731481288,2303
modify,0x1fe14350e72ed606c8850a16d91d5500c18274b7a19852dacf7c4164f78d820b,37940489,1210,2025-11-09,,,1456,1458,-9641030243788,,,,1
modify,0x1fe14350e72ed606c8850a16d91d5500c18274b7a19852dacf7c4164f78d820b,37945317,241,2025-11-09,,,1459,1461,11700845603621,,,,1
modify,0x1fe14350e72ed606c8850a16d91d5500c18274b7a19852dacf7c4164f78d820b,37948593,582,2025-11-09,,,1459,1461,-11700845603621,,,,1
modify,0x1fe14350e72ed606c8850a16d91d5500c18274b7a19852dacf7c4164f78d820b,37948723,499,2025-11-09,,,1458,1460,7857606336398,,,,1
modify,0x1fe14350e72ed606c8850a16d91d5500c18274b7a19852dacf7c4164f78d820b,37948941,164,2025-11-09,,,1458,1460,938734025338,,,,1
modify,0x1fe14350e72ed606c8850a16d91d5500c18274b7a19852dacf7c4164f78d820b,37948989,484,2025-11-09,,,1458,1460,1187268397591,,,,1
modify,0x1fe14350e72ed606c8850a16d91d5500c18274b7a19852dacf7c4164f78d820b,37949970,335,2025-11-09,,,1458,1460,-9983608759327,,,,1
modify,0x1fe14350e72ed606c8850a16d91d5500c18274b7a19852dacf7c4164f78d820b,37950372,546,2025-11-09,,,1460,1462,9988036558504,,,,1
modify,0x1fe14350e72ed606c8850a16d91d5500c18274b7a19852dacf7c4164f78d820b,37955816,34,2025-11-09,,,1450,1470,136073071779,,,,1
modify,0x1fe14350e72ed606c8850a16d91d5500c18274b7a19852dacf7c4164f78d820b,37955890,66,2025-11-09,,,1450,1470,43158125642,,,,1
modify,0x1fe14350e72ed606c8850a16d91d5500c18274b7a19852dacf7c4164f78d820b,37957001,926,2025-11-09,,,1460,1462,-9988036558504,,,,1
modify,0x1fe14350e72ed606c8850a16d91d5500c18274b7a19852dacf7c4164f78d820b,37958537,404,2025-11-09,,,1458,1462,-22011723211616,,,,1
modify,0x1fe14350e72ed606c8850a16d91d5500c18274b7a19852dacf7c4164f78d820b,37958614,476,2025-11-09,,,1455,1462,24370769067703,,,,1
modify,0x1fe14350e72ed606c8850a16d91d5500c18274b7a19852dacf7c4164f78d820b,37963844,11,2025-11-09,,,1437,1470,-29059525954048,,,,1
modify,0x1fe14350e72ed606c8850a16d91d5500c18274b7a19852dacf7c4164f78d820b,37972636,346,2025-11-09,,,1448,1450,4406145057033,,,,1
modify,0x1fe14350e72ed606c8850a16d91d5500c18274b7a19852dacf7c4164f78d820b,37974297,677,2025-11-09,,,1448,1450,-4406145057033,,,,1
modify,0x1fe14350e72ed606c8850a16d91d5500c18274b7a19852dacf7c4164f78d820b,37974439,763,2025-11-09,,,1449,1457,1123931670166,,,,1
modify,0x1fe14350e72ed606c8850a16d91d5500c18274b7a19852dacf7c4164f78d820b,37979016,228,2025-11-09,,,1455,1462,-24370769067703,,,,1
modify,0x1fe14350e72ed606c8850a16d91d5500c18274b7a19852dacf7c4164f78d820b,37979054,1607,2025-11-09,,,1451,1462,19709737522125,,,,1
price,0x1fe14350e72ed606c8850a16d91d5500c18274b7a19852dacf7c4164f78d820b,37982497,372,2025-11-09,,,,,,85228314136665762593174399600,1460,21780451035170,1912
modify,0x1fe14350e72ed606c8850a16d91d5500c18274b7a19852dacf7c4164f78d820b,37984675,366,2025-11-10,,,1388,1490,133234742219,,,,1
modify,0x1fe14350e72ed606c8850a16d91d5500c18274b7a19852dacf7c4164f78d820b,37984749,607,2025-11-10,,,1388,1490,6444964783,,,,1
modify,0x1fe14350e72ed606c8850a16d91d5500c18274b7a19852dacf7c4164f78d820b,37989000,756,2025-11-10,,,1397,1655,7913710,,,,1
modify,0x1fe14350e72ed606c8850a16d91d5500c18274b7a19852dacf7c4164f78d820b,37989126,572,2025-11-10,,,1397,1655,61533945,,,,1
modify,0x1fe14350e72ed606c8850a16d91d5500c18274b7a19852dacf7c4164f78d820b,37989251,543,2025-11-10,,,1223,1655,655737710,,,,1
modify,0x1fe14350e72ed606c8850a16d91d5500c18274b7a19852dacf7c4164f78d820b,37991682,194,2025-11-10,,,1446,1455,22142926614,,,,1
modify,0x1fe14350e72ed606c8850a16d91d5500c18274b7a19852dacf7c4164f78d820b,37991732,979,2025-11-10,,,1449,1457,1557918653064,,,,1
modify,0x1fe14350e72ed606c8850a16d91d5500c18274b7a19852dacf7c4164f78d820b,37991782,415,2025-11-10,,,1446,1455,797761228587,,,,1
modify,0x1fe14350e72ed606c8850a16d91d5500c18274b7a19852dacf7c4164f78d820b,37991812,516,2025-11-10,,,1449,1457,-2681850323230,,,,1
modify,0x1fe14350e72ed606c8850a16d91d5500c18274b7a19852dacf7c4164f78d820b,37991869,353,2025-11-10,,,1446,1455,-819904155201,,,,1
modify,0x1fe14350e72ed606c8850a16d91d5500c18274b7a19852dacf7c4164f78d820b,37991949,295,2025-11-10,,,1434,1454,1057282741660,,,,1
modify,0x1fe14350e72ed606c8850a16d91d5500c18274b7a19852dacf7c4164f78d820b,37993971,444,2025-11-10,,,1434,1454,-1057282741660,,,,1
modify,0x1fe14350e72ed606c8850a16d91d5500c18274b7a19852dacf7c4164f78d820b,37994063,1084,2025-11-10,,,1455,1459,6979491925794,,,,1
modify,0x1fe14350e72ed606c8850a16d91d5500c18274b7a19852dacf7c4164f78d820b,37996095,1017,2025-11-10,,,1455,1459,-6979491925794,,,,1
modify,0x1fe14350e72ed606c8850a16d91d5500c18274b7a19852dacf7c4164f78d820b,37996153,1143,2025-11-10,,,1461,1467,4887608815747,,,,1
modify,0x1fe14350e72ed606c8850a16d91d5500c18274b7a19852dacf7c4164f78d820b,37997321,489,2025-11-10,,,1461,1467,-4887608815747,,,,1
modify,0x1fe14350e72ed606c8850a16d91d5500c18274b7a19852dacf7c4164f78d820b,37997388,711,2025-11-10,,,1453,1457,6543595070464,,,,1
modify,0x1fe14350e72ed606c8850a16d91d5500c18274b7a19852dacf7c4164f78d820b,38001311,442,2025-11-10,,,1453,1457,-6543595070464,,,,1
modify,0x1fe14350e72ed606c8850a16d91d5500c18274b7a19852dacf7c4164f78d820b,38001355,483,2025-11-10,,,1434,1454,1236192484863,,,,1
modify,0x1fe14350e72ed606c8850a16d91d5500c18274b7a19852dacf7c4164f78d820b,38002336,1431,2025-11-10,,,1451,1462,-19709737522125,,,,1
modify,0x1fe14350e72ed606c8850a16d91d5500c18274b7a19852dacf7c4164f78d820b,38002432,154,2025-11-10,,,1433,1446,15170280160513,,,,1
modify,0x1fe14350e72ed606c8850a16d91d5500c18274b7a19852dacf7c4164f78d820b,38002789,1823,2025-11-10,,,1434,1454,-1236192484863,,,,1
modify,0x1fe14350e72ed606c8850a16d91d5500c18274b7a19852dacf7c4164f78d820b,38003295,279,2025-11-10,,,1435,1445,2463884527704,,,,1
modify,0x1fe14350e72ed606c8850a16d91d5500c18274b7a19852dacf7c4164f78d820b,38009620,520,2025-11-10,,,1433,1446,-15170280160513,,,,1
modify,0x1fe14350e72ed606c8850a16d91d5500c18274b7a19852dacf7c4164f78d820b,38009661,838,2025-11-10,,,1443,1463,11240670569041,,,,1
modify,0x1fe14350e72ed606c8850a16d91d5500c18274b7a19852dacf7c4164f78d820b,38010400,125,2025-11-10,,,1418,1479,111293845074,,,,1
modify,0x1fe14350e72ed606c8850a16d91d5500c18274b7a19852dacf7c4164f78d820b,38013327,649,2025-11-10,,,1435,1445,-2463884527704,,,,1
modify,0x1fe14350e72ed606c8850a16d91d5500c18274b7a19852dacf7c4164f78d820b,38013453,424,2025-11-10,,,1449,1455,3512248056272,,,,1
modify,0x1fe14350e72ed606c8850a16d91d5500c18274b7a19852dacf7c4164f78d820b,38017435,880,2025-11-10,,,1449,1455,-3512248056272,,,,1
modify,0x1fe14350e72ed606c8850a16d91d5500c18274b7a19852dacf7c4164f78d820b,38017532,573,2025-11-10,,,1444,1452,3121611980257,,,,1
modify,0x1fe14350e72ed606c8850a16d91d5500c18274b7a19852dacf7c4164f78d820b,38019092,939,2025-11-10,,,1444,1452,-3121611980257,,,,1
modify,0x1fe14350e72ed606c8850a16d91d5500c18274b7a19852dacf7c4164f78d820b,38019170,280,2025-11-10,,,1446,1458,2178117195132,,,,1
price,0x1fe14350e72ed606c8850a16d91d5500c18274b7a19852dacf7c4164f78d820b,38025718,378,2025-11-10,,,,,,85211784829078995590253916606,1456,15741200014659,2266
modify,0x1fe14350e72ed606c8850a16d91d5500c18274b7a19852dacf7c4164f78d820b,38027002,903,2025-11-11,,,1388,1490,0,,,,1
modify,0x1fe14350e72ed606c8850a16d91d5500c18274b7a19852dacf7c4164f78d820b,38027072,103,2025-11-11,,,1388,1490,-139679707002,,,,1
modify,0x1fe14350e72ed606c8850a16d91d5500c18274b7a19852dacf7c4164f78d820b,38034880,400,2025-11-11,,,1446,1458,-2178117195132,,,,1
modify,0x1fe14350e72ed606c8850a16d91d5500c18274b7a19852dacf7c4164f78d820b,38034997,467,2025-11-11,,,1460,1470,2526008003315,,,,1
modify,0x1fe14350e72ed606c8850a16d91d5500c18274b7a19852dacf7c4164f78d820b,38038355,981,2025-11-11,,,1460,1470,-2526008003315,,,,1
modify,0x1fe14350e72ed606c8850a16d91d5500c18274b7a19852dacf7c4164f78d820b,38038423,408,2025-11-11,,,1457,1469,2002411576125,,,,1
modify,0x1fe14350e72ed606c8850a16d91d5500c18274b7a19852dacf7c4164f78d820b,38040977,454,2025-11-11,,,1457,1469,-2002411576125,,,,1
modify,0x1fe14350e72ed606c8850a16d91d5500c18274b7a19852dacf7c4164f78d820b,38041524,529,2025-11-11,,,1474,1494,1253288611699,,,,1
modify,0x1fe14350e72ed606c8850a16d91d5500c18274b7a19852dacf7c4164f78d820b,38046717,1252,2025-11-11,,,1443,1463,-11240670569041,,,,1
modify,0x1fe14350e72ed606c8850a16d91d5500c18274b7a19852dacf7c4164f78d820b,38046769,239,2025-11-11,,,1474,1487,16996553953711,,,,1
modify,0x1fe14350e72ed606c8850a16d91d5500c18274b7a19852dacf7c4164f78d820b,38049177,923,2025-11-11,,,1450,1470,-179231197421,,,,1
modify,0x1fe14350e72ed606c8850a16d91d5500c18274b7a19852dacf7c4164f78d820b,38049341,989,2025-11-11,,,1433,1533,34733600447,,,,1
modify,0x1fe14350e72ed606c8850a16d91d5500c18274b7a19852dacf7c4164f78d820b,38050736,22,2025-11-11,,,1457,1504,137441864270,,,,1
modify,0x1fe14350e72ed606c8850a16d91d5500c18274b7a19852dacf7c4164f78d820b,38055351,305,2025-11-11,,,1474,1494,-1253288611699,,,,1
modify,0x1fe14350e72ed606c8850a16d91d5500c18274b7a19852dacf7c4164f78d820b,38055462,706,2025-11-11,,,1468,1476,3127378195546,,,,1
modify,0x1fe14350e72ed606c8850a16d91d5500c18274b7a19852dacf7c4164f78d820b,38060800,253,2025-11-11,,,1468,1476,-3127378195546,,,,1
modify,0x1fe14350e72ed606c8850a16d91d5500c18274b7a19852dacf7c4164f78d820b,38060970,411,2025-11-11,,,1454,1474,1354395700795,,,,1
modify,0x1fe14350e72ed606c8850a16d91d5500c18274b7a19852dacf7c4164f78d820b,38063650,1172,2025-11-11,,,1474,1487,-16996553953711,,,,1
modify,0x1fe14350e72ed606c8850a16d91d5500c18274b7a19852dacf7c4164f78d820b,38063784,899,2025-11-11,,,1462,1474,16172180675592,,,,1
modify,0x1fe14350e72ed606c8850a16d91d5500c18274b7a19852dacf7c4164f78d820b,38066500,203,2025-11-11,,,1454,1474,-1354395700795,,,,1
modify,0x1fe14350e72ed606c8850a16d91d5500c18274b7a19852dacf7c4164f78d820b,38066539,1250,2025-11-11,,,1457,1467,2028905584385,,,,1
price,0x1fe14350e72ed606c8850a16d91d5500c18274b7a19852dacf7c4164f78d820b,38068727,305,2025-11-11,,,,,,85241648650161637318692942398,1463,20376763070757,1794
modify,0x1fe14350e72ed606c8850a16d91d5500c18274b7a19852dacf7c4164f78d820b,38071869,779,2025-11-12,,,1457,1467,-2028905584385,,,,1
modify,0x1fe14350e72ed606c8850a16d91d5500c18274b7a19852dacf7c4164f78d820b,38072222,150,2025-11-12,,,1465,1473,3772830054946,,,,1
modify,0x1fe14350e72ed606c8850a16d91d5500c18274b7a19852dacf7c4164f78d820b,38072937,81,2025-11-12,,,1418,1479,-27823461268,,,,1
modify,0x1fe14350e72ed606c8850a16d91d5500c18274b7a19852dacf7c4164f78d820b,38076953,139,2025-11-12,,,1465,1473,-3772830054946,,,,1
modify,0x1fe14350e72ed606c8850a16d91d5500c18274b7a19852dacf7c4164f78d820b,38077320,565,2025-11-12,,,1426,1486,28258540912,,,,1
modify,0x1fe14350e72ed606c8850a16d91d5500c18274b7a19852dacf7c4164f78d820b,38079635,1104,2025-11-12,,,1448,1468,1271033892939,,,,1
modify,0x1fe14350e72ed606c8850a16d91d5500c18274b7a19852dacf7c4164f78d820b,38084357,661,2025-11-12,,,1462,1474,-16172180675592,,,,1
modify,0x1fe14350e72ed606c8850a16d91d5500c18274b7a19852dacf7c4164f78d820b,38084558,560,2025-11-12,,,1456,1474,10840298137537,,,,1
modify,0x1fe14350e72ed606c8850a16d91d5500c18274b7a19852dacf7c4164f78d820b,38086291,782,2025-11-12,,,1448,1468,-1271033892939,,,,1
modify,0x1fe14350e72ed606c8850a16d91d5500c18274b7a19852dacf7c4164f78d820b,38089088,376,2025-11-12,,,1456,1474,-10840298137537,,,,1
modify,0x1fe14350e72ed606c8850a16d91d5500c18274b7a19852dacf7c4164f78d820b,38089164,813,2025-11-12,,,1467,1487,11047269397230,,,,1
modify,0x1fe14350e72ed606c8850a16d91d5500c18274b7a19852dacf7c4164f78d820b,38090897,513,2025-11-12,,,1457,1504,317744285698,,,,1
modify,0x1fe14350e72ed606c8850a16d91d5500c18274b7a19852dacf7c4164f78d820b,38097748,224,2025-11-12,,,1468,1478,2707860534132,,,,1
modify,0x1fe14350e72ed606c8850a16d91d5500c18274b7a19852dacf7c4164f78d820b,38103098,558,2025-11-12,,,1468,1478,-2707860534132,,,,1
modify,0x1fe14350e72ed606c8850a16d91d5500c18274b7a19852dacf7c4164f78d820b,38105222,281,2025-11-12,,,1465,1482,1486299249036,,,,1
modify,0x1fe14350e72ed606c8850a16d91d5500c18274b7a19852dacf7c4164f78d820b,38106225,255,2025-11-12,,,1465,1482,-1486299249036,,,,1
modify,0x1fe14350e72ed606c8850a16d91d5500c18274b7a19852dacf7c4164f78d820b,38106481,247,2025-11-12,,,1466,1478,2376160238193,,,,1
price,0x1fe14350e72ed606c8850a16d91d5500c18274b7a19852dacf7c4164f78d820b,38112119,112,2025-11-12,,,,,,85259667888660019367736782403,1467,15917285811545,1401
modify,0x1fe14350e72ed606c8850a16d91d5500c18274b7a19852dacf7c4164f78d820b,38115215,1153,2025-11-13,,,1466,1478,-2376160238193,,,,1
modify,0x1fe14350e72ed606c8850a16d91d5500c18274b7a19852dacf7c4164f78d820b,38116242,577,2025-11-13,,,1426,1486,-28258540912,,,,1
modify,0x1fe14350e72ed606c8850a16d91d5500c18274b7a19852dacf7c4164f78d820b,38116423,845,2025-11-13,,,1445,1545,15287010100,,,,1
modify,0x1fe14350e72ed606c8850a16d91d5500c18274b7a19852dacf7c4164f78d820b,38116453,369,2025-11-13,,,1445,1545,-15287010100,,,,1
modify,0x1fe14350e72ed606c8850a16d91d5500c18274b7a19852dacf7c4164f78d820b,38116506,212,2025-11-13,,,1447,1547,15901940937,,,,1
modify,0x1fe14350e72ed606c8850a16d91d5500c18274b7a19852dacf7c4164f78d820b,38117020,733,2025-11-13,,,1409,1536,1060105798902,,,,1
modify,0x1fe14350e72ed606c8850a16d91d5500c18274b7a19852dacf7c4164f78d820b,38117066,1179,2025-11-13,,,1476,1512,671938266274,,,,1
modify,0x1fe14350e72ed606c8850a16d91d5500c18274b7a19852dacf7c4164f78d820b,38117935,947,2025-11-13,,,1467,1487,-11047269397230,,,,1
modify,0x1fe14350e72ed606c8850a16d91d5500c18274b7a19852dacf7c4164f78d820b,38120908,1376,2025-11-13,,,1457,1504,306921843445,,,,1
modify,0x1fe14350e72ed606c8850a16d91d5500c18274b7a19852dacf7c4164f78d820b,38124324,1365,2025-11-13,,,1447,1547,18450891439,,,,1
modify,0x1fe14350e72ed606c8850a16d91d5500c18274b7a19852dacf7c4164f78d820b,38125154,264,2025-11-13,,,1409,1536,-1060105798902,,,,1
modify,0x1fe14350e72ed606c8850a16d91d5500c18274b7a19852dacf7c4164f78d820b,38127574,160,2025-11-13,,,1418,1479,-83470383806,,,,1
modify,0x1fe14350e72ed606c8850a16d91d5500c18274b7a19852dacf7c4164f78d820b,38129680,856,2025-11-13,,,1447,1547,12071875412,,,,1
modify,0x1fe14350e72ed606c8850a16d91d5500c18274b7a19852dacf7c4164f78d820b,38130851,567,2025-11-13,,,1457,1504,-762107993413,,,,1
modify,0x1fe14350e72ed606c8850a16d91d5500c18274b7a19852dacf7c4164f78d820b,38131334,1781,2025-11-13,,,1476,1512,-671938266274,,,,1
modify,0x1fe14350e72ed606c8850a16d91d5500c18274b7a19852dacf7c4164f78d820b,38132986,764,2025-11-13,,,1490,1566,310588199711,,,,1
modify,0x1fe14350e72ed606c8850a16d91d5500c18274b7a19852dacf7c4164f78d820b,38135366,810,2025-11-13,,,1511,1525,16069113695502,,,,1
modify,0x1fe14350e72ed606c8850a16d91d5500c18274b7a19852dacf7c4164f78d820b,38140735,271,2025-11-13,,,1490,1566,-310588199711,,,,1
modify,0x1fe14350e72ed606c8850a16d91d5500c18274b7a19852dacf7c4164f78d820b,38149473,371,2025-11-13,,,1508,1515,3532132883684,,,,1
modify,0x1fe14350e72ed606c8850a16d91d5500c18274b7a19852dacf7c4164f78d820b,38150923,201,2025-11-13,,,1508,1515,-3532132883684,,,,1
modify,0x1fe14350e72ed606c8850a16d91d5500c18274b7a19852dacf7c4164f78d820b,38151248,1189,2025-11-13,,,1513,1520,4413349916168,,,,1
modify,0x1fe14350e72ed606c8850a16d91d5500c18274b7a19852dacf7c4164f78d820b,38153446,269,2025-11-13,,,1513,1520,-4413349916168,,,,1
modify,0x1fe14350e72ed606c8850a16d91d5500c18274b7a19852dacf7c4164f78d820b,38153481,567,2025-11-13,,,1512,1518,3578817834638,,,,1
price,0x1fe14350e72ed606c8850a16d91d5500c18274b7a19852dacf7c4164f78d820b,38155326,106,2025-11-13,,,,,,85485349710275303619396927131,1520,18002924810809,1512
modify,0x1fe14350e72ed606c8850a16d91d5500c18274b7a19852dacf7c4164f78d820b,38157626,1562,2025-11-14,,,1512,1518,-3578817834638,,,,1
modify,0x1fe14350e72ed606c8850a16d91d5500c18274b7a19852dacf7c4164f78d820b,38157883,773,2025-11-14,,,1513,1521,2914489041980,,,,1
modify,0x1fe14350e72ed606c8850a16d91d5500c18274b7a19852dacf7c4164f78d820b,38158804,261,2025-11-14,,,1511,1525,-16069113695502,,,,1
modify,0x1fe14350e72ed606c8850a16d91d5500c18274b7a19852dacf7c4164f78d820b,38160961,530,2025-11-14,,,1513,1521,-2914489041980,,,,1
modify,0x1fe14350e72ed606c8850a16d91d5500c18274b7a19852dacf7c4164f78d820b,38161083,554,2025-11-14,,,1500,1520,1186008335272,,,,1
modify,0x1fe14350e72ed606c8850a16d91d5500c18274b7a19852dacf7c4164f78d820b,38163789,11,2025-11-14,,,1396,1591,423925174651,,,,1
modify,0x1fe14350e72ed606c8850a16d91d5500c18274b7a19852dacf7c4164f78d820b,38164012,825,2025-11-14,,,1500,1520,-1186008335272,,,,1
modify,0x1fe14350e72ed606c8850a16d91d5500c18274b7a19852dacf7c4164f78d820b,38164042,1302,2025-11-14,,,1489,1509,1144403185462,,,,1
modify,0x1fe14350e72ed606c8850a16d91d5500c18274b7a19852dacf7c4164f78d820b,38167824,329,2025-11-14,,,1489,1509,-1144403185462,,,,1
modify,0x1fe14350e72ed606c8850a16d91d5500c18274b7a19852dacf7c4164f78d820b,38169144,319,2025-11-14,,,1517,1537,1161629063692,,,,1
modify,0x1fe14350e72ed606c8850a16d91d5500c18274b7a19852dacf7c4164f78d820b,38170084,741,2025-11-14,,,1517,1537,-1161629063692,,,,1
modify,0x1fe14350e72ed606c8850a16d91d5500c18274b7a19852dacf7c4164f78d820b,38170143,190,2025-11-14,,,1492,1532,589159316644,,,,1
modify,0x1fe14350e72ed606c8850a16d91d5500c18274b7a19852dacf7c4164f78d820b,38170753,206,2025-11-14,,,1530,1537,32156526690150,,,,1
modify,0x1fe14350e72ed606c8850a16d91d5500c18274b7a19852dacf7c4164f78d820b,38172237,367,2025-11-14,,,1530,1537,-32156526690150,,,,1
modify,0x1fe14350e72ed606c8850a16d91d5500c18274b7a19852dacf7c4164f78d820b,38173251,270,2025-11-14,,,1492,1532,-589159316644,,,,1
modify,0x1fe14350e72ed606c8850a16d91d5500c18274b7a19852dacf7c4164f78d820b,38173285,229,2025-11-14,,,1471,1513,504188373821,,,,1
modify,0x1fe14350e72ed606c8850a16d91d5500c18274b7a19852dacf7c4164f78d820b,38176183,837,2025-11-14,,,1484,1504,4914293433006,,,,1
modify,0x1fe14350e72ed606c8850a16d91d5500c18274b7a19852dacf7c4164f78d820b,38177615,929,2025-11-14,,,1471,1513,-504188373821,,,,1
modify,0x1fe14350e72ed606c8850a16d91d5500c18274b7a19852dacf7c4164f78d820b,38177764,211,2025-11-14,,,1489,1504,1294137527610,,,,1
modify,0x1fe14350e72ed606c8850a16d91d5500c18274b7a19852dacf7c4164f78d820b,38183985,847,2025-11-14,,,1223,1655,142700476,,,,1
modify,0x1fe14350e72ed606c8850a16d91d5500c18274b7a19852dacf7c4164f78d820b,38193867,119,2025-11-14,,,1503,1505,124246586242943,,,,1
modify,0x1fe14350e72ed606c8850a16d91d5500c18274b7a19852dacf7c4164f78d820b,38195204,383,2025-11-14,,,1484,1504,-3685720074754,,,,1
modify,0x1fe14350e72ed606c8850a16d91d5500c18274b7a19852dacf7c4164f78d820b,38195283,1238,2025-11-14,,,1484,1504,1887884150685,,,,1
modify,0x1fe14350e72ed606c8850a16d91d5500c18274b7a19852dacf7c4164f78d820b,38195496,234,2025-11-14,,,1484,1504,-3116457508937,,,,1
price,0x1fe14350e72ed606c8850a16d91d5500c18274b7a19852dacf7c4164f78d820b,38198522,936,2025-11-14,,,,,,85414587470476889328983636458,1503,127938157454904,1351
modify,0x1fe14350e72ed606c8850a16d91d5500c18274b7a19852dacf7c4164f78d820b,38205315,655,2025-11-15,,,1503,1505,-124246586242943,,,,1
modify,0x1fe14350e72ed606c8850a16d91d5500c18274b7a19852dacf7c4164f78d820b,38205341,207,2025-11-15,,,1498,1500,124223794181267,,,,1
modify,0x1fe14350e72ed606c8850a16d91d5500c18274b7a19852dacf7c4164f78d820b,38206806,126,2025-11-15,,,1489,1504,-1294137527610,,,,1
modify,0x1fe14350e72ed606c8850a16d91d5500c18274b7a19852dacf7c4164f78d820b,38221256,2091,2025-11-15,,,1497,1500,5386439844621,,,,1
modify,0x1fe14350e72ed606c8850a16d91d5500c18274b7a19852dacf7c4164f78d820b,38233303,1001,2025-11-15,,,1489,1502,2302835029135,,,,1
modify,0x1fe14350e72ed606c8850a16d91d5500c18274b7a19852dacf7c4164f78d820b,38235379,573,2025-11-15,,,1498,1500,-124223794181267,,,,1
modify,0x1fe14350e72ed606c8850a16d91d5500c18274b7a19852dacf7c4164f78d820b,38235407,901,2025-11-15,,,1497,1499,124243507700042,,,,1
modify,0x1fe14350e72ed606c8850a16d91d5500c18274b7a19852dacf7c4164f78d820b,38240588,766,2025-11-15,,,1497,1499,-124243507700042,,,,1
price,0x1fe14350e72ed606c8850a16d91d5500c18274b7a19852dacf7c4164f78d820b,38241708,35,2025-11-15,,,,,,85399813900752908032399966706,1500,4700268713486,1423
modify,0x1fe14350e72ed606c8850a16d91d5500c18274b7a19852dacf7c4164f78d820b,38252344,321,2025-11-16,,,1497,1499,124265235976033,,,,1
modify,0x1fe14350e72ed606c8850a16d91d5500c18274b7a19852dacf7c4164f78d820b,38254513,599,2025-11-16,,,1497,1499,-124265235976033,,,,1
modify,0x1fe14350e72ed606c8850a16d91d5500c18274b7a19852dacf7c4164f78d820b,38254705,1154,2025-11-16,,,1489,1504,18188425601729,,,,1
modify,0x1fe14350e72ed606c8850a16d91d5500c18274b7a19852dacf7c4164f78d820b,38258374,612,2025-11-16,,,1489,1502,-2302835029135,,,,1
modify,0x1fe14350e72ed606c8850a16d91d5500c18274b7a19852dacf7c4164f78d820b,38259026,440,2025-11-16,,,1496,1504,1206566800306,,,,1
modify,0x1fe14350e72ed606c8850a16d91d5500c18274b7a19852dacf7c4164f78d820b,38260737,107,2025-11-16,,,1496,1504,-1206566800306,,,,1
modify,0x1fe14350e72ed606c8850a16d91d5500c18274b7a19852dacf7c4164f78d820b,38260905,147,2025-11-16,,,1489,1504,-18188425601729,,,,1
modify,0x1fe14350e72ed606c8850a16d91d5500c18274b7a19852dacf7c4164f78d820b,38266824,424,2025-11-16,,,1507,1527,1975701897970,,,,1
modify,0x1fe14350e72ed606c8850a16d91d5500c18274b7a19852dacf7c4164f78d820b,38270192,723,2025-11-16,,,1433,1533,-34733600447,,,,1
modify,0x1fe14350e72ed606c8850a16d91d5500c18274b7a19852dacf7c4164f78d820b,38276925,431,2025-11-16,,,1498,1518,1111784878760,,,,1
modify,0x1fe14350e72ed606c8850a16d91d5500c18274b7a19852dacf7c4164f78d820b,38280719,1334,2025-11-16,,,1507,1527,-1975701897970,,,,1
modify,0x1fe14350e72ed606c8850a16d91d5500c18274b7a19852dacf7c4164f78d820b,38280768,752,2025-11-16,,,1492,1502,13631558917682,,,,1
modify,0x1fe14350e72ed606c8850a16d91d5500c18274b7a19852dacf7c4164f78d820b,38281834,220,2025-11-16,,,1498,1518,-1111784878760,,,,1
modify,0x1fe14350e72ed606c8850a16d91d5500c18274b7a19852dacf7c4164f78d820b,38281902,210,2025-11-16,,,1496,1502,3215272189110,,,,1
modify,0x1fe14350e72ed606c8850a16d91d5500c18274b7a19852dacf7c4164f78d820b,38283698,476,2025-11-16,,,1497,1499,124280295662651,,,,1
modify,0x1fe14350e72ed606c8850a16d91d5500c18274b7a19852dacf7c4164f78d820b,38283734,563,2025-11-16,,,1497,1499,-124280295662651,,,,1
price,0x1fe14350e72ed606c8850a16d91d5500c18274b7a19852dacf7c4164f78d820b,38284855,175,2025-11-16,,,,,,85390559647174112490448637496,1498,24595971035317,1379
modify,0x1fe14350e72ed606c8850a16d91d5500c18274b7a19852dacf7c4164f78d820b,38285173,241,2025-11-17,,,1496,1502,-3215272189110,,,,1
modify,0x1fe14350e72ed606c8850a16d91d5500c18274b7a19852dacf7c4164f78d820b,38285233,841,2025-11-17,,,1492,1502,1881590874939,,,,1
modify,0x1fe14350e72ed606c8850a16d91d5500c18274b7a19852dacf7c4164f78d820b,38292011,1147,2025-11-17,,,1487,1495,5786392793343,,,,1
modify,0x1fe14350e72ed606c8850a16d91d5500c18274b7a19852dacf7c4164f78d820b,38292076,1146,2025-11-17,,,1492,1502,-1881590874939,,,,1
modify,0x1fe14350e72ed606c8850a16d91d5500c18274b7a19852dacf7c4164f78d820b,38292201,1838,2025-11-17,,,1484,1500,1168308683949,,,,1
modify,0x1fe14350e72ed606c8850a16d91d5500c18274b7a19852dacf7c4164f78d820b,38292213,1477,2025-11-17,,,1492,1502,-13631558917682,,,,1
modify,0x1fe14350e72ed606c8850a16d91d5500c18274b7a19852dacf7c4164f78d820b,38292556,480,2025-11-17,,,1484,1500,4051065819875,,,,1
modify,0x1fe14350e72ed606c8850a16d91d5500c18274b7a19852dacf7c4164f78d820b,38293273,172,2025-11-17,,,1487,1495,-5786392793343,,,,1
modify,0x1fe14350e72ed606c8850a16d91d5500c18274b7a19852dacf7c4164f78d820b,38293340,1180,2025-11-17,,,1490,1500,4926995227387,,,,1
modify,0x1fe14350e72ed606c8850a16d91d5500c18274b7a19852dacf7c4164f78d820b,38296530,318,2025-11-17,,,1462,1536,125500441143,,,,1
modify,0x1fe14350e72ed606c8850a16d91d5500c18274b7a19852dacf7c4164f78d820b,38297085,137,2025-11-17,,,1472,1521,514297410048,,,,1
modify,0x1fe14350e72ed606c8850a16d91d5500c18274b7a19852dacf7c4164f78d820b,38297307,882,2025-11-17,,,1472,1521,15762964963,,,,1
modify,0x1fe14350e72ed606c8850a16d91d5500c18274b7a19852dacf7c4164f78d820b,38298424,1109,2025-11-17,,,1484,1500,-1168308683949,,,,1
modify,0x1fe14350e72ed606c8850a16d91d5500c18274b7a19852dacf7c4164f78d820b,38298472,664,2025-11-17,,,1462,1502,470975742092,,,,1
modify,0x1fe14350e72ed606c8850a16d91d5500c18274b7a19852dacf7c4164f78d820b,38300361,910,2025-11-17,,,1466,1498,413868227261,,,,1
modify,0x1fe14350e72ed606c8850a16d91d5500c18274b7a19852dacf7c4164f78d820b,38300903,186,2025-11-17,,,1484,1500,-4051065819875,,,,1
modify,0x1fe14350e72ed606c8850a16d91d5500c18274b7a19852dacf7c4164f78d820b,38300931,1943,2025-11-17,,,1490,1500,-4926995227387,,,,1
modify,0x1fe14350e72ed606c8850a16d91d5500c18274b7a19852dacf7c4164f78d820b,38301166,911,2025-11-17,,,1469,1486,6293551164859,,,,1
modify,0x1fe14350e72ed606c8850a16d91d5500c18274b7a19852dacf7c4164f78d820b,38301706,356,2025-11-17,,,1470,1482,8321091356292,,,,1
modify,0x1fe14350e72ed606c8850a16d91d5500c18274b7a19852dacf7c4164f78d820b,38302926,1731,2025-11-17,,,1462,1536,125295078753,,,,1
modify,0x1fe14350e72ed606c8850a16d91d5500c18274b7a19852dacf7c4164f78d820b,38306946,433,2025-11-17,,,1345,1508,19095108651,,,,1
modify,0x1fe14350e72ed606c8850a16d91d5500c18274b7a19852dacf7c4164f78d820b,38312607,899,2025-11-17,,,1462,1502,-470975742092,,,,1
modify,0x1fe14350e72ed606c8850a16d91d5500c18274b7a19852dacf7c4164f78d820b,38312615,1453,2025-11-17,,,1466,1498,-413868227261,,,,1
modify,0x1fe14350e72ed606c8850a16d91d5500c18274b7a19852dacf7c4164f78d820b,38312668,714,2025-11-17,,,1478,1490,2488214687284,,,,1
modify,0x1fe14350e72ed606c8850a16d91d5500c18274b7a19852dacf7c4164f78d820b,38313020,986,2025-11-17,,,1447,1547,-46424707788,,,,1
modify,0x1fe14350e72ed606c8850a16d91d5500c18274b7a19852dacf7c4164f78d820b,38313679,266,2025-11-17,,,1397,1655,20472471,,,,1
modify,0x1fe14350e72ed606c8850a16d91d5500c18274b7a19852dacf7c4164f78d820b,38317231,1234,2025-11-17,,,1478,1490,-2488214687284,,,,1
modify,0x1fe14350e72ed606c8850a16d91d5500c18274b7a19852dacf7c4164f78d820b,38317290,154,2025-11-17,,,1473,1509,862014652980,,,,1
modify,0x1fe14350e72ed606c8850a16d91d5500c18274b7a19852dacf7c4164f78d820b,38325152,607,2025-11-17,,,1470,1482,-8321091356292,,,,1
modify,0x1fe14350e72ed606c8850a16d91d5500c18274b7a19852dacf7c4164f78d820b,38325228,1445,2025-11-17,,,1469,1486,-6293551164859,,,,1
modify,0x1fe14350e72ed606c8850a16d91d5500c18274b7a19852dacf7c4164f78d820b,38325267,183,2025-11-17,,,1482,1492,9951474705638,,,,1
modify,0x1fe14350e72ed606c8850a16d91d5500c18274b7a19852dacf7c4164f78d820b,38325723,802,2025-11-17,,,1473,1509,-862014652980,,,,1
modify,0x1fe14350e72ed606c8850a16d91d5500c18274b7a19852dacf7c4164f78d820b,38325753,244,2025-11-17,,,1486,1494,3621335877608,,,,1
price,0x1fe14350e72ed606c8850a16d91d5500c18274b7a19852dacf7c4164f78d820b,38328084,550,2025-11-17,,,,,,85358637290786922795621612970,1490,16689057435391,1251
modify,0x1fe14350e72ed606c8850a16d91d5500c18274b7a19852dacf7c4164f78d820b,38332293,97,2025-11-18,,,1486,1494,-3621335877608,,,,1
modify,0x1fe14350e72ed606c8850a16d91d5500c18274b7a19852dacf7c4164f78d820b,38332353,424,2025-11-18,,,1490,1506,1825822132875,,,,1
modify,0x1fe14350e72ed606c8850a16d91d5500c18274b7a19852dacf7c4164f78d820b,38334164,1215,2025-11-18,,,1490,1506,-1825822132875,,,,1
modify,0x1fe14350e72ed606c8850a16d91d5500c18274b7a19852dacf7c4164f78d820b,38334231,535,2025-11-18,,,1480,1490,2886713374846,,,,1
modify,0x1fe14350e72ed606c8850a16d91d5500c18274b7a19852dacf7c4164f78d820b,38336580,684,2025-11-18,,,1480,1490,-2886713374846,,,,1
modify,0x1fe14350e72ed606c8850a16d91d5500c18274b7a19852dacf7c4164f78d820b,38336614,1408,2025-11-18,,,1469,1489,1294456530021,,,,1
modify,0x1fe14350e72ed606c8850a16d91d5500c18274b7a19852dacf7c4164f78d820b,38339564,457,2025-11-18,,,1482,1492,-9951474705638,,,,1
modify,0x1fe14350e72ed606c8850a16d91d5500c18274b7a19852dacf7c4164f78d820b,38339619,527,2025-11-18,,,1477,1487,19933244517288,,,,1
modify,0x1fe14350e72ed606c8850a16d91d5500c18274b7a19852dacf7c4164f78d820b,38344426,146,2025-11-18,,,1477,1487,-19933244517288,,,,1
modify,0x1fe14350e72ed606c8850a16d91d5500c18274b7a19852dacf7c4164f78d820b,38344566,208,2025-11-18,,,1469,1489,-1294456530021,,,,1
modify,0x1fe14350e72ed606c8850a16d91d5500c18274b7a19852dacf7c4164f78d820b,38347271,128,2025-11-18,,,1415,1515,1947365343661,,,,1
modify,0x1fe14350e72ed606c8850a16d91d5500c18274b7a19852dacf7c4164f78d820b,38348793,784,2025-11-18,,,1359,1553,214315014339,,,,1
modify,0x1fe14350e72ed606c8850a16d91d5500c18274b7a19852dacf7c4164f78d820b,38361475,680,2025-11-18,,,1462,1482,1498452758441,,,,1
modify,0x1fe14350e72ed606c8850a16d91d5500c18274b7a19852dacf7c4164f78d820b,38371257,194,2025-11-18,,,1467,1484,17633842744887,,,,1
price,0x1fe14350e72ed606c8850a16d91d5500c18274b7a19852dacf7c4164f78d820b,38371301,81,2025-11-18,,,,,,85294228839513773021416634218,1475,24410222713473,1259
modify,0x1fe14350e72ed606c8850a16d91d5500c18274b7a19852dacf7c4164f78d820b,38374092,741,2025-11-19,,,1462,1482,-1498452758441,,,,1
modify,0x1fe14350e72ed606c8850a16d91d5500c18274b7a19852dacf7c4164f78d820b,38374179,1281,2025-11-19,,,1473,1479,4366927780306,,,,1
modify,0x1fe14350e72ed606c8850a16d91d5500c18274b7a19852dacf7c4164f78d820b,38374693,612,2025-11-19,,,1473,1479,-4366927780306,,,,1
modify,0x1fe14350e72ed606c8850a16d91d5500c18274b7a19852dacf7c4164f78d820b,38379298,288,2025-11-19,,,1452,1472,1414719565217,,,,1
modify,0x1fe14350e72ed606c8850a16d91d5500c18274b7a19852dacf7c4164f78d820b,38382331,356,2025-11-19,,,1452,1472,-1414719565217,,,,1
modify,0x1fe14350e72ed606c8850a16d91d5500c18274b7a19852dacf7c4164f78d820b,38384136,91,2025-11-19,,,1497,1500,-5386439844621,,,,1
modify,0x1fe14350e72ed606c8850a16d91d5500c18274b7a19852dacf7c4164f78d820b,38387158,720,2025-11-19,,,1472,1521,0,,,,1
modify,0x1fe14350e72ed606c8850a16d91d5500c18274b7a19852dacf7c4164f78d820b,38387191,48,2025-11-19,,,1472,1521,-530060375011,,,,1
modify,0x1fe14350e72ed606c8850a16d91d5500c18274b7a19852dacf7c4164f78d820b,38387194,1118,2025-11-19,,,1444,1464,1597742700521,,,,1
modify,0x1fe14350e72ed606c8850a16d91d5500c18274b7a19852dacf7c4164f78d820b,38387461,736,2025-11-19,,,1410,1502,279183182446,,,,1
modify,0x1fe14350e72ed606c8850a16d91d5500c18274b7a19852dacf7c4164f78d820b,38387562,1322,2025-11-19,,,1462,1536,0,,,,1
modify,0x1fe14350e72ed606c8850a16d91d5500c18274b7a19852dacf7c4164f78d820b,38387590,919,2025-11-19,,,1462,1536,-250795519896,,,,1
modify,0x1fe14350e72ed606c8850a16d91d5500c18274b7a19852dacf7c4164f78d820b,38388054,1294,2025-11-19,,,1412,1502,158341637828,,,,1
modify,0x1fe14350e72ed606c8850a16d91d5500c18274b7a19852dacf7c4164f78d820b,38388411,664,2025-11-19,,,1412,1502,47182231530,,,,1
modify,0x1fe14350e72ed606c8850a16d91d5500c18274b7a19852dacf7c4164f78d820b,38388558,293,2025-11-19,,,1444,1464,-1597742700521,,,,1
modify,0x1fe14350e72ed606c8850a16d91d5500c18274b7a19852dacf7c4164f78d820b,38390651,1479,2025-11-19,,,1415,1515,-1947365343661,,,,1
modify,0x1fe14350e72ed606c8850a16d91d5500c18274b7a19852dacf7c4164f78d820b,38390715,392,2025-11-19,,,1427,1449,9229412256891,,,,1
modify,0x1fe14350e72ed606c8850a16d91d5500c18274b7a19852dacf7c4164f78d820b,38392929,488,2025-11-19,,,1467,1484,-17633842744887,,,,1
modify,0x1fe14350e72ed606c8850a16d91d5500c18274b7a19852dacf7c4164f78d820b,38396386,589,2025-11-19,,,1427,1449,-9229412256891,,,,1
modify,0x1fe14350e72ed606c8850a16d91d5500c18274b7a19852dacf7c4164f78d820b,38396539,489,2025-11-19,,,1410,1428,11204944900034,,,,1
modify,0x1fe14350e72ed606c8850a16d91d5500c18274b7a19852dacf7c4164f78d820b,38407873,903,2025-11-19,,,1412,1422,2724328523247,,,,1
price,0x1fe14350e72ed606c8850a16d91d5500c18274b7a19852dacf7c4164f78d820b,38414503,1426,2025-11-19,,,,,,85037960477293461494580415519,1415,16950452807720,1989
modify,0x1fe14350e72ed606c8850a16d91d5500c18274b7a19852dacf7c4164f78d820b,38421861,575,2025-11-20,,,1412,1422,0,,,,1
modify,0x1fe14350e72ed606c8850a16d91d5500c18274b7a19852dacf7c4164f78d820b,38421872,132,2025-11-20,,,1412,1422,-2724328523247,,,,1
modify,0x1fe14350e72ed606c8850a16d91d5500c18274b7a19852dacf7c4164f78d820b,38422030,204,2025-11-20,,,1418,1428,2610190841066,,,,1
modify,0x1fe14350e72ed606c8850a16d91d5500c18274b7a19852dacf7c4164f78d820b,38425302,446,2025-11-20,,,1418,1428,-2610190841066,,,,1
modify,0x1fe14350e72ed606c8850a16d91d5500c18274b7a19852dacf7c4164f78d820b,38425406,777,2025-11-20,,,1409,1419,2412784600054,,,,1
modify,0x1fe14350e72ed606c8850a16d91d5500c18274b7a19852dacf7c4164f78d820b,38429932,333,2025-11-20,,,1410,1428,-11204944900034,,,,1
modify,0x1fe14350e72ed606c8850a16d91d5500c18274b7a19852dacf7c4164f78d820b,38430594,918,2025-11-20,,,1425,1444,10553988078878,,,,1
modify,0x1fe14350e72ed606c8850a16d91d5500c18274b7a19852dacf7c4164f78d820b,38431353,6,2025-11-20,,,1396,1591,0,,,,1
modify,0x1fe14350e72ed606c8850a16d91d5500c18274b7a19852dacf7c4164f78d820b,38431564,337,2025-11-20,,,1409,1419,-2412784600054,,,,1
modify,0x1fe14350e72ed606c8850a16d91d5500c18274b7a19852dacf7c4164f78d820b,38431756,328,2025-11-20,,,1417,1431,1802618825517,,,,1
modify,0x1fe14350e72ed606c8850a16d91d5500c18274b7a19852dacf7c4164f78d820b,38431864,176,2025-11-20,,,1396,1591,-423925174651,,,,1
modify,0x1fe14350e72ed606c8850a16d91d5500c18274b7a19852dacf7c4164f78d820b,38433450,731,2025-11-20,,,1420,1433,2047112108491,,,,1
modify,0x1fe14350e72ed606c8850a16d91d5500c18274b7a19852dacf7c4164f78d820b,38435953,550,2025-11-20,,,1417,1431,-1802618825517,,,,1
modify,0x1fe14350e72ed606c8850a16d91d5500c18274b7a19852dacf7c4164f78d820b,38436398,135,2025-11-20,,,1412,1432,1324500624470,,,,1
modify,0x1fe14350e72ed606c8850a16d91d5500c18274b7a19852dacf7c4164f78d820b,38437638,1424,2025-11-20,,,1412,1432,-1324500624470,,,,1
modify,0x1fe14350e72ed606c8850a16d91d5500c18274b7a19852dacf7c4164f78d820b,38438585,501,2025-11-20,,,1427,1435,2470244431045,,,,1
modify,0x1fe14350e72ed606c8850a16d91d5500c18274b7a19852dacf7c4164f78d820b,38440517,466,2025-11-20,,,1427,1435,-2470244431045,,,,1
modify,0x1fe14350e72ed606c8850a16d91d5500c18274b7a19852dacf7c4164f78d820b,38441023,416,2025-11-20,,,1414,1434,937961015233,,,,1
modify,0x1fe14350e72ed606c8850a16d91d5500c18274b7a19852dacf7c4164f78d820b,38449404,1232,2025-11-20,,,1422,1438,711821450928,,,,1
modify,0x1fe14350e72ed606c8850a16d91d5500c18274b7a19852dacf7c4164f78d820b,38453559,487,2025-11-20,,,1414,1434,-937961015233,,,,1
modify,0x1fe14350e72ed606c8850a16d91d5500c18274b7a19852dacf7c4164f78d820b,38453605,386,2025-11-20,,,1424,1436,1719164407829,,,,1
price,0x1fe14350e72ed606c8850a16d91d5500c18274b7a19852dacf7c4164f78d820b,38457705,472,2025-11-20,,,,,,85102123839820909617579263184,1430,17629340255914,2085
modify,0x1fe14350e72ed606c8850a16d91d5500c18274b7a19852dacf7c4164f78d820b,38461346,1902,2025-11-21,,,1380,1547,525576970797,,,,1
modify,0x1fe14350e72ed606c8850a16d91d5500c18274b7a19852dacf7c4164f78d820b,38463168,322,2025-11-21,,,1420,1433,-2047112108491,,,,1
modify,0x1fe14350e72ed606c8850a16d91d5500c18274b7a19852dacf7c4164f78d820b,38463396,323,2025-11-21,,,1425,1444,-10553988078878,,,,1
modify,0x1fe14350e72ed606c8850a16d91d5500c18274b7a19852dacf7c4164f78d820b,38463456,508,2025-11-21,,,1422,1441,12073058269975,,,,1
modify,0x1fe14350e72ed606c8850a16d91d5500c18274b7a19852dacf7c4164f78d820b,38465857,238,2025-11-21,,,1424,1436,-1719164407829,,,,1
modify,0x1fe14350e72ed606c8850a16d91d5500c18274b7a19852dacf7c4164f78d820b,38465893,767,2025-11-21,,,1406,1426,1014068642665,,,,1
modify,0x1fe14350e72ed606c8850a16d91d5500c18274b7a19852dacf7c4164f78d820b,38465905,352,2025-11-21,,,1422,1438,-711821450928,,,,1
modify,0x1fe14350e72ed606c8850a16d91d5500c18274b7a19852dacf7c4164f78d820b,38465926,824,2025-11-21,,,1407,1427,590930442282,,,,1
modify,0x1fe14350e72ed606c8850a16d91d5500c18274b7a19852dacf7c4164f78d820b,38468324,186,2025-11-21,,,1323,1496,120039528969,,,,1
modify,0x1fe14350e72ed606c8850a16d91d5500c18274b7a19852dacf7c4164f78d820b,38472970,536,2025-11-21,,,1422,1441,-12073058269975,,,,1
modify,0x1fe14350e72ed606c8850a16d91d5500c18274b7a19852dacf7c4164f78d820b,38473022,770,2025-11-21,,,1400,1416,15598180306390,,,,1
modify,0x1fe14350e72ed606c8850a16d91d5500c18274b7a19852dacf7c4164f78d820b,38475516,894,2025-11-21,,,1407,1427,-590930442282,,,,1
modify,0x1fe14350e72ed606c8850a16d91d5500c18274b7a19852dacf7c4164f78d820b,38475529,218,2025-11-21,,,1406,1426,-1014068642665,,,,1
modify,0x1fe14350e72ed606c8850a16d91d5500c18274b7a19852dacf7c4164f78d820b,38476171,158,2025-11-21,,,1385,1405,1395477202933,,,,1
modify,0x1fe14350e72ed606c8850a16d91d5500c18274b7a19852dacf7c4164f78d820b,38478623,72,2025-11-21,,,1323,1496,-120039528969,,,,1
modify,0x1fe14350e72ed606c8850a16d91d5500c18274b7a19852dacf7c4164f78d820b,38482408,1234,2025-11-21,,,1385,1405,-1395477202933,,,,1
modify,0x1fe14350e72ed606c8850a16d91d5500c18274b7a19852dacf7c4164f78d820b,38483199,178,2025-11-21,,,1405,1413,3683329824285,,,,1
modify,0x1fe14350e72ed606c8850a16d91d5500c18274b7a19852dacf7c4164f78d820b,38487012,1004,2025-11-21,,,1400,1416,-15598180306390,,,,1
modify,0x1fe14350e72ed606c8850a16d91d5500c18274b7a19852dacf7c4164f78d820b,38487081,801,2025-11-21,,,1410,1412,107961705168792,,,,1
modify,0x1fe14350e72ed606c8850a16d91d5500c18274b7a19852dacf7c4164f78d820b,38490326,321,2025-11-21,,,1405,1413,-3683329824285,,,,1
modify,0x1fe14350e72ed606c8850a16d91d5500c18274b7a19852dacf7c4164f78d820b,38491783,465,2025-11-21,,,1410,1502,0,,,,1
modify,0x1fe14350e72ed606c8850a16d91d5500c18274b7a19852dacf7c4164f78d820b,38491794,190,2025-11-21,,,1410,1502,-279183182446,,,,1
modify,0x1fe14350e72ed606c8850a16d91d5500c18274b7a19852dacf7c4164f78d820b,38493637,260,2025-11-21,,,1412,1502,0,,,,1
modify,0x1fe14350e72ed606c8850a16d91d5500c18274b7a19852dacf7c4164f78d820b,38493646,484,2025-11-21,,,1412,1502,-205523869358,,,,1
modify,0x1fe14350e72ed606c8850a16d91d5500c18274b7a19852dacf7c4164f78d820b,38495007,432,2025-11-21,,,1403,1415,2330410585806,,,,1
price,0x1fe14350e72ed606c8850a16d91d5500c18274b7a19852dacf7c4164f78d820b,38500905,659,2025-11-21,,,,,,85010131060975948446273214283,1408,4968534714587,1685
modify,0x1fe14350e72ed606c8850a16d91d5500c18274b7a19852dacf7c4164f78d820b,38501287,295,2025-11-22,,,1410,1412,-107961705168792,,,,1
modify,0x1fe14350e72ed606c8850a16d91d5500c18274b7a19852dacf7c4164f78d820b,38501921,467,2025-11-22,,,1390,1429,53842396626166,,,,1
modify,0x1fe14350e72ed606c8850a16d91d5500c18274b7a19852dacf7c4164f78d820b,38503849,596,2025-11-22,,,1403,1415,-2330410585806,,,,1
modify,0x1fe14350e72ed606c8850a16d91d5500c18274b7a19852dacf7c4164f78d820b,38504966,133,2025-11-22,,,1404,1411,2795304719248,,,,1
modify,0x1fe14350e72ed606c8850a16d91d5500c18274b7a19852dacf7c4164f78d820b,38505320,997,2025-11-22,,,1404,1411,-2795304719248,,,,1
modify,0x1fe14350e72ed606c8850a16d91d5500c18274b7a19852dacf7c4164f78d820b,38525539,295,2025-11-22,,,1410,1414,22284314386753,,,,1
price,0x1fe14350e72ed606c8850a16d91d5500c18274b7a19852dacf7c4164f78d820b,38544084,161,2025-11-22,,,,,,84976554818749005615425634767,1400,56480520754947,1999
modify,0x1fe14350e72ed606c8850a16d91d5500c18274b7a19852dacf7c4164f78d820b,38546482,457,2025-11-23,,,1410,1414,-22284314386753,,,,1
modify,0x1fe14350e72ed606c8850a16d91d5500c18274b7a19852dacf7c4164f78d820b,38546618,151,2025-11-23,,,1394,1401,1956394199881,,,,1
modify,0x1fe14350e72ed606c8850a16d91d5500c18274b7a19852dacf7c4164f78d820b,38550895,1089,2025-11-23,,,1394,1401,-1956394199881,,,,1
modify,0x1fe14350e72ed606c8850a16d91d5500c18274b7a19852dacf7c4164f78d820b,38550972,366,2025-11-23,,,1382,1392,21419945406530,,,,1
modify,0x1fe14350e72ed606c8850a16d91d5500c18274b7a19852dacf7c4164f78d820b,38552616,32,2025-11-23,,,1387,1395,2034007771119,,,,1
modify,0x1fe14350e72ed606c8850a16d91d5500c18274b7a19852dacf7c4164f78d820b,38552920,1150,2025-11-23,,,1387,1395,-2034007771119,,,,1
modify,0x1fe14350e72ed606c8850a16d91d5500c18274b7a19852dacf7c4164f78d820b,38563434,2,2025-11-23,,,1385,1393,2341445746028,,,,1
modify,0x1fe14350e72ed606c8850a16d91d5500c18274b7a19852dacf7c4164f78d820b,38565348,783,2025-11-23,,,1359,1553,0,,,,1
modify,0x1fe14350e72ed606c8850a16d91d5500c18274b7a19852dacf7c4164f78d820b,38569165,13,2025-11-23,,,1345,1508,72479080431,,,,1
modify,0x1fe14350e72ed606c8850a16d91d5500c18274b7a19852dacf7c4164f78d820b,38573880,0,2025-11-23,,,1385,1393,-2341445746028,,,,1
modify,0x1fe14350e72ed606c8850a16d91d5500c18274b7a19852dacf7c4164f78d820b,38574982,903,2025-11-23,,,1382,1392,-21419945406530,,,,1
modify,0x1fe14350e72ed606c8850a16d91d5500c18274b7a19852dacf7c4164f78d820b,38581547,40,2025-11-23,,,1390,1429,-53842396626166,,,,1
modify,0x1fe14350e72ed606c8850a16d91d5500c18274b7a19852dacf7c4164f78d820b,38583259,511,2025-11-23,,,1404,1414,24820544808954,,,,1
modify,0x1fe14350e72ed606c8850a16d91d5500c18274b7a19852dacf7c4164f78d820b,38586023,5,2025-11-23,,,1376,1432,169495530190,,,,1
price,0x1fe14350e72ed606c8850a16d91d5500c18274b7a19852dacf7c4164f78d820b,38587317,44,2025-11-23,,,,,,85041443435801328888714360907,1416,2880098739402,1862
modify,0x1fe14350e72ed606c8850a16d91d5500c18274b7a19852dacf7c4164f78d820b,38589263,457,2025-11-24,,,1391,1440,1165414316246,,,,1
modify,0x1fe14350e72ed606c8850a16d91d5500c18274b7a19852dacf7c4164f78d820b,38598268,515,2025-11-24,,,1404,1414,-24820544808954,,,,1
modify,0x1fe14350e72ed606c8850a16d91d5500c18274b7a19852dacf7c4164f78d820b,38606361,127,2025-11-24,,,1404,1418,6677011256895,,,,1
modify,0x1fe14350e72ed606c8850a16d91d5500c18274b7a19852dacf7c4164f78d820b,38611784,444,2025-11-24,,,1410,1428,13871188562305,,,,1
modify,0x1fe14350e72ed606c8850a16d91d5500c18274b7a19852dacf7c4164f78d820b,38611803,65,2025-11-24,,,1391,1440,-1165414316246,,,,1
modify,0x1fe14350e72ed606c8850a16d91d5500c18274b7a19852dacf7c4164f78d820b,38611814,375,2025-11-24,,,1410,1428,2714570256561,,,,1
modify,0x1fe14350e72ed606c8850a16d91d5500c18274b7a19852dacf7c4164f78d820b,38621728,147,2025-11-24,,,1249,1649,-3995171884,,,,1
price,0x1fe14350e72ed606c8850a16d91d5500c18274b7a19852dacf7c4164f78d820b,38630485,5,2025-11-24,,,,,,85012106401697007135179035138,1409,9553114824413,1659
modify,0x1fe14350e72ed606c8850a16d91d5500c18274b7a19852dacf7c4164f78d820b,38630907,91,2025-11-25,,,1376,1432,-169495530190,,,,1
modify,0x1fe14350e72ed606c8850a16d91d5500c18274b7a19852dacf7c4164f78d820b,38631304,199,2025-11-25,,,1410,1428,-16585758818866,,,,1
modify,0x1fe14350e72ed606c8850a16d91d5500c18274b7a19852dacf7c4164f78d820b,38631383,239,2025-11-25,,,1400,1419,16066197675706,,,,1
modify,0x1fe14350e72ed606c8850a16d91d5500c18274b7a19852dacf7c4164f78d820b,38637771,81,2025-11-25,,,1400,1419,-16066197675706,,,,1
modify,0x1fe14350e72ed606c8850a16d91d5500c18274b7a19852dacf7c4164f78d820b,38637833,82,2025-11-25,,,1415,1435,15095297906978,,,,1
modify,0x1fe14350e72ed606c8850a16d91d5500c18274b7a19852dacf7c4164f78d820b,38643678,1135,2025-11-25,,,1437,1444,20813662332687,,,,1
modify,0x1fe14350e72ed606c8850a16d91d5500c18274b7a19852dacf7c4164f78d820b,38643710,323,2025-11-25,,,1435,1446,9695174450734,,,,1
modify,0x1fe14350e72ed606c8850a16d91d5500c18274b7a19852dacf7c4164f78d820b,38645186,633,2025-11-25,,,1437,1444,-20813662332687,,,,1
modify,0x1fe14350e72ed606c8850a16d91d5500c18274b7a19852dacf7c4164f78d820b,38645202,318,2025-11-25,,,1435,1446,-9695174450734,,,,1
modify,0x1fe14350e72ed606c8850a16d91d5500c18274b7a19852dacf7c4164f78d820b,38645281,694,2025-11-25,,,1399,1499,2506969413485,,,,1
modify,0x1fe14350e72ed606c8850a16d91d5500c18274b7a19852dacf7c4164f78d820b,38647354,178,2025-11-25,,,1404,1418,-6677011256895,,,,1
modify,0x1fe14350e72ed606c8850a16d91d5500c18274b7a19852dacf7c4164f78d820b,38648324,235,2025-11-25,,,1447,1465,1808841438613,,,,1
modify,0x1fe14350e72ed606c8850a16d91d5500c18274b7a19852dacf7c4164f78d820b,38650355,8,2025-11-25,,,1415,1435,-15095297906978,,,,1
modify,0x1fe14350e72ed606c8850a16d91d5500c18274b7a19852dacf7c4164f78d820b,38650432,726,2025-11-25,,,1436,1458,13787560394759,,,,1
modify,0x1fe14350e72ed606c8850a16d91d5500c18274b7a19852dacf7c4164f78d820b,38651148,338,2025-11-25,,,1436,1458,-13787560394759,,,,1
modify,0x1fe14350e72ed606c8850a16d91d5500c18274b7a19852dacf7c4164f78d820b,38651244,680,2025-11-25,,,1442,1462,14944524340293,,,,1
modify,0x1fe14350e72ed606c8850a16d91d5500c18274b7a19852dacf7c4164f78d820b,38653450,13,2025-11-25,,,1442,1462,-14944524340293,,,,1
modify,0x1fe14350e72ed606c8850a16d91d5500c18274b7a19852dacf7c4164f78d820b,38653578,851,2025-11-25,,,1447,1484,8159989539389,,,,1
modify,0x1fe14350e72ed606c8850a16d91d5500c18274b7a19852dacf7c4164f78d820b,38655305,348,2025-11-25,,,1399,1499,-2506969413485,,,,1
modify,0x1fe14350e72ed606c8850a16d91d5500c18274b7a19852dacf7c4164f78d820b,38655340,378,2025-11-25,,,1455,1467,19547882780187,,,,1
modify,0x1fe14350e72ed606c8850a16d91d5500c18274b7a19852dacf7c4164f78d820b,38656002,608,2025-11-25,,,1455,1467,-19547882780187,,,,1
modify,0x1fe14350e72ed606c8850a16d91d5500c18274b7a19852dacf7c4164f78d820b,38656067,881,2025-11-25,,,1460,1467,16479198497833,,,,1
modify,0x1fe14350e72ed606c8850a16d91d5500c18274b7a19852dacf7c4164f78d820b,38657325,235,2025-11-25,,,1460,1467,-16479198497833,,,,1
modify,0x1fe14350e72ed606c8850a16d91d5500c18274b7a19852dacf7c4164f78d820b,38657407,335,2025-11-25,,,1444,1458,8061397059036,,,,1
modify,0x1fe14350e72ed606c8850a16d91d5500c18274b7a19852dacf7c4164f78d820b,38668266,179,2025-11-25,,,1249,1649,1291559440,,,,1
modify,0x1fe14350e72ed606c8850a16d91d5500c18274b7a19852dacf7c4164f78d820b,38670137,435,2025-11-25,,,1444,1458,-8061397059036,,,,1
modify,0x1fe14350e72ed606c8850a16d91d5500c18274b7a19852dacf7c4164f78d820b,38670397,175,2025-11-25,,,1470,1484,8995878000726,,,,1
modify,0x1fe14350e72ed606c8850a16d91d5500c18274b7a19852dacf7c4164f78d820b,38671283,284,2025-11-25,,,1447,1465,-1808841438613,,,,1
price,0x1fe14350e72ed606c8850a16d91d5500c18274b7a19852dacf7c4164f78d820b,38673609,807,2025-11-25,,,,,,85274834494382369597816135494,1471,19877000775825,2227
modify,0x1fe14350e72ed606c8850a16d91d5500c18274b7a19852dacf7c4164f78d820b,38677248,133,2025-11-26,,,1397,1655,85477415,,,,1
modify,0x1fe14350e72ed606c8850a16d91d5500c18274b7a19852dacf7c4164f78d820b,38677300,304,2025-11-26,,,1470,1484,-8995878000726,,,,1
modify,0x1fe14350e72ed606c8850a16d91d5500c18274b7a19852dacf7c4164f78d820b,38677409,891,2025-11-26,,,1460,1470,12353775348170,,,,1
modify,0x1fe14350e72ed606c8850a16d91d5500c18274b7a19852dacf7c4164f78d820b,38677473,179,2025-11-26,,,1223,1655,28431799,,,,1
modify,0x1fe14350e72ed606c8850a16d91d5500c18274b7a19852dacf7c4164f78d820b,38678481,96,2025-11-26,,,1360,1561,7041263962,,,,1
modify,0x1fe14350e72ed606c8850a16d91d5500c18274b7a19852dacf7c4164f78d820b,38682666,1608,2025-11-26,,,1223,1655,142193151,,,,1
modify,0x1fe14350e72ed606c8850a16d91d5500c18274b7a19852dacf7c4164f78d820b,38687530,1115,2025-11-26,,,1441,1461,1486688449478,,,,1
modify,0x1fe14350e72ed606c8850a16d91d5500c18274b7a19852dacf7c4164f78d820b,38688320,72,2025-11-26,,,1447,1484,-8159989539389,,,,1
modify,0x1fe14350e72ed606c8850a16d91d5500c18274b7a19852dacf7c4164f78d820b,38688370,24,2025-11-26,,,1431,1451,15263923042121,,,,1
modify,0x1fe14350e72ed606c8850a16d91d5500c18274b7a19852dacf7c4164f78d820b,38689238,37,2025-11-26,,,1431,1451,-15263923042121,,,,1
modify,0x1fe14350e72ed606c8850a16d91d5500c18274b7a19852dacf7c4164f78d820b,38689293,1223,2025-11-26,,,1443,1465,13731922156072,,,,1
modify,0x1fe14350e72ed606c8850a16d91d5500c18274b7a19852dacf7c4164f78d820b,38690706,560,2025-11-26,,,1460,1470,-12353775348170,,,,1
modify,0x1fe14350e72ed606c8850a16d91d5500c18274b7a19852dacf7c4164f78d820b,38690845,1123,2025-11-26,,,1443,1465,-13731922156072,,,,1
modify,0x1fe14350e72ed606c8850a16d91d5500c18274b7a19852dacf7c4164f78d820b,38690893,897,2025-11-26,,,1452,1491,7820817350535,,,,1
modify,0x1fe14350e72ed606c8850a16d91d5500c18274b7a19852dacf7c4164f78d820b,38694359,312,2025-11-26,,,1441,1461,-1486688449478,,,,1
modify,0x1fe14350e72ed606c8850a16d91d5500c18274b7a19852dacf7c4164f78d820b,38697973,429,2025-11-26,,,1359,1553,-214315014339,,,,1
price,0x1fe14350e72ed606c8850a16d91d5500c18274b7a19852dacf7c4164f78d820b,38716868,650,2025-11-26,,,,,,85335838949700292294086209949,1485,10334932938233,2517
modify,0x1fe14350e72ed606c8850a16d91d5500c18274b7a19852dacf7c4164f78d820b,38722082,86,2025-11-27,,,1452,1491,-7820817350535,,,,1
modify,0x1fe14350e72ed606c8850a16d91d5500c18274b7a19852dacf7c4164f78d820b,38732445,689,2025-11-27,,,1397,1655,8526505,,,,1
modify,0x1fe14350e72ed606c8850a16d91d5500c18274b7a19852dacf7c4164f78d820b,38742563,828,2025-11-27,,,1360,1561,-7041263962,,,,1
modify,0x1fe14350e72ed606c8850a16d91d5500c18274b7a19852dacf7c4164f78d820b,38742632,209,2025-11-27,,,1249,1649,-1291559440,,,,1
modify,0x1fe14350e72ed606c8850a16d91d5500c18274b7a19852dacf7c4164f78d820b,38756950,368,2025-11-27,,,1461,1481,3403480184769,,,,1
modify,0x1fe14350e72ed606c8850a16d91d5500c18274b7a19852dacf7c4164f78d820b,38759235,72,2025-11-27,,,1461,1481,3691786794072,,,,1
price,0x1fe14350e72ed606c8850a16d91d5500c18274b7a19852dacf7c4164f78d820b,38760070,369,2025-11-27,,,,,,85275139221649204214347165538,1471,9601058269642,1509
modify,0x1fe14350e72ed606c8850a16d91d5500c18274b7a19852dacf7c4164f78d820b,38762664,195,2025-11-28,,,1397,1655,16151307,,,,1
modify,0x1fe14350e72ed606c8850a16d91d5500c18274b7a19852dacf7c4164f78d820b,38770331,148,2025-11-28,,,1432,1452,1075229360780,,,,1
modify,0x1fe14350e72ed606c8850a16d91d5500c18274b7a19852dacf7c4164f78d820b,38772491,1530,2025-11-28,,,1432,1452,-1075229360780,,,,1
modify,0x1fe14350e72ed606c8850a16d91d5500c18274b7a19852dacf7c4164f78d820b,38773237,431,2025-11-28,,,1366,1540,67360705633,,,,1
modify,0x1fe14350e72ed606c8850a16d91d5500c18274b7a19852dacf7c4164f78d820b,38778680,417,2025-11-28,,,1474,1488,6984360223291,,,,1
price,0x1fe14350e72ed606c8850a16d91d5500c18274b7a19852dacf7c4164f78d820b,38803071,530,2025-11-28,,,,,,85298395918356589811067726172,1476,16652795349873,2156
modify,0x1fe14350e72ed606c8850a16d91d5500c18274b7a19852dacf7c4164f78d820b,38805101,444,2025-11-29,,,1461,1481,-7095266978841,,,,1
modify,0x1fe14350e72ed606c8850a16d91d5500c18274b7a19852dacf7c4164f78d820b,38805451,406,2025-11-29,,,1474,1488,3805595298406,,,,1
modify,0x1fe14350e72ed606c8850a16d91d5500c18274b7a19852dacf7c4164f78d820b,38807772,87,2025-11-29,,,1397,1655,60715824,,,,1
modify,0x1fe14350e72ed606c8850a16d91d5500c18274b7a19852dacf7c4164f78d820b,38818343,1089,2025-11-29,,,1474,1488,-10789955521697,,,,1
modify,0x1fe14350e72ed606c8850a16d91d5500c18274b7a19852dacf7c4164f78d820b,38818497,714,2025-11-29,,,1470,1477,23036461745695,,,,1
modify,0x1fe14350e72ed606c8850a16d91d5500c18274b7a19852dacf7c4164f78d820b,38825276,255,2025-11-29,,,1367,1577,9610491737,,,,1
modify,0x1fe14350e72ed606c8850a16d91d5500c18274b7a19852dacf7c4164f78d820b,38831551,101,2025-11-29,,,1366,1540,57653318960,,,,1
modify,0x1fe14350e72ed606c8850a16d91d5500c18274b7a19852dacf7c4164f78d820b,38844529,224,2025-11-29,,,1470,1477,-23036461745695,,,,1
price,0x1fe14350e72ed606c8850a16d91d5500c18274b7a19852dacf7c4164f78d820b,38846503,42,2025-11-29,,,,,,85291295008767196368692184584,1474,2640492674262,1517
modify,0x1fe14350e72ed606c8850a16d91d5500c18274b7a19852dacf7c4164f78d820b,38851196,1031,2025-11-30,,,1469,1479,17397592856320,,,,1
modify,0x1fe14350e72ed606c8850a16d91d5500c18274b7a19852dacf7c4164f78d820b,38851349,590,2025-11-30,,,1470,1477,14717120077456,,,,1
modify,0x1fe14350e72ed606c8850a16d91d5500c18274b7a19852dacf7c4164f78d820b,38852129,550,2025-11-30,,,1397,1655,12403741,,,,1
modify,0x1fe14350e72ed606c8850a16d91d5500c18274b7a19852dacf7c4164f78d820b,38852206,735,2025-11-30,,,1397,1655,11984671,,,,1
modify,0x1fe14350e72ed606c8850a16d91d5500c18274b7a19852dacf7c4164f78d820b,38883466,26,2025-11-30,,,1480,1486,2033355497511,,,,1
modify,0x1fe14350e72ed606c8850a16d91d5500c18274b7a19852dacf7c4164f78d820b,38883637,1166,2025-11-30,,,1480,1486,143618716402,,,,1
modify,0x1fe14350e72ed606c8850a16d91d5500c18274b7a19852dacf7c4164f78d820b,38884103,823,2025-11-30,,,1472,1490,1737075446853,,,,1
modify,0x1fe14350e72ed606c8850a16d91d5500c18274b7a19852dacf7c4164f78d820b,38884394,670,2025-11-30,,,1480,1486,-2176974213913,,,,1
modify,0x1fe14350e72ed606c8850a16d91d5500c18274b7a19852dacf7c4164f78d820b,38885368,677,2025-11-30,,,1476,1485,1148662278387,,,,1
modify,0x1fe14350e72ed606c8850a16d91d5500c18274b7a19852dacf7c4164f78d820b,38885426,53,2025-11-30,,,1476,1485,295067473438,,,,1
modify,0x1fe14350e72ed606c8850a16d91d5500c18274b7a19852dacf7c4164f78d820b,38888267,1213,2025-11-30,,,1476,1485,-1443729751825,,,,1
price,0x1fe14350e72ed606c8850a16d91d5500c18274b7a19852dacf7c4164f78d820b,38889724,391,2025-11-30,,,,,,85320521646010737765495818317,1481,4377592509527,1964
modify,0x1fe14350e72ed606c8850a16d91d5500c18274b7a19852dacf7c4164f78d820b,38895108,649,2025-12-01,,,1472,1490,-1737075446853,,,,1
modify,0x1fe14350e72ed606c8850a16d91d5500c18274b7a19852dacf7c4164f78d820b,38895205,1071,2025-12-01,,,1484,1502,1521342418169,,,,1
modify,0x1fe14350e72ed606c8850a16d91d5500c18274b7a19852dacf7c4164f78d820b,38898669,1326,2025-12-01,,,1484,1502,-1521342418169,,,,1
modify,0x1fe14350e72ed606c8850a16d91d5500c18274b7a19852dacf7c4164f78d820b,38900369,521,2025-12-01,,,1505,1514,1143863232263,,,,1
modify,0x1fe14350e72ed606c8850a16d91d5500c18274b7a19852dacf7c4164f78d820b,38900407,459,2025-12-01,,,1505,1514,284252387911,,,,1
modify,0x1fe14350e72ed606c8850a16d91d5500c18274b7a19852dacf7c4164f78d820b,38902224,204,2025-12-01,,,1505,1514,-1428115620174,,,,1
modify,0x1fe14350e72ed606c8850a16d91d5500c18274b7a19852dacf7c4164f78d820b,38903064,1230,2025-12-01,,,1470,1477,-14717120077456,,,,1
modify,0x1fe14350e72ed606c8850a16d91d5500c18274b7a19852dacf7c4164f78d820b,38903583,619,2025-12-01,,,1469,1479,-17397592856320,,,,1
modify,0x1fe14350e72ed606c8850a16d91d5500c18274b7a19852dacf7c4164f78d820b,38903703,887,2025-12-01,,,1518,1527,27167222839757,,,,1
modify,0x1fe14350e72ed606c8850a16d91d5500c18274b7a19852dacf7c4164f78d820b,38909567,458,2025-12-01,,,1340,1558,456412383438,,,,1
modify,0x1fe14350e72ed606c8850a16d91d5500c18274b7a19852dacf7c4164f78d820b,38909734,466,2025-12-01,,,1518,1527,-27167222839757,,,,1
modify,0x1fe14350e72ed606c8850a16d91d5500c18274b7a19852dacf7c4164f78d820b,38909780,566,2025-12-01,,,1340,1558,284318001085,,,,1
modify,0x1fe14350e72ed606c8850a16d91d5500c18274b7a19852dacf7c4164f78d820b,38909812,269,2025-12-01,,,1499,1513,16075952803162,,,,1
modify,0x1fe14350e72ed606c8850a16d91d5500c18274b7a19852dacf7c4164f78d820b,38916132,680,2025-12-01,,,1499,1513,-16075952803162,,,,1
modify,0x1fe14350e72ed606c8850a16d91d5500c18274b7a19852dacf7c4164f78d820b,38916161,750,2025-12-01,,,1492,1501,25972988860030,,,,1
modify,0x1fe14350e72ed606c8850a16d91d5500c18274b7a19852dacf7c4164f78d820b,38931000,405,2025-12-01,,,1492,1501,-25972988860030,,,,1
modify,0x1fe14350e72ed606c8850a16d91d5500c18274b7a19852dacf7c4164f78d820b,38931075,271,2025-12-01,,,1484,1497,8105893457839,,,,1
modify,0x1fe14350e72ed606c8850a16d91d5500c18274b7a19852dacf7c4164f78d820b,38931421,681,2025-12-01,,,1489,1499,14713401040809,,,,1
price,0x1fe14350e72ed606c8850a16d91d5500c18274b7a19852dacf7c4164f78d820b,38932864,517,2025-12-01,,,,,,85361422761134136995081494493,1491,26200541945845,1611
modify,0x1fe14350e72ed606c8850a16d91d5500c18274b7a19852dacf7c4164f78d820b,38946341,613,2025-12-02,,,1484,1497,-8105893457839,,,,1
modify,0x1fe14350e72ed606c8850a16d91d5500c18274b7a19852dacf7c4164f78d820b,38946408,445,2025-12-02,,,1488,1508,5695750133719,,,,1
modify,0x1fe14350e72ed606c8850a16d91d5500c18274b7a19852dacf7c4164f78d820b,38953232,663,2025-12-02,,,1488,1508,-5695750133719,,,,1
modify,0x1fe14350e72ed606c8850a16d91d5500c18274b7a19852dacf7c4164f78d820b,38953872,526,2025-12-02,,,1489,1499,-14713401040809,,,,1
modify,0x1fe14350e72ed606c8850a16d91d5500c18274b7a19852dacf7c4164f78d820b,38953897,142,2025-12-02,,,1482,1499,14532828919571,,,,1
modify,0x1fe14350e72ed606c8850a16d91d5500c18274b7a19852dacf7c4164f78d820b,38956010,633,2025-12-02,,,1290,1687,0,,,,1
modify,0x1fe14350e72ed606c8850a16d91d5500c18274b7a19852dacf7c4164f78d820b,38958617,246,2025-12-02,,,1482,1499,-14532828919571,,,,1
modify,0x1fe14350e72ed606c8850a16d91d5500c18274b7a19852dacf7c4164f78d820b,38960015,726,2025-12-02,,,1503,1513,25886782495022,,,,1
modify,0x1fe14350e72ed606c8850a16d91d5500c18274b7a19852dacf7c4164f78d820b,38960113,1070,2025-12-02,,,1503,1513,400232659514,,,,1
modify,0x1fe14350e72ed606c8850a16d91d5500c18274b7a19852dacf7c4164f78d820b,38962883,866,2025-12-02,,,1223,1655,29835507,,,,1
modify,0x1fe14350e72ed606c8850a16d91d5500c18274b7a19852dacf7c4164f78d820b,38973457,443,2025-12-02,,,1503,1513,-26287015154536,,,,1
modify,0x1fe14350e72ed606c8850a16d91d5500c18274b7a19852dacf7c4164f78d820b,38974461,389,2025-12-02,,,1516,1527,14093512119371,,,,1
price,0x1fe14350e72ed606c8850a16d91d5500c18274b7a19852dacf7c4164f78d820b,38976024,560,2025-12-02,,,,,,85495176143694169749791303058,1522,17343660519076,1814
modify,0x1fe14350e72ed606c8850a16d91d5500c18274b7a19852dacf7c4164f78d820b,38982454,487,2025-12-03,,,1513,1525,4225480172167,,,,1
modify,0x1fe14350e72ed606c8850a16d91d5500c18274b7a19852dacf7c4164f78d820b,38984019,277,2025-12-03,,,1516,1527,-14093512119371,,,,1
modify,0x1fe14350e72ed606c8850a16d91d5500c18274b7a19852dacf7c4164f78d820b,38984119,410,2025-12-03,,,1513,1525,-4225480172167,,,,1
modify,0x1fe14350e72ed606c8850a16d91d5500c18274b7a19852dacf7c4164f78d820b,38984128,1506,2025-12-03,,,1519,1539,1114744689376,,,,1
modify,0x1fe14350e72ed606c8850a16d91d5500c18274b7a19852dacf7c4164f78d820b,38987046,755,2025-12-03,,,1532,1544,16747632350897,,,,1
modify,0x1fe14350e72ed606c8850a16d91d5500c18274b7a19852dacf7c4164f78d820b,38987758,190,2025-12-03,,,1519,1539,-1114744689376,,,,1
modify,0x1fe14350e72ed606c8850a16d91d5500c18274b7a19852dacf7c4164f78d820b,38994454,612,2025-12-03,,,1345,1508,-131128882999,,,,1
modify,0x1fe14350e72ed606c8850a16d91d5500c18274b7a19852dacf7c4164f78d820b,38994740,542,2025-12-03,,,1477,1553,178677575993,,,,1
modify,0x1fe14350e72ed606c8850a16d91d5500c18274b7a19852dacf7c4164f78d820b,38994846,888,2025-12-03,,,1477,1553,91029733968,,,,1
modify,0x1fe14350e72ed606c8850a16d91d5500c18274b7a19852dacf7c4164f78d820b,38994977,3,2025-12-03,,,1477,1553,10391079742,,,,1
modify,0x1fe14350e72ed606c8850a16d91d5500c18274b7a19852dacf7c4164f78d820b,38995047,1328,2025-12-03,,,1477,1553,1404413730,,,,1
modify,0x1fe14350e72ed606c8850a16d91d5500c18274b7a19852dacf7c4164f78d820b,38995502,304,2025-12-03,,,1533,1542,2116888013842,,,,1
modify,0x1fe14350e72ed606c8850a16d91d5500c18274b7a19852dacf7c4164f78d820b,39000406,577,2025-12-03,,,1533,1542,-2116888013842,,,,1
modify,0x1fe14350e72ed606c8850a16d91d5500c18274b7a19852dacf7c4164f78d820b,39006592,431,2025-12-03,,,1290,1687,62210390,,,,1
modify,0x1fe14350e72ed606c8850a16d91d5500c18274b7a19852dacf7c4164f78d820b,39018791,513,2025-12-03,,,1533,1541,3980232070291,,,,1
price,0x1fe14350e72ed606c8850a16d91d5500c18274b7a19852dacf7c4164f78d820b,39019306,30,2025-12-03,,,,,,85562961429377856831082084669,1538,24259577834716,1872
modify,0x1fe14350e72ed606c8850a16d91d5500c18274b7a19852dacf7c4164f78d820b,39027113,1433,2025-12-04,,,1533,1541,-3980232070291,,,,1
modify,0x1fe14350e72ed606c8850a16d91d5500c18274b7a19852dacf7c4164f78d820b,39028402,337,2025-12-04,,,1145,1988,24790101004,,,,1
modify,0x1fe14350e72ed606c8850a16d91d5500c18274b7a19852dacf7c4164f78d820b,39029458,343,2025-12-04,,,1532,1544,-16747632350897,,,,1
modify,0x1fe14350e72ed606c8850a16d91d5500c18274b7a19852dacf7c4164f78d820b,39029864,378,2025-12-04,,,1539,1559,9143232817140,,,,1
modify,0x1fe14350e72ed606c8850a16d91d5500c18274b7a19852dacf7c4164f78d820b,39030938,1243,2025-12-04,,,1366,1540,-125014024593,,,,1
modify,0x1fe14350e72ed606c8850a16d91d5500c18274b7a19852dacf7c4164f78d820b,39033074,763,2025-12-04,,,1539,1559,-9143232817140,,,,1
modify,0x1fe14350e72ed606c8850a16d91d5500c18274b7a19852dacf7c4164f78d820b,39033137,650,2025-12-04,,,1526,1546,9739901461294,,,,1
modify,0x1fe14350e72ed606c8850a16d91d5500c18274b7a19852dacf7c4164f78d820b,39043426,862,2025-12-04,,,1223,1655,3754678,,,,1
modify,0x1fe14350e72ed606c8850a16d91d5500c18274b7a19852dacf7c4164f78d820b,39046332,1268,2025-12-04,,,1526,1546,-9739901461294,,,,1
modify,0x1fe14350e72ed606c8850a16d91d5500c18274b7a19852dacf7c4164f78d820b,39046401,767,2025-12-04,,,1515,1533,9976507245936,,,,1
price,0x1fe14350e72ed606c8850a16d91d5500c18274b7a19852dacf7c4164f78d820b,39062525,794,2025-12-04,,,,,,85528832083989014815346511164,1530,13408000490553,2284
modify,0x1fe14350e72ed606c8850a16d91d5500c18274b7a19852dacf7c4164f78d820b,39066854,703,2025-12-05,,,1145,1988,-24790101004,,,,1
modify,0x1fe14350e72ed606c8850a16d91d5500c18274b7a19852dacf7c4164f78d820b,39073305,198,2025-12-05,,,1515,1533,-9976507245936,,,,1
modify,0x1fe14350e72ed606c8850a16d91d5500c18274b7a19852dacf7c4164f78d820b,39073333,1226,2025-12-05,,,1516,1530,12871735378370,,,,1
modify,0x1fe14350e72ed606c8850a16d91d5500c18274b7a19852dacf7c4164f78d820b,39079836,574,2025-12-05,,,1524,1538,1538947287070,,,,1
modify,0x1fe14350e72ed606c8850a16d91d5500c18274b7a19852dacf7c4164f78d820b,39079859,434,2025-12-05,,,1516,1530,-12871735378370,,,,1
modify,0x1fe14350e72ed606c8850a16d91d5500c18274b7a19852dacf7c4164f78d820b,39079924,776,2025-12-05,,,1524,1538,13610093336238,,,,1
modify,0x1fe14350e72ed606c8850a16d91d5500c18274b7a19852dacf7c4164f78d820b,39083815,1151,2025-12-05,,,1524,1538,-13610093336238,,,,1
modify,0x1fe14350e72ed606c8850a16d91d5500c18274b7a19852dacf7c4164f78d820b,39083834,183,2025-12-05,,,1524,1538,-1538947287070,,,,1
modify,0x1fe14350e72ed606c8850a16d91d5500c18274b7a19852dacf7c4164f78d820b,39084032,672,2025-12-05,,,1510,1522,16905598734858,,,,1
modify,0x1fe14350e72ed606c8850a16d91d5500c18274b7a19852dacf7c4164f78d820b,39093323,77,2025-12-05,,,1397,1655,45551805,,,,1
modify,0x1fe14350e72ed606c8850a16d91d5500c18274b7a19852dacf7c4164f78d820b,39096317,1039,2025-12-05,,,1506,1516,2852651458579,,,,1
modify,0x1fe14350e72ed606c8850a16d91d5500c18274b7a19852dacf7c4164f78d820b,39100776,769,2025-12-05,,,1510,1522,0,,,,1
modify,0x1fe14350e72ed606c8850a16d91d5500c18274b7a19852dacf7c4164f78d820b,39100797,215,2025-12-05,,,1510,1522,-16905598734858,,,,1
modify,0x1fe14350e72ed606c8850a16d91d5500c18274b7a19852dacf7c4164f78d820b,39100990,469,2025-12-05,,,1507,1513,30671716887238,,,,1
modify,0x1fe14350e72ed606c8850a16d91d5500c18274b7a19852dacf7c4164f78d820b,39101473,716,2025-12-05,,,1507,1513,-15335858443619,,,,1
modify,0x1fe14350e72ed606c8850a16d91d5500c18274b7a19852dacf7c4164f78d820b,39102634,294,2025-12-05,,,1507,1513,-15335858443619,,,,1
modify,0x1fe14350e72ed606c8850a16d91d5500c18274b7a19852dacf7c4164f78d820b,39102663,1364,2025-12-05,,,1503,1518,7782895246305,,,,1
price,0x1fe14350e72ed606c8850a16d91d5500c18274b7a19852dacf7c4164f78d820b,39105647,498,2025-12-05,,,,,,85447436510055631289363535366,1511,14042295400302,1778
modify,0x1fe14350e72ed606c8850a16d91d5500c18274b7a19852dacf7c4164f78d820b,39129955,469,2025-12-06,,,1503,1518,-7782895246305,,,,1
modify,0x1fe14350e72ed606c8850a16d91d5500c18274b7a19852dacf7c4164f78d820b,39129983,566,2025-12-06,,,1508,1515,15711225195005,,,,1
modify,0x1fe14350e72ed606c8850a16d91d5500c18274b7a19852dacf7c4164f78d820b,39134891,197,2025-12-06,,,1506,1516,0,,,,1
modify,0x1fe14350e72ed606c8850a16d91d5500c18274b7a19852dacf7c4164f78d820b,39134898,434,2025-12-06,,,1506,1516,-2852651458579,,,,1
modify,0x1fe14350e72ed606c8850a16d91d5500c18274b7a19852dacf7c4164f78d820b,39146358,424,2025-12-06,,,1508,1515,1516997846873,,,,1
price,0x1fe14350e72ed606c8850a16d91d5500c18274b7a19852dacf7c4164f78d820b,39148875,411,2025-12-06,,,,,,85447619972846600868183649179,1511,20634971737296,987
modify,0x1fe14350e72ed606c8850a16d91d5500c18274b7a19852dacf7c4164f78d820b,39158112,509,2025-12-07,,,1508,1515,-17228223041878,,,,1
modify,0x1fe14350e72ed606c8850a16d91d5500c18274b7a19852dacf7c4164f78d820b,39158132,208,2025-12-07,,,1510,1513,37187228608386,,,,1
modify,0x1fe14350e72ed606c8850a16d91d5500c18274b7a19852dacf7c4164f78d820b,39164488,580,2025-12-07,,,1510,1513,-37187228608386,,,,1
modify,0x1fe14350e72ed606c8850a16d91d5500c18274b7a19852dacf7c4164f78d820b,39164578,372,2025-12-07,,,1510,1519,13553015459862,,,,1
modify,0x1fe14350e72ed606c8850a16d91d5500c18274b7a19852dacf7c4164f78d820b,39172386,1627,2025-12-07,,,1506,1521,7584970890602,,,,1
modify,0x1fe14350e72ed606c8850a16d91d5500c18274b7a19852dacf7c4164f78d820b,39186780,1412,2025-12-07,,,1506,1521,-7584970890602,,,,1
modify,0x1fe14350e72ed606c8850a16d91d5500c18274b7a19852dacf7c4164f78d820b,39186793,266,2025-12-07,,,1510,1519,-13553015459862,,,,1
modify,0x1fe14350e72ed606c8850a16d91d5500c18274b7a19852dacf7c4164f78d820b,39186881,726,2025-12-07,,,1518,1529,20450644833218,,,,1
modify,0x1fe14350e72ed606c8850a16d91d5500c18274b7a19852dacf7c4164f78d820b,39186913,478,2025-12-07,,,1518,1529,-20450644833218,,,,1
modify,0x1fe14350e72ed606c8850a16d91d5500c18274b7a19852dacf7c4164f78d820b,39187069,485,2025-12-07,,,1515,1535,8156073307508,,,,1
price,0x1fe14350e72ed606c8850a16d91d5500c18274b7a19852dacf7c4164f78d820b,39192050,726,2025-12-07,,,,,,85523691636257756854183098839,1529,11562822002926,1581
modify,0x1fe14350e72ed606c8850a16d91d5500c18274b7a19852dacf7c4164f78d820b,39192313,1173,2025-12-08,,,1515,1535,-8156073307508,,,,1
modify,0x1fe14350e72ed606c8850a16d91d5500c18274b7a19852dacf7c4164f78d820b,39193256,435,2025-12-08,,,1527,1546,8489793244564,,,,1
modify,0x1fe14350e72ed606c8850a16d91d5500c18274b7a19852dacf7c4164f78d820b,39193676,78,2025-12-08,,,1397,1655,27418923,,,,1
modify,0x1fe14350e72ed606c8850a16d91d5500c18274b7a19852dacf7c4164f78d820b,39198174,1351,2025-12-08,,,1527,1546,-8489793244564,,,,1
modify,0x1fe14350e72ed606c8850a16d91d5500c18274b7a19852dacf7c4164f78d820b,39198213,586,2025-12-08,,,1524,1535,19054991331432,,,,1
modify,0x1fe14350e72ed606c8850a16d91d5500c18274b7a19852dacf7c4164f78d820b,39209845,1064,2025-12-08,,,1524,1535,-19054991331432,,,,1
modify,0x1fe14350e72ed606c8850a16d91d5500c18274b7a19852dacf7c4164f78d820b,39209926,1441,2025-12-08,,,1497,1510,14673205211961,,,,1
modify,0x1fe14350e72ed606c8850a16d91d5500c18274b7a19852dacf7c4164f78d820b,39215022,119,2025-12-08,,,1397,1655,17192408,,,,1
modify,0x1fe14350e72ed606c8850a16d91d5500c18274b7a19852dacf7c4164f78d820b,39224522,352,2025-12-08,,,1364,1604,7674624581,,,,1
modify,0x1fe14350e72ed606c8850a16d91d5500c18274b7a19852dacf7c4164f78d820b,39224878,455,2025-12-08,,,1290,1687,0,,,,1
modify,0x1fe14350e72ed606c8850a16d91d5500c18274b7a19852dacf7c4164f78d820b,39225465,421,2025-12-08,,,1497,1510,-14673205211961,,,,1
modify,0x1fe14350e72ed606c8850a16d91d5500c18274b7a19852dacf7c4164f78d820b,39225564,938,2025-12-08,,,1510,1522,16156558815626,,,,1
modify,0x1fe14350e72ed606c8850a16d91d5500c18274b7a19852dacf7c4164f78d820b,39230829,632,2025-12-08,,,1364,1604,-7674624581,,,,1
modify,0x1fe14350e72ed606c8850a16d91d5500c18274b7a19852dacf7c4164f78d820b,39231048,432,2025-12-08,,,1483,1541,31178281198,,,,1
price,0x1fe14350e72ed606c8850a16d91d5500c18274b7a19852dacf7c4164f78d820b,39235155,463,2025-12-08,,,,,,85496121565138230389346235650,1522,3437971587947,1449
modify,0x1fe14350e72ed606c8850a16d91d5500c18274b7a19852dacf7c4164f78d820b,39242180,359,2025-12-09,,,1519,1539,1383309857787,,,,1
modify,0x1fe14350e72ed606c8850a16d91d5500c18274b7a19852dacf7c4164f78d820b,39243195,359,2025-12-09,,,1517,1537,33102510413,,,,1
modify,0x1fe14350e72ed606c8850a16d91d5500c18274b7a19852dacf7c4164f78d820b,39243209,251,2025-12-09,,,1510,1522,-16156558815626,,,,1
modify,0x1fe14350e72ed606c8850a16d91d5500c18274b7a19852dacf7c4164f78d820b,39245540,451,2025-12-09,,,1519,1539,-1383309857787,,,,1
modify,0x1fe14350e72ed606c8850a16d91d5500c18274b7a19852dacf7c4164f78d820b,39246125,884,2025-12-09,,,1516,1525,20809412028714,,,,1
modify,0x1fe14350e72ed606c8850a16d91d5500c18274b7a19852dacf7c4164f78d820b,39250822,331,2025-12-09,,,1516,1525,-20809412028714,,,,1
modify,0x1fe14350e72ed606c8850a16d91d5500c18274b7a19852dacf7c4164f78d820b,39250969,683,2025-12-09,,,1510,1520,18989367445139,,,,1
modify,0x1fe14350e72ed606c8850a16d91d5500c18274b7a19852dacf7c4164f78d820b,39251995,909,2025-12-09,,,1510,1520,-18989367445139,,,,1
modify,0x1fe14350e72ed606c8850a16d91d5500c18274b7a19852dacf7c4164f78d820b,39252038,1274,2025-12-09,,,1498,1508,18978224718030,,,,1
modify,0x1fe14350e72ed606c8850a16d91d5500c18274b7a19852dacf7c4164f78d820b,39252455,374,2025-12-09,,,1498,1508,-18978224718030,,,,1
modify,0x1fe14350e72ed606c8850a16d91d5500c18274b7a19852dacf7c4164f78d820b,39252529,268,2025-12-09,,,1500,1520,10297894171477,,,,1
modify,0x1fe14350e72ed606c8850a16d91d5500c18274b7a19852dacf7c4164f78d820b,39253180,1773,2025-12-09,,,1500,1520,-10297894171477,,,,1
modify,0x1fe14350e72ed606c8850a16d91d5500c18274b7a19852dacf7c4164f78d820b,39253227,642,2025-12-09,,,1502,1514,18464773321178,,,,1
modify,0x1fe14350e72ed606c8850a16d91d5500c18274b7a19852dacf7c4164f78d820b,39254119,794,2025-12-09,,,1517,1537,-33102510413,,,,1
modify,0x1fe14350e72ed606c8850a16d91d5500c18274b7a19852dacf7c4164f78d820b,39261393,130,2025-12-09,,,1398,1597,175250485669,,,,1
modify,0x1fe14350e72ed606c8850a16d91d5500c18274b7a19852dacf7c4164f78d820b,39262950,730,2025-12-09,,,1486,1530,74467008238,,,,1
modify,0x1fe14350e72ed606c8850a16d91d5500c18274b7a19852dacf7c4164f78d820b,39271517,617,2025-12-09,,,1502,1514,-9232386660589,,,,1
modify,0x1fe14350e72ed606c8850a16d91d5500c18274b7a19852dacf7c4164f78d820b,39277735,818,2025-12-09,,,1507,1523,2487525545681,,,,1
price,0x1fe14350e72ed606c8850a16d91d5500c18274b7a19852dacf7c4164f78d820b,39278416,478,2025-12-09,,,,,,85456535557927372075854854907,1513,15407601288124,1367
modify,0x1fe14350e72ed606c8850a16d91d5500c18274b7a19852dacf7c4164f78d820b,39281087,434,2025-12-10,,,1502,1514,-9232386660589,,,,1
modify,0x1fe14350e72ed606c8850a16d91d5500c18274b7a19852dacf7c4164f78d820b,39283241,645,2025-12-10,,,1507,1523,-2487525545681,,,,1
modify,0x1fe14350e72ed606c8850a16d91d5500c18274b7a19852dacf7c4164f78d820b,39283403,945,2025-12-10,,,1363,1568,11283621736,,,,1
modify,0x1fe14350e72ed606c8850a16d91d5500c18274b7a19852dacf7c4164f78d820b,39283530,36,2025-12-10,,,1363,1568,3945208432,,,,1
modify,0x1fe14350e72ed606c8850a16d91d5500c18274b7a19852dacf7c4164f78d820b,39283600,22,2025-12-10,,,1363,1568,2314480387,,,,1
modify,0x1fe14350e72ed606c8850a16d91d5500c18274b7a19852dacf7c4164f78d820b,39283657,1037,2025-12-10,,,1363,1568,516198165,,,,1
modify,0x1fe14350e72ed606c8850a16d91d5500c18274b7a19852dacf7c4164f78d820b,39289476,958,2025-12-10,,,1503,1523,6803352096861,,,,1
modify,0x1fe14350e72ed606c8850a16d91d5500c18274b7a19852dacf7c4164f78d820b,39290957,828,2025-12-10,,,1508,1524,1304692793279,,,,1
modify,0x1fe14350e72ed606c8850a16d91d5500c18274b7a19852dacf7c4164f78d820b,39295385,25,2025-12-10,,,1363,1568,-18059508720,,,,1
modify,0x1fe14350e72ed606c8850a16d91d5500c18274b7a19852dacf7c4164f78d820b,39296438,142,2025-12-10,,,1397,1655,38859110,,,,1
modify,0x1fe14350e72ed606c8850a16d91d5500c18274b7a19852dacf7c4164f78d820b,39296707,141,2025-12-10,,,1223,1655,14640154,,,,1
modify,0x1fe14350e72ed606c8850a16d91d5500c18274b7a19852dacf7c4164f78d820b,39300503,15,2025-12-10,,,1483,1564,132193047567,,,,1
modify,0x1fe14350e72ed606c8850a16d91d5500c18274b7a19852dacf7c4164f78d820b,39301299,1042,2025-12-10,,,1508,1524,-1304692793279,,,,1
modify,0x1fe14350e72ed606c8850a16d91d5500c18274b7a19852dacf7c4164f78d820b,39302123,499,2025-12-10,,,1503,1523,-6803352096861,,,,1
modify,0x1fe14350e72ed606c8850a16d91d5500c18274b7a19852dacf7c4164f78d820b,39303237,821,2025-12-10,,,1363,1568,83655531962,,,,1
modify,0x1fe14350e72ed606c8850a16d91d5500c18274b7a19852dacf7c4164f78d820b,39304529,592,2025-12-10,,,1513,1604,2429788383800,,,,1
modify,0x1fe14350e72ed606c8850a16d91d5500c18274b7a19852dacf7c4164f78d820b,39306292,1270,2025-12-10,,,1513,1604,-1214894191900,,,,1
modify,0x1fe14350e72ed606c8850a16d91d5500c18274b7a19852dacf7c4164f78d820b,39306363,1236,2025-12-10,,,1550,1569,5589848425782,,,,1
modify,0x1fe14350e72ed606c8850a16d91d5500c18274b7a19852dacf7c4164f78d820b,39318796,1154,2025-12-10,,,1513,1604,-1214894191900,,,,1
price,0x1fe14350e72ed606c8850a16d91d5500c18274b7a19852dacf7c4164f78d820b,39321716,881,2025-12-10,,,,,,85645203867989279056151626321,1557,8580714522763,1852
modify,0x1fe14350e72ed606c8850a16d91d5500c18274b7a19852dacf7c4164f78d820b,39324963,660,2025-12-11,,,1397,1655,12153538265,,,,1
modify,0x1fe14350e72ed606c8850a16d91d5500c18274b7a19852dacf7c4164f78d820b,39326491,851,2025-12-11,,,1550,1569,-5589848425782,,,,1
modify,0x1fe14350e72ed606c8850a16d91d5500c18274b7a19852dacf7c4164f78d820b,39327584,881,2025-12-11,,,1554,1569,7122828787110,,,,1
modify,0x1fe14350e72ed606c8850a16d91d5500c18274b7a19852dacf7c4164f78d820b,39331308,333,2025-12-11,,,1223,1655,19655689,,,,1
modify,0x1fe14350e72ed606c8850a16d91d5500c18274b7a19852dacf7c4164f78d820b,39331494,655,2025-12-11,,,1397,1655,147723921,,,,1
modify,0x1fe14350e72ed606c8850a16d91d5500c18274b7a19852dacf7c4164f78d820b,39333738,291,2025-12-11,,,1554,1569,-7122828787110,,,,1
modify,0x1fe14350e72ed606c8850a16d91d5500c18274b7a19852dacf7c4164f78d820b,39335258,688,2025-12-11,,,1483,1541,-31178281198,,,,1
modify,0x1fe14350e72ed606c8850a16d91d5500c18274b7a19852dacf7c4164f78d820b,39338410,32,2025-12-11,,,1483,1564,-132193047567,,,,1
modify,0x1fe14350e72ed606c8850a16d91d5500c18274b7a19852dacf7c4164f78d820b,39338465,20,2025-12-11,,,1577,1633,175765521181,,,,1
modify,0x1fe14350e72ed606c8850a16d91d5500c18274b7a19852dacf7c4164f78d820b,39340702,300,2025-12-11,,,1602,1613,11577185049567,,,,1
modify,0x1fe14350e72ed606c8850a16d91d5500c18274b7a19852dacf7c4164f78d820b,39340782,762,2025-12-11,,,1602,1613,-8682888787175,,,,1
modify,0x1fe14350e72ed606c8850a16d91d5500c18274b7a19852dacf7c4164f78d820b,39341251,278,2025-12-11,,,1602,1613,-2894296262392,,,,1
modify,0x1fe14350e72ed606c8850a16d91d5500c18274b7a19852dacf7c4164f78d820b,39342295,801,2025-12-11,,,1580,1628,1618686559642,,,,1
modify,0x1fe14350e72ed606c8850a16d91d5500c18274b7a19852dacf7c4164f78d820b,39345064,516,2025-12-11,,,1363,1568,0,,,,1
modify,0x1fe14350e72ed606c8850a16d91d5500c18274b7a19852dacf7c4164f78d820b,39345092,64,2025-12-11,,,1363,1568,-83655531962,,,,1
price,0x1fe14350e72ed606c8850a16d91d5500c18274b7a19852dacf7c4164f78d820b,39364890,102,2025-12-11,,,,,,85828453451429245090965604484,1600,3656199154221,1721
modify,0x1fe14350e72ed606c8850a16d91d5500c18274b7a19852dacf7c4164f78d820b,39366042,936,2025-12-12,,,1486,1530,0,,,,1
modify,0x1fe14350e72ed606c8850a16d91d5500c18274b7a19852dacf7c4164f78d820b,39366053,1106,2025-12-12,,,1486,1530,-74467008238,,,,1
modify,0x1fe14350e72ed606c8850a16d91d5500c18274b7a19852dacf7c4164f78d820b,39366137,509,2025-12-12,,,1397,1697,11518065045,,,,1
modify,0x1fe14350e72ed606c8850a16d91d5500c18274b7a19852dacf7c4164f78d820b,39376599,428,2025-12-12,,,1581,1599,6443958450662,,,,1
modify,0x1fe14350e72ed606c8850a16d91d5500c18274b7a19852dacf7c4164f78d820b,39383220,250,2025-12-12,,,1581,1599,-6443958450662,,,,1
modify,0x1fe14350e72ed606c8850a16d91d5500c18274b7a19852dacf7c4164f78d820b,39383303,271,2025-12-12,,,1589,1609,6164272006808,,,,1
modify,0x1fe14350e72ed606c8850a16d91d5500c18274b7a19852dacf7c4164f78d820b,39402018,1006,2025-12-12,,,1589,1609,-6164272006808,,,,1
modify,0x1fe14350e72ed606c8850a16d91d5500c18274b7a19852dacf7c4164f78d820b,39403925,422,2025-12-12,,,1595,1599,29318989764527,,,,1
modify,0x1fe14350e72ed606c8850a16d91d5500c18274b7a19852dacf7c4164f78d820b,39407192,581,2025-12-12,,,1595,1599,-7329747441131,,,,1
price,0x1fe14350e72ed606c8850a16d91d5500c18274b7a19852dacf7c4164f78d820b,39408082,506,2025-12-12,,,,,,85809958995691438929479230718,1596,25832210028331,1237
modify,0x1fe14350e72ed606c8850a16d91d5500c18274b7a19852dacf7c4164f78d820b,39408116,347,2025-12-12,,,1595,1599,-21989242323396,,,,1
modify,0x1fe14350e72ed606c8850a16d91d5500c18274b7a19852dacf7c4164f78d820b,39408638,156,2025-12-13,,,1372,1625,25077782758,,,,1
modify,0x1fe14350e72ed606c8850a16d91d5500c18274b7a19852dacf7c4164f78d820b,39409562,277,2025-12-13,,,1583,1611,68517402356220,,,,1
price,0x1fe14350e72ed606c8850a16d91d5500c18274b7a19852dacf7c4164f78d820b,39451108,1125,2025-12-13,,,,,,85823933913221283565331753317,1599,72210197358244,1111
modify,0x1fe14350e72ed606c8850a16d91d5500c18274b7a19852dacf7c4164f78d820b,39459682,926,2025-12-14,,,1370,1642,0,,,,1
modify,0x1fe14350e72ed606c8850a16d91d5500c18274b7a19852dacf7c4164f78d820b,39461187,1376,2025-12-14,,,1370,1642,80466791815,,,,1
modify,0x1fe14350e72ed606c8850a16d91d5500c18274b7a19852dacf7c4164f78d820b,39461226,83,2025-12-14,,,1370,1642,101797943245,,,,1
modify,0x1fe14350e72ed606c8850a16d91d5500c18274b7a19852dacf7c4164f78d820b,39461330,47,2025-12-14,,,1370,1642,4424674658,,,,1
modify,0x1fe14350e72ed606c8850a16d91d5500c18274b7a19852dacf7c4164f78d820b,39461484,487,2025-12-14,,,1370,1642,1446767097,,,,1
modify,0x1fe14350e72ed606c8850a16d91d5500c18274b7a19852dacf7c4164f78d820b,39463976,915,2025-12-14,,,1595,1599,14426659432310,,,,1
modify,0x1fe14350e72ed606c8850a16d91d5500c18274b7a19852dacf7c4164f78d820b,39464090,267,2025-12-14,,,1580,1628,0,,,,1
modify,0x1fe14350e72ed606c8850a16d91d5500c18274b7a19852dacf7c4164f78d820b,39464596,685,2025-12-14,,,1223,1655,17815289,,,,1
modify,0x1fe14350e72ed606c8850a16d91d5500c18274b7a19852dacf7c4164f78d820b,39464681,1229,2025-12-14,,,1309,1740,32307516,,,,1
modify,0x1fe14350e72ed606c8850a16d91d5500c18274b7a19852dacf7c4164f78d820b,39464708,1309,2025-12-14,,,1223,1655,-21095289,,,,1
modify,0x1fe14350e72ed606c8850a16d91d5500c18274b7a19852dacf7c4164f78d820b,39464771,680,2025-12-14,,,1309,1740,19241354,,,,1
modify,0x1fe14350e72ed606c8850a16d91d5500c18274b7a19852dacf7c4164f78d820b,39464804,143,2025-12-14,,,1397,1655,24908018,,,,1
modify,0x1fe14350e72ed606c8850a16d91d5500c18274b7a19852dacf7c4164f78d820b,39468424,45,2025-12-14,,,1477,1553,-281502803433,,,,1
modify,0x1fe14350e72ed606c8850a16d91d5500c18274b7a19852dacf7c4164f78d820b,39468776,26,2025-12-14,,,1587,1605,1187304883298,,,,1
modify,0x1fe14350e72ed606c8850a16d91d5500c18274b7a19852dacf7c4164f78d820b,39468825,57,2025-12-14,,,1587,1605,6448670409,,,,1
modify,0x1fe14350e72ed606c8850a16d91d5500c18274b7a19852dacf7c4164f78d820b,39469001,771,2025-12-14,,,1583,1611,-68517402356220,,,,1
modify,0x1fe14350e72ed606c8850a16d91d5500c18274b7a19852dacf7c4164f78d820b,39477219,1423,2025-12-14,,,1593,1604,2723768289537,,,,1
modify,0x1fe14350e72ed606c8850a16d91d5500c18274b7a19852dacf7c4164f78d820b,39489548,727,2025-12-14,,,1397,1655,1712562057,,,,1
price,0x1fe14350e72ed606c8850a16d91d5500c18274b7a19852dacf7c4164f78d820b,39494471,298,2025-12-14,,,,,,85805060138612615580747857313,1595,22402148679007,1927
modify,0x1fe14350e72ed606c8850a16d91d5500c18274b7a19852dacf7c4164f78d820b,39498947,82,2025-12-15,,,1309,1740,43859234,,,,1
modify,0x1fe14350e72ed606c8850a16d91d5500c18274b7a19852dacf7c4164f78d820b,39502513,920,2025-12-15,,,1593,1604,0,,,,1
modify,0x1fe14350e72ed606c8850a16d91d5500c18274b7a19852dacf7c4164f78d820b,39502519,874,2025-12-15,,,1593,1604,-2723768289537,,,,1
modify,0x1fe14350e72ed606c8850a16d91d5500c18274b7a19852dacf7c4164f78d820b,39502780,511,2025-12-15,,,1598,1618,1407659382341,,,,1
modify,0x1fe14350e72ed606c8850a16d91d5500c18274b7a19852dacf7c4164f78d820b,39506641,824,2025-12-15,,,1595,1599,0,,,,1
modify,0x1fe14350e72ed606c8850a16d91d5500c18274b7a19852dacf7c4164f78d820b,39506667,465,2025-12-15,,,1595,1599,-14426659432310,,,,1
modify,0x1fe14350e72ed606c8850a16d91d5500c18274b7a19852dacf7c4164f78d820b,39507881,482,2025-12-15,,,1614,1631,4631944921160,,,,1
modify,0x1fe14350e72ed606c8850a16d91d5500c18274b7a19852dacf7c4164f78d820b,39509071,689,2025-12-15,,,1484,1655,195894164269,,,,1
modify,0x1fe14350e72ed606c8850a16d91d5500c18274b7a19852dacf7c4164f78d820b,39513918,79,2025-12-15,,,1580,1628,-323737311928,,,,1
modify,0x1fe14350e72ed606c8850a16d91d5500c18274b7a19852dacf7c4164f78d820b,39514004,1164,2025-12-15,,,1614,1631,-4631944921160,,,,1
modify,0x1fe14350e72ed606c8850a16d91d5500c18274b7a19852dacf7c4164f78d820b,39514082,895,2025-12-15,,,1580,1628,1453737526305,,,,1
modify,0x1fe14350e72ed606c8850a16d91d5500c18274b7a19852dacf7c4164f78d820b,39529994,927,2025-12-15,,,1580,1628,-1374343387009,,,,1
modify,0x1fe14350e72ed606c8850a16d91d5500c18274b7a19852dacf7c4164f78d820b,39532264,837,2025-12-15,,,1587,1605,-1193753553707,,,,1
modify,0x1fe14350e72ed606c8850a16d91d5500c18274b7a19852dacf7c4164f78d820b,39532523,1100,2025-12-15,,,1530,1699,127709498779,,,,1
price,0x1fe14350e72ed606c8850a16d91d5500c18274b7a19852dacf7c4164f78d820b,39537390,780,2025-12-15,,,,,,85880737859852556744191855791,1612,5369680649775,1634
modify,0x1fe14350e72ed606c8850a16d91d5500c18274b7a19852dacf7c4164f78d820b,39546890,21,2025-12-16,,,1613,1626,5710946220066,,,,1
modify,0x1fe14350e72ed606c8850a16d91d5500c18274b7a19852dacf7c4164f78d820b,39550279,445,2025-12-16,,,1598,1618,0,,,,1
modify,0x1fe14350e72ed606c8850a16d91d5500c18274b7a19852dacf7c4164f78d820b,39550282,705,2025-12-16,,,1598,1618,0,,,,1
modify,0x1fe14350e72ed606c8850a16d91d5500c18274b7a19852dacf7c4164f78d820b,39550301,933,2025-12-16,,,1598,1618,-1407659382341,,,,1
modify,0x1fe14350e72ed606c8850a16d91d5500c18274b7a19852dacf7c4164f78d820b,39553317,610,2025-12-16,,,1632,1652,1558221918664,,,,1
modify,0x1fe14350e72ed606c8850a16d91d5500c18274b7a19852dacf7c4164f78d820b,39555725,362,2025-12-16,,,1613,1626,-5710946220066,,,,1
modify,0x1fe14350e72ed606c8850a16d91d5500c18274b7a19852dacf7c4164f78d820b,39555736,2493,2025-12-16,,,1580,1628,-1374343387010,,,,1
modify,0x1fe14350e72ed606c8850a16d91d5500c18274b7a19852dacf7c4164f78d820b,39555794,395,2025-12-16,,,1622,1636,10186624679398,,,,1
modify,0x1fe14350e72ed606c8850a16d91d5500c18274b7a19852dacf7c4164f78d820b,39561446,384,2025-12-16,,,1622,1636,-10186624679398,,,,1
modify,0x1fe14350e72ed606c8850a16d91d5500c18274b7a19852dacf7c4164f78d820b,39561511,378,2025-12-16,,,1605,1623,7218557137664,,,,1
modify,0x1fe14350e72ed606c8850a16d91d5500c18274b7a19852dacf7c4164f78d820b,39561641,444,2025-12-16,,,1605,1623,166166884488,,,,1
modify,0x1fe14350e72ed606c8850a16d91d5500c18274b7a19852dacf7c4164f78d820b,39574865,564,2025-12-16,,,1632,1652,-1558221918664,,,,1
modify,0x1fe14350e72ed606c8850a16d91d5500c18274b7a19852dacf7c4164f78d820b,39574908,481,2025-12-16,,,1595,1615,1572842363432,,,,1
modify,0x1fe14350e72ed606c8850a16d91d5500c18274b7a19852dacf7c4164f78d820b,39576488,332,2025-12-16,,,1595,1615,-1572842363432,,,,1
modify,0x1fe14350e72ed606c8850a16d91d5500c18274b7a19852dacf7c4164f78d820b,39578312,29,2025-12-16,,,1605,1623,-7384724022152,,,,1
price,0x1fe14350e72ed606c8850a16d91d5500c18274b7a19852dacf7c4164f78d820b,39580809,520,2025-12-16,,,,,,85810115531408217091816440678,1596,2762928366093,1254
modify,0x1fe14350e72ed606c8850a16d91d5500c18274b7a19852dacf7c4164f78d820b,39580982,114,2025-12-17,,,1592,1610,6901906397086,,,,1
modify,0x1fe14350e72ed606c8850a16d91d5500c18274b7a19852dacf7c4164f78d820b,39583498,977,2025-12-17,,,1592,1610,-6901906397086,,,,1
modify,0x1fe14350e72ed606c8850a16d91d5500c18274b7a19852dacf7c4164f78d820b,39583580,1050,2025-12-17,,,1573,1586,9101623176053,,,,1
modify,0x1fe14350e72ed606c8850a16d91d5500c18274b7a19852dacf7c4164f78d820b,39584003,602,2025-12-17,,,1309,1740,46151251,,,,1
modify,0x1fe14350e72ed606c8850a16d91d5500c18274b7a19852dacf7c4164f78d820b,39593895,800,2025-12-17,,,1309,1740,15915448,,,,1
modify,0x1fe14350e72ed606c8850a16d91d5500c18274b7a19852dacf7c4164f78d820b,39599103,53,2025-12-17,,,1573,1586,-9101623176053,,,,1
modify,0x1fe14350e72ed606c8850a16d91d5500c18274b7a19852dacf7c4164f78d820b,39599167,247,2025-12-17,,,1614,1629,8550171372203,,,,1
modify,0x1fe14350e72ed606c8850a16d91d5500c18274b7a19852dacf7c4164f78d820b,39615204,762,2025-12-17,,,1614,1629,-8550171372203,,,,1
modify,0x1fe14350e72ed606c8850a16d91d5500c18274b7a19852dacf7c4164f78d820b,39615302,249,2025-12-17,,,1601,1619,6689856913959,,,,1
modify,0x1fe14350e72ed606c8850a16d91d5500c18274b7a19852dacf7c4164f78d820b,39620978,1090,2025-12-17,,,1601,1619,-6689856913959,,,,1
modify,0x1fe14350e72ed606c8850a16d91d5500c18274b7a19852dacf7c4164f78d820b,39621001,204,2025-12-17,,,1602,1613,6129478663533,,,,1
price,0x1fe14350e72ed606c8850a16d91d5500c18274b7a19852dacf7c4164f78d820b,39624044,437,2025-12-17,,,,,,85867120806903902955540683841,1609,8717218610656,1357
modify,0x1fe14350e72ed606c8850a16d91d5500c18274b7a19852dacf7c4164f78d820b,39635270,775,2025-12-18,,,1602,1613,-6129478663533,,,,1
modify,0x1fe14350e72ed606c8850a16d91d5500c18274b7a19852dacf7c4164f78d820b,39636597,1086,2025-12-18,,,1579,1594,11284809172785,,,,1
modify,0x1fe14350e72ed606c8850a16d91d5500c18274b7a19852dacf7c4164f78d820b,39638782,737,2025-12-18,,,1579,1594,-11284809172785,,,,1
modify,0x1fe14350e72ed606c8850a16d91d5500c18274b7a19852dacf7c4164f78d820b,39639192,427,2025-12-18,,,1602,1621,5588905549431,,,,1
modify,0x1fe14350e72ed606c8850a16d91d5500c18274b7a19852dacf7c4164f78d820b,39644560,48,2025-12-18,,,1602,1621,-5588905549431,,,,1
modify,0x1fe14350e72ed606c8850a16d91d5500c18274b7a19852dacf7c4164f78d820b,39644598,175,2025-12-18,,,1591,1606,8279455187327,,,,1
modify,0x1fe14350e72ed606c8850a16d91d5500c18274b7a19852dacf7c4164f78d820b,39646230,327,2025-12-18,,,1290,1687,-6722508732,,,,1
modify,0x1fe14350e72ed606c8850a16d91d5500c18274b7a19852dacf7c4164f78d820b,39646310,555,2025-12-18,,,1591,1606,-8279455187327,,,,1
modify,0x1fe14350e72ed606c8850a16d91d5500c18274b7a19852dacf7c4164f78d820b,39646367,690,2025-12-18,,,1581,1598,6927610836850,,,,1
modify,0x1fe14350e72ed606c8850a16d91d5500c18274b7a19852dacf7c4164f78d820b,39658303,779,2025-12-18,,,1587,1597,2292660114743,,,,1
price,0x1fe14350e72ed606c8850a16d91d5500c18274b7a19852dacf7c4164f78d820b,39667198,13,2025-12-18,,,,,,85771330346385746937569458671,1587,11976538875653,1372
modify,0x1fe14350e72ed606c8850a16d91d5500c18274b7a19852dacf7c4164f78d820b,39669967,491,2025-12-19,,,1587,1597,-2292660114743,,,,1
modify,0x1fe14350e72ed606c8850a16d91d5500c18274b7a19852dacf7c4164f78d820b,39670030,494,2025-12-19,,,1579,1589,2387792894025,,,,1
modify,0x1fe14350e72ed606c8850a16d91d5500c18274b7a19852dacf7c4164f78d820b,39682712,500,2025-12-19,,,1579,1589,0,,,,1
modify,0x1fe14350e72ed606c8850a16d91d5500c18274b7a19852dacf7c4164f78d820b,39682728,806,2025-12-19,,,1579,1589,-2387792894025,,,,1
modify,0x1fe14350e72ed606c8850a16d91d5500c18274b7a19852dacf7c4164f78d820b,39688947,1375,2025-12-19,,,1581,1598,0,,,,1
modify,0x1fe14350e72ed606c8850a16d91d5500c18274b7a19852dacf7c4164f78d820b,39694727,35,2025-12-19,,,1561,1622,90150954448,,,,1
modify,0x1fe14350e72ed606c8850a16d91d5500c18274b7a19852dacf7c4164f78d820b,39699289,120,2025-12-19,,,1530,1699,-31927374694,,,,1
modify,0x1fe14350e72ed606c8850a16d91d5500c18274b7a19852dacf7c4164f78d820b,39699831,261,2025-12-19,,,1530,1699,2701690145,,,,1
modify,0x1fe14350e72ed606c8850a16d91d5500c18274b7a19852dacf7c4164f78d820b,39703567,268,2025-12-19,,,1581,1598,-6927610836850,,,,1
modify,0x1fe14350e72ed606c8850a16d91d5500c18274b7a19852dacf7c4164f78d820b,39705119,276,2025-12-19,,,1581,1586,48842414775703,,,,1
modify,0x1fe14350e72ed606c8850a16d91d5500c18274b7a19852dacf7c4164f78d820b,39708637,212,2025-12-19,,,1581,1586,-48842414775703,,,,1
modify,0x1fe14350e72ed606c8850a16d91d5500c18274b7a19852dacf7c4164f78d820b,39708915,155,2025-12-19,,,1579,1583,5403770121104,,,,1
modify,0x1fe14350e72ed606c8850a16d91d5500c18274b7a19852dacf7c4164f78d820b,39708982,363,2025-12-19,,,1579,1583,917683775245,,,,1
price,0x1fe14350e72ed606c8850a16d91d5500c18274b7a19852dacf7c4164f78d820b,39710437,971,2025-12-19,,,,,,85760810300965254965536306802,1584,2817193193959,1131
modify,0x1fe14350e72ed606c8850a16d91d5500c18274b7a19852dacf7c4164f78d820b,39713872,2018,2025-12-20,,,1564,1601,24707089547599,,,,1
modify,0x1fe14350e72ed606c8850a16d91d5500c18274b7a19852dacf7c4164f78d820b,39716964,241,2025-12-20,,,1309,1740,13392702,,,,1
modify,0x1fe14350e72ed606c8850a16d91d5500c18274b7a19852dacf7c4164f78d820b,39718072,1090,2025-12-20,,,1579,1583,-6321453896349,,,,1
modify,0x1fe14350e72ed606c8850a16d91d5500c18274b7a19852dacf7c4164f78d820b,39719836,998,2025-12-20,,,1574,1577,6228558348883,,,,1
modify,0x1fe14350e72ed606c8850a16d91d5500c18274b7a19852dacf7c4164f78d820b,39719898,700,2025-12-20,,,1574,1577,1225665328402,,,,1
modify,0x1fe14350e72ed606c8850a16d91d5500c18274b7a19852dacf7c4164f78d820b,39723219,489,2025-12-20,,,1574,1577,-7454223677285,,,,1
modify,0x1fe14350e72ed606c8850a16d91d5500c18274b7a19852dacf7c4164f78d820b,39723273,340,2025-12-20,,,1577,1580,8043257925187,,,,1
modify,0x1fe14350e72ed606c8850a16d91d5500c18274b7a19852dacf7c4164f78d820b,39724966,284,2025-12-20,,,1577,1580,-8043257925187,,,,1
modify,0x1fe14350e72ed606c8850a16d91d5500c18274b7a19852dacf7c4164f78d820b,39725054,178,2025-12-20,,,1579,1583,5890549396844,,,,1
modify,0x1fe14350e72ed606c8850a16d91d5500c18274b7a19852dacf7c4164f78d820b,39725097,280,2025-12-20,,,1579,1583,590295712709,,,,1
modify,0x1fe14350e72ed606c8850a16d91d5500c18274b7a19852dacf7c4164f78d820b,39746507,1071,2025-12-20,,,1579,1583,-6480845109553,,,,1
modify,0x1fe14350e72ed606c8850a16d91d5500c18274b7a19852dacf7c4164f78d820b,39747430,1132,2025-12-20,,,1577,1580,7712647857111,,,,1
price,0x1fe14350e72ed606c8850a16d91d5500c18274b7a19852dacf7c4164f78d820b,39753719,325,2025-12-20,,,,,,85733839607145436584171781448,1578,35236943991371,738
modify,0x1fe14350e72ed606c8850a16d91d5500c18274b7a19852dacf7c4164f78d820b,39754287,649,2025-12-21,,,1372,1625,0,,,,1
modify,0x1fe14350e72ed606c8850a16d91d5500c18274b7a19852dacf7c4164f78d820b,39767713,570,2025-12-21,,,1577,1580,17320538105554,,,,1
modify,0x1fe14350e72ed606c8850a16d91d5500c18274b7a19852dacf7c4164f78d820b,39768677,375,2025-12-21,,,1577,1580,10398368439315,,,,1
modify,0x1fe14350e72ed606c8850a16d91d5500c18274b7a19852dacf7c4164f78d820b,39774299,508,2025-12-21,,,1577,1580,-35431554401980,,,,1
modify,0x1fe14350e72ed606c8850a16d91d5500c18274b7a19852dacf7c4164f78d820b,39774372,481,2025-12-21,,,1576,1587,10146286937866,,,,1
modify,0x1fe14350e72ed606c8850a16d91d5500c18274b7a19852dacf7c4164f78d820b,39777556,10,2025-12-21,,,1561,1622,-90150954448,,,,1
modify,0x1fe14350e72ed606c8850a16d91d5500c18274b7a19852dacf7c4164f78d820b,39780304,981,2025-12-21,,,1564,1601,-24707089547599,,,,1
modify,0x1fe14350e72ed606c8850a16d91d5500c18274b7a19852dacf7c4164f78d820b,39786413,348,2025-12-21,,,1491,1670,10610740610,,,,1
modify,0x1fe14350e72ed606c8850a16d91d5500c18274b7a19852dacf7c4164f78d820b,39792493,764,2025-12-21,,,1576,1587,-10146286937866,,,,1
modify,0x1fe14350e72ed606c8850a16d91d5500c18274b7a19852dacf7c4164f78d820b,39792562,723,2025-12-21,,,1578,1598,6056574534641,,,,1
price,0x1fe14350e72ed606c8850a16d91d5500c18274b7a19852dacf7c4164f78d820b,39796910,88,2025-12-21,,,,,,85785774586719324000132254929,1590,8794240907464,1545
modify,0x1fe14350e72ed606c8850a16d91d5500c18274b7a19852dacf7c4164f78d820b,39809979,765,2025-12-22,,,1397,1697,0,,,,1
modify,0x1fe14350e72ed606c8850a16d91d5500c18274b7a19852dacf7c4164f78d820b,39809991,968,2025-12-22,,,1397,1697,-11518065045,,,,1
modify,0x1fe14350e72ed606c8850a16d91d5500c18274b7a19852dacf7c4164f78d820b,39810069,63,2025-12-22,,,1484,1705,67011367836,,,,1
modify,0x1fe14350e72ed606c8850a16d91d5500c18274b7a19852dacf7c4164f78d820b,39813922,544,2025-12-22,,,1578,1598,-6056574534641,,,,1
modify,0x1fe14350e72ed606c8850a16d91d5500c18274b7a19852dacf7c4164f78d820b,39814068,97,2025-12-22,,,1372,1625,0,,,,1
modify,0x1fe14350e72ed606c8850a16d91d5500c18274b7a19852dacf7c4164f78d820b,39817502,1499,2025-12-22,,,1309,1740,4799603,,,,1
modify,0x1fe14350e72ed606c8850a16d91d5500c18274b7a19852dacf7c4164f78d820b,39822911,492,2025-12-22,,,1611,1625,7423256828892,,,,1
modify,0x1fe14350e72ed606c8850a16d91d5500c18274b7a19852dacf7c4164f78d820b,39835225,413,2025-12-22,,,1611,1625,-7423256828892,,,,1
price,0x1fe14350e72ed606c8850a16d91d5500c18274b7a19852dacf7c4164f78d820b,39839906,1104,2025-12-22,,,,,,85973653974691137271471246831,1634,2403837046667,1224
modify,0x1fe14350e72ed606c8850a16d91d5500c18274b7a19852dacf7c4164f78d820b,39867704,468,2025-12-23,,,1374,1685,178804337354,,,,1
modify,0x1fe14350e72ed606c8850a16d91d5500c18274b7a19852dacf7c4164f78d820b,39867778,500,2025-12-23,,,1372,1625,0,,,,1
modify,0x1fe14350e72ed606c8850a16d91d5500c18274b7a19852dacf7c4164f78d820b,39867814,663,2025-12-23,,,1372,1625,-25077782758,,,,1
modify,0x1fe14350e72ed606c8850a16d91d5500c18274b7a19852dacf7c4164f78d820b,39867986,702,2025-12-23,,,1374,1685,20187267912,,,,1
modify,0x1fe14350e72ed606c8850a16d91d5500c18274b7a19852dacf7c4164f78d820b,39869089,595,2025-12-23,,,1484,1705,0,,,,1
modify,0x1fe14350e72ed606c8850a16d91d5500c18274b7a19852dacf7c4164f78d820b,39869102,41,2025-12-23,,,1484,1705,1564575947,,,,1
modify,0x1fe14350e72ed606c8850a16d91d5500c18274b7a19852dacf7c4164f78d820b,39881763,1374,2025-12-23,,,1374,1685,-178804337354,,,,1
price,0x1fe14350e72ed606c8850a16d91d5500c18274b7a19852dacf7c4164f78d820b,39883053,540,2025-12-23,,,,,,86060252061808944546978789775,1654,602167934912,925
modify,0x1fe14350e72ed606c8850a16d91d5500c18274b7a19852dacf7c4164f78d820b,39895192,488,2025-12-24,,,1533,1697,112591729343,,,,1
price,0x1fe14350e72ed606c8850a16d91d5500c18274b7a19852dacf7c4164f78d820b,39926468,706,2025-12-24,,,,,,85980803243959536774428872346,1635,2538180619869,1125
modify,0x1fe14350e72ed606c8850a16d91d5500c18274b7a19852dacf7c4164f78d820b,39933156,716,2025-12-25,,,1635,1638,1758719483227,,,,1
modify,0x1fe14350e72ed606c8850a16d91d5500c18274b7a19852dacf7c4164f78d820b,39933331,654,2025-12-25,,,1635,1638,-1758719483227,,,,1
modify,0x1fe14350e72ed606c8850a16d91d5500c18274b7a19852dacf7c4164f78d820b,39935991,0,2025-12-25,,,1374,1685,-20187267912,,,,1
modify,0x1fe14350e72ed606c8850a16d91d5500c18274b7a19852dacf7c4164f78d820b,39940852,12,2025-12-25,,,1640,1646,91619414159,,,,1
modify,0x1fe14350e72ed606c8850a16d91d5500c18274b7a19852dacf7c4164f78d820b,39952214,1150,2025-12-25,,,1501,1739,7843090847,,,,1
modify,0x1fe14350e72ed606c8850a16d91d5500c18274b7a19852dacf7c4164f78d820b,39954906,397,2025-12-25,,,1638,1641,7518645834068,,,,1
modify,0x1fe14350e72ed606c8850a16d91d5500c18274b7a19852dacf7c4164f78d820b,39956000,749,2025-12-25,,,1638,1641,13931038649198,,,,1
modify,0x1fe14350e72ed606c8850a16d91d5500c18274b7a19852dacf7c4164f78d820b,39968420,488,2025-12-25,,,1638,1641,-21449684483266,,,,1
modify,0x1fe14350e72ed606c8850a16d91d5500c18274b7a19852dacf7c4164f78d820b,39968511,105,2025-12-25,,,1648,1650,31409700924608,,,,1
price,0x1fe14350e72ed606c8850a16d91d5500c18274b7a19852dacf7c4164f78d820b,39969657,277,2025-12-25,,,,,,86038733119772136088156276217,1649,32112116411798,1019
modify,0x1fe14350e72ed606c8850a16d91d5500c18274b7a19852dacf7c4164f78d820b,39971967,1009,2025-12-26,,,1648,1650,-31409700924608,,,,1
modify,0x1fe14350e72ed606c8850a16d91d5500c18274b7a19852dacf7c4164f78d820b,39972023,487,2025-12-26,,,1638,1654,3978353666032,,,,1
modify,0x1fe14350e72ed606c8850a16d91d5500c18274b7a19852dacf7c4164f78d820b,39972102,766,2025-12-26,,,1533,1697,-112591729343,,,,1
modify,0x1fe14350e72ed606c8850a16d91d5500c18274b7a19852dacf7c4164f78d820b,39978649,528,2025-12-26,,,1570,1680,1676437462003,,,,1
modify,0x1fe14350e72ed606c8850a16d91d5500c18274b7a19852dacf7c4164f78d820b,39984939,754,2025-12-26,,,1638,1654,-3978353666032,,,,1
price,0x1fe14350e72ed606c8850a16d91d5500c18274b7a19852dacf7c4164f78d820b,40012854,543,2025-12-26,,,,,,85966208684394987191364918588,1632,4265447696645,1183
modify,0x1fe14350e72ed606c8850a16d91d5500c18274b7a19852dacf7c4164f78d820b,40021457,628,2025-12-27,,,1581,1631,11074668708682,,,,1
modify,0x1fe14350e72ed606c8850a16d91d5500c18274b7a19852dacf7c4164f78d820b,40022474,703,2025-12-27,,,1570,1680,3258425837404,,,,1
modify,0x1fe14350e72ed606c8850a16d91d5500c18274b7a19852dacf7c4164f78d820b,40034750,4,2025-12-27,,,1530,1699,0,,,,1
price,0x1fe14350e72ed606c8850a16d91d5500c18274b7a19852dacf7c4164f78d820b,40056109,8,2025-12-27,,,,,,85989524644587078724928856500,1637,7348108012868,755
modify,0x1fe14350e72ed606c8850a16d91d5500c18274b7a19852dacf7c4164f78d820b,40064103,720,2025-12-28,,,1570,1680,3422393105873,,,,1
price,0x1fe14350e72ed606c8850a16d91d5500c18274b7a19852dacf7c4164f78d820b,40099103,317,2025-12-28,,,,,,85958660716143926780975568534,1630,22034168987546,1072
modify,0x1fe14350e72ed606c8850a16d91d5500c18274b7a19852dacf7c4164f78d820b,40103244,153,2025-12-29,,,1577,1633,-175765521181,,,,1
modify,0x1fe14350e72ed606c8850a16d91d5500c18274b7a19852dacf7c4164f78d820b,40103790,7,2025-12-29,,,1614,1667,252403406468,,,,1
price,0x1fe14350e72ed606c8850a16d91d5500c18274b7a19852dacf7c4164f78d820b,40142401,664,2025-12-29,,,,,,85984305953486804756249143046,1636,11022904525209,1066
modify,0x1fe14350e72ed606c8850a16d91d5500c18274b7a19852dacf7c4164f78d820b,40166761,444,2025-12-30,,,1309,1740,38478707,,,,1
price,0x1fe14350e72ed606c8850a16d91d5500c18274b7a19852dacf7c4164f78d820b,40185664,63,2025-12-30,,,,,,85858648623645410726414227646,1607,21858441945072,883
modify,0x1fe14350e72ed606c8850a16d91d5500c18274b7a19852dacf7c4164f78d820b,40198236,724,2025-12-31,,,1309,1740,18304733,,,,1
modify,0x1fe14350e72ed606c8850a16d91d5500c18274b7a19852dacf7c4164f78d820b,40198274,329,2025-12-31,,,1223,1655,13217394,,,,1
price,0x1fe14350e72ed606c8850a16d91d5500c18274b7a19852dacf7c4164f78d820b,40228903,652,2025-12-31,,,,,,85907864364760404407923967740,1618,22110876873667,1726
modify,0x1fe14350e72ed606c8850a16d91d5500c18274b7a19852dacf7c4164f78d820b,40249860,620,2026-01-01,,,1640,1646,-91619414159,,,,1
modify,0x1fe14350e72ed606c8850a16d91d5500c18274b7a19852dacf7c4164f78d820b,40257378,29,2026-01-01,,,1484,1705,0,,,,1
price,0x1fe14350e72ed606c8850a16d91d5500c18274b7a19852dacf7c4164f78d820b,40271960,658,2026-01-01,,,,,,85915829258717849101021135311,1620,22110876873667,913
modify,0x1fe14350e72ed606c8850a16d91d5500c18274b7a19852dacf7c4164f78d820b,40287438,47,2026-01-02,,,1444,1631,0,,,,1
modify,0x1fe14350e72ed606c8850a16d91d5500c18274b7a19852dacf7c4164f78d820b,40287643,127,2026-01-02,,,1444,1631,13988553917,,,,1
modify,0x1fe14350e72ed606c8850a16d91d5500c18274b7a19852dacf7c4164f78d820b,40294161,53,2026-01-02,,,1493,1698,395430896905,,,,1
modify,0x1fe14350e72ed606c8850a16d91d5500c18274b7a19852dacf7c4164f78d820b,40301539,66,2026-01-02,,,1370,1642,5666153696,,,,1
modify,0x1fe14350e72ed606c8850a16d91d5500c18274b7a19852dacf7c4164f78d820b,40301548,21,2026-01-02,,,1370,1642,1093270269,,,,1
price,0x1fe14350e72ed606c8850a16d91d5500c18274b7a19852dacf7c4164f78d820b,40315307,263,2026-01-02,,,,,,85754116571995525656304498915,1583,22449902827655,1155
modify,0x1fe14350e72ed606c8850a16d91d5500c18274b7a19852dacf7c4164f78d820b,40326345,239,2026-01-03,,,1539,1639,32908395259,,,,1
modify,0x1fe14350e72ed606c8850a16d91d5500c18274b7a19852dacf7c4164f78d820b,40326975,12,2026-01-03,,,1539,1639,199955743905,,,,1
price,0x1fe14350e72ed606c8850a16d91d5500c18274b7a19852dacf7c4164f78d820b,40358453,952,2026-01-03,,,,,,85746094246985664579082885841,1581,22682766966819,619
modify,0x1fe14350e72ed606c8850a16d91d5500c18274b7a19852dacf7c4164f78d820b,40361293,658,2026-01-04,,,1571,1586,563532647507,,,,1
modify,0x1fe14350e72ed606c8850a16d91d5500c18274b7a19852dacf7c4164f78d820b,40371244,28,2026-01-04,,,1523,1623,93979563248,,,,1
modify,0x1fe14350e72ed606c8850a16d91d5500c18274b7a19852dacf7c4164f78d820b,40386647,31,2026-01-04,,,1539,1639,134622276830,,,,1
modify,0x1fe14350e72ed606c8850a16d91d5500c18274b7a19852dacf7c4164f78d820b,40388426,1156,2026-01-04,,,1309,1740,1210833,,,,1
price,0x1fe14350e72ed606c8850a16d91d5500c18274b7a19852dacf7c4164f78d820b,40401709,983,2026-01-04,,,,,,85638609840211442177757673180,1556,4229785780028,647
modify,0x1fe14350e72ed606c8850a16d91d5500c18274b7a19852dacf7c4164f78d820b,40407431,499,2026-01-05,,,1571,1586,-563532647507,,,,1
modify,0x1fe14350e72ed606c8850a16d91d5500c18274b7a19852dacf7c4164f78d820b,40417909,144,2026-01-05,,,1309,1740,10099392,,,,1
price,0x1fe14350e72ed606c8850a16d91d5500c18274b7a19852dacf7c4164f78d820b,40444905,36,2026-01-05,,,,,,85800543713898826170061778875,1593,22911380117122,642
modify,0x1fe14350e72ed606c8850a16d91d5500c18274b7a19852dacf7c4164f78d820b,40461526,43,2026-01-06,,,1614,1667,-252403406468,,,,1
price,0x1fe14350e72ed606c8850a16d91d5500c18274b7a19852dacf7c4164f78d820b,40488051,539,2026-01-06,,,,,,85663223157857891001108530579,1561,3489065494897,1127
modify,0x1fe14350e72ed606c8850a16d91d5500c18274b7a19852dacf7c4164f78d820b,40492892,1635,2026-01-07,,,1397,1655,11550363,,,,1
modify,0x1fe14350e72ed606c8850a16d91d5500c18274b7a19852dacf7c4164f78d820b,40500420,53,2026-01-07,,,1523,1623,0,,,,1
modify,0x1fe14350e72ed606c8850a16d91d5500c18274b7a19852dacf7c4164f78d820b,40513078,0,2026-01-07,,,1570,1680,0,,,,1
modify,0x1fe14350e72ed606c8850a16d91d5500c18274b7a19852dacf7c4164f78d820b,40513179,122,2026-01-07,,,1570,1680,-8357256405280,,,,1
modify,0x1fe14350e72ed606c8850a16d91d5500c18274b7a19852dacf7c4164f78d820b,40513738,137,2026-01-07,,,1547,1680,7322032572032,,,,1
price,0x1fe14350e72ed606c8850a16d91d5500c18274b7a19852dacf7c4164f78d820b,40531186,630,2026-01-07,,,,,,85618146895344119622186314700,1551,11551840001815,1876
modify,0x1fe14350e72ed606c8850a16d91d5500c18274b7a19852dacf7c4164f78d820b,40534184,34,2026-01-08,,,1522,1612,153900118086,,,,1
modify,0x1fe14350e72ed606c8850a16d91d5500c18274b7a19852dacf7c4164f78d820b,40541922,666,2026-01-08,,,1523,1623,-93979563248,,,,1
modify,0x1fe14350e72ed606c8850a16d91d5500c18274b7a19852dacf7c4164f78d820b,40552032,68,2026-01-08,,,1530,1699,0,,,,1
modify,0x1fe14350e72ed606c8850a16d91d5500c18274b7a19852dacf7c4164f78d820b,40552155,997,2026-01-08,,,1530,1699,-98483814230,,,,1
modify,0x1fe14350e72ed606c8850a16d91d5500c18274b7a19852dacf7c4164f78d820b,40552336,349,2026-01-08,,,1326,1722,42185856551,,,,1
modify,0x1fe14350e72ed606c8850a16d91d5500c18274b7a19852dacf7c4164f78d820b,40569869,370,2026-01-08,,,1431,1631,186020319989,,,,1
modify,0x1fe14350e72ed606c8850a16d91d5500c18274b7a19852dacf7c4164f78d820b,40570448,1828,2026-01-08,,,1431,1631,368426158726,,,,1
price,0x1fe14350e72ed606c8850a16d91d5500c18274b7a19852dacf7c4164f78d820b,40574080,596,2026-01-08,,,,,,85517854197229149935769309393,1527,4945967060460,822
modify,0x1fe14350e72ed606c8850a16d91d5500c18274b7a19852dacf7c4164f78d820b,40578188,504,2026-01-09,,,1397,1655,0,,,,1
modify,0x1fe14350e72ed606c8850a16d91d5500c18274b7a19852dacf7c4164f78d820b,40582189,228,2026-01-09,,,1397,1655,25775138,,,,1
modify,0x1fe14350e72ed606c8850a16d91d5500c18274b7a19852dacf7c4164f78d820b,40607668,534,2026-01-09,,,1508,1515,1718140303784,,,,1
modify,0x1fe14350e72ed606c8850a16d91d5500c18274b7a19852dacf7c4164f78d820b,40614669,864,2026-01-09,,,1512,1514,119757906680017,,,,1
price,0x1fe14350e72ed606c8850a16d91d5500c18274b7a19852dacf7c4164f78d820b,40617720,913,2026-01-09,,,,,,85448039996646960703898908587,1511,6510233021296,899
modify,0x1fe14350e72ed606c8850a16d91d5500c18274b7a19852dacf7c4164f78d820b,40622034,883,2026-01-10,,,1512,1514,-119757906680017,,,,1
modify,0x1fe14350e72ed606c8850a16d91d5500c18274b7a19852dacf7c4164f78d820b,40622058,1591,2026-01-10,,,1511,1513,119751951051875,,,,1
modify,0x1fe14350e72ed606c8850a16d91d5500c18274b7a19852dacf7c4164f78d820b,40625067,842,2026-01-10,,,1508,1515,-1718140303784,,,,1
modify,0x1fe14350e72ed606c8850a16d91d5500c18274b7a19852dacf7c4164f78d820b,40631995,1005,2026-01-10,,,1511,1513,-119751951051875,,,,1
modify,0x1fe14350e72ed606c8850a16d91d5500c18274b7a19852dacf7c4164f78d820b,40632028,465,2026-01-10,,,1508,1510,119735797309328,,,,1
modify,0x1fe14350e72ed606c8850a16d91d5500c18274b7a19852dacf7c4164f78d820b,40641479,1348,2026-01-10,,,1397,1655,7330204,,,,1
modify,0x1fe14350e72ed606c8850a16d91d5500c18274b7a19852dacf7c4164f78d820b,40660001,747,2026-01-10,,,1508,1510,-119735797309328,,,,1
price,0x1fe14350e72ed606c8850a16d91d5500c18274b7a19852dacf7c4164f78d820b,40660753,660,2026-01-10,,,,,,85422179372289437458438063295,1505,4792100047716,583
modify,0x1fe14350e72ed606c8850a16d91d5500c18274b7a19852dacf7c4164f78d820b,40668722,505,2026-01-11,,,1547,1680,0,,,,1
modify,0x1fe14350e72ed606c8850a16d91d5500c18274b7a19852dacf7c4164f78d820b,40668756,921,2026-01-11,,,1547,1680,-7322032572032,,,,1
modify,0x1fe14350e72ed606c8850a16d91d5500c18274b7a19852dacf7c4164f78d820b,40669166,1006,2026-01-11,,,1501,1739,883257376767,,,,1
modify,0x1fe14350e72ed606c8850a16d91d5500c18274b7a19852dacf7c4164f78d820b,40672227,468,2026-01-11,,,1508,1511,8277932339047,,,,1
modify,0x1fe14350e72ed606c8850a16d91d5500c18274b7a19852dacf7c4164f78d820b,40679234,41,2026-01-11,,,1480,1540,654838092854,,,,1
modify,0x1fe14350e72ed606c8850a16d91d5500c18274b7a19852dacf7c4164f78d820b,40681841,799,2026-01-11,,,1508,1511,-8277932339047,,,,1
modify,0x1fe14350e72ed606c8850a16d91d5500c18274b7a19852dacf7c4164f78d820b,40681946,682,2026-01-11,,,1510,1515,5104762574134,,,,1
modify,0x1fe14350e72ed606c8850a16d91d5500c18274b7a19852dacf7c4164f78d820b,40695892,652,2026-01-11,,,1510,1515,-5104762574134,,,,1
price,0x1fe14350e72ed606c8850a16d91d5500c18274b7a19852dacf7c4164f78d820b,40703994,535,2026-01-11,,,,,,85578622688141990780201378512,1542,6196743958563,919
modify,0x1fe14350e72ed606c8850a16d91d5500c18274b7a19852dacf7c4164f78d820b,40730200,914,2026-01-12,,,1480,1540,-654838092854,,,,1
modify,0x1fe14350e72ed606c8850a16d91d5500c18274b7a19852dacf7c4164f78d820b,40730590,846,2026-01-12,,,1467,1626,245649478471,,,,1
price,0x1fe14350e72ed606c8850a16d91d5500c18274b7a19852dacf7c4164f78d820b,40747269,358,2026-01-12,,,,,,85576382450613818827071281562,1541,6442393437034,1430
modify,0x1fe14350e72ed606c8850a16d91d5500c18274b7a19852dacf7c4164f78d820b,40766891,926,2026-01-13,,,1467,1626,21121794145,,,,1
modify,0x1fe14350e72ed606c8850a16d91d5500c18274b7a19852dacf7c4164f78d820b,40767009,1011,2026-01-13,,,1467,1626,5082783215,,,,1
modify,0x1fe14350e72ed606c8850a16d91d5500c18274b7a19852dacf7c4164f78d820b,40776990,114,2026-01-13,,,1493,1698,0,,,,1
modify,0x1fe14350e72ed606c8850a16d91d5500c18274b7a19852dacf7c4164f78d820b,40789850,1335,2026-01-13,,,1521,1535,1913170891408,,,,1
price,0x1fe14350e72ed606c8850a16d91d5500c18274b7a19852dacf7c4164f78d820b,40790518,687,2026-01-13,,,,,,85515038710228066438239404297,1527,8014282489808,2017
modify,0x1fe14350e72ed606c8850a16d91d5500c18274b7a19852dacf7c4164f78d820b,40806489,1003,2026-01-14,,,1521,1535,-1913170891408,,,,1
modify,0x1fe14350e72ed606c8850a16d91d5500c18274b7a19852dacf7c4164f78d820b,40806612,591,2026-01-14,,,1527,1541,2010183077257,,,,1
modify,0x1fe14350e72ed606c8850a16d91d5500c18274b7a19852dacf7c4164f78d820b,40825239,868,2026-01-14,,,1527,1541,-2010183077257,,,,1
modify,0x1fe14350e72ed606c8850a16d91d5500c18274b7a19852dacf7c4164f78d820b,40825619,545,2026-01-14,,,1507,1527,3555264504720,,,,1
modify,0x1fe14350e72ed606c8850a16d91d5500c18274b7a19852dacf7c4164f78d820b,40828157,1087,2026-01-14,,,1517,1519,1368208111133,,,,1
modify,0x1fe14350e72ed606c8850a16d91d5500c18274b7a19852dacf7c4164f78d820b,40828311,413,2026-01-14,,,1517,1519,387260443848,,,,1
modify,0x1fe14350e72ed606c8850a16d91d5500c18274b7a19852dacf7c4164f78d820b,40832482,1722,2026-01-14,,,1517,1519,-1755468554981,,,,1
modify,0x1fe14350e72ed606c8850a16d91d5500c18274b7a19852dacf7c4164f78d820b,40832513,1030,2026-01-14,,,1515,1517,1470432245619,,,,1
modify,0x1fe14350e72ed606c8850a16d91d5500c18274b7a19852dacf7c4164f78d820b,40832536,846,2026-01-14,,,1515,1517,371687838798,,,,1
price,0x1fe14350e72ed606c8850a16d91d5500c18274b7a19852dacf7c4164f78d820b,40833610,752,2026-01-14,,,,,,85466696503171825856043266698,1515,11344596069451,2085
modify,0x1fe14350e72ed606c8850a16d91d5500c18274b7a19852dacf7c4164f78d820b,40838997,31,2026-01-15,,,1515,1517,-1842120084417,,,,1
modify,0x1fe14350e72ed606c8850a16d91d5500c18274b7a19852dacf7c4164f78d820b,40839645,979,2026-01-15,,,1510,1513,1175322408029,,,,1
modify,0x1fe14350e72ed606c8850a16d91d5500c18274b7a19852dacf7c4164f78d820b,40841679,670,2026-01-15,,,1510,1513,-1175322408029,,,,1
modify,0x1fe14350e72ed606c8850a16d91d5500c18274b7a19852dacf7c4164f78d820b,40854745,48,2026-01-15,,,1487,1500,290938592125,,,,1
modify,0x1fe14350e72ed606c8850a16d91d5500c18274b7a19852dacf7c4164f78d820b,40864784,718,2026-01-15,,,1507,1527,-3555264504720,,,,1
modify,0x1fe14350e72ed606c8850a16d91d5500c18274b7a19852dacf7c4164f78d820b,40865768,628,2026-01-15,,,1482,1502,847166089149,,,,1
modify,0x1fe14350e72ed606c8850a16d91d5500c18274b7a19852dacf7c4164f78d820b,40872781,598,2026-01-15,,,1487,1500,-290938592125,,,,1
modify,0x1fe14350e72ed606c8850a16d91d5500c18274b7a19852dacf7c4164f78d820b,40873036,188,2026-01-15,,,1487,1496,472935927303,,,,1
price,0x1fe14350e72ed606c8850a16d91d5500c18274b7a19852dacf7c4164f78d820b,40876816,964,2026-01-15,,,,,,85374114125710175986692875487,1494,6376213029152,1063
modify,0x1fe14350e72ed606c8850a16d91d5500c18274b7a19852dacf7c4164f78d820b,40883288,27,2026-01-16,,,1487,1496,-472935927303,,,,1
modify,0x1fe14350e72ed606c8850a16d91d5500c18274b7a19852dacf7c4164f78d820b,40883971,547,2026-01-16,,,1431,1631,0,,,,1
modify,0x1fe14350e72ed606c8850a16d91d5500c18274b7a19852dacf7c4164f78d820b,40888764,398,2026-01-16,,,1482,1502,-847166089149,,,,1
modify,0x1fe14350e72ed606c8850a16d91d5500c18274b7a19852dacf7c4164f78d820b,40890561,175,2026-01-16,,,1397,1655,0,,,,1
modify,0x1fe14350e72ed606c8850a16d91d5500c18274b7a19852dacf7c4164f78d820b,40895806,645,2026-01-16,,,1340,1558,-88887646142,,,,1
modify,0x1fe14350e72ed606c8850a16d91d5500c18274b7a19852dacf7c4164f78d820b,40903906,914,2026-01-16,,,1493,1698,0,,,,1
modify,0x1fe14350e72ed606c8850a16d91d5500c18274b7a19852dacf7c4164f78d820b,40904121,436,2026-01-16,,,1493,1698,-395430896905,,,,1
price,0x1fe14350e72ed606c8850a16d91d5500c18274b7a19852dacf7c4164f78d820b,40920097,401,2026-01-16,,,,,,85330976764134612686736714173,1484,4561181729043,839
modify,0x1fe14350e72ed606c8850a16d91d5500c18274b7a19852dacf7c4164f78d820b,40961516,562,2026-01-17,,,1472,1475,6432780520759,,,,1
modify,0x1fe14350e72ed606c8850a16d91d5500c18274b7a19852dacf7c4164f78d820b,40961649,474,2026-01-17,,,1472,1475,405851838195,,,,1
price,0x1fe14350e72ed606c8850a16d91d5500c18274b7a19852dacf7c4164f78d820b,40963118,831,2026-01-17,,,,,,85287045197515483689511074474,1473,11135343979945,481
modify,0x1fe14350e72ed606c8850a16d91d5500c18274b7a19852dacf7c4164f78d820b,40975156,418,2026-01-18,,,1472,1475,-6838632358954,,,,1
modify,0x1fe14350e72ed606c8850a16d91d5500c18274b7a19852dacf7c4164f78d820b,40975256,767,2026-01-18,,,1474,1480,3378728390096,,,,1
modify,0x1fe14350e72ed606c8850a16d91d5500c18274b7a19852dacf7c4164f78d820b,40980788,509,2026-01-18,,,1431,1631,-554446478715,,,,1
modify,0x1fe14350e72ed606c8850a16d91d5500c18274b7a19852dacf7c4164f78d820b,40989597,435,2026-01-18,,,1470,1485,3988586643299,,,,1
modify,0x1fe14350e72ed606c8850a16d91d5500c18274b7a19852dacf7c4164f78d820b,40998569,446,2026-01-18,,,1474,1480,-3378728390096,,,,1
modify,0x1fe14350e72ed606c8850a16d91d5500c18274b7a19852dacf7c4164f78d820b,40999089,693,2026-01-18,,,1470,1485,-3988586643299,,,,1
modify,0x1fe14350e72ed606c8850a16d91d5500c18274b7a19852dacf7c4164f78d820b,40999247,221,2026-01-18,,,1493,1505,6018291547406,,,,1
modify,0x1fe14350e72ed606c8850a16d91d5500c18274b7a19852dacf7c4164f78d820b,41005184,469,2026-01-18,,,1493,1505,-6018291547406,,,,1
modify,0x1fe14350e72ed606c8850a16d91d5500c18274b7a19852dacf7c4164f78d820b,41005251,5074,2026-01-18,,,1500,1516,4370033680085,,,,1
price,0x1fe14350e72ed606c8850a16d91d5500c18274b7a19852dacf7c4164f78d820b,41006524,1106,2026-01-18,,,,,,85435929279823540188443020682,1508,9278480138637,784
modify,0x1fe14350e72ed606c8850a16d91d5500c18274b7a19852dacf7c4164f78d820b,41015815,851,2026-01-19,,,1499,1511,1879884728124,,,,1
modify,0x1fe14350e72ed606c8850a16d91d5500c18274b7a19852dacf7c4164f78d820b,41024647,537,2026-01-19,,,1499,1511,-1879884728124,,,,1
modify,0x1fe14350e72ed606c8850a16d91d5500c18274b7a19852dacf7c4164f78d820b,41024815,771,2026-01-19,,,1509,1521,2003827864873,,,,1
modify,0x1fe14350e72ed606c8850a16d91d5500c18274b7a19852dacf7c4164f78d820b,41029556,474,2026-01-19,,,1500,1516,-4370033680085,,,,1
modify,0x1fe14350e72ed606c8850a16d91d5500c18274b7a19852dacf7c4164f78d820b,41029575,945,2026-01-19,,,1511,1521,7086154543746,,,,1
modify,0x1fe14350e72ed606c8850a16d91d5500c18274b7a19852dacf7c4164f78d820b,41030822,901,2026-01-19,,,1509,1521,-2003827864873,,,,1
modify,0x1fe14350e72ed606c8850a16d91d5500c18274b7a19852dacf7c4164f78d820b,41030868,807,2026-01-19,,,1511,1532,1274006843919,,,,1
modify,0x1fe14350e72ed606c8850a16d91d5500c18274b7a19852dacf7c4164f78d820b,41044713,1372,2026-01-19,,,1511,1521,-7086154543746,,,,1
modify,0x1fe14350e72ed606c8850a16d91d5500c18274b7a19852dacf7c4164f78d820b,41046900,556,2026-01-19,,,1511,1532,-1274006843919,,,,1
price,0x1fe14350e72ed606c8850a16d91d5500c18274b7a19852dacf7c4164f78d820b,41049687,1038,2026-01-19,,,,,,85577711645490827433068626195,1541,5429832992632,812
modify,0x1fe14350e72ed606c8850a16d91d5500c18274b7a19852dacf7c4164f78d820b,41056392,611,2026-01-20,,,1590,1599,2790180005362,,,,1
modify,0x1fe14350e72ed606c8850a16d91d5500c18274b7a19852dacf7c4164f78d820b,41062487,548,2026-01-20,,,1587,1595,5133705346406,,,,1
modify,0x1fe14350e72ed606c8850a16d91d5500c18274b7a19852dacf7c4164f78d820b,41065832,107,2026-01-20,,,1590,1599,-2790180005362,,,,1
price,0x1fe14350e72ed606c8850a16d91d5500c18274b7a19852dacf7c4164f78d820b,41092866,858,2026-01-20,,,,,,85759526990423087281426002768,1584,15317471500399,1267
modify,0x1fe14350e72ed606c8850a16d91d5500c18274b7a19852dacf7c4164f78d820b,41098858,536,2026-01-21,,,1587,1595,-5133705346406,,,,1
modify,0x1fe14350e72ed606c8850a16d91d5500c18274b7a19852dacf7c4164f78d820b,41098894,897,2026-01-21,,,1579,1591,3422328187086,,,,1
modify,0x1fe14350e72ed606c8850a16d91d5500c18274b7a19852dacf7c4164f78d820b,41105031,1055,2026-01-21,,,1579,1591,-3422328187086,,,,1
modify,0x1fe14350e72ed606c8850a16d91d5500c18274b7a19852dacf7c4164f78d820b,41105325,856,2026-01-21,,,1570,1612,677831162317,,,,1
modify,0x1fe14350e72ed606c8850a16d91d5500c18274b7a19852dacf7c4164f78d820b,41110678,1460,2026-01-21,,,1566,1577,3061188405051,,,,1
modify,0x1fe14350e72ed606c8850a16d91d5500c18274b7a19852dacf7c4164f78d820b,41118226,873,2026-01-21,,,1566,1577,-3061188405051,,,,1
modify,0x1fe14350e72ed606c8850a16d91d5500c18274b7a19852dacf7c4164f78d820b,41118602,781,2026-01-21,,,1556,1567,3679749530378,,,,1
modify,0x1fe14350e72ed606c8850a16d91d5500c18274b7a19852dacf7c4164f78d820b,41119675,699,2026-01-21,,,1570,1612,-677831162317,,,,1
modify,0x1fe14350e72ed606c8850a16d91d5500c18274b7a19852dacf7c4164f78d820b,41129652,227,2026-01-21,,,1556,1567,-3679749530378,,,,1
modify,0x1fe14350e72ed606c8850a16d91d5500c18274b7a19852dacf7c4164f78d820b,41129708,336,2026-01-21,,,1548,1564,5699792723359,,,,1
price,0x1fe14350e72ed606c8850a16d91d5500c18274b7a19852dacf7c4164f78d820b,41136126,830,2026-01-21,,,,,,85643854742613062664850286589,1557,10604048745194,2206
modify,0x1fe14350e72ed606c8850a16d91d5500c18274b7a19852dacf7c4164f78d820b,41137956,105,2026-01-22,,,1444,1631,0,,,,1
modify,0x1fe14350e72ed606c8850a16d91d5500c18274b7a19852dacf7c4164f78d820b,41138171,98,2026-01-22,,,1444,1631,20638724804,,,,1
modify,0x1fe14350e72ed606c8850a16d91d5500c18274b7a19852dacf7c4164f78d820b,41147632,170,2026-01-22,,,1397,1655,0,,,,1
modify,0x1fe14350e72ed606c8850a16d91d5500c18274b7a19852dacf7c4164f78d820b,41149883,651,2026-01-22,,,1548,1564,-5699792723359,,,,1
modify,0x1fe14350e72ed606c8850a16d91d5500c18274b7a19852dacf7c4164f78d820b,41149934,175,2026-01-22,,,1568,1578,9139797949145,,,,1
modify,0x1fe14350e72ed606c8850a16d91d5500c18274b7a19852dacf7c4164f78d820b,41149958,107,2026-01-22,,,1568,1578,-9139797949145,,,,1
modify,0x1fe14350e72ed606c8850a16d91d5500c18274b7a19852dacf7c4164f78d820b,41151472,527,2026-01-22,,,1571,1581,9138427148956,,,,1
modify,0x1fe14350e72ed606c8850a16d91d5500c18274b7a19852dacf7c4164f78d820b,41152108,953,2026-01-22,,,1571,1581,-9138427148956,,,,1
modify,0x1fe14350e72ed606c8850a16d91d5500c18274b7a19852dacf7c4164f78d820b,41163480,118,2026-01-22,,,1484,1705,0,,,,1
price,0x1fe14350e72ed606c8850a16d91d5500c18274b7a19852dacf7c4164f78d820b,41179309,475,2026-01-22,,,,,,85889193222277705014526627672,1614,15008959621448,1696
modify,0x1fe14350e72ed606c8850a16d91d5500c18274b7a19852dacf7c4164f78d820b,41194171,65,2026-01-23,,,1501,1739,-35644018704,,,,1
price,0x1fe14350e72ed606c8850a16d91d5500c18274b7a19852dacf7c4164f78d820b,41222409,484,2026-01-23,,,,,,86148725280014011303154906095,1674,1158558690986,834
modify,0x1fe14350e72ed606c8850a16d91d5500c18274b7a19852dacf7c4164f78d820b,41236815,665,2026-01-24,,,1675,1679,17167401025014,,,,1
modify,0x1fe14350e72ed606c8850a16d91d5500c18274b7a19852dacf7c4164f78d820b,41236971,700,2026-01-24,,,1675,1679,12808039152064,,,,1
modify,0x1fe14350e72ed606c8850a16d91d5500c18274b7a19852dacf7c4164f78d820b,41259312,672,2026-01-24,,,1675,1679,0,,,,1
modify,0x1fe14350e72ed606c8850a16d91d5500c18274b7a19852dacf7c4164f78d820b,41259318,504,2026-01-24,,,1675,1679,-29975440177078,,,,1
modify,0x1fe14350e72ed606c8850a16d91d5500c18274b7a19852dacf7c4164f78d820b,41259399,786,2026-01-24,,,1673,1676,33555758923219,,,,1
price,0x1fe14350e72ed606c8850a16d91d5500c18274b7a19852dacf7c4164f78d820b,41265704,510,2026-01-24,,,,,,86141841373068998964433722374,1673,34714317614205,588
modify,0x1fe14350e72ed606c8850a16d91d5500c18274b7a19852dacf7c4164f78d820b,41270981,740,2026-01-25,,,1467,1626,-271854055831,,,,1
modify,0x1fe14350e72ed606c8850a16d91d5500c18274b7a19852dacf7c4164f78d820b,41272029,636,2026-01-25,,,1673,1677,5887818094508,,,,1
modify,0x1fe14350e72ed606c8850a16d91d5500c18274b7a19852dacf7c4164f78d820b,41278113,155,2026-01-25,,,1673,1676,-33555758923219,,,,1
modify,0x1fe14350e72ed606c8850a16d91d5500c18274b7a19852dacf7c4164f78d820b,41278195,110,2026-01-25,,,1676,1682,15498379461721,,,,1
modify,0x1fe14350e72ed606c8850a16d91d5500c18274b7a19852dacf7c4164f78d820b,41280539,1059,2026-01-25,,,1673,1677,-5887818094508,,,,1
modify,0x1fe14350e72ed606c8850a16d91d5500c18274b7a19852dacf7c4164f78d820b,41284962,450,2026-01-25,,,1679,1685,3714548822125,,,,1
modify,0x1fe14350e72ed606c8850a16d91d5500c18274b7a19852dacf7c4164f78d820b,41291405,263,2026-01-25,,,1682,1702,228888745791,,,,1
modify,0x1fe14350e72ed606c8850a16d91d5500c18274b7a19852dacf7c4164f78d820b,41295794,161,2026-01-25,,,1522,1612,-153900118086,,,,1
modify,0x1fe14350e72ed606c8850a16d91d5500c18274b7a19852dacf7c4164f78d820b,41296277,1461,2026-01-25,,,1679,1685,-3714548822125,,,,1
modify,0x1fe14350e72ed606c8850a16d91d5500c18274b7a19852dacf7c4164f78d820b,41301196,1047,2026-01-25,,,1676,1682,0,,,,1
modify,0x1fe14350e72ed606c8850a16d91d5500c18274b7a19852dacf7c4164f78d820b,41301204,1124,2026-01-25,,,1676,1682,-15498379461721,,,,1
modify,0x1fe14350e72ed606c8850a16d91d5500c18274b7a19852dacf7c4164f78d820b,41301426,94,2026-01-25,,,1700,1720,7729706285105,,,,1
modify,0x1fe14350e72ed606c8850a16d91d5500c18274b7a19852dacf7c4164f78d820b,41306403,91,2026-01-25,,,1700,1720,-7729706285105,,,,1
modify,0x1fe14350e72ed606c8850a16d91d5500c18274b7a19852dacf7c4164f78d820b,41306531,1041,2026-01-25,,,1700,1720,118358024222,,,,1
modify,0x1fe14350e72ed606c8850a16d91d5500c18274b7a19852dacf7c4164f78d820b,41306553,803,2026-01-25,,,1700,1720,6779811739539,,,,1
modify,0x1fe14350e72ed606c8850a16d91d5500c18274b7a19852dacf7c4164f78d820b,41306606,875,2026-01-25,,,1700,1720,-1724542440940,,,,1
price,0x1fe14350e72ed606c8850a16d91d5500c18274b7a19852dacf7c4164f78d820b,41308754,505,2026-01-25,,,,,,86304738678909121619057218216,1711,6263610070024,869
modify,0x1fe14350e72ed606c8850a16d91d5500c18274b7a19852dacf7c4164f78d820b,41312090,403,2026-01-26,,,1682,1702,-228888745791,,,,1
modify,0x1fe14350e72ed606c8850a16d91d5500c18274b7a19852dacf7c4164f78d820b,41318198,420,2026-01-26,,,1705,1717,2003964334928,,,,1
modify,0x1fe14350e72ed606c8850a16d91d5500c18274b7a19852dacf7c4164f78d820b,41321717,1091,2026-01-26,,,1700,1720,-5173627322821,,,,1
modify,0x1fe14350e72ed606c8850a16d91d5500c18274b7a19852dacf7c4164f78d820b,41321778,717,2026-01-26,,,1679,1697,5931691162158,,,,1
modify,0x1fe14350e72ed606c8850a16d91d5500c18274b7a19852dacf7c4164f78d820b,41325692,82,2026-01-26,,,-887272,887272,-1275698,,,,1
modify,0x1fe14350e72ed606c8850a16d91d5500c18274b7a19852dacf7c4164f78d820b,41332391,193,2026-01-26,,,1326,1722,-42185856551,,,,1
modify,0x1fe14350e72ed606c8850a16d91d5500c18274b7a19852dacf7c4164f78d820b,41333215,1513,2026-01-26,,,1679,1697,-5931691162158,,,,1
modify,0x1fe14350e72ed606c8850a16d91d5500c18274b7a19852dacf7c4164f78d820b,41338189,48,2026-01-26,,,1701,1738,342579770792,,,,1
modify,0x1fe14350e72ed606c8850a16d91d5500c18274b7a19852dacf7c4164f78d820b,41339966,327,2026-01-26,,,1705,1717,-2003964334928,,,,1
modify,0x1fe14350e72ed606c8850a16d91d5500c18274b7a19852dacf7c4164f78d820b,41340000,837,2026-01-26,,,1718,1734,1566719962121,,,,1
modify,0x1fe14350e72ed606c8850a16d91d5500c18274b7a19852dacf7c4164f78d820b,41347655,971,2026-01-26,,,1721,1736,8964900353443,,,,1
price,0x1fe14350e72ed606c8850a16d91d5500c18274b7a19852dacf7c4164f78d820b,41352041,852,2026-01-26,,,,,,86348827437286593900795554454,1721,11921995701310,1031
modify,0x1fe14350e72ed606c8850a16d91d5500c18274b7a19852dacf7c4164f78d820b,41354337,53,2026-01-27,,,1721,1736,-8964900353443,,,,1
modify,0x1fe14350e72ed606c8850a16d91d5500c18274b7a19852dacf7c4164f78d820b,41354426,806,2026-01-27,,,1710,1727,8521361050467,,,,1
modify,0x1fe14350e72ed606c8850a16d91d5500c18274b7a19852dacf7c4164f78d820b,41359794,793,2026-01-27,,,1380,1547,-525576970797,,,,1
modify,0x1fe14350e72ed606c8850a16d91d5500c18274b7a19852dacf7c4164f78d820b,41363237,71,2026-01-27,,,1710,1727,-8521361050467,,,,1
modify,0x1fe14350e72ed606c8850a16d91d5500c18274b7a19852dacf7c4164f78d820b,41368145,319,2026-01-27,,,1309,1740,-243760773,,,,1
modify,0x1fe14350e72ed606c8850a16d91d5500c18274b7a19852dacf7c4164f78d820b,41368236,1128,2026-01-27,,,1397,1655,-1288542250,,,,1
modify,0x1fe14350e72ed606c8850a16d91d5500c18274b7a19852dacf7c4164f78d820b,41369462,649,2026-01-27,,,1484,1655,-195894164269,,,,1
modify,0x1fe14350e72ed606c8850a16d91d5500c18274b7a19852dacf7c4164f78d820b,41372740,509,2026-01-27,,,1718,1734,-1566719962121,,,,1
price,0x1fe14350e72ed606c8850a16d91d5500c18274b7a19852dacf7c4164f78d820b,41395081,317,2026-01-27,,,,,,86772814291164086546304025613,1819,18987402537,391
modify,0x1fe14350e72ed606c8850a16d91d5500c18274b7a19852dacf7c4164f78d820b,41423298,0,2026-01-28,,,1484,1705,0,,,,1
modify,0x1fe14350e72ed606c8850a16d91d5500c18274b7a19852dacf7c4164f78d820b,41423349,458,2026-01-28,,,1484,1705,-68575943783,,,,1
modify,0x1fe14350e72ed606c8850a16d91d5500c18274b7a19852dacf7c4164f78d820b,41426420,568,2026-01-28,,,1539,1639,-367486415994,,,,1
modify,0x1fe14350e72ed606c8850a16d91d5500c18274b7a19852dacf7c4164f78d820b,41431412,700,2026-01-28,,,1778,1843,842762780181,,,,1
price,0x1fe14350e72ed606c8850a16d91d5500c18274b7a19852dacf7c4164f78d820b,41438421,768,2026-01-28,,,,,,86728462675172410869525028942,1809,861750182718,435
modify,0x1fe14350e72ed606c8850a16d91d5500c18274b7a19852dacf7c4164f78d820b,41442406,138,2026-01-29,,,1701,1738,-342579770792,,,,1
modify,0x1fe14350e72ed606c8850a16d91d5500c18274b7a19852dacf7c4164f78d820b,41455536,586,2026-01-29,,,1778,1843,-842762780181,,,,1
modify,0x1fe14350e72ed606c8850a16d91d5500c18274b7a19852dacf7c4164f78d820b,41459428,550,2026-01-29,,,1775,1791,4079409170068,,,,1
modify,0x1fe14350e72ed606c8850a16d91d5500c18274b7a19852dacf7c4164f78d820b,41469898,70,2026-01-29,,,1370,1642,-1830180379579,,,,1
modify,0x1fe14350e72ed606c8850a16d91d5500c18274b7a19852dacf7c4164f78d820b,41474671,428,2026-01-29,,,1775,1791,-4079409170068,,,,1
price,0x1fe14350e72ed606c8850a16d91d5500c18274b7a19852dacf7c4164f78d820b,41481645,500,2026-01-29,,,,,,86505480019209445632137222552,1757,18987402537,737
price,0x1fe14350e72ed606c8850a16d91d5500c18274b7a19852dacf7c4164f78d820b,41524724,1151,2026-01-30,,,,,,86244292828162496961922326369,1697,1047551854181,578
modify,0x1fe14350e72ed606c8850a16d91d5500c18274b7a19852dacf7c4164f78d820b,41550604,1281,2026-01-31,,,1577,1777,1820960690,,,,1
price,0x1fe14350e72ed606c8850a16d91d5500c18274b7a19852dacf7c4164f78d820b,41568089,1302,2026-01-31,,,,,,86168193551747654145926814221,1679,1049372814871,728
modify,0x1fe14350e72ed606c8850a16d91d5500c18274b7a19852dacf7c4164f78d820b,41577038,568,2026-02-01,,,1223,1655,-1046886558,,,,1
price,0x1fe14350e72ed606c8850a16d91d5500c18274b7a19852dacf7c4164f78d820b,41611278,486,2026-02-01,,,,,,86265371393269228579493094761,1702,1049372814871,830
modify,0x1fe14350e72ed606c8850a16d91d5500c18274b7a19852dacf7c4164f78d820b,41619497,181,2026-02-02,,,1702,1723,2876899527706,,,,1
modify,0x1fe14350e72ed606c8850a16d91d5500c18274b7a19852dacf7c4164f78d820b,41624650,1105,2026-02-02,,,1702,1723,-2876899527706,,,,1
modify,0x1fe14350e72ed606c8850a16d91d5500c18274b7a19852dacf7c4164f78d820b,41625254,563,2026-02-02,,,1666,1686,995596407647,,,,1
modify,0x1fe14350e72ed606c8850a16d91d5500c18274b7a19852dacf7c4164f78d820b,41626518,772,2026-02-02,,,1666,1686,-995596407647,,,,1
modify,0x1fe14350e72ed606c8850a16d91d5500c18274b7a19852dacf7c4164f78d820b,41626551,980,2026-02-02,,,1643,1682,520744237214,,,,1
modify,0x1fe14350e72ed606c8850a16d91d5500c18274b7a19852dacf7c4164f78d820b,41631037,115,2026-02-02,,,1617,1691,97670812945,,,,1
modify,0x1fe14350e72ed606c8850a16d91d5500c18274b7a19852dacf7c4164f78d820b,41633073,715,2026-02-02,,,1340,1558,-651842738381,,,,1
price,0x1fe14350e72ed606c8850a16d91d5500c18274b7a19852dacf7c4164f78d820b,41654388,827,2026-02-02,,,,,,86095174627807812742443070947,1662,1678398605640,966
modify,0x1fe14350e72ed606c8850a16d91d5500c18274b7a19852dacf7c4164f78d820b,41665414,1294,2026-02-03,,,1643,1682,-520744237214,,,,1
modify,0x1fe14350e72ed606c8850a16d91d5500c18274b7a19852dacf7c4164f78d820b,41670601,994,2026-02-03,,,1640,1651,2419043296954,,,,1
modify,0x1fe14350e72ed606c8850a16d91d5500c18274b7a19852dacf7c4164f78d820b,41675707,670,2026-02-03,,,1640,1651,-2419043296954,,,,1
modify,0x1fe14350e72ed606c8850a16d91d5500c18274b7a19852dacf7c4164f78d820b,41675801,1064,2026-02-03,,,1654,1686,919117568919,,,,1
modify,0x1fe14350e72ed606c8850a16d91d5500c18274b7a19852dacf7c4164f78d820b,41688529,518,2026-02-03,,,1658,1674,1619831032736,,,,1
modify,0x1fe14350e72ed606c8850a16d91d5500c18274b7a19852dacf7c4164f78d820b,41694928,416,2026-02-03,,,1658,1674,-1619831032736,,,,1
modify,0x1fe14350e72ed606c8850a16d91d5500c18274b7a19852dacf7c4164f78d820b,41695088,418,2026-02-03,,,1670,1686,1694604557961,,,,1
price,0x1fe14350e72ed606c8850a16d91d5500c18274b7a19852dacf7c4164f78d820b,41697723,1249,2026-02-03,,,,,,86174936596253006360150893039,1681,3760765754696,881
modify,0x1fe14350e72ed606c8850a16d91d5500c18274b7a19852dacf7c4164f78d820b,41716307,1115,2026-02-04,,,1670,1686,-1694604557961,,,,1
modify,0x1fe14350e72ed606c8850a16d91d5500c18274b7a19852dacf7c4164f78d820b,41718279,123,2026-02-04,,,1641,1684,622400721547,,,,1
modify,0x1fe14350e72ed606c8850a16d91d5500c18274b7a19852dacf7c4164f78d820b,41720700,317,2026-02-04,,,1654,1686,-919117568919,,,,1
modify,0x1fe14350e72ed606c8850a16d91d5500c18274b7a19852dacf7c4164f78d820b,41720836,1609,2026-02-04,,,1646,1677,941061196161,,,,1
modify,0x1fe14350e72ed606c8850a16d91d5500c18274b7a19852dacf7c4164f78d820b,41736720,640,2026-02-04,,,1641,1684,0,,,,1
modify,0x1fe14350e72ed606c8850a16d91d5500c18274b7a19852dacf7c4164f78d820b,41736728,346,2026-02-04,,,1641,1684,-622400721547,,,,1
modify,0x1fe14350e72ed606c8850a16d91d5500c18274b7a19852dacf7c4164f78d820b,41736858,435,2026-02-04,,,1625,1665,700257495269,,,,1
price,0x1fe14350e72ed606c8850a16d91d5500c18274b7a19852dacf7c4164f78d820b,41740901,885,2026-02-04,,,,,,86021344308806479530380917452,1645,1871777964017,1295
modify,0x1fe14350e72ed606c8850a16d91d5500c18274b7a19852dacf7c4164f78d820b,41751714,395,2026-02-05,,,1501,1739,0,,,,1
modify,0x1fe14350e72ed606c8850a16d91d5500c18274b7a19852dacf7c4164f78d820b,41756124,833,2026-02-05,,,1625,1665,-700257495269,,,,1
modify,0x1fe14350e72ed606c8850a16d91d5500c18274b7a19852dacf7c4164f78d820b,41756246,488,2026-02-05,,,1654,1682,949181480080,,,,1
modify,0x1fe14350e72ed606c8850a16d91d5500c18274b7a19852dacf7c4164f78d820b,41757491,618,2026-02-05,,,1654,1682,0,,,,1
modify,0x1fe14350e72ed606c8850a16d91d5500c18274b7a19852dacf7c4164f78d820b,41758546,129,2026-02-05,,,1654,1682,-949181480080,,,,1
modify,0x1fe14350e72ed606c8850a16d91d5500c18274b7a19852dacf7c4164f78d820b,41758661,110,2026-02-05,,,1631,1663,829658375460,,,,1
modify,0x1fe14350e72ed606c8850a16d91d5500c18274b7a19852dacf7c4164f78d820b,41775241,562,2026-02-05,,,1631,1663,-829658375460,,,,1
modify,0x1fe14350e72ed606c8850a16d91d5500c18274b7a19852dacf7c4164f78d820b,41776674,1133,2026-02-05,,,1646,1677,-941061196161,,,,1
modify,0x1fe14350e72ed606c8850a16d91d5500c18274b7a19852dacf7c4164f78d820b,41776705,429,2026-02-05,,,1625,1647,2857282150586,,,,1
modify,0x1fe14350e72ed606c8850a16d91d5500c18274b7a19852dacf7c4164f78d820b,41783900,735,2026-02-05,,,1625,1647,-2857282150586,,,,1
modify,0x1fe14350e72ed606c8850a16d91d5500c18274b7a19852dacf7c4164f78d820b,41784084,236,2026-02-05,,,1623,1650,2393937038635,,,,1
price,0x1fe14350e72ed606c8850a16d91d5500c18274b7a19852dacf7c4164f78d820b,41784103,178,2026-02-05,,,,,,86034643128678448853496684977,1648,3565457507383,1928
modify,0x1fe14350e72ed606c8850a16d91d5500c18274b7a19852dacf7c4164f78d820b,41784609,287,2026-02-06,,,1623,1650,-598484259658,,,,1
modify,0x1fe14350e72ed606c8850a16d91d5500c18274b7a19852dacf7c4164f78d820b,41825244,277,2026-02-06,,,1623,1650,-1795452778977,,,,1
modify,0x1fe14350e72ed606c8850a16d91d5500c18274b7a19852dacf7c4164f78d820b,41825439,542,2026-02-06,,,1641,1645,10019214972435,,,,1
modify,0x1fe14350e72ed606c8850a16d91d5500c18274b7a19852dacf7c4164f78d820b,41825498,1454,2026-02-06,,,1641,1645,1886605886285,,,,1
modify,0x1fe14350e72ed606c8850a16d91d5500c18274b7a19852dacf7c4164f78d820b,41825533,756,2026-02-06,,,1641,1645,1358757851721,,,,1
modify,0x1fe14350e72ed606c8850a16d91d5500c18274b7a19852dacf7c4164f78d820b,41825634,500,2026-02-06,,,1641,1645,1072401474194,,,,1
price,0x1fe14350e72ed606c8850a16d91d5500c18274b7a19852dacf7c4164f78d820b,41827293,1276,2026-02-06,,,,,,86013507804428157448220128867,1643,15508500653383,1883
modify,0x1fe14350e72ed606c8850a16d91d5500c18274b7a19852dacf7c4164f78d820b,41830205,854,2026-02-07,,,1641,1645,-14336980184635,,,,1
modify,0x1fe14350e72ed606c8850a16d91d5500c18274b7a19852dacf7c4164f78d820b,41830274,531,2026-02-07,,,1647,1654,7883507809299,,,,1
modify,0x1fe14350e72ed606c8850a16d91d5500c18274b7a19852dacf7c4164f78d820b,41836596,613,2026-02-07,,,1647,1654,-7883507809299,,,,1
modify,0x1fe14350e72ed606c8850a16d91d5500c18274b7a19852dacf7c4164f78d820b,41836698,469,2026-02-07,,,1635,1645,5080251757816,,,,1
modify,0x1fe14350e72ed606c8850a16d91d5500c18274b7a19852dacf7c4164f78d820b,41841176,597,2026-02-07,,,1635,1645,-5080251757816,,,,1
modify,0x1fe14350e72ed606c8850a16d91d5500c18274b7a19852dacf7c4164f78d820b,41841257,598,2026-02-07,,,1627,1638,4429327583736,,,,1
modify,0x1fe14350e72ed606c8850a16d91d5500c18274b7a19852dacf7c4164f78d820b,41863638,399,2026-02-07,,,1627,1638,-4429327583736,,,,1
modify,0x1fe14350e72ed606c8850a16d91d5500c18274b7a19852dacf7c4164f78d820b,41863699,970,2026-02-07,,,1640,1649,6578631842572,,,,1
price,0x1fe14350e72ed606c8850a16d91d5500c18274b7a19852dacf7c4164f78d820b,41869781,663,2026-02-07,,,,,,86016315735841553694064504708,1644,7750152311320,1044
modify,0x1fe14350e72ed606c8850a16d91d5500c18274b7a19852dacf7c4164f78d820b,41881966,254,2026-02-08,,,1640,1649,-6578631842572,,,,1
modify,0x1fe14350e72ed606c8850a16d91d5500c18274b7a19852dacf7c4164f78d820b,41884608,948,2026-02-08,,,1627,1647,1797217545173,,,,1
modify,0x1fe14350e72ed606c8850a16d91d5500c18274b7a19852dacf7c4164f78d820b,41906175,292,2026-02-08,,,1627,1647,-1797217545173,,,,1
price,0x1fe14350e72ed606c8850a16d91d5500c18274b7a19852dacf7c4164f78d820b,41913725,912,2026-02-08,,,,,,86157109173882732464872471188,1676,1147043627816,898
modify,0x1fe14350e72ed606c8850a16d91d5500c18274b7a19852dacf7c4164f78d820b,41917188,890,2026-02-09,,,1685,1705,1464178186816,,,,1
modify,0x1fe14350e72ed606c8850a16d91d5500c18274b7a19852dacf7c4164f78d820b,41926959,462,2026-02-09,,,1685,1705,-1464178186816,,,,1
modify,0x1fe14350e72ed606c8850a16d91d5500c18274b7a19852dacf7c4164f78d820b,41928946,479,2026-02-09,,,1705,1744,332682723941,,,,1
modify,0x1fe14350e72ed606c8850a16d91d5500c18274b7a19852dacf7c4164f78d820b,41929972,936,2026-02-09,,,1705,1744,-332682723941,,,,1
price,0x1fe14350e72ed606c8850a16d91d5500c18274b7a19852dacf7c4164f78d820b,41956454,1609,2026-02-09,,,,,,86434172422252708689612096860,1741,20808363227,599
price,0x1fe14350e72ed606c8850a16d91d5500c18274b7a19852dacf7c4164f78d820b,41999934,604,2026-02-10,,,,,,86462532489388986734976855258,1747,20808363227,492
price,0x1fe14350e72ed606c8850a16d91d5500c18274b7a19852dacf7c4164f78d820b,42043196,785,2026-02-11,,,,,,86278345769069584627395900830,1705,1049372814871,1217
modify,0x1fe14350e72ed606c8850a16d91d5500c18274b7a19852dacf7c4164f78d820b,42045208,633,2026-02-12,,,1678,1729,499892289857,,,,1
modify,0x1fe14350e72ed606c8850a16d91d5500c18274b7a19852dacf7c4164f78d820b,42060949,461,2026-02-12,,,1678,1729,-499892289857,,,,1
modify,0x1fe14350e72ed606c8850a16d91d5500c18274b7a19852dacf7c4164f78d820b,42061035,825,2026-02-12,,,1714,1738,1100435884520,,,,1
modify,0x1fe14350e72ed606c8850a16d91d5500c18274b7a19852dacf7c4164f78d820b,42062345,334,2026-02-12,,,1714,1738,-1100435884520,,,,1
modify,0x1fe14350e72ed606c8850a16d91d5500c18274b7a19852dacf7c4164f78d820b,42062405,407,2026-02-12,,,1686,1736,480049790551,,,,1
price,0x1fe14350e72ed606c8850a16d91d5500c18274b7a19852dacf7c4164f78d820b,42086520,818,2026-02-12,,,,,,86276804514553662325948135591,1704,1529422605422,1026
modify,0x1fe14350e72ed606c8850a16d91d5500c18274b7a19852dacf7c4164f78d820b,42088178,17,2026-02-13,,,1617,1691,-97670812945,,,,1
modify,0x1fe14350e72ed606c8850a16d91d5500c18274b7a19852dacf7c4164f78d820b,42088235,109,2026-02-13,,,1649,1729,126924040607,,,,1
modify,0x1fe14350e72ed606c8850a16d91d5500c18274b7a19852dacf7c4164f78d820b,42092884,1611,2026-02-13,,,1686,1736,0,,,,1
modify,0x1fe14350e72ed606c8850a16d91d5500c18274b7a19852dacf7c4164f78d820b,42092894,1747,2026-02-13,,,1686,1736,-480049790551,,,,1
modify,0x1fe14350e72ed606c8850a16d91d5500c18274b7a19852dacf7c4164f78d820b,42093024,680,2026-02-13,,,1683,1735,486062342968,,,,1
modify,0x1fe14350e72ed606c8850a16d91d5500c18274b7a19852dacf7c4164f78d820b,42125504,637,2026-02-13,,,1683,1735,0,,,,1
modify,0x1fe14350e72ed606c8850a16d91d5500c18274b7a19852dacf7c4164f78d820b,42125512,510,2026-02-13,,,1683,1735,-486062342968,,,,1
modify,0x1fe14350e72ed606c8850a16d91d5500c18274b7a19852dacf7c4164f78d820b,42125573,1049,2026-02-13,,,1692,1716,1050178144367,,,,1
price,0x1fe14350e72ed606c8850a16d91d5500c18274b7a19852dacf7c4164f78d820b,42129712,469,2026-02-13,,,,,,86273505152582015667559685668,1703,2226474999845,840
modify,0x1fe14350e72ed606c8850a16d91d5500c18274b7a19852dacf7c4164f78d820b,42135442,377,2026-02-14,,,1577,1777,0,,,,1
modify,0x1fe14350e72ed606c8850a16d91d5500c18274b7a19852dacf7c4164f78d820b,42135677,771,2026-02-14,,,1577,1777,0,,,,1
modify,0x1fe14350e72ed606c8850a16d91d5500c18274b7a19852dacf7c4164f78d820b,42135707,444,2026-02-14,,,1577,1777,0,,,,1
modify,0x1fe14350e72ed606c8850a16d91d5500c18274b7a19852dacf7c4164f78d820b,42135717,833,2026-02-14,,,1577,1777,0,,,,1
modify,0x1fe14350e72ed606c8850a16d91d5500c18274b7a19852dacf7c4164f78d820b,42135723,478,2026-02-14,,,1577,1777,0,,,,1
modify,0x1fe14350e72ed606c8850a16d91d5500c18274b7a19852dacf7c4164f78d820b,42136036,797,2026-02-14,,,1577,1777,-1820960690,,,,1
modify,0x1fe14350e72ed606c8850a16d91d5500c18274b7a19852dacf7c4164f78d820b,42139868,656,2026-02-14,,,1692,1716,-1050178144367,,,,1
modify,0x1fe14350e72ed606c8850a16d91d5500c18274b7a19852dacf7c4164f78d820b,42140060,1208,2026-02-14,,,1683,1712,947349646779,,,,1
modify,0x1fe14350e72ed606c8850a16d91d5500c18274b7a19852dacf7c4164f78d820b,42147309,582,2026-02-14,,,1683,1712,-947349646779,,,,1
modify,0x1fe14350e72ed606c8850a16d91d5500c18274b7a19852dacf7c4164f78d820b,42147352,587,2026-02-14,,,1665,1714,529631997192,,,,1
modify,0x1fe14350e72ed606c8850a16d91d5500c18274b7a19852dacf7c4164f78d820b,42168232,421,2026-02-14,,,1665,1714,-529631997192,,,,1
modify,0x1fe14350e72ed606c8850a16d91d5500c18274b7a19852dacf7c4164f78d820b,42168353,972,2026-02-14,,,1682,1706,1149154687538,,,,1
price,0x1fe14350e72ed606c8850a16d91d5500c18274b7a19852dacf7c4164f78d820b,42172688,447,2026-02-14,,,,,,86233254037889718923747798109,1694,2323630582326,787
modify,0x1fe14350e72ed606c8850a16d91d5500c18274b7a19852dacf7c4164f78d820b,42192716,510,2026-02-15,,,1682,1706,0,,,,1
modify,0x1fe14350e72ed606c8850a16d91d5500c18274b7a19852dacf7c4164f78d820b,42192722,382,2026-02-15,,,1682,1706,-1149154687538,,,,1
modify,0x1fe14350e72ed606c8850a16d91d5500c18274b7a19852dacf7c4164f78d820b,42192818,959,2026-02-15,,,1689,1709,1319916546589,,,,1
price,0x1fe14350e72ed606c8850a16d91d5500c18274b7a19852dacf7c4164f78d820b,42215990,362,2026-02-15,,,,,,86274857708731662665292275023,1704,2494392441377,850
modify,0x1fe14350e72ed606c8850a16d91d5500c18274b7a19852dacf7c4164f78d820b,42224856,596,2026-02-16,,,1689,1709,0,,,,1
modify,0x1fe14350e72ed606c8850a16d91d5500c18274b7a19852dacf7c4164f78d820b,42224908,610,2026-02-16,,,1689,1709,-1319916546589,,,,1
modify,0x1fe14350e72ed606c8850a16d91d5500c18274b7a19852dacf7c4164f78d820b,42224951,638,2026-02-16,,,1695,1715,1334404468655,,,,1
modify,0x1fe14350e72ed606c8850a16d91d5500c18274b7a19852dacf7c4164f78d820b,42228664,842,2026-02-16,,,1695,1715,0,,,,1
modify,0x1fe14350e72ed606c8850a16d91d5500c18274b7a19852dacf7c4164f78d820b,42228671,560,2026-02-16,,,1695,1715,-1334404468655,,,,1
modify,0x1fe14350e72ed606c8850a16d91d5500c18274b7a19852dacf7c4164f78d820b,42228754,807,2026-02-16,,,1680,1715,690289345598,,,,1
modify,0x1fe14350e72ed606c8850a16d91d5500c18274b7a19852dacf7c4164f78d820b,42252626,479,2026-02-16,,,1680,1715,0,,,,1
modify,0x1fe14350e72ed606c8850a16d91d5500c18274b7a19852dacf7c4164f78d820b,42252634,790,2026-02-16,,,1680,1715,-690289345598,,,,1
modify,0x1fe14350e72ed606c8850a16d91d5500c18274b7a19852dacf7c4164f78d820b,42252702,1139,2026-02-16,,,1678,1705,983155101224,,,,1
price,0x1fe14350e72ed606c8850a16d91d5500c18274b7a19852dacf7c4164f78d820b,42259213,325,2026-02-16,,,,,,86206240480551851732152154856,1688,2157630996012,735
modify,0x1fe14350e72ed606c8850a16d91d5500c18274b7a19852dacf7c4164f78d820b,42270590,882,2026-02-17,,,1678,1705,0,,,,1
modify,0x1fe14350e72ed606c8850a16d91d5500c18274b7a19852dacf7c4164f78d820b,42271324,876,2026-02-17,,,1678,1705,-983155101224,,,,1
modify,0x1fe14350e72ed606c8850a16d91d5500c18274b7a19852dacf7c4164f78d820b,42271416,970,2026-02-17,,,1663,1694,847616059092,,,,1
modify,0x1fe14350e72ed606c8850a16d91d5500c18274b7a19852dacf7c4164f78d820b,42272705,730,2026-02-17,,,1501,1739,5199126338,,,,1
modify,0x1fe14350e72ed606c8850a16d91d5500c18274b7a19852dacf7c4164f78d820b,42272743,174,2026-02-17,,,1501,1739,665816131,,,,1
modify,0x1fe14350e72ed606c8850a16d91d5500c18274b7a19852dacf7c4164f78d820b,42273066,168,2026-02-17,,,1501,1739,3251710522,,,,1
modify,0x1fe14350e72ed606c8850a16d91d5500c18274b7a19852dacf7c4164f78d820b,42300411,502,2026-02-17,,,1663,1694,0,,,,1
modify,0x1fe14350e72ed606c8850a16d91d5500c18274b7a19852dacf7c4164f78d820b,42300419,754,2026-02-17,,,1663,1694,-847616059092,,,,1
modify,0x1fe14350e72ed606c8850a16d91d5500c18274b7a19852dacf7c4164f78d820b,42300477,643,2026-02-17,,,1672,1704,811516342496,,,,1
price,0x1fe14350e72ed606c8850a16d91d5500c18274b7a19852dacf7c4164f78d820b,42302505,442,2026-02-17,,,,,,86209753271495595240618207109,1689,1995108890275,578
modify,0x1fe14350e72ed606c8850a16d91d5500c18274b7a19852dacf7c4164f78d820b,42323619,664,2026-02-18,,,1672,1704,-811516342496,,,,1
modify,0x1fe14350e72ed606c8850a16d91d5500c18274b7a19852dacf7c4164f78d820b,42323844,746,2026-02-18,,,1635,1675,689543319494,,,,1
modify,0x1fe14350e72ed606c8850a16d91d5500c18274b7a19852dacf7c4164f78d820b,42331472,390,2026-02-18,,,1635,1675,0,,,,1
modify,0x1fe14350e72ed606c8850a16d91d5500c18274b7a19852dacf7c4164f78d820b,42331477,568,2026-02-18,,,1635,1675,-689543319494,,,,1
modify,0x1fe14350e72ed606c8850a16d91d5500c18274b7a19852dacf7c4164f78d820b,42331533,1212,2026-02-18,,,1609,1669,399634439479,,,,1
price,0x1fe14350e72ed606c8850a16d91d5500c18274b7a19852dacf7c4164f78d820b,42345722,717,2026-02-18,,,,,,86010115164649425575435342337,1642,1480779787583,1394
modify,0x1fe14350e72ed606c8850a16d91d5500c18274b7a19852dacf7c4164f78d820b,42351591,530,2026-02-19,,,1609,1669,-399634439479,,,,1
modify,0x1fe14350e72ed606c8850a16d91d5500c18274b7a19852dacf7c4164f78d820b,42351653,602,2026-02-19,,,1643,1673,870039807200,,,,1
modify,0x1fe14350e72ed606c8850a16d91d5500c18274b7a19852dacf7c4164f78d820b,42355074,768,2026-02-19,,,1643,1673,-870039807200,,,,1
modify,0x1fe14350e72ed606c8850a16d91d5500c18274b7a19852dacf7c4164f78d820b,42355151,604,2026-02-19,,,1624,1668,526079549144,,,,1
modify,0x1fe14350e72ed606c8850a16d91d5500c18274b7a19852dacf7c4164f78d820b,42358147,573,2026-02-19,,,1624,1668,-526079549144,,,,1
price,0x1fe14350e72ed606c8850a16d91d5500c18274b7a19852dacf7c4164f78d820b,42388829,473,2026-02-19,,,,,,85890208780005304834424446534,1614,12203674974449,1241
modify,0x1fe14350e72ed606c8850a16d91d5500c18274b7a19852dacf7c4164f78d820b,42415365,128,2026-02-20,,,1636,1651,4780100713023,,,,1
modify,0x1fe14350e72ed606c8850a16d91d5500c18274b7a19852dacf7c4164f78d820b,42430981,549,2026-02-20,,,1636,1651,-4780100713023,,,,1
modify,0x1fe14350e72ed606c8850a16d91d5500c18274b7a19852dacf7c4164f78d820b,42431019,529,2026-02-20,,,1639,1645,11014597605950,,,,1
modify,0x1fe14350e72ed606c8850a16d91d5500c18274b7a19852dacf7c4164f78d820b,42431180,459,2026-02-20,,,1639,1645,1758678365452,,,,1
price,0x1fe14350e72ed606c8850a16d91d5500c18274b7a19852dacf7c4164f78d820b,42432111,393,2026-02-20,,,,,,86003899363141910228987862826,1641,13854421319506,1066
modify,0x1fe14350e72ed606c8850a16d91d5500c18274b7a19852dacf7c4164f78d820b,42434564,645,2026-02-21,,,1638,1644,299803475424,,,,1
modify,0x1fe14350e72ed606c8850a16d91d5500c18274b7a19852dacf7c4164f78d820b,42437175,983,2026-02-21,,,1649,1729,-126924040607,,,,1
modify,0x1fe14350e72ed606c8850a16d91d5500c18274b7a19852dacf7c4164f78d820b,42438769,496,2026-02-21,,,1599,1689,90206468281,,,,1
modify,0x1fe14350e72ed606c8850a16d91d5500c18274b7a19852dacf7c4164f78d820b,42463534,898,2026-02-21,,,1628,1648,1367289592180,,,,1
modify,0x1fe14350e72ed606c8850a16d91d5500c18274b7a19852dacf7c4164f78d820b,42472945,1022,2026-02-21,,,1638,1644,-299803475424,,,,1
price,0x1fe14350e72ed606c8850a16d91d5500c18274b7a19852dacf7c4164f78d820b,42474547,577,2026-02-21,,,,,,85987694713895574763518503028,1637,2538641408565,780
modify,0x1fe14350e72ed606c8850a16d91d5500c18274b7a19852dacf7c4164f78d820b,42476208,933,2026-02-22,,,1639,1645,-12773275971402,,,,1
modify,0x1fe14350e72ed606c8850a16d91d5500c18274b7a19852dacf7c4164f78d820b,42493526,438,2026-02-22,,,1628,1648,-1367289592180,,,,1
modify,0x1fe14350e72ed606c8850a16d91d5500c18274b7a19852dacf7c4164f78d820b,42493565,1004,2026-02-22,,,1624,1644,1364617985987,,,,1
modify,0x1fe14350e72ed606c8850a16d91d5500c18274b7a19852dacf7c4164f78d820b,42505670,614,2026-02-22,,,1624,1644,-1364617985987,,,,1
modify,0x1fe14350e72ed606c8850a16d91d5500c18274b7a19852dacf7c4164f78d820b,42505744,543,2026-02-22,,,1638,1658,1365338121666,,,,1
modify,0x1fe14350e72ed606c8850a16d91d5500c18274b7a19852dacf7c4164f78d820b,42508519,280,2026-02-22,,,1638,1658,-1365338121666,,,,1
modify,0x1fe14350e72ed606c8850a16d91d5500c18274b7a19852dacf7c4164f78d820b,42508665,330,2026-02-22,,,1660,1692,767052793999,,,,1
price,0x1fe14350e72ed606c8850a16d91d5500c18274b7a19852dacf7c4164f78d820b,42518506,299,2026-02-22,,,,,,86122018602189262228742964411,1668,1924538510062,434
modify,0x1fe14350e72ed606c8850a16d91d5500c18274b7a19852dacf7c4164f78d820b,42524016,395,2026-02-23,,,1660,1692,0,,,,1
modify,0x1fe14350e72ed606c8850a16d91d5500c18274b7a19852dacf7c4164f78d820b,42524023,646,2026-02-23,,,1660,1692,-767052793999,,,,1
modify,0x1fe14350e72ed606c8850a16d91d5500c18274b7a19852dacf7c4164f78d820b,42524106,595,2026-02-23,,,1646,1679,792342588365,,,,1
modify,0x1fe14350e72ed606c8850a16d91d5500c18274b7a19852dacf7c4164f78d820b,42527850,606,2026-02-23,,,1581,1631,-11074668708682,,,,1
modify,0x1fe14350e72ed606c8850a16d91d5500c18274b7a19852dacf7c4164f78d820b,42528413,452,2026-02-23,,,1646,1679,-792342588365,,,,1
modify,0x1fe14350e72ed606c8850a16d91d5500c18274b7a19852dacf7c4164f78d820b,42528742,546,2026-02-23,,,1622,1652,892062782056,,,,1
modify,0x1fe14350e72ed606c8850a16d91d5500c18274b7a19852dacf7c4164f78d820b,42538495,486,2026-02-23,,,1622,1652,-892062782056,,,,1
modify,0x1fe14350e72ed606c8850a16d91d5500c18274b7a19852dacf7c4164f78d820b,42538798,912,2026-02-23,,,1606,1699,279281832395,,,,1
modify,0x1fe14350e72ed606c8850a16d91d5500c18274b7a19852dacf7c4164f78d820b,42559290,301,2026-02-23,,,1629,1639,8011111715368,,,,1
modify,0x1fe14350e72ed606c8850a16d91d5500c18274b7a19852dacf7c4164f78d820b,42559900,101,2026-02-23,,,1617,1637,105439684931,,,,1
modify,0x1fe14350e72ed606c8850a16d91d5500c18274b7a19852dacf7c4164f78d820b,42560320,446,2026-02-23,,,1623,1633,15016813408,,,,1
modify,0x1fe14350e72ed606c8850a16d91d5500c18274b7a19852dacf7c4164f78d820b,42560375,564,2026-02-23,,,1623,1633,-15016813408,,,,1
modify,0x1fe14350e72ed606c8850a16d91d5500c18274b7a19852dacf7c4164f78d820b,42560440,500,2026-02-23,,,1617,1637,7808006615,,,,1
price,0x1fe14350e72ed606c8850a16d91d5500c18274b7a19852dacf7c4164f78d820b,42561718,522,2026-02-23,,,,,,85965731192188750375948333841,1632,9574993055694,685
modify,0x1fe14350e72ed606c8850a16d91d5500c18274b7a19852dacf7c4164f78d820b,42564628,849,2026-02-24,,,1606,1699,-279281832395,,,,1
modify,0x1fe14350e72ed606c8850a16d91d5500c18274b7a19852dacf7c4164f78d820b,42568433,28,2026-02-24,,,1629,1639,-8011111715368,,,,1
modify,0x1fe14350e72ed606c8850a16d91d5500c18274b7a19852dacf7c4164f78d820b,42572428,705,2026-02-24,,,1626,1647,2984341796602,,,,1
modify,0x1fe14350e72ed606c8850a16d91d5500c18274b7a19852dacf7c4164f78d820b,42587387,839,2026-02-24,,,1617,1637,0,,,,1
modify,0x1fe14350e72ed606c8850a16d91d5500c18274b7a19852dacf7c4164f78d820b,42589119,636,2026-02-24,,,1617,1637,-113247691546,,,,1
modify,0x1fe14350e72ed606c8850a16d91d5500c18274b7a19852dacf7c4164f78d820b,42590124,412,2026-02-24,,,1533,1854,5851221598,,,,1
modify,0x1fe14350e72ed606c8850a16d91d5500c18274b7a19852dacf7c4164f78d820b,42602835,537,2026-02-24,,,1626,1647,-2984341796602,,,,1
price,0x1fe14350e72ed606c8850a16d91d5500c18274b7a19852dacf7c4164f78d820b,42604824,62,2026-02-24,,,,,,86066258196859602624632458496,1655,1163336937661,821
modify,0x1fe14350e72ed606c8850a16d91d5500c18274b7a19852dacf7c4164f78d820b,42611742,714,2026-02-25,,,1633,1653,1337322946429,,,,1
modify,0x1fe14350e72ed606c8850a16d91d5500c18274b7a19852dacf7c4164f78d820b,42626902,1030,2026-02-25,,,1633,1653,-1337322946429,,,,1
modify,0x1fe14350e72ed606c8850a16d91d5500c18274b7a19852dacf7c4164f78d820b,42627034,371,2026-02-25,,,1645,1676,810604398691,,,,1
modify,0x1fe14350e72ed606c8850a16d91d5500c18274b7a19852dacf7c4164f78d820b,42629972,683,2026-02-25,,,1533,1854,-5851221598,,,,1
modify,0x1fe14350e72ed606c8850a16d91d5500c18274b7a19852dacf7c4164f78d820b,42630449,41,2026-02-25,,,1533,1854,5724751671,,,,1
modify,0x1fe14350e72ed606c8850a16d91d5500c18274b7a19852dacf7c4164f78d820b,42631947,374,2026-02-25,,,1533,1754,887534182,,,,1
modify,0x1fe14350e72ed606c8850a16d91d5500c18274b7a19852dacf7c4164f78d820b,42631990,276,2026-02-25,,,1533,1854,-5724751671,,,,1
modify,0x1fe14350e72ed606c8850a16d91d5500c18274b7a19852dacf7c4164f78d820b,42632237,26,2026-02-25,,,1371,1768,4886767259,,,,1
price,0x1fe14350e72ed606c8850a16d91d5500c18274b7a19852dacf7c4164f78d820b,42647923,976,2026-02-25,,,,,,86131702723729499186422162046,1670,1963253675585,1022
modify,0x1fe14350e72ed606c8850a16d91d5500c18274b7a19852dacf7c4164f78d820b,42652486,1349,2026-02-26,,,1371,1768,-4886767259,,,,1
modify,0x1fe14350e72ed606c8850a16d91d5500c18274b7a19852dacf7c4164f78d820b,42652668,645,2026-02-26,,,1533,1754,-887534182,,,,1
modify,0x1fe14350e72ed606c8850a16d91d5500c18274b7a19852dacf7c4164f78d820b,42655146,410,2026-02-26,,,1645,1676,-810604398691,,,,1
modify,0x1fe14350e72ed606c8850a16d91d5500c18274b7a19852dacf7c4164f78d820b,42655234,559,2026-02-26,,,1638,1668,857610506932,,,,1
modify,0x1fe14350e72ed606c8850a16d91d5500c18274b7a19852dacf7c4164f78d820b,42666285,70,2026-02-26,,,1501,1739,0,,,,1
modify,0x1fe14350e72ed606c8850a16d91d5500c18274b7a19852dacf7c4164f78d820b,42666303,759,2026-02-26,,,1501,1739,-864573101901,,,,1
modify,0x1fe14350e72ed606c8850a16d91d5500c18274b7a19852dacf7c4164f78d820b,42668653,488,2026-02-26,,,1638,1668,-857610506932,,,,1
modify,0x1fe14350e72ed606c8850a16d91d5500c18274b7a19852dacf7c4164f78d820b,42668703,1174,2026-02-26,,,1583,1683,260444481827,,,,1
modify,0x1fe14350e72ed606c8850a16d91d5500c18274b7a19852dacf7c4164f78d820b,42675630,530,2026-02-26,,,1603,1703,20204788216,,,,1
price,0x1fe14350e72ed606c8850a16d91d5500c18274b7a19852dacf7c4164f78d820b,42691061,770,2026-02-26,,,,,,86074790488426393926650976633,1657,573561884205,819
modify,0x1fe14350e72ed606c8850a16d91d5500c18274b7a19852dacf7c4164f78d820b,42697161,607,2026-02-27,,,1583,1683,-260444481827,,,,1
modify,0x1fe14350e72ed606c8850a16d91d5500c18274b7a19852dacf7c4164f78d820b,42710535,437,2026-02-27,,,1635,1698,430651981825,,,,1
price,0x1fe14350e72ed606c8850a16d91d5500c18274b7a19852dacf7c4164f78d820b,42734330,772,2026-02-27,,,,,,86077975949726776105628588946,1658,743769384203,506
modify,0x1fe14350e72ed606c8850a16d91d5500c18274b7a19852dacf7c4164f78d820b,42737417,448,2026-02-28,,,1635,1698,-430651981825,,,,1
modify,0x1fe14350e72ed606c8850a16d91d5500c18274b7a19852dacf7c4164f78d820b,42737456,422,2026-02-28,,,1625,1682,470868199296,,,,1
modify,0x1fe14350e72ed606c8850a16d91d5500c18274b7a19852dacf7c4164f78d820b,42760294,1059,2026-02-28,,,1534,1840,763766877,,,,1
modify,0x1fe14350e72ed606c8850a16d91d5500c18274b7a19852dacf7c4164f78d820b,42763245,885,2026-02-28,,,1639,1659,933962387392,,,,1
modify,0x1fe14350e72ed606c8850a16d91d5500c18274b7a19852dacf7c4164f78d820b,42763291,94,2026-02-28,,,1639,1659,21487437450,,,,1
modify,0x1fe14350e72ed606c8850a16d91d5500c18274b7a19852dacf7c4164f78d820b,42763399,380,2026-02-28,,,1625,1682,-470868199296,,,,1
modify,0x1fe14350e72ed606c8850a16d91d5500c18274b7a19852dacf7c4164f78d820b,42763470,537,2026-02-28,,,1638,1658,1386881788268,,,,1
modify,0x1fe14350e72ed606c8850a16d91d5500c18274b7a19852dacf7c4164f78d820b,42768357,498,2026-02-28,,,1534,1840,-381883438,,,,1
modify,0x1fe14350e72ed606c8850a16d91d5500c18274b7a19852dacf7c4164f78d820b,42768363,1460,2026-02-28,,,1534,1840,-190941719,,,,1
modify,0x1fe14350e72ed606c8850a16d91d5500c18274b7a19852dacf7c4164f78d820b,42768418,602,2026-02-28,,,1534,1840,-190941720,,,,1
modify,0x1fe14350e72ed606c8850a16d91d5500c18274b7a19852dacf7c4164f78d820b,42771785,231,2026-02-28,,,1433,1446,-474738488094,,,,1
modify,0x1fe14350e72ed606c8850a16d91d5500c18274b7a19852dacf7c4164f78d820b,42772610,524,2026-02-28,,,1638,1658,-1386881788268,,,,1
modify,0x1fe14350e72ed606c8850a16d91d5500c18274b7a19852dacf7c4164f78d820b,42772765,647,2026-02-28,,,1629,1690,429200233604,,,,1
price,0x1fe14350e72ed606c8850a16d91d5500c18274b7a19852dacf7c4164f78d820b,42777258,653,2026-02-28,,,,,,86085861631302542801831486254,1660,742317635982,700
modify,0x1fe14350e72ed606c8850a16d91d5500c18274b7a19852dacf7c4164f78d820b,42792330,736,2026-03-01,,,1639,1659,-955449824842,,,,1
modify,0x1fe14350e72ed606c8850a16d91d5500c18274b7a19852dacf7c4164f78d820b,42796123,136,2026-03-01,,,1603,1703,63711934537,,,,1
modify,0x1fe14350e72ed606c8850a16d91d5500c18274b7a19852dacf7c4164f78d820b,42798885,1223,2026-03-01,,,1629,1690,-429200233604,,,,1
modify,0x1fe14350e72ed606c8850a16d91d5500c18274b7a19852dacf7c4164f78d820b,42798922,898,2026-03-01,,,1636,1682,603677311506,,,,1
modify,0x1fe14350e72ed606c8850a16d91d5500c18274b7a19852dacf7c4164f78d820b,42801985,831,2026-03-01,,,1621,1684,34926349036,,,,1
price,0x1fe14350e72ed606c8850a16d91d5500c18274b7a19852dacf7c4164f78d820b,42820917,754,2026-03-01,,,,,,85941441660670430040442020891,1626,473482703936,685
modify,0x1fe14350e72ed606c8850a16d91d5500c18274b7a19852dacf7c4164f78d820b,42822153,504,2026-03-02,,,1636,1682,-603677311506,,,,1
modify,0x1fe14350e72ed606c8850a16d91d5500c18274b7a19852dacf7c4164f78d820b,42826263,403,2026-03-02,,,1587,1619,1510618151077,,,,1
modify,0x1fe14350e72ed606c8850a16d91d5500c18274b7a19852dacf7c4164f78d820b,42829641,456,2026-03-02,,,1621,1684,0,,,,1
modify,0x1fe14350e72ed606c8850a16d91d5500c18274b7a19852dacf7c4164f78d820b,42829666,297,2026-03-02,,,1621,1684,-34926349036,,,,1
modify,0x1fe14350e72ed606c8850a16d91d5500c18274b7a19852dacf7c4164f78d820b,42833161,438,2026-03-02,,,1531,1631,164992992840,,,,1
modify,0x1fe14350e72ed606c8850a16d91d5500c18274b7a19852dacf7c4164f78d820b,42837403,839,2026-03-02,,,1531,1631,-164992992840,,,,1
modify,0x1fe14350e72ed606c8850a16d91d5500c18274b7a19852dacf7c4164f78d820b,42837506,1368,2026-03-02,,,1553,1607,484319962612,,,,1
modify,0x1fe14350e72ed606c8850a16d91d5500c18274b7a19852dacf7c4164f78d820b,42838154,387,2026-03-02,,,1587,1619,-1510618151077,,,,1
modify,0x1fe14350e72ed606c8850a16d91d5500c18274b7a19852dacf7c4164f78d820b,42838738,553,2026-03-02,,,1553,1607,-484319962612,,,,1
modify,0x1fe14350e72ed606c8850a16d91d5500c18274b7a19852dacf7c4164f78d820b,42838899,548,2026-03-02,,,1508,1610,188157175993,,,,1
modify,0x1fe14350e72ed606c8850a16d91d5500c18274b7a19852dacf7c4164f78d820b,42839943,308,2026-03-02,,,1548,1562,2966454751761,,,,1
modify,0x1fe14350e72ed606c8850a16d91d5500c18274b7a19852dacf7c4164f78d820b,42843212,1041,2026-03-02,,,1548,1562,-2966454751761,,,,1
modify,0x1fe14350e72ed606c8850a16d91d5500c18274b7a19852dacf7c4164f78d820b,42843853,426,2026-03-02,,,1556,1570,2937968544291,,,,1
modify,0x1fe14350e72ed606c8850a16d91d5500c18274b7a19852dacf7c4164f78d820b,42845814,394,2026-03-02,,,1556,1570,-2937968544291,,,,1
modify,0x1fe14350e72ed606c8850a16d91d5500c18274b7a19852dacf7c4164f78d820b,42860074,409,2026-03-02,,,1508,1610,-188157175993,,,,1
modify,0x1fe14350e72ed606c8850a16d91d5500c18274b7a19852dacf7c4164f78d820b,42860216,554,2026-03-02,,,1517,1599,310216281390,,,,1
price,0x1fe14350e72ed606c8850a16d91d5500c18274b7a19852dacf7c4164f78d820b,42864062,670,2026-03-02,,,,,,85580898495040470123038209003,1542,759510422662,1008
modify,0x1fe14350e72ed606c8850a16d91d5500c18274b7a19852dacf7c4164f78d820b,42866863,71,2026-03-03,,,1535,1554,3522161172451,,,,1
modify,0x1fe14350e72ed606c8850a16d91d5500c18274b7a19852dacf7c4164f78d820b,42867807,597,2026-03-03,,,1535,1554,-3522161172451,,,,1
modify,0x1fe14350e72ed606c8850a16d91d5500c18274b7a19852dacf7c4164f78d820b,42868302,79,2026-03-03,,,1603,1703,0,,,,1
modify,0x1fe14350e72ed606c8850a16d91d5500c18274b7a19852dacf7c4164f78d820b,42868309,450,2026-03-03,,,1603,1703,0,,,,1
modify,0x1fe14350e72ed606c8850a16d91d5500c18274b7a19852dacf7c4164f78d820b,42868335,147,2026-03-03,,,1603,1703,-83916722753,,,,1
modify,0x1fe14350e72ed606c8850a16d91d5500c18274b7a19852dacf7c4164f78d820b,42869871,526,2026-03-03,,,1517,1599,-310216281390,,,,1
modify,0x1fe14350e72ed606c8850a16d91d5500c18274b7a19852dacf7c4164f78d820b,42869992,808,2026-03-03,,,1465,1544,329564942828,,,,1
modify,0x1fe14350e72ed606c8850a16d91d5500c18274b7a19852dacf7c4164f78d820b,42870318,925,2026-03-03,,,1465,1544,-329564942828,,,,1
modify,0x1fe14350e72ed606c8850a16d91d5500c18274b7a19852dacf7c4164f78d820b,42871107,747,2026-03-03,,,1442,1540,173955047281,,,,1
modify,0x1fe14350e72ed606c8850a16d91d5500c18274b7a19852dacf7c4164f78d820b,42880147,881,2026-03-03,,,1442,1540,-173955047281,,,,1
modify,0x1fe14350e72ed606c8850a16d91d5500c18274b7a19852dacf7c4164f78d820b,42880275,585,2026-03-03,,,1416,1501,298330779532,,,,1
modify,0x1fe14350e72ed606c8850a16d91d5500c18274b7a19852dacf7c4164f78d820b,42881100,532,2026-03-03,,,1416,1501,-298330779532,,,,1
modify,0x1fe14350e72ed606c8850a16d91d5500c18274b7a19852dacf7c4164f78d820b,42881167,356,2026-03-03,,,1394,1485,299291307330,,,,1
modify,0x1fe14350e72ed606c8850a16d91d5500c18274b7a19852dacf7c4164f78d820b,42887376,356,2026-03-03,,,1394,1485,-299291307330,,,,1
modify,0x1fe14350e72ed606c8850a16d91d5500c18274b7a19852dacf7c4164f78d820b,42887459,1115,2026-03-03,,,1455,1537,320568039181,,,,1
modify,0x1fe14350e72ed606c8850a16d91d5500c18274b7a19852dacf7c4164f78d820b,42897804,422,2026-03-03,,,1455,1537,0,,,,1
modify,0x1fe14350e72ed606c8850a16d91d5500c18274b7a19852dacf7c4164f78d820b,42899545,871,2026-03-03,,,1455,1537,-320568039181,,,,1
modify,0x1fe14350e72ed606c8850a16d91d5500c18274b7a19852dacf7c4164f78d820b,42899631,1056,2026-03-03,,,1435,1516,325096199100,,,,1
price,0x1fe14350e72ed606c8850a16d91d5500c18274b7a19852dacf7c4164f78d820b,42907075,500,2026-03-03,,,,,,85302435491374622957328789928,1477,763779599762,1024
modify,0x1fe14350e72ed606c8850a16d91d5500c18274b7a19852dacf7c4164f78d820b,42918432,697,2026-03-04,,,1435,1516,-325096199100,,,,1
modify,0x1fe14350e72ed606c8850a16d91d5500c18274b7a19852dacf7c4164f78d820b,42919013,1072,2026-03-04,,,1469,1558,295099327706,,,,1
modify,0x1fe14350e72ed606c8850a16d91d5500c18274b7a19852dacf7c4164f78d820b,42941444,1091,2026-03-04,,,1469,1558,-295099327706,,,,1
modify,0x1fe14350e72ed606c8850a16d91d5500c18274b7a19852dacf7c4164f78d820b,42941594,571,2026-03-04,,,1482,1556,367056288558,,,,1
price,0x1fe14350e72ed606c8850a16d91d5500c18274b7a19852dacf7c4164f78d820b,42950483,1027,2026-03-04,,,,,,85326439369224818699372725619,1483,805739689220,907
modify,0x1fe14350e72ed606c8850a16d91d5500c18274b7a19852dacf7c4164f78d820b,42954085,691,2026-03-05,,,1482,1556,-367056288558,,,,1
modify,0x1fe14350e72ed606c8850a16d91d5500c18274b7a19852dacf7c4164f78d820b,42954212,685,2026-03-05,,,1446,1526,321573655048,,,,1
modify,0x1fe14350e72ed606c8850a16d91d5500c18274b7a19852dacf7c4164f78d820b,42971105,565,2026-03-05,,,1446,1526,-321573655048,,,,1
modify,0x1fe14350e72ed606c8850a16d91d5500c18274b7a19852dacf7c4164f78d820b,42971171,439,2026-03-05,,,1414,1514,271257152397,,,,1
modify,0x1fe14350e72ed606c8850a16d91d5500c18274b7a19852dacf7c4164f78d820b,42975289,323,2026-03-05,,,1435,1484,36927641439,,,,1
modify,0x1fe14350e72ed606c8850a16d91d5500c18274b7a19852dacf7c4164f78d820b,42977701,467,2026-03-05,,,1435,1484,-36927641439,,,,1
modify,0x1fe14350e72ed606c8850a16d91d5500c18274b7a19852dacf7c4164f78d820b,42979493,416,2026-03-05,,,1414,1514,-271257152397,,,,1
modify,0x1fe14350e72ed606c8850a16d91d5500c18274b7a19852dacf7c4164f78d820b,42979691,436,2026-03-05,,,1438,1538,261623557964,,,,1
price,0x1fe14350e72ed606c8850a16d91d5500c18274b7a19852dacf7c4164f78d820b,42993711,584,2026-03-05,,,,,,85350073971439319385466017200,1488,700306958626,1010
modify,0x1fe14350e72ed606c8850a16d91d5500c18274b7a19852dacf7c4164f78d820b,43000003,424,2026-03-06,,,1438,1538,-261623557964,,,,1
modify,0x1fe14350e72ed606c8850a16d91d5500c18274b7a19852dacf7c4164f78d820b,43000211,610,2026-03-06,,,1418,1513,285202945261,,,,1
modify,0x1fe14350e72ed606c8850a16d91d5500c18274b7a19852dacf7c4164f78d820b,43032273,510,2026-03-06,,,1397,1752,37794260798,,,,1
modify,0x1fe14350e72ed606c8850a16d91d5500c18274b7a19852dacf7c4164f78d820b,43032329,919,2026-03-06,,,1397,1752,5332328083,,,,1
modify,0x1fe14350e72ed606c8850a16d91d5500c18274b7a19852dacf7c4164f78d820b,43032472,607,2026-03-06,,,1397,1752,806047403,,,,1
price,0x1fe14350e72ed606c8850a16d91d5500c18274b7a19852dacf7c4164f78d820b,43036530,54,2026-03-06,,,,,,85362117709227340603906788399,1491,778429722817,701
modify,0x1fe14350e72ed606c8850a16d91d5500c18274b7a19852dacf7c4164f78d820b,43046316,587,2026-03-07,,,1449,1532,555447374512,,,,1
modify,0x1fe14350e72ed606c8850a16d91d5500c18274b7a19852dacf7c4164f78d820b,43046365,863,2026-03-07,,,1449,1532,4186732022,,,,1
modify,0x1fe14350e72ed606c8850a16d91d5500c18274b7a19852dacf7c4164f78d820b,43065877,435,2026-03-07,,,1467,1499,41741925342,,,,1
price,0x1fe14350e72ed606c8850a16d91d5500c18274b7a19852dacf7c4164f78d820b,43080112,1044,2026-03-07,,,,,,85313504893959396330522887121,1480,1369195014083,306
modify,0x1fe14350e72ed606c8850a16d91d5500c18274b7a19852dacf7c4164f78d820b,43106881,497,2026-03-08,,,1418,1513,0,,,,1
modify,0x1fe14350e72ed606c8850a16d91d5500c18274b7a19852dacf7c4164f78d820b,43106888,965,2026-03-08,,,1418,1513,-285202945261,,,,1
modify,0x1fe14350e72ed606c8850a16d91d5500c18274b7a19852dacf7c4164f78d820b,43107069,353,2026-03-08,,,1436,1469,819746457838,,,,1
modify,0x1fe14350e72ed606c8850a16d91d5500c18274b7a19852dacf7c4164f78d820b,43107542,282,2026-03-08,,,1436,1469,-819746457838,,,,1
modify,0x1fe14350e72ed606c8850a16d91d5500c18274b7a19852dacf7c4164f78d820b,43107581,552,2026-03-08,,,1389,1480,288616322393,,,,1
modify,0x1fe14350e72ed606c8850a16d91d5500c18274b7a19852dacf7c4164f78d820b,43114056,440,2026-03-08,,,1389,1480,-288616322393,,,,1
modify,0x1fe14350e72ed606c8850a16d91d5500c18274b7a19852dacf7c4164f78d820b,43115647,673,2026-03-08,,,1467,1499,-41741925342,,,,1
modify,0x1fe14350e72ed606c8850a16d91d5500c18274b7a19852dacf7c4164f78d820b,43116209,956,2026-03-08,,,1278,1766,79163793,,,,1
price,0x1fe14350e72ed606c8850a16d91d5500c18274b7a19852dacf7c4164f78d820b,43123321,585,2026-03-08,,,,,,85185051081044832185626138711,1449,1042329307273,763
modify,0x1fe14350e72ed606c8850a16d91d5500c18274b7a19852dacf7c4164f78d820b,43132139,687,2026-03-09,,,1404,1481,231102105979,,,,1
modify,0x1fe14350e72ed606c8850a16d91d5500c18274b7a19852dacf7c4164f78d820b,43144334,1251,2026-03-09,,,1404,1481,-231102105979,,,,1
price,0x1fe14350e72ed606c8850a16d91d5500c18274b7a19852dacf7c4164f78d820b,43166254,562,2026-03-09,,,,,,85384618593079963430316701012,1496,1052940047883,989
modify,0x1fe14350e72ed606c8850a16d91d5500c18274b7a19852dacf7c4164f78d820b,43182822,533,2026-03-10,,,1278,1766,-79163793,,,,1
modify,0x1fe14350e72ed606c8850a16d91d5500c18274b7a19852dacf7c4164f78d820b,43187816,80,2026-03-10,,,1471,1571,267042005809,,,,1
modify,0x1fe14350e72ed606c8850a16d91d5500c18274b7a19852dacf7c4164f78d820b,43187907,748,2026-03-10,,,1471,1571,2617922956,,,,1
price,0x1fe14350e72ed606c8850a16d91d5500c18274b7a19852dacf7c4164f78d820b,43209613,541,2026-03-10,,,,,,85438589039719478738096031879,1509,1322520812855,896
modify,0x1fe14350e72ed606c8850a16d91d5500c18274b7a19852dacf7c4164f78d820b,43216896,506,2026-03-11,,,1449,1532,0,,,,1
modify,0x1fe14350e72ed606c8850a16d91d5500c18274b7a19852dacf7c4164f78d820b,43227884,788,2026-03-11,,,1471,1571,-269659928765,,,,1
modify,0x1fe14350e72ed606c8850a16d91d5500c18274b7a19852dacf7c4164f78d820b,43245964,945,2026-03-11,,,1392,1492,263947091174,,,,1
price,0x1fe14350e72ed606c8850a16d91d5500c18274b7a19852dacf7c4164f78d820b,43252923,1909,2026-03-11,,,,,,85104251839344761124121230132,1430,698702210457,1035
modify,0x1fe14350e72ed606c8850a16d91d5500c18274b7a19852dacf7c4164f78d820b,43262705,1043,2026-03-12,,,1392,1492,-263947091174,,,,1
modify,0x1fe14350e72ed606c8850a16d91d5500c18274b7a19852dacf7c4164f78d820b,43262851,2842,2026-03-12,,,1416,1480,422588784967,,,,1
modify,0x1fe14350e72ed606c8850a16d91d5500c18274b7a19852dacf7c4164f78d820b,43267384,693,2026-03-12,,,1449,1532,-559634106534,,,,1
modify,0x1fe14350e72ed606c8850a16d91d5500c18274b7a19852dacf7c4164f78d820b,43268666,768,2026-03-12,,,1416,1480,-422588784967,,,,1
modify,0x1fe14350e72ed606c8850a16d91d5500c18274b7a19852dacf7c4164f78d820b,43280448,595,2026-03-12,,,1382,1427,743078821266,,,,1
price,0x1fe14350e72ed606c8850a16d91d5500c18274b7a19852dacf7c4164f78d820b,43296044,536,2026-03-12,,,,,,84975132799932692740577166542,1400,1177833940549,811
modify,0x1fe14350e72ed606c8850a16d91d5500c18274b7a19852dacf7c4164f78d820b,43302187,479,2026-03-13,,,1257,1457,75669876796,,,,1
modify,0x1fe14350e72ed606c8850a16d91d5500c18274b7a19852dacf7c4164f78d820b,43302516,43,2026-03-13,,,1260,1460,107992922168,,,,1
modify,0x1fe14350e72ed606c8850a16d91d5500c18274b7a19852dacf7c4164f78d820b,43303796,761,2026-03-13,,,1369,1466,191538909760,,,,1
modify,0x1fe14350e72ed606c8850a16d91d5500c18274b7a19852dacf7c4164f78d820b,43306333,1166,2026-03-13,,,1260,1460,-107992922168,,,,1
modify,0x1fe14350e72ed606c8850a16d91d5500c18274b7a19852dacf7c4164f78d820b,43309050,1431,2026-03-13,,,1376,1385,411543847305,,,,1
modify,0x1fe14350e72ed606c8850a16d91d5500c18274b7a19852dacf7c4164f78d820b,43312651,1134,2026-03-13,,,1376,1385,-411543847305,,,,1
modify,0x1fe14350e72ed606c8850a16d91d5500c18274b7a19852dacf7c4164f78d820b,43315645,730,2026-03-13,,,1348,1359,53150451769575,,,,1
modify,0x1fe14350e72ed606c8850a16d91d5500c18274b7a19852dacf7c4164f78d820b,43318671,521,2026-03-13,,,1369,1466,-191538909760,,,,1
modify,0x1fe14350e72ed606c8850a16d91d5500c18274b7a19852dacf7c4164f78d820b,43318711,509,2026-03-13,,,1382,1427,-743078821266,,,,1
modify,0x1fe14350e72ed606c8850a16d91d5500c18274b7a19852dacf7c4164f78d820b,43320795,794,2026-03-13,,,1257,1457,-75669876796,,,,1
modify,0x1fe14350e72ed606c8850a16d91d5500c18274b7a19852dacf7c4164f78d820b,43324315,751,2026-03-13,,,1348,1359,-53150451769575,,,,1
price,0x1fe14350e72ed606c8850a16d91d5500c18274b7a19852dacf7c4164f78d820b,43337688,716,2026-03-13,,,,,,84670936834618010836229315041,1328,18987402537,427
modify,0x1fe14350e72ed606c8850a16d91d5500c18274b7a19852dacf7c4164f78d820b,43340333,1085,2026-03-14,,,1177,1525,54299872253,,,,1
modify,0x1fe14350e72ed606c8850a16d91d5500c18274b7a19852dacf7c4164f78d820b,43361258,731,2026-03-14,,,1286,1354,321077045507,,,,1
modify,0x1fe14350e72ed606c8850a16d91d5500c18274b7a19852dacf7c4164f78d820b,43376166,450,2026-03-14,,,1397,1752,0,,,,1
modify,0x1fe14350e72ed606c8850a16d91d5500c18274b7a19852dacf7c4164f78d820b,43376178,508,2026-03-14,,,1397,1752,-43932636284,,,,1
modify,0x1fe14350e72ed606c8850a16d91d5500c18274b7a19852dacf7c4164f78d820b,43376278,704,2026-03-14,,,1163,1463,51090990792,,,,1
modify,0x1fe14350e72ed606c8850a16d91d5500c18274b7a19852dacf7c4164f78d820b,43376302,852,2026-03-14,,,1163,1463,498503002,,,,1
modify,0x1fe14350e72ed606c8850a16d91d5500c18274b7a19852dacf7c4164f78d820b,43376375,554,2026-03-14,,,1177,1525,-54299872253,,,,1
modify,0x1fe14350e72ed606c8850a16d91d5500c18274b7a19852dacf7c4164f78d820b,43376780,259,2026-03-14,,,1162,1510,49006094774,,,,1
modify,0x1fe14350e72ed606c8850a16d91d5500c18274b7a19852dacf7c4164f78d820b,43376891,1324,2026-03-14,,,1162,1510,5282943332,,,,1
modify,0x1fe14350e72ed606c8850a16d91d5500c18274b7a19852dacf7c4164f78d820b,43377845,405,2026-03-14,,,1286,1354,-321077045507,,,,1
price,0x1fe14350e72ed606c8850a16d91d5500c18274b7a19852dacf7c4164f78d820b,43381856,436,2026-03-14,,,,,,84605255637674633213746623156,1313,124865934437,248
modify,0x1fe14350e72ed606c8850a16d91d5500c18274b7a19852dacf7c4164f78d820b,43389333,399,2026-03-15,,,1266,1366,251312355450,,,,1
modify,0x1fe14350e72ed606c8850a16d91d5500c18274b7a19852dacf7c4164f78d820b,43406069,650,2026-03-15,,,1108,1641,13093048478,,,,1
modify,0x1fe14350e72ed606c8850a16d91d5500c18274b7a19852dacf7c4164f78d820b,43423150,32,2026-03-15,,,1300,1400,642797961671,,,,1
modify,0x1fe14350e72ed606c8850a16d91d5500c18274b7a19852dacf7c4164f78d820b,43423439,416,2026-03-15,,,1300,1400,-642797961671,,,,1
price,0x1fe14350e72ed606c8850a16d91d5500c18274b7a19852dacf7c4164f78d820b,43425721,65,2026-03-15,,,,,,84721349842783417780823997925,1340,389271338365,425
modify,0x1fe14350e72ed606c8850a16d91d5500c18274b7a19852dacf7c4164f78d820b,43435017,1419,2026-03-16,,,1266,1366,-251312355450,,,,1
modify,0x1fe14350e72ed606c8850a16d91d5500c18274b7a19852dacf7c4164f78d820b,43436506,429,2026-03-16,,,1352,1410,31907956487,,,,1
modify,0x1fe14350e72ed606c8850a16d91d5500c18274b7a19852dacf7c4164f78d820b,43436835,308,2026-03-16,,,1330,1432,328984916566,,,,1
modify,0x1fe14350e72ed606c8850a16d91d5500c18274b7a19852dacf7c4164f78d820b,43450675,1050,2026-03-16,,,1352,1410,0,,,,1
modify,0x1fe14350e72ed606c8850a16d91d5500c18274b7a19852dacf7c4164f78d820b,43450738,357,2026-03-16,,,1352,1410,-31907956487,,,,1
modify,0x1fe14350e72ed606c8850a16d91d5500c18274b7a19852dacf7c4164f78d820b,43454982,1297,2026-03-16,,,1330,1432,0,,,,1
modify,0x1fe14350e72ed606c8850a16d91d5500c18274b7a19852dacf7c4164f78d820b,43454992,549,2026-03-16,,,1330,1432,-328984916566,,,,1
modify,0x1fe14350e72ed606c8850a16d91d5500c18274b7a19852dacf7c4164f78d820b,43455205,675,2026-03-16,,,1362,1438,434257286922,,,,1
price,0x1fe14350e72ed606c8850a16d91d5500c18274b7a19852dacf7c4164f78d820b,43468916,963,2026-03-16,,,,,,84896550725718445078076457695,1382,581826761574,607
modify,0x1fe14350e72ed606c8850a16d91d5500c18274b7a19852dacf7c4164f78d820b,43477404,762,2026-03-17,,,1362,1438,-434257286922,,,,1
modify,0x1fe14350e72ed606c8850a16d91d5500c18274b7a19852dacf7c4164f78d820b,43483578,500,2026-03-17,,,1162,1510,-54289038106,,,,1
price,0x1fe14350e72ed606c8850a16d91d5500c18274b7a19852dacf7c4164f78d820b,43511973,1429,2026-03-17,,,,,,85123640256383062577898342035,1435,455505025271,594
modify,0x1fe14350e72ed606c8850a16d91d5500c18274b7a19852dacf7c4164f78d820b,43528285,674,2026-03-18,,,1290,1498,1141566236343,,,,1
modify,0x1fe14350e72ed606c8850a16d91d5500c18274b7a19852dacf7c4164f78d820b,43528692,567,2026-03-18,,,1417,1418,47818817562876,,,,1
modify,0x1fe14350e72ed606c8850a16d91d5500c18274b7a19852dacf7c4164f78d820b,43528857,34,2026-03-18,,,1417,1418,-47818817562876,,,,1
modify,0x1fe14350e72ed606c8850a16d91d5500c18274b7a19852dacf7c4164f78d820b,43554431,697,2026-03-18,,,1363,1372,802826502505,,,,1
price,0x1fe14350e72ed606c8850a16d91d5500c18274b7a19852dacf7c4164f78d820b,43555198,25,2026-03-18,,,,,,84830150242259886200310053027,1366,2028062683657,963
modify,0x1fe14350e72ed606c8850a16d91d5500c18274b7a19852dacf7c4164f78d820b,43556337,702,2026-03-19,,,1262,1468,42654940599,,,,1
modify,0x1fe14350e72ed606c8850a16d91d5500c18274b7a19852dacf7c4164f78d820b,43558426,359,2026-03-19,,,824,1859,14024526193,,,,1
modify,0x1fe14350e72ed606c8850a16d91d5500c18274b7a19852dacf7c4164f78d820b,43558449,525,2026-03-19,,,824,1859,1310140641,,,,1
modify,0x1fe14350e72ed606c8850a16d91d5500c18274b7a19852dacf7c4164f78d820b,43562982,604,2026-03-19,,,1262,1468,-42654940599,,,,1
modify,0x1fe14350e72ed606c8850a16d91d5500c18274b7a19852dacf7c4164f78d820b,43564605,521,2026-03-19,,,1354,1411,1408984472908,,,,1
modify,0x1fe14350e72ed606c8850a16d91d5500c18274b7a19852dacf7c4164f78d820b,43567066,508,2026-03-19,,,1204,1518,190337072515,,,,1
modify,0x1fe14350e72ed606c8850a16d91d5500c18274b7a19852dacf7c4164f78d820b,43567185,701,2026-03-19,,,1204,1518,47319855662,,,,1
modify,0x1fe14350e72ed606c8850a16d91d5500c18274b7a19852dacf7c4164f78d820b,43567954,528,2026-03-19,,,1363,1372,-802826502505,,,,1
modify,0x1fe14350e72ed606c8850a16d91d5500c18274b7a19852dacf7c4164f78d820b,43588847,258,2026-03-19,,,1354,1411,-1408984472908,,,,1
modify,0x1fe14350e72ed606c8850a16d91d5500c18274b7a19852dacf7c4164f78d820b,43588924,795,2026-03-19,,,1418,1460,1906985724882,,,,1
modify,0x1fe14350e72ed606c8850a16d91d5500c18274b7a19852dacf7c4164f78d820b,43593849,901,2026-03-19,,,824,1859,-15334666834,,,,1
price,0x1fe14350e72ed606c8850a16d91d5500c18274b7a19852dacf7c4164f78d820b,43598436,487,2026-03-19,,,,,,85163062748557021424319996070,1444,3789574832336,1418
modify,0x1fe14350e72ed606c8850a16d91d5500c18274b7a19852dacf7c4164f78d820b,43616035,385,2026-03-20,,,1435,1436,38422150296719,,,,1
modify,0x1fe14350e72ed606c8850a16d91d5500c18274b7a19852dacf7c4164f78d820b,43616151,517,2026-03-20,,,1435,1436,-38422150296719,,,,1
modify,0x1fe14350e72ed606c8850a16d91d5500c18274b7a19852dacf7c4164f78d820b,43617066,122,2026-03-20,,,1290,1498,0,,,,1
price,0x1fe14350e72ed606c8850a16d91d5500c18274b7a19852dacf7c4164f78d820b,43641561,70,2026-03-20,,,,,,85215768988051191969352248267,1457,3789574832336,1049
modify,0x1fe14350e72ed606c8850a16d91d5500c18274b7a19852dacf7c4164f78d820b,43644088,659,2026-03-21,,,1451,1460,16663812466961,,,,1
modify,0x1fe14350e72ed606c8850a16d91d5500c18274b7a19852dacf7c4164f78d820b,43644100,703,2026-03-21,,,1451,1460,-16663812466961,,,,1
modify,0x1fe14350e72ed606c8850a16d91d5500c18274b7a19852dacf7c4164f78d820b,43654467,608,2026-03-21,,,1451,1462,5160382207387,,,,1
modify,0x1fe14350e72ed606c8850a16d91d5500c18274b7a19852dacf7c4164f78d820b,43655788,508,2026-03-21,,,1453,1454,37205800506685,,,,1
modify,0x1fe14350e72ed606c8850a16d91d5500c18274b7a19852dacf7c4164f78d820b,43657074,465,2026-03-21,,,1453,1454,-37205800506685,,,,1
modify,0x1fe14350e72ed606c8850a16d91d5500c18274b7a19852dacf7c4164f78d820b,43676121,539,2026-03-21,,,1430,1466,923358004914,,,,1
modify,0x1fe14350e72ed606c8850a16d91d5500c18274b7a19852dacf7c4164f78d820b,43679469,68,2026-03-21,,,1451,1462,-5160382207387,,,,1
price,0x1fe14350e72ed606c8850a16d91d5500c18274b7a19852dacf7c4164f78d820b,43684902,385,2026-03-21,,,,,,85172683867413556330262788669,1447,4712932837250,551
modify,0x1fe14350e72ed606c8850a16d91d5500c18274b7a19852dacf7c4164f78d820b,43700286,561,2026-03-22,,,1430,1466,-923358004914,,,,1
modify,0x1fe14350e72ed606c8850a16d91d5500c18274b7a19852dacf7c4164f78d820b,43713135,283,2026-03-22,,,1290,1498,0,,,,1
price,0x1fe14350e72ed606c8850a16d91d5500c18274b7a19852dacf7c4164f78d820b,43728047,658,2026-03-22,,,,,,85093190040440044177478986730,1428,3741713914673,783
modify,0x1fe14350e72ed606c8850a16d91d5500c18274b7a19852dacf7c4164f78d820b,43735386,69,2026-03-23,,,1384,1408,668024243537,,,,1
modify,0x1fe14350e72ed606c8850a16d91d5500c18274b7a19852dacf7c4164f78d820b,43735452,362,2026-03-23,,,1384,1408,19637077943,,,,1
modify,0x1fe14350e72ed606c8850a16d91d5500c18274b7a19852dacf7c4164f78d820b,43735525,1087,2026-03-23,,,1384,1408,-171915330370,,,,1
modify,0x1fe14350e72ed606c8850a16d91d5500c18274b7a19852dacf7c4164f78d820b,43739935,710,2026-03-23,,,1384,1408,-515745991110,,,,1
modify,0x1fe14350e72ed606c8850a16d91d5500c18274b7a19852dacf7c4164f78d820b,43740056,604,2026-03-23,,,1442,1458,1693155347796,,,,1
modify,0x1fe14350e72ed606c8850a16d91d5500c18274b7a19852dacf7c4164f78d820b,43740088,489,2026-03-23,,,1442,1458,-1693155347796,,,,1
modify,0x1fe14350e72ed606c8850a16d91d5500c18274b7a19852dacf7c4164f78d820b,43762103,717,2026-03-23,,,1418,1460,-1906985724882,,,,1
modify,0x1fe14350e72ed606c8850a16d91d5500c18274b7a19852dacf7c4164f78d820b,43762511,658,2026-03-23,,,1450,1473,1861586860467,,,,1
modify,0x1fe14350e72ed606c8850a16d91d5500c18274b7a19852dacf7c4164f78d820b,43763192,941,2026-03-23,,,1450,1473,-1861586860467,,,,1
modify,0x1fe14350e72ed606c8850a16d91d5500c18274b7a19852dacf7c4164f78d820b,43763285,793,2026-03-23,,,1451,1474,1861493788105,,,,1
price,0x1fe14350e72ed606c8850a16d91d5500c18274b7a19852dacf7c4164f78d820b,43771271,562,2026-03-23,,,,,,85264859600216060635967433231,1468,3692493401765,1360
modify,0x1fe14350e72ed606c8850a16d91d5500c18274b7a19852dacf7c4164f78d820b,43781451,897,2026-03-24,,,1290,1498,0,,,,1
modify,0x1fe14350e72ed606c8850a16d91d5500c18274b7a19852dacf7c4164f78d820b,43782456,380,2026-03-24,,,1425,1525,227074266254,,,,1
modify,0x1fe14350e72ed606c8850a16d91d5500c18274b7a19852dacf7c4164f78d820b,43789655,389,2026-03-24,,,1425,1525,-227074266254,,,,1
modify,0x1fe14350e72ed606c8850a16d91d5500c18274b7a19852dacf7c4164f78d820b,43810149,445,2026-03-24,,,1467,1497,1785316815303,,,,1
modify,0x1fe14350e72ed606c8850a16d91d5500c18274b7a19852dacf7c4164f78d820b,43811582,685,2026-03-24,,,1451,1474,-1861493788105,,,,1
modify,0x1fe14350e72ed606c8850a16d91d5500c18274b7a19852dacf7c4164f78d820b,43811614,530,2026-03-24,,,1460,1484,1783689728471,,,,1
price,0x1fe14350e72ed606c8850a16d91d5500c18274b7a19852dacf7c4164f78d820b,43814409,667,2026-03-24,,,,,,85305124835570531867173637120,1478,5400006157434,1014
modify,0x1fe14350e72ed606c8850a16d91d5500c18274b7a19852dacf7c4164f78d820b,43832202,803,2026-03-25,,,1467,1497,-1785316815303,,,,1
modify,0x1fe14350e72ed606c8850a16d91d5500c18274b7a19852dacf7c4164f78d820b,43840499,521,2026-03-25,,,1442,1460,3106524723556,,,,1
price,0x1fe14350e72ed606c8850a16d91d5500c18274b7a19852dacf7c4164f78d820b,43857725,427,2026-03-25,,,,,,85191296784549132367942159152,1451,4989113831010,1030
modify,0x1fe14350e72ed606c8850a16d91d5500c18274b7a19852dacf7c4164f78d820b,43868514,798,2026-03-26,,,1460,1484,-1783689728471,,,,1
modify,0x1fe14350e72ed606c8850a16d91d5500c18274b7a19852dacf7c4164f78d820b,43871503,751,2026-03-26,,,1290,1498,0,,,,1
modify,0x1fe14350e72ed606c8850a16d91d5500c18274b7a19852dacf7c4164f78d820b,43877088,503,2026-03-26,,,1380,1476,347113128924,,,,1
modify,0x1fe14350e72ed606c8850a16d91d5500c18274b7a19852dacf7c4164f78d820b,43894545,403,2026-03-26,,,1442,1460,0,,,,1
modify,0x1fe14350e72ed606c8850a16d91d5500c18274b7a19852dacf7c4164f78d820b,43894579,499,2026-03-26,,,1442,1460,-3106524723556,,,,1
price,0x1fe14350e72ed606c8850a16d91d5500c18274b7a19852dacf7c4164f78d820b,43900884,524,2026-03-26,,,,,,85119374245819342898646888916,1434,2181841318715,949
modify,0x1fe14350e72ed606c8850a16d91d5500c18274b7a19852dacf7c4164f78d820b,43906338,463,2026-03-27,,,1380,1476,0,,,,1
modify,0x1fe14350e72ed606c8850a16d91d5500c18274b7a19852dacf7c4164f78d820b,43906375,1858,2026-03-27,,,1380,1476,-347113128924,,,,1
modify,0x1fe14350e72ed606c8850a16d91d5500c18274b7a19852dacf7c4164f78d820b,43906441,522,2026-03-27,,,1368,1460,355392186014,,,,1
modify,0x1fe14350e72ed606c8850a16d91d5500c18274b7a19852dacf7c4164f78d820b,43911075,508,2026-03-27,,,1290,1498,0,,,,1
modify,0x1fe14350e72ed606c8850a16d91d5500c18274b7a19852dacf7c4164f78d820b,43916130,280,2026-03-27,,,1273,1702,1374893800,,,,1
modify,0x1fe14350e72ed606c8850a16d91d5500c18274b7a19852dacf7c4164f78d820b,43930344,776,2026-03-27,,,1307,1526,12515664283,,,,1
modify,0x1fe14350e72ed606c8850a16d91d5500c18274b7a19852dacf7c4164f78d820b,43943293,677,2026-03-27,,,1368,1460,-355392186014,,,,1
modify,0x1fe14350e72ed606c8850a16d91d5500c18274b7a19852dacf7c4164f78d820b,43943348,489,2026-03-27,,,1353,1453,319232415278,,,,1
price,0x1fe14350e72ed606c8850a16d91d5500c18274b7a19852dacf7c4164f78d820b,43944026,649,2026-03-27,,,,,,84983457864052337975886750905,1402,2167851163152,800
modify,0x1fe14350e72ed606c8850a16d91d5500c18274b7a19852dacf7c4164f78d820b,43945738,611,2026-03-28,,,1335,1473,128098635803,,,,1
modify,0x1fe14350e72ed606c8850a16d91d5500c18274b7a19852dacf7c4164f78d820b,43947524,1303,2026-03-28,,,1335,1473,-128098635803,,,,1
modify,0x1fe14350e72ed606c8850a16d91d5500c18274b7a19852dacf7c4164f78d820b,43951791,653,2026-03-28,,,1290,1498,-1141566236343,,,,1
modify,0x1fe14350e72ed606c8850a16d91d5500c18274b7a19852dacf7c4164f78d820b,43954893,690,2026-03-28,,,1369,1495,2095678662318,,,,1
modify,0x1fe14350e72ed606c8850a16d91d5500c18274b7a19852dacf7c4164f78d820b,43954958,855,2026-03-28,,,1272,1701,92464945697,,,,1
modify,0x1fe14350e72ed606c8850a16d91d5500c18274b7a19852dacf7c4164f78d820b,43955070,771,2026-03-28,,,1272,1701,-92464945697,,,,1
modify,0x1fe14350e72ed606c8850a16d91d5500c18274b7a19852dacf7c4164f78d820b,43955096,446,2026-03-28,,,1369,1495,285436504989,,,,1
modify,0x1fe14350e72ed606c8850a16d91d5500c18274b7a19852dacf7c4164f78d820b,43960732,714,2026-03-28,,,1353,1453,-319232415278,,,,1
modify,0x1fe14350e72ed606c8850a16d91d5500c18274b7a19852dacf7c4164f78d820b,43960779,493,2026-03-28,,,1365,1426,532028144317,,,,1
modify,0x1fe14350e72ed606c8850a16d91d5500c18274b7a19852dacf7c4164f78d820b,43978505,451,2026-03-28,,,1365,1426,-532028144317,,,,1
price,0x1fe14350e72ed606c8850a16d91d5500c18274b7a19852dacf7c4164f78d820b,43987271,686,2026-03-28,,,,,,84951329330013919294934671738,1395,2725943090113,440
modify,0x1fe14350e72ed606c8850a16d91d5500c18274b7a19852dacf7c4164f78d820b,43989813,772,2026-03-29,,,1375,1408,393209246726,,,,1
modify,0x1fe14350e72ed606c8850a16d91d5500c18274b7a19852dacf7c4164f78d820b,43990784,497,2026-03-29,,,1373,1466,205200637953,,,,1
modify,0x1fe14350e72ed606c8850a16d91d5500c18274b7a19852dacf7c4164f78d820b,43996665,777,2026-03-29,,,1395,1396,30126904325399,,,,1
modify,0x1fe14350e72ed606c8850a16d91d5500c18274b7a19852dacf7c4164f78d820b,43997195,393,2026-03-29,,,1395,1396,-29825635282145,,,,1
modify,0x1fe14350e72ed606c8850a16d91d5500c18274b7a19852dacf7c4164f78d820b,43997484,473,2026-03-29,,,1395,1396,11082377831935,,,,1
modify,0x1fe14350e72ed606c8850a16d91d5500c18274b7a19852dacf7c4164f78d820b,43997632,683,2026-03-29,,,1395,1396,-11383646875189,,,,1
modify,0x1fe14350e72ed606c8850a16d91d5500c18274b7a19852dacf7c4164f78d820b,43997650,552,2026-03-29,,,1369,1495,0,,,,1
modify,0x1fe14350e72ed606c8850a16d91d5500c18274b7a19852dacf7c4164f78d820b,43999778,940,2026-03-29,,,1373,1466,-205200637953,,,,1
modify,0x1fe14350e72ed606c8850a16d91d5500c18274b7a19852dacf7c4164f78d820b,44007768,0,2026-03-29,,,1375,1408,-393209246726,,,,1
modify,0x1fe14350e72ed606c8850a16d91d5500c18274b7a19852dacf7c4164f78d820b,44019174,729,2026-03-29,,,1286,1570,919710941,,,,1
modify,0x1fe14350e72ed606c8850a16d91d5500c18274b7a19852dacf7c4164f78d820b,44027781,529,2026-03-29,,,1401,1414,4805632062045,,,,1
price,0x1fe14350e72ed606c8850a16d91d5500c18274b7a19852dacf7c4164f78d820b,44030525,535,2026-03-29,,,,,,85013465480743031514340653865,1409,7894719451824,878
modify,0x1fe14350e72ed606c8850a16d91d5500c18274b7a19852dacf7c4164f78d820b,44037596,523,2026-03-30,,,1369,1495,0,,,,1
modify,0x1fe14350e72ed606c8850a16d91d5500c18274b7a19852dacf7c4164f78d820b,44041920,757,2026-03-30,,,1286,1570,-919710941,,,,1
modify,0x1fe14350e72ed606c8850a16d91d5500c18274b7a19852dacf7c4164f78d820b,44053969,633,2026-03-30,,,1369,1495,-2381115167307,,,,1
modify,0x1fe14350e72ed606c8850a16d91d5500c18274b7a19852dacf7c4164f78d820b,44054295,27,2026-03-30,,,1275,1421,1846989548153,,,,1
modify,0x1fe14350e72ed606c8850a16d91d5500c18274b7a19852dacf7c4164f78d820b,44054404,637,2026-03-30,,,1275,1421,198946059001,,,,1
modify,0x1fe14350e72ed606c8850a16d91d5500c18274b7a19852dacf7c4164f78d820b,44063539,489,2026-03-30,,,1319,1398,414008876653,,,,1
modify,0x1fe14350e72ed606c8850a16d91d5500c18274b7a19852dacf7c4164f78d820b,44066516,141,2026-03-30,,,1292,1502,908986829296,,,,1
modify,0x1fe14350e72ed606c8850a16d91d5500c18274b7a19852dacf7c4164f78d820b,44067360,540,2026-03-30,,,1319,1398,-414008876653,,,,1
price,0x1fe14350e72ed606c8850a16d91d5500c18274b7a19852dacf7c4164f78d820b,44073675,504,2026-03-30,,,,,,84843126611536249584109625237,1369,3299750359256,873
modify,0x1fe14350e72ed606c8850a16d91d5500c18274b7a19852dacf7c4164f78d820b,44074220,670,2026-03-31,,,1401,1414,-4805632062045,,,,1
modify,0x1fe14350e72ed606c8850a16d91d5500c18274b7a19852dacf7c4164f78d820b,44074374,55,2026-03-31,,,1352,1376,2099243733449,,,,1
modify,0x1fe14350e72ed606c8850a16d91d5500c18274b7a19852dacf7c4164f78d820b,44085201,588,2026-03-31,,,1275,1421,-2045935607154,,,,1
modify,0x1fe14350e72ed606c8850a16d91d5500c18274b7a19852dacf7c4164f78d820b,44086113,1295,2026-03-31,,,1352,1376,-2099243733449,,,,1
modify,0x1fe14350e72ed606c8850a16d91d5500c18274b7a19852dacf7c4164f78d820b,44090199,620,2026-03-31,,,1168,1595,10830301897,,,,1
modify,0x1fe14350e72ed606c8850a16d91d5500c18274b7a19852dacf7c4164f78d820b,44099280,62,2026-03-31,,,1315,1586,9018451014,,,,1
modify,0x1fe14350e72ed606c8850a16d91d5500c18274b7a19852dacf7c4164f78d820b,44099586,551,2026-03-31,,,1315,1586,-9018451014,,,,1
price,0x1fe14350e72ed606c8850a16d91d5500c18274b7a19852dacf7c4164f78d820b,44116916,205,2026-03-31,,,,,,85228917261175563977585739192,1460,1674730560387,1066
modify,0x1fe14350e72ed606c8850a16d91d5500c18274b7a19852dacf7c4164f78d820b,44121024,425,2026-04-01,,,1369,1569,190388079456,,,,1
modify,0x1fe14350e72ed606c8850a16d91d5500c18274b7a19852dacf7c4164f78d820b,44123848,876,2026-04-01,,,1424,1524,226084356253,,,,1
modify,0x1fe14350e72ed606c8850a16d91d5500c18274b7a19852dacf7c4164f78d820b,44123900,607,2026-04-01,,,1108,1641,10228435809,,,,1
modify,0x1fe14350e72ed606c8850a16d91d5500c18274b7a19852dacf7c4164f78d820b,44125801,1577,2026-04-01,,,1462,1488,2102481366689,,,,1
modify,0x1fe14350e72ed606c8850a16d91d5500c18274b7a19852dacf7c4164f78d820b,44136526,618,2026-04-01,,,1462,1488,-2102481366689,,,,1
modify,0x1fe14350e72ed606c8850a16d91d5500c18274b7a19852dacf7c4164f78d820b,44140446,616,2026-04-01,,,1369,1569,16806594122,,,,1
modify,0x1fe14350e72ed606c8850a16d91d5500c18274b7a19852dacf7c4164f78d820b,44153256,417,2026-04-01,,,1424,1524,-226084356253,,,,1
modify,0x1fe14350e72ed606c8850a16d91d5500c18274b7a19852dacf7c4164f78d820b,44153295,433,2026-04-01,,,1394,1494,325295566705,,,,1
price,0x1fe14350e72ed606c8850a16d91d5500c18274b7a19852dacf7c4164f78d820b,44160006,85,2026-04-01,,,,,,85062717247802396194409120037,1421,2169588318816,1072
modify,0x1fe14350e72ed606c8850a16d91d5500c18274b7a19852dacf7c4164f78d820b,44163375,794,2026-04-02,,,1394,1494,-325295566705,,,,1
modify,0x1fe14350e72ed606c8850a16d91d5500c18274b7a19852dacf7c4164f78d820b,44163450,627,2026-04-02,,,1368,1468,317732166050,,,,1
modify,0x1fe14350e72ed606c8850a16d91d5500c18274b7a19852dacf7c4164f78d820b,44180057,0,2026-04-02,,,1369,1569,0,,,,1
modify,0x1fe14350e72ed606c8850a16d91d5500c18274b7a19852dacf7c4164f78d820b,44181109,421,2026-04-02,,,1368,1468,-317732166050,,,,1
modify,0x1fe14350e72ed606c8850a16d91d5500c18274b7a19852dacf7c4164f78d820b,44181196,685,2026-04-02,,,1388,1477,340585520400,,,,1
modify,0x1fe14350e72ed606c8850a16d91d5500c18274b7a19852dacf7c4164f78d820b,44188038,131,2026-04-02,,,1307,1526,78043296283,,,,1
modify,0x1fe14350e72ed606c8850a16d91d5500c18274b7a19852dacf7c4164f78d820b,44189283,684,2026-04-02,,,1165,1743,4176417366777,,,,1
modify,0x1fe14350e72ed606c8850a16d91d5500c18274b7a19852dacf7c4164f78d820b,44189430,180,2026-04-02,,,1282,1600,740647914173,,,,1
modify,0x1fe14350e72ed606c8850a16d91d5500c18274b7a19852dacf7c4164f78d820b,44189989,641,2026-04-02,,,1165,1743,0,,,,1
modify,0x1fe14350e72ed606c8850a16d91d5500c18274b7a19852dacf7c4164f78d820b,44189994,624,2026-04-02,,,1165,1743,0,,,,1
modify,0x1fe14350e72ed606c8850a16d91d5500c18274b7a19852dacf7c4164f78d820b,44189998,492,2026-04-02,,,1165,1743,0,,,,1
modify,0x1fe14350e72ed606c8850a16d91d5500c18274b7a19852dacf7c4164f78d820b,44190004,140,2026-04-02,,,1165,1743,0,,,,1
modify,0x1fe14350e72ed606c8850a16d91d5500c18274b7a19852dacf7c4164f78d820b,44190015,529,2026-04-02,,,1282,1600,0,,,,1
modify,0x1fe14350e72ed606c8850a16d91d5500c18274b7a19852dacf7c4164f78d820b,44190020,127,2026-04-02,,,1282,1600,0,,,,1
modify,0x1fe14350e72ed606c8850a16d91d5500c18274b7a19852dacf7c4164f78d820b,44190571,967,2026-04-02,,,1282,1600,-740647914173,,,,1
modify,0x1fe14350e72ed606c8850a16d91d5500c18274b7a19852dacf7c4164f78d820b,44190580,719,2026-04-02,,,1165,1743,0,,,,1
modify,0x1fe14350e72ed606c8850a16d91d5500c18274b7a19852dacf7c4164f78d820b,44190584,683,2026-04-02,,,1165,1743,0,,,,1
modify,0x1fe14350e72ed606c8850a16d91d5500c18274b7a19852dacf7c4164f78d820b,44190591,626,2026-04-02,,,1165,1743,-4176417366777,,,,1
price,0x1fe14350e72ed606c8850a16d91d5500c18274b7a19852dacf7c4164f78d820b,44203300,707,2026-04-02,,,,,,85089428468158262422216781968,1427,2262921568794,729
modify,0x1fe14350e72ed606c8850a16d91d5500c18274b7a19852dacf7c4164f78d820b,44210301,669,2026-04-03,,,1388,1477,-340585520400,,,,1
modify,0x1fe14350e72ed606c8850a16d91d5500c18274b7a19852dacf7c4164f78d820b,44210344,591,2026-04-03,,,1402,1463,535944731262,,,,1
modify,0x1fe14350e72ed606c8850a16d91d5500c18274b7a19852dacf7c4164f78d820b,44212113,108,2026-04-03,,,1286,1558,4408094815586,,,,1
modify,0x1fe14350e72ed606c8850a16d91d5500c18274b7a19852dacf7c4164f78d820b,44215946,656,2026-04-03,,,1402,1463,-535944731262,,,,1
modify,0x1fe14350e72ed606c8850a16d91d5500c18274b7a19852dacf7c4164f78d820b,44222038,548,2026-04-03,,,1369,1569,0,,,,1
modify,0x1fe14350e72ed606c8850a16d91d5500c18274b7a19852dacf7c4164f78d820b,44231861,158,2026-04-03,,,1286,1558,0,,,,1
modify,0x1fe14350e72ed606c8850a16d91d5500c18274b7a19852dacf7c4164f78d820b,44231864,713,2026-04-03,,,1286,1558,0,,,,1
modify,0x1fe14350e72ed606c8850a16d91d5500c18274b7a19852dacf7c4164f78d820b,44231872,109,2026-04-03,,,1286,1558,-4408094815586,,,,1
modify,0x1fe14350e72ed606c8850a16d91d5500c18274b7a19852dacf7c4164f78d820b,44235290,567,2026-04-03,,,1261,1565,6174061449,,,,1
modify,0x1fe14350e72ed606c8850a16d91d5500c18274b7a19852dacf7c4164f78d820b,44240440,158,2026-04-03,,,1404,1434,204991466605,,,,1
modify,0x1fe14350e72ed606c8850a16d91d5500c18274b7a19852dacf7c4164f78d820b,44241839,877,2026-04-03,,,1384,1444,384340497771,,,,1
modify,0x1fe14350e72ed606c8850a16d91d5500c18274b7a19852dacf7c4164f78d820b,44242606,538,2026-04-03,,,1410,1419,6180300931173,,,,1
price,0x1fe14350e72ed606c8850a16d91d5500c18274b7a19852dacf7c4164f78d820b,44246191,939,2026-04-03,,,,,,85025048125838815541042529061,1412,8698143005392,452
modify,0x1fe14350e72ed606c8850a16d91d5500c18274b7a19852dacf7c4164f78d820b,44249270,104,2026-04-04,,,1395,1429,10677745720412,,,,1
modify,0x1fe14350e72ed606c8850a16d91d5500c18274b7a19852dacf7c4164f78d820b,44259999,953,2026-04-04,,,1384,1444,-384340497771,,,,1
modify,0x1fe14350e72ed606c8850a16d91d5500c18274b7a19852dacf7c4164f78d820b,44282192,507,2026-04-04,,,1408,1416,2153898314610,,,,1
modify,0x1fe14350e72ed606c8850a16d91d5500c18274b7a19852dacf7c4164f78d820b,44287098,24,2026-04-04,,,1410,1419,-6180300931173,,,,1
price,0x1fe14350e72ed606c8850a16d91d5500c18274b7a19852dacf7c4164f78d820b,44289633,865,2026-04-04,,,,,,85020268335434732250808036118,1411,14965145611470,497
modify,0x1fe14350e72ed606c8850a16d91d5500c18274b7a19852dacf7c4164f78d820b,44290982,535,2026-04-05,,,1406,1416,3943165911406,,,,1
modify,0x1fe14350e72ed606c8850a16d91d5500c18274b7a19852dacf7c4164f78d820b,44291731,491,2026-04-05,,,1408,1416,-2153898314610,,,,1
modify,0x1fe14350e72ed606c8850a16d91d5500c18274b7a19852dacf7c4164f78d820b,44291797,602,2026-04-05,,,1406,1414,4179885075616,,,,1
modify,0x1fe14350e72ed606c8850a16d91d5500c18274b7a19852dacf7c4164f78d820b,44296652,549,2026-04-05,,,1406,1416,8464097328513,,,,1
modify,0x1fe14350e72ed606c8850a16d91d5500c18274b7a19852dacf7c4164f78d820b,44300599,593,2026-04-05,,,1406,1414,-4179885075616,,,,1
modify,0x1fe14350e72ed606c8850a16d91d5500c18274b7a19852dacf7c4164f78d820b,44312555,485,2026-04-05,,,1369,1569,0,,,,1
modify,0x1fe14350e72ed606c8850a16d91d5500c18274b7a19852dacf7c4164f78d820b,44313858,498,2026-04-05,,,1395,1429,-10677745720412,,,,1
modify,0x1fe14350e72ed606c8850a16d91d5500c18274b7a19852dacf7c4164f78d820b,44316582,530,2026-04-05,,,1410,1421,264238342211,,,,1
modify,0x1fe14350e72ed606c8850a16d91d5500c18274b7a19852dacf7c4164f78d820b,44317574,73,2026-04-05,,,1406,1416,-12407263239919,,,,1
modify,0x1fe14350e72ed606c8850a16d91d5500c18274b7a19852dacf7c4164f78d820b,44318921,467,2026-04-05,,,1363,1450,391800064081,,,,1
modify,0x1fe14350e72ed606c8850a16d91d5500c18274b7a19852dacf7c4164f78d820b,44329875,577,2026-04-05,,,1363,1450,-391800064081,,,,1
modify,0x1fe14350e72ed606c8850a16d91d5500c18274b7a19852dacf7c4164f78d820b,44329968,427,2026-04-05,,,1376,1456,419782533873,,,,1
modify,0x1fe14350e72ed606c8850a16d91d5500c18274b7a19852dacf7c4164f78d820b,44331906,383,2026-04-05,,,1410,1421,-264238342211,,,,1
price,0x1fe14350e72ed606c8850a16d91d5500c18274b7a19852dacf7c4164f78d820b,44332592,1134,2026-04-05,,,,,,85064197279666255674331817053,1421,2553284110321,656
modify,0x1fe14350e72ed606c8850a16d91d5500c18274b7a19852dacf7c4164f78d820b,44336301,1664,2026-04-06,,,1286,1557,10861031926,,,,1
modify,0x1fe14350e72ed606c8850a16d91d5500c18274b7a19852dacf7c4164f78d820b,44336597,592,2026-04-06,,,1286,1557,163644753171,,,,1
modify,0x1fe14350e72ed606c8850a16d91d5500c18274b7a19852dacf7c4164f78d820b,44338093,591,2026-04-06,,,1397,1492,98135576250,,,,1
modify,0x1fe14350e72ed606c8850a16d91d5500c18274b7a19852dacf7c4164f78d820b,44338301,524,2026-04-06,,,1397,1492,-98135576250,,,,1
modify,0x1fe14350e72ed606c8850a16d91d5500c18274b7a19852dacf7c4164f78d820b,44340260,287,2026-04-06,,,1286,1557,-174505785097,,,,1
modify,0x1fe14350e72ed606c8850a16d91d5500c18274b7a19852dacf7c4164f78d820b,44344421,393,2026-04-06,,,1273,1702,1689478840,,,,1
modify,0x1fe14350e72ed606c8850a16d91d5500c18274b7a19852dacf7c4164f78d820b,44350640,95,2026-04-06,,,1369,1569,0,,,,1
modify,0x1fe14350e72ed606c8850a16d91d5500c18274b7a19852dacf7c4164f78d820b,44356076,1642,2026-04-06,,,1404,1460,66494187756,,,,1
modify,0x1fe14350e72ed606c8850a16d91d5500c18274b7a19852dacf7c4164f78d820b,44371456,1189,2026-04-06,,,1292,1502,0,,,,1
modify,0x1fe14350e72ed606c8850a16d91d5500c18274b7a19852dacf7c4164f78d820b,44374427,459,2026-04-06,,,1376,1456,-419782533873,,,,1
modify,0x1fe14350e72ed606c8850a16d91d5500c18274b7a19852dacf7c4164f78d820b,44374536,623,2026-04-06,,,1398,1468,496289550849,,,,1
price,0x1fe14350e72ed606c8850a16d91d5500c18274b7a19852dacf7c4164f78d820b,44376098,911,2026-04-06,,,,,,85097923356400735437353258321,1429,2697974793893,631
modify,0x1fe14350e72ed606c8850a16d91d5500c18274b7a19852dacf7c4164f78d820b,44394269,495,2026-04-07,,,1369,1569,0,,,,1
modify,0x1fe14350e72ed606c8850a16d91d5500c18274b7a19852dacf7c4164f78d820b,44396026,720,2026-04-07,,,1398,1468,-496289550849,,,,1
modify,0x1fe14350e72ed606c8850a16d91d5500c18274b7a19852dacf7c4164f78d820b,44396088,755,2026-04-07,,,1423,1499,446612462254,,,,1
modify,0x1fe14350e72ed606c8850a16d91d5500c18274b7a19852dacf7c4164f78d820b,44402571,29,2026-04-07,,,1383,1494,886348994259,,,,1
modify,0x1fe14350e72ed606c8850a16d91d5500c18274b7a19852dacf7c4164f78d820b,44406268,353,2026-04-07,,,1423,1499,-446612462254,,,,1
modify,0x1fe14350e72ed606c8850a16d91d5500c18274b7a19852dacf7c4164f78d820b,44412660,348,2026-04-07,,,1481,1621,241058629130,,,,1
price,0x1fe14350e72ed606c8850a16d91d5500c18274b7a19852dacf7c4164f78d820b,44419305,443,2026-04-07,,,,,,85676628792148824252812788295,1565,934763602804,847
modify,0x1fe14350e72ed606c8850a16d91d5500c18274b7a19852dacf7c4164f78d820b,44419616,346,2026-04-08,,,1383,1494,-886348994259,,,,1
modify,0x1fe14350e72ed606c8850a16d91d5500c18274b7a19852dacf7c4164f78d820b,44424566,615,2026-04-08,,,1292,1502,-908986829296,,,,1
modify,0x1fe14350e72ed606c8850a16d91d5500c18274b7a19852dacf7c4164f78d820b,44432503,2491,2026-04-08,,,1369,1569,0,,,,1
modify,0x1fe14350e72ed606c8850a16d91d5500c18274b7a19852dacf7c4164f78d820b,44432857,699,2026-04-08,,,1555,1597,19508071436,,,,1
modify,0x1fe14350e72ed606c8850a16d91d5500c18274b7a19852dacf7c4164f78d820b,44437713,362,2026-04-08,,,1555,1597,-19508071436,,,,1
modify,0x1fe14350e72ed606c8850a16d91d5500c18274b7a19852dacf7c4164f78d820b,44437844,453,2026-04-08,,,1535,1575,25086685341,,,,1
modify,0x1fe14350e72ed606c8850a16d91d5500c18274b7a19852dacf7c4164f78d820b,44443386,605,2026-04-08,,,1481,1621,-241058629130,,,,1
modify,0x1fe14350e72ed606c8850a16d91d5500c18274b7a19852dacf7c4164f78d820b,44443450,741,2026-04-08,,,1457,1597,244000299290,,,,1
modify,0x1fe14350e72ed606c8850a16d91d5500c18274b7a19852dacf7c4164f78d820b,44443731,767,2026-04-08,,,1535,1575,-25086685341,,,,1
modify,0x1fe14350e72ed606c8850a16d91d5500c18274b7a19852dacf7c4164f78d820b,44444053,1739,2026-04-08,,,1513,1553,21312545797,,,,1
modify,0x1fe14350e72ed606c8850a16d91d5500c18274b7a19852dacf7c4164f78d820b,44456594,350,2026-04-08,,,1404,1434,-204991466605,,,,1
price,0x1fe14350e72ed606c8850a16d91d5500c18274b7a19852dacf7c4164f78d820b,44462493,475,2026-04-08,,,,,,85547611252410826314725558615,1534,965191880210,534
modify,0x1fe14350e72ed606c8850a16d91d5500c18274b7a19852dacf7c4164f78d820b,44469730,501,2026-04-09,,,1457,1597,-244000299290,,,,1
modify,0x1fe14350e72ed606c8850a16d91d5500c18274b7a19852dacf7c4164f78d820b,44469784,331,2026-04-09,,,1495,1595,339565773171,,,,1
modify,0x1fe14350e72ed606c8850a16d91d5500c18274b7a19852dacf7c4164f78d820b,44472702,624,2026-04-09,,,1513,1553,-21312545797,,,,1
modify,0x1fe14350e72ed606c8850a16d91d5500c18274b7a19852dacf7c4164f78d820b,44472810,712,2026-04-09,,,1534,1572,26622766797,,,,1
modify,0x1fe14350e72ed606c8850a16d91d5500c18274b7a19852dacf7c4164f78d820b,44479063,649,2026-04-09,,,1369,1569,0,,,,1
modify,0x1fe14350e72ed606c8850a16d91d5500c18274b7a19852dacf7c4164f78d820b,44480868,381,2026-04-09,,,1534,1572,-26622766797,,,,1
modify,0x1fe14350e72ed606c8850a16d91d5500c18274b7a19852dacf7c4164f78d820b,44481586,424,2026-04-09,,,1554,1596,23824436646,,,,1
modify,0x1fe14350e72ed606c8850a16d91d5500c18274b7a19852dacf7c4164f78d820b,44485267,469,2026-04-09,,,1260,1708,14340259370,,,,1
modify,0x1fe14350e72ed606c8850a16d91d5500c18274b7a19852dacf7c4164f78d820b,44492822,366,2026-04-09,,,1512,1612,36088509556,,,,1
modify,0x1fe14350e72ed606c8850a16d91d5500c18274b7a19852dacf7c4164f78d820b,44496287,249,2026-04-09,,,1554,1596,-23824436646,,,,1
modify,0x1fe14350e72ed606c8850a16d91d5500c18274b7a19852dacf7c4164f78d820b,44496392,299,2026-04-09,,,1538,1578,25747945028,,,,1
modify,0x1fe14350e72ed606c8850a16d91d5500c18274b7a19852dacf7c4164f78d820b,44503922,566,2026-04-09,,,1495,1595,-339565773171,,,,1
modify,0x1fe14350e72ed606c8850a16d91d5500c18274b7a19852dacf7c4164f78d820b,44503953,416,2026-04-09,,,1513,1613,338281531836,,,,1
price,0x1fe14350e72ed606c8850a16d91d5500c18274b7a19852dacf7c4164f78d820b,44505630,396,2026-04-09,,,,,,85651182143804996190724720201,1559,1114337280913,464
modify,0x1fe14350e72ed606c8850a16d91d5500c18274b7a19852dacf7c4164f78d820b,44507267,608,2026-04-10,,,1505,1593,73018094642,,,,1
modify,0x1fe14350e72ed606c8850a16d91d5500c18274b7a19852dacf7c4164f78d820b,44514972,678,2026-04-10,,,1538,1578,-25747945028,,,,1
modify,0x1fe14350e72ed606c8850a16d91d5500c18274b7a19852dacf7c4164f78d820b,44515418,416,2026-04-10,,,1561,1601,26815603012,,,,1
modify,0x1fe14350e72ed606c8850a16d91d5500c18274b7a19852dacf7c4164f78d820b,44518622,516,2026-04-10,,,1505,1593,-73018094642,,,,1
modify,0x1fe14350e72ed606c8850a16d91d5500c18274b7a19852dacf7c4164f78d820b,44521036,364,2026-04-10,,,1561,1601,-26815603012,,,,1
modify,0x1fe14350e72ed606c8850a16d91d5500c18274b7a19852dacf7c4164f78d820b,44521175,272,2026-04-10,,,1574,1620,20415281903,,,,1
modify,0x1fe14350e72ed606c8850a16d91d5500c18274b7a19852dacf7c4164f78d820b,44523852,320,2026-04-10,,,1369,1569,0,,,,1
modify,0x1fe14350e72ed606c8850a16d91d5500c18274b7a19852dacf7c4164f78d820b,44523854,556,2026-04-10,,,1404,1460,-66494187756,,,,1
modify,0x1fe14350e72ed606c8850a16d91d5500c18274b7a19852dacf7c4164f78d820b,44525312,661,2026-04-10,,,1519,1656,30572419629,,,,1
modify,0x1fe14350e72ed606c8850a16d91d5500c18274b7a19852dacf7c4164f78d820b,44532693,547,2026-04-10,,,1589,1605,20538678679689,,,,1
modify,0x1fe14350e72ed606c8850a16d91d5500c18274b7a19852dacf7c4164f78d820b,44533890,479,2026-04-10,,,1574,1620,-20415281903,,,,1
modify,0x1fe14350e72ed606c8850a16d91d5500c18274b7a19852dacf7c4164f78d820b,44536021,931,2026-04-10,,,1513,1613,-338281531836,,,,1
modify,0x1fe14350e72ed606c8850a16d91d5500c18274b7a19852dacf7c4164f78d820b,44546410,459,2026-04-10,,,1586,1595,5910002020309,,,,1
price,0x1fe14350e72ed606c8850a16d91d5500c18274b7a19852dacf7c4164f78d820b,44548620,487,2026-04-10,,,,,,85784022844267623505570783586,1590,27006581696912,469
modify,0x1fe14350e72ed606c8850a16d91d5500c18274b7a19852dacf7c4164f78d820b,44559470,589,2026-04-11,,,1560,1610,18756991949,,,,1
modify,0x1fe14350e72ed606c8850a16d91d5500c18274b7a19852dacf7c4164f78d820b,44560841,845,2026-04-11,,,1586,1595,-5910002020309,,,,1
modify,0x1fe14350e72ed606c8850a16d91d5500c18274b7a19852dacf7c4164f78d820b,44568368,521,2026-04-11,,,1580,1589,20021970165982,,,,1
modify,0x1fe14350e72ed606c8850a16d91d5500c18274b7a19852dacf7c4164f78d820b,44571304,1168,2026-04-11,,,1560,1610,-18756991949,,,,1
modify,0x1fe14350e72ed606c8850a16d91d5500c18274b7a19852dacf7c4164f78d820b,44571444,592,2026-04-11,,,1578,1588,106244164992,,,,1
modify,0x1fe14350e72ed606c8850a16d91d5500c18274b7a19852dacf7c4164f78d820b,44575534,748,2026-04-11,,,1578,1588,-106244164992,,,,1
modify,0x1fe14350e72ed606c8850a16d91d5500c18274b7a19852dacf7c4164f78d820b,44575681,462,2026-04-11,,,1585,1589,220891935208,,,,1
modify,0x1fe14350e72ed606c8850a16d91d5500c18274b7a19852dacf7c4164f78d820b,44584909,521,2026-04-11,,,1585,1589,-220891935208,,,,1
modify,0x1fe14350e72ed606c8850a16d91d5500c18274b7a19852dacf7c4164f78d820b,44585028,656,2026-04-11,,,1582,1586,245550237478,,,,1
modify,0x1fe14350e72ed606c8850a16d91d5500c18274b7a19852dacf7c4164f78d820b,44590255,768,2026-04-11,,,1589,1605,-20538678679689,,,,1
modify,0x1fe14350e72ed606c8850a16d91d5500c18274b7a19852dacf7c4164f78d820b,44590695,604,2026-04-11,,,1482,1682,51400290,,,,1
price,0x1fe14350e72ed606c8850a16d91d5500c18274b7a19852dacf7c4164f78d820b,44592045,601,2026-04-11,,,,,,85750310972349192141698826356,1582,20825472800664,503
modify,0x1fe14350e72ed606c8850a16d91d5500c18274b7a19852dacf7c4164f78d820b,44599210,550,2026-04-12,,,1273,1702,1698122818,,,,1
modify,0x1fe14350e72ed606c8850a16d91d5500c18274b7a19852dacf7c4164f78d820b,44602464,764,2026-04-12,,,1582,1586,-245550237478,,,,1
modify,0x1fe14350e72ed606c8850a16d91d5500c18274b7a19852dacf7c4164f78d820b,44602548,689,2026-04-12,,,1558,1598,24508517989,,,,1
modify,0x1fe14350e72ed606c8850a16d91d5500c18274b7a19852dacf7c4164f78d820b,44605578,521,2026-04-12,,,1558,1598,-24508517989,,,,1
modify,0x1fe14350e72ed606c8850a16d91d5500c18274b7a19852dacf7c4164f78d820b,44606526,486,2026-04-12,,,1582,1586,217472495786,,,,1
modify,0x1fe14350e72ed606c8850a16d91d5500c18274b7a19852dacf7c4164f78d820b,44610816,1162,2026-04-12,,,1580,1589,-20021970165982,,,,1
modify,0x1fe14350e72ed606c8850a16d91d5500c18274b7a19852dacf7c4164f78d820b,44612395,896,2026-04-12,,,1582,1586,-217472495786,,,,1
modify,0x1fe14350e72ed606c8850a16d91d5500c18274b7a19852dacf7c4164f78d820b,44612537,692,2026-04-12,,,1558,1598,25776388485,,,,1
modify,0x1fe14350e72ed606c8850a16d91d5500c18274b7a19852dacf7c4164f78d820b,44614010,449,2026-04-12,,,1369,1569,-207194673578,,,,1
modify,0x1fe14350e72ed606c8850a16d91d5500c18274b7a19852dacf7c4164f78d820b,44614456,485,2026-04-12,,,1370,1613,147488172981,,,,1
modify,0x1fe14350e72ed606c8850a16d91d5500c18274b7a19852dacf7c4164f78d820b,44619392,444,2026-04-12,,,1525,1543,3793285484637,,,,1
modify,0x1fe14350e72ed606c8850a16d91d5500c18274b7a19852dacf7c4164f78d820b,44620145,379,2026-04-12,,,1525,1543,-3793285484637,,,,1
modify,0x1fe14350e72ed606c8850a16d91d5500c18274b7a19852dacf7c4164f78d820b,44620576,656,2026-04-12,,,1538,1560,900998468090,,,,1
modify,0x1fe14350e72ed606c8850a16d91d5500c18274b7a19852dacf7c4164f78d820b,44620619,568,2026-04-12,,,1558,1598,-25776388485,,,,1
modify,0x1fe14350e72ed606c8850a16d91d5500c18274b7a19852dacf7c4164f78d820b,44621229,371,2026-04-12,,,1531,1559,67855095495,,,,1
modify,0x1fe14350e72ed606c8850a16d91d5500c18274b7a19852dacf7c4164f78d820b,44626984,556,2026-04-12,,,1531,1559,-67855095495,,,,1
modify,0x1fe14350e72ed606c8850a16d91d5500c18274b7a19852dacf7c4164f78d820b,44627132,787,2026-04-12,,,1543,1573,64620772537,,,,1
modify,0x1fe14350e72ed606c8850a16d91d5500c18274b7a19852dacf7c4164f78d820b,44629252,427,2026-04-12,,,1508,1608,338600189671,,,,1
price,0x1fe14350e72ed606c8850a16d91d5500c18274b7a19852dacf7c4164f78d820b,44634804,412,2026-04-12,,,,,,85643548410650305298878968739,1557,2027142676487,433
modify,0x1fe14350e72ed606c8850a16d91d5500c18274b7a19852dacf7c4164f78d820b,44635473,1,2026-04-13,,,1536,1568,901978647759,,,,1
modify,0x1fe14350e72ed606c8850a16d91d5500c18274b7a19852dacf7c4164f78d820b,44635484,9,2026-04-13,,,1538,1560,-900998468090,,,,1
modify,0x1fe14350e72ed606c8850a16d91d5500c18274b7a19852dacf7c4164f78d820b,44635616,418,2026-04-13,,,1536,1568,608833408540,,,,1
modify,0x1fe14350e72ed606c8850a16d91d5500c18274b7a19852dacf7c4164f78d820b,44643502,631,2026-04-13,,,1546,1567,12241783336835,,,,1
modify,0x1fe14350e72ed606c8850a16d91d5500c18274b7a19852dacf7c4164f78d820b,44645103,535,2026-04-13,,,1508,1608,-338600189671,,,,1
modify,0x1fe14350e72ed606c8850a16d91d5500c18274b7a19852dacf7c4164f78d820b,44645229,374,2026-04-13,,,1527,1608,416687160508,,,,1
modify,0x1fe14350e72ed606c8850a16d91d5500c18274b7a19852dacf7c4164f78d820b,44647049,398,2026-04-13,,,1543,1573,-64620772537,,,,1
modify,0x1fe14350e72ed606c8850a16d91d5500c18274b7a19852dacf7c4164f78d820b,44655646,615,2026-04-13,,,1370,1613,0,,,,1
modify,0x1fe14350e72ed606c8850a16d91d5500c18274b7a19852dacf7c4164f78d820b,44656519,695,2026-04-13,,,1482,1682,154380629,,,,1
modify,0x1fe14350e72ed606c8850a16d91d5500c18274b7a19852dacf7c4164f78d820b,44656606,829,2026-04-13,,,1482,1682,25963470,,,,1
modify,0x1fe14350e72ed606c8850a16d91d5500c18274b7a19852dacf7c4164f78d820b,44659742,20,2026-04-13,,,1536,1568,-1510812056299,,,,1
modify,0x1fe14350e72ed606c8850a16d91d5500c18274b7a19852dacf7c4164f78d820b,44665568,350,2026-04-13,,,1527,1608,-416687160508,,,,1
modify,0x1fe14350e72ed606c8850a16d91d5500c18274b7a19852dacf7c4164f78d820b,44665658,388,2026-04-13,,,1574,1674,337767927826,,,,1
modify,0x1fe14350e72ed606c8850a16d91d5500c18274b7a19852dacf7c4164f78d820b,44671905,54,2026-04-13,,,1546,1567,-12241783336835,,,,1
modify,0x1fe14350e72ed606c8850a16d91d5500c18274b7a19852dacf7c4164f78d820b,44678013,544,2026-04-13,,,1527,1725,32414308935,,,,1
modify,0x1fe14350e72ed606c8850a16d91d5500c18274b7a19852dacf7c4164f78d820b,44678257,363,2026-04-13,,,1505,1593,259773105,,,,1
price,0x1fe14350e72ed606c8850a16d91d5500c18274b7a19852dacf7c4164f78d820b,44678396,92,2026-04-13,,,,,,85937678386369151173066789114,1625,798050272041,567
modify,0x1fe14350e72ed606c8850a16d91d5500c18274b7a19852dacf7c4164f78d820b,44679292,40,2026-04-14,,,1505,1593,-259773105,,,,1
modify,0x1fe14350e72ed606c8850a16d91d5500c18274b7a19852dacf7c4164f78d820b,44679783,577,2026-04-14,,,1527,1725,49308919339,,,,1
modify,0x1fe14350e72ed606c8850a16d91d5500c18274b7a19852dacf7c4164f78d820b,44679915,348,2026-04-14,,,1527,1725,1066875065,,,,1
modify,0x1fe14350e72ed606c8850a16d91d5500c18274b7a19852dacf7c4164f78d820b,44682539,546,2026-04-14,,,1370,1613,0,,,,1
modify,0x1fe14350e72ed606c8850a16d91d5500c18274b7a19852dacf7c4164f78d820b,44682551,1199,2026-04-14,,,1370,1613,-147488172981,,,,1
modify,0x1fe14350e72ed606c8850a16d91d5500c18274b7a19852dacf7c4164f78d820b,44684416,470,2026-04-14,,,1632,1656,1385022078802,,,,1
modify,0x1fe14350e72ed606c8850a16d91d5500c18274b7a19852dacf7c4164f78d820b,44685765,515,2026-04-14,,,1273,1702,1773633215,,,,1
modify,0x1fe14350e72ed606c8850a16d91d5500c18274b7a19852dacf7c4164f78d820b,44686152,715,2026-04-14,,,1527,1725,-8279010333,,,,1
modify,0x1fe14350e72ed606c8850a16d91d5500c18274b7a19852dacf7c4164f78d820b,44687651,566,2026-04-14,,,1574,1674,-337767927826,,,,1
modify,0x1fe14350e72ed606c8850a16d91d5500c18274b7a19852dacf7c4164f78d820b,44687689,812,2026-04-14,,,1604,1704,340270903440,,,,1
modify,0x1fe14350e72ed606c8850a16d91d5500c18274b7a19852dacf7c4164f78d820b,44689365,850,2026-04-14,,,1108,1641,-23321484287,,,,1
modify,0x1fe14350e72ed606c8850a16d91d5500c18274b7a19852dacf7c4164f78d820b,44694795,828,2026-04-14,,,1639,1684,39255560009,,,,1
modify,0x1fe14350e72ed606c8850a16d91d5500c18274b7a19852dacf7c4164f78d820b,44695035,775,2026-04-14,,,1307,1526,-90558960566,,,,1
modify,0x1fe14350e72ed606c8850a16d91d5500c18274b7a19852dacf7c4164f78d820b,44695168,761,2026-04-14,,,1573,1657,233796656955,,,,1
modify,0x1fe14350e72ed606c8850a16d91d5500c18274b7a19852dacf7c4164f78d820b,44696057,648,2026-04-14,,,1639,1684,-39255560009,,,,1
modify,0x1fe14350e72ed606c8850a16d91d5500c18274b7a19852dacf7c4164f78d820b,44696225,450,2026-04-14,,,1638,1659,86184575442,,,,1
modify,0x1fe14350e72ed606c8850a16d91d5500c18274b7a19852dacf7c4164f78d820b,44699173,369,2026-04-14,,,1512,1612,-36088509556,,,,1
modify,0x1fe14350e72ed606c8850a16d91d5500c18274b7a19852dacf7c4164f78d820b,44699337,497,2026-04-14,,,1572,1733,22158805043,,,,1
modify,0x1fe14350e72ed606c8850a16d91d5500c18274b7a19852dacf7c4164f78d820b,44703097,445,2026-04-14,,,1572,1733,-22158805043,,,,1
modify,0x1fe14350e72ed606c8850a16d91d5500c18274b7a19852dacf7c4164f78d820b,44707722,378,2026-04-14,,,1482,1682,-231744389,,,,1
modify,0x1fe14350e72ed606c8850a16d91d5500c18274b7a19852dacf7c4164f78d820b,44712425,278,2026-04-14,,,1638,1659,-86184575442,,,,1
modify,0x1fe14350e72ed606c8850a16d91d5500c18274b7a19852dacf7c4164f78d820b,44712445,319,2026-04-14,,,1604,1704,-340270903440,,,,1
modify,0x1fe14350e72ed606c8850a16d91d5500c18274b7a19852dacf7c4164f78d820b,44712503,417,2026-04-14,,,1608,1688,432907145170,,,,1
modify,0x1fe14350e72ed606c8850a16d91d5500c18274b7a19852dacf7c4164f78d820b,44716139,259,2026-04-14,,,1608,1688,-432907145170,,,,1
modify,0x1fe14350e72ed606c8850a16d91d5500c18274b7a19852dacf7c4164f78d820b,44716227,322,2026-04-14,,,1602,1682,418403775504,,,,1
modify,0x1fe14350e72ed606c8850a16d91d5500c18274b7a19852dacf7c4164f78d820b,44720403,698,2026-04-14,,,1632,1656,9570801528297,,,,1
modify,0x1fe14350e72ed606c8850a16d91d5500c18274b7a19852dacf7c4164f78d820b,44720421,708,2026-04-14,,,1632,1656,-5477911803549,,,,1
price,0x1fe14350e72ed606c8850a16d91d5500c18274b7a19852dacf7c4164f78d820b,44721676,227,2026-04-14,,,,,,86031834362037084135331015315,1647,6562850851171,651
modify,0x1fe14350e72ed606c8850a16d91d5500c18274b7a19852dacf7c4164f78d820b,44722848,741,2026-04-15,,,1522,1647,1480636868809,,,,1
modify,0x1fe14350e72ed606c8850a16d91d5500c18274b7a19852dacf7c4164f78d820b,44725386,738,2026-04-15,,,1602,1682,-418403775504,,,,1
modify,0x1fe14350e72ed606c8850a16d91d5500c18274b7a19852dacf7c4164f78d820b,44725502,340,2026-04-15,,,1629,1661,1007592553685,,,,1
modify,0x1fe14350e72ed606c8850a16d91d5500c18274b7a19852dacf7c4164f78d820b,44732942,468,2026-04-15,,,1629,1661,-1007592553685,,,,1
modify,0x1fe14350e72ed606c8850a16d91d5500c18274b7a19852dacf7c4164f78d820b,44733084,441,2026-04-15,,,1623,1649,1231532811395,,,,1
modify,0x1fe14350e72ed606c8850a16d91d5500c18274b7a19852dacf7c4164f78d820b,44737129,437,2026-04-15,,,1623,1649,-1231532811395,,,,1
modify,0x1fe14350e72ed606c8850a16d91d5500c18274b7a19852dacf7c4164f78d820b,44738469,383,2026-04-15,,,1527,1725,-74511093006,,,,1
modify,0x1fe14350e72ed606c8850a16d91d5500c18274b7a19852dacf7c4164f78d820b,44741104,526,2026-04-15,,,1522,1647,-1480636868809,,,,1
modify,0x1fe14350e72ed606c8850a16d91d5500c18274b7a19852dacf7c4164f78d820b,44741331,148,2026-04-15,,,1527,1655,2168643154905,,,,1
modify,0x1fe14350e72ed606c8850a16d91d5500c18274b7a19852dacf7c4164f78d820b,44742711,863,2026-04-15,,,1347,1947,188778970655,,,,1
modify,0x1fe14350e72ed606c8850a16d91d5500c18274b7a19852dacf7c4164f78d820b,44746024,428,2026-04-15,,,1632,1682,19199398889,,,,1
modify,0x1fe14350e72ed606c8850a16d91d5500c18274b7a19852dacf7c4164f78d820b,44756225,328,2026-04-15,,,1620,1700,88236504934,,,,1
modify,0x1fe14350e72ed606c8850a16d91d5500c18274b7a19852dacf7c4164f78d820b,44760048,437,2026-04-15,,,1632,1656,-5477911803550,,,,1
modify,0x1fe14350e72ed606c8850a16d91d5500c18274b7a19852dacf7c4164f78d820b,44763248,796,2026-04-15,,,1631,1701,475769414542,,,,1
price,0x1fe14350e72ed606c8850a16d91d5500c18274b7a19852dacf7c4164f78d820b,44764914,719,2026-04-15,,,,,,86085705815488837771890307045,1660,1085773291225,889
modify,0x1fe14350e72ed606c8850a16d91d5500c18274b7a19852dacf7c4164f78d820b,44765776,480,2026-04-16,,,1527,1655,-2168643154905,,,,1
modify,0x1fe14350e72ed606c8850a16d91d5500c18274b7a19852dacf7c4164f78d820b,44767155,608,2026-04-16,,,1631,1701,-475769414542,,,,1
modify,0x1fe14350e72ed606c8850a16d91d5500c18274b7a19852dacf7c4164f78d820b,44767201,193,2026-04-16,,,1617,1698,408373592846,,,,1
modify,0x1fe14350e72ed606c8850a16d91d5500c18274b7a19852dacf7c4164f78d820b,44771491,443,2026-04-16,,,1617,1698,-408373592846,,,,1
modify,0x1fe14350e72ed606c8850a16d91d5500c18274b7a19852dacf7c4164f78d820b,44771524,632,2026-04-16,,,1592,1692,333434060030,,,,1
modify,0x1fe14350e72ed606c8850a16d91d5500c18274b7a19852dacf7c4164f78d820b,44775739,1112,2026-04-16,,,1632,1682,-19199398889,,,,1
modify,0x1fe14350e72ed606c8850a16d91d5500c18274b7a19852dacf7c4164f78d820b,44775957,672,2026-04-16,,,1620,1662,22829395603,,,,1
modify,0x1fe14350e72ed606c8850a16d91d5500c18274b7a19852dacf7c4164f78d820b,44778624,379,2026-04-16,,,1538,1738,9147113461,,,,1
modify,0x1fe14350e72ed606c8850a16d91d5500c18274b7a19852dacf7c4164f78d820b,44778842,397,2026-04-16,,,1538,1738,11274511148,,,,1
modify,0x1fe14350e72ed606c8850a16d91d5500c18274b7a19852dacf7c4164f78d820b,44791469,386,2026-04-16,,,1629,1653,236719897640,,,,1
modify,0x1fe14350e72ed606c8850a16d91d5500c18274b7a19852dacf7c4164f78d820b,44800090,395,2026-04-16,,,1592,1692,-333434060030,,,,1
modify,0x1fe14350e72ed606c8850a16d91d5500c18274b7a19852dacf7c4164f78d820b,44800131,403,2026-04-16,,,1595,1675,420940884209,,,,1
modify,0x1fe14350e72ed606c8850a16d91d5500c18274b7a19852dacf7c4164f78d820b,44801037,732,2026-04-16,,,1347,1947,366169612576,,,,1
modify,0x1fe14350e72ed606c8850a16d91d5500c18274b7a19852dacf7c4164f78d820b,44802170,251,2026-04-16,,,1347,1947,27154322849,,,,1
price,0x1fe14350e72ed606c8850a16d91d5500c18274b7a19852dacf7c4164f78d820b,44807961,523,2026-04-16,,,,,,86002920841774076807087980014,1641,1963275392186,613
modify,0x1fe14350e72ed606c8850a16d91d5500c18274b7a19852dacf7c4164f78d820b,44809299,374,2026-04-17,,,1587,1687,36487911240,,,,1
modify,0x1fe14350e72ed606c8850a16d91d5500c18274b7a19852dacf7c4164f78d820b,44817485,500,2026-04-17,,,1629,1653,0,,,,1
modify,0x1fe14350e72ed606c8850a16d91d5500c18274b7a19852dacf7c4164f78d820b,44817490,433,2026-04-17,,,1629,1653,0,,,,1
modify,0x1fe14350e72ed606c8850a16d91d5500c18274b7a19852dacf7c4164f78d820b,44817932,831,2026-04-17,,,1629,1653,-236719897640,,,,1
modify,0x1fe14350e72ed606c8850a16d91d5500c18274b7a19852dacf7c4164f78d820b,44818775,810,2026-04-17,,,1640,1662,234404204237,,,,1
modify,0x1fe14350e72ed606c8850a16d91d5500c18274b7a19852dacf7c4164f78d820b,44820515,652,2026-04-17,,,1640,1662,-234404204237,,,,1
modify,0x1fe14350e72ed606c8850a16d91d5500c18274b7a19852dacf7c4164f78d820b,44821433,357,2026-04-17,,,1674,1704,175055794731,,,,1
modify,0x1fe14350e72ed606c8850a16d91d5500c18274b7a19852dacf7c4164f78d820b,44822173,749,2026-04-17,,,1674,1704,-175055794731,,,,1
modify,0x1fe14350e72ed606c8850a16d91d5500c18274b7a19852dacf7c4164f78d820b,44822320,1712,2026-04-17,,,1658,1702,119533193450,,,,1
modify,0x1fe14350e72ed606c8850a16d91d5500c18274b7a19852dacf7c4164f78d820b,44823398,99,2026-04-17,,,1573,1657,-233796656955,,,,1
modify,0x1fe14350e72ed606c8850a16d91d5500c18274b7a19852dacf7c4164f78d820b,44823418,601,2026-04-17,,,1519,1656,-30572419629,,,,1
modify,0x1fe14350e72ed606c8850a16d91d5500c18274b7a19852dacf7c4164f78d820b,44823570,527,2026-04-17,,,1571,1678,222572998190,,,,1
modify,0x1fe14350e72ed606c8850a16d91d5500c18274b7a19852dacf7c4164f78d820b,44824079,556,2026-04-17,,,1595,1675,-420940884209,,,,1
modify,0x1fe14350e72ed606c8850a16d91d5500c18274b7a19852dacf7c4164f78d820b,44824149,403,2026-04-17,,,1619,1719,334387575470,,,,1
modify,0x1fe14350e72ed606c8850a16d91d5500c18274b7a19852dacf7c4164f78d820b,44826695,446,2026-04-17,,,1658,1702,-119533193450,,,,1
modify,0x1fe14350e72ed606c8850a16d91d5500c18274b7a19852dacf7c4164f78d820b,44827162,859,2026-04-17,,,1642,1666,231344805267,,,,1
modify,0x1fe14350e72ed606c8850a16d91d5500c18274b7a19852dacf7c4164f78d820b,44831137,444,2026-04-17,,,1619,1719,-334387575470,,,,1
modify,0x1fe14350e72ed606c8850a16d91d5500c18274b7a19852dacf7c4164f78d820b,44831346,442,2026-04-17,,,1642,1666,-231344805267,,,,1
modify,0x1fe14350e72ed606c8850a16d91d5500c18274b7a19852dacf7c4164f78d820b,44832313,720,2026-04-17,,,1624,1652,191197845064,,,,1
modify,0x1fe14350e72ed606c8850a16d91d5500c18274b7a19852dacf7c4164f78d820b,44834989,41,2026-04-17,,,1605,1637,8505445433651,,,,1
modify,0x1fe14350e72ed606c8850a16d91d5500c18274b7a19852dacf7c4164f78d820b,44836769,334,2026-04-17,,,1624,1652,-191197845064,,,,1
modify,0x1fe14350e72ed606c8850a16d91d5500c18274b7a19852dacf7c4164f78d820b,44849320,579,2026-04-17,,,1612,1638,1269481510403,,,,1
modify,0x1fe14350e72ed606c8850a16d91d5500c18274b7a19852dacf7c4164f78d820b,44850192,479,2026-04-17,,,1624,1625,67796696014887,,,,1
modify,0x1fe14350e72ed606c8850a16d91d5500c18274b7a19852dacf7c4164f78d820b,44850603,352,2026-04-17,,,1624,1625,-67796696014887,,,,1
price,0x1fe14350e72ed606c8850a16d91d5500c18274b7a19852dacf7c4164f78d820b,44851305,533,2026-04-17,,,,,,85931990006525960415799806991,1624,11123094304900,995
modify,0x1fe14350e72ed606c8850a16d91d5500c18274b7a19852dacf7c4164f78d820b,44861059,277,2026-04-18,,,1626,1632,940384864063,,,,1
modify,0x1fe14350e72ed606c8850a16d91d5500c18274b7a19852dacf7c4164f78d820b,44870181,1247,2026-04-18,,,1626,1632,-940384864063,,,,1
modify,0x1fe14350e72ed606c8850a16d91d5500c18274b7a19852dacf7c4164f78d820b,44870934,370,2026-04-18,,,1623,1629,894616404653,,,,1
modify,0x1fe14350e72ed606c8850a16d91d5500c18274b7a19852dacf7c4164f78d820b,44878779,274,2026-04-18,,,1612,1629,7714300188785,,,,1
modify,0x1fe14350e72ed606c8850a16d91d5500c18274b7a19852dacf7c4164f78d820b,44884504,469,2026-04-18,,,1347,1947,0,,,,1
modify,0x1fe14350e72ed606c8850a16d91d5500c18274b7a19852dacf7c4164f78d820b,44884927,348,2026-04-18,,,1612,1638,-1269481510403,,,,1
modify,0x1fe14350e72ed606c8850a16d91d5500c18274b7a19852dacf7c4164f78d820b,44885321,655,2026-04-18,,,1347,1947,310599800,,,,1
modify,0x1fe14350e72ed606c8850a16d91d5500c18274b7a19852dacf7c4164f78d820b,44886491,229,2026-04-18,,,1623,1629,0,,,,1
modify,0x1fe14350e72ed606c8850a16d91d5500c18274b7a19852dacf7c4164f78d820b,44892202,312,2026-04-18,,,1619,1629,3326172511753,,,,1
price,0x1fe14350e72ed606c8850a16d91d5500c18274b7a19852dacf7c4164f78d820b,44894431,293,2026-04-18,,,,,,85927635610960995731252655129,1623,21789012499488,1004
modify,0x1fe14350e72ed606c8850a16d91d5500c18274b7a19852dacf7c4164f78d820b,44903759,322,2026-04-19,,,1619,1629,-3326172511753,,,,1
modify,0x1fe14350e72ed606c8850a16d91d5500c18274b7a19852dacf7c4164f78d820b,44904115,190,2026-04-19,,,1623,1629,0,,,,1
modify,0x1fe14350e72ed606c8850a16d91d5500c18274b7a19852dacf7c4164f78d820b,44904222,288,2026-04-19,,,1623,1629,-894616404653,,,,1
modify,0x1fe14350e72ed606c8850a16d91d5500c18274b7a19852dacf7c4164f78d820b,44904491,341,2026-04-19,,,1611,1615,1407484648063,,,,1
modify,0x1fe14350e72ed606c8850a16d91d5500c18274b7a19852dacf7c4164f78d820b,44904671,349,2026-04-19,,,1620,1662,0,,,,1
modify,0x1fe14350e72ed606c8850a16d91d5500c18274b7a19852dacf7c4164f78d820b,44904730,749,2026-04-19,,,1620,1662,-22829395603,,,,1
modify,0x1fe14350e72ed606c8850a16d91d5500c18274b7a19852dacf7c4164f78d820b,44904933,564,2026-04-19,,,1612,1629,-7714300188785,,,,1
modify,0x1fe14350e72ed606c8850a16d91d5500c18274b7a19852dacf7c4164f78d820b,44906898,695,2026-04-19,,,1620,1700,-88236504934,,,,1
modify,0x1fe14350e72ed606c8850a16d91d5500c18274b7a19852dacf7c4164f78d820b,44910032,222,2026-04-19,,,1611,1615,0,,,,1
modify,0x1fe14350e72ed606c8850a16d91d5500c18274b7a19852dacf7c4164f78d820b,44910138,189,2026-04-19,,,1273,1702,822219433,,,,1
modify,0x1fe14350e72ed606c8850a16d91d5500c18274b7a19852dacf7c4164f78d820b,44910552,284,2026-04-19,,,1611,1615,-1407484648063,,,,1
modify,0x1fe14350e72ed606c8850a16d91d5500c18274b7a19852dacf7c4164f78d820b,44910629,719,2026-04-19,,,1608,1614,816645570219,,,,1
modify,0x1fe14350e72ed606c8850a16d91d5500c18274b7a19852dacf7c4164f78d820b,44913072,622,2026-04-19,,,1605,1637,-8505445433651,,,,1
modify,0x1fe14350e72ed606c8850a16d91d5500c18274b7a19852dacf7c4164f78d820b,44916336,276,2026-04-19,,,1562,1662,334228001929,,,,1
modify,0x1fe14350e72ed606c8850a16d91d5500c18274b7a19852dacf7c4164f78d820b,44916846,333,2026-04-19,,,1310,1729,41276833275,,,,1
modify,0x1fe14350e72ed606c8850a16d91d5500c18274b7a19852dacf7c4164f78d820b,44917640,622,2026-04-19,,,1608,1614,0,,,,1
modify,0x1fe14350e72ed606c8850a16d91d5500c18274b7a19852dacf7c4164f78d820b,44918050,222,2026-04-19,,,1608,1614,-816645570219,,,,1
modify,0x1fe14350e72ed606c8850a16d91d5500c18274b7a19852dacf7c4164f78d820b,44918175,217,2026-04-19,,,1597,1613,354604928737,,,,1
modify,0x1fe14350e72ed606c8850a16d91d5500c18274b7a19852dacf7c4164f78d820b,44922736,363,2026-04-19,,,1597,1613,-354604928737,,,,1
modify,0x1fe14350e72ed606c8850a16d91d5500c18274b7a19852dacf7c4164f78d820b,44924448,378,2026-04-19,,,1587,1611,234647481815,,,,1
modify,0x1fe14350e72ed606c8850a16d91d5500c18274b7a19852dacf7c4164f78d820b,44927463,121,2026-04-19,,,1587,1611,-234647481815,,,,1
modify,0x1fe14350e72ed606c8850a16d91d5500c18274b7a19852dacf7c4164f78d820b,44927578,321,2026-04-19,,,1594,1628,167419518293,,,,1
price,0x1fe14350e72ed606c8850a16d91d5500c18274b7a19852dacf7c4164f78d820b,44937571,68,2026-04-19,,,,,,85883140457170223700947242645,1613,1781158633039,915
modify,0x1fe14350e72ed606c8850a16d91d5500c18274b7a19852dacf7c4164f78d820b,44944523,793,2026-04-20,,,1562,1662,-334228001929,,,,1
modify,0x1fe14350e72ed606c8850a16d91d5500c18274b7a19852dacf7c4164f78d820b,44944563,510,2026-04-20,,,1571,1671,338141871815,,,,1
modify,0x1fe14350e72ed606c8850a16d91d5500c18274b7a19852dacf7c4164f78d820b,44948746,710,2026-04-20,,,1594,1628,-167419518293,,,,1
modify,0x1fe14350e72ed606c8850a16d91d5500c18274b7a19852dacf7c4164f78d820b,44949007,198,2026-04-20,,,1611,1631,283012415462,,,,1
modify,0x1fe14350e72ed606c8850a16d91d5500c18274b7a19852dacf7c4164f78d820b,44952234,1169,2026-04-20,,,1611,1631,-283012415462,,,,1
modify,0x1fe14350e72ed606c8850a16d91d5500c18274b7a19852dacf7c4164f78d820b,44952889,29,2026-04-20,,,1273,1702,906551254,,,,1
modify,0x1fe14350e72ed606c8850a16d91d5500c18274b7a19852dacf7c4164f78d820b,44953581,374,2026-04-20,,,1621,1645,221700896505,,,,1
modify,0x1fe14350e72ed606c8850a16d91d5500c18274b7a19852dacf7c4164f78d820b,44963473,564,2026-04-20,,,1621,1645,-221700896505,,,,1
modify,0x1fe14350e72ed606c8850a16d91d5500c18274b7a19852dacf7c4164f78d820b,44963713,134,2026-04-20,,,1632,1654,251793401040,,,,1
modify,0x1fe14350e72ed606c8850a16d91d5500c18274b7a19852dacf7c4164f78d820b,44964409,270,2026-04-20,,,1633,1653,45333985414,,,,1
modify,0x1fe14350e72ed606c8850a16d91d5500c18274b7a19852dacf7c4164f78d820b,44977913,173,2026-04-20,,,1571,1671,-338141871815,,,,1
modify,0x1fe14350e72ed606c8850a16d91d5500c18274b7a19852dacf7c4164f78d820b,44977967,576,2026-04-20,,,1597,1677,416020128924,,,,1
price,0x1fe14350e72ed606c8850a16d91d5500c18274b7a19852dacf7c4164f78d820b,44980760,450,2026-04-20,,,,,,85994350322055733945865764385,1639,1945704261786,599
modify,0x1fe14350e72ed606c8850a16d91d5500c18274b7a19852dacf7c4164f78d820b,44990561,241,2026-04-21,,,1632,1654,-251793401040,,,,1
modify,0x1fe14350e72ed606c8850a16d91d5500c18274b7a19852dacf7c4164f78d820b,44990824,338,2026-04-21,,,1612,1636,236927484812,,,,1
modify,0x1fe14350e72ed606c8850a16d91d5500c18274b7a19852dacf7c4164f78d820b,44990846,288,2026-04-21,,,1633,1653,-45333985414,,,,1
modify,0x1fe14350e72ed606c8850a16d91d5500c18274b7a19852dacf7c4164f78d820b,44990984,296,2026-04-21,,,1615,1637,41651252902,,,,1
modify,0x1fe14350e72ed606c8850a16d91d5500c18274b7a19852dacf7c4164f78d820b,44998453,381,2026-04-21,,,1597,1677,-416020128924,,,,1
modify,0x1fe14350e72ed606c8850a16d91d5500c18274b7a19852dacf7c4164f78d820b,44998499,288,2026-04-21,,,1560,1660,340600126334,,,,1
modify,0x1fe14350e72ed606c8850a16d91d5500c18274b7a19852dacf7c4164f78d820b,44998555,297,2026-04-21,,,1612,1636,-236927484812,,,,1
modify,0x1fe14350e72ed606c8850a16d91d5500c18274b7a19852dacf7c4164f78d820b,44998707,692,2026-04-21,,,1601,1623,256212047359,,,,1
modify,0x1fe14350e72ed606c8850a16d91d5500c18274b7a19852dacf7c4164f78d820b,45001239,261,2026-04-21,,,1601,1623,-256212047359,,,,1
modify,0x1fe14350e72ed606c8850a16d91d5500c18274b7a19852dacf7c4164f78d820b,45001429,531,2026-04-21,,,1581,1605,235834143456,,,,1
modify,0x1fe14350e72ed606c8850a16d91d5500c18274b7a19852dacf7c4164f78d820b,45001952,654,2026-04-21,,,1581,1605,-235834143456,,,,1
modify,0x1fe14350e72ed606c8850a16d91d5500c18274b7a19852dacf7c4164f78d820b,45002156,294,2026-04-21,,,1607,1631,235895625062,,,,1
modify,0x1fe14350e72ed606c8850a16d91d5500c18274b7a19852dacf7c4164f78d820b,45002628,136,2026-04-21,,,1607,1631,-235895625062,,,,1
modify,0x1fe14350e72ed606c8850a16d91d5500c18274b7a19852dacf7c4164f78d820b,45002747,374,2026-04-21,,,1594,1624,189039011550,,,,1
modify,0x1fe14350e72ed606c8850a16d91d5500c18274b7a19852dacf7c4164f78d820b,45003416,374,2026-04-21,,,1347,1947,678222720825,,,,1
modify,0x1fe14350e72ed606c8850a16d91d5500c18274b7a19852dacf7c4164f78d820b,45003532,539,2026-04-21,,,1347,1947,103281225181,,,,1
modify,0x1fe14350e72ed606c8850a16d91d5500c18274b7a19852dacf7c4164f78d820b,45003565,430,2026-04-21,,,1594,1624,-189039011550,,,,1
modify,0x1fe14350e72ed606c8850a16d91d5500c18274b7a19852dacf7c4164f78d820b,45003947,483,2026-04-21,,,1615,1637,-41651252902,,,,1
modify,0x1fe14350e72ed606c8850a16d91d5500c18274b7a19852dacf7c4164f78d820b,45004319,172,2026-04-21,,,1594,1614,268613330895,,,,1
modify,0x1fe14350e72ed606c8850a16d91d5500c18274b7a19852dacf7c4164f78d820b,45004834,425,2026-04-21,,,1273,1702,4495436915,,,,1
modify,0x1fe14350e72ed606c8850a16d91d5500c18274b7a19852dacf7c4164f78d820b,45005045,205,2026-04-21,,,1594,1614,-268613330895,,,,1
modify,0x1fe14350e72ed606c8850a16d91d5500c18274b7a19852dacf7c4164f78d820b,45005154,262,2026-04-21,,,1560,1660,-340600126334,,,,1
modify,0x1fe14350e72ed606c8850a16d91d5500c18274b7a19852dacf7c4164f78d820b,45005197,200,2026-04-21,,,1576,1656,416197560553,,,,1
modify,0x1fe14350e72ed606c8850a16d91d5500c18274b7a19852dacf7c4164f78d820b,45005572,436,2026-04-21,,,1592,1616,232357042278,,,,1
modify,0x1fe14350e72ed606c8850a16d91d5500c18274b7a19852dacf7c4164f78d820b,45005662,594,2026-04-21,,,1592,1616,-232357042278,,,,1
modify,0x1fe14350e72ed606c8850a16d91d5500c18274b7a19852dacf7c4164f78d820b,45006960,178,2026-04-21,,,1601,1623,227092184300,,,,1
price,0x1fe14350e72ed606c8850a16d91d5500c18274b7a19852dacf7c4164f78d820b,45024089,34,2026-04-21,,,,,,85894560292438305764972141399,1615,2709706791845,883
modify,0x1fe14350e72ed606c8850a16d91d5500c18274b7a19852dacf7c4164f78d820b,45034081,541,2026-04-22,,,1601,1623,-227092184300,,,,1
modify,0x1fe14350e72ed606c8850a16d91d5500c18274b7a19852dacf7c4164f78d820b,45034948,272,2026-04-22,,,1588,1618,27019083248,,,,1
modify,0x1fe14350e72ed606c8850a16d91d5500c18274b7a19852dacf7c4164f78d820b,45036196,515,2026-04-22,,,1576,1656,-416197560553,,,,1
modify,0x1fe14350e72ed606c8850a16d91d5500c18274b7a19852dacf7c4164f78d820b,45036286,628,2026-04-22,,,1554,1636,409181413888,,,,1
modify,0x1fe14350e72ed606c8850a16d91d5500c18274b7a19852dacf7c4164f78d820b,45036617,246,2026-04-22,,,1584,1606,255961321442,,,,1
modify,0x1fe14350e72ed606c8850a16d91d5500c18274b7a19852dacf7c4164f78d820b,45042375,899,2026-04-22,,,1588,1618,-27019083248,,,,1
modify,0x1fe14350e72ed606c8850a16d91d5500c18274b7a19852dacf7c4164f78d820b,45042560,206,2026-04-22,,,1576,1598,41287948811,,,,1
modify,0x1fe14350e72ed606c8850a16d91d5500c18274b7a19852dacf7c4164f78d820b,45043010,257,2026-04-22,,,1584,1606,-255961321442,,,,1
modify,0x1fe14350e72ed606c8850a16d91d5500c18274b7a19852dacf7c4164f78d820b,45043164,334,2026-04-22,,,1576,1594,295655233483,,,,1
modify,0x1fe14350e72ed606c8850a16d91d5500c18274b7a19852dacf7c4164f78d820b,45044469,475,2026-04-22,,,1554,1636,-409181413888,,,,1
modify,0x1fe14350e72ed606c8850a16d91d5500c18274b7a19852dacf7c4164f78d820b,45044534,403,2026-04-22,,,1547,1623,442220200846,,,,1
modify,0x1fe14350e72ed606c8850a16d91d5500c18274b7a19852dacf7c4164f78d820b,45051017,19,2026-04-22,,,1538,1738,0,,,,1
modify,0x1fe14350e72ed606c8850a16d91d5500c18274b7a19852dacf7c4164f78d820b,45051032,20,2026-04-22,,,1538,1738,-20421624609,,,,1
modify,0x1fe14350e72ed606c8850a16d91d5500c18274b7a19852dacf7c4164f78d820b,45052426,120,2026-04-22,,,1587,1687,-36487911240,,,,1
modify,0x1fe14350e72ed606c8850a16d91d5500c18274b7a19852dacf7c4164f78d820b,45059563,1621,2026-04-22,,,1576,1594,-295655233483,,,,1
modify,0x1fe14350e72ed606c8850a16d91d5500c18274b7a19852dacf7c4164f78d820b,45059943,757,2026-04-22,,,1570,1590,279317631771,,,,1
modify,0x1fe14350e72ed606c8850a16d91d5500c18274b7a19852dacf7c4164f78d820b,45061952,722,2026-04-22,,,1547,1623,-442220200846,,,,1
modify,0x1fe14350e72ed606c8850a16d91d5500c18274b7a19852dacf7c4164f78d820b,45062037,247,2026-04-22,,,1536,1610,446263025646,,,,1
price,0x1fe14350e72ed606c8850a16d91d5500c18274b7a19852dacf7c4164f78d820b,45067109,401,2026-04-22,,,,,,85713349735320314884441547403,1573,2840572979582,880
modify,0x1fe14350e72ed606c8850a16d91d5500c18274b7a19852dacf7c4164f78d820b,45068258,433,2026-04-23,,,1163,1463,0,,,,1
modify,0x1fe14350e72ed606c8850a16d91d5500c18274b7a19852dacf7c4164f78d820b,45068277,373,2026-04-23,,,1163,1463,-51589493794,,,,1
modify,0x1fe14350e72ed606c8850a16d91d5500c18274b7a19852dacf7c4164f78d820b,45075308,635,2026-04-23,,,1536,1610,-446263025646,,,,1
modify,0x1fe14350e72ed606c8850a16d91d5500c18274b7a19852dacf7c4164f78d820b,45075368,505,2026-04-23,,,1514,1604,367937032620,,,,1
modify,0x1fe14350e72ed606c8850a16d91d5500c18274b7a19852dacf7c4164f78d820b,45076996,246,2026-04-23,,,1570,1590,-279317631771,,,,1
modify,0x1fe14350e72ed606c8850a16d91d5500c18274b7a19852dacf7c4164f78d820b,45077239,546,2026-04-23,,,1545,1565,273740891225,,,,1
modify,0x1fe14350e72ed606c8850a16d91d5500c18274b7a19852dacf7c4164f78d820b,45078032,117,2026-04-23,,,1545,1565,-273740891225,,,,1
modify,0x1fe14350e72ed606c8850a16d91d5500c18274b7a19852dacf7c4164f78d820b,45078143,473,2026-04-23,,,1554,1576,250620162071,,,,1
modify,0x1fe14350e72ed606c8850a16d91d5500c18274b7a19852dacf7c4164f78d820b,45079663,290,2026-04-23,,,1354,1684,11329783347,,,,1
modify,0x1fe14350e72ed606c8850a16d91d5500c18274b7a19852dacf7c4164f78d820b,45079717,315,2026-04-23,,,1354,1684,16693231494,,,,1
modify,0x1fe14350e72ed606c8850a16d91d5500c18274b7a19852dacf7c4164f78d820b,45079730,340,2026-04-23,,,1576,1598,-41287948811,,,,1
modify,0x1fe14350e72ed606c8850a16d91d5500c18274b7a19852dacf7c4164f78d820b,45079805,20,2026-04-23,,,1354,1684,119986225,,,,1
modify,0x1fe14350e72ed606c8850a16d91d5500c18274b7a19852dacf7c4164f78d820b,45079811,447,2026-04-23,,,1553,1575,41397914386,,,,1
modify,0x1fe14350e72ed606c8850a16d91d5500c18274b7a19852dacf7c4164f78d820b,45083410,340,2026-04-23,,,1554,1576,-250620162071,,,,1
modify,0x1fe14350e72ed606c8850a16d91d5500c18274b7a19852dacf7c4164f78d820b,45083501,137,2026-04-23,,,1571,1593,250890663777,,,,1
modify,0x1fe14350e72ed606c8850a16d91d5500c18274b7a19852dacf7c4164f78d820b,45087307,1057,2026-04-23,,,1571,1593,-250890663777,,,,1
modify,0x1fe14350e72ed606c8850a16d91d5500c18274b7a19852dacf7c4164f78d820b,45088112,242,2026-04-23,,,1548,1570,248149708823,,,,1
modify,0x1fe14350e72ed606c8850a16d91d5500c18274b7a19852dacf7c4164f78d820b,45109086,176,2026-04-23,,,1514,1604,-367937032620,,,,1
modify,0x1fe14350e72ed606c8850a16d91d5500c18274b7a19852dacf7c4164f78d820b,45109121,414,2026-04-23,,,1503,1603,342404365235,,,,1
price,0x1fe14350e72ed606c8850a16d91d5500c18274b7a19852dacf7c4164f78d820b,45110277,452,2026-04-23,,,,,,85636092932461853034965589922,1555,2558688374934,697
modify,0x1fe14350e72ed606c8850a16d91d5500c18274b7a19852dacf7c4164f78d820b,45118996,221,2026-04-24,,,1261,1565,0,,,,1
modify,0x1fe14350e72ed606c8850a16d91d5500c18274b7a19852dacf7c4164f78d820b,45121321,225,2026-04-24,,,1553,1575,-41397914386,,,,1
modify,0x1fe14350e72ed606c8850a16d91d5500c18274b7a19852dacf7c4164f78d820b,45121436,705,2026-04-24,,,1548,1570,-248149708823,,,,1
modify,0x1fe14350e72ed606c8850a16d91d5500c18274b7a19852dacf7c4164f78d820b,45121455,277,2026-04-24,,,1572,1594,39728634906,,,,1
modify,0x1fe14350e72ed606c8850a16d91d5500c18274b7a19852dacf7c4164f78d820b,45121560,353,2026-04-24,,,1575,1594,284187496004,,,,1
modify,0x1fe14350e72ed606c8850a16d91d5500c18274b7a19852dacf7c4164f78d820b,45124060,240,2026-04-24,,,1575,1594,-284187496004,,,,1
modify,0x1fe14350e72ed606c8850a16d91d5500c18274b7a19852dacf7c4164f78d820b,45124139,505,2026-04-24,,,1561,1583,249337293453,,,,1
modify,0x1fe14350e72ed606c8850a16d91d5500c18274b7a19852dacf7c4164f78d820b,45125547,226,2026-04-24,,,1503,1603,-342404365235,,,,1
modify,0x1fe14350e72ed606c8850a16d91d5500c18274b7a19852dacf7c4164f78d820b,45125621,400,2026-04-24,,,1540,1622,462150614906,,,,1
modify,0x1fe14350e72ed606c8850a16d91d5500c18274b7a19852dacf7c4164f78d820b,45128328,195,2026-04-24,,,1561,1583,-249337293453,,,,1
modify,0x1fe14350e72ed606c8850a16d91d5500c18274b7a19852dacf7c4164f78d820b,45128521,569,2026-04-24,,,1575,1594,288994094542,,,,1
price,0x1fe14350e72ed606c8850a16d91d5500c18274b7a19852dacf7c4164f78d820b,45153311,193,2026-04-24,,,,,,85772342416540928370880951133,1587,2924398175848,442
modify,0x1fe14350e72ed606c8850a16d91d5500c18274b7a19852dacf7c4164f78d820b,45154648,384,2026-04-25,,,1540,1622,-462150614906,,,,1
modify,0x1fe14350e72ed606c8850a16d91d5500c18274b7a19852dacf7c4164f78d820b,45154728,229,2026-04-25,,,1548,1628,487027809354,,,,1
modify,0x1fe14350e72ed606c8850a16d91d5500c18274b7a19852dacf7c4164f78d820b,45167946,198,2026-04-25,,,1548,1628,-487027809354,,,,1
modify,0x1fe14350e72ed606c8850a16d91d5500c18274b7a19852dacf7c4164f78d820b,45167987,182,2026-04-25,,,1551,1611,658457795989,,,,1
modify,0x1fe14350e72ed606c8850a16d91d5500c18274b7a19852dacf7c4164f78d820b,45176548,33,2026-04-25,,,1581,1591,5424358343144,,,,1
modify,0x1fe14350e72ed606c8850a16d91d5500c18274b7a19852dacf7c4164f78d820b,45184580,506,2026-04-25,,,1551,1611,-658457795989,,,,1
modify,0x1fe14350e72ed606c8850a16d91d5500c18274b7a19852dacf7c4164f78d820b,45184639,525,2026-04-25,,,1569,1595,1481640820353,,,,1
price,0x1fe14350e72ed606c8850a16d91d5500c18274b7a19852dacf7c4164f78d820b,45196709,634,2026-04-25,,,,,,85747562300400450274036326546,1581,9368246724439,218
modify,0x1fe14350e72ed606c8850a16d91d5500c18274b7a19852dacf7c4164f78d820b,45222191,225,2026-04-26,,,1569,1595,-1481640820353,,,,1
modify,0x1fe14350e72ed606c8850a16d91d5500c18274b7a19852dacf7c4164f78d820b,45222329,198,2026-04-26,,,1541,1615,532150851374,,,,1
modify,0x1fe14350e72ed606c8850a16d91d5500c18274b7a19852dacf7c4164f78d820b,45223427,238,2026-04-26,,,1575,1594,-288994094542,,,,1
modify,0x1fe14350e72ed606c8850a16d91d5500c18274b7a19852dacf7c4164f78d820b,45223615,451,2026-04-26,,,1564,1582,292854461426,,,,1
modify,0x1fe14350e72ed606c8850a16d91d5500c18274b7a19852dacf7c4164f78d820b,45231349,596,2026-04-26,,,1564,1582,-292854461426,,,,1
modify,0x1fe14350e72ed606c8850a16d91d5500c18274b7a19852dacf7c4164f78d820b,45231724,266,2026-04-26,,,1586,1594,645383033034,,,,1
modify,0x1fe14350e72ed606c8850a16d91d5500c18274b7a19852dacf7c4164f78d820b,45234388,542,2026-04-26,,,1586,1594,-645383033034,,,,1
modify,0x1fe14350e72ed606c8850a16d91d5500c18274b7a19852dacf7c4164f78d820b,45234569,82,2026-04-26,,,1583,1603,280629944501,,,,1
price,0x1fe14350e72ed606c8850a16d91d5500c18274b7a19852dacf7c4164f78d820b,45239992,359,2026-04-26,,,,,,85789394578154208730929389724,1591,2986034262275,500
modify,0x1fe14350e72ed606c8850a16d91d5500c18274b7a19852dacf7c4164f78d820b,45246321,235,2026-04-27,,,1581,1591,-5424358343144,,,,1
modify,0x1fe14350e72ed606c8850a16d91d5500c18274b7a19852dacf7c4164f78d820b,45248812,229,2026-04-27,,,1583,1603,-280629944501,,,,1
modify,0x1fe14350e72ed606c8850a16d91d5500c18274b7a19852dacf7c4164f78d820b,45248931,110,2026-04-27,,,1599,1619,278469984104,,,,1
modify,0x1fe14350e72ed606c8850a16d91d5500c18274b7a19852dacf7c4164f78d820b,45249022,433,2026-04-27,,,1572,1594,-39728634906,,,,1
modify,0x1fe14350e72ed606c8850a16d91d5500c18274b7a19852dacf7c4164f78d820b,45249324,350,2026-04-27,,,1598,1620,38676689136,,,,1
modify,0x1fe14350e72ed606c8850a16d91d5500c18274b7a19852dacf7c4164f78d820b,45249947,519,2026-04-27,,,1541,1615,-510864817319,,,,1
modify,0x1fe14350e72ed606c8850a16d91d5500c18274b7a19852dacf7c4164f78d820b,45250048,568,2026-04-27,,,1570,1647,497945365505,,,,1
modify,0x1fe14350e72ed606c8850a16d91d5500c18274b7a19852dacf7c4164f78d820b,45257575,786,2026-04-27,,,1599,1619,-278469984104,,,,1
modify,0x1fe14350e72ed606c8850a16d91d5500c18274b7a19852dacf7c4164f78d820b,45257696,340,2026-04-27,,,1588,1608,265919757755,,,,1
modify,0x1fe14350e72ed606c8850a16d91d5500c18274b7a19852dacf7c4164f78d820b,45258530,394,2026-04-27,,,1570,1647,-497945365505,,,,1
modify,0x1fe14350e72ed606c8850a16d91d5500c18274b7a19852dacf7c4164f78d820b,45258602,574,2026-04-27,,,1553,1642,431587729109,,,,1
modify,0x1fe14350e72ed606c8850a16d91d5500c18274b7a19852dacf7c4164f78d820b,45259581,345,2026-04-27,,,1598,1620,-38676689136,,,,1
modify,0x1fe14350e72ed606c8850a16d91d5500c18274b7a19852dacf7c4164f78d820b,45259858,291,2026-04-27,,,1579,1609,30096718237,,,,1
modify,0x1fe14350e72ed606c8850a16d91d5500c18274b7a19852dacf7c4164f78d820b,45261148,159,2026-04-27,,,1588,1608,-265919757755,,,,1
modify,0x1fe14350e72ed606c8850a16d91d5500c18274b7a19852dacf7c4164f78d820b,45261272,241,2026-04-27,,,1583,1603,276067680109,,,,1
modify,0x1fe14350e72ed606c8850a16d91d5500c18274b7a19852dacf7c4164f78d820b,45275828,432,2026-04-27,,,1583,1603,-276067680109,,,,1
modify,0x1fe14350e72ed606c8850a16d91d5500c18274b7a19852dacf7c4164f78d820b,45276165,358,2026-04-27,,,1574,1592,293602345873,,,,1
modify,0x1fe14350e72ed606c8850a16d91d5500c18274b7a19852dacf7c4164f78d820b,45278802,211,2026-04-27,,,1553,1642,-431587729109,,,,1
modify,0x1fe14350e72ed606c8850a16d91d5500c18274b7a19852dacf7c4164f78d820b,45279066,606,2026-04-27,,,1538,1628,432914986240,,,,1
modify,0x1fe14350e72ed606c8850a16d91d5500c18274b7a19852dacf7c4164f78d820b,45281868,191,2026-04-27,,,1541,1615,-21286034055,,,,1
price,0x1fe14350e72ed606c8850a16d91d5500c18274b7a19852dacf7c4164f78d820b,45283324,218,2026-04-27,,,,,,85728014678689218959541243025,1577,2860042163607,410
modify,0x1fe14350e72ed606c8850a16d91d5500c18274b7a19852dacf7c4164f78d820b,45291385,356,2026-04-28,,,1574,1592,-293602345873,,,,1
modify,0x1fe14350e72ed606c8850a16d91d5500c18274b7a19852dacf7c4164f78d820b,45291463,711,2026-04-28,,,1554,1572,300524697877,,,,1
modify,0x1fe14350e72ed606c8850a16d91d5500c18274b7a19852dacf7c4164f78d820b,45292644,212,2026-04-28,,,1579,1609,-30096718237,,,,1
modify,0x1fe14350e72ed606c8850a16d91d5500c18274b7a19852dacf7c4164f78d820b,45293536,372,2026-04-28,,,1551,1576,36664219121,,,,1
modify,0x1fe14350e72ed606c8850a16d91d5500c18274b7a19852dacf7c4164f78d820b,45299808,255,2026-04-28,,,1554,1572,-300524697877,,,,1
modify,0x1fe14350e72ed606c8850a16d91d5500c18274b7a19852dacf7c4164f78d820b,45299961,227,2026-04-28,,,1567,1583,331390517359,,,,1
modify,0x1fe14350e72ed606c8850a16d91d5500c18274b7a19852dacf7c4164f78d820b,45303671,464,2026-04-28,,,1551,1576,-36664219121,,,,1
modify,0x1fe14350e72ed606c8850a16d91d5500c18274b7a19852dacf7c4164f78d820b,45303796,231,2026-04-28,,,1567,1587,43684340808,,,,1
modify,0x1fe14350e72ed606c8850a16d91d5500c18274b7a19852dacf7c4164f78d820b,45306560,198,2026-04-28,,,1567,1583,-331390517359,,,,1
modify,0x1fe14350e72ed606c8850a16d91d5500c18274b7a19852dacf7c4164f78d820b,45307180,664,2026-04-28,,,1574,1590,351755499328,,,,1
modify,0x1fe14350e72ed606c8850a16d91d5500c18274b7a19852dacf7c4164f78d820b,45312109,310,2026-04-28,,,1538,1628,-432914986240,,,,1
modify,0x1fe14350e72ed606c8850a16d91d5500c18274b7a19852dacf7c4164f78d820b,45312213,371,2026-04-28,,,1543,1623,510859388483,,,,1
modify,0x1fe14350e72ed606c8850a16d91d5500c18274b7a19852dacf7c4164f78d820b,45320935,161,2026-04-28,,,1574,1590,-351755499328,,,,1
modify,0x1fe14350e72ed606c8850a16d91d5500c18274b7a19852dacf7c4164f78d820b,45321056,445,2026-04-28,,,1570,1588,312035730058,,,,1
modify,0x1fe14350e72ed606c8850a16d91d5500c18274b7a19852dacf7c4164f78d820b,45321664,177,2026-04-28,,,1347,1947,0,,,,1
price,0x1fe14350e72ed606c8850a16d91d5500c18274b7a19852dacf7c4164f78d820b,45326412,370,2026-04-28,,,,,,85701321581258375196480023003,1570,2787141784390,520
modify,0x1fe14350e72ed606c8850a16d91d5500c18274b7a19852dacf7c4164f78d820b,45332085,237,2026-04-29,,,1543,1623,-510859388483,,,,1
modify,0x1fe14350e72ed606c8850a16d91d5500c18274b7a19852dacf7c4164f78d820b,45332148,224,2026-04-29,,,1532,1612,510967569725,,,,1
modify,0x1fe14350e72ed606c8850a16d91d5500c18274b7a19852dacf7c4164f78d820b,45339947,302,2026-04-29,,,1570,1588,-312035730058,,,,1
modify,0x1fe14350e72ed606c8850a16d91d5500c18274b7a19852dacf7c4164f78d820b,45340017,157,2026-04-29,,,1555,1573,302270146497,,,,1
modify,0x1fe14350e72ed606c8850a16d91d5500c18274b7a19852dacf7c4164f78d820b,45341127,361,2026-04-29,,,1567,1587,-43684340808,,,,1
modify,0x1fe14350e72ed606c8850a16d91d5500c18274b7a19852dacf7c4164f78d820b,45341975,395,2026-04-29,,,1556,1574,203426807227,,,,1
modify,0x1fe14350e72ed606c8850a16d91d5500c18274b7a19852dacf7c4164f78d820b,45342574,21,2026-04-29,,,1354,1684,59337772486,,,,1
modify,0x1fe14350e72ed606c8850a16d91d5500c18274b7a19852dacf7c4164f78d820b,45346734,223,2026-04-29,,,1532,1612,-510967569725,,,,1
modify,0x1fe14350e72ed606c8850a16d91d5500c18274b7a19852dacf7c4164f78d820b,45346775,277,2026-04-29,,,1505,1605,410831275066,,,,1
modify,0x1fe14350e72ed606c8850a16d91d5500c18274b7a19852dacf7c4164f78d820b,45347046,103,2026-04-29,,,1556,1574,-203426807227,,,,1
modify,0x1fe14350e72ed606c8850a16d91d5500c18274b7a19852dacf7c4164f78d820b,45347147,172,2026-04-29,,,1555,1573,-302270146497,,,,1
modify,0x1fe14350e72ed606c8850a16d91d5500c18274b7a19852dacf7c4164f78d820b,45347269,599,2026-04-29,,,1546,1564,304049171536,,,,1
modify,0x1fe14350e72ed606c8850a16d91d5500c18274b7a19852dacf7c4164f78d820b,45347308,191,2026-04-29,,,1537,1573,101737976504,,,,1
modify,0x1fe14350e72ed606c8850a16d91d5500c18274b7a19852dacf7c4164f78d820b,45349647,177,2026-04-29,,,1546,1564,0,,,,1
modify,0x1fe14350e72ed606c8850a16d91d5500c18274b7a19852dacf7c4164f78d820b,45350099,261,2026-04-29,,,1546,1564,-304049171536,,,,1
modify,0x1fe14350e72ed606c8850a16d91d5500c18274b7a19852dacf7c4164f78d820b,45350236,463,2026-04-29,,,1535,1553,314939809343,,,,1
modify,0x1fe14350e72ed606c8850a16d91d5500c18274b7a19852dacf7c4164f78d820b,45358438,307,2026-04-29,,,1535,1553,-314939809343,,,,1
modify,0x1fe14350e72ed606c8850a16d91d5500c18274b7a19852dacf7c4164f78d820b,45358920,202,2026-04-29,,,1546,1564,304558055037,,,,1
modify,0x1fe14350e72ed606c8850a16d91d5500c18274b7a19852dacf7c4164f78d820b,45361225,569,2026-04-29,,,1537,1573,-101737976504,,,,1
modify,0x1fe14350e72ed606c8850a16d91d5500c18274b7a19852dacf7c4164f78d820b,45361810,156,2026-04-29,,,1543,1562,203604264616,,,,1
modify,0x1fe14350e72ed606c8850a16d91d5500c18274b7a19852dacf7c4164f78d820b,45362629,264,2026-04-29,,,1546,1564,-304558055037,,,,1
modify,0x1fe14350e72ed606c8850a16d91d5500c18274b7a19852dacf7c4164f78d820b,45363137,269,2026-04-29,,,1538,1558,275710526740,,,,1
modify,0x1fe14350e72ed606c8850a16d91d5500c18274b7a19852dacf7c4164f78d820b,45363573,272,2026-04-29,,,1538,1558,-275710526740,,,,1
modify,0x1fe14350e72ed606c8850a16d91d5500c18274b7a19852dacf7c4164f78d820b,45363783,429,2026-04-29,,,1533,1553,268606604343,,,,1
modify,0x1fe14350e72ed606c8850a16d91d5500c18274b7a19852dacf7c4164f78d820b,45363919,165,2026-04-29,,,1543,1562,-203604264616,,,,1
modify,0x1fe14350e72ed606c8850a16d91d5500c18274b7a19852dacf7c4164f78d820b,45363995,169,2026-04-29,,,1530,1550,164442541065,,,,1
modify,0x1fe14350e72ed606c8850a16d91d5500c18274b7a19852dacf7c4164f78d820b,45364242,636,2026-04-29,,,1320,1728,52637385556,,,,1
modify,0x1fe14350e72ed606c8850a16d91d5500c18274b7a19852dacf7c4164f78d820b,45366166,86,2026-04-29,,,1505,1605,-410831275066,,,,1
modify,0x1fe14350e72ed606c8850a16d91d5500c18274b7a19852dacf7c4164f78d820b,45366220,119,2026-04-29,,,1502,1582,508405527520,,,,1
modify,0x1fe14350e72ed606c8850a16d91d5500c18274b7a19852dacf7c4164f78d820b,45368414,133,2026-04-29,,,1489,1589,1721604992199,,,,1
price,0x1fe14350e72ed606c8850a16d91d5500c18274b7a19852dacf7c4164f78d820b,45369720,231,2026-04-29,,,,,,85555448602170294994603775521,1536,4701771209659,744
modify,0x1fe14350e72ed606c8850a16d91d5500c18274b7a19852dacf7c4164f78d820b,45372354,995,2026-04-30,,,1502,1582,-508405527520,,,,1
modify,0x1fe14350e72ed606c8850a16d91d5500c18274b7a19852dacf7c4164f78d820b,45372509,269,2026-04-30,,,1525,1579,765122761704,,,,1
modify,0x1fe14350e72ed606c8850a16d91d5500c18274b7a19852dacf7c4164f78d820b,45378321,484,2026-04-30,,,1533,1553,-268606604343,,,,1
modify,0x1fe14350e72ed606c8850a16d91d5500c18274b7a19852dacf7c4164f78d820b,45378552,314,2026-04-30,,,1567,1585,306064124788,,,,1
modify,0x1fe14350e72ed606c8850a16d91d5500c18274b7a19852dacf7c4164f78d820b,45378864,342,2026-04-30,,,1530,1550,-164442541065,,,,1
modify,0x1fe14350e72ed606c8850a16d91d5500c18274b7a19852dacf7c4164f78d820b,45379513,74,2026-04-30,,,1572,1590,226967256878,,,,1
modify,0x1fe14350e72ed606c8850a16d91d5500c18274b7a19852dacf7c4164f78d820b,45379908,238,2026-04-30,,,1525,1579,-765122761704,,,,1
modify,0x1fe14350e72ed606c8850a16d91d5500c18274b7a19852dacf7c4164f78d820b,45380017,400,2026-04-30,,,1543,1623,504642921985,,,,1
modify,0x1fe14350e72ed606c8850a16d91d5500c18274b7a19852dacf7c4164f78d820b,45381112,394,2026-04-30,,,1567,1585,-306064124788,,,,1
modify,0x1fe14350e72ed606c8850a16d91d5500c18274b7a19852dacf7c4164f78d820b,45381410,423,2026-04-30,,,1561,1581,269701051968,,,,1
modify,0x1fe14350e72ed606c8850a16d91d5500c18274b7a19852dacf7c4164f78d820b,45382416,437,2026-04-30,,,1572,1590,-226967256878,,,,1
modify,0x1fe14350e72ed606c8850a16d91d5500c18274b7a19852dacf7c4164f78d820b,45382514,321,2026-04-30,,,1556,1576,201461577418,,,,1
modify,0x1fe14350e72ed606c8850a16d91d5500c18274b7a19852dacf7c4164f78d820b,45383034,83,2026-04-30,,,1561,1581,-269701051968,,,,1
modify,0x1fe14350e72ed606c8850a16d91d5500c18274b7a19852dacf7c4164f78d820b,45383388,313,2026-04-30,,,1549,1569,267289357315,,,,1
modify,0x1fe14350e72ed606c8850a16d91d5500c18274b7a19852dacf7c4164f78d820b,45384636,875,2026-04-30,,,1549,1569,-267289357315,,,,1
modify,0x1fe14350e72ed606c8850a16d91d5500c18274b7a19852dacf7c4164f78d820b,45384742,555,2026-04-30,,,1565,1585,281565160936,,,,1
modify,0x1fe14350e72ed606c8850a16d91d5500c18274b7a19852dacf7c4164f78d820b,45385843,468,2026-04-30,,,1565,1585,-281565160936,,,,1
modify,0x1fe14350e72ed606c8850a16d91d5500c18274b7a19852dacf7c4164f78d820b,45385924,767,2026-04-30,,,1556,1576,-201461577418,,,,1
modify,0x1fe14350e72ed606c8850a16d91d5500c18274b7a19852dacf7c4164f78d820b,45386150,328,2026-04-30,,,1578,1604,215055379301,,,,1
modify,0x1fe14350e72ed606c8850a16d91d5500c18274b7a19852dacf7c4164f78d820b,45387089,258,2026-04-30,,,1584,1608,163337698063,,,,1
modify,0x1fe14350e72ed606c8850a16d91d5500c18274b7a19852dacf7c4164f78d820b,45394993,154,2026-04-30,,,1571,1678,0,,,,1
modify,0x1fe14350e72ed606c8850a16d91d5500c18274b7a19852dacf7c4164f78d820b,45403737,304,2026-04-30,,,1578,1604,-215055379301,,,,1
modify,0x1fe14350e72ed606c8850a16d91d5500c18274b7a19852dacf7c4164f78d820b,45403872,281,2026-04-30,,,1582,1606,224965778097,,,,1
modify,0x1fe14350e72ed606c8850a16d91d5500c18274b7a19852dacf7c4164f78d820b,45404445,426,2026-04-30,,,1584,1608,-163337698063,,,,1
modify,0x1fe14350e72ed606c8850a16d91d5500c18274b7a19852dacf7c4164f78d820b,45404849,153,2026-04-30,,,1581,1607,156808858747,,,,1
price,0x1fe14350e72ed606c8850a16d91d5500c18274b7a19852dacf7c4164f78d820b,45412910,315,2026-04-30,,,,,,85776199505746916294961838748,1588,4853522540564,928
modify,0x1fe14350e72ed606c8850a16d91d5500c18274b7a19852dacf7c4164f78d820b,45417710,327,2026-05-01,,,1543,1623,-504642921985,,,,1
modify,0x1fe14350e72ed606c8850a16d91d5500c18274b7a19852dacf7c4164f78d820b,45417799,144,2026-05-01,,,1567,1647,508602685614,,,,1
modify,0x1fe14350e72ed606c8850a16d91d5500c18274b7a19852dacf7c4164f78d820b,45418775,14,2026-05-01,,,1553,1731,311075774990,,,,1
modify,0x1fe14350e72ed606c8850a16d91d5500c18274b7a19852dacf7c4164f78d820b,45418827,284,2026-05-01,,,1553,1731,729831286,,,,1
modify,0x1fe14350e72ed606c8850a16d91d5500c18274b7a19852dacf7c4164f78d820b,45420112,342,2026-05-01,,,1489,1589,-1721604992199,,,,1
modify,0x1fe14350e72ed606c8850a16d91d5500c18274b7a19852dacf7c4164f78d820b,45422389,196,2026-05-01,,,1582,1606,-224965778097,,,,1
modify,0x1fe14350e72ed606c8850a16d91d5500c18274b7a19852dacf7c4164f78d820b,45422680,176,2026-05-01,,,1603,1623,270970200436,,,,1
modify,0x1fe14350e72ed606c8850a16d91d5500c18274b7a19852dacf7c4164f78d820b,45423069,480,2026-05-01,,,1581,1607,-156808858747,,,,1
modify,0x1fe14350e72ed606c8850a16d91d5500c18274b7a19852dacf7c4164f78d820b,45423193,380,2026-05-01,,,1602,1622,203426213119,,,,1
modify,0x1fe14350e72ed606c8850a16d91d5500c18274b7a19852dacf7c4164f78d820b,45424635,568,2026-05-01,,,1603,1623,-270970200436,,,,1
modify,0x1fe14350e72ed606c8850a16d91d5500c18274b7a19852dacf7c4164f78d820b,45424736,344,2026-05-01,,,1602,1622,-203426213119,,,,1
modify,0x1fe14350e72ed606c8850a16d91d5500c18274b7a19852dacf7c4164f78d820b,45425005,404,2026-05-01,,,1612,1632,199875648759,,,,1
modify,0x1fe14350e72ed606c8850a16d91d5500c18274b7a19852dacf7c4164f78d820b,45425154,521,2026-05-01,,,1610,1632,254123615408,,,,1
modify,0x1fe14350e72ed606c8850a16d91d5500c18274b7a19852dacf7c4164f78d820b,45425937,29,2026-05-01,,,1553,1731,104083302593,,,,1
modify,0x1fe14350e72ed606c8850a16d91d5500c18274b7a19852dacf7c4164f78d820b,45425991,707,2026-05-01,,,1553,1731,227773931,,,,1
modify,0x1fe14350e72ed606c8850a16d91d5500c18274b7a19852dacf7c4164f78d820b,45427683,631,2026-05-01,,,1610,1632,-254123615408,,,,1
modify,0x1fe14350e72ed606c8850a16d91d5500c18274b7a19852dacf7c4164f78d820b,45427812,2615,2026-05-01,,,1626,1648,245355694029,,,,1
modify,0x1fe14350e72ed606c8850a16d91d5500c18274b7a19852dacf7c4164f78d820b,45430739,297,2026-05-01,,,1626,1648,-245355694029,,,,1
modify,0x1fe14350e72ed606c8850a16d91d5500c18274b7a19852dacf7c4164f78d820b,45430983,491,2026-05-01,,,1608,1630,250951741171,,,,1
modify,0x1fe14350e72ed606c8850a16d91d5500c18274b7a19852dacf7c4164f78d820b,45432006,78,2026-05-01,,,1612,1632,-199875648759,,,,1
modify,0x1fe14350e72ed606c8850a16d91d5500c18274b7a19852dacf7c4164f78d820b,45432908,571,2026-05-01,,,1608,1630,-250951741171,,,,1
modify,0x1fe14350e72ed606c8850a16d91d5500c18274b7a19852dacf7c4164f78d820b,45433199,412,2026-05-01,,,1593,1615,244916703480,,,,1
modify,0x1fe14350e72ed606c8850a16d91d5500c18274b7a19852dacf7c4164f78d820b,45434829,352,2026-05-01,,,1593,1615,-244916703480,,,,1
modify,0x1fe14350e72ed606c8850a16d91d5500c18274b7a19852dacf7c4164f78d820b,45435586,239,2026-05-01,,,1581,1601,240818158457,,,,1
modify,0x1fe14350e72ed606c8850a16d91d5500c18274b7a19852dacf7c4164f78d820b,45441032,129,2026-05-01,,,1570,1608,11424933867670,,,,1
modify,0x1fe14350e72ed606c8850a16d91d5500c18274b7a19852dacf7c4164f78d820b,45442106,168,2026-05-01,,,1347,1833,1849678,,,,1
modify,0x1fe14350e72ed606c8850a16d91d5500c18274b7a19852dacf7c4164f78d820b,45442217,267,2026-05-01,,,1347,1833,769999,,,,1
modify,0x1fe14350e72ed606c8850a16d91d5500c18274b7a19852dacf7c4164f78d820b,45442242,396,2026-05-01,,,1347,1833,492663,,,,1
modify,0x1fe14350e72ed606c8850a16d91d5500c18274b7a19852dacf7c4164f78d820b,45442449,189,2026-05-01,,,1581,1601,-240818158457,,,,1
modify,0x1fe14350e72ed606c8850a16d91d5500c18274b7a19852dacf7c4164f78d820b,45442684,521,2026-05-01,,,1347,1833,43903273,,,,1
modify,0x1fe14350e72ed606c8850a16d91d5500c18274b7a19852dacf7c4164f78d820b,45442966,510,2026-05-01,,,1585,1592,798007218214,,,,1
modify,0x1fe14350e72ed606c8850a16d91d5500c18274b7a19852dacf7c4164f78d820b,45448509,161,2026-05-01,,,1567,1647,-508602685614,,,,1
modify,0x1fe14350e72ed606c8850a16d91d5500c18274b7a19852dacf7c4164f78d820b,45448562,296,2026-05-01,,,1576,1600,1726062043345,,,,1
price,0x1fe14350e72ed606c8850a16d91d5500c18274b7a19852dacf7c4164f78d820b,45455789,5,2026-05-01,,,,,,85774686968319458083526337899,1587,16610666817178,861
modify,0x1fe14350e72ed606c8850a16d91d5500c18274b7a19852dacf7c4164f78d820b,45461126,187,2026-05-02,,,1354,1684,-3499230942,,,,1
modify,0x1fe14350e72ed606c8850a16d91d5500c18274b7a19852dacf7c4164f78d820b,45465996,151,2026-05-02,,,1585,1592,-798007218214,,,,1
modify,0x1fe14350e72ed606c8850a16d91d5500c18274b7a19852dacf7c4164f78d820b,45466096,123,2026-05-02,,,1586,1591,1096552566627,,,,1
modify,0x1fe14350e72ed606c8850a16d91d5500c18274b7a19852dacf7c4164f78d820b,45466374,308,2026-05-02,,,1586,1592,573123085313,,,,1
modify,0x1fe14350e72ed606c8850a16d91d5500c18274b7a19852dacf7c4164f78d820b,45466585,616,2026-05-02,,,1586,1592,-573123085313,,,,1
modify,0x1fe14350e72ed606c8850a16d91d5500c18274b7a19852dacf7c4164f78d820b,45467054,20,2026-05-02,,,1586,1591,746216363421,,,,1
modify,0x1fe14350e72ed606c8850a16d91d5500c18274b7a19852dacf7c4164f78d820b,45468930,681,2026-05-02,,,1576,1600,-1726062043345,,,,1
modify,0x1fe14350e72ed606c8850a16d91d5500c18274b7a19852dacf7c4164f78d820b,45468995,558,2026-05-02,,,1578,1600,1861064698009,,,,1
modify,0x1fe14350e72ed606c8850a16d91d5500c18274b7a19852dacf7c4164f78d820b,45482720,122,2026-05-02,,,1347,1947,-54556698075,,,,1
modify,0x1fe14350e72ed606c8850a16d91d5500c18274b7a19852dacf7c4164f78d820b,45490423,640,2026-05-02,,,1578,1600,-1861064698009,,,,1
modify,0x1fe14350e72ed606c8850a16d91d5500c18274b7a19852dacf7c4164f78d820b,45490472,410,2026-05-02,,,1581,1599,2235114300886,,,,1
modify,0x1fe14350e72ed606c8850a16d91d5500c18274b7a19852dacf7c4164f78d820b,45491441,499,2026-05-02,,,1586,1591,-746216363421,,,,1
modify,0x1fe14350e72ed606c8850a16d91d5500c18274b7a19852dacf7c4164f78d820b,45491684,201,2026-05-02,,,1588,1593,700337677013,,,,1
modify,0x1fe14350e72ed606c8850a16d91d5500c18274b7a19852dacf7c4164f78d820b,45491835,341,2026-05-02,,,1586,1591,-1096552566627,,,,1
modify,0x1fe14350e72ed606c8850a16d91d5500c18274b7a19852dacf7c4164f78d820b,45492321,459,2026-05-02,,,1588,1593,1068650486303,,,,1
modify,0x1fe14350e72ed606c8850a16d91d5500c18274b7a19852dacf7c4164f78d820b,45492694,312,2026-05-02,,,1588,1593,-1068650486303,,,,1
modify,0x1fe14350e72ed606c8850a16d91d5500c18274b7a19852dacf7c4164f78d820b,45493268,394,2026-05-02,,,1588,1592,1394542876418,,,,1
price,0x1fe14350e72ed606c8850a16d91d5500c18274b7a19852dacf7c4164f78d820b,45499048,206,2026-05-02,,,,,,85788783145753283617499263626,1591,18358536480919,704
modify,0x1fe14350e72ed606c8850a16d91d5500c18274b7a19852dacf7c4164f78d820b,45503797,368,2026-05-03,,,1354,1684,-83981542610,,,,1
modify,0x1fe14350e72ed606c8850a16d91d5500c18274b7a19852dacf7c4164f78d820b,45519174,460,2026-05-03,,,1581,1599,-2235114300886,,,,1
modify,0x1fe14350e72ed606c8850a16d91d5500c18274b7a19852dacf7c4164f78d820b,45519273,139,2026-05-03,,,1580,1602,1777488670096,,,,1
modify,0x1fe14350e72ed606c8850a16d91d5500c18274b7a19852dacf7c4164f78d820b,45520423,338,2026-05-03,,,1588,1592,-1394542876418,,,,1
modify,0x1fe14350e72ed606c8850a16d91d5500c18274b7a19852dacf7c4164f78d820b,45521949,407,2026-05-03,,,1588,1592,1404193505649,,,,1
modify,0x1fe14350e72ed606c8850a16d91d5500c18274b7a19852dacf7c4164f78d820b,45522174,385,2026-05-03,,,1588,1593,-700337677013,,,,1
modify,0x1fe14350e72ed606c8850a16d91d5500c18274b7a19852dacf7c4164f78d820b,45522287,1,2026-05-03,,,1588,1592,839943205662,,,,1
modify,0x1fe14350e72ed606c8850a16d91d5500c18274b7a19852dacf7c4164f78d820b,45523172,336,2026-05-03,,,1588,1592,-1404193505649,,,,1
modify,0x1fe14350e72ed606c8850a16d91d5500c18274b7a19852dacf7c4164f78d820b,45523391,398,2026-05-03,,,1592,1598,903667884506,,,,1
modify,0x1fe14350e72ed606c8850a16d91d5500c18274b7a19852dacf7c4164f78d820b,45523499,484,2026-05-03,,,1588,1592,-839943205662,,,,1
modify,0x1fe14350e72ed606c8850a16d91d5500c18274b7a19852dacf7c4164f78d820b,45523795,323,2026-05-03,,,1594,1600,547002947070,,,,1
modify,0x1fe14350e72ed606c8850a16d91d5500c18274b7a19852dacf7c4164f78d820b,45524022,307,2026-05-03,,,1588,1608,3588377205,,,,1
modify,0x1fe14350e72ed606c8850a16d91d5500c18274b7a19852dacf7c4164f78d820b,45524167,182,2026-05-03,,,1592,1598,-903667884506,,,,1
modify,0x1fe14350e72ed606c8850a16d91d5500c18274b7a19852dacf7c4164f78d820b,45524297,563,2026-05-03,,,1596,1603,759430688207,,,,1
modify,0x1fe14350e72ed606c8850a16d91d5500c18274b7a19852dacf7c4164f78d820b,45524404,382,2026-05-03,,,1594,1600,-547002947070,,,,1
modify,0x1fe14350e72ed606c8850a16d91d5500c18274b7a19852dacf7c4164f78d820b,45524498,309,2026-05-03,,,1598,1606,425075797868,,,,1
modify,0x1fe14350e72ed606c8850a16d91d5500c18274b7a19852dacf7c4164f78d820b,45524664,227,2026-05-03,,,1596,1603,-759430688207,,,,1
modify,0x1fe14350e72ed606c8850a16d91d5500c18274b7a19852dacf7c4164f78d820b,45524724,62,2026-05-03,,,1570,1608,-11424933867670,,,,1
modify,0x1fe14350e72ed606c8850a16d91d5500c18274b7a19852dacf7c4164f78d820b,45524832,217,2026-05-03,,,1592,1618,206275875740,,,,1
modify,0x1fe14350e72ed606c8850a16d91d5500c18274b7a19852dacf7c4164f78d820b,45525204,0,2026-05-03,,,1598,1606,-425075797868,,,,1
modify,0x1fe14350e72ed606c8850a16d91d5500c18274b7a19852dacf7c4164f78d820b,45525396,209,2026-05-03,,,1597,1625,133389098785,,,,1
modify,0x1fe14350e72ed606c8850a16d91d5500c18274b7a19852dacf7c4164f78d820b,45525531,831,2026-05-03,,,1588,1608,-1794188602,,,,1
modify,0x1fe14350e72ed606c8850a16d91d5500c18274b7a19852dacf7c4164f78d820b,45525541,721,2026-05-03,,,1588,1608,-1794188603,,,,1
modify,0x1fe14350e72ed606c8850a16d91d5500c18274b7a19852dacf7c4164f78d820b,45525854,26,2026-05-03,,,1571,1647,971437322,,,,1
modify,0x1fe14350e72ed606c8850a16d91d5500c18274b7a19852dacf7c4164f78d820b,45532231,545,2026-05-03,,,1597,1625,-133389098785,,,,1
modify,0x1fe14350e72ed606c8850a16d91d5500c18274b7a19852dacf7c4164f78d820b,45532362,25,2026-05-03,,,1585,1607,167206976361,,,,1
modify,0x1fe14350e72ed606c8850a16d91d5500c18274b7a19852dacf7c4164f78d820b,45533916,176,2026-05-03,,,1592,1618,-206275875740,,,,1
modify,0x1fe14350e72ed606c8850a16d91d5500c18274b7a19852dacf7c4164f78d820b,45534199,552,2026-05-03,,,1584,1606,255325589928,,,,1
price,0x1fe14350e72ed606c8850a16d91d5500c18274b7a19852dacf7c4164f78d820b,45542502,216,2026-05-03,,,,,,85830630479023605891470435217,1600,4624744570744,864
modify,0x1fe14350e72ed606c8850a16d91d5500c18274b7a19852dacf7c4164f78d820b,45551563,178,2026-05-04,,,1584,1606,-255325589928,,,,1
modify,0x1fe14350e72ed606c8850a16d91d5500c18274b7a19852dacf7c4164f78d820b,45551673,352,2026-05-04,,,1564,1592,200530235294,,,,1
modify,0x1fe14350e72ed606c8850a16d91d5500c18274b7a19852dacf7c4164f78d820b,45551789,0,2026-05-04,,,1585,1607,-167206976361,,,,1
modify,0x1fe14350e72ed606c8850a16d91d5500c18274b7a19852dacf7c4164f78d820b,45552078,10,2026-05-04,,,1557,1585,132547620527,,,,1
modify,0x1fe14350e72ed606c8850a16d91d5500c18274b7a19852dacf7c4164f78d820b,45552606,183,2026-05-04,,,1580,1602,-1777488670096,,,,1
modify,0x1fe14350e72ed606c8850a16d91d5500c18274b7a19852dacf7c4164f78d820b,45552683,246,2026-05-04,,,1531,1611,487199339249,,,,1
modify,0x1fe14350e72ed606c8850a16d91d5500c18274b7a19852dacf7c4164f78d820b,45553497,346,2026-05-04,,,1564,1592,-200530235294,,,,1
modify,0x1fe14350e72ed606c8850a16d91d5500c18274b7a19852dacf7c4164f78d820b,45553653,359,2026-05-04,,,1556,1584,193621947440,,,,1
modify,0x1fe14350e72ed606c8850a16d91d5500c18274b7a19852dacf7c4164f78d820b,45554686,45,2026-05-04,,,1553,1685,473794523178,,,,1
modify,0x1fe14350e72ed606c8850a16d91d5500c18274b7a19852dacf7c4164f78d820b,45554790,4,2026-05-04,,,1553,1685,16609205727,,,,1
modify,0x1fe14350e72ed606c8850a16d91d5500c18274b7a19852dacf7c4164f78d820b,45554867,191,2026-05-04,,,1553,1685,805184799,,,,1
modify,0x1fe14350e72ed606c8850a16d91d5500c18274b7a19852dacf7c4164f78d820b,45558245,527,2026-05-04,,,1571,1647,549451019,,,,1
modify,0x1fe14350e72ed606c8850a16d91d5500c18274b7a19852dacf7c4164f78d820b,45560688,57,2026-05-04,,,1571,1647,-1520888341,,,,1
modify,0x1fe14350e72ed606c8850a16d91d5500c18274b7a19852dacf7c4164f78d820b,45560832,306,2026-05-04,,,1528,1613,1488062708,,,,1
modify,0x1fe14350e72ed606c8850a16d91d5500c18274b7a19852dacf7c4164f78d820b,45560949,608,2026-05-04,,,1528,1613,199013251,,,,1
modify,0x1fe14350e72ed606c8850a16d91d5500c18274b7a19852dacf7c4164f78d820b,45562210,49,2026-05-04,,,1557,1585,-132547620527,,,,1
modify,0x1fe14350e72ed606c8850a16d91d5500c18274b7a19852dacf7c4164f78d820b,45562322,2,2026-05-04,,,1543,1571,130656215673,,,,1
modify,0x1fe14350e72ed606c8850a16d91d5500c18274b7a19852dacf7c4164f78d820b,45562445,168,2026-05-04,,,1556,1584,-193621947440,,,,1
modify,0x1fe14350e72ed606c8850a16d91d5500c18274b7a19852dacf7c4164f78d820b,45562797,419,2026-05-04,,,1548,1576,188098453196,,,,1
modify,0x1fe14350e72ed606c8850a16d91d5500c18274b7a19852dacf7c4164f78d820b,45566748,533,2026-05-04,,,1543,1571,-130656215673,,,,1
modify,0x1fe14350e72ed606c8850a16d91d5500c18274b7a19852dacf7c4164f78d820b,45566826,467,2026-05-04,,,1558,1584,142209780417,,,,1
modify,0x1fe14350e72ed606c8850a16d91d5500c18274b7a19852dacf7c4164f78d820b,45577085,287,2026-05-04,,,1558,1584,-142209780417,,,,1
modify,0x1fe14350e72ed606c8850a16d91d5500c18274b7a19852dacf7c4164f78d820b,45577178,502,2026-05-04,,,1546,1574,131041250263,,,,1
modify,0x1fe14350e72ed606c8850a16d91d5500c18274b7a19852dacf7c4164f78d820b,45585110,756,2026-05-04,,,1546,1573,4705068672198,,,,1
price,0x1fe14350e72ed606c8850a16d91d5500c18274b7a19852dacf7c4164f78d820b,45585620,478,2026-05-04,,,,,,85640135549405952294145864515,1556,8317141475887,888
modify,0x1fe14350e72ed606c8850a16d91d5500c18274b7a19852dacf7c4164f78d820b,45586093,552,2026-05-05,,,1531,1611,-487199339249,,,,1
modify,0x1fe14350e72ed606c8850a16d91d5500c18274b7a19852dacf7c4164f78d820b,45586219,358,2026-05-05,,,1532,1585,783119400939,,,,1
modify,0x1fe14350e72ed606c8850a16d91d5500c18274b7a19852dacf7c4164f78d820b,45591378,71,2026-05-05,,,1553,1685,0,,,,1
modify,0x1fe14350e72ed606c8850a16d91d5500c18274b7a19852dacf7c4164f78d820b,45591425,218,2026-05-05,,,1553,1731,0,,,,1
modify,0x1fe14350e72ed606c8850a16d91d5500c18274b7a19852dacf7c4164f78d820b,45592863,226,2026-05-05,,,1553,1685,71261235716,,,,1
modify,0x1fe14350e72ed606c8850a16d91d5500c18274b7a19852dacf7c4164f78d820b,45596407,279,2026-05-05,,,1546,1574,-131041250263,,,,1
modify,0x1fe14350e72ed606c8850a16d91d5500c18274b7a19852dacf7c4164f78d820b,45596675,479,2026-05-05,,,1548,1576,-188098453196,,,,1
modify,0x1fe14350e72ed606c8850a16d91d5500c18274b7a19852dacf7c4164f78d820b,45597033,240,2026-05-05,,,1560,1572,437819043577,,,,1
modify,0x1fe14350e72ed606c8850a16d91d5500c18274b7a19852dacf7c4164f78d820b,45597702,232,2026-05-05,,,1562,1574,305966240573,,,,1
modify,0x1fe14350e72ed606c8850a16d91d5500c18274b7a19852dacf7c4164f78d820b,45597739,367,2026-05-05,,,1532,1585,-783119400939,,,,1
modify,0x1fe14350e72ed606c8850a16d91d5500c18274b7a19852dacf7c4164f78d820b,45597895,737,2026-05-05,,,1543,1590,854445220688,,,,1
modify,0x1fe14350e72ed606c8850a16d91d5500c18274b7a19852dacf7c4164f78d820b,45599467,326,2026-05-05,,,1560,1572,-437819043577,,,,1
modify,0x1fe14350e72ed606c8850a16d91d5500c18274b7a19852dacf7c4164f78d820b,45599575,311,2026-05-05,,,1565,1577,450863588070,,,,1
modify,0x1fe14350e72ed606c8850a16d91d5500c18274b7a19852dacf7c4164f78d820b,45602311,996,2026-05-05,,,1562,1574,-305966240573,,,,1
modify,0x1fe14350e72ed606c8850a16d91d5500c18274b7a19852dacf7c4164f78d820b,45602951,396,2026-05-05,,,1563,1583,181915807339,,,,1
modify,0x1fe14350e72ed606c8850a16d91d5500c18274b7a19852dacf7c4164f78d820b,45603532,781,2026-05-05,,,1565,1577,-450863588070,,,,1
modify,0x1fe14350e72ed606c8850a16d91d5500c18274b7a19852dacf7c4164f78d820b,45603639,357,2026-05-05,,,1568,1590,241907927229,,,,1
modify,0x1fe14350e72ed606c8850a16d91d5500c18274b7a19852dacf7c4164f78d820b,45604992,278,2026-05-05,,,1568,1590,-241907927229,,,,1
modify,0x1fe14350e72ed606c8850a16d91d5500c18274b7a19852dacf7c4164f78d820b,45605365,151,2026-05-05,,,1565,1577,463687718706,,,,1
modify,0x1fe14350e72ed606c8850a16d91d5500c18274b7a19852dacf7c4164f78d820b,45605712,0,2026-05-05,,,1563,1583,-181915807339,,,,1
modify,0x1fe14350e72ed606c8850a16d91d5500c18274b7a19852dacf7c4164f78d820b,45605940,415,2026-05-05,,,1564,1576,290583072161,,,,1
modify,0x1fe14350e72ed606c8850a16d91d5500c18274b7a19852dacf7c4164f78d820b,45612447,278,2026-05-05,,,1565,1577,-463687718706,,,,1
modify,0x1fe14350e72ed606c8850a16d91d5500c18274b7a19852dacf7c4164f78d820b,45612617,322,2026-05-05,,,1558,1570,463086488148,,,,1
modify,0x1fe14350e72ed606c8850a16d91d5500c18274b7a19852dacf7c4164f78d820b,45614251,38,2026-05-05,,,1564,1576,-290583072161,,,,1
modify,0x1fe14350e72ed606c8850a16d91d5500c18274b7a19852dacf7c4164f78d820b,45615148,56,2026-05-05,,,1558,1570,304091418513,,,,1
modify,0x1fe14350e72ed606c8850a16d91d5500c18274b7a19852dacf7c4164f78d820b,45617235,401,2026-05-05,,,1543,1590,-854445220688,,,,1
modify,0x1fe14350e72ed606c8850a16d91d5500c18274b7a19852dacf7c4164f78d820b,45617284,229,2026-05-05,,,1537,1637,410150204345,,,,1
modify,0x1fe14350e72ed606c8850a16d91d5500c18274b7a19852dacf7c4164f78d820b,45618207,147,2026-05-05,,,1558,1570,-304091418513,,,,1
modify,0x1fe14350e72ed606c8850a16d91d5500c18274b7a19852dacf7c4164f78d820b,45618329,914,2026-05-05,,,1558,1570,-463086488148,,,,1
modify,0x1fe14350e72ed606c8850a16d91d5500c18274b7a19852dacf7c4164f78d820b,45618684,226,2026-05-05,,,1571,1593,240077338890,,,,1
modify,0x1fe14350e72ed606c8850a16d91d5500c18274b7a19852dacf7c4164f78d820b,45619226,478,2026-05-05,,,1573,1595,164337128213,,,,1
modify,0x1fe14350e72ed606c8850a16d91d5500c18274b7a19852dacf7c4164f78d820b,45621445,43,2026-05-05,,,1395,1722,6961714220,,,,1
modify,0x1fe14350e72ed606c8850a16d91d5500c18274b7a19852dacf7c4164f78d820b,45621554,10,2026-05-05,,,1395,1722,-6961714220,,,,1
modify,0x1fe14350e72ed606c8850a16d91d5500c18274b7a19852dacf7c4164f78d820b,45626558,28,2026-05-05,,,1546,1573,-4705068672198,,,,1
price,0x1fe14350e72ed606c8850a16d91d5500c18274b7a19852dacf7c4164f78d820b,45628457,467,2026-05-05,,,,,,85812278730225431563052189934,1596,3483103344149,1050
modify,0x1fe14350e72ed606c8850a16d91d5500c18274b7a19852dacf7c4164f78d820b,45634226,382,2026-05-06,,,1528,1613,-1687075959,,,,1
modify,0x1fe14350e72ed606c8850a16d91d5500c18274b7a19852dacf7c4164f78d820b,45634516,366,2026-05-06,,,1537,1637,-410150204345,,,,1
modify,0x1fe14350e72ed606c8850a16d91d5500c18274b7a19852dacf7c4164f78d820b,45634590,469,2026-05-06,,,1571,1671,412758107758,,,,1
modify,0x1fe14350e72ed606c8850a16d91d5500c18274b7a19852dacf7c4164f78d820b,45634797,328,2026-05-06,,,1520,1720,724972456,,,,1
modify,0x1fe14350e72ed606c8850a16d91d5500c18274b7a19852dacf7c4164f78d820b,45635138,374,2026-05-06,,,1553,1731,0,,,,1
modify,0x1fe14350e72ed606c8850a16d91d5500c18274b7a19852dacf7c4164f78d820b,45635167,622,2026-05-06,,,1553,1685,0,,,,1
modify,0x1fe14350e72ed606c8850a16d91d5500c18274b7a19852dacf7c4164f78d820b,45637631,444,2026-05-06,,,1571,1593,-240077338890,,,,1
modify,0x1fe14350e72ed606c8850a16d91d5500c18274b7a19852dacf7c4164f78d820b,45637709,207,2026-05-06,,,1629,1655,207628983938,,,,1
modify,0x1fe14350e72ed606c8850a16d91d5500c18274b7a19852dacf7c4164f78d820b,45638110,6,2026-05-06,,,1573,1595,-164337128213,,,,1
modify,0x1fe14350e72ed606c8850a16d91d5500c18274b7a19852dacf7c4164f78d820b,45638238,7,2026-05-06,,,1632,1658,139005394877,,,,1
modify,0x1fe14350e72ed606c8850a16d91d5500c18274b7a19852dacf7c4164f78d820b,45639850,382,2026-05-06,,,1629,1655,-207628983938,,,,1
modify,0x1fe14350e72ed606c8850a16d91d5500c18274b7a19852dacf7c4164f78d820b,45639938,491,2026-05-06,,,1611,1639,191996891223,,,,1
modify,0x1fe14350e72ed606c8850a16d91d5500c18274b7a19852dacf7c4164f78d820b,45640371,475,2026-05-06,,,1632,1658,-139005394877,,,,1
modify,0x1fe14350e72ed606c8850a16d91d5500c18274b7a19852dacf7c4164f78d820b,45643801,485,2026-05-06,,,1611,1639,-191996891223,,,,1
modify,0x1fe14350e72ed606c8850a16d91d5500c18274b7a19852dacf7c4164f78d820b,45644599,243,2026-05-06,,,1603,1629,214907961531,,,,1
modify,0x1fe14350e72ed606c8850a16d91d5500c18274b7a19852dacf7c4164f78d820b,45646563,18,2026-05-06,,,1204,1518,-237656928177,,,,1
modify,0x1fe14350e72ed606c8850a16d91d5500c18274b7a19852dacf7c4164f78d820b,45648364,950,2026-05-06,,,1605,1652,11662280775485,,,,1
modify,0x1fe14350e72ed606c8850a16d91d5500c18274b7a19852dacf7c4164f78d820b,45648580,214,2026-05-06,,,1395,1699,247437739215,,,,1
modify,0x1fe14350e72ed606c8850a16d91d5500c18274b7a19852dacf7c4164f78d820b,45648591,291,2026-05-06,,,1603,1629,-214907961531,,,,1
modify,0x1fe14350e72ed606c8850a16d91d5500c18274b7a19852dacf7c4164f78d820b,45649704,592,2026-05-06,,,1571,1671,-412758107758,,,,1
modify,0x1fe14350e72ed606c8850a16d91d5500c18274b7a19852dacf7c4164f78d820b,45649961,1263,2026-05-06,,,1607,1615,614412643084,,,,1
modify,0x1fe14350e72ed606c8850a16d91d5500c18274b7a19852dacf7c4164f78d820b,45652882,391,2026-05-06,,,1607,1615,-614412643084,,,,1
modify,0x1fe14350e72ed606c8850a16d91d5500c18274b7a19852dacf7c4164f78d820b,45653000,531,2026-05-06,,,1611,1619,692058048277,,,,1
modify,0x1fe14350e72ed606c8850a16d91d5500c18274b7a19852dacf7c4164f78d820b,45657047,379,2026-05-06,,,1611,1619,-692058048277,,,,1
modify,0x1fe14350e72ed606c8850a16d91d5500c18274b7a19852dacf7c4164f78d820b,45657196,218,2026-05-06,,,1607,1615,683471197655,,,,1
modify,0x1fe14350e72ed606c8850a16d91d5500c18274b7a19852dacf7c4164f78d820b,45664317,150,2026-05-06,,,1607,1615,-683471197655,,,,1
modify,0x1fe14350e72ed606c8850a16d91d5500c18274b7a19852dacf7c4164f78d820b,45664430,814,2026-05-06,,,1617,1624,775666194625,,,,1
modify,0x1fe14350e72ed606c8850a16d91d5500c18274b7a19852dacf7c4164f78d820b,45668292,422,2026-05-06,,,1600,1628,1426600496373,,,,1
price,0x1fe14350e72ed606c8850a16d91d5500c18274b7a19852dacf7c4164f78d820b,45671969,834,2026-05-06,,,,,,85882343943690953466160579695,1613,16323266029986,1365
modify,0x1fe14350e72ed606c8850a16d91d5500c18274b7a19852dacf7c4164f78d820b,45677045,318,2026-05-07,,,1600,1628,-1426600496373,,,,1
modify,0x1fe14350e72ed606c8850a16d91d5500c18274b7a19852dacf7c4164f78d820b,45677325,488,2026-05-07,,,1617,1645,1585354862582,,,,1
modify,0x1fe14350e72ed606c8850a16d91d5500c18274b7a19852dacf7c4164f78d820b,45678098,765,2026-05-07,,,1553,1685,0,,,,1
modify,0x1fe14350e72ed606c8850a16d91d5500c18274b7a19852dacf7c4164f78d820b,45678116,302,2026-05-07,,,1553,1731,0,,,,1
modify,0x1fe14350e72ed606c8850a16d91d5500c18274b7a19852dacf7c4164f78d820b,45679052,9,2026-05-07,,,1604,1732,3568897894,,,,1
modify,0x1fe14350e72ed606c8850a16d91d5500c18274b7a19852dacf7c4164f78d820b,45679771,812,2026-05-07,,,1604,1732,317782063,,,,1
modify,0x1fe14350e72ed606c8850a16d91d5500c18274b7a19852dacf7c4164f78d820b,45680771,447,2026-05-07,,,1617,1624,-775666194625,,,,1
modify,0x1fe14350e72ed606c8850a16d91d5500c18274b7a19852dacf7c4164f78d820b,45680957,329,2026-05-07,,,1622,1630,694175764247,,,,1
modify,0x1fe14350e72ed606c8850a16d91d5500c18274b7a19852dacf7c4164f78d820b,45683815,466,2026-05-07,,,1261,1565,0,,,,1
modify,0x1fe14350e72ed606c8850a16d91d5500c18274b7a19852dacf7c4164f78d820b,45683821,736,2026-05-07,,,1261,1565,0,,,,1
modify,0x1fe14350e72ed606c8850a16d91d5500c18274b7a19852dacf7c4164f78d820b,45683840,480,2026-05-07,,,1261,1565,-6174061449,,,,1
modify,0x1fe14350e72ed606c8850a16d91d5500c18274b7a19852dacf7c4164f78d820b,45684794,289,2026-05-07,,,1617,1645,-1585354862582,,,,1
modify,0x1fe14350e72ed606c8850a16d91d5500c18274b7a19852dacf7c4164f78d820b,45684828,610,2026-05-07,,,1618,1644,1703865157429,,,,1
modify,0x1fe14350e72ed606c8850a16d91d5500c18274b7a19852dacf7c4164f78d820b,45684967,198,2026-05-07,,,1622,1630,-694175764247,,,,1
modify,0x1fe14350e72ed606c8850a16d91d5500c18274b7a19852dacf7c4164f78d820b,45685049,251,2026-05-07,,,1628,1635,784684030376,,,,1
modify,0x1fe14350e72ed606c8850a16d91d5500c18274b7a19852dacf7c4164f78d820b,45689358,581,2026-05-07,,,1628,1635,-784684030376,,,,1
modify,0x1fe14350e72ed606c8850a16d91d5500c18274b7a19852dacf7c4164f78d820b,45690154,1332,2026-05-07,,,1622,1629,776534102843,,,,1
modify,0x1fe14350e72ed606c8850a16d91d5500c18274b7a19852dacf7c4164f78d820b,45690312,881,2026-05-07,,,1618,1644,-1703865157429,,,,1
modify,0x1fe14350e72ed606c8850a16d91d5500c18274b7a19852dacf7c4164f78d820b,45690362,775,2026-05-07,,,1609,1635,1756788861144,,,,1
modify,0x1fe14350e72ed606c8850a16d91d5500c18274b7a19852dacf7c4164f78d820b,45690399,1048,2026-05-07,,,1622,1629,-776534102843,,,,1
modify,0x1fe14350e72ed606c8850a16d91d5500c18274b7a19852dacf7c4164f78d820b,45691389,494,2026-05-07,,,1619,1627,668529392381,,,,1
modify,0x1fe14350e72ed606c8850a16d91d5500c18274b7a19852dacf7c4164f78d820b,45692734,108,2026-05-07,,,1619,1627,-668529392381,,,,1
modify,0x1fe14350e72ed606c8850a16d91d5500c18274b7a19852dacf7c4164f78d820b,45693197,236,2026-05-07,,,1606,1613,807254471781,,,,1
modify,0x1fe14350e72ed606c8850a16d91d5500c18274b7a19852dacf7c4164f78d820b,45693397,466,2026-05-07,,,1609,1635,-1756788861144,,,,1
modify,0x1fe14350e72ed606c8850a16d91d5500c18274b7a19852dacf7c4164f78d820b,45693549,541,2026-05-07,,,1592,1628,1296965327665,,,,1
modify,0x1fe14350e72ed606c8850a16d91d5500c18274b7a19852dacf7c4164f78d820b,45693897,634,2026-05-07,,,1606,1613,-807254471781,,,,1
modify,0x1fe14350e72ed606c8850a16d91d5500c18274b7a19852dacf7c4164f78d820b,45693995,478,2026-05-07,,,1609,1617,670951213279,,,,1
modify,0x1fe14350e72ed606c8850a16d91d5500c18274b7a19852dacf7c4164f78d820b,45698033,318,2026-05-07,,,1601,1603,48163180609,,,,1
modify,0x1fe14350e72ed606c8850a16d91d5500c18274b7a19852dacf7c4164f78d820b,45698581,439,2026-05-07,,,1592,1628,-1296965327665,,,,1
modify,0x1fe14350e72ed606c8850a16d91d5500c18274b7a19852dacf7c4164f78d820b,45698642,414,2026-05-07,,,1548,1648,428059368054,,,,1
modify,0x1fe14350e72ed606c8850a16d91d5500c18274b7a19852dacf7c4164f78d820b,45698775,178,2026-05-07,,,1601,1603,-48163180609,,,,1
modify,0x1fe14350e72ed606c8850a16d91d5500c18274b7a19852dacf7c4164f78d820b,45698778,25,2026-05-07,,,1507,1712,3610471,,,,1
modify,0x1fe14350e72ed606c8850a16d91d5500c18274b7a19852dacf7c4164f78d820b,45699522,463,2026-05-07,,,1507,1712,100779,,,,1
modify,0x1fe14350e72ed606c8850a16d91d5500c18274b7a19852dacf7c4164f78d820b,45699531,614,2026-05-07,,,1605,1652,-11662280775485,,,,1
modify,0x1fe14350e72ed606c8850a16d91d5500c18274b7a19852dacf7c4164f78d820b,45699596,373,2026-05-07,,,1584,1607,21207693843769,,,,1
modify,0x1fe14350e72ed606c8850a16d91d5500c18274b7a19852dacf7c4164f78d820b,45699787,267,2026-05-07,,,1609,1617,-670951213279,,,,1
modify,0x1fe14350e72ed606c8850a16d91d5500c18274b7a19852dacf7c4164f78d820b,45705017,323,2026-05-07,,,1548,1648,-428059368054,,,,1
modify,0x1fe14350e72ed606c8850a16d91d5500c18274b7a19852dacf7c4164f78d820b,45705041,844,2026-05-07,,,1589,1609,2060621090639,,,,1
modify,0x1fe14350e72ed606c8850a16d91d5500c18274b7a19852dacf7c4164f78d820b,45709840,300,2026-05-07,,,1347,1947,0,,,,1
price,0x1fe14350e72ed606c8850a16d91d5500c18274b7a19852dacf7c4164f78d820b,45715242,335,2026-05-07,,,,,,85825350713963265939383447468,1599,26502703403786,1525
modify,0x1fe14350e72ed606c8850a16d91d5500c18274b7a19852dacf7c4164f78d820b,45719868,228,2026-05-08,,,1589,1609,-2060621090639,,,,1
modify,0x1fe14350e72ed606c8850a16d91d5500c18274b7a19852dacf7c4164f78d820b,45720130,52,2026-05-08,,,1553,1731,0,,,,1
modify,0x1fe14350e72ed606c8850a16d91d5500c18274b7a19852dacf7c4164f78d820b,45720181,580,2026-05-08,,,1553,1685,0,,,,1
modify,0x1fe14350e72ed606c8850a16d91d5500c18274b7a19852dacf7c4164f78d820b,45720303,505,2026-05-08,,,1569,1667,456513701980,,,,1
modify,0x1fe14350e72ed606c8850a16d91d5500c18274b7a19852dacf7c4164f78d820b,45720547,557,2026-05-08,,,1604,1732,2102643614,,,,1
modify,0x1fe14350e72ed606c8850a16d91d5500c18274b7a19852dacf7c4164f78d820b,45720931,799,2026-05-08,,,1511,1711,1978865415,,,,1
modify,0x1fe14350e72ed606c8850a16d91d5500c18274b7a19852dacf7c4164f78d820b,45721022,542,2026-05-08,,,1511,1711,969073079,,,,1
modify,0x1fe14350e72ed606c8850a16d91d5500c18274b7a19852dacf7c4164f78d820b,45725429,431,2026-05-08,,,1612,1636,234409691948,,,,1
modify,0x1fe14350e72ed606c8850a16d91d5500c18274b7a19852dacf7c4164f78d820b,45727550,49,2026-05-08,,,1584,1607,-21207693843769,,,,1
modify,0x1fe14350e72ed606c8850a16d91d5500c18274b7a19852dacf7c4164f78d820b,45728999,70,2026-05-08,,,1612,1636,-234409691948,,,,1
modify,0x1fe14350e72ed606c8850a16d91d5500c18274b7a19852dacf7c4164f78d820b,45729844,320,2026-05-08,,,1560,1668,243239370168,,,,1
modify,0x1fe14350e72ed606c8850a16d91d5500c18274b7a19852dacf7c4164f78d820b,45730333,303,2026-05-08,,,1560,1668,-243239370168,,,,1
modify,0x1fe14350e72ed606c8850a16d91d5500c18274b7a19852dacf7c4164f78d820b,45733290,490,2026-05-08,,,1511,1711,476221371512,,,,1
modify,0x1fe14350e72ed606c8850a16d91d5500c18274b7a19852dacf7c4164f78d820b,45739032,388,2026-05-08,,,1520,1720,-724972456,,,,1
modify,0x1fe14350e72ed606c8850a16d91d5500c18274b7a19852dacf7c4164f78d820b,45739489,188,2026-05-08,,,1626,1650,6697792235,,,,1
modify,0x1fe14350e72ed606c8850a16d91d5500c18274b7a19852dacf7c4164f78d820b,45740661,506,2026-05-08,,,1627,1649,7768511900,,,,1
modify,0x1fe14350e72ed606c8850a16d91d5500c18274b7a19852dacf7c4164f78d820b,45740821,282,2026-05-08,,,1627,1649,-7768511900,,,,1
modify,0x1fe14350e72ed606c8850a16d91d5500c18274b7a19852dacf7c4164f78d820b,45741765,316,2026-05-08,,,1626,1650,-6697792235,,,,1
modify,0x1fe14350e72ed606c8850a16d91d5500c18274b7a19852dacf7c4164f78d820b,45741943,337,2026-05-08,,,1630,1652,173406600628,,,,1
modify,0x1fe14350e72ed606c8850a16d91d5500c18274b7a19852dacf7c4164f78d820b,45742007,267,2026-05-08,,,1625,1657,13993748257745,,,,1
modify,0x1fe14350e72ed606c8850a16d91d5500c18274b7a19852dacf7c4164f78d820b,45742357,365,2026-05-08,,,1630,1652,-173406600628,,,,1
modify,0x1fe14350e72ed606c8850a16d91d5500c18274b7a19852dacf7c4164f78d820b,45742444,283,2026-05-08,,,1638,1644,608388110496,,,,1
modify,0x1fe14350e72ed606c8850a16d91d5500c18274b7a19852dacf7c4164f78d820b,45742752,336,2026-05-08,,,1591,1691,1140995759,,,,1
modify,0x1fe14350e72ed606c8850a16d91d5500c18274b7a19852dacf7c4164f78d820b,45744374,240,2026-05-08,,,1569,1667,-456513701980,,,,1
modify,0x1fe14350e72ed606c8850a16d91d5500c18274b7a19852dacf7c4164f78d820b,45744492,469,2026-05-08,,,1632,1653,2100187420798,,,,1
price,0x1fe14350e72ed606c8850a16d91d5500c18274b7a19852dacf7c4164f78d820b,45758403,248,2026-05-08,,,,,,86006796141945147098072716036,1641,20374425997634,1099
modify,0x1fe14350e72ed606c8850a16d91d5500c18274b7a19852dacf7c4164f78d820b,45763651,693,2026-05-09,,,1553,1731,0,,,,1
modify,0x1fe14350e72ed606c8850a16d91d5500c18274b7a19852dacf7c4164f78d820b,45763697,208,2026-05-09,,,1553,1685,0,,,,1
modify,0x1fe14350e72ed606c8850a16d91d5500c18274b7a19852dacf7c4164f78d820b,45763935,652,2026-05-09,,,1632,1653,-2100187420798,,,,1
modify,0x1fe14350e72ed606c8850a16d91d5500c18274b7a19852dacf7c4164f78d820b,45764002,273,2026-05-09,,,1633,1651,2413085355395,,,,1
modify,0x1fe14350e72ed606c8850a16d91d5500c18274b7a19852dacf7c4164f78d820b,45764074,45,2026-05-09,,,1604,1732,1474228755,,,,1
modify,0x1fe14350e72ed606c8850a16d91d5500c18274b7a19852dacf7c4164f78d820b,45764142,202,2026-05-09,,,1604,1732,456719777,,,,1
modify,0x1fe14350e72ed606c8850a16d91d5500c18274b7a19852dacf7c4164f78d820b,45764476,1,2026-05-09,,,1640,1643,72438431395592,,,,1
modify,0x1fe14350e72ed606c8850a16d91d5500c18274b7a19852dacf7c4164f78d820b,45764580,1,2026-05-09,,,1640,1643,115710037250139,,,,1
modify,0x1fe14350e72ed606c8850a16d91d5500c18274b7a19852dacf7c4164f78d820b,45765300,586,2026-05-09,,,1640,1643,-188148468645731,,,,1
modify,0x1fe14350e72ed606c8850a16d91d5500c18274b7a19852dacf7c4164f78d820b,45765390,468,2026-05-09,,,1638,1642,128704796721259,,,,1
modify,0x1fe14350e72ed606c8850a16d91d5500c18274b7a19852dacf7c4164f78d820b,45766717,521,2026-05-09,,,1638,1642,-128704796721259,,,,1
modify,0x1fe14350e72ed606c8850a16d91d5500c18274b7a19852dacf7c4164f78d820b,45766970,168,2026-05-09,,,1638,1644,-608388110496,,,,1
modify,0x1fe14350e72ed606c8850a16d91d5500c18274b7a19852dacf7c4164f78d820b,45767320,136,2026-05-09,,,1635,1641,595260151215,,,,1
modify,0x1fe14350e72ed606c8850a16d91d5500c18274b7a19852dacf7c4164f78d820b,45771599,101,2026-05-09,,,1615,1676,121469917643,,,,1
modify,0x1fe14350e72ed606c8850a16d91d5500c18274b7a19852dacf7c4164f78d820b,45771733,111,2026-05-09,,,1615,1676,2289895936,,,,1
modify,0x1fe14350e72ed606c8850a16d91d5500c18274b7a19852dacf7c4164f78d820b,45780399,317,2026-05-09,,,1635,1641,-595260151215,,,,1
modify,0x1fe14350e72ed606c8850a16d91d5500c18274b7a19852dacf7c4164f78d820b,45780509,325,2026-05-09,,,1638,1643,1054275946682,,,,1
modify,0x1fe14350e72ed606c8850a16d91d5500c18274b7a19852dacf7c4164f78d820b,45781010,171,2026-05-09,,,1633,1651,-2413085355395,,,,1
modify,0x1fe14350e72ed606c8850a16d91d5500c18274b7a19852dacf7c4164f78d820b,45781084,536,2026-05-09,,,1631,1649,2448346244056,,,,1
modify,0x1fe14350e72ed606c8850a16d91d5500c18274b7a19852dacf7c4164f78d820b,45792662,153,2026-05-09,,,1638,1643,-1054275946682,,,,1
modify,0x1fe14350e72ed606c8850a16d91d5500c18274b7a19852dacf7c4164f78d820b,45792941,592,2026-05-09,,,1637,1641,1402737403065,,,,1
modify,0x1fe14350e72ed606c8850a16d91d5500c18274b7a19852dacf7c4164f78d820b,45796587,296,2026-05-09,,,1527,1752,72558928104,,,,1
price,0x1fe14350e72ed606c8850a16d91d5500c18274b7a19852dacf7c4164f78d820b,45801295,386,2026-05-09,,,,,,85989247555939318826957196289,1637,21715183803676,917
modify,0x1fe14350e72ed606c8850a16d91d5500c18274b7a19852dacf7c4164f78d820b,45807882,407,2026-05-10,,,1588,1688,1595324673136,,,,1
modify,0x1fe14350e72ed606c8850a16d91d5500c18274b7a19852dacf7c4164f78d820b,45807911,478,2026-05-10,,,1604,1732,1283701047,,,,1
modify,0x1fe14350e72ed606c8850a16d91d5500c18274b7a19852dacf7c4164f78d820b,45807996,430,2026-05-10,,,1604,1732,346388317,,,,1
modify,0x1fe14350e72ed606c8850a16d91d5500c18274b7a19852dacf7c4164f78d820b,45816569,141,2026-05-10,,,1631,1649,-2448346244056,,,,1
modify,0x1fe14350e72ed606c8850a16d91d5500c18274b7a19852dacf7c4164f78d820b,45816673,464,2026-05-10,,,1629,1648,2398395880978,,,,1
modify,0x1fe14350e72ed606c8850a16d91d5500c18274b7a19852dacf7c4164f78d820b,45817453,200,2026-05-10,,,1615,1676,-123759813579,,,,1
modify,0x1fe14350e72ed606c8850a16d91d5500c18274b7a19852dacf7c4164f78d820b,45823541,491,2026-05-10,,,1637,1641,-1402737403065,,,,1
modify,0x1fe14350e72ed606c8850a16d91d5500c18274b7a19852dacf7c4164f78d820b,45823727,321,2026-05-10,,,1639,1643,1303648758282,,,,1
modify,0x1fe14350e72ed606c8850a16d91d5500c18274b7a19852dacf7c4164f78d820b,45824217,52,2026-05-10,,,1535,1714,515746664477,,,,1
modify,0x1fe14350e72ed606c8850a16d91d5500c18274b7a19852dacf7c4164f78d820b,45824551,380,2026-05-10,,,1625,1657,-13993748257745,,,,1
modify,0x1fe14350e72ed606c8850a16d91d5500c18274b7a19852dacf7c4164f78d820b,45825295,409,2026-05-10,,,1639,1643,-1303648758282,,,,1
modify,0x1fe14350e72ed606c8850a16d91d5500c18274b7a19852dacf7c4164f78d820b,45825385,137,2026-05-10,,,1532,1711,7494154748,,,,1
modify,0x1fe14350e72ed606c8850a16d91d5500c18274b7a19852dacf7c4164f78d820b,45825447,634,2026-05-10,,,1639,1649,559345534059,,,,1
modify,0x1fe14350e72ed606c8850a16d91d5500c18274b7a19852dacf7c4164f78d820b,45825463,233,2026-05-10,,,1532,1711,325351775,,,,1
modify,0x1fe14350e72ed606c8850a16d91d5500c18274b7a19852dacf7c4164f78d820b,45828226,103,2026-05-10,,,1639,1649,-559345534059,,,,1
modify,0x1fe14350e72ed606c8850a16d91d5500c18274b7a19852dacf7c4164f78d820b,45829170,152,2026-05-10,,,1609,1625,333453346287,,,,1
modify,0x1fe14350e72ed606c8850a16d91d5500c18274b7a19852dacf7c4164f78d820b,45830132,157,2026-05-10,,,1609,1625,-333453346287,,,,1
modify,0x1fe14350e72ed606c8850a16d91d5500c18274b7a19852dacf7c4164f78d820b,45830249,262,2026-05-10,,,1617,1635,310229689374,,,,1
modify,0x1fe14350e72ed606c8850a16d91d5500c18274b7a19852dacf7c4164f78d820b,45831516,301,2026-05-10,,,1629,1648,-2398395880978,,,,1
modify,0x1fe14350e72ed606c8850a16d91d5500c18274b7a19852dacf7c4164f78d820b,45835511,377,2026-05-10,,,1600,1664,697667327242,,,,1
modify,0x1fe14350e72ed606c8850a16d91d5500c18274b7a19852dacf7c4164f78d820b,45839974,1650,2026-05-10,,,1617,1635,-310229689374,,,,1
modify,0x1fe14350e72ed606c8850a16d91d5500c18274b7a19852dacf7c4164f78d820b,45840120,273,2026-05-10,,,1612,1630,309044148221,,,,1
price,0x1fe14350e72ed606c8850a16d91d5500c18274b7a19852dacf7c4164f78d820b,45844663,306,2026-05-10,,,,,,85882270840135734940440108265,1612,6921685411857,1245
modify,0x1fe14350e72ed606c8850a16d91d5500c18274b7a19852dacf7c4164f78d820b,45849944,530,2026-05-11,,,1553,1685,0,,,,1
modify,0x1fe14350e72ed606c8850a16d91d5500c18274b7a19852dacf7c4164f78d820b,45849983,258,2026-05-11,,,1553,1731,0,,,,1
modify,0x1fe14350e72ed606c8850a16d91d5500c18274b7a19852dacf7c4164f78d820b,45850222,236,2026-05-11,,,1604,1732,295442389,,,,1
modify,0x1fe14350e72ed606c8850a16d91d5500c18274b7a19852dacf7c4164f78d820b,45850287,643,2026-05-11,,,1604,1732,1234711555,,,,1
modify,0x1fe14350e72ed606c8850a16d91d5500c18274b7a19852dacf7c4164f78d820b,45854549,220,2026-05-11,,,1612,1630,-309044148221,,,,1
modify,0x1fe14350e72ed606c8850a16d91d5500c18274b7a19852dacf7c4164f78d820b,45854646,323,2026-05-11,,,1626,1642,359713328701,,,,1
modify,0x1fe14350e72ed606c8850a16d91d5500c18274b7a19852dacf7c4164f78d820b,45856138,234,2026-05-11,,,1620,1636,10619582598,,,,1
modify,0x1fe14350e72ed606c8850a16d91d5500c18274b7a19852dacf7c4164f78d820b,45857999,495,2026-05-11,,,1626,1642,-359713328701,,,,1
modify,0x1fe14350e72ed606c8850a16d91d5500c18274b7a19852dacf7c4164f78d820b,45858295,401,2026-05-11,,,1633,1649,355293081067,,,,1
modify,0x1fe14350e72ed606c8850a16d91d5500c18274b7a19852dacf7c4164f78d820b,45858440,176,2026-05-11,,,1620,1636,-10619582598,,,,1
modify,0x1fe14350e72ed606c8850a16d91d5500c18274b7a19852dacf7c4164f78d820b,45858623,69,2026-05-11,,,1633,1648,11568535594,,,,1
modify,0x1fe14350e72ed606c8850a16d91d5500c18274b7a19852dacf7c4164f78d820b,45865196,202,2026-05-11,,,1633,1649,-355293081067,,,,1
modify,0x1fe14350e72ed606c8850a16d91d5500c18274b7a19852dacf7c4164f78d820b,45865394,434,2026-05-11,,,1627,1643,344559865655,,,,1
modify,0x1fe14350e72ed606c8850a16d91d5500c18274b7a19852dacf7c4164f78d820b,45866007,112,2026-05-11,,,1633,1648,-11568535594,,,,1
modify,0x1fe14350e72ed606c8850a16d91d5500c18274b7a19852dacf7c4164f78d820b,45866141,648,2026-05-11,,,1629,1645,240900230548,,,,1
modify,0x1fe14350e72ed606c8850a16d91d5500c18274b7a19852dacf7c4164f78d820b,45868884,567,2026-05-11,,,1347,1947,0,,,,1
modify,0x1fe14350e72ed606c8850a16d91d5500c18274b7a19852dacf7c4164f78d820b,45873196,360,2026-05-11,,,1638,1646,1167874247724,,,,1
modify,0x1fe14350e72ed606c8850a16d91d5500c18274b7a19852dacf7c4164f78d820b,45873499,405,2026-05-11,,,1627,1643,-344559865655,,,,1
modify,0x1fe14350e72ed606c8850a16d91d5500c18274b7a19852dacf7c4164f78d820b,45873552,329,2026-05-11,,,1621,1651,315085434653,,,,1
modify,0x1fe14350e72ed606c8850a16d91d5500c18274b7a19852dacf7c4164f78d820b,45873627,337,2026-05-11,,,1636,1648,478765865865,,,,1
modify,0x1fe14350e72ed606c8850a16d91d5500c18274b7a19852dacf7c4164f78d820b,45873869,52,2026-05-11,,,1629,1645,-240900230548,,,,1
modify,0x1fe14350e72ed606c8850a16d91d5500c18274b7a19852dacf7c4164f78d820b,45873971,492,2026-05-11,,,1639,1651,309201577450,,,,1
modify,0x1fe14350e72ed606c8850a16d91d5500c18274b7a19852dacf7c4164f78d820b,45875851,743,2026-05-11,,,1600,1664,0,,,,1
modify,0x1fe14350e72ed606c8850a16d91d5500c18274b7a19852dacf7c4164f78d820b,45875929,1130,2026-05-11,,,1600,1664,-697667327242,,,,1
modify,0x1fe14350e72ed606c8850a16d91d5500c18274b7a19852dacf7c4164f78d820b,45875978,531,2026-05-11,,,1621,1669,950602077543,,,,1
modify,0x1fe14350e72ed606c8850a16d91d5500c18274b7a19852dacf7c4164f78d820b,45876588,401,2026-05-11,,,1639,1651,-309201577450,,,,1
modify,0x1fe14350e72ed606c8850a16d91d5500c18274b7a19852dacf7c4164f78d820b,45876702,52,2026-05-11,,,1636,1646,354532670268,,,,1
modify,0x1fe14350e72ed606c8850a16d91d5500c18274b7a19852dacf7c4164f78d820b,45878026,32,2026-05-11,,,1638,1646,-1167874247724,,,,1
modify,0x1fe14350e72ed606c8850a16d91d5500c18274b7a19852dacf7c4164f78d820b,45878154,124,2026-05-11,,,1621,1651,299869492311,,,,1
modify,0x1fe14350e72ed606c8850a16d91d5500c18274b7a19852dacf7c4164f78d820b,45880401,300,2026-05-11,,,1621,1669,-950602077543,,,,1
modify,0x1fe14350e72ed606c8850a16d91d5500c18274b7a19852dacf7c4164f78d820b,45880511,530,2026-05-11,,,1594,1654,764272778399,,,,1
modify,0x1fe14350e72ed606c8850a16d91d5500c18274b7a19852dacf7c4164f78d820b,45880735,545,2026-05-11,,,1636,1648,-478765865865,,,,1
modify,0x1fe14350e72ed606c8850a16d91d5500c18274b7a19852dacf7c4164f78d820b,45881049,148,2026-05-11,,,1621,1651,-614954926964,,,,1
modify,0x1fe14350e72ed606c8850a16d91d5500c18274b7a19852dacf7c4164f78d820b,45881094,30,2026-05-11,,,1636,1646,-354532670268,,,,1
modify,0x1fe14350e72ed606c8850a16d91d5500c18274b7a19852dacf7c4164f78d820b,45881492,478,2026-05-11,,,1617,1633,353354722719,,,,1
modify,0x1fe14350e72ed606c8850a16d91d5500c18274b7a19852dacf7c4164f78d820b,45881776,567,2026-05-11,,,1618,1632,271711209105,,,,1
modify,0x1fe14350e72ed606c8850a16d91d5500c18274b7a19852dacf7c4164f78d820b,45883532,104,2026-05-11,,,1618,1632,-271711209105,,,,1
modify,0x1fe14350e72ed606c8850a16d91d5500c18274b7a19852dacf7c4164f78d820b,45883608,445,2026-05-11,,,1615,1629,265133424940,,,,1
modify,0x1fe14350e72ed606c8850a16d91d5500c18274b7a19852dacf7c4164f78d820b,45883712,466,2026-05-11,,,1617,1633,-353354722719,,,,1
modify,0x1fe14350e72ed606c8850a16d91d5500c18274b7a19852dacf7c4164f78d820b,45883797,454,2026-05-11,,,1615,1629,403167201008,,,,1
price,0x1fe14350e72ed606c8850a16d91d5500c18274b7a19852dacf7c4164f78d820b,45888123,286,2026-05-11,,,,,,85928683593342404352421937463,1623,7349077494685,1189
modify,0x1fe14350e72ed606c8850a16d91d5500c18274b7a19852dacf7c4164f78d820b,45893847,11,2026-05-12,,,1608,1622,36129283198053,,,,1
modify,0x1fe14350e72ed606c8850a16d91d5500c18274b7a19852dacf7c4164f78d820b,45894395,381,2026-05-12,,,1594,1654,-764272778399,,,,1
modify,0x1fe14350e72ed606c8850a16d91d5500c18274b7a19852dacf7c4164f78d820b,45894606,602,2026-05-12,,,1607,1618,4126651609748,,,,1
modify,0x1fe14350e72ed606c8850a16d91d5500c18274b7a19852dacf7c4164f78d820b,45894645,222,2026-05-12,,,1553,1685,0,,,,1
modify,0x1fe14350e72ed606c8850a16d91d5500c18274b7a19852dacf7c4164f78d820b,45894689,334,2026-05-12,,,1553,1731,0,,,,1
modify,0x1fe14350e72ed606c8850a16d91d5500c18274b7a19852dacf7c4164f78d820b,45894863,52,2026-05-12,,,1604,1732,801110886,,,,1
modify,0x1fe14350e72ed606c8850a16d91d5500c18274b7a19852dacf7c4164f78d820b,45894950,44,2026-05-12,,,1604,1732,579067031,,,,1
modify,0x1fe14350e72ed606c8850a16d91d5500c18274b7a19852dacf7c4164f78d820b,45895010,2,2026-05-12,,,1604,1732,108187103,,,,1
modify,0x1fe14350e72ed606c8850a16d91d5500c18274b7a19852dacf7c4164f78d820b,45897414,465,2026-05-12,,,1607,1618,-4126651609748,,,,1
modify,0x1fe14350e72ed606c8850a16d91d5500c18274b7a19852dacf7c4164f78d820b,45897538,240,2026-05-12,,,1573,1643,653664121061,,,,1
modify,0x1fe14350e72ed606c8850a16d91d5500c18274b7a19852dacf7c4164f78d820b,45898609,779,2026-05-12,,,1615,1629,-403167201008,,,,1
modify,0x1fe14350e72ed606c8850a16d91d5500c18274b7a19852dacf7c4164f78d820b,45898804,410,2026-05-12,,,1609,1611,2357644350336,,,,1
modify,0x1fe14350e72ed606c8850a16d91d5500c18274b7a19852dacf7c4164f78d820b,45898969,1209,2026-05-12,,,1573,1643,-653664121061,,,,1
modify,0x1fe14350e72ed606c8850a16d91d5500c18274b7a19852dacf7c4164f78d820b,45899071,706,2026-05-12,,,1615,1629,-265133424940,,,,1
modify,0x1fe14350e72ed606c8850a16d91d5500c18274b7a19852dacf7c4164f78d820b,45899270,358,2026-05-12,,,1609,1611,-2357644350336,,,,1
modify,0x1fe14350e72ed606c8850a16d91d5500c18274b7a19852dacf7c4164f78d820b,45899378,326,2026-05-12,,,1572,1642,662683978612,,,,1
modify,0x1fe14350e72ed606c8850a16d91d5500c18274b7a19852dacf7c4164f78d820b,45899565,230,2026-05-12,,,1601,1615,399503133758,,,,1
modify,0x1fe14350e72ed606c8850a16d91d5500c18274b7a19852dacf7c4164f78d820b,45899928,362,2026-05-12,,,1598,1612,261018784651,,,,1
modify,0x1fe14350e72ed606c8850a16d91d5500c18274b7a19852dacf7c4164f78d820b,45900112,231,2026-05-12,,,1601,1615,-399503133758,,,,1
modify,0x1fe14350e72ed606c8850a16d91d5500c18274b7a19852dacf7c4164f78d820b,45900971,519,2026-05-12,,,1572,1642,-662683978612,,,,1
modify,0x1fe14350e72ed606c8850a16d91d5500c18274b7a19852dacf7c4164f78d820b,45901442,17,2026-05-12,,,1608,1622,-36129283198053,,,,1
modify,0x1fe14350e72ed606c8850a16d91d5500c18274b7a19852dacf7c4164f78d820b,45901631,802,2026-05-12,,,1564,1644,579268709215,,,,1
modify,0x1fe14350e72ed606c8850a16d91d5500c18274b7a19852dacf7c4164f78d820b,45901897,831,2026-05-12,,,1598,1614,341831866675,,,,1
modify,0x1fe14350e72ed606c8850a16d91d5500c18274b7a19852dacf7c4164f78d820b,45902753,435,2026-05-12,,,1595,1608,38031516685500,,,,1
modify,0x1fe14350e72ed606c8850a16d91d5500c18274b7a19852dacf7c4164f78d820b,45904744,570,2026-05-12,,,1598,1614,-341831866675,,,,1
modify,0x1fe14350e72ed606c8850a16d91d5500c18274b7a19852dacf7c4164f78d820b,45904852,894,2026-05-12,,,1595,1597,2220140592504,,,,1
modify,0x1fe14350e72ed606c8850a16d91d5500c18274b7a19852dacf7c4164f78d820b,45905552,449,2026-05-12,,,1595,1597,-2220140592504,,,,1
modify,0x1fe14350e72ed606c8850a16d91d5500c18274b7a19852dacf7c4164f78d820b,45906491,557,2026-05-12,,,1598,1612,-261018784651,,,,1
modify,0x1fe14350e72ed606c8850a16d91d5500c18274b7a19852dacf7c4164f78d820b,45910225,471,2026-05-12,,,1564,1644,-579268709215,,,,1
modify,0x1fe14350e72ed606c8850a16d91d5500c18274b7a19852dacf7c4164f78d820b,45911503,187,2026-05-12,,,1347,1833,97186991,,,,1
modify,0x1fe14350e72ed606c8850a16d91d5500c18274b7a19852dacf7c4164f78d820b,45913527,173,2026-05-12,,,1595,1608,-38031516685500,,,,1
modify,0x1fe14350e72ed606c8850a16d91d5500c18274b7a19852dacf7c4164f78d820b,45921303,492,2026-05-12,,,1591,1611,268750521710,,,,1
modify,0x1fe14350e72ed606c8850a16d91d5500c18274b7a19852dacf7c4164f78d820b,45925003,373,2026-05-12,,,1593,1613,183273848778,,,,1
price,0x1fe14350e72ed606c8850a16d91d5500c18274b7a19852dacf7c4164f78d820b,45930616,321,2026-05-12,,,,,,85825495892497332307863937612,1599,6357545132406,1383
modify,0x1fe14350e72ed606c8850a16d91d5500c18274b7a19852dacf7c4164f78d820b,45932011,674,2026-05-13,,,1564,1626,757621358628,,,,1
modify,0x1fe14350e72ed606c8850a16d91d5500c18274b7a19852dacf7c4164f78d820b,45932444,433,2026-05-13,,,1589,1608,24820576989125,,,,1
modify,0x1fe14350e72ed606c8850a16d91d5500c18274b7a19852dacf7c4164f78d820b,45932884,540,2026-05-13,,,1589,1608,-24820576989125,,,,1
modify,0x1fe14350e72ed606c8850a16d91d5500c18274b7a19852dacf7c4164f78d820b,45934224,83,2026-05-13,,,1561,1613,58392842661,,,,1
modify,0x1fe14350e72ed606c8850a16d91d5500c18274b7a19852dacf7c4164f78d820b,45934694,469,2026-05-13,,,1564,1626,-757621358628,,,,1
modify,0x1fe14350e72ed606c8850a16d91d5500c18274b7a19852dacf7c4164f78d820b,45934759,626,2026-05-13,,,1533,1633,19292534530,,,,1
modify,0x1fe14350e72ed606c8850a16d91d5500c18274b7a19852dacf7c4164f78d820b,45934791,701,2026-05-13,,,1533,1633,-19292534530,,,,1
modify,0x1fe14350e72ed606c8850a16d91d5500c18274b7a19852dacf7c4164f78d820b,45936456,384,2026-05-13,,,1553,1685,0,,,,1
modify,0x1fe14350e72ed606c8850a16d91d5500c18274b7a19852dacf7c4164f78d820b,45936507,217,2026-05-13,,,1553,1731,0,,,,1
modify,0x1fe14350e72ed606c8850a16d91d5500c18274b7a19852dacf7c4164f78d820b,45936908,476,2026-05-13,,,1604,1732,-12568880431,,,,1
modify,0x1fe14350e72ed606c8850a16d91d5500c18274b7a19852dacf7c4164f78d820b,45938944,77,2026-05-13,,,1518,1711,89925604669,,,,1
modify,0x1fe14350e72ed606c8850a16d91d5500c18274b7a19852dacf7c4164f78d820b,45942695,567,2026-05-13,,,1591,1611,-268750521710,,,,1
modify,0x1fe14350e72ed606c8850a16d91d5500c18274b7a19852dacf7c4164f78d820b,45944543,413,2026-05-13,,,1593,1613,-183273848778,,,,1
modify,0x1fe14350e72ed606c8850a16d91d5500c18274b7a19852dacf7c4164f78d820b,45944627,580,2026-05-13,,,1563,1583,182115490974,,,,1
modify,0x1fe14350e72ed606c8850a16d91d5500c18274b7a19852dacf7c4164f78d820b,45946058,433,2026-05-13,,,1570,1590,177457192438,,,,1
modify,0x1fe14350e72ed606c8850a16d91d5500c18274b7a19852dacf7c4164f78d820b,45946296,527,2026-05-13,,,1518,1711,96988755630,,,,1
modify,0x1fe14350e72ed606c8850a16d91d5500c18274b7a19852dacf7c4164f78d820b,45946359,398,2026-05-13,,,1518,1711,2555545180,,,,1
modify,0x1fe14350e72ed606c8850a16d91d5500c18274b7a19852dacf7c4164f78d820b,45946424,183,2026-05-13,,,1570,1590,-177457192438,,,,1
modify,0x1fe14350e72ed606c8850a16d91d5500c18274b7a19852dacf7c4164f78d820b,45949697,611,2026-05-13,,,1571,1591,459211849770,,,,1
modify,0x1fe14350e72ed606c8850a16d91d5500c18274b7a19852dacf7c4164f78d820b,45949742,562,2026-05-13,,,1563,1583,-182115490974,,,,1
modify,0x1fe14350e72ed606c8850a16d91d5500c18274b7a19852dacf7c4164f78d820b,45949986,442,2026-05-13,,,1570,1590,183915881231,,,,1
modify,0x1fe14350e72ed606c8850a16d91d5500c18274b7a19852dacf7c4164f78d820b,45952626,385,2026-05-13,,,1574,1592,4336264215129,,,,1
modify,0x1fe14350e72ed606c8850a16d91d5500c18274b7a19852dacf7c4164f78d820b,45952826,179,2026-05-13,,,1571,1591,-459211849770,,,,1
modify,0x1fe14350e72ed606c8850a16d91d5500c18274b7a19852dacf7c4164f78d820b,45952948,3083,2026-05-13,,,1570,1580,918352199295,,,,1
modify,0x1fe14350e72ed606c8850a16d91d5500c18274b7a19852dacf7c4164f78d820b,45954930,371,2026-05-13,,,1525,1581,364493784244,,,,1
modify,0x1fe14350e72ed606c8850a16d91d5500c18274b7a19852dacf7c4164f78d820b,45955740,453,2026-05-13,,,1570,1580,-918352199295,,,,1
modify,0x1fe14350e72ed606c8850a16d91d5500c18274b7a19852dacf7c4164f78d820b,45955848,383,2026-05-13,,,1575,1585,911240728342,,,,1
modify,0x1fe14350e72ed606c8850a16d91d5500c18274b7a19852dacf7c4164f78d820b,45957156,321,2026-05-13,,,1570,1590,-183915881231,,,,1
modify,0x1fe14350e72ed606c8850a16d91d5500c18274b7a19852dacf7c4164f78d820b,45959126,314,2026-05-13,,,1525,1581,-364493784244,,,,1
modify,0x1fe14350e72ed606c8850a16d91d5500c18274b7a19852dacf7c4164f78d820b,45961863,250,2026-05-13,,,1575,1585,-911240728342,,,,1
modify,0x1fe14350e72ed606c8850a16d91d5500c18274b7a19852dacf7c4164f78d820b,45962074,485,2026-05-13,,,1580,1591,830460519950,,,,1
modify,0x1fe14350e72ed606c8850a16d91d5500c18274b7a19852dacf7c4164f78d820b,45966102,85,2026-05-13,,,1580,1591,-830460519950,,,,1
modify,0x1fe14350e72ed606c8850a16d91d5500c18274b7a19852dacf7c4164f78d820b,45966506,447,2026-05-13,,,1579,1588,987865948241,,,,1
modify,0x1fe14350e72ed606c8850a16d91d5500c18274b7a19852dacf7c4164f78d820b,45968860,476,2026-05-13,,,1579,1588,-987865948241,,,,1
modify,0x1fe14350e72ed606c8850a16d91d5500c18274b7a19852dacf7c4164f78d820b,45968999,364,2026-05-13,,,1576,1585,1009370110632,,,,1
price,0x1fe14350e72ed606c8850a16d91d5500c18274b7a19852dacf7c4164f78d820b,45974431,1295,2026-05-13,,,,,,85741645085035573218735859509,1580,9998426486209,1223
modify,0x1fe14350e72ed606c8850a16d91d5500c18274b7a19852dacf7c4164f78d820b,45978662,200,2026-05-14,,,1553,1685,0,,,,1
modify,0x1fe14350e72ed606c8850a16d91d5500c18274b7a19852dacf7c4164f78d820b,45978701,244,2026-05-14,,,1553,1731,0,,,,1
modify,0x1fe14350e72ed606c8850a16d91d5500c18274b7a19852dacf7c4164f78d820b,45981490,396,2026-05-14,,,1558,1597,975781147500,,,,1
modify,0x1fe14350e72ed606c8850a16d91d5500c18274b7a19852dacf7c4164f78d820b,45984675,425,2026-05-14,,,1570,1575,4233880112302,,,,1
modify,0x1fe14350e72ed606c8850a16d91d5500c18274b7a19852dacf7c4164f78d820b,45984960,221,2026-05-14,,,1576,1585,-1009370110632,,,,1
modify,0x1fe14350e72ed606c8850a16d91d5500c18274b7a19852dacf7c4164f78d820b,45985121,570,2026-05-14,,,1567,1576,986100525935,,,,1
modify,0x1fe14350e72ed606c8850a16d91d5500c18274b7a19852dacf7c4164f78d820b,45986829,503,2026-05-14,,,1570,1575,-4233880112302,,,,1
modify,0x1fe14350e72ed606c8850a16d91d5500c18274b7a19852dacf7c4164f78d820b,45986917,533,2026-05-14,,,1567,1571,4970756359037,,,,1
modify,0x1fe14350e72ed606c8850a16d91d5500c18274b7a19852dacf7c4164f78d820b,45987826,886,2026-05-14,,,1567,1576,-986100525935,,,,1
modify,0x1fe14350e72ed606c8850a16d91d5500c18274b7a19852dacf7c4164f78d820b,45987874,204,2026-05-14,,,1567,1571,-4970756359037,,,,1
modify,0x1fe14350e72ed606c8850a16d91d5500c18274b7a19852dacf7c4164f78d820b,45987956,186,2026-05-14,,,1555,1573,505133865343,,,,1
modify,0x1fe14350e72ed606c8850a16d91d5500c18274b7a19852dacf7c4164f78d820b,45987957,506,2026-05-14,,,1562,1566,5219862964913,,,,1
modify,0x1fe14350e72ed606c8850a16d91d5500c18274b7a19852dacf7c4164f78d820b,45988041,742,2026-05-14,,,1555,1573,-505133865343,,,,1
modify,0x1fe14350e72ed606c8850a16d91d5500c18274b7a19852dacf7c4164f78d820b,45988443,542,2026-05-14,,,1562,1566,-5219862964913,,,,1
modify,0x1fe14350e72ed606c8850a16d91d5500c18274b7a19852dacf7c4164f78d820b,45988512,114,2026-05-14,,,1561,1567,3199613511829,,,,1
modify,0x1fe14350e72ed606c8850a16d91d5500c18274b7a19852dacf7c4164f78d820b,45988825,244,2026-05-14,,,1557,1567,842028964199,,,,1
modify,0x1fe14350e72ed606c8850a16d91d5500c18274b7a19852dacf7c4164f78d820b,45989129,714,2026-05-14,,,1558,1597,-975781147500,,,,1
modify,0x1fe14350e72ed606c8850a16d91d5500c18274b7a19852dacf7c4164f78d820b,45989362,391,2026-05-14,,,1541,1591,924048576524,,,,1
modify,0x1fe14350e72ed606c8850a16d91d5500c18274b7a19852dacf7c4164f78d820b,45989574,104,2026-05-14,,,1557,1567,-842028964199,,,,1
modify,0x1fe14350e72ed606c8850a16d91d5500c18274b7a19852dacf7c4164f78d820b,45990448,162,2026-05-14,,,1560,1572,746337750452,,,,1
modify,0x1fe14350e72ed606c8850a16d91d5500c18274b7a19852dacf7c4164f78d820b,45990463,572,2026-05-14,,,1574,1592,-4336264215129,,,,1
modify,0x1fe14350e72ed606c8850a16d91d5500c18274b7a19852dacf7c4164f78d820b,45990675,757,2026-05-14,,,1561,1567,-3199613511829,,,,1
modify,0x1fe14350e72ed606c8850a16d91d5500c18274b7a19852dacf7c4164f78d820b,45990699,158,2026-05-14,,,1552,1559,2840818018130,,,,1
modify,0x1fe14350e72ed606c8850a16d91d5500c18274b7a19852dacf7c4164f78d820b,45990830,495,2026-05-14,,,1544,1568,19278287112425,,,,1
modify,0x1fe14350e72ed606c8850a16d91d5500c18274b7a19852dacf7c4164f78d820b,45990859,528,2026-05-14,,,1560,1572,-746337750452,,,,1
modify,0x1fe14350e72ed606c8850a16d91d5500c18274b7a19852dacf7c4164f78d820b,45991074,127,2026-05-14,,,1552,1559,-2840818018130,,,,1
modify,0x1fe14350e72ed606c8850a16d91d5500c18274b7a19852dacf7c4164f78d820b,45991113,105,2026-05-14,,,1546,1553,3035482520559,,,,1
modify,0x1fe14350e72ed606c8850a16d91d5500c18274b7a19852dacf7c4164f78d820b,45991424,615,2026-05-14,,,1532,1711,23664434290,,,,1
modify,0x1fe14350e72ed606c8850a16d91d5500c18274b7a19852dacf7c4164f78d820b,45993617,519,2026-05-14,,,1541,1591,-924048576524,,,,1
modify,0x1fe14350e72ed606c8850a16d91d5500c18274b7a19852dacf7c4164f78d820b,45993793,17,2026-05-14,,,1536,1562,1759953945927,,,,1
modify,0x1fe14350e72ed606c8850a16d91d5500c18274b7a19852dacf7c4164f78d820b,45994685,278,2026-05-14,,,1524,1616,2916858519159,,,,1
modify,0x1fe14350e72ed606c8850a16d91d5500c18274b7a19852dacf7c4164f78d820b,45995413,269,2026-05-14,,,1546,1553,-3035482520559,,,,1
modify,0x1fe14350e72ed606c8850a16d91d5500c18274b7a19852dacf7c4164f78d820b,45995449,569,2026-05-14,,,1551,1558,2978052450228,,,,1
modify,0x1fe14350e72ed606c8850a16d91d5500c18274b7a19852dacf7c4164f78d820b,45997014,663,2026-05-14,,,1551,1555,1084647579939,,,,1
modify,0x1fe14350e72ed606c8850a16d91d5500c18274b7a19852dacf7c4164f78d820b,46000580,331,2026-05-14,,,1551,1558,-2978052450228,,,,1
modify,0x1fe14350e72ed606c8850a16d91d5500c18274b7a19852dacf7c4164f78d820b,46000595,120,2026-05-14,,,1542,1549,3153273667958,,,,1
modify,0x1fe14350e72ed606c8850a16d91d5500c18274b7a19852dacf7c4164f78d820b,46001390,589,2026-05-14,,,1551,1555,-1084647579939,,,,1
modify,0x1fe14350e72ed606c8850a16d91d5500c18274b7a19852dacf7c4164f78d820b,46001573,671,2026-05-14,,,1544,1549,914515844257,,,,1
modify,0x1fe14350e72ed606c8850a16d91d5500c18274b7a19852dacf7c4164f78d820b,46004668,408,2026-05-14,,,1536,1562,-1759953945927,,,,1
modify,0x1fe14350e72ed606c8850a16d91d5500c18274b7a19852dacf7c4164f78d820b,46004710,300,2026-05-14,,,1546,1551,1761273445329,,,,1
modify,0x1fe14350e72ed606c8850a16d91d5500c18274b7a19852dacf7c4164f78d820b,46004735,175,2026-05-14,,,1539,1559,2242431234693,,,,1
modify,0x1fe14350e72ed606c8850a16d91d5500c18274b7a19852dacf7c4164f78d820b,46005663,460,2026-05-14,,,1546,1551,-1761273445329,,,,1
modify,0x1fe14350e72ed606c8850a16d91d5500c18274b7a19852dacf7c4164f78d820b,46006023,28,2026-05-14,,,1544,1549,-914515844257,,,,1
modify,0x1fe14350e72ed606c8850a16d91d5500c18274b7a19852dacf7c4164f78d820b,46006662,505,2026-05-14,,,1542,1549,-3153273667958,,,,1
modify,0x1fe14350e72ed606c8850a16d91d5500c18274b7a19852dacf7c4164f78d820b,46006694,225,2026-05-14,,,1539,1543,5478641375141,,,,1
modify,0x1fe14350e72ed606c8850a16d91d5500c18274b7a19852dacf7c4164f78d820b,46007140,308,2026-05-14,,,1535,1543,571382337419,,,,1
modify,0x1fe14350e72ed606c8850a16d91d5500c18274b7a19852dacf7c4164f78d820b,46007222,555,2026-05-14,,,1539,1559,-2242431234693,,,,1
modify,0x1fe14350e72ed606c8850a16d91d5500c18274b7a19852dacf7c4164f78d820b,46007385,857,2026-05-14,,,1513,1565,871373958316,,,,1
modify,0x1fe14350e72ed606c8850a16d91d5500c18274b7a19852dacf7c4164f78d820b,46008504,127,2026-05-14,,,1526,1541,580885790231,,,,1
modify,0x1fe14350e72ed606c8850a16d91d5500c18274b7a19852dacf7c4164f78d820b,46009228,716,2026-05-14,,,1539,1543,-5478641375141,,,,1
modify,0x1fe14350e72ed606c8850a16d91d5500c18274b7a19852dacf7c4164f78d820b,46009256,330,2026-05-14,,,1532,1536,4868738352476,,,,1
modify,0x1fe14350e72ed606c8850a16d91d5500c18274b7a19852dacf7c4164f78d820b,46010229,557,2026-05-14,,,1535,1543,-571382337419,,,,1
modify,0x1fe14350e72ed606c8850a16d91d5500c18274b7a19852dacf7c4164f78d820b,46010293,158,2026-05-14,,,1532,1536,-4868738352476,,,,1
modify,0x1fe14350e72ed606c8850a16d91d5500c18274b7a19852dacf7c4164f78d820b,46010319,144,2026-05-14,,,1528,1533,4310285578933,,,,1
modify,0x1fe14350e72ed606c8850a16d91d5500c18274b7a19852dacf7c4164f78d820b,46010947,264,2026-05-14,,,1528,1533,-4310285578933,,,,1
modify,0x1fe14350e72ed606c8850a16d91d5500c18274b7a19852dacf7c4164f78d820b,46010977,87,2026-05-14,,,1524,1531,2966364018055,,,,1
modify,0x1fe14350e72ed606c8850a16d91d5500c18274b7a19852dacf7c4164f78d820b,46010979,346,2026-05-14,,,1519,1537,248494183906,,,,1
modify,0x1fe14350e72ed606c8850a16d91d5500c18274b7a19852dacf7c4164f78d820b,46011124,218,2026-05-14,,,1526,1541,-580885790231,,,,1
modify,0x1fe14350e72ed606c8850a16d91d5500c18274b7a19852dacf7c4164f78d820b,46011244,352,2026-05-14,,,1523,1535,750406165169,,,,1
modify,0x1fe14350e72ed606c8850a16d91d5500c18274b7a19852dacf7c4164f78d820b,46011760,252,2026-05-14,,,1510,1708,1035916271,,,,1
modify,0x1fe14350e72ed606c8850a16d91d5500c18274b7a19852dacf7c4164f78d820b,46012106,529,2026-05-14,,,1510,1708,-1035916271,,,,1
modify,0x1fe14350e72ed606c8850a16d91d5500c18274b7a19852dacf7c4164f78d820b,46012143,215,2026-05-14,,,1523,1535,-750406165169,,,,1
modify,0x1fe14350e72ed606c8850a16d91d5500c18274b7a19852dacf7c4164f78d820b,46012381,611,2026-05-14,,,1524,1544,458232601087,,,,1
modify,0x1fe14350e72ed606c8850a16d91d5500c18274b7a19852dacf7c4164f78d820b,46013023,181,2026-05-14,,,1510,1711,521005340,,,,1
modify,0x1fe14350e72ed606c8850a16d91d5500c18274b7a19852dacf7c4164f78d820b,46013177,594,2026-05-14,,,1510,1711,1146417081,,,,1
modify,0x1fe14350e72ed606c8850a16d91d5500c18274b7a19852dacf7c4164f78d820b,46013657,302,2026-05-14,,,1524,1531,-2966364018055,,,,1
modify,0x1fe14350e72ed606c8850a16d91d5500c18274b7a19852dacf7c4164f78d820b,46013728,130,2026-05-14,,,1530,1533,5640895590214,,,,1
modify,0x1fe14350e72ed606c8850a16d91d5500c18274b7a19852dacf7c4164f78d820b,46013839,699,2026-05-14,,,1524,1544,-458232601087,,,,1
modify,0x1fe14350e72ed606c8850a16d91d5500c18274b7a19852dacf7c4164f78d820b,46013841,305,2026-05-14,,,1530,1533,-5640895590214,,,,1
modify,0x1fe14350e72ed606c8850a16d91d5500c18274b7a19852dacf7c4164f78d820b,46013866,274,2026-05-14,,,1516,1550,650328564065,,,,1
modify,0x1fe14350e72ed606c8850a16d91d5500c18274b7a19852dacf7c4164f78d820b,46013958,126,2026-05-14,,,1524,1540,540070356487,,,,1
modify,0x1fe14350e72ed606c8850a16d91d5500c18274b7a19852dacf7c4164f78d820b,46014263,45,2026-05-14,,,1519,1537,-248494183906,,,,1
price,0x1fe14350e72ed606c8850a16d91d5500c18274b7a19852dacf7c4164f78d820b,46017706,226,2026-05-14,,,,,,85470309541143059233638163401,1516,4140624919333,1901
modify,0x1fe14350e72ed606c8850a16d91d5500c18274b7a19852dacf7c4164f78d820b,46018733,6,2026-05-15,,,1544,1568,-19278287112425,,,,1
modify,0x1fe14350e72ed606c8850a16d91d5500c18274b7a19852dacf7c4164f78d820b,46019757,139,2026-05-15,,,1516,1530,27302570816017,,,,1
modify,0x1fe14350e72ed606c8850a16d91d5500c18274b7a19852dacf7c4164f78d820b,46021332,31,2026-05-15,,,1513,1565,-871373958316,,,,1
modify,0x1fe14350e72ed606c8850a16d91d5500c18274b7a19852dacf7c4164f78d820b,46023506,465,2026-05-15,,,1511,1711,-2947938494,,,,1
modify,0x1fe14350e72ed606c8850a16d91d5500c18274b7a19852dacf7c4164f78d820b,46023569,163,2026-05-15,,,1516,1530,-27302570816017,,,,1
modify,0x1fe14350e72ed606c8850a16d91d5500c18274b7a19852dacf7c4164f78d820b,46023583,451,2026-05-15,,,1310,1703,35177874603,,,,1
modify,0x1fe14350e72ed606c8850a16d91d5500c18274b7a19852dacf7c4164f78d820b,46023826,55,2026-05-15,,,1446,1712,2138309036,,,,1
modify,0x1fe14350e72ed606c8850a16d91d5500c18274b7a19852dacf7c4164f78d820b,46023871,226,2026-05-15,,,1446,1712,243210637,,,,1
modify,0x1fe14350e72ed606c8850a16d91d5500c18274b7a19852dacf7c4164f78d820b,46024009,385,2026-05-15,,,1446,1712,106154879,,,,1
modify,0x1fe14350e72ed606c8850a16d91d5500c18274b7a19852dacf7c4164f78d820b,46024489,239,2026-05-15,,,1505,1517,24602251765119,,,,1
modify,0x1fe14350e72ed606c8850a16d91d5500c18274b7a19852dacf7c4164f78d820b,46025355,456,2026-05-15,,,1410,1610,396374470471,,,,1
modify,0x1fe14350e72ed606c8850a16d91d5500c18274b7a19852dacf7c4164f78d820b,46027066,261,2026-05-15,,,1490,1560,665137828601,,,,1
modify,0x1fe14350e72ed606c8850a16d91d5500c18274b7a19852dacf7c4164f78d820b,46027639,546,2026-05-15,,,1588,1688,-1595324673136,,,,1
modify,0x1fe14350e72ed606c8850a16d91d5500c18274b7a19852dacf7c4164f78d820b,46027681,433,2026-05-15,,,1524,1616,-2916858519159,,,,1
modify,0x1fe14350e72ed606c8850a16d91d5500c18274b7a19852dacf7c4164f78d820b,46028030,535,2026-05-15,,,1505,1517,-24602251765119,,,,1
modify,0x1fe14350e72ed606c8850a16d91d5500c18274b7a19852dacf7c4164f78d820b,46028317,230,2026-05-15,,,1524,1540,-540070356487,,,,1
modify,0x1fe14350e72ed606c8850a16d91d5500c18274b7a19852dacf7c4164f78d820b,46028380,344,2026-05-15,,,1516,1550,-650328564065,,,,1
modify,0x1fe14350e72ed606c8850a16d91d5500c18274b7a19852dacf7c4164f78d820b,46028435,232,2026-05-15,,,1507,1518,2002650742667,,,,1
modify,0x1fe14350e72ed606c8850a16d91d5500c18274b7a19852dacf7c4164f78d820b,46028538,303,2026-05-15,,,1503,1523,438206300090,,,,1
modify,0x1fe14350e72ed606c8850a16d91d5500c18274b7a19852dacf7c4164f78d820b,46030351,419,2026-05-15,,,1532,1711,-31483940813,,,,1
modify,0x1fe14350e72ed606c8850a16d91d5500c18274b7a19852dacf7c4164f78d820b,46030904,133,2026-05-15,,,1351,1817,14021961749,,,,1
modify,0x1fe14350e72ed606c8850a16d91d5500c18274b7a19852dacf7c4164f78d820b,46032138,247,2026-05-15,,,1507,1518,-2002650742667,,,,1
modify,0x1fe14350e72ed606c8850a16d91d5500c18274b7a19852dacf7c4164f78d820b,46032180,146,2026-05-15,,,1501,1507,3340196809887,,,,1
modify,0x1fe14350e72ed606c8850a16d91d5500c18274b7a19852dacf7c4164f78d820b,46032861,604,2026-05-15,,,1501,1507,-3340196809887,,,,1
modify,0x1fe14350e72ed606c8850a16d91d5500c18274b7a19852dacf7c4164f78d820b,46032881,1163,2026-05-15,,,1510,1516,3453025241391,,,,1
modify,0x1fe14350e72ed606c8850a16d91d5500c18274b7a19852dacf7c4164f78d820b,46032912,79,2026-05-15,,,1510,1516,272934743569,,,,1
modify,0x1fe14350e72ed606c8850a16d91d5500c18274b7a19852dacf7c4164f78d820b,46033366,0,2026-05-15,,,1510,1711,-1667422421,,,,1
modify,0x1fe14350e72ed606c8850a16d91d5500c18274b7a19852dacf7c4164f78d820b,46033670,639,2026-05-15,,,1490,1560,-665137828601,,,,1
modify,0x1fe14350e72ed606c8850a16d91d5500c18274b7a19852dacf7c4164f78d820b,46033671,475,2026-05-15,,,1510,1516,-3725959984960,,,,1
modify,0x1fe14350e72ed606c8850a16d91d5500c18274b7a19852dacf7c4164f78d820b,46033699,540,2026-05-15,,,1501,1511,2218594597102,,,,1
modify,0x1fe14350e72ed606c8850a16d91d5500c18274b7a19852dacf7c4164f78d820b,46035279,338,2026-05-15,,,1503,1523,-438206300090,,,,1
modify,0x1fe14350e72ed606c8850a16d91d5500c18274b7a19852dacf7c4164f78d820b,46035350,532,2026-05-15,,,1495,1515,452098020260,,,,1
modify,0x1fe14350e72ed606c8850a16d91d5500c18274b7a19852dacf7c4164f78d820b,46036235,451,2026-05-15,,,1456,1556,469015783209,,,,1
modify,0x1fe14350e72ed606c8850a16d91d5500c18274b7a19852dacf7c4164f78d820b,46036864,285,2026-05-15,,,1407,1607,4713406558,,,,1
modify,0x1fe14350e72ed606c8850a16d91d5500c18274b7a19852dacf7c4164f78d820b,46037070,499,2026-05-15,,,1407,1607,445796551803,,,,1
modify,0x1fe14350e72ed606c8850a16d91d5500c18274b7a19852dacf7c4164f78d820b,46037925,133,2026-05-15,,,1501,1511,-2218594597102,,,,1
modify,0x1fe14350e72ed606c8850a16d91d5500c18274b7a19852dacf7c4164f78d820b,46037971,274,2026-05-15,,,1507,1518,1914348223158,,,,1
modify,0x1fe14350e72ed606c8850a16d91d5500c18274b7a19852dacf7c4164f78d820b,46038289,547,2026-05-15,,,1518,1711,-89925604669,,,,1
modify,0x1fe14350e72ed606c8850a16d91d5500c18274b7a19852dacf7c4164f78d820b,46038657,124,2026-05-15,,,1441,1655,79794745036,,,,1
modify,0x1fe14350e72ed606c8850a16d91d5500c18274b7a19852dacf7c4164f78d820b,46039662,439,2026-05-15,,,1507,1518,-1914348223158,,,,1
modify,0x1fe14350e72ed606c8850a16d91d5500c18274b7a19852dacf7c4164f78d820b,46039712,366,2026-05-15,,,1500,1511,2016969434655,,,,1
modify,0x1fe14350e72ed606c8850a16d91d5500c18274b7a19852dacf7c4164f78d820b,46044687,358,2026-05-15,,,1518,1711,0,,,,1
modify,0x1fe14350e72ed606c8850a16d91d5500c18274b7a19852dacf7c4164f78d820b,46044687,365,2026-05-15,,,1518,1711,-99544300810,,,,1
modify,0x1fe14350e72ed606c8850a16d91d5500c18274b7a19852dacf7c4164f78d820b,46044687,395,2026-05-15,,,1472,1692,87066089929,,,,1
modify,0x1fe14350e72ed606c8850a16d91d5500c18274b7a19852dacf7c4164f78d820b,46044715,73,2026-05-15,,,1472,1692,106496675,,,,1
modify,0x1fe14350e72ed606c8850a16d91d5500c18274b7a19852dacf7c4164f78d820b,46044730,445,2026-05-15,,,1371,1664,13565621298,,,,1
modify,0x1fe14350e72ed606c8850a16d91d5500c18274b7a19852dacf7c4164f78d820b,46044764,395,2026-05-15,,,1371,1664,27234479396,,,,1
modify,0x1fe14350e72ed606c8850a16d91d5500c18274b7a19852dacf7c4164f78d820b,46044855,128,2026-05-15,,,1497,1506,42110592113959,,,,1
modify,0x1fe14350e72ed606c8850a16d91d5500c18274b7a19852dacf7c4164f78d820b,46044877,367,2026-05-15,,,1497,1506,-42110592113959,,,,1
modify,0x1fe14350e72ed606c8850a16d91d5500c18274b7a19852dacf7c4164f78d820b,46047060,393,2026-05-15,,,1500,1511,-2016969434655,,,,1
modify,0x1fe14350e72ed606c8850a16d91d5500c18274b7a19852dacf7c4164f78d820b,46047111,408,2026-05-15,,,1501,1505,5600929701522,,,,1
modify,0x1fe14350e72ed606c8850a16d91d5500c18274b7a19852dacf7c4164f78d820b,46047682,122,2026-05-15,,,1495,1515,-452098020260,,,,1
modify,0x1fe14350e72ed606c8850a16d91d5500c18274b7a19852dacf7c4164f78d820b,46048020,147,2026-05-15,,,1498,1509,827087876257,,,,1
modify,0x1fe14350e72ed606c8850a16d91d5500c18274b7a19852dacf7c4164f78d820b,46051135,333,2026-05-15,,,1403,1603,1813706827,,,,1
modify,0x1fe14350e72ed606c8850a16d91d5500c18274b7a19852dacf7c4164f78d820b,46054011,452,2026-05-15,,,1456,1556,-469015783209,,,,1
modify,0x1fe14350e72ed606c8850a16d91d5500c18274b7a19852dacf7c4164f78d820b,46054068,317,2026-05-15,,,1494,1514,2347241582972,,,,1
price,0x1fe14350e72ed606c8850a16d91d5500c18274b7a19852dacf7c4164f78d820b,46060912,280,2026-05-15,,,,,,85411976142136858433287041071,1503,12021494192923,1088
modify,0x1fe14350e72ed606c8850a16d91d5500c18274b7a19852dacf7c4164f78d820b,46064665,444,2026-05-16,,,1494,1514,-2347241582972,,,,1
modify,0x1fe14350e72ed606c8850a16d91d5500c18274b7a19852dacf7c4164f78d820b,46064760,26,2026-05-16,,,1489,1510,2261916043578,,,,1
modify,0x1fe14350e72ed606c8850a16d91d5500c18274b7a19852dacf7c4164f78d820b,46066767,460,2026-05-16,,,1371,1664,72996562033,,,,1
modify,0x1fe14350e72ed606c8850a16d91d5500c18274b7a19852dacf7c4164f78d820b,46069471,2,2026-05-16,,,1310,1703,-35177874603,,,,1
modify,0x1fe14350e72ed606c8850a16d91d5500c18274b7a19852dacf7c4164f78d820b,46071518,285,2026-05-16,,,1501,1505,-5600929701522,,,,1
modify,0x1fe14350e72ed606c8850a16d91d5500c18274b7a19852dacf7c4164f78d820b,46071852,280,2026-05-16,,,1496,1501,3847702255055,,,,1
modify,0x1fe14350e72ed606c8850a16d91d5500c18274b7a19852dacf7c4164f78d820b,46072889,123,2026-05-16,,,1498,1509,-827087876257,,,,1
modify,0x1fe14350e72ed606c8850a16d91d5500c18274b7a19852dacf7c4164f78d820b,46073156,12,2026-05-16,,,1511,1711,0,,,,1
modify,0x1fe14350e72ed606c8850a16d91d5500c18274b7a19852dacf7c4164f78d820b,46073241,285,2026-05-16,,,1494,1504,846254101454,,,,1
modify,0x1fe14350e72ed606c8850a16d91d5500c18274b7a19852dacf7c4164f78d820b,46074280,372,2026-05-16,,,1492,1510,10777597378419,,,,1
modify,0x1fe14350e72ed606c8850a16d91d5500c18274b7a19852dacf7c4164f78d820b,46075667,253,2026-05-16,,,1494,1504,-846254101454,,,,1
modify,0x1fe14350e72ed606c8850a16d91d5500c18274b7a19852dacf7c4164f78d820b,46076161,373,2026-05-16,,,1494,1498,2123229244355,,,,1
modify,0x1fe14350e72ed606c8850a16d91d5500c18274b7a19852dacf7c4164f78d820b,46076499,3,2026-05-16,,,1496,1497,52472364990193,,,,1
modify,0x1fe14350e72ed606c8850a16d91d5500c18274b7a19852dacf7c4164f78d820b,46076573,184,2026-05-16,,,1494,1498,-2123229244355,,,,1
modify,0x1fe14350e72ed606c8850a16d91d5500c18274b7a19852dacf7c4164f78d820b,46076657,942,2026-05-16,,,1495,1501,1538408571912,,,,1
modify,0x1fe14350e72ed606c8850a16d91d5500c18274b7a19852dacf7c4164f78d820b,46076730,594,2026-05-16,,,1496,1497,-52472364990193,,,,1
modify,0x1fe14350e72ed606c8850a16d91d5500c18274b7a19852dacf7c4164f78d820b,46079069,231,2026-05-16,,,1466,1522,2517170767071,,,,1
modify,0x1fe14350e72ed606c8850a16d91d5500c18274b7a19852dacf7c4164f78d820b,46079134,376,2026-05-16,,,1466,1522,5526679122851,,,,1
modify,0x1fe14350e72ed606c8850a16d91d5500c18274b7a19852dacf7c4164f78d820b,46080678,410,2026-05-16,,,1495,1501,-1538408571912,,,,1
modify,0x1fe14350e72ed606c8850a16d91d5500c18274b7a19852dacf7c4164f78d820b,46080742,131,2026-05-16,,,1496,1500,2334270945892,,,,1
modify,0x1fe14350e72ed606c8850a16d91d5500c18274b7a19852dacf7c4164f78d820b,46083070,262,2026-05-16,,,1496,1500,-2334270945892,,,,1
modify,0x1fe14350e72ed606c8850a16d91d5500c18274b7a19852dacf7c4164f78d820b,46083196,63,2026-05-16,,,1347,1947,-39280822614,,,,1
modify,0x1fe14350e72ed606c8850a16d91d5500c18274b7a19852dacf7c4164f78d820b,46083890,386,2026-05-16,,,1497,1500,2828302520819,,,,1
modify,0x1fe14350e72ed606c8850a16d91d5500c18274b7a19852dacf7c4164f78d820b,46089910,286,2026-05-16,,,1489,1510,-2261916043578,,,,1
modify,0x1fe14350e72ed606c8850a16d91d5500c18274b7a19852dacf7c4164f78d820b,46089990,1,2026-05-16,,,1489,1509,2235091206945,,,,1
modify,0x1fe14350e72ed606c8850a16d91d5500c18274b7a19852dacf7c4164f78d820b,46094830,293,2026-05-16,,,1489,1509,-2235091206945,,,,1
modify,0x1fe14350e72ed606c8850a16d91d5500c18274b7a19852dacf7c4164f78d820b,46094883,35,2026-05-16,,,1491,1505,3170566044940,,,,1
modify,0x1fe14350e72ed606c8850a16d91d5500c18274b7a19852dacf7c4164f78d820b,46095646,123,2026-05-16,,,1497,1500,-2828302520819,,,,1
modify,0x1fe14350e72ed606c8850a16d91d5500c18274b7a19852dacf7c4164f78d820b,46095971,746,2026-05-16,,,1496,1499,2881268947010,,,,1
modify,0x1fe14350e72ed606c8850a16d91d5500c18274b7a19852dacf7c4164f78d820b,46102008,228,2026-05-16,,,1492,1510,-10777597378419,,,,1
modify,0x1fe14350e72ed606c8850a16d91d5500c18274b7a19852dacf7c4164f78d820b,46102190,406,2026-05-16,,,1498,1500,77903175514148,,,,1
modify,0x1fe14350e72ed606c8850a16d91d5500c18274b7a19852dacf7c4164f78d820b,46102664,355,2026-05-16,,,1491,1505,-3170566044940,,,,1
price,0x1fe14350e72ed606c8850a16d91d5500c18274b7a19852dacf7c4164f78d820b,46103985,118,2026-05-16,,,,,,85394248301564758944626077270,1499,93039500556113,862
modify,0x1fe14350e72ed606c8850a16d91d5500c18274b7a19852dacf7c4164f78d820b,46111842,227,2026-05-17,,,1553,1685,-562470149420,,,,1
modify,0x1fe14350e72ed606c8850a16d91d5500c18274b7a19852dacf7c4164f78d820b,46112688,769,2026-05-17,,,1496,1499,-2881268947010,,,,1
modify,0x1fe14350e72ed606c8850a16d91d5500c18274b7a19852dacf7c4164f78d820b,46112788,354,2026-05-17,,,1498,1500,-77903175514148,,,,1
modify,0x1fe14350e72ed606c8850a16d91d5500c18274b7a19852dacf7c4164f78d820b,46113065,380,2026-05-17,,,1497,1503,1485019623560,,,,1
modify,0x1fe14350e72ed606c8850a16d91d5500c18274b7a19852dacf7c4164f78d820b,46116654,488,2026-05-17,,,1496,1501,-3847702255055,,,,1
modify,0x1fe14350e72ed606c8850a16d91d5500c18274b7a19852dacf7c4164f78d820b,46116691,442,2026-05-17,,,1500,1504,4999553946952,,,,1
modify,0x1fe14350e72ed606c8850a16d91d5500c18274b7a19852dacf7c4164f78d820b,46117404,243,2026-05-17,,,1410,1610,-396374470471,,,,1
modify,0x1fe14350e72ed606c8850a16d91d5500c18274b7a19852dacf7c4164f78d820b,46121950,468,2026-05-17,,,1499,1504,13361287928806,,,,1
modify,0x1fe14350e72ed606c8850a16d91d5500c18274b7a19852dacf7c4164f78d820b,46122327,951,2026-05-17,,,1497,1503,-1485019623560,,,,1
modify,0x1fe14350e72ed606c8850a16d91d5500c18274b7a19852dacf7c4164f78d820b,46122524,476,2026-05-17,,,1499,1503,2337085622909,,,,1
modify,0x1fe14350e72ed606c8850a16d91d5500c18274b7a19852dacf7c4164f78d820b,46127415,407,2026-05-17,,,1499,1503,-2337085622909,,,,1
modify,0x1fe14350e72ed606c8850a16d91d5500c18274b7a19852dacf7c4164f78d820b,46128000,688,2026-05-17,,,1500,1504,2170777215485,,,,1
modify,0x1fe14350e72ed606c8850a16d91d5500c18274b7a19852dacf7c4164f78d820b,46129349,229,2026-05-17,,,1499,1504,-13361287928806,,,,1
modify,0x1fe14350e72ed606c8850a16d91d5500c18274b7a19852dacf7c4164f78d820b,46130934,429,2026-05-17,,,1500,1504,-2170777215485,,,,1
modify,0x1fe14350e72ed606c8850a16d91d5500c18274b7a19852dacf7c4164f78d820b,46131037,220,2026-05-17,,,1500,1509,1003001627015,,,,1
modify,0x1fe14350e72ed606c8850a16d91d5500c18274b7a19852dacf7c4164f78d820b,46131129,336,2026-05-17,,,1500,1504,-4999553946952,,,,1
modify,0x1fe14350e72ed606c8850a16d91d5500c18274b7a19852dacf7c4164f78d820b,46131155,633,2026-05-17,,,1502,1507,3683814313070,,,,1
modify,0x1fe14350e72ed606c8850a16d91d5500c18274b7a19852dacf7c4164f78d820b,46131553,350,2026-05-17,,,1500,1509,-1003001627015,,,,1
modify,0x1fe14350e72ed606c8850a16d91d5500c18274b7a19852dacf7c4164f78d820b,46131690,586,2026-05-17,,,1501,1507,1421672883715,,,,1
modify,0x1fe14350e72ed606c8850a16d91d5500c18274b7a19852dacf7c4164f78d820b,46134504,41,2026-05-17,,,1492,1512,2366308299312,,,,1
modify,0x1fe14350e72ed606c8850a16d91d5500c18274b7a19852dacf7c4164f78d820b,46135970,661,2026-05-17,,,1502,1507,-3683814313070,,,,1
modify,0x1fe14350e72ed606c8850a16d91d5500c18274b7a19852dacf7c4164f78d820b,46136074,679,2026-05-17,,,1501,1507,-1421672883715,,,,1
modify,0x1fe14350e72ed606c8850a16d91d5500c18274b7a19852dacf7c4164f78d820b,46136985,80,2026-05-17,,,1495,1503,1129939177268,,,,1
modify,0x1fe14350e72ed606c8850a16d91d5500c18274b7a19852dacf7c4164f78d820b,46137259,179,2026-05-17,,,1495,1500,2730885116770,,,,1
modify,0x1fe14350e72ed606c8850a16d91d5500c18274b7a19852dacf7c4164f78d820b,46138132,479,2026-05-17,,,1495,1503,-1129939177268,,,,1
modify,0x1fe14350e72ed606c8850a16d91d5500c18274b7a19852dacf7c4164f78d820b,46138210,612,2026-05-17,,,1492,1512,-2366308299312,,,,1
modify,0x1fe14350e72ed606c8850a16d91d5500c18274b7a19852dacf7c4164f78d820b,46138295,217,2026-05-17,,,1472,1512,1192947713112,,,,1
modify,0x1fe14350e72ed606c8850a16d91d5500c18274b7a19852dacf7c4164f78d820b,46138324,353,2026-05-17,,,1488,1496,1090041515231,,,,1
modify,0x1fe14350e72ed606c8850a16d91d5500c18274b7a19852dacf7c4164f78d820b,46138528,680,2026-05-17,,,1495,1500,-2730885116770,,,,1
modify,0x1fe14350e72ed606c8850a16d91d5500c18274b7a19852dacf7c4164f78d820b,46138548,666,2026-05-17,,,1490,1496,2144331194593,,,,1
modify,0x1fe14350e72ed606c8850a16d91d5500c18274b7a19852dacf7c4164f78d820b,46139354,233,2026-05-17,,,1488,1496,-1090041515231,,,,1
modify,0x1fe14350e72ed606c8850a16d91d5500c18274b7a19852dacf7c4164f78d820b,46140387,662,2026-05-17,,,1493,1501,1147615298990,,,,1
modify,0x1fe14350e72ed606c8850a16d91d5500c18274b7a19852dacf7c4164f78d820b,46140570,367,2026-05-17,,,1490,1496,-2144331194593,,,,1
modify,0x1fe14350e72ed606c8850a16d91d5500c18274b7a19852dacf7c4164f78d820b,46140593,711,2026-05-17,,,1495,1501,2357317479587,,,,1
modify,0x1fe14350e72ed606c8850a16d91d5500c18274b7a19852dacf7c4164f78d820b,46141343,718,2026-05-17,,,1495,1501,-2357317479587,,,,1
modify,0x1fe14350e72ed606c8850a16d91d5500c18274b7a19852dacf7c4164f78d820b,46141409,623,2026-05-17,,,1498,1500,6671914932473,,,,1
modify,0x1fe14350e72ed606c8850a16d91d5500c18274b7a19852dacf7c4164f78d820b,46142356,753,2026-05-17,,,1472,1512,-1192947713112,,,,1
modify,0x1fe14350e72ed606c8850a16d91d5500c18274b7a19852dacf7c4164f78d820b,46142455,1541,2026-05-17,,,1489,1509,2304401029841,,,,1
modify,0x1fe14350e72ed606c8850a16d91d5500c18274b7a19852dacf7c4164f78d820b,46143440,340,2026-05-17,,,1498,1500,-6671914932473,,,,1
modify,0x1fe14350e72ed606c8850a16d91d5500c18274b7a19852dacf7c4164f78d820b,46143485,438,2026-05-17,,,1499,1504,2535958629621,,,,1
modify,0x1fe14350e72ed606c8850a16d91d5500c18274b7a19852dacf7c4164f78d820b,46143530,232,2026-05-17,,,1493,1501,-1147615298990,,,,1
modify,0x1fe14350e72ed606c8850a16d91d5500c18274b7a19852dacf7c4164f78d820b,46143819,610,2026-05-17,,,1498,1506,1163527275808,,,,1
price,0x1fe14350e72ed606c8850a16d91d5500c18274b7a19852dacf7c4164f78d820b,46147313,366,2026-05-17,,,,,,85404365901484147769736566234,1501,16896135251709,1125
modify,0x1fe14350e72ed606c8850a16d91d5500c18274b7a19852dacf7c4164f78d820b,46148472,174,2026-05-18,,,1462,1562,22153977258,,,,1
modify,0x1fe14350e72ed606c8850a16d91d5500c18274b7a19852dacf7c4164f78d820b,46150682,18,2026-05-18,,,1489,1509,-2304401029841,,,,1
modify,0x1fe14350e72ed606c8850a16d91d5500c18274b7a19852dacf7c4164f78d820b,46153114,84,2026-05-18,,,1493,1547,763107648646,,,,1
modify,0x1fe14350e72ed606c8850a16d91d5500c18274b7a19852dacf7c4164f78d820b,46154017,666,2026-05-18,,,1509,1526,19782692107094,,,,1
modify,0x1fe14350e72ed606c8850a16d91d5500c18274b7a19852dacf7c4164f78d820b,46157653,778,2026-05-18,,,1498,1506,-1163527275808,,,,1
modify,0x1fe14350e72ed606c8850a16d91d5500c18274b7a19852dacf7c4164f78d820b,46157733,569,2026-05-18,,,1499,1504,-2535958629621,,,,1
modify,0x1fe14350e72ed606c8850a16d91d5500c18274b7a19852dacf7c4164f78d820b,46157789,237,2026-05-18,,,1466,1522,-8043849889922,,,,1
modify,0x1fe14350e72ed606c8850a16d91d5500c18274b7a19852dacf7c4164f78d820b,46157913,446,2026-05-18,,,1490,1549,7834395539192,,,,1
modify,0x1fe14350e72ed606c8850a16d91d5500c18274b7a19852dacf7c4164f78d820b,46157998,358,2026-05-18,,,1509,1526,-1978269210709,,,,1
modify,0x1fe14350e72ed606c8850a16d91d5500c18274b7a19852dacf7c4164f78d820b,46158323,898,2026-05-18,,,1509,1526,-17804422896385,,,,1
modify,0x1fe14350e72ed606c8850a16d91d5500c18274b7a19852dacf7c4164f78d820b,46158811,380,2026-05-18,,,1521,1530,949223510567,,,,1
modify,0x1fe14350e72ed606c8850a16d91d5500c18274b7a19852dacf7c4164f78d820b,46159755,322,2026-05-18,,,1521,1530,-949223510567,,,,1
modify,0x1fe14350e72ed606c8850a16d91d5500c18274b7a19852dacf7c4164f78d820b,46160114,193,2026-05-18,,,1526,1535,856810457168,,,,1
modify,0x1fe14350e72ed606c8850a16d91d5500c18274b7a19852dacf7c4164f78d820b,46161727,451,2026-05-18,,,1521,1540,8829363496552,,,,1
modify,0x1fe14350e72ed606c8850a16d91d5500c18274b7a19852dacf7c4164f78d820b,46161932,410,2026-05-18,,,1493,1547,-763107648646,,,,1
modify,0x1fe14350e72ed606c8850a16d91d5500c18274b7a19852dacf7c4164f78d820b,46162002,2011,2026-05-18,,,1526,1535,-856810457168,,,,1
modify,0x1fe14350e72ed606c8850a16d91d5500c18274b7a19852dacf7c4164f78d820b,46162292,648,2026-05-18,,,1508,1544,1201365737562,,,,1
modify,0x1fe14350e72ed606c8850a16d91d5500c18274b7a19852dacf7c4164f78d820b,46162781,1068,2026-05-18,,,1522,1528,1146423923998,,,,1
modify,0x1fe14350e72ed606c8850a16d91d5500c18274b7a19852dacf7c4164f78d820b,46163699,492,2026-05-18,,,1508,1544,-1201365737562,,,,1
modify,0x1fe14350e72ed606c8850a16d91d5500c18274b7a19852dacf7c4164f78d820b,46163847,561,2026-05-18,,,1522,1528,-1146423923998,,,,1
modify,0x1fe14350e72ed606c8850a16d91d5500c18274b7a19852dacf7c4164f78d820b,46164424,206,2026-05-18,,,1516,1524,1129777343976,,,,1
modify,0x1fe14350e72ed606c8850a16d91d5500c18274b7a19852dacf7c4164f78d820b,46165233,911,2026-05-18,,,1516,1524,-1129777343976,,,,1
modify,0x1fe14350e72ed606c8850a16d91d5500c18274b7a19852dacf7c4164f78d820b,46165648,134,2026-05-18,,,1523,1529,1329636615460,,,,1
modify,0x1fe14350e72ed606c8850a16d91d5500c18274b7a19852dacf7c4164f78d820b,46166279,136,2026-05-18,,,1523,1529,-1329636615460,,,,1
modify,0x1fe14350e72ed606c8850a16d91d5500c18274b7a19852dacf7c4164f78d820b,46166656,250,2026-05-18,,,1527,1533,1470557356125,,,,1
modify,0x1fe14350e72ed606c8850a16d91d5500c18274b7a19852dacf7c4164f78d820b,46169664,888,2026-05-18,,,1527,1533,-1470557356125,,,,1
modify,0x1fe14350e72ed606c8850a16d91d5500c18274b7a19852dacf7c4164f78d820b,46169759,0,2026-05-18,,,1521,1540,-8829363496552,,,,1
modify,0x1fe14350e72ed606c8850a16d91d5500c18274b7a19852dacf7c4164f78d820b,46169962,400,2026-05-18,,,1510,1533,6259090785042,,,,1
modify,0x1fe14350e72ed606c8850a16d91d5500c18274b7a19852dacf7c4164f78d820b,46170237,235,2026-05-18,,,1514,1522,1124500095879,,,,1
modify,0x1fe14350e72ed606c8850a16d91d5500c18274b7a19852dacf7c4164f78d820b,46170370,682,2026-05-18,,,1347,1947,-38102397935,,,,1
modify,0x1fe14350e72ed606c8850a16d91d5500c18274b7a19852dacf7c4164f78d820b,46171269,419,2026-05-18,,,1514,1522,-1124500095879,,,,1
modify,0x1fe14350e72ed606c8850a16d91d5500c18274b7a19852dacf7c4164f78d820b,46171561,308,2026-05-18,,,1521,1531,912697039126,,,,1
modify,0x1fe14350e72ed606c8850a16d91d5500c18274b7a19852dacf7c4164f78d820b,46172436,421,2026-05-18,,,1521,1531,-912697039126,,,,1
modify,0x1fe14350e72ed606c8850a16d91d5500c18274b7a19852dacf7c4164f78d820b,46172873,146,2026-05-18,,,1527,1535,1160067845201,,,,1
modify,0x1fe14350e72ed606c8850a16d91d5500c18274b7a19852dacf7c4164f78d820b,46175924,345,2026-05-18,,,1527,1535,-1160067845201,,,,1
modify,0x1fe14350e72ed606c8850a16d91d5500c18274b7a19852dacf7c4164f78d820b,46176093,225,2026-05-18,,,1532,1542,885172928129,,,,1
modify,0x1fe14350e72ed606c8850a16d91d5500c18274b7a19852dacf7c4164f78d820b,46180156,275,2026-05-18,,,1532,1542,-885172928129,,,,1
modify,0x1fe14350e72ed606c8850a16d91d5500c18274b7a19852dacf7c4164f78d820b,46180681,699,2026-05-18,,,1527,1535,1145479215299,,,,1
modify,0x1fe14350e72ed606c8850a16d91d5500c18274b7a19852dacf7c4164f78d820b,46181020,199,2026-05-18,,,1527,1535,-1145479215299,,,,1
modify,0x1fe14350e72ed606c8850a16d91d5500c18274b7a19852dacf7c4164f78d820b,46181405,2119,2026-05-18,,,1522,1530,1137142735795,,,,1
modify,0x1fe14350e72ed606c8850a16d91d5500c18274b7a19852dacf7c4164f78d820b,46185396,93,2026-05-18,,,1522,1530,-1137142735795,,,,1
modify,0x1fe14350e72ed606c8850a16d91d5500c18274b7a19852dacf7c4164f78d820b,46185817,705,2026-05-18,,,1520,1528,1145760448931,,,,1
price,0x1fe14350e72ed606c8850a16d91d5500c18274b7a19852dacf7c4164f78d820b,46190512,413,2026-05-18,,,,,,85489448784309186722121255349,1521,18547921861767,1928
modify,0x1fe14350e72ed606c8850a16d91d5500c18274b7a19852dacf7c4164f78d820b,46196346,1406,2026-05-19,,,1553,1731,-416116682800,,,,1
modify,0x1fe14350e72ed606c8850a16d91d5500c18274b7a19852dacf7c4164f78d820b,46200045,669,2026-05-19,,,1477,1526,77909153469,,,,1
modify,0x1fe14350e72ed606c8850a16d91d5500c18274b7a19852dacf7c4164f78d820b,46200103,39,2026-05-19,,,1477,1526,830073390422,,,,1
modify,0x1fe14350e72ed606c8850a16d91d5500c18274b7a19852dacf7c4164f78d820b,46200187,472,2026-05-19,,,1510,1533,-6259090785042,,,,1
modify,0x1fe14350e72ed606c8850a16d91d5500c18274b7a19852dacf7c4164f78d820b,46201611,657,2026-05-19,,,1520,1528,-1145760448931,,,,1
modify,0x1fe14350e72ed606c8850a16d91d5500c18274b7a19852dacf7c4164f78d820b,46201779,488,2026-05-19,,,1499,1508,1027741188790,,,,1
modify,0x1fe14350e72ed606c8850a16d91d5500c18274b7a19852dacf7c4164f78d820b,46204070,665,2026-05-19,,,1499,1508,-1027741188790,,,,1
modify,0x1fe14350e72ed606c8850a16d91d5500c18274b7a19852dacf7c4164f78d820b,46204203,424,2026-05-19,,,1486,1496,908891246841,,,,1
modify,0x1fe14350e72ed606c8850a16d91d5500c18274b7a19852dacf7c4164f78d820b,46204762,368,2026-05-19,,,1473,1662,860255418,,,,1
modify,0x1fe14350e72ed606c8850a16d91d5500c18274b7a19852dacf7c4164f78d820b,46204977,554,2026-05-19,,,1486,1496,-908891246841,,,,1
modify,0x1fe14350e72ed606c8850a16d91d5500c18274b7a19852dacf7c4164f78d820b,46205952,535,2026-05-19,,,1476,1496,445984110022,,,,1
modify,0x1fe14350e72ed606c8850a16d91d5500c18274b7a19852dacf7c4164f78d820b,46207152,1110,2026-05-19,,,1281,1681,9350183242,,,,1
modify,0x1fe14350e72ed606c8850a16d91d5500c18274b7a19852dacf7c4164f78d820b,46210491,256,2026-05-19,,,1476,1496,-445984110022,,,,1
modify,0x1fe14350e72ed606c8850a16d91d5500c18274b7a19852dacf7c4164f78d820b,46210612,866,2026-05-19,,,1487,1497,903850021823,,,,1
modify,0x1fe14350e72ed606c8850a16d91d5500c18274b7a19852dacf7c4164f78d820b,46211308,394,2026-05-19,,,1487,1497,-903850021823,,,,1
modify,0x1fe14350e72ed606c8850a16d91d5500c18274b7a19852dacf7c4164f78d820b,46211780,1927,2026-05-19,,,1347,1833,661711719,,,,1
modify,0x1fe14350e72ed606c8850a16d91d5500c18274b7a19852dacf7c4164f78d820b,46213545,183,2026-05-19,,,1347,1718,24994824322,,,,1
modify,0x1fe14350e72ed606c8850a16d91d5500c18274b7a19852dacf7c4164f78d820b,46214612,275,2026-05-19,,,1477,1526,-907982543891,,,,1
modify,0x1fe14350e72ed606c8850a16d91d5500c18274b7a19852dacf7c4164f78d820b,46214684,281,2026-05-19,,,1464,1518,842579038471,,,,1
modify,0x1fe14350e72ed606c8850a16d91d5500c18274b7a19852dacf7c4164f78d820b,46216776,351,2026-05-19,,,1527,1752,-72558928104,,,,1
modify,0x1fe14350e72ed606c8850a16d91d5500c18274b7a19852dacf7c4164f78d820b,46216927,484,2026-05-19,,,1390,1590,80953635064,,,,1
price,0x1fe14350e72ed606c8850a16d91d5500c18274b7a19852dacf7c4164f78d820b,46233698,494,2026-05-19,,,,,,85319095542427845477652999399,1481,3781238913466,1552
modify,0x1fe14350e72ed606c8850a16d91d5500c18274b7a19852dacf7c4164f78d820b,46233724,252,2026-05-19,,,1418,1546,72002926856,,,,1
modify,0x1fe14350e72ed606c8850a16d91d5500c18274b7a19852dacf7c4164f78d820b,46235454,30,2026-05-20,,,1351,1817,861051479,,,,1
modify,0x1fe14350e72ed606c8850a16d91d5500c18274b7a19852dacf7c4164f78d820b,46238777,1085,2026-05-20,,,1464,1518,-842579038471,,,,1
modify,0x1fe14350e72ed606c8850a16d91d5500c18274b7a19852dacf7c4164f78d820b,46239288,547,2026-05-20,,,1462,1562,-22153977258,,,,1
modify,0x1fe14350e72ed606c8850a16d91d5500c18274b7a19852dacf7c4164f78d820b,46240542,426,2026-05-20,,,1442,1514,631993184897,,,,1
modify,0x1fe14350e72ed606c8850a16d91d5500c18274b7a19852dacf7c4164f78d820b,46243248,445,2026-05-20,,,1473,1662,-645191563,,,,1
modify,0x1fe14350e72ed606c8850a16d91d5500c18274b7a19852dacf7c4164f78d820b,46243327,477,2026-05-20,,,1473,1662,-215063855,,,,1
modify,0x1fe14350e72ed606c8850a16d91d5500c18274b7a19852dacf7c4164f78d820b,46245252,133,2026-05-20,,,1511,1711,0,,,,1
modify,0x1fe14350e72ed606c8850a16d91d5500c18274b7a19852dacf7c4164f78d820b,46245274,189,2026-05-20,,,1511,1711,-476221371512,,,,1
modify,0x1fe14350e72ed606c8850a16d91d5500c18274b7a19852dacf7c4164f78d820b,46245674,220,2026-05-20,,,1460,1635,632813008614,,,,1
modify,0x1fe14350e72ed606c8850a16d91d5500c18274b7a19852dacf7c4164f78d820b,46249073,1476,2026-05-20,,,1442,1514,-631993184897,,,,1
modify,0x1fe14350e72ed606c8850a16d91d5500c18274b7a19852dacf7c4164f78d820b,46249156,1858,2026-05-20,,,1476,1524,942681808070,,,,1
modify,0x1fe14350e72ed606c8850a16d91d5500c18274b7a19852dacf7c4164f78d820b,46255515,73,2026-05-20,,,1453,1663,53823915894,,,,1
modify,0x1fe14350e72ed606c8850a16d91d5500c18274b7a19852dacf7c4164f78d820b,46256126,310,2026-05-20,,,1453,1663,-53823915894,,,,1
modify,0x1fe14350e72ed606c8850a16d91d5500c18274b7a19852dacf7c4164f78d820b,46256140,579,2026-05-20,,,1351,1817,27637414139,,,,1
modify,0x1fe14350e72ed606c8850a16d91d5500c18274b7a19852dacf7c4164f78d820b,46258588,310,2026-05-20,,,1501,1520,14272736162336,,,,1
modify,0x1fe14350e72ed606c8850a16d91d5500c18274b7a19852dacf7c4164f78d820b,46262514,539,2026-05-20,,,1397,1655,-1712562057,,,,1
modify,0x1fe14350e72ed606c8850a16d91d5500c18274b7a19852dacf7c4164f78d820b,46270386,785,2026-05-20,,,1476,1524,-942681808070,,,,1
modify,0x1fe14350e72ed606c8850a16d91d5500c18274b7a19852dacf7c4164f78d820b,46270530,256,2026-05-20,,,1494,1517,1987285752553,,,,1
modify,0x1fe14350e72ed606c8850a16d91d5500c18274b7a19852dacf7c4164f78d820b,46271085,191,2026-05-20,,,1407,1607,247750295708,,,,1
modify,0x1fe14350e72ed606c8850a16d91d5500c18274b7a19852dacf7c4164f78d820b,46274972,77,2026-05-20,,,1501,1520,-14272736162336,,,,1
modify,0x1fe14350e72ed606c8850a16d91d5500c18274b7a19852dacf7c4164f78d820b,46275038,172,2026-05-20,,,1494,1514,18293341777,,,,1
price,0x1fe14350e72ed606c8850a16d91d5500c18274b7a19852dacf7c4164f78d820b,46276906,646,2026-05-20,,,,,,85410086952403028670710777225,1502,13745583151190,1710
modify,0x1fe14350e72ed606c8850a16d91d5500c18274b7a19852dacf7c4164f78d820b,46279871,684,2026-05-21,,,1494,1517,-1987285752553,,,,1
modify,0x1fe14350e72ed606c8850a16d91d5500c18274b7a19852dacf7c4164f78d820b,46279946,1373,2026-05-21,,,1464,1510,986160272420,,,,1
modify,0x1fe14350e72ed606c8850a16d91d5500c18274b7a19852dacf7c4164f78d820b,46281987,567,2026-05-21,,,1469,1533,87047012336,,,,1
modify,0x1fe14350e72ed606c8850a16d91d5500c18274b7a19852dacf7c4164f78d820b,46282283,732,2026-05-21,,,1599,1689,-90206468281,,,,1
modify,0x1fe14350e72ed606c8850a16d91d5500c18274b7a19852dacf7c4164f78d820b,46288781,879,2026-05-21,,,1494,1514,-18293341777,,,,1
modify,0x1fe14350e72ed606c8850a16d91d5500c18274b7a19852dacf7c4164f78d820b,46293594,396,2026-05-21,,,1466,1484,296098868849,,,,1
modify,0x1fe14350e72ed606c8850a16d91d5500c18274b7a19852dacf7c4164f78d820b,46294788,758,2026-05-21,,,1347,1947,0,,,,1
modify,0x1fe14350e72ed606c8850a16d91d5500c18274b7a19852dacf7c4164f78d820b,46296757,738,2026-05-21,,,1464,1510,-986160272420,,,,1
modify,0x1fe14350e72ed606c8850a16d91d5500c18274b7a19852dacf7c4164f78d820b,46296845,175,2026-05-21,,,1449,1515,671146758429,,,,1
modify,0x1fe14350e72ed606c8850a16d91d5500c18274b7a19852dacf7c4164f78d820b,46298812,73,2026-05-21,,,1466,1484,-296098868849,,,,1
modify,0x1fe14350e72ed606c8850a16d91d5500c18274b7a19852dacf7c4164f78d820b,46304174,523,2026-05-21,,,1497,1507,708292213940,,,,1
modify,0x1fe14350e72ed606c8850a16d91d5500c18274b7a19852dacf7c4164f78d820b,46305591,452,2026-05-21,,,1497,1507,-708292213940,,,,1
modify,0x1fe14350e72ed606c8850a16d91d5500c18274b7a19852dacf7c4164f78d820b,46310537,320,2026-05-21,,,1407,1607,-698260254069,,,,1
modify,0x1fe14350e72ed606c8850a16d91d5500c18274b7a19852dacf7c4164f78d820b,46311365,528,2026-05-21,,,1493,1501,888526042739,,,,1
modify,0x1fe14350e72ed606c8850a16d91d5500c18274b7a19852dacf7c4164f78d820b,46318873,8,2026-05-21,,,1351,1817,-42520427367,,,,1
price,0x1fe14350e72ed606c8850a16d91d5500c18274b7a19852dacf7c4164f78d820b,46320109,222,2026-05-21,,,,,,85372837264155609034094817752,1493,12645943188928,1883
modify,0x1fe14350e72ed606c8850a16d91d5500c18274b7a19852dacf7c4164f78d820b,46320154,126,2026-05-22,,,1443,1543,420369659170,,,,1
modify,0x1fe14350e72ed606c8850a16d91d5500c18274b7a19852dacf7c4164f78d820b,46324418,491,2026-05-22,,,1474,1521,37489588968,,,,1
modify,0x1fe14350e72ed606c8850a16d91d5500c18274b7a19852dacf7c4164f78d820b,46325448,701,2026-05-22,,,1422,1644,166211660813,,,,1
modify,0x1fe14350e72ed606c8850a16d91d5500c18274b7a19852dacf7c4164f78d820b,46326254,38,2026-05-22,,,1460,1534,3086340807870,,,,1
modify,0x1fe14350e72ed606c8850a16d91d5500c18274b7a19852dacf7c4164f78d820b,46330486,507,2026-05-22,,,1493,1501,-888526042739,,,,1
modify,0x1fe14350e72ed606c8850a16d91d5500c18274b7a19852dacf7c4164f78d820b,46331173,285,2026-05-22,,,1475,1489,499441615439,,,,1
modify,0x1fe14350e72ed606c8850a16d91d5500c18274b7a19852dacf7c4164f78d820b,46331537,703,2026-05-22,,,1475,1489,-499441615439,,,,1
modify,0x1fe14350e72ed606c8850a16d91d5500c18274b7a19852dacf7c4164f78d820b,46332285,367,2026-05-22,,,1478,1492,378129292954,,,,1
modify,0x1fe14350e72ed606c8850a16d91d5500c18274b7a19852dacf7c4164f78d820b,46332426,167,2026-05-22,,,1441,1655,-39897372518,,,,1
modify,0x1fe14350e72ed606c8850a16d91d5500c18274b7a19852dacf7c4164f78d820b,46333304,421,2026-05-22,,,1478,1492,-378129292954,,,,1
modify,0x1fe14350e72ed606c8850a16d91d5500c18274b7a19852dacf7c4164f78d820b,46333647,408,2026-05-22,,,1488,1496,649459615116,,,,1
modify,0x1fe14350e72ed606c8850a16d91d5500c18274b7a19852dacf7c4164f78d820b,46334319,712,2026-05-22,,,1480,1494,502968639293,,,,1
modify,0x1fe14350e72ed606c8850a16d91d5500c18274b7a19852dacf7c4164f78d820b,46334639,824,2026-05-22,,,1488,1496,-649459615116,,,,1
modify,0x1fe14350e72ed606c8850a16d91d5500c18274b7a19852dacf7c4164f78d820b,46334935,1094,2026-05-22,,,1480,1494,-502968639293,,,,1
modify,0x1fe14350e72ed606c8850a16d91d5500c18274b7a19852dacf7c4164f78d820b,46335100,53,2026-05-22,,,1471,1483,467621242522,,,,1
modify,0x1fe14350e72ed606c8850a16d91d5500c18274b7a19852dacf7c4164f78d820b,46335393,717,2026-05-22,,,1449,1515,-671146758429,,,,1
modify,0x1fe14350e72ed606c8850a16d91d5500c18274b7a19852dacf7c4164f78d820b,46335470,613,2026-05-22,,,1460,1504,1027641549329,,,,1
modify,0x1fe14350e72ed606c8850a16d91d5500c18274b7a19852dacf7c4164f78d820b,46335575,949,2026-05-22,,,1471,1483,-467621242522,,,,1
modify,0x1fe14350e72ed606c8850a16d91d5500c18274b7a19852dacf7c4164f78d820b,46335799,318,2026-05-22,,,1477,1489,450341826656,,,,1
modify,0x1fe14350e72ed606c8850a16d91d5500c18274b7a19852dacf7c4164f78d820b,46337437,75,2026-05-22,,,1475,1495,193221790744,,,,1
modify,0x1fe14350e72ed606c8850a16d91d5500c18274b7a19852dacf7c4164f78d820b,46338254,100,2026-05-22,,,1468,1553,724870499673,,,,1
modify,0x1fe14350e72ed606c8850a16d91d5500c18274b7a19852dacf7c4164f78d820b,46338682,1644,2026-05-22,,,1475,1495,61862352062,,,,1
modify,0x1fe14350e72ed606c8850a16d91d5500c18274b7a19852dacf7c4164f78d820b,46338782,268,2026-05-22,,,1477,1489,-450341826656,,,,1
modify,0x1fe14350e72ed606c8850a16d91d5500c18274b7a19852dacf7c4164f78d820b,46338980,550,2026-05-22,,,1488,1496,656077938652,,,,1
modify,0x1fe14350e72ed606c8850a16d91d5500c18274b7a19852dacf7c4164f78d820b,46341168,463,2026-05-22,,,1488,1496,-656077938652,,,,1
modify,0x1fe14350e72ed606c8850a16d91d5500c18274b7a19852dacf7c4164f78d820b,46342283,832,2026-05-22,,,1492,1500,681255664417,,,,1
modify,0x1fe14350e72ed606c8850a16d91d5500c18274b7a19852dacf7c4164f78d820b,46342375,632,2026-05-22,,,1347,1718,-24994824322,,,,1
modify,0x1fe14350e72ed606c8850a16d91d5500c18274b7a19852dacf7c4164f78d820b,46343933,511,2026-05-22,,,1490,1496,1039771703621,,,,1
modify,0x1fe14350e72ed606c8850a16d91d5500c18274b7a19852dacf7c4164f78d820b,46344422,44,2026-05-22,,,1492,1500,-681255664417,,,,1
modify,0x1fe14350e72ed606c8850a16d91d5500c18274b7a19852dacf7c4164f78d820b,46345541,753,2026-05-22,,,1490,1496,-1039771703621,,,,1
modify,0x1fe14350e72ed606c8850a16d91d5500c18274b7a19852dacf7c4164f78d820b,46345631,518,2026-05-22,,,1482,1494,605188785972,,,,1
modify,0x1fe14350e72ed606c8850a16d91d5500c18274b7a19852dacf7c4164f78d820b,46346128,665,2026-05-22,,,1476,1498,21024806307075,,,,1
modify,0x1fe14350e72ed606c8850a16d91d5500c18274b7a19852dacf7c4164f78d820b,46349453,690,2026-05-22,,,1482,1494,-605188785972,,,,1
modify,0x1fe14350e72ed606c8850a16d91d5500c18274b7a19852dacf7c4164f78d820b,46350666,350,2026-05-22,,,1460,1504,-1027641549329,,,,1
modify,0x1fe14350e72ed606c8850a16d91d5500c18274b7a19852dacf7c4164f78d820b,46350783,323,2026-05-22,,,1478,1497,2438454440068,,,,1
modify,0x1fe14350e72ed606c8850a16d91d5500c18274b7a19852dacf7c4164f78d820b,46354804,320,2026-05-22,,,1478,1497,-2438454440068,,,,1
modify,0x1fe14350e72ed606c8850a16d91d5500c18274b7a19852dacf7c4164f78d820b,46360934,19,2026-05-22,,,1480,1487,763023516286,,,,1
modify,0x1fe14350e72ed606c8850a16d91d5500c18274b7a19852dacf7c4164f78d820b,46362174,125,2026-05-22,,,1561,1613,-58392842661,,,,1
modify,0x1fe14350e72ed606c8850a16d91d5500c18274b7a19852dacf7c4164f78d820b,46363036,10,2026-05-22,,,1460,1534,-3086340807870,,,,1
modify,0x1fe14350e72ed606c8850a16d91d5500c18274b7a19852dacf7c4164f78d820b,46363132,333,2026-05-22,,,1482,1487,43810197824523,,,,1
price,0x1fe14350e72ed606c8850a16d91d5500c18274b7a19852dacf7c4164f78d820b,46363302,270,2026-05-22,,,,,,85327316278128239727625585533,1483,70378425110432,1808
modify,0x1fe14350e72ed606c8850a16d91d5500c18274b7a19852dacf7c4164f78d820b,46367201,783,2026-05-23,,,1482,1490,5227105794924,,,,1
modify,0x1fe14350e72ed606c8850a16d91d5500c18274b7a19852dacf7c4164f78d820b,46367630,608,2026-05-23,,,1482,1490,-5227105794924,,,,1
modify,0x1fe14350e72ed606c8850a16d91d5500c18274b7a19852dacf7c4164f78d820b,46376597,63,2026-05-23,,,1482,1487,-43810197824523,,,,1
modify,0x1fe14350e72ed606c8850a16d91d5500c18274b7a19852dacf7c4164f78d820b,46376659,360,2026-05-23,,,1480,1485,12151977932666,,,,1
modify,0x1fe14350e72ed606c8850a16d91d5500c18274b7a19852dacf7c4164f78d820b,46380477,229,2026-05-23,,,1480,1482,2229722366689,,,,1
modify,0x1fe14350e72ed606c8850a16d91d5500c18274b7a19852dacf7c4164f78d820b,46381127,71,2026-05-23,,,1480,1482,2645181443288,,,,1
modify,0x1fe14350e72ed606c8850a16d91d5500c18274b7a19852dacf7c4164f78d820b,46382147,491,2026-05-23,,,1480,1482,-2645181443288,,,,1
modify,0x1fe14350e72ed606c8850a16d91d5500c18274b7a19852dacf7c4164f78d820b,46382642,205,2026-05-23,,,1371,1664,76266442462,,,,1
modify,0x1fe14350e72ed606c8850a16d91d5500c18274b7a19852dacf7c4164f78d820b,46383245,121,2026-05-23,,,1176,1776,15081037594,,,,1
modify,0x1fe14350e72ed606c8850a16d91d5500c18274b7a19852dacf7c4164f78d820b,46385050,484,2026-05-23,,,1480,1482,-2229722366689,,,,1
modify,0x1fe14350e72ed606c8850a16d91d5500c18274b7a19852dacf7c4164f78d820b,46385267,671,2026-05-23,,,1482,1484,2276149555438,,,,1
modify,0x1fe14350e72ed606c8850a16d91d5500c18274b7a19852dacf7c4164f78d820b,46390089,659,2026-05-23,,,1480,1486,33016565642325,,,,1
modify,0x1fe14350e72ed606c8850a16d91d5500c18274b7a19852dacf7c4164f78d820b,46391073,276,2026-05-23,,,1176,1776,-15081037594,,,,1
modify,0x1fe14350e72ed606c8850a16d91d5500c18274b7a19852dacf7c4164f78d820b,46391277,539,2026-05-23,,,1480,1485,-12151977932666,,,,1
modify,0x1fe14350e72ed606c8850a16d91d5500c18274b7a19852dacf7c4164f78d820b,46391520,541,2026-05-23,,,1482,1484,-2276149555438,,,,1
modify,0x1fe14350e72ed606c8850a16d91d5500c18274b7a19852dacf7c4164f78d820b,46392690,230,2026-05-23,,,1484,1488,1354458846921,,,,1
modify,0x1fe14350e72ed606c8850a16d91d5500c18274b7a19852dacf7c4164f78d820b,46395498,129,2026-05-23,,,1480,1500,2201911804082,,,,1
modify,0x1fe14350e72ed606c8850a16d91d5500c18274b7a19852dacf7c4164f78d820b,46396574,110,2026-05-23,,,1484,1488,-1354458846921,,,,1
modify,0x1fe14350e72ed606c8850a16d91d5500c18274b7a19852dacf7c4164f78d820b,46396948,645,2026-05-23,,,1488,1492,1258302086379,,,,1
modify,0x1fe14350e72ed606c8850a16d91d5500c18274b7a19852dacf7c4164f78d820b,46401121,1040,2026-05-23,,,1488,1492,1703225571473,,,,1
modify,0x1fe14350e72ed606c8850a16d91d5500c18274b7a19852dacf7c4164f78d820b,46401853,196,2026-05-23,,,1480,1487,0,,,,1
modify,0x1fe14350e72ed606c8850a16d91d5500c18274b7a19852dacf7c4164f78d820b,46401904,533,2026-05-23,,,1480,1487,-763023516286,,,,1
modify,0x1fe14350e72ed606c8850a16d91d5500c18274b7a19852dacf7c4164f78d820b,46404522,288,2026-05-23,,,1480,1486,-33016565642325,,,,1
modify,0x1fe14350e72ed606c8850a16d91d5500c18274b7a19852dacf7c4164f78d820b,46405158,39,2026-05-23,,,1485,1494,18090547969665,,,,1
price,0x1fe14350e72ed606c8850a16d91d5500c18274b7a19852dacf7c4164f78d820b,46406517,321,2026-05-23,,,,,,85353759842785598579309803834,1489,49135457643684,2146
modify,0x1fe14350e72ed606c8850a16d91d5500c18274b7a19852dacf7c4164f78d820b,46408575,394,2026-05-24,,,1403,1603,-1813706827,,,,1
modify,0x1fe14350e72ed606c8850a16d91d5500c18274b7a19852dacf7c4164f78d820b,46409853,582,2026-05-24,,,1422,1644,0,,,,1
modify,0x1fe14350e72ed606c8850a16d91d5500c18274b7a19852dacf7c4164f78d820b,46415665,20,2026-05-24,,,1485,1494,-18090547969665,,,,1
modify,0x1fe14350e72ed606c8850a16d91d5500c18274b7a19852dacf7c4164f78d820b,46418632,703,2026-05-24,,,1490,1498,25198772141826,,,,1
modify,0x1fe14350e72ed606c8850a16d91d5500c18274b7a19852dacf7c4164f78d820b,46419137,246,2026-05-24,,,1488,1492,-1703225571473,,,,1
modify,0x1fe14350e72ed606c8850a16d91d5500c18274b7a19852dacf7c4164f78d820b,46419556,866,2026-05-24,,,1480,1500,-2201911804082,,,,1
modify,0x1fe14350e72ed606c8850a16d91d5500c18274b7a19852dacf7c4164f78d820b,46423773,1499,2026-05-24,,,1488,1492,-1258302086379,,,,1
modify,0x1fe14350e72ed606c8850a16d91d5500c18274b7a19852dacf7c4164f78d820b,46423906,83,2026-05-24,,,1492,1494,2557061846101,,,,1
modify,0x1fe14350e72ed606c8850a16d91d5500c18274b7a19852dacf7c4164f78d820b,46426407,421,2026-05-24,,,1492,1494,-2557061846101,,,,1
modify,0x1fe14350e72ed606c8850a16d91d5500c18274b7a19852dacf7c4164f78d820b,46426443,494,2026-05-24,,,1476,1498,-21024806307075,,,,1
modify,0x1fe14350e72ed606c8850a16d91d5500c18274b7a19852dacf7c4164f78d820b,46430944,504,2026-05-24,,,1347,1947,-12319775332,,,,1
modify,0x1fe14350e72ed606c8850a16d91d5500c18274b7a19852dacf7c4164f78d820b,46431107,560,2026-05-24,,,1490,1498,-25198772141826,,,,1
modify,0x1fe14350e72ed606c8850a16d91d5500c18274b7a19852dacf7c4164f78d820b,46431684,60,2026-05-24,,,1502,1508,1645016571777,,,,1
modify,0x1fe14350e72ed606c8850a16d91d5500c18274b7a19852dacf7c4164f78d820b,46431915,665,2026-05-24,,,1502,1508,-1645016571777,,,,1
modify,0x1fe14350e72ed606c8850a16d91d5500c18274b7a19852dacf7c4164f78d820b,46435171,712,2026-05-24,,,1510,1516,1807220811973,,,,1
modify,0x1fe14350e72ed606c8850a16d91d5500c18274b7a19852dacf7c4164f78d820b,46436251,315,2026-05-24,,,1510,1516,-1807220811973,,,,1
modify,0x1fe14350e72ed606c8850a16d91d5500c18274b7a19852dacf7c4164f78d820b,46436604,154,2026-05-24,,,1516,1522,1719693163124,,,,1
modify,0x1fe14350e72ed606c8850a16d91d5500c18274b7a19852dacf7c4164f78d820b,46438164,252,2026-05-24,,,1516,1522,-1719693163124,,,,1
modify,0x1fe14350e72ed606c8850a16d91d5500c18274b7a19852dacf7c4164f78d820b,46438281,645,2026-05-24,,,1519,1527,1375472658529,,,,1
modify,0x1fe14350e72ed606c8850a16d91d5500c18274b7a19852dacf7c4164f78d820b,46440121,528,2026-05-24,,,1371,1664,65196816078,,,,1
modify,0x1fe14350e72ed606c8850a16d91d5500c18274b7a19852dacf7c4164f78d820b,46440217,52,2026-05-24,,,1371,1664,522006046,,,,1
modify,0x1fe14350e72ed606c8850a16d91d5500c18274b7a19852dacf7c4164f78d820b,46440581,844,2026-05-24,,,1460,1663,320668354973,,,,1
modify,0x1fe14350e72ed606c8850a16d91d5500c18274b7a19852dacf7c4164f78d820b,46440875,386,2026-05-24,,,1519,1527,-1375472658529,,,,1
modify,0x1fe14350e72ed606c8850a16d91d5500c18274b7a19852dacf7c4164f78d820b,46441026,248,2026-05-24,,,1513,1521,1281714267052,,,,1
modify,0x1fe14350e72ed606c8850a16d91d5500c18274b7a19852dacf7c4164f78d820b,46441226,731,2026-05-24,,,1513,1521,-1281714267052,,,,1
modify,0x1fe14350e72ed606c8850a16d91d5500c18274b7a19852dacf7c4164f78d820b,46441376,629,2026-05-24,,,1517,1527,1091185555859,,,,1
price,0x1fe14350e72ed606c8850a16d91d5500c18274b7a19852dacf7c4164f78d820b,46449674,153,2026-05-24,,,,,,85482058476766461617264014516,1519,13910029004053,1843
modify,0x1fe14350e72ed606c8850a16d91d5500c18274b7a19852dacf7c4164f78d820b,46454710,560,2026-05-25,,,1505,1539,1355333536993,,,,1
modify,0x1fe14350e72ed606c8850a16d91d5500c18274b7a19852dacf7c4164f78d820b,46454941,951,2026-05-25,,,1475,1495,-255084142806,,,,1
modify,0x1fe14350e72ed606c8850a16d91d5500c18274b7a19852dacf7c4164f78d820b,46458791,1139,2026-05-25,,,1490,1549,1934672514290,,,,1
modify,0x1fe14350e72ed606c8850a16d91d5500c18274b7a19852dacf7c4164f78d820b,46458921,54,2026-05-25,,,1490,1549,3950322244303,,,,1
modify,0x1fe14350e72ed606c8850a16d91d5500c18274b7a19852dacf7c4164f78d820b,46460105,429,2026-05-25,,,1517,1527,0,,,,1
modify,0x1fe14350e72ed606c8850a16d91d5500c18274b7a19852dacf7c4164f78d820b,46460256,496,2026-05-25,,,1517,1527,-1091185555859,,,,1
modify,0x1fe14350e72ed606c8850a16d91d5500c18274b7a19852dacf7c4164f78d820b,46462205,584,2026-05-25,,,1418,1546,-72002926856,,,,1
modify,0x1fe14350e72ed606c8850a16d91d5500c18274b7a19852dacf7c4164f78d820b,46462666,234,2026-05-25,,,1526,1530,2523091306151,,,,1
modify,0x1fe14350e72ed606c8850a16d91d5500c18274b7a19852dacf7c4164f78d820b,46462680,716,2026-05-25,,,1505,1539,-1355333536993,,,,1
modify,0x1fe14350e72ed606c8850a16d91d5500c18274b7a19852dacf7c4164f78d820b,46462744,594,2026-05-25,,,1517,1538,2129787456417,,,,1
modify,0x1fe14350e72ed606c8850a16d91d5500c18274b7a19852dacf7c4164f78d820b,46462921,513,2026-05-25,,,1526,1530,-2523091306151,,,,1
modify,0x1fe14350e72ed606c8850a16d91d5500c18274b7a19852dacf7c4164f78d820b,46463271,859,2026-05-25,,,1522,1528,1594058494743,,,,1
modify,0x1fe14350e72ed606c8850a16d91d5500c18274b7a19852dacf7c4164f78d820b,46463819,156,2026-05-25,,,1522,1528,-1594058494743,,,,1
modify,0x1fe14350e72ed606c8850a16d91d5500c18274b7a19852dacf7c4164f78d820b,46463909,264,2026-05-25,,,1520,1524,2475645982097,,,,1
modify,0x1fe14350e72ed606c8850a16d91d5500c18274b7a19852dacf7c4164f78d820b,46465401,1017,2026-05-25,,,1520,1524,-2475645982097,,,,1
modify,0x1fe14350e72ed606c8850a16d91d5500c18274b7a19852dacf7c4164f78d820b,46465648,320,2026-05-25,,,1522,1527,2191607394892,,,,1
modify,0x1fe14350e72ed606c8850a16d91d5500c18274b7a19852dacf7c4164f78d820b,46468196,121,2026-05-25,,,1522,1527,-2191607394892,,,,1
modify,0x1fe14350e72ed606c8850a16d91d5500c18274b7a19852dacf7c4164f78d820b,46469554,714,2026-05-25,,,1519,1523,2486046376248,,,,1
modify,0x1fe14350e72ed606c8850a16d91d5500c18274b7a19852dacf7c4164f78d820b,46471201,505,2026-05-25,,,1519,1523,-2486046376248,,,,1
modify,0x1fe14350e72ed606c8850a16d91d5500c18274b7a19852dacf7c4164f78d820b,46471478,187,2026-05-25,,,1521,1527,1613324391357,,,,1
modify,0x1fe14350e72ed606c8850a16d91d5500c18274b7a19852dacf7c4164f78d820b,46471642,347,2026-05-25,,,1521,1527,-1613324391357,,,,1
modify,0x1fe14350e72ed606c8850a16d91d5500c18274b7a19852dacf7c4164f78d820b,46472901,29,2026-05-25,,,1468,1553,696258283573,,,,1
modify,0x1fe14350e72ed606c8850a16d91d5500c18274b7a19852dacf7c4164f78d820b,46478179,459,2026-05-25,,,1517,1522,2153028289868,,,,1
modify,0x1fe14350e72ed606c8850a16d91d5500c18274b7a19852dacf7c4164f78d820b,46483616,355,2026-05-25,,,1517,1522,0,,,,1
modify,0x1fe14350e72ed606c8850a16d91d5500c18274b7a19852dacf7c4164f78d820b,46483732,253,2026-05-25,,,1517,1522,-2153028289868,,,,1
modify,0x1fe14350e72ed606c8850a16d91d5500c18274b7a19852dacf7c4164f78d820b,46483857,150,2026-05-25,,,1516,1521,2145230149900,,,,1
modify,0x1fe14350e72ed606c8850a16d91d5500c18274b7a19852dacf7c4164f78d820b,46485108,561,2026-05-25,,,1517,1538,-2129787456417,,,,1
modify,0x1fe14350e72ed606c8850a16d91d5500c18274b7a19852dacf7c4164f78d820b,46485172,288,2026-05-25,,,1504,1526,2050882863132,,,,1
modify,0x1fe14350e72ed606c8850a16d91d5500c18274b7a19852dacf7c4164f78d820b,46485200,521,2026-05-25,,,1516,1521,-2145230149900,,,,1
modify,0x1fe14350e72ed606c8850a16d91d5500c18274b7a19852dacf7c4164f78d820b,46485409,221,2026-05-25,,,1513,1518,2070649262168,,,,1
modify,0x1fe14350e72ed606c8850a16d91d5500c18274b7a19852dacf7c4164f78d820b,46488767,552,2026-05-25,,,1506,1526,6524726126830,,,,1
price,0x1fe14350e72ed606c8850a16d91d5500c18274b7a19852dacf7c4164f78d820b,46492915,175,2026-05-25,,,,,,85450193264571755944222981649,1512,27903702553466,2089
modify,0x1fe14350e72ed606c8850a16d91d5500c18274b7a19852dacf7c4164f78d820b,46502189,359,2026-05-26,,,1490,1549,703263853718,,,,1
modify,0x1fe14350e72ed606c8850a16d91d5500c18274b7a19852dacf7c4164f78d820b,46503120,479,2026-05-26,,,1508,1528,13221748463613,,,,1
modify,0x1fe14350e72ed606c8850a16d91d5500c18274b7a19852dacf7c4164f78d820b,46503391,550,2026-05-26,,,1513,1518,0,,,,1
modify,0x1fe14350e72ed606c8850a16d91d5500c18274b7a19852dacf7c4164f78d820b,46503607,646,2026-05-26,,,1513,1518,-2070649262168,,,,1
modify,0x1fe14350e72ed606c8850a16d91d5500c18274b7a19852dacf7c4164f78d820b,46503751,860,2026-05-26,,,1516,1518,4738146661120,,,,1
modify,0x1fe14350e72ed606c8850a16d91d5500c18274b7a19852dacf7c4164f78d820b,46504027,550,2026-05-26,,,1516,1518,-4738146661120,,,,1
modify,0x1fe14350e72ed606c8850a16d91d5500c18274b7a19852dacf7c4164f78d820b,46504185,640,2026-05-26,,,1515,1517,4938061698288,,,,1
modify,0x1fe14350e72ed606c8850a16d91d5500c18274b7a19852dacf7c4164f78d820b,46505391,1084,2026-05-26,,,1515,1517,-4938061698288,,,,1
modify,0x1fe14350e72ed606c8850a16d91d5500c18274b7a19852dacf7c4164f78d820b,46505528,839,2026-05-26,,,1513,1517,2688372508509,,,,1
modify,0x1fe14350e72ed606c8850a16d91d5500c18274b7a19852dacf7c4164f78d820b,46505964,442,2026-05-26,,,1513,1517,-2688372508509,,,,1
modify,0x1fe14350e72ed606c8850a16d91d5500c18274b7a19852dacf7c4164f78d820b,46508152,631,2026-05-26,,,1504,1526,-2050882863132,,,,1
modify,0x1fe14350e72ed606c8850a16d91d5500c18274b7a19852dacf7c4164f78d820b,46508345,170,2026-05-26,,,1497,1516,2374718155845,,,,1
modify,0x1fe14350e72ed606c8850a16d91d5500c18274b7a19852dacf7c4164f78d820b,46509669,675,2026-05-26,,,1508,1528,-13221748463613,,,,1
modify,0x1fe14350e72ed606c8850a16d91d5500c18274b7a19852dacf7c4164f78d820b,46509709,200,2026-05-26,,,1506,1526,-6524726126830,,,,1
modify,0x1fe14350e72ed606c8850a16d91d5500c18274b7a19852dacf7c4164f78d820b,46514006,172,2026-05-26,,,1504,1510,1721017485653,,,,1
modify,0x1fe14350e72ed606c8850a16d91d5500c18274b7a19852dacf7c4164f78d820b,46516449,643,2026-05-26,,,1504,1510,-1721017485653,,,,1
modify,0x1fe14350e72ed606c8850a16d91d5500c18274b7a19852dacf7c4164f78d820b,46516555,354,2026-05-26,,,1508,1514,1698531896660,,,,1
modify,0x1fe14350e72ed606c8850a16d91d5500c18274b7a19852dacf7c4164f78d820b,46517369,583,2026-05-26,,,1508,1514,-1698531896660,,,,1
modify,0x1fe14350e72ed606c8850a16d91d5500c18274b7a19852dacf7c4164f78d820b,46517512,304,2026-05-26,,,1499,1519,1479530058638,,,,1
modify,0x1fe14350e72ed606c8850a16d91d5500c18274b7a19852dacf7c4164f78d820b,46517591,1370,2026-05-26,,,1510,1514,2708934386871,,,,1
modify,0x1fe14350e72ed606c8850a16d91d5500c18274b7a19852dacf7c4164f78d820b,46517870,433,2026-05-26,,,1510,1514,-2708934386871,,,,1
modify,0x1fe14350e72ed606c8850a16d91d5500c18274b7a19852dacf7c4164f78d820b,46518929,534,2026-05-26,,,1511,1516,2482666887508,,,,1
modify,0x1fe14350e72ed606c8850a16d91d5500c18274b7a19852dacf7c4164f78d820b,46519432,481,2026-05-26,,,1503,1518,21499797512321,,,,1
modify,0x1fe14350e72ed606c8850a16d91d5500c18274b7a19852dacf7c4164f78d820b,46520549,82,2026-05-26,,,1511,1516,-2482666887508,,,,1
modify,0x1fe14350e72ed606c8850a16d91d5500c18274b7a19852dacf7c4164f78d820b,46524795,163,2026-05-26,,,1497,1516,-2374718155845,,,,1
modify,0x1fe14350e72ed606c8850a16d91d5500c18274b7a19852dacf7c4164f78d820b,46526564,817,2026-05-26,,,1503,1518,-21499797512321,,,,1
modify,0x1fe14350e72ed606c8850a16d91d5500c18274b7a19852dacf7c4164f78d820b,46528863,485,2026-05-26,,,1505,1529,1843349124374,,,,1
price,0x1fe14350e72ed606c8850a16d91d5500c18274b7a19852dacf7c4164f78d820b,46536060,234,2026-05-26,,,,,,85498225727531772997688941628,1523,21837216952628,2312
modify,0x1fe14350e72ed606c8850a16d91d5500c18274b7a19852dacf7c4164f78d820b,46547653,747,2026-05-27,,,1505,1529,-1843349124374,,,,1
modify,0x1fe14350e72ed606c8850a16d91d5500c18274b7a19852dacf7c4164f78d820b,46548747,172,2026-05-27,,,1510,1540,1538716093604,,,,1
modify,0x1fe14350e72ed606c8850a16d91d5500c18274b7a19852dacf7c4164f78d820b,46557280,583,2026-05-27,,,1510,1540,-1538716093604,,,,1
modify,0x1fe14350e72ed606c8850a16d91d5500c18274b7a19852dacf7c4164f78d820b,46557322,341,2026-05-27,,,1496,1521,1782156511673,,,,1
modify,0x1fe14350e72ed606c8850a16d91d5500c18274b7a19852dacf7c4164f78d820b,46558277,251,2026-05-27,,,1499,1519,868184804490,,,,1
modify,0x1fe14350e72ed606c8850a16d91d5500c18274b7a19852dacf7c4164f78d820b,46558876,564,2026-05-27,,,1441,1655,0,,,,1
modify,0x1fe14350e72ed606c8850a16d91d5500c18274b7a19852dacf7c4164f78d820b,46566515,339,2026-05-27,,,1505,1516,629243522036,,,,1
modify,0x1fe14350e72ed606c8850a16d91d5500c18274b7a19852dacf7c4164f78d820b,46570398,911,2026-05-27,,,1404,1684,79022159330,,,,1
modify,0x1fe14350e72ed606c8850a16d91d5500c18274b7a19852dacf7c4164f78d820b,46572404,646,2026-05-27,,,1496,1521,-1782156511673,,,,1
modify,0x1fe14350e72ed606c8850a16d91d5500c18274b7a19852dacf7c4164f78d820b,46572480,203,2026-05-27,,,1479,1514,1308511202644,,,,1
modify,0x1fe14350e72ed606c8850a16d91d5500c18274b7a19852dacf7c4164f78d820b,46574754,338,2026-05-27,,,1505,1516,-629243522036,,,,1
modify,0x1fe14350e72ed606c8850a16d91d5500c18274b7a19852dacf7c4164f78d820b,46574826,197,2026-05-27,,,1479,1499,365932719917,,,,1
modify,0x1fe14350e72ed606c8850a16d91d5500c18274b7a19852dacf7c4164f78d820b,46575159,476,2026-05-27,,,1474,1494,11439030072644,,,,1
modify,0x1fe14350e72ed606c8850a16d91d5500c18274b7a19852dacf7c4164f78d820b,46576212,382,2026-05-27,,,1479,1499,-365932719917,,,,1
modify,0x1fe14350e72ed606c8850a16d91d5500c18274b7a19852dacf7c4164f78d820b,46576271,843,2026-05-27,,,1463,1493,236966982001,,,,1
price,0x1fe14350e72ed606c8850a16d91d5500c18274b7a19852dacf7c4164f78d820b,46579303,523,2026-05-27,,,,,,85342773664979023411817196599,1486,18661619230478,2382
modify,0x1fe14350e72ed606c8850a16d91d5500c18274b7a19852dacf7c4164f78d820b,46579689,535,2026-05-28,,,1467,1613,17292566322,,,,1
modify,0x1fe14350e72ed606c8850a16d91d5500c18274b7a19852dacf7c4164f78d820b,46579751,789,2026-05-28,,,1467,1613,883983885623,,,,1
modify,0x1fe14350e72ed606c8850a16d91d5500c18274b7a19852dacf7c4164f78d820b,46579763,477,2026-05-28,,,1467,1613,142040620998,,,,1
modify,0x1fe14350e72ed606c8850a16d91d5500c18274b7a19852dacf7c4164f78d820b,46581763,21,2026-05-28,,,1467,1613,-521658536471,,,,1
modify,0x1fe14350e72ed606c8850a16d91d5500c18274b7a19852dacf7c4164f78d820b,46582726,624,2026-05-28,,,1474,1494,-11439030072644,,,,1
modify,0x1fe14350e72ed606c8850a16d91d5500c18274b7a19852dacf7c4164f78d820b,46587705,871,2026-05-28,,,1479,1514,-1308511202644,,,,1
modify,0x1fe14350e72ed606c8850a16d91d5500c18274b7a19852dacf7c4164f78d820b,46587783,240,2026-05-28,,,1483,1510,1696816785386,,,,1
modify,0x1fe14350e72ed606c8850a16d91d5500c18274b7a19852dacf7c4164f78d820b,46591724,1317,2026-05-28,,,1483,1510,-1696816785386,,,,1
modify,0x1fe14350e72ed606c8850a16d91d5500c18274b7a19852dacf7c4164f78d820b,46591727,149,2026-05-28,,,1490,1549,-7211327075751,,,,1
modify,0x1fe14350e72ed606c8850a16d91d5500c18274b7a19852dacf7c4164f78d820b,46592526,117,2026-05-28,,,1463,1493,-236966982001,,,,1
modify,0x1fe14350e72ed606c8850a16d91d5500c18274b7a19852dacf7c4164f78d820b,46592562,647,2026-05-28,,,1505,1526,341864095069,,,,1
modify,0x1fe14350e72ed606c8850a16d91d5500c18274b7a19852dacf7c4164f78d820b,46593263,443,2026-05-28,,,1490,1549,854696724668,,,,1
modify,0x1fe14350e72ed606c8850a16d91d5500c18274b7a19852dacf7c4164f78d820b,46596124,372,2026-05-28,,,1505,1526,-341864095069,,,,1
modify,0x1fe14350e72ed606c8850a16d91d5500c18274b7a19852dacf7c4164f78d820b,46596201,709,2026-05-28,,,1521,1541,369096113917,,,,1
modify,0x1fe14350e72ed606c8850a16d91d5500c18274b7a19852dacf7c4164f78d820b,46596611,755,2026-05-28,,,1460,1635,0,,,,1
modify,0x1fe14350e72ed606c8850a16d91d5500c18274b7a19852dacf7c4164f78d820b,46596991,7,2026-05-28,,,1467,1613,-521658536472,,,,1
modify,0x1fe14350e72ed606c8850a16d91d5500c18274b7a19852dacf7c4164f78d820b,46599139,255,2026-05-28,,,1469,1533,-87047012336,,,,1
modify,0x1fe14350e72ed606c8850a16d91d5500c18274b7a19852dacf7c4164f78d820b,46599902,216,2026-05-28,,,1527,1535,585770874027,,,,1
modify,0x1fe14350e72ed606c8850a16d91d5500c18274b7a19852dacf7c4164f78d820b,46600853,602,2026-05-28,,,1490,1549,2611350383773,,,,1
modify,0x1fe14350e72ed606c8850a16d91d5500c18274b7a19852dacf7c4164f78d820b,46602352,393,2026-05-28,,,1347,1947,-12196577579,,,,1
modify,0x1fe14350e72ed606c8850a16d91d5500c18274b7a19852dacf7c4164f78d820b,46603595,437,2026-05-28,,,1527,1535,-585770874027,,,,1
modify,0x1fe14350e72ed606c8850a16d91d5500c18274b7a19852dacf7c4164f78d820b,46611206,313,2026-05-28,,,1516,1548,1376047497222,,,,1
price,0x1fe14350e72ed606c8850a16d91d5500c18274b7a19852dacf7c4164f78d820b,46622518,493,2026-05-28,,,,,,85491970726153317654027693656,1521,17973510041498,2149
modify,0x1fe14350e72ed606c8850a16d91d5500c18274b7a19852dacf7c4164f78d820b,46632985,599,2026-05-29,,,1516,1548,-1376047497222,,,,1
modify,0x1fe14350e72ed606c8850a16d91d5500c18274b7a19852dacf7c4164f78d820b,46633061,235,2026-05-29,,,1504,1544,1140638482115,,,,1
modify,0x1fe14350e72ed606c8850a16d91d5500c18274b7a19852dacf7c4164f78d820b,46636762,29,2026-05-29,,,1371,1664,0,,,,1
modify,0x1fe14350e72ed606c8850a16d91d5500c18274b7a19852dacf7c4164f78d820b,46636776,86,2026-05-29,,,1371,1664,0,,,,1
modify,0x1fe14350e72ed606c8850a16d91d5500c18274b7a19852dacf7c4164f78d820b,46639145,361,2026-05-29,,,1521,1541,-369096113917,,,,1
modify,0x1fe14350e72ed606c8850a16d91d5500c18274b7a19852dacf7c4164f78d820b,46639202,417,2026-05-29,,,1537,1567,244534750797,,,,1
modify,0x1fe14350e72ed606c8850a16d91d5500c18274b7a19852dacf7c4164f78d820b,46649198,649,2026-05-29,,,1520,1560,747386676736,,,,1
modify,0x1fe14350e72ed606c8850a16d91d5500c18274b7a19852dacf7c4164f78d820b,46650044,95,2026-05-29,,,1524,1554,7019495242807,,,,1
modify,0x1fe14350e72ed606c8850a16d91d5500c18274b7a19852dacf7c4164f78d820b,46650726,395,2026-05-29,,,1504,1544,-1140638482115,,,,1
modify,0x1fe14350e72ed606c8850a16d91d5500c18274b7a19852dacf7c4164f78d820b,46650769,228,2026-05-29,,,1529,1549,2283220479423,,,,1
modify,0x1fe14350e72ed606c8850a16d91d5500c18274b7a19852dacf7c4164f78d820b,46652690,213,2026-05-29,,,1520,1560,-747386676736,,,,1
modify,0x1fe14350e72ed606c8850a16d91d5500c18274b7a19852dacf7c4164f78d820b,46655453,395,2026-05-29,,,1347,1947,-96596894428,,,,1
modify,0x1fe14350e72ed606c8850a16d91d5500c18274b7a19852dacf7c4164f78d820b,46661688,152,2026-05-29,,,1537,1567,-244534750797,,,,1
modify,0x1fe14350e72ed606c8850a16d91d5500c18274b7a19852dacf7c4164f78d820b,46661743,369,2026-05-29,,,1526,1547,345976957195,,,,1
price,0x1fe14350e72ed606c8850a16d91d5500c18274b7a19852dacf7c4164f78d820b,46665673,155,2026-05-29,,,,,,85554043480652438712769912161,1536,26296208879833,2620
modify,0x1fe14350e72ed606c8850a16d91d5500c18274b7a19852dacf7c4164f78d820b,46666132,13,2026-05-30,,,1320,1728,0,,,,1
modify,0x1fe14350e72ed606c8850a16d91d5500c18274b7a19852dacf7c4164f78d820b,46669755,561,2026-05-30,,,1535,1540,92116685510057,,,,1
modify,0x1fe14350e72ed606c8850a16d91d5500c18274b7a19852dacf7c4164f78d820b,46669817,465,2026-05-30,,,1535,1540,-69087514132542,,,,1
modify,0x1fe14350e72ed606c8850a16d91d5500c18274b7a19852dacf7c4164f78d820b,46671310,684,2026-05-30,,,1519,1548,42924786426071,,,,1
modify,0x1fe14350e72ed606c8850a16d91d5500c18274b7a19852dacf7c4164f78d820b,46673399,35,2026-05-30,,,1524,1554,-7019495242807,,,,1
modify,0x1fe14350e72ed606c8850a16d91d5500c18274b7a19852dacf7c4164f78d820b,46675150,86,2026-05-30,,,1529,1549,-2283220479423,,,,1
modify,0x1fe14350e72ed606c8850a16d91d5500c18274b7a19852dacf7c4164f78d820b,46675196,208,2026-05-30,,,1534,1542,5494494597793,,,,1
modify,0x1fe14350e72ed606c8850a16d91d5500c18274b7a19852dacf7c4164f78d820b,46678618,207,2026-05-30,,,1526,1547,-345976957195,,,,1
modify,0x1fe14350e72ed606c8850a16d91d5500c18274b7a19852dacf7c4164f78d820b,46678688,331,2026-05-30,,,1535,1540,1470654227900,,,,1
modify,0x1fe14350e72ed606c8850a16d91d5500c18274b7a19852dacf7c4164f78d820b,46679212,426,2026-05-30,,,1468,1553,0,,,,1
modify,0x1fe14350e72ed606c8850a16d91d5500c18274b7a19852dacf7c4164f78d820b,46680152,139,2026-05-30,,,1519,1548,-32193589819553,,,,1
modify,0x1fe14350e72ed606c8850a16d91d5500c18274b7a19852dacf7c4164f78d820b,46684673,17,2026-05-30,,,1571,1678,0,,,,1
modify,0x1fe14350e72ed606c8850a16d91d5500c18274b7a19852dacf7c4164f78d820b,46684689,620,2026-05-30,,,1571,1678,0,,,,1
modify,0x1fe14350e72ed606c8850a16d91d5500c18274b7a19852dacf7c4164f78d820b,46689089,363,2026-05-30,,,1519,1548,-10731196606518,,,,1
modify,0x1fe14350e72ed606c8850a16d91d5500c18274b7a19852dacf7c4164f78d820b,46692122,288,2026-05-30,,,1535,1540,51217150694309,,,,1
modify,0x1fe14350e72ed606c8850a16d91d5500c18274b7a19852dacf7c4164f78d820b,46700622,409,2026-05-30,,,1456,1654,13665653505,,,,1
modify,0x1fe14350e72ed606c8850a16d91d5500c18274b7a19852dacf7c4164f78d820b,46701004,536,2026-05-30,,,1459,1652,6135211576,,,,1
modify,0x1fe14350e72ed606c8850a16d91d5500c18274b7a19852dacf7c4164f78d820b,46701619,280,2026-05-30,,,1534,1542,-5494494597793,,,,1
modify,0x1fe14350e72ed606c8850a16d91d5500c18274b7a19852dacf7c4164f78d820b,46701695,53,2026-05-30,,,1534,1540,7274557067305,,,,1
price,0x1fe14350e72ed606c8850a16d91d5500c18274b7a19852dacf7c4164f78d820b,46708856,257,2026-05-30,,,,,,85557961177048272095279105599,1537,99658850432518,1930
modify,0x1fe14350e72ed606c8850a16d91d5500c18274b7a19852dacf7c4164f78d820b,46711190,72,2026-05-31,,,1347,1947,-44434571436,,,,1
modify,0x1fe14350e72ed606c8850a16d91d5500c18274b7a19852dacf7c4164f78d820b,46714967,81,2026-05-31,,,1422,1644,0,,,,1
modify,0x1fe14350e72ed606c8850a16d91d5500c18274b7a19852dacf7c4164f78d820b,46715054,88,2026-05-31,,,1535,1540,-1470654227900,,,,1
modify,0x1fe14350e72ed606c8850a16d91d5500c18274b7a19852dacf7c4164f78d820b,46722174,213,2026-05-31,,,1371,1664,0,,,,1
modify,0x1fe14350e72ed606c8850a16d91d5500c18274b7a19852dacf7c4164f78d820b,46722187,383,2026-05-31,,,1371,1664,0,,,,1
modify,0x1fe14350e72ed606c8850a16d91d5500c18274b7a19852dacf7c4164f78d820b,46722192,360,2026-05-31,,,1371,1664,0,,,,1
modify,0x1fe14350e72ed606c8850a16d91d5500c18274b7a19852dacf7c4164f78d820b,46722199,212,2026-05-31,,,1371,1664,0,,,,1
modify,0x1fe14350e72ed606c8850a16d91d5500c18274b7a19852dacf7c4164f78d820b,46722237,182,2026-05-31,,,1371,1664,594905275,,,,1
modify,0x1fe14350e72ed606c8850a16d91d5500c18274b7a19852dacf7c4164f78d820b,46722898,551,2026-05-31,,,1534,1535,20507817888718,,,,1
modify,0x1fe14350e72ed606c8850a16d91d5500c18274b7a19852dacf7c4164f78d820b,46723662,470,2026-05-31,,,1534,1535,-20507817888718,,,,1
modify,0x1fe14350e72ed606c8850a16d91d5500c18274b7a19852dacf7c4164f78d820b,46723807,181,2026-05-31,,,1535,1536,25539409460043,,,,1
modify,0x1fe14350e72ed606c8850a16d91d5500c18274b7a19852dacf7c4164f78d820b,46723852,171,2026-05-31,,,1534,1540,0,,,,1
modify,0x1fe14350e72ed606c8850a16d91d5500c18274b7a19852dacf7c4164f78d820b,46723857,770,2026-05-31,,,1534,1540,-7274557067305,,,,1
modify,0x1fe14350e72ed606c8850a16d91d5500c18274b7a19852dacf7c4164f78d820b,46728818,216,2026-05-31,,,1535,1536,10364782543354,,,,1
modify,0x1fe14350e72ed606c8850a16d91d5500c18274b7a19852dacf7c4164f78d820b,46733670,19,2026-05-31,,,1535,1536,-35904192003397,,,,1
modify,0x1fe14350e72ed606c8850a16d91d5500c18274b7a19852dacf7c4164f78d820b,46735465,160,2026-05-31,,,1535,1540,0,,,,1
modify,0x1fe14350e72ed606c8850a16d91d5500c18274b7a19852dacf7c4164f78d820b,46735475,379,2026-05-31,,,1535,1540,-74246322071824,,,,1
modify,0x1fe14350e72ed606c8850a16d91d5500c18274b7a19852dacf7c4164f78d820b,46735898,394,2026-05-31,,,1347,1947,-533214857243,,,,1
modify,0x1fe14350e72ed606c8850a16d91d5500c18274b7a19852dacf7c4164f78d820b,46736040,161,2026-05-31,,,1524,1552,27571211840018,,,,1
modify,0x1fe14350e72ed606c8850a16d91d5500c18274b7a19852dacf7c4164f78d820b,46736061,473,2026-05-31,,,1524,1552,-20678408880013,,,,1
modify,0x1fe14350e72ed606c8850a16d91d5500c18274b7a19852dacf7c4164f78d820b,46742409,266,2026-05-31,,,1514,1541,1659830604684,,,,1
modify,0x1fe14350e72ed606c8850a16d91d5500c18274b7a19852dacf7c4164f78d820b,46742536,927,2026-05-31,,,1347,1947,-533214857244,,,,1
modify,0x1fe14350e72ed606c8850a16d91d5500c18274b7a19852dacf7c4164f78d820b,46745231,702,2026-05-31,,,1523,1527,259570239771,,,,1
modify,0x1fe14350e72ed606c8850a16d91d5500c18274b7a19852dacf7c4164f78d820b,46748366,465,2026-05-31,,,1524,1552,-6892802960005,,,,1
price,0x1fe14350e72ed606c8850a16d91d5500c18274b7a19852dacf7c4164f78d820b,46752059,249,2026-05-31,,,,,,85522835772327528483824072136,1529,16701131625048,2285
modify,0x1fe14350e72ed606c8850a16d91d5500c18274b7a19852dacf7c4164f78d820b,46754420,280,2026-06-01,,,1522,1548,4993037237303,,,,1
modify,0x1fe14350e72ed606c8850a16d91d5500c18274b7a19852dacf7c4164f78d820b,46757972,220,2026-06-01,,,1522,1542,8458299290681,,,,1
modify,0x1fe14350e72ed606c8850a16d91d5500c18274b7a19852dacf7c4164f78d820b,46762099,240,2026-06-01,,,1523,1527,-259570239771,,,,1
modify,0x1fe14350e72ed606c8850a16d91d5500c18274b7a19852dacf7c4164f78d820b,46766077,153,2026-06-01,,,1514,1541,-1659830604684,,,,1
modify,0x1fe14350e72ed606c8850a16d91d5500c18274b7a19852dacf7c4164f78d820b,46766172,265,2026-06-01,,,1483,1535,867203037913,,,,1
modify,0x1fe14350e72ed606c8850a16d91d5500c18274b7a19852dacf7c4164f78d820b,46769663,342,2026-06-01,,,1522,1542,-8458299290681,,,,1
modify,0x1fe14350e72ed606c8850a16d91d5500c18274b7a19852dacf7c4164f78d820b,46770006,3,2026-06-01,,,1472,1692,0,,,,1
modify,0x1fe14350e72ed606c8850a16d91d5500c18274b7a19852dacf7c4164f78d820b,46794335,370,2026-06-01,,,1483,1535,-867203037913,,,,1
modify,0x1fe14350e72ed606c8850a16d91d5500c18274b7a19852dacf7c4164f78d820b,46794428,650,2026-06-01,,,1498,1540,1079063327430,,,,1
price,0x1fe14350e72ed606c8850a16d91d5500c18274b7a19852dacf7c4164f78d820b,46795184,258,2026-06-01,,,,,,85477791726078843333340608567,1518,18505568799890,1856
modify,0x1fe14350e72ed606c8850a16d91d5500c18274b7a19852dacf7c4164f78d820b,46804148,250,2026-06-02,,,1522,1548,-4993037237303,,,,1
modify,0x1fe14350e72ed606c8850a16d91d5500c18274b7a19852dacf7c4164f78d820b,46814124,501,2026-06-02,,,1504,1524,14392158218199,,,,1
modify,0x1fe14350e72ed606c8850a16d91d5500c18274b7a19852dacf7c4164f78d820b,46814881,85,2026-06-02,,,1571,1678,-222572998190,,,,1
modify,0x1fe14350e72ed606c8850a16d91d5500c18274b7a19852dacf7c4164f78d820b,46815004,870,2026-06-02,,,1510,1613,230874768400,,,,1
modify,0x1fe14350e72ed606c8850a16d91d5500c18274b7a19852dacf7c4164f78d820b,46815269,545,2026-06-02,,,1510,1613,-115437384200,,,,1
modify,0x1fe14350e72ed606c8850a16d91d5500c18274b7a19852dacf7c4164f78d820b,46817042,32,2026-06-02,,,1504,1524,-14392158218199,,,,1
modify,0x1fe14350e72ed606c8850a16d91d5500c18274b7a19852dacf7c4164f78d820b,46827499,4,2026-06-02,,,1456,1654,-10249240128,,,,1
price,0x1fe14350e72ed606c8850a16d91d5500c18274b7a19852dacf7c4164f78d820b,46838495,194,2026-06-02,,,,,,85411976159170129982180520782,1503,18495315848512,1776
modify,0x1fe14350e72ed606c8850a16d91d5500c18274b7a19852dacf7c4164f78d820b,46838927,39,2026-06-03,,,1489,1509,386932208271,,,,1
modify,0x1fe14350e72ed606c8850a16d91d5500c18274b7a19852dacf7c4164f78d820b,46839042,42,2026-06-03,,,1481,1516,128760943204,,,,1
modify,0x1fe14350e72ed606c8850a16d91d5500c18274b7a19852dacf7c4164f78d820b,46839219,146,2026-06-03,,,1468,1526,178867444654,,,,1
modify,0x1fe14350e72ed606c8850a16d91d5500c18274b7a19852dacf7c4164f78d820b,46839723,29,2026-06-03,,,1493,1516,3125987501526,,,,1
modify,0x1fe14350e72ed606c8850a16d91d5500c18274b7a19852dacf7c4164f78d820b,46840202,99,2026-06-03,,,1498,1540,-1079063327430,,,,1
modify,0x1fe14350e72ed606c8850a16d91d5500c18274b7a19852dacf7c4164f78d820b,46840246,202,2026-06-03,,,1474,1516,1099515664641,,,,1
modify,0x1fe14350e72ed606c8850a16d91d5500c18274b7a19852dacf7c4164f78d820b,46843820,428,2026-06-03,,,1320,1728,-52637385556,,,,1
modify,0x1fe14350e72ed606c8850a16d91d5500c18274b7a19852dacf7c4164f78d820b,46844877,313,2026-06-03,,,1476,1516,2920008507,,,,1
modify,0x1fe14350e72ed606c8850a16d91d5500c18274b7a19852dacf7c4164f78d820b,46846272,462,2026-06-03,,,1476,1516,1227849883,,,,1
modify,0x1fe14350e72ed606c8850a16d91d5500c18274b7a19852dacf7c4164f78d820b,46846600,738,2026-06-03,,,1371,1664,0,,,,1
modify,0x1fe14350e72ed606c8850a16d91d5500c18274b7a19852dacf7c4164f78d820b,46846607,309,2026-06-03,,,1371,1664,0,,,,1
modify,0x1fe14350e72ed606c8850a16d91d5500c18274b7a19852dacf7c4164f78d820b,46846610,655,2026-06-03,,,1371,1664,0,,,,1
modify,0x1fe14350e72ed606c8850a16d91d5500c18274b7a19852dacf7c4164f78d820b,46846634,116,2026-06-03,,,1371,1664,249737885,,,,1
modify,0x1fe14350e72ed606c8850a16d91d5500c18274b7a19852dacf7c4164f78d820b,46846803,29,2026-06-03,,,1371,1664,3395343605,,,,1
modify,0x1fe14350e72ed606c8850a16d91d5500c18274b7a19852dacf7c4164f78d820b,46848378,1,2026-06-03,,,1467,1518,4371885722537,,,,1
modify,0x1fe14350e72ed606c8850a16d91d5500c18274b7a19852dacf7c4164f78d820b,46848695,258,2026-06-03,,,1490,1549,-10677374184193,,,,1
modify,0x1fe14350e72ed606c8850a16d91d5500c18274b7a19852dacf7c4164f78d820b,46848930,639,2026-06-03,,,1467,1518,11783901529854,,,,1
modify,0x1fe14350e72ed606c8850a16d91d5500c18274b7a19852dacf7c4164f78d820b,46854259,445,2026-06-03,,,1493,1516,-3125987501526,,,,1
modify,0x1fe14350e72ed606c8850a16d91d5500c18274b7a19852dacf7c4164f78d820b,46857880,25,2026-06-03,,,1510,1613,-115437384200,,,,1
modify,0x1fe14350e72ed606c8850a16d91d5500c18274b7a19852dacf7c4164f78d820b,46857959,94,2026-06-03,,,1482,1570,135105597200,,,,1
modify,0x1fe14350e72ed606c8850a16d91d5500c18274b7a19852dacf7c4164f78d820b,46864927,544,2026-06-03,,,1347,1833,1714449995,,,,1
modify,0x1fe14350e72ed606c8850a16d91d5500c18274b7a19852dacf7c4164f78d820b,46864975,74,2026-06-03,,,1347,1833,621425057,,,,1
modify,0x1fe14350e72ed606c8850a16d91d5500c18274b7a19852dacf7c4164f78d820b,46866007,216,2026-06-03,,,1484,1486,23820044987818,,,,1
modify,0x1fe14350e72ed606c8850a16d91d5500c18274b7a19852dacf7c4164f78d820b,46868390,356,2026-06-03,,,1371,1664,278173616,,,,1
modify,0x1fe14350e72ed606c8850a16d91d5500c18274b7a19852dacf7c4164f78d820b,46870897,56,2026-06-03,,,1474,1516,-1099515664641,,,,1
modify,0x1fe14350e72ed606c8850a16d91d5500c18274b7a19852dacf7c4164f78d820b,46870938,614,2026-06-03,,,1473,1510,1245238321608,,,,1
modify,0x1fe14350e72ed606c8850a16d91d5500c18274b7a19852dacf7c4164f78d820b,46871625,423,2026-06-03,,,1467,1518,-5008294048241,,,,1
modify,0x1fe14350e72ed606c8850a16d91d5500c18274b7a19852dacf7c4164f78d820b,46877758,217,2026-06-03,,,1484,1486,-23820044987818,,,,1
modify,0x1fe14350e72ed606c8850a16d91d5500c18274b7a19852dacf7c4164f78d820b,46878377,94,2026-06-03,,,1465,1528,11706027489665,,,,1
price,0x1fe14350e72ed606c8850a16d91d5500c18274b7a19852dacf7c4164f78d820b,46881686,599,2026-06-03,,,,,,85357750372904693555332870396,1490,29266747544895,2330
modify,0x1fe14350e72ed606c8850a16d91d5500c18274b7a19852dacf7c4164f78d820b,46888393,286,2026-06-04,,,1473,1510,-1245238321608,,,,1
modify,0x1fe14350e72ed606c8850a16d91d5500c18274b7a19852dacf7c4164f78d820b,46888988,552,2026-06-04,,,1492,1520,1603748732955,,,,1
modify,0x1fe14350e72ed606c8850a16d91d5500c18274b7a19852dacf7c4164f78d820b,46911352,214,2026-06-04,,,1492,1520,-1603748732955,,,,1
modify,0x1fe14350e72ed606c8850a16d91d5500c18274b7a19852dacf7c4164f78d820b,46911507,457,2026-06-04,,,1469,1519,931099889605,,,,1
modify,0x1fe14350e72ed606c8850a16d91d5500c18274b7a19852dacf7c4164f78d820b,46916627,120,2026-06-04,,,1469,1519,-931099889605,,,,1
modify,0x1fe14350e72ed606c8850a16d91d5500c18274b7a19852dacf7c4164f78d820b,46916646,512,2026-06-04,,,1484,1504,2428639128135,,,,1
modify,0x1fe14350e72ed606c8850a16d91d5500c18274b7a19852dacf7c4164f78d820b,46924260,543,2026-06-04,,,1467,1518,4299167414567,,,,1
modify,0x1fe14350e72ed606c8850a16d91d5500c18274b7a19852dacf7c4164f78d820b,46924408,17,2026-06-04,,,1467,1518,1390587606745,,,,1
price,0x1fe14350e72ed606c8850a16d91d5500c18274b7a19852dacf7c4164f78d820b,46924914,665,2026-06-04,,,,,,85389006696266040986486269497,1497,36150514113344,2917
modify,0x1fe14350e72ed606c8850a16d91d5500c18274b7a19852dacf7c4164f78d820b,46929004,504,2026-06-05,,,1484,1504,-2428639128135,,,,1
modify,0x1fe14350e72ed606c8850a16d91d5500c18274b7a19852dacf7c4164f78d820b,46937285,438,2026-06-05,,,1489,1509,-386932208271,,,,1
modify,0x1fe14350e72ed606c8850a16d91d5500c18274b7a19852dacf7c4164f78d820b,46937494,27,2026-06-05,,,1481,1516,-128760943204,,,,1
modify,0x1fe14350e72ed606c8850a16d91d5500c18274b7a19852dacf7c4164f78d820b,46937710,357,2026-06-05,,,1459,1570,1565855062829,,,,1
modify,0x1fe14350e72ed606c8850a16d91d5500c18274b7a19852dacf7c4164f78d820b,46937920,431,2026-06-05,,,1480,1492,4285415947661,,,,1
modify,0x1fe14350e72ed606c8850a16d91d5500c18274b7a19852dacf7c4164f78d820b,46938662,15,2026-06-05,,,1371,1664,0,,,,1
modify,0x1fe14350e72ed606c8850a16d91d5500c18274b7a19852dacf7c4164f78d820b,46938672,41,2026-06-05,,,1371,1664,0,,,,1
modify,0x1fe14350e72ed606c8850a16d91d5500c18274b7a19852dacf7c4164f78d820b,46938683,1114,2026-06-05,,,1371,1664,0,,,,1
modify,0x1fe14350e72ed606c8850a16d91d5500c18274b7a19852dacf7c4164f78d820b,46940578,372,2026-06-05,,,1468,1553,-1421128783246,,,,1
modify,0x1fe14350e72ed606c8850a16d91d5500c18274b7a19852dacf7c4164f78d820b,46941187,316,2026-06-05,,,1369,1549,426710524627,,,,1
modify,0x1fe14350e72ed606c8850a16d91d5500c18274b7a19852dacf7c4164f78d820b,46941751,639,2026-06-05,,,1460,1663,-320668354973,,,,1
modify,0x1fe14350e72ed606c8850a16d91d5500c18274b7a19852dacf7c4164f78d820b,46942119,598,2026-06-05,,,1415,1652,258681989575,,,,1
modify,0x1fe14350e72ed606c8850a16d91d5500c18274b7a19852dacf7c4164f78d820b,46942139,404,2026-06-05,,,1415,1652,3702850673,,,,1
modify,0x1fe14350e72ed606c8850a16d91d5500c18274b7a19852dacf7c4164f78d820b,46942396,26,2026-06-05,,,1415,1652,11735252248,,,,1
modify,0x1fe14350e72ed606c8850a16d91d5500c18274b7a19852dacf7c4164f78d820b,46942408,110,2026-06-05,,,1467,1518,-16837248225462,,,,1
modify,0x1fe14350e72ed606c8850a16d91d5500c18274b7a19852dacf7c4164f78d820b,46942434,143,2026-06-05,,,1415,1652,362885100,,,,1
modify,0x1fe14350e72ed606c8850a16d91d5500c18274b7a19852dacf7c4164f78d820b,46942552,517,2026-06-05,,,1410,1440,119093230872,,,,1
modify,0x1fe14350e72ed606c8850a16d91d5500c18274b7a19852dacf7c4164f78d820b,46942583,584,2026-06-05,,,1398,1483,7040569464190,,,,1
modify,0x1fe14350e72ed606c8850a16d91d5500c18274b7a19852dacf7c4164f78d820b,46942852,249,2026-06-05,,,1410,1440,-119093230872,,,,1
modify,0x1fe14350e72ed606c8850a16d91d5500c18274b7a19852dacf7c4164f78d820b,46945213,533,2026-06-05,,,1390,1590,0,,,,1
modify,0x1fe14350e72ed606c8850a16d91d5500c18274b7a19852dacf7c4164f78d820b,46945464,642,2026-06-05,,,1369,1549,-106677631156,,,,1
modify,0x1fe14350e72ed606c8850a16d91d5500c18274b7a19852dacf7c4164f78d820b,46945651,1223,2026-06-05,,,1327,1635,200808697907,,,,1
modify,0x1fe14350e72ed606c8850a16d91d5500c18274b7a19852dacf7c4164f78d820b,46946343,460,2026-06-05,,,1260,1708,0,,,,1
modify,0x1fe14350e72ed606c8850a16d91d5500c18274b7a19852dacf7c4164f78d820b,46946549,330,2026-06-05,,,1260,1708,-14340259370,,,,1
modify,0x1fe14350e72ed606c8850a16d91d5500c18274b7a19852dacf7c4164f78d820b,46947353,646,2026-06-05,,,1465,1528,-11706027489665,,,,1
modify,0x1fe14350e72ed606c8850a16d91d5500c18274b7a19852dacf7c4164f78d820b,46947962,252,2026-06-05,,,1390,1591,3738288747671,,,,1
modify,0x1fe14350e72ed606c8850a16d91d5500c18274b7a19852dacf7c4164f78d820b,46950221,535,2026-06-05,,,1405,1425,6508405062116,,,,1
modify,0x1fe14350e72ed606c8850a16d91d5500c18274b7a19852dacf7c4164f78d820b,46951875,76,2026-06-05,,,1395,1433,8341043669432,,,,1
modify,0x1fe14350e72ed606c8850a16d91d5500c18274b7a19852dacf7c4164f78d820b,46954747,79,2026-06-05,,,1412,1425,3633555737165,,,,1
modify,0x1fe14350e72ed606c8850a16d91d5500c18274b7a19852dacf7c4164f78d820b,46959218,456,2026-06-05,,,1415,1652,-274482977596,,,,1
modify,0x1fe14350e72ed606c8850a16d91d5500c18274b7a19852dacf7c4164f78d820b,46959322,2,2026-06-05,,,1380,1440,6147807146032,,,,1
modify,0x1fe14350e72ed606c8850a16d91d5500c18274b7a19852dacf7c4164f78d820b,46959383,54,2026-06-05,,,1299,1731,150316660208,,,,1
modify,0x1fe14350e72ed606c8850a16d91d5500c18274b7a19852dacf7c4164f78d820b,46959404,399,2026-06-05,,,1299,1731,311526160,,,,1
modify,0x1fe14350e72ed606c8850a16d91d5500c18274b7a19852dacf7c4164f78d820b,46959575,575,2026-06-05,,,1404,1684,-79022159330,,,,1
modify,0x1fe14350e72ed606c8850a16d91d5500c18274b7a19852dacf7c4164f78d820b,46959714,159,2026-06-05,,,1348,1516,130675432204,,,,1
modify,0x1fe14350e72ed606c8850a16d91d5500c18274b7a19852dacf7c4164f78d820b,46959823,1,2026-06-05,,,1380,1440,-6147807146032,,,,1
modify,0x1fe14350e72ed606c8850a16d91d5500c18274b7a19852dacf7c4164f78d820b,46960013,427,2026-06-05,,,1322,1537,87520249246,,,,1
modify,0x1fe14350e72ed606c8850a16d91d5500c18274b7a19852dacf7c4164f78d820b,46964633,435,2026-06-05,,,1474,1521,-37489588968,,,,1
modify,0x1fe14350e72ed606c8850a16d91d5500c18274b7a19852dacf7c4164f78d820b,46965267,348,2026-06-05,,,1396,1420,1763578515963,,,,1
modify,0x1fe14350e72ed606c8850a16d91d5500c18274b7a19852dacf7c4164f78d820b,46966477,16,2026-06-05,,,1405,1425,-6508405062116,,,,1
price,0x1fe14350e72ed606c8850a16d91d5500c18274b7a19852dacf7c4164f78d820b,46968089,435,2026-06-05,,,,,,84989421675370582398336219472,1403,22828306683431,2838
modify,0x1fe14350e72ed606c8850a16d91d5500c18274b7a19852dacf7c4164f78d820b,46970273,1422,2026-06-06,,,1377,1426,126765507674,,,,1
modify,0x1fe14350e72ed606c8850a16d91d5500c18274b7a19852dacf7c4164f78d820b,46970582,24,2026-06-06,,,1468,1526,-178867444654,,,,1
modify,0x1fe14350e72ed606c8850a16d91d5500c18274b7a19852dacf7c4164f78d820b,46975760,316,2026-06-06,,,1476,1516,-4147858390,,,,1
modify,0x1fe14350e72ed606c8850a16d91d5500c18274b7a19852dacf7c4164f78d820b,46975837,137,2026-06-06,,,1302,1502,847711604,,,,1
modify,0x1fe14350e72ed606c8850a16d91d5500c18274b7a19852dacf7c4164f78d820b,46977895,230,2026-06-06,,,1377,1426,-126765507674,,,,1
modify,0x1fe14350e72ed606c8850a16d91d5500c18274b7a19852dacf7c4164f78d820b,46978299,46,2026-06-06,,,1396,1406,29629176495901,,,,1
modify,0x1fe14350e72ed606c8850a16d91d5500c18274b7a19852dacf7c4164f78d820b,46978811,433,2026-06-06,,,1443,1543,-420369659170,,,,1
modify,0x1fe14350e72ed606c8850a16d91d5500c18274b7a19852dacf7c4164f78d820b,46978947,78,2026-06-06,,,1248,1548,141421601756,,,,1
modify,0x1fe14350e72ed606c8850a16d91d5500c18274b7a19852dacf7c4164f78d820b,46979103,4,2026-06-06,,,1398,1399,43180295599125,,,,1
modify,0x1fe14350e72ed606c8850a16d91d5500c18274b7a19852dacf7c4164f78d820b,46980135,668,2026-06-06,,,1398,1399,-43180295599125,,,,1
modify,0x1fe14350e72ed606c8850a16d91d5500c18274b7a19852dacf7c4164f78d820b,46983181,57,2026-06-06,,,703,1383,13959300891,,,,1
modify,0x1fe14350e72ed606c8850a16d91d5500c18274b7a19852dacf7c4164f78d820b,46988025,609,2026-06-06,,,1472,1692,-43586293302,,,,1
modify,0x1fe14350e72ed606c8850a16d91d5500c18274b7a19852dacf7c4164f78d820b,46990218,695,2026-06-06,,,1361,1444,213306055935,,,,1
modify,0x1fe14350e72ed606c8850a16d91d5500c18274b7a19852dacf7c4164f78d820b,46990882,291,2026-06-06,,,1361,1444,6795770626,,,,1
modify,0x1fe14350e72ed606c8850a16d91d5500c18274b7a19852dacf7c4164f78d820b,46992263,205,2026-06-06,,,1361,1444,564458729,,,,1
modify,0x1fe14350e72ed606c8850a16d91d5500c18274b7a19852dacf7c4164f78d820b,46995264,75,2026-06-06,,,1396,1420,-1763578515963,,,,1
modify,0x1fe14350e72ed606c8850a16d91d5500c18274b7a19852dacf7c4164f78d820b,46995307,718,2026-06-06,,,1388,1408,2086436319764,,,,1
modify,0x1fe14350e72ed606c8850a16d91d5500c18274b7a19852dacf7c4164f78d820b,46998115,502,2026-06-06,,,1397,1399,15683934203649,,,,1
modify,0x1fe14350e72ed606c8850a16d91d5500c18274b7a19852dacf7c4164f78d820b,47005865,66,2026-06-06,,,1322,1537,17914867413,,,,1
modify,0x1fe14350e72ed606c8850a16d91d5500c18274b7a19852dacf7c4164f78d820b,47007241,468,2026-06-06,,,1397,1399,-15683934203649,,,,1
modify,0x1fe14350e72ed606c8850a16d91d5500c18274b7a19852dacf7c4164f78d820b,47009571,561,2026-06-06,,,1398,1483,-7040569464190,,,,1
modify,0x1fe14350e72ed606c8850a16d91d5500c18274b7a19852dacf7c4164f78d820b,47009964,566,2026-06-06,,,1353,1453,3709934682259,,,,1
modify,0x1fe14350e72ed606c8850a16d91d5500c18274b7a19852dacf7c4164f78d820b,47010017,30,2026-06-06,,,1353,1453,2107740867087,,,,1
price,0x1fe14350e72ed606c8850a16d91d5500c18274b7a19852dacf7c4164f78d820b,47011326,218,2026-06-06,,,,,,84973391192583096000811686547,1400,51938297534352,2232
modify,0x1fe14350e72ed606c8850a16d91d5500c18274b7a19852dacf7c4164f78d820b,47013065,300,2026-06-07,,,1396,1406,-29629176495901,,,,1
modify,0x1fe14350e72ed606c8850a16d91d5500c18274b7a19852dacf7c4164f78d820b,47014941,378,2026-06-07,,,1157,1824,187826942053,,,,1
modify,0x1fe14350e72ed606c8850a16d91d5500c18274b7a19852dacf7c4164f78d820b,47016957,343,2026-06-07,,,1388,1408,-2086436319764,,,,1
modify,0x1fe14350e72ed606c8850a16d91d5500c18274b7a19852dacf7c4164f78d820b,47029212,459,2026-06-07,,,1248,1548,641853354,,,,1
modify,0x1fe14350e72ed606c8850a16d91d5500c18274b7a19852dacf7c4164f78d820b,47030606,251,2026-06-07,,,1368,1404,18304799160419,,,,1
modify,0x1fe14350e72ed606c8850a16d91d5500c18274b7a19852dacf7c4164f78d820b,47030852,407,2026-06-07,,,1380,1421,70632936769,,,,1
modify,0x1fe14350e72ed606c8850a16d91d5500c18274b7a19852dacf7c4164f78d820b,47038500,65,2026-06-07,,,1395,1433,-8341043669432,,,,1
modify,0x1fe14350e72ed606c8850a16d91d5500c18274b7a19852dacf7c4164f78d820b,47039538,282,2026-06-07,,,1368,1404,-18304799160419,,,,1
price,0x1fe14350e72ed606c8850a16d91d5500c18274b7a19852dacf7c4164f78d820b,47054501,830,2026-06-07,,,,,,85047179332101025637945618471,1417,15774298518596,2007
modify,0x1fe14350e72ed606c8850a16d91d5500c18274b7a19852dacf7c4164f78d820b,47056455,8,2026-06-08,,,1403,1423,11155695398368,,,,1
modify,0x1fe14350e72ed606c8850a16d91d5500c18274b7a19852dacf7c4164f78d820b,47057881,621,2026-06-08,,,1353,1453,-5817675549346,,,,1
modify,0x1fe14350e72ed606c8850a16d91d5500c18274b7a19852dacf7c4164f78d820b,47063057,697,2026-06-08,,,1403,1423,-2231139079673,,,,1
modify,0x1fe14350e72ed606c8850a16d91d5500c18274b7a19852dacf7c4164f78d820b,47063293,300,2026-06-08,,,1403,1423,-1784911263739,,,,1
modify,0x1fe14350e72ed606c8850a16d91d5500c18274b7a19852dacf7c4164f78d820b,47064033,27,2026-06-08,,,1403,1423,-7139645054956,,,,1
modify,0x1fe14350e72ed606c8850a16d91d5500c18274b7a19852dacf7c4164f78d820b,47067823,888,2026-06-08,,,1460,1635,-632813008614,,,,1
modify,0x1fe14350e72ed606c8850a16d91d5500c18274b7a19852dacf7c4164f78d820b,47072126,82,2026-06-08,,,1421,1439,250061950703,,,,1
modify,0x1fe14350e72ed606c8850a16d91d5500c18274b7a19852dacf7c4164f78d820b,47079042,75,2026-06-08,,,1421,1439,-250061950703,,,,1
price,0x1fe14350e72ed606c8850a16d91d5500c18274b7a19852dacf7c4164f78d820b,47097571,387,2026-06-08,,,,,,85125877075975897043538497276,1436,6418645956129,1577
modify,0x1fe14350e72ed606c8850a16d91d5500c18274b7a19852dacf7c4164f78d820b,47112395,791,2026-06-09,,,1422,1644,-166211660813,,,,1
modify,0x1fe14350e72ed606c8850a16d91d5500c18274b7a19852dacf7c4164f78d820b,47136826,89,2026-06-09,,,1380,1421,-70632936769,,,,1
modify,0x1fe14350e72ed606c8850a16d91d5500c18274b7a19852dacf7c4164f78d820b,47139202,98,2026-06-09,,,1398,1478,578122851726,,,,1
price,0x1fe14350e72ed606c8850a16d91d5500c18274b7a19852dacf7c4164f78d820b,47140716,222,2026-06-09,,,,,,85159239915509109105176023692,1443,6870454519560,1386
modify,0x1fe14350e72ed606c8850a16d91d5500c18274b7a19852dacf7c4164f78d820b,47169675,446,2026-06-10,,,1379,1491,151391178102,,,,1
modify,0x1fe14350e72ed606c8850a16d91d5500c18274b7a19852dacf7c4164f78d820b,47170261,319,2026-06-10,,,1379,1491,6845504692,,,,1
price,0x1fe14350e72ed606c8850a16d91d5500c18274b7a19852dacf7c4164f78d820b,47184099,73,2026-06-10,,,,,,85136600509076720879493873022,1438,6988793829836,1376
modify,0x1fe14350e72ed606c8850a16d91d5500c18274b7a19852dacf7c4164f78d820b,47190323,293,2026-06-11,,,1398,1478,0,,,,1
modify,0x1fe14350e72ed606c8850a16d91d5500c18274b7a19852dacf7c4164f78d820b,47190880,369,2026-06-11,,,1398,1478,-578122851726,,,,1
modify,0x1fe14350e72ed606c8850a16d91d5500c18274b7a19852dacf7c4164f78d820b,47190935,320,2026-06-11,,,1394,1460,702572411327,,,,1
modify,0x1fe14350e72ed606c8850a16d91d5500c18274b7a19852dacf7c4164f78d820b,47195551,2299,2026-06-11,,,1394,1460,-702572411327,,,,1
modify,0x1fe14350e72ed606c8850a16d91d5500c18274b7a19852dacf7c4164f78d820b,47200483,583,2026-06-11,,,1396,1429,7110014934383,,,,1
modify,0x1fe14350e72ed606c8850a16d91d5500c18274b7a19852dacf7c4164f78d820b,47200847,193,2026-06-11,,,1482,1570,-135105597200,,,,1
modify,0x1fe14350e72ed606c8850a16d91d5500c18274b7a19852dacf7c4164f78d820b,47200943,471,2026-06-11,,,1415,1487,164533705868,,,,1
modify,0x1fe14350e72ed606c8850a16d91d5500c18274b7a19852dacf7c4164f78d820b,47201080,76,2026-06-11,,,1396,1429,-7110014934383,,,,1
modify,0x1fe14350e72ed606c8850a16d91d5500c18274b7a19852dacf7c4164f78d820b,47203377,458,2026-06-11,,,1415,1487,-164533705868,,,,1
modify,0x1fe14350e72ed606c8850a16d91d5500c18274b7a19852dacf7c4164f78d820b,47203415,249,2026-06-11,,,1406,1501,124950824045,,,,1
modify,0x1fe14350e72ed606c8850a16d91d5500c18274b7a19852dacf7c4164f78d820b,47207153,1184,2026-06-11,,,1302,1502,63565447,,,,1
price,0x1fe14350e72ed606c8850a16d91d5500c18274b7a19852dacf7c4164f78d820b,47227153,315,2026-06-11,,,,,,85188724179908487017853135685,1450,6405265047045,1361
modify,0x1fe14350e72ed606c8850a16d91d5500c18274b7a19852dacf7c4164f78d820b,47232286,389,2026-06-12,,,1157,1824,14452988020,,,,1
modify,0x1fe14350e72ed606c8850a16d91d5500c18274b7a19852dacf7c4164f78d820b,47236954,278,2026-06-12,,,1412,1425,-3633555737165,,,,1
modify,0x1fe14350e72ed606c8850a16d91d5500c18274b7a19852dacf7c4164f78d820b,47237025,229,2026-06-12,,,1480,1492,-4285415947661,,,,1
modify,0x1fe14350e72ed606c8850a16d91d5500c18274b7a19852dacf7c4164f78d820b,47237059,84,2026-06-12,,,1459,1570,802957568096,,,,1
modify,0x1fe14350e72ed606c8850a16d91d5500c18274b7a19852dacf7c4164f78d820b,47239283,603,2026-06-12,,,1450,1463,8308631660905,,,,1
modify,0x1fe14350e72ed606c8850a16d91d5500c18274b7a19852dacf7c4164f78d820b,47254898,334,2026-06-12,,,1472,1692,-43586293302,,,,1
modify,0x1fe14350e72ed606c8850a16d91d5500c18274b7a19852dacf7c4164f78d820b,47255732,108,2026-06-12,,,1399,1654,37462874363,,,,1
modify,0x1fe14350e72ed606c8850a16d91d5500c18274b7a19852dacf7c4164f78d820b,47261083,218,2026-06-12,,,1459,1652,-6135211576,,,,1
price,0x1fe14350e72ed606c8850a16d91d5500c18274b7a19852dacf7c4164f78d820b,47270524,32,2026-06-12,,,,,,85206468404070677084529614156,1454,14765812570333,1011
modify,0x1fe14350e72ed606c8850a16d91d5500c18274b7a19852dacf7c4164f78d820b,47276335,254,2026-06-13,,,1369,1549,0,,,,1
modify,0x1fe14350e72ed606c8850a16d91d5500c18274b7a19852dacf7c4164f78d820b,47276371,377,2026-06-13,,,1369,1549,93100624496,,,,1
modify,0x1fe14350e72ed606c8850a16d91d5500c18274b7a19852dacf7c4164f78d820b,47295377,47,2026-06-13,,,1302,1502,105559190,,,,1
price,0x1fe14350e72ed606c8850a16d91d5500c18274b7a19852dacf7c4164f78d820b,47313383,958,2026-06-13,,,,,,85185615901510420151815456209,1450,14859018754019,412
modify,0x1fe14350e72ed606c8850a16d91d5500c18274b7a19852dacf7c4164f78d820b,47350363,478,2026-06-14,,,1361,1444,0,,,,1
modify,0x1fe14350e72ed606c8850a16d91d5500c18274b7a19852dacf7c4164f78d820b,47350372,27,2026-06-14,,,1361,1444,0,,,,1
modify,0x1fe14350e72ed606c8850a16d91d5500c18274b7a19852dacf7c4164f78d820b,47350613,248,2026-06-14,,,1361,1444,-220666285290,,,,1
modify,0x1fe14350e72ed606c8850a16d91d5500c18274b7a19852dacf7c4164f78d820b,47352112,479,2026-06-14,,,1419,1512,160771203452,,,,1
modify,0x1fe14350e72ed606c8850a16d91d5500c18274b7a19852dacf7c4164f78d820b,47352994,251,2026-06-14,,,1419,1512,24769600299,,,,1
modify,0x1fe14350e72ed606c8850a16d91d5500c18274b7a19852dacf7c4164f78d820b,47354344,235,2026-06-14,,,1419,1512,3948801573,,,,1
modify,0x1fe14350e72ed606c8850a16d91d5500c18274b7a19852dacf7c4164f78d820b,47354799,243,2026-06-14,,,1419,1512,2393193042,,,,1
modify,0x1fe14350e72ed606c8850a16d91d5500c18274b7a19852dacf7c4164f78d820b,47355088,10,2026-06-14,,,1419,1512,4540307097,,,,1
price,0x1fe14350e72ed606c8850a16d91d5500c18274b7a19852dacf7c4164f78d820b,47356629,418,2026-06-14,,,,,,85385668858749380398807350854,1497,8971413300695,673
modify,0x1fe14350e72ed606c8850a16d91d5500c18274b7a19852dacf7c4164f78d820b,47368516,455,2026-06-15,,,1395,1699,-247437739215,,,,1
modify,0x1fe14350e72ed606c8850a16d91d5500c18274b7a19852dacf7c4164f78d820b,47397340,61,2026-06-15,,,1462,1475,617447359064,,,,1
modify,0x1fe14350e72ed606c8850a16d91d5500c18274b7a19852dacf7c4164f78d820b,47397957,379,2026-06-15,,,1462,1475,18145859346057,,,,1
modify,0x1fe14350e72ed606c8850a16d91d5500c18274b7a19852dacf7c4164f78d820b,47398165,149,2026-06-15,,,1462,1475,-18763306705121,,,,1
price,0x1fe14350e72ed606c8850a16d91d5500c18274b7a19852dacf7c4164f78d820b,47399818,575,2026-06-15,,,,,,85248775653510986679715431249,1464,8871601503664,1038
modify,0x1fe14350e72ed606c8850a16d91d5500c18274b7a19852dacf7c4164f78d820b,47415081,794,2026-06-16,,,1406,1501,-124950824045,,,,1
price,0x1fe14350e72ed606c8850a16d91d5500c18274b7a19852dacf7c4164f78d820b,47443296,536,2026-06-16,,,,,,85380208721751588936067283792,1495,8599024737435,933
modify,0x1fe14350e72ed606c8850a16d91d5500c18274b7a19852dacf7c4164f78d820b,47446519,156,2026-06-17,,,1471,1501,127324713918,,,,1
modify,0x1fe14350e72ed606c8850a16d91d5500c18274b7a19852dacf7c4164f78d820b,47450963,486,2026-06-17,,,1450,1463,-8308631660905,,,,1
modify,0x1fe14350e72ed606c8850a16d91d5500c18274b7a19852dacf7c4164f78d820b,47451707,114,2026-06-17,,,1459,1570,503304181126,,,,1
modify,0x1fe14350e72ed606c8850a16d91d5500c18274b7a19852dacf7c4164f78d820b,47484785,231,2026-06-17,,,1308,1577,151647199413,,,,1
price,0x1fe14350e72ed606c8850a16d91d5500c18274b7a19852dacf7c4164f78d820b,47486426,249,2026-06-17,,,,,,85020626499146606840220086160,1411,6239399764534,1384
modify,0x1fe14350e72ed606c8850a16d91d5500c18274b7a19852dacf7c4164f78d820b,47487300,410,2026-06-18,,,1380,1535,554058424851,,,,1
modify,0x1fe14350e72ed606c8850a16d91d5500c18274b7a19852dacf7c4164f78d820b,47500213,416,2026-06-18,,,1471,1501,-127324713918,,,,1
modify,0x1fe14350e72ed606c8850a16d91d5500c18274b7a19852dacf7c4164f78d820b,47500399,851,2026-06-18,,,1371,1416,129587129417,,,,1
modify,0x1fe14350e72ed606c8850a16d91d5500c18274b7a19852dacf7c4164f78d820b,47506554,103,2026-06-18,,,1319,1419,2314729346031,,,,1
modify,0x1fe14350e72ed606c8850a16d91d5500c18274b7a19852dacf7c4164f78d820b,47510146,658,2026-06-18,,,1322,1401,343939739983,,,,1
modify,0x1fe14350e72ed606c8850a16d91d5500c18274b7a19852dacf7c4164f78d820b,47510242,475,2026-06-18,,,1261,1556,28898493872,,,,1
modify,0x1fe14350e72ed606c8850a16d91d5500c18274b7a19852dacf7c4164f78d820b,47528476,317,2026-06-18,,,1322,1401,-343939739983,,,,1
modify,0x1fe14350e72ed606c8850a16d91d5500c18274b7a19852dacf7c4164f78d820b,47528629,181,2026-06-18,,,1286,1380,283999776167,,,,1
modify,0x1fe14350e72ed606c8850a16d91d5500c18274b7a19852dacf7c4164f78d820b,47529472,191,2026-06-18,,,1371,1416,-129587129417,,,,1
price,0x1fe14350e72ed606c8850a16d91d5500c18274b7a19852dacf7c4164f78d820b,47529579,141,2026-06-18,,,,,,84712180249642945220294054291,1338,3688671395958,962
modify,0x1fe14350e72ed606c8850a16d91d5500c18274b7a19852dacf7c4164f78d820b,47535216,265,2026-06-19,,,1459,1570,-2872116812051,,,,1
modify,0x1fe14350e72ed606c8850a16d91d5500c18274b7a19852dacf7c4164f78d820b,47541205,449,2026-06-19,,,1380,1535,-554058424851,,,,1
modify,0x1fe14350e72ed606c8850a16d91d5500c18274b7a19852dacf7c4164f78d820b,47541239,526,2026-06-19,,,1361,1518,572993357585,,,,1
modify,0x1fe14350e72ed606c8850a16d91d5500c18274b7a19852dacf7c4164f78d820b,47545206,689,2026-06-19,,,1371,1664,0,,,,1
modify,0x1fe14350e72ed606c8850a16d91d5500c18274b7a19852dacf7c4164f78d820b,47545212,146,2026-06-19,,,1371,1664,0,,,,1
modify,0x1fe14350e72ed606c8850a16d91d5500c18274b7a19852dacf7c4164f78d820b,47546564,235,2026-06-19,,,1286,1380,-283999776167,,,,1
modify,0x1fe14350e72ed606c8850a16d91d5500c18274b7a19852dacf7c4164f78d820b,47546648,343,2026-06-19,,,1343,1406,419402652077,,,,1
modify,0x1fe14350e72ed606c8850a16d91d5500c18274b7a19852dacf7c4164f78d820b,47551428,204,2026-06-19,,,1302,1502,113368836,,,,1
modify,0x1fe14350e72ed606c8850a16d91d5500c18274b7a19852dacf7c4164f78d820b,47556814,277,2026-06-19,,,1355,1383,12877635995019,,,,1
modify,0x1fe14350e72ed606c8850a16d91d5500c18274b7a19852dacf7c4164f78d820b,47567384,140,2026-06-19,,,1343,1406,-419402652077,,,,1
modify,0x1fe14350e72ed606c8850a16d91d5500c18274b7a19852dacf7c4164f78d820b,47567437,195,2026-06-19,,,1364,1378,1806535845303,,,,1
modify,0x1fe14350e72ed606c8850a16d91d5500c18274b7a19852dacf7c4164f78d820b,47567521,5,2026-06-19,,,1591,1691,-1140995759,,,,1
modify,0x1fe14350e72ed606c8850a16d91d5500c18274b7a19852dacf7c4164f78d820b,47572038,105,2026-06-19,,,1364,1374,4361875656679,,,,1
modify,0x1fe14350e72ed606c8850a16d91d5500c18274b7a19852dacf7c4164f78d820b,47572058,375,2026-06-19,,,1364,1374,8162607233008,,,,1
price,0x1fe14350e72ed606c8850a16d91d5500c18274b7a19852dacf7c4164f78d820b,47572907,5,2026-06-19,,,,,,84843530282895281410839739150,1369,31742994307504,690
modify,0x1fe14350e72ed606c8850a16d91d5500c18274b7a19852dacf7c4164f78d820b,47598371,348,2026-06-20,,,1364,1374,-12524482889687,,,,1
price,0x1fe14350e72ed606c8850a16d91d5500c18274b7a19852dacf7c4164f78d820b,47616118,275,2026-06-20,,,,,,84841932210040846522587636591,1369,19218511417817,734
modify,0x1fe14350e72ed606c8850a16d91d5500c18274b7a19852dacf7c4164f78d820b,47629591,216,2026-06-21,,,1281,1681,-9350183242,,,,1
modify,0x1fe14350e72ed606c8850a16d91d5500c18274b7a19852dacf7c4164f78d820b,47636153,648,2026-06-21,,,1399,1654,0,,,,1
modify,0x1fe14350e72ed606c8850a16d91d5500c18274b7a19852dacf7c4164f78d820b,47636161,513,2026-06-21,,,1399,1654,0,,,,1
modify,0x1fe14350e72ed606c8850a16d91d5500c18274b7a19852dacf7c4164f78d820b,47636178,171,2026-06-21,,,1399,1654,-37462874363,,,,1
modify,0x1fe14350e72ed606c8850a16d91d5500c18274b7a19852dacf7c4164f78d820b,47637010,1005,2026-06-21,,,1302,1502,55873243,,,,1
modify,0x1fe14350e72ed606c8850a16d91d5500c18274b7a19852dacf7c4164f78d820b,47638634,321,2026-06-21,,,1355,1383,-12877635995019,,,,1
modify,0x1fe14350e72ed606c8850a16d91d5500c18274b7a19852dacf7c4164f78d820b,47654398,4,2026-06-21,,,1306,1504,14880422774,,,,1
modify,0x1fe14350e72ed606c8850a16d91d5500c18274b7a19852dacf7c4164f78d820b,47659096,188,2026-06-21,,,1364,1378,-1806535845303,,,,1
price,0x1fe14350e72ed606c8850a16d91d5500c18274b7a19852dacf7c4164f78d820b,47659132,180,2026-06-21,,,,,,84811420349566726943617545240,1362,4117181680566,818
modify,0x1fe14350e72ed606c8850a16d91d5500c18274b7a19852dacf7c4164f78d820b,47659160,472,2026-06-21,,,1311,1411,258546600911,,,,1
modify,0x1fe14350e72ed606c8850a16d91d5500c18274b7a19852dacf7c4164f78d820b,47673685,227,2026-06-22,,,1306,1504,-14880422774,,,,1
modify,0x1fe14350e72ed606c8850a16d91d5500c18274b7a19852dacf7c4164f78d820b,47681255,12,2026-06-22,,,1033,1634,30855178903,,,,1
modify,0x1fe14350e72ed606c8850a16d91d5500c18274b7a19852dacf7c4164f78d820b,47684069,33,2026-06-22,,,1390,1591,0,,,,1
modify,0x1fe14350e72ed606c8850a16d91d5500c18274b7a19852dacf7c4164f78d820b,47684092,541,2026-06-22,,,1390,1591,-3738288747671,,,,1
modify,0x1fe14350e72ed606c8850a16d91d5500c18274b7a19852dacf7c4164f78d820b,47684318,296,2026-06-22,,,1299,1450,4976976309921,,,,1
modify,0x1fe14350e72ed606c8850a16d91d5500c18274b7a19852dacf7c4164f78d820b,47686188,167,2026-06-22,,,1419,1512,0,,,,1
modify,0x1fe14350e72ed606c8850a16d91d5500c18274b7a19852dacf7c4164f78d820b,47686220,37,2026-06-22,,,1419,1512,0,,,,1
modify,0x1fe14350e72ed606c8850a16d91d5500c18274b7a19852dacf7c4164f78d820b,47688797,180,2026-06-22,,,1456,1654,-3416413377,,,,1
price,0x1fe14350e72ed606c8850a16d91d5500c18274b7a19852dacf7c4164f78d820b,47702490,502,2026-06-22,,,,,,84678279329007235748395760899,1330,8661868768363,872
modify,0x1fe14350e72ed606c8850a16d91d5500c18274b7a19852dacf7c4164f78d820b,47702903,589,2026-06-23,,,1311,1411,-258546600911,,,,1
modify,0x1fe14350e72ed606c8850a16d91d5500c18274b7a19852dacf7c4164f78d820b,47702981,228,2026-06-23,,,1303,1363,398749619194,,,,1
modify,0x1fe14350e72ed606c8850a16d91d5500c18274b7a19852dacf7c4164f78d820b,47710174,369,2026-06-23,,,1312,1322,5899647397346,,,,1
modify,0x1fe14350e72ed606c8850a16d91d5500c18274b7a19852dacf7c4164f78d820b,47711765,163,2026-06-23,,,1319,1419,-2314729346031,,,,1
modify,0x1fe14350e72ed606c8850a16d91d5500c18274b7a19852dacf7c4164f78d820b,47711788,180,2026-06-23,,,1308,1404,2575111720635,,,,1
modify,0x1fe14350e72ed606c8850a16d91d5500c18274b7a19852dacf7c4164f78d820b,47711840,355,2026-06-23,,,1308,1404,-2575111720635,,,,1
modify,0x1fe14350e72ed606c8850a16d91d5500c18274b7a19852dacf7c4164f78d820b,47711950,883,2026-06-23,,,1315,1330,16480078991657,,,,1
modify,0x1fe14350e72ed606c8850a16d91d5500c18274b7a19852dacf7c4164f78d820b,47712558,81,2026-06-23,,,1312,1322,-5899647397346,,,,1
modify,0x1fe14350e72ed606c8850a16d91d5500c18274b7a19852dacf7c4164f78d820b,47712568,603,2026-06-23,,,1315,1330,-16480078991657,,,,1
modify,0x1fe14350e72ed606c8850a16d91d5500c18274b7a19852dacf7c4164f78d820b,47712622,364,2026-06-23,,,1287,1329,5862081625567,,,,1
modify,0x1fe14350e72ed606c8850a16d91d5500c18274b7a19852dacf7c4164f78d820b,47713819,440,2026-06-23,,,1322,1537,-105435116659,,,,1
modify,0x1fe14350e72ed606c8850a16d91d5500c18274b7a19852dacf7c4164f78d820b,47713828,355,2026-06-23,,,1348,1516,-130675432204,,,,1
modify,0x1fe14350e72ed606c8850a16d91d5500c18274b7a19852dacf7c4164f78d820b,47713861,292,2026-06-23,,,1303,1363,-398749619194,,,,1
modify,0x1fe14350e72ed606c8850a16d91d5500c18274b7a19852dacf7c4164f78d820b,47713916,250,2026-06-23,,,1263,1343,304722038399,,,,1
modify,0x1fe14350e72ed606c8850a16d91d5500c18274b7a19852dacf7c4164f78d820b,47714054,299,2026-06-23,,,1083,1541,97414998566,,,,1
modify,0x1fe14350e72ed606c8850a16d91d5500c18274b7a19852dacf7c4164f78d820b,47717311,471,2026-06-23,,,1151,1451,47111256946,,,,1
modify,0x1fe14350e72ed606c8850a16d91d5500c18274b7a19852dacf7c4164f78d820b,47729683,29,2026-06-23,,,1310,1729,-41276833275,,,,1
modify,0x1fe14350e72ed606c8850a16d91d5500c18274b7a19852dacf7c4164f78d820b,47741049,373,2026-06-23,,,1379,1491,-158236682794,,,,1
modify,0x1fe14350e72ed606c8850a16d91d5500c18274b7a19852dacf7c4164f78d820b,47741611,243,2026-06-23,,,1287,1329,-5862081625567,,,,1
modify,0x1fe14350e72ed606c8850a16d91d5500c18274b7a19852dacf7c4164f78d820b,47741710,419,2026-06-23,,,1279,1319,6037480061928,,,,1
modify,0x1fe14350e72ed606c8850a16d91d5500c18274b7a19852dacf7c4164f78d820b,47741737,79,2026-06-23,,,1145,1388,70437260512,,,,1
modify,0x1fe14350e72ed606c8850a16d91d5500c18274b7a19852dacf7c4164f78d820b,47742434,690,2026-06-23,,,1419,1512,-196423105463,,,,1
modify,0x1fe14350e72ed606c8850a16d91d5500c18274b7a19852dacf7c4164f78d820b,47743565,369,2026-06-23,,,1033,1634,-30855178903,,,,1
modify,0x1fe14350e72ed606c8850a16d91d5500c18274b7a19852dacf7c4164f78d820b,47744072,316,2026-06-23,,,1130,1345,83006701987,,,,1
modify,0x1fe14350e72ed606c8850a16d91d5500c18274b7a19852dacf7c4164f78d820b,47744663,265,2026-06-23,,,1130,1345,1406500397,,,,1
price,0x1fe14350e72ed606c8850a16d91d5500c18274b7a19852dacf7c4164f78d820b,47745725,285,2026-06-23,,,,,,84482118476909875731697507840,1284,7071358039390,916
modify,0x1fe14350e72ed606c8850a16d91d5500c18274b7a19852dacf7c4164f78d820b,47751608,97,2026-06-24,,,1248,1548,-142063455110,,,,1
modify,0x1fe14350e72ed606c8850a16d91d5500c18274b7a19852dacf7c4164f78d820b,47751795,373,2026-06-24,,,1221,1321,326860306572,,,,1
modify,0x1fe14350e72ed606c8850a16d91d5500c18274b7a19852dacf7c4164f78d820b,47752056,12,2026-06-24,,,1221,1321,217912000985,,,,1
modify,0x1fe14350e72ed606c8850a16d91d5500c18274b7a19852dacf7c4164f78d820b,47755174,78,2026-06-24,,,851,1652,83816238591,,,,1
modify,0x1fe14350e72ed606c8850a16d91d5500c18274b7a19852dacf7c4164f78d820b,47757152,136,2026-06-24,,,1263,1343,-304722038399,,,,1
modify,0x1fe14350e72ed606c8850a16d91d5500c18274b7a19852dacf7c4164f78d820b,47757184,107,2026-06-24,,,1212,1309,250249001142,,,,1
modify,0x1fe14350e72ed606c8850a16d91d5500c18274b7a19852dacf7c4164f78d820b,47762922,39,2026-06-24,,,1173,1373,73974027317,,,,1
modify,0x1fe14350e72ed606c8850a16d91d5500c18274b7a19852dacf7c4164f78d820b,47762995,76,2026-06-24,,,1173,1373,435022955,,,,1
modify,0x1fe14350e72ed606c8850a16d91d5500c18274b7a19852dacf7c4164f78d820b,47764400,275,2026-06-24,,,1299,1731,-150628186368,,,,1
modify,0x1fe14350e72ed606c8850a16d91d5500c18274b7a19852dacf7c4164f78d820b,47764622,450,2026-06-24,,,1172,1558,1341280110,,,,1
modify,0x1fe14350e72ed606c8850a16d91d5500c18274b7a19852dacf7c4164f78d820b,47764663,408,2026-06-24,,,1279,1319,-6037480061928,,,,1
modify,0x1fe14350e72ed606c8850a16d91d5500c18274b7a19852dacf7c4164f78d820b,47764719,711,2026-06-24,,,1267,1315,5145405363707,,,,1
modify,0x1fe14350e72ed606c8850a16d91d5500c18274b7a19852dacf7c4164f78d820b,47764753,603,2026-06-24,,,1172,1558,163025660825,,,,1
modify,0x1fe14350e72ed606c8850a16d91d5500c18274b7a19852dacf7c4164f78d820b,47764857,309,2026-06-24,,,1172,1558,3199550609,,,,1
modify,0x1fe14350e72ed606c8850a16d91d5500c18274b7a19852dacf7c4164f78d820b,47765523,6,2026-06-24,,,1369,1549,-413133517967,,,,1
modify,0x1fe14350e72ed606c8850a16d91d5500c18274b7a19852dacf7c4164f78d820b,47766074,393,2026-06-24,,,1302,1502,-1186078320,,,,1
modify,0x1fe14350e72ed606c8850a16d91d5500c18274b7a19852dacf7c4164f78d820b,47766129,44,2026-06-24,,,1070,1470,584781576,,,,1
modify,0x1fe14350e72ed606c8850a16d91d5500c18274b7a19852dacf7c4164f78d820b,47786529,155,2026-06-24,,,1308,1577,-151647199413,,,,1
modify,0x1fe14350e72ed606c8850a16d91d5500c18274b7a19852dacf7c4164f78d820b,47786797,217,2026-06-24,,,1256,1317,655431886761,,,,1
price,0x1fe14350e72ed606c8850a16d91d5500c18274b7a19852dacf7c4164f78d820b,47788852,279,2026-06-24,,,,,,84456190697294723540985784506,1278,7509327605103,1024
modify,0x1fe14350e72ed606c8850a16d91d5500c18274b7a19852dacf7c4164f78d820b,47798950,29,2026-06-25,,,1267,1315,-5145405363707,,,,1
modify,0x1fe14350e72ed606c8850a16d91d5500c18274b7a19852dacf7c4164f78d820b,47799016,91,2026-06-25,,,1249,1287,6423588464701,,,,1
modify,0x1fe14350e72ed606c8850a16d91d5500c18274b7a19852dacf7c4164f78d820b,47799039,231,2026-06-25,,,1249,1287,48513667072,,,,1
modify,0x1fe14350e72ed606c8850a16d91d5500c18274b7a19852dacf7c4164f78d820b,47806200,651,2026-06-25,,,1212,1309,-250249001142,,,,1
modify,0x1fe14350e72ed606c8850a16d91d5500c18274b7a19852dacf7c4164f78d820b,47806301,595,2026-06-25,,,1265,1325,411282326185,,,,1
modify,0x1fe14350e72ed606c8850a16d91d5500c18274b7a19852dacf7c4164f78d820b,47806315,148,2026-06-25,,,1371,1664,-260300087694,,,,1
modify,0x1fe14350e72ed606c8850a16d91d5500c18274b7a19852dacf7c4164f78d820b,47806432,298,2026-06-25,,,1293,1402,200018887068,,,,1
modify,0x1fe14350e72ed606c8850a16d91d5500c18274b7a19852dacf7c4164f78d820b,47806458,301,2026-06-25,,,1293,1402,507344079179,,,,1
modify,0x1fe14350e72ed606c8850a16d91d5500c18274b7a19852dacf7c4164f78d820b,47812790,340,2026-06-25,,,1249,1287,-6472102131773,,,,1
modify,0x1fe14350e72ed606c8850a16d91d5500c18274b7a19852dacf7c4164f78d820b,47812814,342,2026-06-25,,,1253,1320,128697402961,,,,1
modify,0x1fe14350e72ed606c8850a16d91d5500c18274b7a19852dacf7c4164f78d820b,47812848,235,2026-06-25,,,1257,1319,3944240094953,,,,1
modify,0x1fe14350e72ed606c8850a16d91d5500c18274b7a19852dacf7c4164f78d820b,47825628,447,2026-06-25,,,1390,1590,0,,,,1
modify,0x1fe14350e72ed606c8850a16d91d5500c18274b7a19852dacf7c4164f78d820b,47825638,64,2026-06-25,,,1390,1590,0,,,,1
modify,0x1fe14350e72ed606c8850a16d91d5500c18274b7a19852dacf7c4164f78d820b,47825733,8,2026-06-25,,,1390,1590,-80953635064,,,,1
modify,0x1fe14350e72ed606c8850a16d91d5500c18274b7a19852dacf7c4164f78d820b,47825936,548,2026-06-25,,,1122,1423,53396966810,,,,1
price,0x1fe14350e72ed606c8850a16d91d5500c18274b7a19852dacf7c4164f78d820b,47831942,276,2026-06-25,,,,,,84519141954123805991224825833,1292,6651290031163,1210
modify,0x1fe14350e72ed606c8850a16d91d5500c18274b7a19852dacf7c4164f78d820b,47838443,198,2026-06-26,,,1265,1325,-411282326185,,,,1
modify,0x1fe14350e72ed606c8850a16d91d5500c18274b7a19852dacf7c4164f78d820b,47855275,12,2026-06-26,,,1070,1470,14822790,,,,1
modify,0x1fe14350e72ed606c8850a16d91d5500c18274b7a19852dacf7c4164f78d820b,47859042,226,2026-06-26,,,1281,1309,19515074945252,,,,1
price,0x1fe14350e72ed606c8850a16d91d5500c18274b7a19852dacf7c4164f78d820b,47875192,234,2026-06-26,,,,,,84546740199786376632571088328,1299,31439436749188,1295
modify,0x1fe14350e72ed606c8850a16d91d5500c18274b7a19852dacf7c4164f78d820b,47875846,86,2026-06-27,,,1253,1320,-128697402961,,,,1
modify,0x1fe14350e72ed606c8850a16d91d5500c18274b7a19852dacf7c4164f78d820b,47881789,556,2026-06-27,,,1347,1833,-3141789375,,,,1
modify,0x1fe14350e72ed606c8850a16d91d5500c18274b7a19852dacf7c4164f78d820b,47881845,181,2026-06-27,,,1102,1502,3772688248,,,,1
modify,0x1fe14350e72ed606c8850a16d91d5500c18274b7a19852dacf7c4164f78d820b,47898430,306,2026-06-27,,,1221,1321,-272386153778,,,,1
modify,0x1fe14350e72ed606c8850a16d91d5500c18274b7a19852dacf7c4164f78d820b,47914684,352,2026-06-27,,,1261,1556,-28898493872,,,,1
price,0x1fe14350e72ed606c8850a16d91d5500c18274b7a19852dacf7c4164f78d820b,47918421,78,2026-06-27,,,,,,84540855727187266091177782866,1298,26036251076904,812
modify,0x1fe14350e72ed606c8850a16d91d5500c18274b7a19852dacf7c4164f78d820b,47935206,933,2026-06-28,,,1361,1518,-572993357585,,,,1
modify,0x1fe14350e72ed606c8850a16d91d5500c18274b7a19852dacf7c4164f78d820b,47935432,42,2026-06-28,,,1300,1450,1868215598447,,,,1
modify,0x1fe14350e72ed606c8850a16d91d5500c18274b7a19852dacf7c4164f78d820b,47935457,26,2026-06-28,,,1300,1450,-1233022294975,,,,1
modify,0x1fe14350e72ed606c8850a16d91d5500c18274b7a19852dacf7c4164f78d820b,47935649,111,2026-06-28,,,1281,1309,-19515074945252,,,,1
price,0x1fe14350e72ed606c8850a16d91d5500c18274b7a19852dacf7c4164f78d820b,47961690,422,2026-06-28,,,,,,84582245934288267079945189755,1307,12133345745045,759
modify,0x1fe14350e72ed606c8850a16d91d5500c18274b7a19852dacf7c4164f78d820b,47967626,111,2026-06-29,,,1070,1470,-599604366,,,,1
modify,0x1fe14350e72ed606c8850a16d91d5500c18274b7a19852dacf7c4164f78d820b,47980425,341,2026-06-29,,,1257,1319,-3944240094953,,,,1
modify,0x1fe14350e72ed606c8850a16d91d5500c18274b7a19852dacf7c4164f78d820b,47981158,408,2026-06-29,,,1321,1349,494991245166,,,,1
modify,0x1fe14350e72ed606c8850a16d91d5500c18274b7a19852dacf7c4164f78d820b,47982152,155,2026-06-29,,,1221,1321,-272386153779,,,,1
modify,0x1fe14350e72ed606c8850a16d91d5500c18274b7a19852dacf7c4164f78d820b,47992260,23,2026-06-29,,,1262,1433,1404593156179,,,,1
modify,0x1fe14350e72ed606c8850a16d91d5500c18274b7a19852dacf7c4164f78d820b,47998141,8,2026-06-29,,,1221,1416,2468184529516,,,,1
modify,0x1fe14350e72ed606c8850a16d91d5500c18274b7a19852dacf7c4164f78d820b,48001263,291,2026-06-29,,,1321,1349,-494991245166,,,,1
modify,0x1fe14350e72ed606c8850a16d91d5500c18274b7a19852dacf7c4164f78d820b,48001313,3,2026-06-29,,,1288,1338,4879977935964,,,,1
price,0x1fe14350e72ed606c8850a16d91d5500c18274b7a19852dacf7c4164f78d820b,48004894,241,2026-06-29,,,,,,84552027752134602473125243392,1300,16668875513606,1188
modify,0x1fe14350e72ed606c8850a16d91d5500c18274b7a19852dacf7c4164f78d820b,48023904,347,2026-06-30,,,1441,1655,0,,,,1
modify,0x1fe14350e72ed606c8850a16d91d5500c18274b7a19852dacf7c4164f78d820b,48025160,220,2026-06-30,,,1441,1655,-39897372518,,,,1
modify,0x1fe14350e72ed606c8850a16d91d5500c18274b7a19852dacf7c4164f78d820b,48041768,79,2026-06-30,,,1300,1450,-635193303472,,,,1
price,0x1fe14350e72ed606c8850a16d91d5500c18274b7a19852dacf7c4164f78d820b,48047974,125,2026-06-30,,,,,,84620975176278344196685368182,1317,15378250323373,1188
price,0x1fe14350e72ed606c8850a16d91d5500c18274b7a19852dacf7c4164f78d820b,48091051,6,2026-07-01,,,,,,84545849720940688314677671743,1299,16033682210134,1229
modify,0x1fe14350e72ed606c8850a16d91d5500c18274b7a19852dacf7c4164f78d820b,48094466,127,2026-07-02,,,1262,1433,-1404593156179,,,,1
modify,0x1fe14350e72ed606c8850a16d91d5500c18274b7a19852dacf7c4164f78d820b,48094974,16,2026-07-02,,,1221,1416,0,,,,1
modify,0x1fe14350e72ed606c8850a16d91d5500c18274b7a19852dacf7c4164f78d820b,48094991,4,2026-07-02,,,1221,1416,0,,,,1
modify,0x1fe14350e72ed606c8850a16d91d5500c18274b7a19852dacf7c4164f78d820b,48095086,229,2026-07-02,,,1221,1416,-2468184529516,,,,1
modify,0x1fe14350e72ed606c8850a16d91d5500c18274b7a19852dacf7c4164f78d820b,48098871,217,2026-07-02,,,851,1652,-83816238591,,,,1
modify,0x1fe14350e72ed606c8850a16d91d5500c18274b7a19852dacf7c4164f78d820b,48099909,44,2026-07-02,,,1135,1495,5255432727,,,,1
modify,0x1fe14350e72ed606c8850a16d91d5500c18274b7a19852dacf7c4164f78d820b,48108957,0,2026-07-02,,,1288,1338,-4879977935964,,,,1
modify,0x1fe14350e72ed606c8850a16d91d5500c18274b7a19852dacf7c4164f78d820b,48109083,114,2026-07-02,,,1324,1374,4859411631898,,,,1
modify,0x1fe14350e72ed606c8850a16d91d5500c18274b7a19852dacf7c4164f78d820b,48132868,630,2026-07-02,,,1256,1317,-655431886761,,,,1
modify,0x1fe14350e72ed606c8850a16d91d5500c18274b7a19852dacf7c4164f78d820b,48133004,141,2026-07-02,,,1341,1371,1208450594232,,,,1
modify,0x1fe14350e72ed606c8850a16d91d5500c18274b7a19852dacf7c4164f78d820b,48133036,223,2026-07-02,,,1341,1371,121553897275,,,,1
modify,0x1fe14350e72ed606c8850a16d91d5500c18274b7a19852dacf7c4164f78d820b,48133795,270,2026-07-02,,,1173,1373,708562181,,,,1
price,0x1fe14350e72ed606c8850a16d91d5500c18274b7a19852dacf7c4164f78d820b,48134485,252,2026-07-02,,,,,,84786497123185252954871821389,1356,12853454076959,1455
modify,0x1fe14350e72ed606c8850a16d91d5500c18274b7a19852dacf7c4164f78d820b,48146969,1,2026-07-03,,,1345,1365,126763833645,,,,1
modify,0x1fe14350e72ed606c8850a16d91d5500c18274b7a19852dacf7c4164f78d820b,48161806,253,2026-07-03,,,1331,1354,9466986186033,,,,1
price,0x1fe14350e72ed606c8850a16d91d5500c18274b7a19852dacf7c4164f78d820b,48177694,124,2026-07-03,,,,,,84720559090883133713952651045,1340,21074848973869,913
modify,0x1fe14350e72ed606c8850a16d91d5500c18274b7a19852dacf7c4164f78d820b,48177801,58,2026-07-04,,,1339,1341,9941891618698,,,,1
modify,0x1fe14350e72ed606c8850a16d91d5500c18274b7a19852dacf7c4164f78d820b,48177894,116,2026-07-04,,,1341,1371,-1330004491507,,,,1
modify,0x1fe14350e72ed606c8850a16d91d5500c18274b7a19852dacf7c4164f78d820b,48178001,340,2026-07-04,,,1311,1371,626980171922,,,,1
modify,0x1fe14350e72ed606c8850a16d91d5500c18274b7a19852dacf7c4164f78d820b,48178746,1,2026-07-04,,,1339,1341,-9941891618698,,,,1
modify,0x1fe14350e72ed606c8850a16d91d5500c18274b7a19852dacf7c4164f78d820b,48188428,114,2026-07-04,,,1215,1552,16234388548,,,,1
price,0x1fe14350e72ed606c8850a16d91d5500c18274b7a19852dacf7c4164f78d820b,48220832,176,2026-07-04,,,,,,84714574002714568384484116589,1339,21718063534339,763
modify,0x1fe14350e72ed606c8850a16d91d5500c18274b7a19852dacf7c4164f78d820b,48225110,3,2026-07-05,,,1215,1552,0,,,,1
modify,0x1fe14350e72ed606c8850a16d91d5500c18274b7a19852dacf7c4164f78d820b,48225110,10,2026-07-05,,,1215,1552,-16234388548,,,,1
modify,0x1fe14350e72ed606c8850a16d91d5500c18274b7a19852dacf7c4164f78d820b,48229766,277,2026-07-05,,,1043,1906,4936857549,,,,1
modify,0x1fe14350e72ed606c8850a16d91d5500c18274b7a19852dacf7c4164f78d820b,48229961,252,2026-07-05,,,1043,1906,1198466092,,,,1
modify,0x1fe14350e72ed606c8850a16d91d5500c18274b7a19852dacf7c4164f78d820b,48240540,502,2026-07-05,,,1102,1502,996231820,,,,1
modify,0x1fe14350e72ed606c8850a16d91d5500c18274b7a19852dacf7c4164f78d820b,48245790,54,2026-07-05,,,1331,1354,-9466986186033,,,,1
price,0x1fe14350e72ed606c8850a16d91d5500c18274b7a19852dacf7c4164f78d820b,48264126,292,2026-07-05,,,,,,84683933646612374193571359407,1331,12241974515219,756
modify,0x1fe14350e72ed606c8850a16d91d5500c18274b7a19852dacf7c4164f78d820b,48269913,79,2026-07-06,,,1345,1365,-126763833645,,,,1
modify,0x1fe14350e72ed606c8850a16d91d5500c18274b7a19852dacf7c4164f78d820b,48270021,127,2026-07-06,,,1309,1350,141582694229,,,,1
modify,0x1fe14350e72ed606c8850a16d91d5500c18274b7a19852dacf7c4164f78d820b,48282354,627,2026-07-06,,,1122,1423,0,,,,1
price,0x1fe14350e72ed606c8850a16d91d5500c18274b7a19852dacf7c4164f78d820b,48307195,110,2026-07-06,,,,,,84700784814679477664647568305,1335,12383557209448,1110
modify,0x1fe14350e72ed606c8850a16d91d5500c18274b7a19852dacf7c4164f78d820b,48309475,394,2026-07-07,,,1043,1906,-6135323641,,,,1
modify,0x1fe14350e72ed606c8850a16d91d5500c18274b7a19852dacf7c4164f78d820b,48309660,333,2026-07-07,,,1123,1525,8502839168,,,,1
modify,0x1fe14350e72ed606c8850a16d91d5500c18274b7a19852dacf7c4164f78d820b,48309804,371,2026-07-07,,,1123,1525,4996934931,,,,1
modify,0x1fe14350e72ed606c8850a16d91d5500c18274b7a19852dacf7c4164f78d820b,48320614,382,2026-07-07,,,1299,1378,269561705434,,,,1
modify,0x1fe14350e72ed606c8850a16d91d5500c18274b7a19852dacf7c4164f78d820b,48321087,671,2026-07-07,,,1299,1378,183911927698,,,,1
modify,0x1fe14350e72ed606c8850a16d91d5500c18274b7a19852dacf7c4164f78d820b,48348185,316,2026-07-07,,,1324,1374,-4859411631898,,,,1
modify,0x1fe14350e72ed606c8850a16d91d5500c18274b7a19852dacf7c4164f78d820b,48348478,18,2026-07-07,,,1311,1350,6216334571386,,,,1
price,0x1fe14350e72ed606c8850a16d91d5500c18274b7a19852dacf7c4164f78d820b,48350454,267,2026-07-07,,,,,,84667877637407617508424704514,1328,14201318232526,1257
modify,0x1fe14350e72ed606c8850a16d91d5500c18274b7a19852dacf7c4164f78d820b,48367082,9,2026-07-08,,,1173,1373,7231253569,,,,1
modify,0x1fe14350e72ed606c8850a16d91d5500c18274b7a19852dacf7c4164f78d820b,48369666,318,2026-07-08,,,1262,1412,124429981738,,,,1
price,0x1fe14350e72ed606c8850a16d91d5500c18274b7a19852dacf7c4164f78d820b,48393724,66,2026-07-08,,,,,,84701293337346549725363838796,1336,14332979467833,1370
modify,0x1fe14350e72ed606c8850a16d91d5500c18274b7a19852dacf7c4164f78d820b,48395282,9,2026-07-09,,,1242,1448,49391173152,,,,1
modify,0x1fe14350e72ed606c8850a16d91d5500c18274b7a19852dacf7c4164f78d820b,48433665,366,2026-07-09,,,1311,1350,-6216334571386,,,,1
modify,0x1fe14350e72ed606c8850a16d91d5500c18274b7a19852dacf7c4164f78d820b,48433914,257,2026-07-09,,,1321,1362,5954629537641,,,,1
price,0x1fe14350e72ed606c8850a16d91d5500c18274b7a19852dacf7c4164f78d820b,48436907,180,2026-07-09,,,,,,84734607117439336913889720603,1343,14120665607240,1189
modify,0x1fe14350e72ed606c8850a16d91d5500c18274b7a19852dacf7c4164f78d820b,48443010,17,2026-07-10,,,1173,1373,0,,,,1
modify,0x1fe14350e72ed606c8850a16d91d5500c18274b7a19852dacf7c4164f78d820b,48443168,361,2026-07-10,,,1256,1435,6218683678,,,,1
modify,0x1fe14350e72ed606c8850a16d91d5500c18274b7a19852dacf7c4164f78d820b,48444207,225,2026-07-10,,,1242,1448,35317268464,,,,1
modify,0x1fe14350e72ed606c8850a16d91d5500c18274b7a19852dacf7c4164f78d820b,48458543,45,2026-07-10,,,1123,1525,-11879801207,,,,1
modify,0x1fe14350e72ed606c8850a16d91d5500c18274b7a19852dacf7c4164f78d820b,48463767,286,2026-07-10,,,1306,1333,14896228758348,,,,1
modify,0x1fe14350e72ed606c8850a16d91d5500c18274b7a19852dacf7c4164f78d820b,48465392,223,2026-07-10,,,1212,1632,45300650580,,,,1
price,0x1fe14350e72ed606c8850a16d91d5500c18274b7a19852dacf7c4164f78d820b,48480119,323,2026-07-10,,,,,,84642339485172599817569589750,1322,28891042469196,1206
modify,0x1fe14350e72ed606c8850a16d91d5500c18274b7a19852dacf7c4164f78d820b,48481462,173,2026-07-11,,,1309,1350,160459807284,,,,1
modify,0x1fe14350e72ed606c8850a16d91d5500c18274b7a19852dacf7c4164f78d820b,48495307,411,2026-07-11,,,1321,1362,-5954629537641,,,,1
modify,0x1fe14350e72ed606c8850a16d91d5500c18274b7a19852dacf7c4164f78d820b,48495479,270,2026-07-11,,,1307,1335,8659120014270,,,,1
modify,0x1fe14350e72ed606c8850a16d91d5500c18274b7a19852dacf7c4164f78d820b,48501260,939,2026-07-11,,,1311,1332,512337598042,,,,1
price,0x1fe14350e72ed606c8850a16d91d5500c18274b7a19852dacf7c4164f78d820b,48523325,176,2026-07-11,,,,,,84628515322825054990805048668,1318,32268330351151,847
modify,0x1fe14350e72ed606c8850a16d91d5500c18274b7a19852dacf7c4164f78d820b,48534964,216,2026-07-12,,,1220,1526,9324509020,,,,1
modify,0x1fe14350e72ed606c8850a16d91d5500c18274b7a19852dacf7c4164f78d820b,48540100,573,2026-07-12,,,1311,1332,-512337598042,,,,1
modify,0x1fe14350e72ed606c8850a16d91d5500c18274b7a19852dacf7c4164f78d820b,48542532,11,2026-07-12,,,1290,1357,117559593736,,,,1
modify,0x1fe14350e72ed606c8850a16d91d5500c18274b7a19852dacf7c4164f78d820b,48543750,721,2026-07-12,,,1535,1714,-515746664477,,,,1
modify,0x1fe14350e72ed606c8850a16d91d5500c18274b7a19852dacf7c4164f78d820b,48546778,213,2026-07-12,,,1306,1333,-14896228758348,,,,1
modify,0x1fe14350e72ed606c8850a16d91d5500c18274b7a19852dacf7c4164f78d820b,48559715,310,2026-07-12,,,1172,1558,0,,,,1
modify,0x1fe14350e72ed606c8850a16d91d5500c18274b7a19852dacf7c4164f78d820b,48559737,286,2026-07-12,,,1172,1558,0,,,,1
modify,0x1fe14350e72ed606c8850a16d91d5500c18274b7a19852dacf7c4164f78d820b,48559747,161,2026-07-12,,,1172,1558,0,,,,1
price,0x1fe14350e72ed606c8850a16d91d5500c18274b7a19852dacf7c4164f78d820b,48566470,192,2026-07-12,,,,,,84589861513680673236801232680,1309,16359667925595,963
modify,0x1fe14350e72ed606c8850a16d91d5500c18274b7a19852dacf7c4164f78d820b,48566933,253,2026-07-13,,,1311,1371,-626980171922,,,,1
modify,0x1fe14350e72ed606c8850a16d91d5500c18274b7a19852dacf7c4164f78d820b,48567111,197,2026-07-13,,,1240,1371,287452753166,,,,1
modify,0x1fe14350e72ed606c8850a16d91d5500c18274b7a19852dacf7c4164f78d820b,48572858,167,2026-07-13,,,1256,1435,-6218683678,,,,1
modify,0x1fe14350e72ed606c8850a16d91d5500c18274b7a19852dacf7c4164f78d820b,48575254,204,2026-07-13,,,1220,1526,17541741,,,,1
modify,0x1fe14350e72ed606c8850a16d91d5500c18274b7a19852dacf7c4164f78d820b,48575377,348,2026-07-13,,,1220,1526,-1754174,,,,1
modify,0x1fe14350e72ed606c8850a16d91d5500c18274b7a19852dacf7c4164f78d820b,48576289,254,2026-07-13,,,1309,1350,-151021250756,,,,1
modify,0x1fe14350e72ed606c8850a16d91d5500c18274b7a19852dacf7c4164f78d820b,48576340,54,2026-07-13,,,1322,1345,266682184825,,,,1
modify,0x1fe14350e72ed606c8850a16d91d5500c18274b7a19852dacf7c4164f78d820b,48579612,3,2026-07-13,,,1220,1526,14713223351,,,,1
modify,0x1fe14350e72ed606c8850a16d91d5500c18274b7a19852dacf7c4164f78d820b,48590215,147,2026-07-13,,,1307,1335,-8659120014270,,,,1
modify,0x1fe14350e72ed606c8850a16d91d5500c18274b7a19852dacf7c4164f78d820b,48590470,368,2026-07-13,,,1272,1350,3135261376868,,,,1
modify,0x1fe14350e72ed606c8850a16d91d5500c18274b7a19852dacf7c4164f78d820b,48591082,581,2026-07-13,,,1322,1345,-133341092412,,,,1
modify,0x1fe14350e72ed606c8850a16d91d5500c18274b7a19852dacf7c4164f78d820b,48591089,134,2026-07-13,,,1322,1345,-133341092413,,,,1
modify,0x1fe14350e72ed606c8850a16d91d5500c18274b7a19852dacf7c4164f78d820b,48591109,0,2026-07-13,,,1309,1350,-151021250757,,,,1
modify,0x1fe14350e72ed606c8850a16d91d5500c18274b7a19852dacf7c4164f78d820b,48591145,439,2026-07-13,,,1287,1321,379427650538,,,,1
modify,0x1fe14350e72ed606c8850a16d91d5500c18274b7a19852dacf7c4164f78d820b,48591221,9,2026-07-13,,,1123,1525,0,,,,1
modify,0x1fe14350e72ed606c8850a16d91d5500c18274b7a19852dacf7c4164f78d820b,48591246,427,2026-07-13,,,1123,1525,-1619972892,,,,1
modify,0x1fe14350e72ed606c8850a16d91d5500c18274b7a19852dacf7c4164f78d820b,48595469,320,2026-07-13,,,1257,1352,2897418911,,,,1
modify,0x1fe14350e72ed606c8850a16d91d5500c18274b7a19852dacf7c4164f78d820b,48597239,265,2026-07-13,,,1156,1422,84399969138,,,,1
modify,0x1fe14350e72ed606c8850a16d91d5500c18274b7a19852dacf7c4164f78d820b,48608498,71,2026-07-13,,,-887272,887272,75565,,,,1
modify,0x1fe14350e72ed606c8850a16d91d5500c18274b7a19852dacf7c4164f78d820b,48608544,546,2026-07-13,,,-887272,887272,-75565,,,,1
price,0x1fe14350e72ed606c8850a16d91d5500c18274b7a19852dacf7c4164f78d820b,48609680,206,2026-07-13,,,,,,84562851075857233884599807007,1303,11294834932781,1285
modify,0x1fe14350e72ed606c8850a16d91d5500c18274b7a19852dacf7c4164f78d820b,48615380,203,2026-07-14,,,1260,1360,9045176656029,,,,1
modify,0x1fe14350e72ed606c8850a16d91d5500c18274b7a19852dacf7c4164f78d820b,48615570,487,2026-07-14,,,1220,1526,1539275,,,,1
modify,0x1fe14350e72ed606c8850a16d91d5500c18274b7a19852dacf7c4164f78d820b,48615614,301,2026-07-14,,,1260,1360,1559896183763,,,,1
modify,0x1fe14350e72ed606c8850a16d91d5500c18274b7a19852dacf7c4164f78d820b,48615635,155,2026-07-14,,,1260,1360,69678140151,,,,1
modify,0x1fe14350e72ed606c8850a16d91d5500c18274b7a19852dacf7c4164f78d820b,48622261,519,2026-07-14,,,1220,1526,0,,,,1
modify,0x1fe14350e72ed606c8850a16d91d5500c18274b7a19852dacf7c4164f78d820b,48622271,41,2026-07-14,,,1220,1526,0,,,,1
modify,0x1fe14350e72ed606c8850a16d91d5500c18274b7a19852dacf7c4164f78d820b,48622294,578,2026-07-14,,,1220,1526,-24037732371,,,,1
modify,0x1fe14350e72ed606c8850a16d91d5500c18274b7a19852dacf7c4164f78d820b,48623795,2661,2026-07-14,,,1260,1360,0,,,,1
modify,0x1fe14350e72ed606c8850a16d91d5500c18274b7a19852dacf7c4164f78d820b,48623841,121,2026-07-14,,,1260,1360,-10674750979943,,,,1
modify,0x1fe14350e72ed606c8850a16d91d5500c18274b7a19852dacf7c4164f78d820b,48624509,516,2026-07-14,,,1257,1352,0,,,,1
modify,0x1fe14350e72ed606c8850a16d91d5500c18274b7a19852dacf7c4164f78d820b,48624538,13,2026-07-14,,,1257,1352,-2897418911,,,,1
modify,0x1fe14350e72ed606c8850a16d91d5500c18274b7a19852dacf7c4164f78d820b,48626485,37,2026-07-14,,,1287,1321,-379427650538,,,,1
modify,0x1fe14350e72ed606c8850a16d91d5500c18274b7a19852dacf7c4164f78d820b,48638252,347,2026-07-14,,,1323,1348,4847079692564,,,,1
modify,0x1fe14350e72ed606c8850a16d91d5500c18274b7a19852dacf7c4164f78d820b,48640089,124,2026-07-14,,,1293,1402,0,,,,1
modify,0x1fe14350e72ed606c8850a16d91d5500c18274b7a19852dacf7c4164f78d820b,48640170,13,2026-07-14,,,1293,1402,5448324487,,,,1
modify,0x1fe14350e72ed606c8850a16d91d5500c18274b7a19852dacf7c4164f78d820b,48651067,285,2026-07-14,,,1294,1394,172082305458,,,,1
price,0x1fe14350e72ed606c8850a16d91d5500c18274b7a19852dacf7c4164f78d820b,48652920,404,2026-07-14,,,,,,84749094093164333665691862833,1347,16029479488268,1874
modify,0x1fe14350e72ed606c8850a16d91d5500c18274b7a19852dacf7c4164f78d820b,48668256,171,2026-07-15,,,1308,1368,12478042897,,,,1
modify,0x1fe14350e72ed606c8850a16d91d5500c18274b7a19852dacf7c4164f78d820b,48668366,179,2026-07-15,,,1308,1368,291563160270,,,,1
modify,0x1fe14350e72ed606c8850a16d91d5500c18274b7a19852dacf7c4164f78d820b,48668446,487,2026-07-15,,,1308,1368,7013852515,,,,1
modify,0x1fe14350e72ed606c8850a16d91d5500c18274b7a19852dacf7c4164f78d820b,48673242,156,2026-07-15,,,1323,1348,-4847079692564,,,,1
modify,0x1fe14350e72ed606c8850a16d91d5500c18274b7a19852dacf7c4164f78d820b,48674645,7,2026-07-15,,,1308,1368,-311055055682,,,,1
modify,0x1fe14350e72ed606c8850a16d91d5500c18274b7a19852dacf7c4164f78d820b,48674792,187,2026-07-15,,,1312,1416,157963766377,,,,1
modify,0x1fe14350e72ed606c8850a16d91d5500c18274b7a19852dacf7c4164f78d820b,48674852,306,2026-07-15,,,1312,1416,21898064161,,,,1
modify,0x1fe14350e72ed606c8850a16d91d5500c18274b7a19852dacf7c4164f78d820b,48677038,92,2026-07-15,,,1272,1350,-3135261376868,,,,1
modify,0x1fe14350e72ed606c8850a16d91d5500c18274b7a19852dacf7c4164f78d820b,48678494,128,2026-07-15,,,1313,1379,3700162599666,,,,1
price,0x1fe14350e72ed606c8850a16d91d5500c18274b7a19852dacf7c4164f78d820b,48696034,68,2026-07-15,,,,,,84833733828148554462567414604,1367,11819213747041,1465
modify,0x1fe14350e72ed606c8850a16d91d5500c18274b7a19852dacf7c4164f78d820b,48704399,234,2026-07-16,,,1135,1495,2126228821,,,,1
modify,0x1fe14350e72ed606c8850a16d91d5500c18274b7a19852dacf7c4164f78d820b,48705984,309,2026-07-16,,,1398,1597,0,,,,1
modify,0x1fe14350e72ed606c8850a16d91d5500c18274b7a19852dacf7c4164f78d820b,48706087,354,2026-07-16,,,1398,1597,-175250485669,,,,1
modify,0x1fe14350e72ed606c8850a16d91d5500c18274b7a19852dacf7c4164f78d820b,48725493,325,2026-07-16,,,1156,1422,0,,,,1
modify,0x1fe14350e72ed606c8850a16d91d5500c18274b7a19852dacf7c4164f78d820b,48733065,6,2026-07-16,,,1293,1402,99343016336,,,,1
modify,0x1fe14350e72ed606c8850a16d91d5500c18274b7a19852dacf7c4164f78d820b,48737035,449,2026-07-16,,,1294,1394,-172082305458,,,,1
price,0x1fe14350e72ed606c8850a16d91d5500c18274b7a19852dacf7c4164f78d820b,48739304,365,2026-07-16,,,,,,84740230058884936481668741787,1345,11856549788739,1258
modify,0x1fe14350e72ed606c8850a16d91d5500c18274b7a19852dacf7c4164f78d820b,48745884,112,2026-07-17,,,1333,1353,4096803337,,,,1
modify,0x1fe14350e72ed606c8850a16d91d5500c18274b7a19852dacf7c4164f78d820b,48760587,1255,2026-07-17,,,1293,1402,91064683323,,,,1
modify,0x1fe14350e72ed606c8850a16d91d5500c18274b7a19852dacf7c4164f78d820b,48775148,370,2026-07-17,,,1293,1402,80410751075,,,,1
price,0x1fe14350e72ed606c8850a16d91d5500c18274b7a19852dacf7c4164f78d820b,48782493,245,2026-07-17,,,,,,84728523844016445573724831918,1342,12116535228858,1035
modify,0x1fe14350e72ed606c8850a16d91d5500c18274b7a19852dacf7c4164f78d820b,48786363,288,2026-07-18,,,1333,1353,0,,,,1
modify,0x1fe14350e72ed606c8850a16d91d5500c18274b7a19852dacf7c4164f78d820b,48786370,5,2026-07-18,,,1333,1353,-4096803337,,,,1
modify,0x1fe14350e72ed606c8850a16d91d5500c18274b7a19852dacf7c4164f78d820b,48818008,30,2026-07-18,,,1293,1402,91443332580,,,,1
price,0x1fe14350e72ed606c8850a16d91d5500c18274b7a19852dacf7c4164f78d820b,48825403,532,2026-07-18,,,,,,84725712061703741561740232605,1341,12203881758101,416
modify,0x1fe14350e72ed606c8850a16d91d5500c18274b7a19852dacf7c4164f78d820b,48827428,155,2026-07-19,,,1241,1441,92882279784,,,,1
modify,0x1fe14350e72ed606c8850a16d91d5500c18274b7a19852dacf7c4164f78d820b,48836811,240,2026-07-19,,,1241,1441,-92882279784,,,,1
modify,0x1fe14350e72ed606c8850a16d91d5500c18274b7a19852dacf7c4164f78d820b,48844873,187,2026-07-19,,,1241,1441,10765941610,,,,1
price,0x1fe14350e72ed606c8850a16d91d5500c18274b7a19852dacf7c4164f78d820b,48868906,192,2026-07-19,,,,,,84744369159958256292318042564,1346,12130234497327,894
modify,0x1fe14350e72ed606c8850a16d91d5500c18274b7a19852dacf7c4164f78d820b,48884776,22,2026-07-20,,,1217,1418,9349388449,,,,1
modify,0x1fe14350e72ed606c8850a16d91d5500c18274b7a19852dacf7c4164f78d820b,48888739,108,2026-07-20,,,1241,1441,-10765941610,,,,1
modify,0x1fe14350e72ed606c8850a16d91d5500c18274b7a19852dacf7c4164f78d820b,48889118,336,2026-07-20,,,1293,1402,47527802401,,,,1
price,0x1fe14350e72ed606c8850a16d91d5500c18274b7a19852dacf7c4164f78d820b,48912115,146,2026-07-20,,,,,,84663829993590408577226433756,1327,12260758948951,1534
modify,0x1fe14350e72ed606c8850a16d91d5500c18274b7a19852dacf7c4164f78d820b,48917069,156,2026-07-21,,,1283,1377,32830331768,,,,1
modify,0x1fe14350e72ed606c8850a16d91d5500c18274b7a19852dacf7c4164f78d820b,48917456,135,2026-07-21,,,1322,1338,2007812105855,,,,1
modify,0x1fe14350e72ed606c8850a16d91d5500c18274b7a19852dacf7c4164f78d820b,48917954,203,2026-07-21,,,1322,1338,6114970462183,,,,1
modify,0x1fe14350e72ed606c8850a16d91d5500c18274b7a19852dacf7c4164f78d820b,48919383,170,2026-07-21,,,1177,1400,154861445786,,,,1
modify,0x1fe14350e72ed606c8850a16d91d5500c18274b7a19852dacf7c4164f78d820b,48919400,444,2026-07-21,,,1177,1400,154189597771,,,,1
modify,0x1fe14350e72ed606c8850a16d91d5500c18274b7a19852dacf7c4164f78d820b,48929509,168,2026-07-21,,,1293,1402,46016638218,,,,1
modify,0x1fe14350e72ed606c8850a16d91d5500c18274b7a19852dacf7c4164f78d820b,48934440,366,2026-07-21,,,1446,1712,-2487674552,,,,1
modify,0x1fe14350e72ed606c8850a16d91d5500c18274b7a19852dacf7c4164f78d820b,48934669,316,2026-07-21,,,1232,1393,3646433499,,,,1
modify,0x1fe14350e72ed606c8850a16d91d5500c18274b7a19852dacf7c4164f78d820b,48934874,0,2026-07-21,,,1232,1393,845034117,,,,1
modify,0x1fe14350e72ed606c8850a16d91d5500c18274b7a19852dacf7c4164f78d820b,48935420,152,2026-07-21,,,1313,1379,-3700162599666,,,,1
modify,0x1fe14350e72ed606c8850a16d91d5500c18274b7a19852dacf7c4164f78d820b,48935599,309,2026-07-21,,,1298,1347,4950759427077,,,,1
modify,0x1fe14350e72ed606c8850a16d91d5500c18274b7a19852dacf7c4164f78d820b,48935631,188,2026-07-21,,,1298,1347,26883978842,,,,1
modify,0x1fe14350e72ed606c8850a16d91d5500c18274b7a19852dacf7c4164f78d820b,48948250,111,2026-07-21,,,1172,1558,0,,,,1
modify,0x1fe14350e72ed606c8850a16d91d5500c18274b7a19852dacf7c4164f78d820b,48948264,26,2026-07-21,,,1172,1558,0,,,,1
modify,0x1fe14350e72ed606c8850a16d91d5500c18274b7a19852dacf7c4164f78d820b,48953075,147,2026-07-21,,,1130,1345,0,,,,1
price,0x1fe14350e72ed606c8850a16d91d5500c18274b7a19852dacf7c4164f78d820b,48955240,352,2026-07-21,,,,,,84620347506551882765177127077,1316,13729820538456,1309
modify,0x1fe14350e72ed606c8850a16d91d5500c18274b7a19852dacf7c4164f78d820b,48959110,396,2026-07-22,,,1292,1370,356050400714,,,,1
modify,0x1fe14350e72ed606c8850a16d91d5500c18274b7a19852dacf7c4164f78d820b,48980704,196,2026-07-22,,,1262,1412,0,,,,1
modify,0x1fe14350e72ed606c8850a16d91d5500c18274b7a19852dacf7c4164f78d820b,48980743,313,2026-07-22,,,1083,1541,0,,,,1
modify,0x1fe14350e72ed606c8850a16d91d5500c18274b7a19852dacf7c4164f78d820b,48980959,308,2026-07-22,,,1262,1412,792614574,,,,1
modify,0x1fe14350e72ed606c8850a16d91d5500c18274b7a19852dacf7c4164f78d820b,48981220,524,2026-07-22,,,1293,1402,45126060898,,,,1
price,0x1fe14350e72ed606c8850a16d91d5500c18274b7a19852dacf7c4164f78d820b,48998485,7,2026-07-22,,,,,,84700753732167520651177372364,1335,22455380880587,1643
modify,0x1fe14350e72ed606c8850a16d91d5500c18274b7a19852dacf7c4164f78d820b,49006254,356,2026-07-23,,,1308,1328,1354173320606,,,,1
modify,0x1fe14350e72ed606c8850a16d91d5500c18274b7a19852dacf7c4164f78d820b,49009408,557,2026-07-23,,,1102,1502,1911739796,,,,1
modify,0x1fe14350e72ed606c8850a16d91d5500c18274b7a19852dacf7c4164f78d820b,49011263,5,2026-07-23,,,1232,1393,544257327,,,,1
modify,0x1fe14350e72ed606c8850a16d91d5500c18274b7a19852dacf7c4164f78d820b,49018437,111,2026-07-23,,,1089,1489,4588378594,,,,1
modify,0x1fe14350e72ed606c8850a16d91d5500c18274b7a19852dacf7c4164f78d820b,49021503,39,2026-07-23,,,1298,1347,-4977643405919,,,,1
modify,0x1fe14350e72ed606c8850a16d91d5500c18274b7a19852dacf7c4164f78d820b,49021683,27,2026-07-23,,,1257,1318,3988178434172,,,,1
modify,0x1fe14350e72ed606c8850a16d91d5500c18274b7a19852dacf7c4164f78d820b,49021862,295,2026-07-23,,,1292,1370,-356050400714,,,,1
modify,0x1fe14350e72ed606c8850a16d91d5500c18274b7a19852dacf7c4164f78d820b,49022113,266,2026-07-23,,,1308,1328,-1354173320606,,,,1
modify,0x1fe14350e72ed606c8850a16d91d5500c18274b7a19852dacf7c4164f78d820b,49022599,17,2026-07-23,,,1253,1356,829191121604,,,,1
price,0x1fe14350e72ed606c8850a16d91d5500c18274b7a19852dacf7c4164f78d820b,49041512,68,2026-07-23,,,,,,84516735367742229837491640086,1292,6798454390346,2238
modify,0x1fe14350e72ed606c8850a16d91d5500c18274b7a19852dacf7c4164f78d820b,49041942,17,2026-07-24,,,1282,1302,4900639707,,,,1
modify,0x1fe14350e72ed606c8850a16d91d5500c18274b7a19852dacf7c4164f78d820b,49047126,76,2026-07-24,,,1322,1338,-8122782568038,,,,1
modify,0x1fe14350e72ed606c8850a16d91d5500c18274b7a19852dacf7c4164f78d820b,49061385,568,2026-07-24,,,1299,1378,-453473633132,,,,1
modify,0x1fe14350e72ed606c8850a16d91d5500c18274b7a19852dacf7c4164f78d820b,49061502,7,2026-07-24,,,1243,1341,376575213343,,,,1
price,0x1fe14350e72ed606c8850a16d91d5500c18274b7a19852dacf7c4164f78d820b,49084687,309,2026-07-24,,,,,,84472555097050346672739513452,1281,7024639678185,1307
init,0x6763ac78b18c40e59dce6a8acf7c9f9c046555fa2ebc76cf2634afdc5363bd9a,45089701,645,2026-04-23,0x27f6c8289550fce67f6b50bed1f519966afe5287,0x833589fcd6edb6e08f4c7c32d4f71b54bda02913,,,,91979767987064244026634,-273340,,1
modify,0x6763ac78b18c40e59dce6a8acf7c9f9c046555fa2ebc76cf2634afdc5363bd9a,45089701,647,2026-04-23,,,-275570,-271520,47707990867443,,,,1
modify,0x6763ac78b18c40e59dce6a8acf7c9f9c046555fa2ebc76cf2634afdc5363bd9a,45096446,207,2026-04-23,,,-273790,-272960,4787948021645977758,,,,1
price,0x6763ac78b18c40e59dce6a8acf7c9f9c046555fa2ebc76cf2634afdc5363bd9a,45107714,203,2026-04-23,,,,,,91979976924441400135917,-273340,4787995729636845201,6
price,0x6763ac78b18c40e59dce6a8acf7c9f9c046555fa2ebc76cf2634afdc5363bd9a,45111071,404,2026-04-24,,,,,,91979977088192986501811,-273340,4787995729636845201,1
price,0x6763ac78b18c40e59dce6a8acf7c9f9c046555fa2ebc76cf2634afdc5363bd9a,45195775,349,2026-04-25,,,,,,92016903644670477683872,-273332,4787995729636845201,4
price,0x6763ac78b18c40e59dce6a8acf7c9f9c046555fa2ebc76cf2634afdc5363bd9a,45238853,105,2026-04-26,,,,,,91996865949434946444258,-273336,4787995729636845201,9
price,0x6763ac78b18c40e59dce6a8acf7c9f9c046555fa2ebc76cf2634afdc5363bd9a,45268559,456,2026-04-27,,,,,,92066441471269958440737,-273321,4787995729636845201,10
price,0x6763ac78b18c40e59dce6a8acf7c9f9c046555fa2ebc76cf2634afdc5363bd9a,45293386,744,2026-04-28,,,,,,92068698496339462013596,-273320,4787995729636845201,2
price,0x6763ac78b18c40e59dce6a8acf7c9f9c046555fa2ebc76cf2634afdc5363bd9a,45359534,474,2026-04-29,,,,,,92069601912382004775391,-273320,4787995729636845201,5
price,0x6763ac78b18c40e59dce6a8acf7c9f9c046555fa2ebc76cf2634afdc5363bd9a,45395165,401,2026-04-30,,,,,,92257624211439690888502,-273279,4787995729636845201,12
price,0x6763ac78b18c40e59dce6a8acf7c9f9c046555fa2ebc76cf2634afdc5363bd9a,45439467,16,2026-05-01,,,,,,92356801680973000056145,-273258,4787995729636845201,22
price,0x6763ac78b18c40e59dce6a8acf7c9f9c046555fa2ebc76cf2634afdc5363bd9a,45478399,182,2026-05-02,,,,,,92333488833544147087519,-273263,4787995729636845201,3
price,0x6763ac78b18c40e59dce6a8acf7c9f9c046555fa2ebc76cf2634afdc5363bd9a,45507433,391,2026-05-03,,,,,,92333384852769746130280,-273263,4787995729636845201,2
price,0x6763ac78b18c40e59dce6a8acf7c9f9c046555fa2ebc76cf2634afdc5363bd9a,45585563,501,2026-05-04,,,,,,92186017176791244909887,-273295,4787995729636845201,15
price,0x6763ac78b18c40e59dce6a8acf7c9f9c046555fa2ebc76cf2634afdc5363bd9a,45626995,520,2026-05-05,,,,,,92331383536579865924731,-273263,4787995729636845201,9
price,0x6763ac78b18c40e59dce6a8acf7c9f9c046555fa2ebc76cf2634afdc5363bd9a,45651323,87,2026-05-06,,,,,,92417271098034234623017,-273245,4787995729636845201,9
price,0x6763ac78b18c40e59dce6a8acf7c9f9c046555fa2ebc76cf2634afdc5363bd9a,45701882,194,2026-05-07,,,,,,92287334792638820585063,-273273,4787995729636845201,8
price,0x6763ac78b18c40e59dce6a8acf7c9f9c046555fa2ebc76cf2634afdc5363bd9a,45846605,254,2026-05-11,,,,,,92287346034857042955192,-273273,4787995729636845201,1
price,0x6763ac78b18c40e59dce6a8acf7c9f9c046555fa2ebc76cf2634afdc5363bd9a,45902471,321,2026-05-12,,,,,,92141807060685953833044,-273304,4787995729636845201,10
price,0x6763ac78b18c40e59dce6a8acf7c9f9c046555fa2ebc76cf2634afdc5363bd9a,45964836,225,2026-05-13,,,,,,92143295295800009773806,-273304,4787995729636845201,2
price,0x6763ac78b18c40e59dce6a8acf7c9f9c046555fa2ebc76cf2634afdc5363bd9a,46017649,139,2026-05-14,,,,,,91604460844522267966924,-273421,4787995729636845201,58
price,0x6763ac78b18c40e59dce6a8acf7c9f9c046555fa2ebc76cf2634afdc5363bd9a,46043067,322,2026-05-15,,,,,,91507230918536229246073,-273443,4787995729636845201,18
price,0x6763ac78b18c40e59dce6a8acf7c9f9c046555fa2ebc76cf2634afdc5363bd9a,46103325,308,2026-05-16,,,,,,91517106730176460109832,-273441,4787995729636845201,4
modify,0x6763ac78b18c40e59dce6a8acf7c9f9c046555fa2ebc76cf2634afdc5363bd9a,46109650,599,2026-05-17,,,-273440,-273430,88720722288893212,,,,1
modify,0x6763ac78b18c40e59dce6a8acf7c9f9c046555fa2ebc76cf2634afdc5363bd9a,46109682,255,2026-05-17,,,-273440,-273430,89785285039183035,,,,1
modify,0x6763ac78b18c40e59dce6a8acf7c9f9c046555fa2ebc76cf2634afdc5363bd9a,46109719,58,2026-05-17,,,-273440,-273430,91437301113144361,,,,1
modify,0x6763ac78b18c40e59dce6a8acf7c9f9c046555fa2ebc76cf2634afdc5363bd9a,46109746,533,2026-05-17,,,-273440,-273430,93118704323438390,,,,1
modify,0x6763ac78b18c40e59dce6a8acf7c9f9c046555fa2ebc76cf2634afdc5363bd9a,46109770,385,2026-05-17,,,-273440,-273430,94831564043158614,,,,1
modify,0x6763ac78b18c40e59dce6a8acf7c9f9c046555fa2ebc76cf2634afdc5363bd9a,46109794,214,2026-05-17,,,-273440,-273430,96575882561148002,,,,1
modify,0x6763ac78b18c40e59dce6a8acf7c9f9c046555fa2ebc76cf2634afdc5363bd9a,46109821,830,2026-05-17,,,-273440,-273430,134650741687167490,,,,1
modify,0x6763ac78b18c40e59dce6a8acf7c9f9c046555fa2ebc76cf2634afdc5363bd9a,46114751,433,2026-05-17,,,-273440,-273430,100853205721645824,,,,1
modify,0x6763ac78b18c40e59dce6a8acf7c9f9c046555fa2ebc76cf2634afdc5363bd9a,46114791,412,2026-05-17,,,-273440,-273430,102683611794534319,,,,1
modify,0x6763ac78b18c40e59dce6a8acf7c9f9c046555fa2ebc76cf2634afdc5363bd9a,46114822,524,2026-05-17,,,-273440,-273430,104572054712553916,,,,1
modify,0x6763ac78b18c40e59dce6a8acf7c9f9c046555fa2ebc76cf2634afdc5363bd9a,46119613,454,2026-05-17,,,-273440,-273430,106493276257747944,,,,1
modify,0x6763ac78b18c40e59dce6a8acf7c9f9c046555fa2ebc76cf2634afdc5363bd9a,46119640,205,2026-05-17,,,-273440,-273430,98751514995398323,,,,1
modify,0x6763ac78b18c40e59dce6a8acf7c9f9c046555fa2ebc76cf2634afdc5363bd9a,46126447,221,2026-05-17,,,-273440,-273430,120337099562589562,,,,1
modify,0x6763ac78b18c40e59dce6a8acf7c9f9c046555fa2ebc76cf2634afdc5363bd9a,46126480,183,2026-05-17,,,-273440,-273430,103667081584379638,,,,1
modify,0x6763ac78b18c40e59dce6a8acf7c9f9c046555fa2ebc76cf2634afdc5363bd9a,46126521,307,2026-05-17,,,-273440,-273430,114390790808142085,,,,1
modify,0x6763ac78b18c40e59dce6a8acf7c9f9c046555fa2ebc76cf2634afdc5363bd9a,46126607,371,2026-05-17,,,-273440,-273430,-1540868836493124715,,,,1
modify,0x6763ac78b18c40e59dce6a8acf7c9f9c046555fa2ebc76cf2634afdc5363bd9a,46139359,152,2026-05-17,,,-273440,-273430,1550011790295191190,,,,1
price,0x6763ac78b18c40e59dce6a8acf7c9f9c046555fa2ebc76cf2634afdc5363bd9a,46140392,73,2026-05-17,,,,,,91528296613362872502121,-273438,6338007519932036391,20
modify,0x6763ac78b18c40e59dce6a8acf7c9f9c046555fa2ebc76cf2634afdc5363bd9a,46140405,417,2026-05-17,,,-273440,-273430,-1550011790295191190,,,,1
modify,0x6763ac78b18c40e59dce6a8acf7c9f9c046555fa2ebc76cf2634afdc5363bd9a,46147743,436,2026-05-18,,,-273440,-273430,1550055064454771685,,,,1
modify,0x6763ac78b18c40e59dce6a8acf7c9f9c046555fa2ebc76cf2634afdc5363bd9a,46147774,49,2026-05-18,,,-273440,-273430,-1550055064454771685,,,,1
modify,0x6763ac78b18c40e59dce6a8acf7c9f9c046555fa2ebc76cf2634afdc5363bd9a,46157797,476,2026-05-18,,,-273440,-273430,1550080241686075627,,,,1
modify,0x6763ac78b18c40e59dce6a8acf7c9f9c046555fa2ebc76cf2634afdc5363bd9a,46157854,341,2026-05-18,,,-273440,-273430,237703762058211097,,,,1
modify,0x6763ac78b18c40e59dce6a8acf7c9f9c046555fa2ebc76cf2634afdc5363bd9a,46157898,481,2026-05-18,,,-273440,-273430,259427008502642095,,,,1
modify,0x6763ac78b18c40e59dce6a8acf7c9f9c046555fa2ebc76cf2634afdc5363bd9a,46157947,82,2026-05-18,,,-273440,-273430,-2047211012246928819,,,,1
modify,0x6763ac78b18c40e59dce6a8acf7c9f9c046555fa2ebc76cf2634afdc5363bd9a,46162426,1584,2026-05-18,,,-273420,-273400,860237496310801342,,,,1
modify,0x6763ac78b18c40e59dce6a8acf7c9f9c046555fa2ebc76cf2634afdc5363bd9a,46162458,588,2026-05-18,,,-273420,-273400,52282614862322952,,,,1
modify,0x6763ac78b18c40e59dce6a8acf7c9f9c046555fa2ebc76cf2634afdc5363bd9a,46162479,396,2026-05-18,,,-273420,-273400,84897459794830584,,,,1
modify,0x6763ac78b18c40e59dce6a8acf7c9f9c046555fa2ebc76cf2634afdc5363bd9a,46162504,1008,2026-05-18,,,-273420,-273400,-997417570967954878,,,,1
modify,0x6763ac78b18c40e59dce6a8acf7c9f9c046555fa2ebc76cf2634afdc5363bd9a,46170367,62,2026-05-18,,,-273390,-273380,2120707733758007390,,,,1
modify,0x6763ac78b18c40e59dce6a8acf7c9f9c046555fa2ebc76cf2634afdc5363bd9a,46170395,221,2026-05-18,,,-273390,-273380,-2120707733758007390,,,,1
modify,0x6763ac78b18c40e59dce6a8acf7c9f9c046555fa2ebc76cf2634afdc5363bd9a,46176610,606,2026-05-18,,,-273390,-273380,2680453962937698133,,,,1
modify,0x6763ac78b18c40e59dce6a8acf7c9f9c046555fa2ebc76cf2634afdc5363bd9a,46176639,423,2026-05-18,,,-273390,-273380,-2680453962937698133,,,,1
modify,0x6763ac78b18c40e59dce6a8acf7c9f9c046555fa2ebc76cf2634afdc5363bd9a,46190449,906,2026-05-18,,,-273390,-273380,2762439770720903284,,,,1
price,0x6763ac78b18c40e59dce6a8acf7c9f9c046555fa2ebc76cf2634afdc5363bd9a,46190462,574,2026-05-18,,,,,,91761616298755129145810,-273387,7550435500357748485,26
modify,0x6763ac78b18c40e59dce6a8acf7c9f9c046555fa2ebc76cf2634afdc5363bd9a,46190473,873,2026-05-18,,,-273390,-273380,-2762439770720903284,,,,1
modify,0x6763ac78b18c40e59dce6a8acf7c9f9c046555fa2ebc76cf2634afdc5363bd9a,46197244,142,2026-05-19,,,-273390,-273380,2762401258368805301,,,,1
modify,0x6763ac78b18c40e59dce6a8acf7c9f9c046555fa2ebc76cf2634afdc5363bd9a,46197272,1089,2026-05-19,,,-273390,-273380,-2762401258368805301,,,,1
modify,0x6763ac78b18c40e59dce6a8acf7c9f9c046555fa2ebc76cf2634afdc5363bd9a,46204470,564,2026-05-19,,,-273390,-273380,2176710547916070670,,,,1
modify,0x6763ac78b18c40e59dce6a8acf7c9f9c046555fa2ebc76cf2634afdc5363bd9a,46204526,735,2026-05-19,,,-273390,-273380,-2176710547916070670,,,,1
modify,0x6763ac78b18c40e59dce6a8acf7c9f9c046555fa2ebc76cf2634afdc5363bd9a,46219222,1010,2026-05-19,,,-273400,-273390,2212797250043172701,,,,1
modify,0x6763ac78b18c40e59dce6a8acf7c9f9c046555fa2ebc76cf2634afdc5363bd9a,46219259,583,2026-05-19,,,-273400,-273390,-2212797250043172701,,,,1
modify,0x6763ac78b18c40e59dce6a8acf7c9f9c046555fa2ebc76cf2634afdc5363bd9a,46219841,599,2026-05-19,,,-273400,-273390,3930432465028966153,,,,1
modify,0x6763ac78b18c40e59dce6a8acf7c9f9c046555fa2ebc76cf2634afdc5363bd9a,46219877,383,2026-05-19,,,-273400,-273390,-3930432465028966153,,,,1
price,0x6763ac78b18c40e59dce6a8acf7c9f9c046555fa2ebc76cf2634afdc5363bd9a,46232448,219,2026-05-19,,,,,,91761155716368125204317,-273387,4787995729636845201,18
modify,0x6763ac78b18c40e59dce6a8acf7c9f9c046555fa2ebc76cf2634afdc5363bd9a,46261399,595,2026-05-20,,,-273380,-273370,1707161142445717989,,,,1
modify,0x6763ac78b18c40e59dce6a8acf7c9f9c046555fa2ebc76cf2634afdc5363bd9a,46261442,363,2026-05-20,,,-273380,-273370,-1707161142445717989,,,,1
modify,0x6763ac78b18c40e59dce6a8acf7c9f9c046555fa2ebc76cf2634afdc5363bd9a,46263040,644,2026-05-20,,,-273380,-273370,2013000851311061468,,,,1
modify,0x6763ac78b18c40e59dce6a8acf7c9f9c046555fa2ebc76cf2634afdc5363bd9a,46263067,563,2026-05-20,,,-273380,-273370,-2013000851311061468,,,,1
modify,0x6763ac78b18c40e59dce6a8acf7c9f9c046555fa2ebc76cf2634afdc5363bd9a,46272626,851,2026-05-20,,,-273380,-273370,2202816637141639953,,,,1
price,0x6763ac78b18c40e59dce6a8acf7c9f9c046555fa2ebc76cf2634afdc5363bd9a,46272642,184,2026-05-20,,,,,,91823867090968664231894,-273374,6990812366778485154,16
modify,0x6763ac78b18c40e59dce6a8acf7c9f9c046555fa2ebc76cf2634afdc5363bd9a,46272657,688,2026-05-20,,,-273380,-273370,-2202816637141639953,,,,1
modify,0x6763ac78b18c40e59dce6a8acf7c9f9c046555fa2ebc76cf2634afdc5363bd9a,46277171,351,2026-05-21,,,-273380,-273370,2203138033559301335,,,,1
modify,0x6763ac78b18c40e59dce6a8acf7c9f9c046555fa2ebc76cf2634afdc5363bd9a,46277552,47,2026-05-21,,,-273380,-273370,-2203138033559301335,,,,1
modify,0x6763ac78b18c40e59dce6a8acf7c9f9c046555fa2ebc76cf2634afdc5363bd9a,46280984,801,2026-05-21,,,-273380,-273370,2196985730754724225,,,,1
modify,0x6763ac78b18c40e59dce6a8acf7c9f9c046555fa2ebc76cf2634afdc5363bd9a,46281016,276,2026-05-21,,,-273380,-273370,-2196985730754724225,,,,1
modify,0x6763ac78b18c40e59dce6a8acf7c9f9c046555fa2ebc76cf2634afdc5363bd9a,46281074,1220,2026-05-21,,,-273380,-273370,1582878224538264199,,,,1
modify,0x6763ac78b18c40e59dce6a8acf7c9f9c046555fa2ebc76cf2634afdc5363bd9a,46281098,1387,2026-05-21,,,-273380,-273370,-1582878224538264199,,,,1
modify,0x6763ac78b18c40e59dce6a8acf7c9f9c046555fa2ebc76cf2634afdc5363bd9a,46290245,833,2026-05-21,,,-273380,-273370,2688343834819344611,,,,1
modify,0x6763ac78b18c40e59dce6a8acf7c9f9c046555fa2ebc76cf2634afdc5363bd9a,46290278,923,2026-05-21,,,-273380,-273370,-2688343834819344611,,,,1
modify,0x6763ac78b18c40e59dce6a8acf7c9f9c046555fa2ebc76cf2634afdc5363bd9a,46291666,954,2026-05-21,,,-273380,-273370,520643488263040036,,,,1
modify,0x6763ac78b18c40e59dce6a8acf7c9f9c046555fa2ebc76cf2634afdc5363bd9a,46291696,473,2026-05-21,,,-273380,-273370,-520643488263040036,,,,1
modify,0x6763ac78b18c40e59dce6a8acf7c9f9c046555fa2ebc76cf2634afdc5363bd9a,46299801,839,2026-05-21,,,-273380,-273370,5135147468708836186,,,,1
modify,0x6763ac78b18c40e59dce6a8acf7c9f9c046555fa2ebc76cf2634afdc5363bd9a,46299834,473,2026-05-21,,,-273380,-273370,-5135147468708836186,,,,1
modify,0x6763ac78b18c40e59dce6a8acf7c9f9c046555fa2ebc76cf2634afdc5363bd9a,46300265,526,2026-05-21,,,-273380,-273370,4654466726521810687,,,,1
modify,0x6763ac78b18c40e59dce6a8acf7c9f9c046555fa2ebc76cf2634afdc5363bd9a,46300299,395,2026-05-21,,,-273380,-273370,-4654466726521810687,,,,1
modify,0x6763ac78b18c40e59dce6a8acf7c9f9c046555fa2ebc76cf2634afdc5363bd9a,46312319,502,2026-05-21,,,-273380,-273370,4652182958327285362,,,,1
modify,0x6763ac78b18c40e59dce6a8acf7c9f9c046555fa2ebc76cf2634afdc5363bd9a,46312360,171,2026-05-21,,,-273380,-273370,-4652182958327285362,,,,1
modify,0x6763ac78b18c40e59dce6a8acf7c9f9c046555fa2ebc76cf2634afdc5363bd9a,46313398,334,2026-05-21,,,-273380,-273370,4264896941142721317,,,,1
modify,0x6763ac78b18c40e59dce6a8acf7c9f9c046555fa2ebc76cf2634afdc5363bd9a,46313423,127,2026-05-21,,,-273380,-273370,-4264896941142721317,,,,1
price,0x6763ac78b18c40e59dce6a8acf7c9f9c046555fa2ebc76cf2634afdc5363bd9a,46316239,260,2026-05-21,,,,,,91804142373425549219424,-273378,4787995729636845201,18
modify,0x6763ac78b18c40e59dce6a8acf7c9f9c046555fa2ebc76cf2634afdc5363bd9a,46324150,105,2026-05-22,,,-273380,-273370,3535897900868077613,,,,1
modify,0x6763ac78b18c40e59dce6a8acf7c9f9c046555fa2ebc76cf2634afdc5363bd9a,46324191,1028,2026-05-22,,,-273380,-273370,-3535897900868077613,,,,1
modify,0x6763ac78b18c40e59dce6a8acf7c9f9c046555fa2ebc76cf2634afdc5363bd9a,46337637,606,2026-05-22,,,-273380,-273370,6233982038746418090,,,,1
modify,0x6763ac78b18c40e59dce6a8acf7c9f9c046555fa2ebc76cf2634afdc5363bd9a,46337693,668,2026-05-22,,,-273380,-273370,-6233982038746418090,,,,1
modify,0x6763ac78b18c40e59dce6a8acf7c9f9c046555fa2ebc76cf2634afdc5363bd9a,46342654,442,2026-05-22,,,-273380,-273370,10345399180084154953,,,,1
modify,0x6763ac78b18c40e59dce6a8acf7c9f9c046555fa2ebc76cf2634afdc5363bd9a,46342747,121,2026-05-22,,,-273380,-273370,-10345399180084154953,,,,1
modify,0x6763ac78b18c40e59dce6a8acf7c9f9c046555fa2ebc76cf2634afdc5363bd9a,46352744,1610,2026-05-22,,,-273380,-273370,10703144579803823011,,,,1
modify,0x6763ac78b18c40e59dce6a8acf7c9f9c046555fa2ebc76cf2634afdc5363bd9a,46352773,534,2026-05-22,,,-273380,-273370,-10703144579803823011,,,,1
modify,0x6763ac78b18c40e59dce6a8acf7c9f9c046555fa2ebc76cf2634afdc5363bd9a,46356618,1175,2026-05-22,,,-273380,-273370,6046071119126925781,,,,1
price,0x6763ac78b18c40e59dce6a8acf7c9f9c046555fa2ebc76cf2634afdc5363bd9a,46356639,148,2026-05-22,,,,,,91814770238453952999413,-273376,10834066848763770982,14
modify,0x6763ac78b18c40e59dce6a8acf7c9f9c046555fa2ebc76cf2634afdc5363bd9a,46356654,254,2026-05-22,,,-273380,-273370,-6046071119126925781,,,,1
modify,0x6763ac78b18c40e59dce6a8acf7c9f9c046555fa2ebc76cf2634afdc5363bd9a,46363731,500,2026-05-23,,,-273380,-273370,6046104422222553235,,,,1
modify,0x6763ac78b18c40e59dce6a8acf7c9f9c046555fa2ebc76cf2634afdc5363bd9a,46363756,64,2026-05-23,,,-273380,-273370,-6046104422222553235,,,,1
modify,0x6763ac78b18c40e59dce6a8acf7c9f9c046555fa2ebc76cf2634afdc5363bd9a,46371040,855,2026-05-23,,,-273380,-273370,7177765343869270839,,,,1
modify,0x6763ac78b18c40e59dce6a8acf7c9f9c046555fa2ebc76cf2634afdc5363bd9a,46371065,184,2026-05-23,,,-273380,-273370,-7177765343869270839,,,,1
modify,0x6763ac78b18c40e59dce6a8acf7c9f9c046555fa2ebc76cf2634afdc5363bd9a,46383297,286,2026-05-23,,,-273380,-273370,8286619240037705574,,,,1
modify,0x6763ac78b18c40e59dce6a8acf7c9f9c046555fa2ebc76cf2634afdc5363bd9a,46383323,423,2026-05-23,,,-273380,-273370,-8286619240037705574,,,,1
modify,0x6763ac78b18c40e59dce6a8acf7c9f9c046555fa2ebc76cf2634afdc5363bd9a,46386089,81,2026-05-23,,,-273380,-273370,8642979931729057586,,,,1
modify,0x6763ac78b18c40e59dce6a8acf7c9f9c046555fa2ebc76cf2634afdc5363bd9a,46386109,536,2026-05-23,,,-273380,-273370,-8642979931729057586,,,,1
modify,0x6763ac78b18c40e59dce6a8acf7c9f9c046555fa2ebc76cf2634afdc5363bd9a,46398608,123,2026-05-23,,,-273380,-273370,8623423282831272513,,,,1
modify,0x6763ac78b18c40e59dce6a8acf7c9f9c046555fa2ebc76cf2634afdc5363bd9a,46398630,620,2026-05-23,,,-273380,-273370,-8623423282831272513,,,,1
modify,0x6763ac78b18c40e59dce6a8acf7c9f9c046555fa2ebc76cf2634afdc5363bd9a,46399814,244,2026-05-23,,,-273380,-273370,8436298986489739550,,,,1
price,0x6763ac78b18c40e59dce6a8acf7c9f9c046555fa2ebc76cf2634afdc5363bd9a,46399826,460,2026-05-23,,,,,,91819411671025585515809,-273375,13224294716126584751,9
modify,0x6763ac78b18c40e59dce6a8acf7c9f9c046555fa2ebc76cf2634afdc5363bd9a,46399837,452,2026-05-23,,,-273380,-273370,-8436298986489739550,,,,1
modify,0x6763ac78b18c40e59dce6a8acf7c9f9c046555fa2ebc76cf2634afdc5363bd9a,46412269,224,2026-05-24,,,-273380,-273370,8031794611093778059,,,,1
modify,0x6763ac78b18c40e59dce6a8acf7c9f9c046555fa2ebc76cf2634afdc5363bd9a,46412297,184,2026-05-24,,,-273380,-273370,-8031794611093778059,,,,1
modify,0x6763ac78b18c40e59dce6a8acf7c9f9c046555fa2ebc76cf2634afdc5363bd9a,46415709,860,2026-05-24,,,-273380,-273370,8031857601238345284,,,,1
modify,0x6763ac78b18c40e59dce6a8acf7c9f9c046555fa2ebc76cf2634afdc5363bd9a,46415734,375,2026-05-24,,,-273380,-273370,-8031857601238345284,,,,1
modify,0x6763ac78b18c40e59dce6a8acf7c9f9c046555fa2ebc76cf2634afdc5363bd9a,46423563,203,2026-05-24,,,-273380,-273370,7913957846707237690,,,,1
modify,0x6763ac78b18c40e59dce6a8acf7c9f9c046555fa2ebc76cf2634afdc5363bd9a,46423591,1033,2026-05-24,,,-273380,-273370,-7913957846707237690,,,,1
modify,0x6763ac78b18c40e59dce6a8acf7c9f9c046555fa2ebc76cf2634afdc5363bd9a,46428886,646,2026-05-24,,,-273380,-273370,7714668754294298251,,,,1
modify,0x6763ac78b18c40e59dce6a8acf7c9f9c046555fa2ebc76cf2634afdc5363bd9a,46428911,445,2026-05-24,,,-273380,-273370,-7714668754294298251,,,,1
modify,0x6763ac78b18c40e59dce6a8acf7c9f9c046555fa2ebc76cf2634afdc5363bd9a,46439376,378,2026-05-24,,,-273350,-273340,3732474836311901058,,,,1
modify,0x6763ac78b18c40e59dce6a8acf7c9f9c046555fa2ebc76cf2634afdc5363bd9a,46439405,470,2026-05-24,,,-273350,-273340,-3732474836311901058,,,,1
modify,0x6763ac78b18c40e59dce6a8acf7c9f9c046555fa2ebc76cf2634afdc5363bd9a,46448948,250,2026-05-24,,,-273350,-273340,9878705522769671080,,,,1
modify,0x6763ac78b18c40e59dce6a8acf7c9f9c046555fa2ebc76cf2634afdc5363bd9a,46448972,564,2026-05-24,,,-273350,-273340,-2469676380692417770,,,,1
price,0x6763ac78b18c40e59dce6a8acf7c9f9c046555fa2ebc76cf2634afdc5363bd9a,46448986,228,2026-05-24,,,,,,91964444850526123642300,-273343,12197024871714098511,19
modify,0x6763ac78b18c40e59dce6a8acf7c9f9c046555fa2ebc76cf2634afdc5363bd9a,46448995,765,2026-05-24,,,-273350,-273340,-7409029142077253310,,,,1
price,0x6763ac78b18c40e59dce6a8acf7c9f9c046555fa2ebc76cf2634afdc5363bd9a,46462045,152,2026-05-25,,,,,,92006182924155176725505,-273334,4787995729636845201,11
price,0x6763ac78b18c40e59dce6a8acf7c9f9c046555fa2ebc76cf2634afdc5363bd9a,46523307,183,2026-05-26,,,,,,91897548081031930922625,-273358,4787995729636845201,6
price,0x6763ac78b18c40e59dce6a8acf7c9f9c046555fa2ebc76cf2634afdc5363bd9a,46578664,615,2026-05-27,,,,,,91711140547250791231724,-273398,4787995729636845201,20
price,0x6763ac78b18c40e59dce6a8acf7c9f9c046555fa2ebc76cf2634afdc5363bd9a,46611316,13,2026-05-28,,,,,,91803817103695918312196,-273378,4787995729636845201,10
price,0x6763ac78b18c40e59dce6a8acf7c9f9c046555fa2ebc76cf2634afdc5363bd9a,46640631,1021,2026-05-29,,,,,,91932016136850032379066,-273350,4787995729636845201,6
price,0x6763ac78b18c40e59dce6a8acf7c9f9c046555fa2ebc76cf2634afdc5363bd9a,46694506,7,2026-05-30,,,,,,91932015875226448642742,-273350,4787995729636845201,1
price,0x6763ac78b18c40e59dce6a8acf7c9f9c046555fa2ebc76cf2634afdc5363bd9a,46742977,394,2026-05-31,,,,,,91896914126398113023553,-273358,4787995729636845201,4
price,0x6763ac78b18c40e59dce6a8acf7c9f9c046555fa2ebc76cf2634afdc5363bd9a,46773160,398,2026-06-01,,,,,,91881097540294273735833,-273361,4787995729636845201,4
price,0x6763ac78b18c40e59dce6a8acf7c9f9c046555fa2ebc76cf2634afdc5363bd9a,46807759,630,2026-06-02,,,,,,91931529617608393955376,-273350,4787995729636845201,3
price,0x6763ac78b18c40e59dce6a8acf7c9f9c046555fa2ebc76cf2634afdc5363bd9a,46880816,684,2026-06-03,,,,,,91818452518077284846319,-273375,4787995729636845201,27
price,0x6763ac78b18c40e59dce6a8acf7c9f9c046555fa2ebc76cf2634afdc5363bd9a,46917004,250,2026-06-04,,,,,,91855753162925193404731,-273367,4787995729636845201,17
price,0x6763ac78b18c40e59dce6a8acf7c9f9c046555fa2ebc76cf2634afdc5363bd9a,46955040,189,2026-06-05,,,,,,91523356440978025046108,-273439,4787995729636845201,37
price,0x6763ac78b18c40e59dce6a8acf7c9f9c046555fa2ebc76cf2634afdc5363bd9a,46996163,630,2026-06-06,,,,,,91489530574456484784119,-273447,4787995729636845201,24
price,0x6763ac78b18c40e59dce6a8acf7c9f9c046555fa2ebc76cf2634afdc5363bd9a,47041415,216,2026-06-07,,,,,,91507025447449586692886,-273443,4787995729636845201,23
price,0x6763ac78b18c40e59dce6a8acf7c9f9c046555fa2ebc76cf2634afdc5363bd9a,47097339,507,2026-06-08,,,,,,91539587953365824979776,-273436,4787995729636845201,30
price,0x6763ac78b18c40e59dce6a8acf7c9f9c046555fa2ebc76cf2634afdc5363bd9a,47113330,1071,2026-06-09,,,,,,91646618785174607497930,-273412,4787995729636845201,8
price,0x6763ac78b18c40e59dce6a8acf7c9f9c046555fa2ebc76cf2634afdc5363bd9a,47173426,477,2026-06-10,,,,,,91611263578232595654575,-273420,4787995729636845201,8
price,0x6763ac78b18c40e59dce6a8acf7c9f9c046555fa2ebc76cf2634afdc5363bd9a,47221372,1281,2026-06-11,,,,,,91741502024694813687784,-273392,4787995729636845201,18
price,0x6763ac78b18c40e59dce6a8acf7c9f9c046555fa2ebc76cf2634afdc5363bd9a,47268110,120,2026-06-12,,,,,,91729487632233341217891,-273394,4787995729636845201,4
price,0x6763ac78b18c40e59dce6a8acf7c9f9c046555fa2ebc76cf2634afdc5363bd9a,47356389,595,2026-06-14,,,,,,91803920546812282546161,-273378,4787995729636845201,2
price,0x6763ac78b18c40e59dce6a8acf7c9f9c046555fa2ebc76cf2634afdc5363bd9a,47373983,596,2026-06-15,,,,,,91792484403412039828931,-273380,4787995729636845201,11
price,0x6763ac78b18c40e59dce6a8acf7c9f9c046555fa2ebc76cf2634afdc5363bd9a,47440196,294,2026-06-16,,,,,,91800650807743608495272,-273379,4787995729636845201,3
price,0x6763ac78b18c40e59dce6a8acf7c9f9c046555fa2ebc76cf2634afdc5363bd9a,47483976,167,2026-06-17,,,,,,91412061794388708136356,-273463,4787995729636845201,26
price,0x6763ac78b18c40e59dce6a8acf7c9f9c046555fa2ebc76cf2634afdc5363bd9a,47529361,255,2026-06-18,,,,,,91010749138356645262061,-273551,4787995729636845201,31
price,0x6763ac78b18c40e59dce6a8acf7c9f9c046555fa2ebc76cf2634afdc5363bd9a,47559330,7,2026-06-19,,,,,,91110895470052987560901,-273529,4787995729636845201,6
price,0x6763ac78b18c40e59dce6a8acf7c9f9c046555fa2ebc76cf2634afdc5363bd9a,47615316,404,2026-06-20,,,,,,91114695479685616023002,-273529,4787995729636845201,2
price,0x6763ac78b18c40e59dce6a8acf7c9f9c046555fa2ebc76cf2634afdc5363bd9a,47658356,24,2026-06-21,,,,,,91086552644047655826954,-273535,4787995729636845201,3
price,0x6763ac78b18c40e59dce6a8acf7c9f9c046555fa2ebc76cf2634afdc5363bd9a,47674717,304,2026-06-22,,,,,,91188525993061078389938,-273512,4787995729636845201,9
price,0x6763ac78b18c40e59dce6a8acf7c9f9c046555fa2ebc76cf2634afdc5363bd9a,47724232,410,2026-06-23,,,,,,91062503368229077274078,-273540,4787995729636845201,5
price,0x6763ac78b18c40e59dce6a8acf7c9f9c046555fa2ebc76cf2634afdc5363bd9a,47768444,350,2026-06-24,,,,,,90905174109564913412193,-273575,4787995729636845201,12
price,0x6763ac78b18c40e59dce6a8acf7c9f9c046555fa2ebc76cf2634afdc5363bd9a,47812335,787,2026-06-25,,,,,,91020587312715204780571,-273549,4787995729636845201,9
price,0x6763ac78b18c40e59dce6a8acf7c9f9c046555fa2ebc76cf2634afdc5363bd9a,47846654,347,2026-06-26,,,,,,91077652547225726465578,-273537,4787995729636845201,2
price,0x6763ac78b18c40e59dce6a8acf7c9f9c046555fa2ebc76cf2634afdc5363bd9a,47931512,259,2026-06-28,,,,,,91077650733165763067962,-273537,4787995729636845201,2
price,0x6763ac78b18c40e59dce6a8acf7c9f9c046555fa2ebc76cf2634afdc5363bd9a,47987923,465,2026-06-29,,,,,,91203436845031861118212,-273509,4787995729636845201,13
price,0x6763ac78b18c40e59dce6a8acf7c9f9c046555fa2ebc76cf2634afdc5363bd9a,48030714,366,2026-06-30,,,,,,91198606896729875267332,-273510,4787995729636845201,4
price,0x6763ac78b18c40e59dce6a8acf7c9f9c046555fa2ebc76cf2634afdc5363bd9a,48081028,223,2026-07-01,,,,,,91265967610829510841646,-273495,4787995729636845201,3
price,0x6763ac78b18c40e59dce6a8acf7c9f9c046555fa2ebc76cf2634afdc5363bd9a,48133849,327,2026-07-02,,,,,,91586736095667701495730,-273425,4787995729636845201,26
price,0x6763ac78b18c40e59dce6a8acf7c9f9c046555fa2ebc76cf2634afdc5363bd9a,48174316,302,2026-07-03,,,,,,91566089667711342784316,-273430,4787995729636845201,3
price,0x6763ac78b18c40e59dce6a8acf7c9f9c046555fa2ebc76cf2634afdc5363bd9a,48194131,456,2026-07-04,,,,,,91532970379107614576436,-273437,4787995729636845201,1
price,0x6763ac78b18c40e59dce6a8acf7c9f9c046555fa2ebc76cf2634afdc5363bd9a,48291565,410,2026-07-06,,,,,,91633438677254623582956,-273415,4787995729636845201,8
modify,0x6763ac78b18c40e59dce6a8acf7c9f9c046555fa2ebc76cf2634afdc5363bd9a,48319269,141,2026-07-07,,,-273790,-272960,-4787948021645977758,,,,1
price,0x6763ac78b18c40e59dce6a8acf7c9f9c046555fa2ebc76cf2634afdc5363bd9a,48676917,208,2026-07-15,,,,,,91692253658824514532507,-273402,47707990867443,1
price,0x6763ac78b18c40e59dce6a8acf7c9f9c046555fa2ebc76cf2634afdc5363bd9a,48749199,678,2026-07-17,,,,,,91996865641952401572868,-273336,47707990867443,1
price,0x6763ac78b18c40e59dce6a8acf7c9f9c046555fa2ebc76cf2634afdc5363bd9a,48904889,143,2026-07-20,,,,,,92000006005916391401917,-273335,47707990867443,1
price,0x6763ac78b18c40e59dce6a8acf7c9f9c046555fa2ebc76cf2634afdc5363bd9a,48989514,290,2026-07-22,,,,,,91638434556248008072140,-273414,47707990867443,2
price,0x6763ac78b18c40e59dce6a8acf7c9f9c046555fa2ebc76cf2634afdc5363bd9a,49016835,748,2026-07-23,,,,,,91579973205415464797758,-273427,47707990867443,1
price,0x6763ac78b18c40e59dce6a8acf7c9f9c046555fa2ebc76cf2634afdc5363bd9a,49053663,346,2026-07-24,,,,,,91592332057144715092724,-273424,47707990867443,3
init,0x9dc5b572d9618d1d82e0f6a6c7c7e9da3ff85b9c86b6308abe14440e0e01061e,44069647,652,2026-03-30,0x0a4c9cb2778ab3302996a34befcf9a8bc288c33b,0x833589fcd6edb6e08f4c7c32d4f71b54bda02913,,,,69770283042226300920777361675,-2543,,1
modify,0x9dc5b572d9618d1d82e0f6a6c7c7e9da3ff85b9c86b6308abe14440e0e01061e,44069647,654,2026-03-30,,,-4168,-1145,84140368,,,,1
modify,0x9dc5b572d9618d1d82e0f6a6c7c7e9da3ff85b9c86b6308abe14440e0e01061e,44131880,5,2026-04-01,,,-2593,-2493,4559188065,,,,1
modify,0x9dc5b572d9618d1d82e0f6a6c7c7e9da3ff85b9c86b6308abe14440e0e01061e,44131892,754,2026-04-01,,,-2593,-2493,-4559188065,,,,1
modify,0x9dc5b572d9618d1d82e0f6a6c7c7e9da3ff85b9c86b6308abe14440e0e01061e,44131921,665,2026-04-01,,,-2745,-2232,886886230,,,,1
modify,0x9dc5b572d9618d1d82e0f6a6c7c7e9da3ff85b9c86b6308abe14440e0e01061e,44142899,599,2026-04-01,,,-2589,-2389,34039001815,,,,1
modify,0x9dc5b572d9618d1d82e0f6a6c7c7e9da3ff85b9c86b6308abe14440e0e01061e,44143126,348,2026-04-01,,,-2589,-2389,62730417580,,,,1
price,0x9dc5b572d9618d1d82e0f6a6c7c7e9da3ff85b9c86b6308abe14440e0e01061e,44159558,1142,2026-04-01,,,,,,69891986958788768522205184031,-2508,97740445993,9
modify,0x9dc5b572d9618d1d82e0f6a6c7c7e9da3ff85b9c86b6308abe14440e0e01061e,44159723,734,2026-04-01,,,-2589,-2389,60307348800,,,,1
price,0x9dc5b572d9618d1d82e0f6a6c7c7e9da3ff85b9c86b6308abe14440e0e01061e,44202650,714,2026-04-02,,,,,,69883064946826228157167982793,-2511,158047794793,41
price,0x9dc5b572d9618d1d82e0f6a6c7c7e9da3ff85b9c86b6308abe14440e0e01061e,44241883,788,2026-04-03,,,,,,69870255712928265360370395284,-2514,158047794793,16
modify,0x9dc5b572d9618d1d82e0f6a6c7c7e9da3ff85b9c86b6308abe14440e0e01061e,44246777,307,2026-04-04,,,-2514,-2513,11049226466321,,,,1
modify,0x9dc5b572d9618d1d82e0f6a6c7c7e9da3ff85b9c86b6308abe14440e0e01061e,44246899,830,2026-04-04,,,-2514,-2513,9184928908817,,,,1
modify,0x9dc5b572d9618d1d82e0f6a6c7c7e9da3ff85b9c86b6308abe14440e0e01061e,44248926,461,2026-04-04,,,-2514,-2513,-20234155375138,,,,1
modify,0x9dc5b572d9618d1d82e0f6a6c7c7e9da3ff85b9c86b6308abe14440e0e01061e,44249058,661,2026-04-04,,,-2528,-2527,28065367744124,,,,1
modify,0x9dc5b572d9618d1d82e0f6a6c7c7e9da3ff85b9c86b6308abe14440e0e01061e,44257444,106,2026-04-04,,,-2528,-2527,-28065367744124,,,,1
modify,0x9dc5b572d9618d1d82e0f6a6c7c7e9da3ff85b9c86b6308abe14440e0e01061e,44266407,1091,2026-04-04,,,-2528,-2527,49533963825751,,,,1
price,0x9dc5b572d9618d1d82e0f6a6c7c7e9da3ff85b9c86b6308abe14440e0e01061e,44274242,498,2026-04-04,,,,,,69821430314163849060678388061,-2528,49692011620544,7
modify,0x9dc5b572d9618d1d82e0f6a6c7c7e9da3ff85b9c86b6308abe14440e0e01061e,44281935,1070,2026-04-04,,,-2528,-2527,-49533963825751,,,,1
price,0x9dc5b572d9618d1d82e0f6a6c7c7e9da3ff85b9c86b6308abe14440e0e01061e,44324305,312,2026-04-05,,,,,,69852574970904698840395687150,-2520,158047794793,35
modify,0x9dc5b572d9618d1d82e0f6a6c7c7e9da3ff85b9c86b6308abe14440e0e01061e,44326605,311,2026-04-05,,,-2620,-2420,22410420425,,,,1
modify,0x9dc5b572d9618d1d82e0f6a6c7c7e9da3ff85b9c86b6308abe14440e0e01061e,44352026,621,2026-04-06,,,-2498,-2495,42325349742426,,,,1
modify,0x9dc5b572d9618d1d82e0f6a6c7c7e9da3ff85b9c86b6308abe14440e0e01061e,44373643,55,2026-04-06,,,-2498,-2495,-42325349742426,,,,1
modify,0x9dc5b572d9618d1d82e0f6a6c7c7e9da3ff85b9c86b6308abe14440e0e01061e,44373765,460,2026-04-06,,,-2528,-2469,2289333622599,,,,1
price,0x9dc5b572d9618d1d82e0f6a6c7c7e9da3ff85b9c86b6308abe14440e0e01061e,44376092,318,2026-04-06,,,,,,69894876821560773538996885588,-2507,2469791837817,51
modify,0x9dc5b572d9618d1d82e0f6a6c7c7e9da3ff85b9c86b6308abe14440e0e01061e,44378347,347,2026-04-07,,,-2745,-2232,-886886230,,,,1
modify,0x9dc5b572d9618d1d82e0f6a6c7c7e9da3ff85b9c86b6308abe14440e0e01061e,44386419,60,2026-04-07,,,-2528,-2469,-2289333622599,,,,1
modify,0x9dc5b572d9618d1d82e0f6a6c7c7e9da3ff85b9c86b6308abe14440e0e01061e,44402283,23,2026-04-07,,,-2649,-2487,1144749994285,,,,1
price,0x9dc5b572d9618d1d82e0f6a6c7c7e9da3ff85b9c86b6308abe14440e0e01061e,44419247,428,2026-04-07,,,,,,70188186716706451156313687764,-2424,179571328988,47
modify,0x9dc5b572d9618d1d82e0f6a6c7c7e9da3ff85b9c86b6308abe14440e0e01061e,44419626,650,2026-04-08,,,-2649,-2487,-1144749994285,,,,1
modify,0x9dc5b572d9618d1d82e0f6a6c7c7e9da3ff85b9c86b6308abe14440e0e01061e,44419925,551,2026-04-08,,,-2589,-2389,-157076768195,,,,1
modify,0x9dc5b572d9618d1d82e0f6a6c7c7e9da3ff85b9c86b6308abe14440e0e01061e,44420177,499,2026-04-08,,,-2452,-2392,707609946867,,,,1
modify,0x9dc5b572d9618d1d82e0f6a6c7c7e9da3ff85b9c86b6308abe14440e0e01061e,44423081,345,2026-04-08,,,-2620,-2420,-22410420425,,,,1
price,0x9dc5b572d9618d1d82e0f6a6c7c7e9da3ff85b9c86b6308abe14440e0e01061e,44459973,385,2026-04-08,,,,,,70167908489865604885955855575,-2429,707694087235,28
price,0x9dc5b572d9618d1d82e0f6a6c7c7e9da3ff85b9c86b6308abe14440e0e01061e,44505174,649,2026-04-09,,,,,,70204624961194187080154551331,-2419,707694087235,15
price,0x9dc5b572d9618d1d82e0f6a6c7c7e9da3ff85b9c86b6308abe14440e0e01061e,44528947,575,2026-04-10,,,,,,70180394633383245602255242571,-2426,707694087235,10
modify,0x9dc5b572d9618d1d82e0f6a6c7c7e9da3ff85b9c86b6308abe14440e0e01061e,44564608,522,2026-04-11,,,-2453,-2393,348893196119,,,,1
price,0x9dc5b572d9618d1d82e0f6a6c7c7e9da3ff85b9c86b6308abe14440e0e01061e,44587041,892,2026-04-11,,,,,,70182883496809815600883389290,-2425,1056587283354,8
price,0x9dc5b572d9618d1d82e0f6a6c7c7e9da3ff85b9c86b6308abe14440e0e01061e,44632901,743,2026-04-12,,,,,,70123124120350115076334043252,-2442,1056587283354,15
price,0x9dc5b572d9618d1d82e0f6a6c7c7e9da3ff85b9c86b6308abe14440e0e01061e,44678158,387,2026-04-13,,,,,,70218737285915446699647552848,-2415,1056587283354,25
price,0x9dc5b572d9618d1d82e0f6a6c7c7e9da3ff85b9c86b6308abe14440e0e01061e,44720121,393,2026-04-14,,,,,,70267556227295223298807343639,-2401,1056587283354,22
price,0x9dc5b572d9618d1d82e0f6a6c7c7e9da3ff85b9c86b6308abe14440e0e01061e,44760298,514,2026-04-15,,,,,,70297532915225124731318927957,-2393,707694087235,19
price,0x9dc5b572d9618d1d82e0f6a6c7c7e9da3ff85b9c86b6308abe14440e0e01061e,44806454,1577,2026-04-16,,,,,,70240160586244201300994483201,-2409,1056587283354,18
price,0x9dc5b572d9618d1d82e0f6a6c7c7e9da3ff85b9c86b6308abe14440e0e01061e,44850465,412,2026-04-17,,,,,,70297457181395060509590825642,-2393,707694087235,21
price,0x9dc5b572d9618d1d82e0f6a6c7c7e9da3ff85b9c86b6308abe14440e0e01061e,44888136,401,2026-04-18,,,,,,70290163882192934196446722107,-2395,1056587283354,8
price,0x9dc5b572d9618d1d82e0f6a6c7c7e9da3ff85b9c86b6308abe14440e0e01061e,44926007,217,2026-04-19,,,,,,70239281574602847115876188118,-2409,1056587283354,7
modify,0x9dc5b572d9618d1d82e0f6a6c7c7e9da3ff85b9c86b6308abe14440e0e01061e,44976722,209,2026-04-20,,,-2453,-2393,-348893196119,,,,1
price,0x9dc5b572d9618d1d82e0f6a6c7c7e9da3ff85b9c86b6308abe14440e0e01061e,44977569,426,2026-04-20,,,,,,70284731181331035448873342422,-2396,707694087235,29
modify,0x9dc5b572d9618d1d82e0f6a6c7c7e9da3ff85b9c86b6308abe14440e0e01061e,44995471,341,2026-04-21,,,-2502,-2302,114039271103,,,,1
price,0x9dc5b572d9618d1d82e0f6a6c7c7e9da3ff85b9c86b6308abe14440e0e01061e,45023715,458,2026-04-21,,,,,,70226800272740059175190528059,-2413,821733358338,21
price,0x9dc5b572d9618d1d82e0f6a6c7c7e9da3ff85b9c86b6308abe14440e0e01061e,45066451,831,2026-04-22,,,,,,70148384028036798812378954979,-2435,821733358338,18
price,0x9dc5b572d9618d1d82e0f6a6c7c7e9da3ff85b9c86b6308abe14440e0e01061e,45108101,271,2026-04-23,,,,,,70127520994211390919950460286,-2441,821733358338,32
modify,0x9dc5b572d9618d1d82e0f6a6c7c7e9da3ff85b9c86b6308abe14440e0e01061e,45142811,70,2026-04-24,,,-2639,-2342,18278582140,,,,1
modify,0x9dc5b572d9618d1d82e0f6a6c7c7e9da3ff85b9c86b6308abe14440e0e01061e,45143182,69,2026-04-24,,,-2639,-2342,-18278582140,,,,1
price,0x9dc5b572d9618d1d82e0f6a6c7c7e9da3ff85b9c86b6308abe14440e0e01061e,45143268,247,2026-04-24,,,,,,70122569627774766168092735880,-2442,821733358338,13
price,0x9dc5b572d9618d1d82e0f6a6c7c7e9da3ff85b9c86b6308abe14440e0e01061e,45192941,375,2026-04-25,,,,,,70140199321721501639883792931,-2437,821733358338,18
modify,0x9dc5b572d9618d1d82e0f6a6c7c7e9da3ff85b9c86b6308abe14440e0e01061e,45207797,346,2026-04-26,,,-2877,-2397,24973527903,,,,1
price,0x9dc5b572d9618d1d82e0f6a6c7c7e9da3ff85b9c86b6308abe14440e0e01061e,45239086,362,2026-04-26,,,,,,70157080239219053966991942109,-2433,846706886241,7
price,0x9dc5b572d9618d1d82e0f6a6c7c7e9da3ff85b9c86b6308abe14440e0e01061e,45280903,208,2026-04-27,,,,,,70191706135680430429178848158,-2423,846706886241,11
price,0x9dc5b572d9618d1d82e0f6a6c7c7e9da3ff85b9c86b6308abe14440e0e01061e,45321685,728,2026-04-28,,,,,,70133694524035645478761069527,-2439,846706886241,19
price,0x9dc5b572d9618d1d82e0f6a6c7c7e9da3ff85b9c86b6308abe14440e0e01061e,45367060,285,2026-04-29,,,,,,70002628789248504932027915903,-2477,139096939374,11
price,0x9dc5b572d9618d1d82e0f6a6c7c7e9da3ff85b9c86b6308abe14440e0e01061e,45408108,309,2026-04-30,,,,,,70215735061160009247946343686,-2416,846706886241,21
price,0x9dc5b572d9618d1d82e0f6a6c7c7e9da3ff85b9c86b6308abe14440e0e01061e,45437268,145,2026-05-01,,,,,,70238362989073654368107336071,-2409,846706886241,19
price,0x9dc5b572d9618d1d82e0f6a6c7c7e9da3ff85b9c86b6308abe14440e0e01061e,45474800,253,2026-05-02,,,,,,70214122149899342022873888338,-2416,846706886241,3
modify,0x9dc5b572d9618d1d82e0f6a6c7c7e9da3ff85b9c86b6308abe14440e0e01061e,45516594,301,2026-05-03,,,-2502,-2302,3535877625,,,,1
price,0x9dc5b572d9618d1d82e0f6a6c7c7e9da3ff85b9c86b6308abe14440e0e01061e,45539492,218,2026-05-03,,,,,,70230388417933891197276462268,-2412,850242763866,12
price,0x9dc5b572d9618d1d82e0f6a6c7c7e9da3ff85b9c86b6308abe14440e0e01061e,45585225,619,2026-05-04,,,,,,70117788496202091186288903202,-2444,850242763866,29
price,0x9dc5b572d9618d1d82e0f6a6c7c7e9da3ff85b9c86b6308abe14440e0e01061e,45626763,559,2026-05-05,,,,,,70252942905241670304575503354,-2405,850242763866,21
modify,0x9dc5b572d9618d1d82e0f6a6c7c7e9da3ff85b9c86b6308abe14440e0e01061e,45637354,692,2026-05-06,,,-2877,-2397,-24973527903,,,,1
modify,0x9dc5b572d9618d1d82e0f6a6c7c7e9da3ff85b9c86b6308abe14440e0e01061e,45648229,604,2026-05-06,,,-2452,-2392,-707609946867,,,,1
modify,0x9dc5b572d9618d1d82e0f6a6c7c7e9da3ff85b9c86b6308abe14440e0e01061e,45648356,809,2026-05-06,,,-2426,-2328,431871776954,,,,1
modify,0x9dc5b572d9618d1d82e0f6a6c7c7e9da3ff85b9c86b6308abe14440e0e01061e,45651895,279,2026-05-06,,,-2426,-2328,2164393751,,,,1
price,0x9dc5b572d9618d1d82e0f6a6c7c7e9da3ff85b9c86b6308abe14440e0e01061e,45670897,894,2026-05-06,,,,,,70393082255026907923467777214,-2365,551695459801,53
price,0x9dc5b572d9618d1d82e0f6a6c7c7e9da3ff85b9c86b6308abe14440e0e01061e,45714225,539,2026-05-07,,,,,,70346169477685808744879897749,-2379,551695459801,58
modify,0x9dc5b572d9618d1d82e0f6a6c7c7e9da3ff85b9c86b6308abe14440e0e01061e,45741169,270,2026-05-08,,,-2426,-2328,251805258173,,,,1
modify,0x9dc5b572d9618d1d82e0f6a6c7c7e9da3ff85b9c86b6308abe14440e0e01061e,45741486,332,2026-05-08,,,-2426,-2328,67166147518,,,,1
price,0x9dc5b572d9618d1d82e0f6a6c7c7e9da3ff85b9c86b6308abe14440e0e01061e,45755379,440,2026-05-08,,,,,,70377608174709964649612190181,-2370,870666865492,28
modify,0x9dc5b572d9618d1d82e0f6a6c7c7e9da3ff85b9c86b6308abe14440e0e01061e,45795180,348,2026-05-09,,,-2633,-2176,42378887698,,,,1
price,0x9dc5b572d9618d1d82e0f6a6c7c7e9da3ff85b9c86b6308abe14440e0e01061e,45799214,407,2026-05-09,,,,,,70394186911193852583955313273,-2365,913045753190,14
price,0x9dc5b572d9618d1d82e0f6a6c7c7e9da3ff85b9c86b6308abe14440e0e01061e,45844577,394,2026-05-10,,,,,,70339572772289489670076006526,-2381,913045753190,60
price,0x9dc5b572d9618d1d82e0f6a6c7c7e9da3ff85b9c86b6308abe14440e0e01061e,45887594,506,2026-05-11,,,,,,70287055504379062328091242511,-2396,913045753190,108
price,0x9dc5b572d9618d1d82e0f6a6c7c7e9da3ff85b9c86b6308abe14440e0e01061e,45931282,302,2026-05-12,,,,,,70271352026208688828883928511,-2400,913045753190,135
price,0x9dc5b572d9618d1d82e0f6a6c7c7e9da3ff85b9c86b6308abe14440e0e01061e,45974522,253,2026-05-13,,,,,,70255839700100690172555785482,-2404,913045753190,72
modify,0x9dc5b572d9618d1d82e0f6a6c7c7e9da3ff85b9c86b6308abe14440e0e01061e,45991415,14,2026-05-14,,,-2415,-2413,14457554248313,,,,1
modify,0x9dc5b572d9618d1d82e0f6a6c7c7e9da3ff85b9c86b6308abe14440e0e01061e,46003780,2,2026-05-14,,,-2415,-2413,-14457554248313,,,,1
modify,0x9dc5b572d9618d1d82e0f6a6c7c7e9da3ff85b9c86b6308abe14440e0e01061e,46017070,281,2026-05-14,,,-2426,-2328,-753007576396,,,,1
modify,0x9dc5b572d9618d1d82e0f6a6c7c7e9da3ff85b9c86b6308abe14440e0e01061e,46017160,55,2026-05-14,,,-2546,-2340,356825607039,,,,1
price,0x9dc5b572d9618d1d82e0f6a6c7c7e9da3ff85b9c86b6308abe14440e0e01061e,46017705,710,2026-05-14,,,,,,70106372985525439211549230741,-2447,516863783833,130
modify,0x9dc5b572d9618d1d82e0f6a6c7c7e9da3ff85b9c86b6308abe14440e0e01061e,46049665,240,2026-05-15,,,-2675,-2293,112841606702,,,,1
modify,0x9dc5b572d9618d1d82e0f6a6c7c7e9da3ff85b9c86b6308abe14440e0e01061e,46051141,477,2026-05-15,,,-2675,-2293,8073896572,,,,1
price,0x9dc5b572d9618d1d82e0f6a6c7c7e9da3ff85b9c86b6308abe14440e0e01061e,46059820,28,2026-05-15,,,,,,70059236535036080977063983847,-2460,637779287107,75
modify,0x9dc5b572d9618d1d82e0f6a6c7c7e9da3ff85b9c86b6308abe14440e0e01061e,46068200,711,2026-05-16,,,-2457,-2456,16128300990353,,,,1
modify,0x9dc5b572d9618d1d82e0f6a6c7c7e9da3ff85b9c86b6308abe14440e0e01061e,46068471,6,2026-05-16,,,-2457,-2456,-16128300990353,,,,1
modify,0x9dc5b572d9618d1d82e0f6a6c7c7e9da3ff85b9c86b6308abe14440e0e01061e,46068511,632,2026-05-16,,,-2459,-2458,32030128954113,,,,1
modify,0x9dc5b572d9618d1d82e0f6a6c7c7e9da3ff85b9c86b6308abe14440e0e01061e,46072191,691,2026-05-16,,,-2459,-2458,-32030128954113,,,,1
price,0x9dc5b572d9618d1d82e0f6a6c7c7e9da3ff85b9c86b6308abe14440e0e01061e,46096598,465,2026-05-16,,,,,,70069717223009642538129922194,-2457,637779287107,76
modify,0x9dc5b572d9618d1d82e0f6a6c7c7e9da3ff85b9c86b6308abe14440e0e01061e,46107421,24,2026-05-17,,,-2546,-2340,-71365121407,,,,1
price,0x9dc5b572d9618d1d82e0f6a6c7c7e9da3ff85b9c86b6308abe14440e0e01061e,46144577,349,2026-05-17,,,,,,70029001575771442033609216639,-2469,566414165700,48
price,0x9dc5b572d9618d1d82e0f6a6c7c7e9da3ff85b9c86b6308abe14440e0e01061e,46190210,426,2026-05-18,,,,,,70069032163112847953090712573,-2458,566414165700,75
price,0x9dc5b572d9618d1d82e0f6a6c7c7e9da3ff85b9c86b6308abe14440e0e01061e,46233689,129,2026-05-19,,,,,,70017123660435952846033196020,-2472,566414165700,168
price,0x9dc5b572d9618d1d82e0f6a6c7c7e9da3ff85b9c86b6308abe14440e0e01061e,46276846,698,2026-05-20,,,,,,70093413115094360233629562794,-2451,566414165700,142
modify,0x9dc5b572d9618d1d82e0f6a6c7c7e9da3ff85b9c86b6308abe14440e0e01061e,46277744,752,2026-05-21,,,-2546,-2340,-54237492270,,,,1
price,0x9dc5b572d9618d1d82e0f6a6c7c7e9da3ff85b9c86b6308abe14440e0e01061e,46320060,305,2026-05-21,,,,,,70083553454008412613695011635,-2453,512176673430,122
price,0x9dc5b572d9618d1d82e0f6a6c7c7e9da3ff85b9c86b6308abe14440e0e01061e,46362834,129,2026-05-22,,,,,,70079856967670048756026642563,-2455,512176673430,122
price,0x9dc5b572d9618d1d82e0f6a6c7c7e9da3ff85b9c86b6308abe14440e0e01061e,46404764,491,2026-05-23,,,,,,70069310291777898542668122961,-2458,512176673430,121
price,0x9dc5b572d9618d1d82e0f6a6c7c7e9da3ff85b9c86b6308abe14440e0e01061e,46448846,11,2026-05-24,,,,,,70142860931580019510236268271,-2437,512176673430,168
price,0x9dc5b572d9618d1d82e0f6a6c7c7e9da3ff85b9c86b6308abe14440e0e01061e,46492710,385,2026-05-25,,,,,,70124180306031456274192630612,-2442,512176673430,109
modify,0x9dc5b572d9618d1d82e0f6a6c7c7e9da3ff85b9c86b6308abe14440e0e01061e,46516007,1168,2026-05-26,,,-2474,-2423,6879513423,,,,1
price,0x9dc5b572d9618d1d82e0f6a6c7c7e9da3ff85b9c86b6308abe14440e0e01061e,46535645,577,2026-05-26,,,,,,70136312145447610494304608644,-2438,519056186853,132
price,0x9dc5b572d9618d1d82e0f6a6c7c7e9da3ff85b9c86b6308abe14440e0e01061e,46579143,305,2026-05-27,,,,,,70061615733342718606312650532,-2460,519056186853,175
modify,0x9dc5b572d9618d1d82e0f6a6c7c7e9da3ff85b9c86b6308abe14440e0e01061e,46581143,180,2026-05-28,,,-2474,-2423,-6879513423,,,,1
price,0x9dc5b572d9618d1d82e0f6a6c7c7e9da3ff85b9c86b6308abe14440e0e01061e,46622125,736,2026-05-28,,,,,,70126642993641603712063515667,-2441,512176673430,136
modify,0x9dc5b572d9618d1d82e0f6a6c7c7e9da3ff85b9c86b6308abe14440e0e01061e,46635504,272,2026-05-29,,,-2447,-2434,220197647212,,,,1
modify,0x9dc5b572d9618d1d82e0f6a6c7c7e9da3ff85b9c86b6308abe14440e0e01061e,46639758,54,2026-05-29,,,-2447,-2434,-220197647212,,,,1
modify,0x9dc5b572d9618d1d82e0f6a6c7c7e9da3ff85b9c86b6308abe14440e0e01061e,46653378,298,2026-05-29,,,-2436,-2429,430764690085,,,,1
modify,0x9dc5b572d9618d1d82e0f6a6c7c7e9da3ff85b9c86b6308abe14440e0e01061e,46663284,414,2026-05-29,,,-2436,-2429,-430764690085,,,,1
price,0x9dc5b572d9618d1d82e0f6a6c7c7e9da3ff85b9c86b6308abe14440e0e01061e,46665354,377,2026-05-29,,,,,,70146045481284025577065673777,-2436,512176673430,132
price,0x9dc5b572d9618d1d82e0f6a6c7c7e9da3ff85b9c86b6308abe14440e0e01061e,46708866,344,2026-05-30,,,,,,70142463685113620457979303576,-2437,512176673430,71
price,0x9dc5b572d9618d1d82e0f6a6c7c7e9da3ff85b9c86b6308abe14440e0e01061e,46751740,317,2026-05-31,,,,,,70106361151938793092019588368,-2447,512176673430,103
modify,0x9dc5b572d9618d1d82e0f6a6c7c7e9da3ff85b9c86b6308abe14440e0e01061e,46792694,261,2026-06-01,,,-2454,-2453,2270210055130,,,,1
modify,0x9dc5b572d9618d1d82e0f6a6c7c7e9da3ff85b9c86b6308abe14440e0e01061e,46792729,484,2026-06-01,,,-2457,-2456,20752353541243,,,,1
modify,0x9dc5b572d9618d1d82e0f6a6c7c7e9da3ff85b9c86b6308abe14440e0e01061e,46792840,292,2026-06-01,,,-2454,-2453,-2270210055130,,,,1
modify,0x9dc5b572d9618d1d82e0f6a6c7c7e9da3ff85b9c86b6308abe14440e0e01061e,46794082,299,2026-06-01,,,-2457,-2456,-20752353541243,,,,1
price,0x9dc5b572d9618d1d82e0f6a6c7c7e9da3ff85b9c86b6308abe14440e0e01061e,46795325,352,2026-06-01,,,,,,70071217929949332833617577082,-2457,512176673430,201
modify,0x9dc5b572d9618d1d82e0f6a6c7c7e9da3ff85b9c86b6308abe14440e0e01061e,46800446,330,2026-06-02,,,-2453,-2451,9772035780607,,,,1
modify,0x9dc5b572d9618d1d82e0f6a6c7c7e9da3ff85b9c86b6308abe14440e0e01061e,46802944,216,2026-06-02,,,-2453,-2451,-9772035780607,,,,1
modify,0x9dc5b572d9618d1d82e0f6a6c7c7e9da3ff85b9c86b6308abe14440e0e01061e,46803017,356,2026-06-02,,,-2452,-2450,20518134090256,,,,1
modify,0x9dc5b572d9618d1d82e0f6a6c7c7e9da3ff85b9c86b6308abe14440e0e01061e,46821697,164,2026-06-02,,,-2452,-2450,-20518134090256,,,,1
modify,0x9dc5b572d9618d1d82e0f6a6c7c7e9da3ff85b9c86b6308abe14440e0e01061e,46821832,65,2026-06-02,,,-2463,-2462,29085194846021,,,,1
modify,0x9dc5b572d9618d1d82e0f6a6c7c7e9da3ff85b9c86b6308abe14440e0e01061e,46822122,33,2026-06-02,,,-2463,-2462,-29085194846021,,,,1
modify,0x9dc5b572d9618d1d82e0f6a6c7c7e9da3ff85b9c86b6308abe14440e0e01061e,46826153,236,2026-06-02,,,-2461,-2459,25744992022018,,,,1
modify,0x9dc5b572d9618d1d82e0f6a6c7c7e9da3ff85b9c86b6308abe14440e0e01061e,46827310,15,2026-06-02,,,-2461,-2459,-25744992022018,,,,1
modify,0x9dc5b572d9618d1d82e0f6a6c7c7e9da3ff85b9c86b6308abe14440e0e01061e,46827333,46,2026-06-02,,,-2463,-2461,20824768039656,,,,1
price,0x9dc5b572d9618d1d82e0f6a6c7c7e9da3ff85b9c86b6308abe14440e0e01061e,46838473,346,2026-06-02,,,,,,70053921132821221423603805690,-2462,21336944713086,837
modify,0x9dc5b572d9618d1d82e0f6a6c7c7e9da3ff85b9c86b6308abe14440e0e01061e,46841522,850,2026-06-03,,,-2463,-2461,-20824768039656,,,,1
modify,0x9dc5b572d9618d1d82e0f6a6c7c7e9da3ff85b9c86b6308abe14440e0e01061e,46842402,4,2026-06-03,,,-2469,-2467,33991487241680,,,,1
modify,0x9dc5b572d9618d1d82e0f6a6c7c7e9da3ff85b9c86b6308abe14440e0e01061e,46842936,181,2026-06-03,,,-2469,-2467,-33991487241680,,,,1
modify,0x9dc5b572d9618d1d82e0f6a6c7c7e9da3ff85b9c86b6308abe14440e0e01061e,46855203,10,2026-06-03,,,-2482,-2480,20034204652147,,,,1
modify,0x9dc5b572d9618d1d82e0f6a6c7c7e9da3ff85b9c86b6308abe14440e0e01061e,46855908,372,2026-06-03,,,-2485,-2483,13633269594091,,,,1
modify,0x9dc5b572d9618d1d82e0f6a6c7c7e9da3ff85b9c86b6308abe14440e0e01061e,46865118,28,2026-06-03,,,-2482,-2480,-20034204652147,,,,1
modify,0x9dc5b572d9618d1d82e0f6a6c7c7e9da3ff85b9c86b6308abe14440e0e01061e,46865131,21,2026-06-03,,,-2485,-2483,-13633269594091,,,,1
price,0x9dc5b572d9618d1d82e0f6a6c7c7e9da3ff85b9c86b6308abe14440e0e01061e,46881690,294,2026-06-03,,,,,,69933336656404868127654150609,-2496,512176673430,653
modify,0x9dc5b572d9618d1d82e0f6a6c7c7e9da3ff85b9c86b6308abe14440e0e01061e,46890444,1080,2026-06-04,,,-2546,-2340,-115611496681,,,,1
modify,0x9dc5b572d9618d1d82e0f6a6c7c7e9da3ff85b9c86b6308abe14440e0e01061e,46895289,660,2026-06-04,,,-2496,-2494,10312484431097,,,,1
modify,0x9dc5b572d9618d1d82e0f6a6c7c7e9da3ff85b9c86b6308abe14440e0e01061e,46897039,663,2026-06-04,,,-2496,-2494,-10312484431097,,,,1
modify,0x9dc5b572d9618d1d82e0f6a6c7c7e9da3ff85b9c86b6308abe14440e0e01061e,46901437,216,2026-06-04,,,-2496,-2494,12246835933186,,,,1
modify,0x9dc5b572d9618d1d82e0f6a6c7c7e9da3ff85b9c86b6308abe14440e0e01061e,46901961,976,2026-06-04,,,-2496,-2494,-12246835933186,,,,1
modify,0x9dc5b572d9618d1d82e0f6a6c7c7e9da3ff85b9c86b6308abe14440e0e01061e,46901982,342,2026-06-04,,,-2493,-2491,6145407927511,,,,1
modify,0x9dc5b572d9618d1d82e0f6a6c7c7e9da3ff85b9c86b6308abe14440e0e01061e,46902011,639,2026-06-04,,,-2493,-2491,-6145407927511,,,,1
modify,0x9dc5b572d9618d1d82e0f6a6c7c7e9da3ff85b9c86b6308abe14440e0e01061e,46902030,241,2026-06-04,,,-2497,-2495,15018939465234,,,,1
modify,0x9dc5b572d9618d1d82e0f6a6c7c7e9da3ff85b9c86b6308abe14440e0e01061e,46902366,170,2026-06-04,,,-2497,-2495,-15018939465234,,,,1
modify,0x9dc5b572d9618d1d82e0f6a6c7c7e9da3ff85b9c86b6308abe14440e0e01061e,46911339,446,2026-06-04,,,-2496,-2494,11369159398103,,,,1
modify,0x9dc5b572d9618d1d82e0f6a6c7c7e9da3ff85b9c86b6308abe14440e0e01061e,46913907,425,2026-06-04,,,-2496,-2494,-11369159398103,,,,1
modify,0x9dc5b572d9618d1d82e0f6a6c7c7e9da3ff85b9c86b6308abe14440e0e01061e,46917091,526,2026-06-04,,,-2502,-2302,-117575148728,,,,1
modify,0x9dc5b572d9618d1d82e0f6a6c7c7e9da3ff85b9c86b6308abe14440e0e01061e,46917510,11,2026-06-04,,,-2857,-2303,42695038680,,,,1
price,0x9dc5b572d9618d1d82e0f6a6c7c7e9da3ff85b9c86b6308abe14440e0e01061e,46924820,800,2026-06-04,,,,,,69870669971352805577886066742,-2514,321685066701,789
modify,0x9dc5b572d9618d1d82e0f6a6c7c7e9da3ff85b9c86b6308abe14440e0e01061e,46936736,416,2026-06-05,,,-2495,-2493,12210130254317,,,,1
modify,0x9dc5b572d9618d1d82e0f6a6c7c7e9da3ff85b9c86b6308abe14440e0e01061e,46936957,447,2026-06-05,,,-2497,-2496,26829697105985,,,,1
modify,0x9dc5b572d9618d1d82e0f6a6c7c7e9da3ff85b9c86b6308abe14440e0e01061e,46938179,711,2026-06-05,,,-2497,-2496,-26829697105985,,,,1
modify,0x9dc5b572d9618d1d82e0f6a6c7c7e9da3ff85b9c86b6308abe14440e0e01061e,46938188,723,2026-06-05,,,-2495,-2493,-12210130254317,,,,1
price,0x9dc5b572d9618d1d82e0f6a6c7c7e9da3ff85b9c86b6308abe14440e0e01061e,46968091,418,2026-06-05,,,,,,69699978689823824142772964870,-2563,206073570020,1276
modify,0x9dc5b572d9618d1d82e0f6a6c7c7e9da3ff85b9c86b6308abe14440e0e01061e,46976087,441,2026-06-06,,,-2732,-2459,41593715408,,,,1
modify,0x9dc5b572d9618d1d82e0f6a6c7c7e9da3ff85b9c86b6308abe14440e0e01061e,46976105,69,2026-06-06,,,-2732,-2459,246660090,,,,1
modify,0x9dc5b572d9618d1d82e0f6a6c7c7e9da3ff85b9c86b6308abe14440e0e01061e,46978822,136,2026-06-06,,,-2546,-2340,-115611496681,,,,1
modify,0x9dc5b572d9618d1d82e0f6a6c7c7e9da3ff85b9c86b6308abe14440e0e01061e,46979230,243,2026-06-06,,,-2668,-2463,116863608513,,,,1
price,0x9dc5b572d9618d1d82e0f6a6c7c7e9da3ff85b9c86b6308abe14440e0e01061e,47011034,282,2026-06-06,,,,,,69732350230235418423600809111,-2554,364777554031,991
modify,0x9dc5b572d9618d1d82e0f6a6c7c7e9da3ff85b9c86b6308abe14440e0e01061e,47018640,15,2026-06-07,,,-2732,-2459,-41840375498,,,,1
price,0x9dc5b572d9618d1d82e0f6a6c7c7e9da3ff85b9c86b6308abe14440e0e01061e,47054413,116,2026-06-07,,,,,,69748293689488216490845579802,-2549,322937178533,676
price,0x9dc5b572d9618d1d82e0f6a6c7c7e9da3ff85b9c86b6308abe14440e0e01061e,47097585,103,2026-06-08,,,,,,69838461819447789497917355277,-2524,322937178533,424
price,0x9dc5b572d9618d1d82e0f6a6c7c7e9da3ff85b9c86b6308abe14440e0e01061e,47140720,314,2026-06-09,,,,,,69828165714914177187423028067,-2527,322937178533,478
price,0x9dc5b572d9618d1d82e0f6a6c7c7e9da3ff85b9c86b6308abe14440e0e01061e,47184037,131,2026-06-10,,,,,,69853718346144337393399041215,-2519,322937178533,440
modify,0x9dc5b572d9618d1d82e0f6a6c7c7e9da3ff85b9c86b6308abe14440e0e01061e,47190960,384,2026-06-11,,,-2516,-2416,178328605283,,,,1
modify,0x9dc5b572d9618d1d82e0f6a6c7c7e9da3ff85b9c86b6308abe14440e0e01061e,47191517,169,2026-06-11,,,-2516,-2416,-178328605283,,,,1
modify,0x9dc5b572d9618d1d82e0f6a6c7c7e9da3ff85b9c86b6308abe14440e0e01061e,47191551,411,2026-06-11,,,-2518,-2418,180386892251,,,,1
modify,0x9dc5b572d9618d1d82e0f6a6c7c7e9da3ff85b9c86b6308abe14440e0e01061e,47194885,283,2026-06-11,,,-2518,-2418,-180386892251,,,,1
modify,0x9dc5b572d9618d1d82e0f6a6c7c7e9da3ff85b9c86b6308abe14440e0e01061e,47194935,416,2026-06-11,,,-2520,-2420,181971384290,,,,1
modify,0x9dc5b572d9618d1d82e0f6a6c7c7e9da3ff85b9c86b6308abe14440e0e01061e,47195699,28,2026-06-11,,,-2520,-2518,5478914932718,,,,1
modify,0x9dc5b572d9618d1d82e0f6a6c7c7e9da3ff85b9c86b6308abe14440e0e01061e,47197625,533,2026-06-11,,,-2520,-2420,-181971384290,,,,1
modify,0x9dc5b572d9618d1d82e0f6a6c7c7e9da3ff85b9c86b6308abe14440e0e01061e,47197704,295,2026-06-11,,,-2523,-2423,182914608956,,,,1
modify,0x9dc5b572d9618d1d82e0f6a6c7c7e9da3ff85b9c86b6308abe14440e0e01061e,47202247,40,2026-06-11,,,-2523,-2423,-182914608956,,,,1
modify,0x9dc5b572d9618d1d82e0f6a6c7c7e9da3ff85b9c86b6308abe14440e0e01061e,47202295,245,2026-06-11,,,-2528,-2347,101801999364,,,,1
modify,0x9dc5b572d9618d1d82e0f6a6c7c7e9da3ff85b9c86b6308abe14440e0e01061e,47208539,232,2026-06-11,,,-2520,-2518,-5478914932718,,,,1
modify,0x9dc5b572d9618d1d82e0f6a6c7c7e9da3ff85b9c86b6308abe14440e0e01061e,47225582,1178,2026-06-11,,,-2515,-2513,11990634789435,,,,1
modify,0x9dc5b572d9618d1d82e0f6a6c7c7e9da3ff85b9c86b6308abe14440e0e01061e,47226142,182,2026-06-11,,,-2515,-2513,-11990634789435,,,,1
price,0x9dc5b572d9618d1d82e0f6a6c7c7e9da3ff85b9c86b6308abe14440e0e01061e,47227208,375,2026-06-11,,,,,,69871255537268510300004368263,-2514,424739177897,362
modify,0x9dc5b572d9618d1d82e0f6a6c7c7e9da3ff85b9c86b6308abe14440e0e01061e,47228509,203,2026-06-12,,,-2517,-2515,10090572063142,,,,1
modify,0x9dc5b572d9618d1d82e0f6a6c7c7e9da3ff85b9c86b6308abe14440e0e01061e,47228769,522,2026-06-12,,,-2517,-2515,-10090572063142,,,,1
price,0x9dc5b572d9618d1d82e0f6a6c7c7e9da3ff85b9c86b6308abe14440e0e01061e,47268656,379,2026-06-12,,,,,,69927024058285986493420311533,-2498,424739177897,215
price,0x9dc5b572d9618d1d82e0f6a6c7c7e9da3ff85b9c86b6308abe14440e0e01061e,47313412,457,2026-06-13,,,,,,69931486335236462858153569835,-2497,424739177897,84
price,0x9dc5b572d9618d1d82e0f6a6c7c7e9da3ff85b9c86b6308abe14440e0e01061e,47356832,109,2026-06-14,,,,,,70002323416773019932517270971,-2477,424739177897,164
price,0x9dc5b572d9618d1d82e0f6a6c7c7e9da3ff85b9c86b6308abe14440e0e01061e,47399786,96,2026-06-15,,,,,,69967999285516309189598424357,-2487,424739177897,239
price,0x9dc5b572d9618d1d82e0f6a6c7c7e9da3ff85b9c86b6308abe14440e0e01061e,47443095,86,2026-06-16,,,,,,69965424815217304259728652815,-2487,424739177897,274
modify,0x9dc5b572d9618d1d82e0f6a6c7c7e9da3ff85b9c86b6308abe14440e0e01061e,47457575,11,2026-06-17,,,-2489,-2487,11783231158292,,,,1
modify,0x9dc5b572d9618d1d82e0f6a6c7c7e9da3ff85b9c86b6308abe14440e0e01061e,47459359,460,2026-06-17,,,-2489,-2487,-11783231158292,,,,1
price,0x9dc5b572d9618d1d82e0f6a6c7c7e9da3ff85b9c86b6308abe14440e0e01061e,47486497,150,2026-06-17,,,,,,69878457839613805367172630005,-2512,424739177897,535
modify,0x9dc5b572d9618d1d82e0f6a6c7c7e9da3ff85b9c86b6308abe14440e0e01061e,47508750,40,2026-06-18,,,-2528,-2347,-101801999364,,,,1
modify,0x9dc5b572d9618d1d82e0f6a6c7c7e9da3ff85b9c86b6308abe14440e0e01061e,47508839,122,2026-06-18,,,-2551,-2450,183680892540,,,,1
price,0x9dc5b572d9618d1d82e0f6a6c7c7e9da3ff85b9c86b6308abe14440e0e01061e,47529180,896,2026-06-18,,,,,,69766936089375739395727388550,-2544,506618071073,402
modify,0x9dc5b572d9618d1d82e0f6a6c7c7e9da3ff85b9c86b6308abe14440e0e01061e,47538237,11,2026-06-19,,,-2551,-2450,-183680892540,,,,1
modify,0x9dc5b572d9618d1d82e0f6a6c7c7e9da3ff85b9c86b6308abe14440e0e01061e,47538279,408,2026-06-19,,,-2553,-2453,186733276336,,,,1
modify,0x9dc5b572d9618d1d82e0f6a6c7c7e9da3ff85b9c86b6308abe14440e0e01061e,47542011,286,2026-06-19,,,-2553,-2453,-186733276336,,,,1
modify,0x9dc5b572d9618d1d82e0f6a6c7c7e9da3ff85b9c86b6308abe14440e0e01061e,47542040,563,2026-06-19,,,-2560,-2460,189343459884,,,,1
modify,0x9dc5b572d9618d1d82e0f6a6c7c7e9da3ff85b9c86b6308abe14440e0e01061e,47549240,1237,2026-06-19,,,-2560,-2460,-189343459884,,,,1
modify,0x9dc5b572d9618d1d82e0f6a6c7c7e9da3ff85b9c86b6308abe14440e0e01061e,47549270,898,2026-06-19,,,-2563,-2463,191177485162,,,,1
modify,0x9dc5b572d9618d1d82e0f6a6c7c7e9da3ff85b9c86b6308abe14440e0e01061e,47549447,63,2026-06-19,,,-2563,-2463,-191177485162,,,,1
modify,0x9dc5b572d9618d1d82e0f6a6c7c7e9da3ff85b9c86b6308abe14440e0e01061e,47549523,276,2026-06-19,,,-2569,-2469,183562365167,,,,1
price,0x9dc5b572d9618d1d82e0f6a6c7c7e9da3ff85b9c86b6308abe14440e0e01061e,47572752,1118,2026-06-19,,,,,,69729872807422301552244050830,-2555,506499543700,291
modify,0x9dc5b572d9618d1d82e0f6a6c7c7e9da3ff85b9c86b6308abe14440e0e01061e,47596462,559,2026-06-20,,,-2569,-2469,-183562365167,,,,1
modify,0x9dc5b572d9618d1d82e0f6a6c7c7e9da3ff85b9c86b6308abe14440e0e01061e,47596495,308,2026-06-20,,,-2571,-2471,184957632826,,,,1
price,0x9dc5b572d9618d1d82e0f6a6c7c7e9da3ff85b9c86b6308abe14440e0e01061e,47615881,469,2026-06-20,,,,,,69690322766716422976458463129,-2566,507894811359,174
price,0x9dc5b572d9618d1d82e0f6a6c7c7e9da3ff85b9c86b6308abe14440e0e01061e,47659275,375,2026-06-21,,,,,,69643598729587000039472654348,-2579,322937178533,252
modify,0x9dc5b572d9618d1d82e0f6a6c7c7e9da3ff85b9c86b6308abe14440e0e01061e,47677806,283,2026-06-22,,,-2571,-2471,-184957632826,,,,1
modify,0x9dc5b572d9618d1d82e0f6a6c7c7e9da3ff85b9c86b6308abe14440e0e01061e,47677834,702,2026-06-22,,,-2575,-2475,188615224790,,,,1
modify,0x9dc5b572d9618d1d82e0f6a6c7c7e9da3ff85b9c86b6308abe14440e0e01061e,47698130,516,2026-06-22,,,-2575,-2475,-188615224790,,,,1
modify,0x9dc5b572d9618d1d82e0f6a6c7c7e9da3ff85b9c86b6308abe14440e0e01061e,47698168,256,2026-06-22,,,-2579,-2479,190024052750,,,,1
modify,0x9dc5b572d9618d1d82e0f6a6c7c7e9da3ff85b9c86b6308abe14440e0e01061e,47700441,3,2026-06-22,,,-2579,-2479,-190024052750,,,,1
modify,0x9dc5b572d9618d1d82e0f6a6c7c7e9da3ff85b9c86b6308abe14440e0e01061e,47700509,7,2026-06-22,,,-2584,-2484,192468799689,,,,1
modify,0x9dc5b572d9618d1d82e0f6a6c7c7e9da3ff85b9c86b6308abe14440e0e01061e,47700579,25,2026-06-22,,,-2584,-2484,-192468799689,,,,1
modify,0x9dc5b572d9618d1d82e0f6a6c7c7e9da3ff85b9c86b6308abe14440e0e01061e,47700649,4,2026-06-22,,,-2588,-2488,177307443985,,,,1
modify,0x9dc5b572d9618d1d82e0f6a6c7c7e9da3ff85b9c86b6308abe14440e0e01061e,47701493,252,2026-06-22,,,-2588,-2488,-177307443985,,,,1
modify,0x9dc5b572d9618d1d82e0f6a6c7c7e9da3ff85b9c86b6308abe14440e0e01061e,47701525,661,2026-06-22,,,-2589,-2489,178347831354,,,,1
price,0x9dc5b572d9618d1d82e0f6a6c7c7e9da3ff85b9c86b6308abe14440e0e01061e,47702246,359,2026-06-22,,,,,,69650861855293802030964860164,-2577,501285009887,321
modify,0x9dc5b572d9618d1d82e0f6a6c7c7e9da3ff85b9c86b6308abe14440e0e01061e,47726525,807,2026-06-23,,,-2589,-2489,-178347831354,,,,1
modify,0x9dc5b572d9618d1d82e0f6a6c7c7e9da3ff85b9c86b6308abe14440e0e01061e,47726561,366,2026-06-23,,,-2592,-2493,181478769076,,,,1
price,0x9dc5b572d9618d1d82e0f6a6c7c7e9da3ff85b9c86b6308abe14440e0e01061e,47745279,394,2026-06-23,,,,,,69618819248197494995300686817,-2587,504415947609,421
modify,0x9dc5b572d9618d1d82e0f6a6c7c7e9da3ff85b9c86b6308abe14440e0e01061e,47754429,272,2026-06-24,,,-2592,-2493,-181478769076,,,,1
modify,0x9dc5b572d9618d1d82e0f6a6c7c7e9da3ff85b9c86b6308abe14440e0e01061e,47754461,201,2026-06-24,,,-2604,-2504,181049404708,,,,1
modify,0x9dc5b572d9618d1d82e0f6a6c7c7e9da3ff85b9c86b6308abe14440e0e01061e,47755555,68,2026-06-24,,,-2604,-2504,-181049404708,,,,1
modify,0x9dc5b572d9618d1d82e0f6a6c7c7e9da3ff85b9c86b6308abe14440e0e01061e,47755590,1001,2026-06-24,,,-2620,-2520,182739441039,,,,1
modify,0x9dc5b572d9618d1d82e0f6a6c7c7e9da3ff85b9c86b6308abe14440e0e01061e,47762949,660,2026-06-24,,,-2620,-2520,-182739441039,,,,1
modify,0x9dc5b572d9618d1d82e0f6a6c7c7e9da3ff85b9c86b6308abe14440e0e01061e,47762990,671,2026-06-24,,,-2625,-2525,183889944391,,,,1
modify,0x9dc5b572d9618d1d82e0f6a6c7c7e9da3ff85b9c86b6308abe14440e0e01061e,47765788,257,2026-06-24,,,-2633,-2176,-42378887698,,,,1
modify,0x9dc5b572d9618d1d82e0f6a6c7c7e9da3ff85b9c86b6308abe14440e0e01061e,47765909,438,2026-06-24,,,-2797,-2446,55024537269,,,,1
modify,0x9dc5b572d9618d1d82e0f6a6c7c7e9da3ff85b9c86b6308abe14440e0e01061e,47781234,305,2026-06-24,,,-2637,-2487,28160257549,,,,1
modify,0x9dc5b572d9618d1d82e0f6a6c7c7e9da3ff85b9c86b6308abe14440e0e01061e,47786279,169,2026-06-24,,,-2622,-2580,1226251952758,,,,1
modify,0x9dc5b572d9618d1d82e0f6a6c7c7e9da3ff85b9c86b6308abe14440e0e01061e,47786307,1261,2026-06-24,,,-2622,-2580,19633114966,,,,1
price,0x9dc5b572d9618d1d82e0f6a6c7c7e9da3ff85b9c86b6308abe14440e0e01061e,47788799,131,2026-06-24,,,,,,69585007378318614843891294934,-2596,1793518097768,682
modify,0x9dc5b572d9618d1d82e0f6a6c7c7e9da3ff85b9c86b6308abe14440e0e01061e,47800583,8,2026-06-25,,,-2610,-2609,6222889250485,,,,1
modify,0x9dc5b572d9618d1d82e0f6a6c7c7e9da3ff85b9c86b6308abe14440e0e01061e,47801515,196,2026-06-25,,,-2610,-2609,-6222889250485,,,,1
modify,0x9dc5b572d9618d1d82e0f6a6c7c7e9da3ff85b9c86b6308abe14440e0e01061e,47817385,205,2026-06-25,,,-2595,-2593,8345684704610,,,,1
modify,0x9dc5b572d9618d1d82e0f6a6c7c7e9da3ff85b9c86b6308abe14440e0e01061e,47820605,191,2026-06-25,,,-2595,-2593,-8345684704610,,,,1
price,0x9dc5b572d9618d1d82e0f6a6c7c7e9da3ff85b9c86b6308abe14440e0e01061e,47831942,313,2026-06-25,,,,,,69585816996145008345284061174,-2596,1793518097768,845
modify,0x9dc5b572d9618d1d82e0f6a6c7c7e9da3ff85b9c86b6308abe14440e0e01061e,47839008,16,2026-06-26,,,-2591,-2589,8604982300629,,,,1
modify,0x9dc5b572d9618d1d82e0f6a6c7c7e9da3ff85b9c86b6308abe14440e0e01061e,47839055,285,2026-06-26,,,-2591,-2589,-8604982300629,,,,1
modify,0x9dc5b572d9618d1d82e0f6a6c7c7e9da3ff85b9c86b6308abe14440e0e01061e,47850155,1434,2026-06-26,,,-2622,-2580,-1245885067724,,,,1
modify,0x9dc5b572d9618d1d82e0f6a6c7c7e9da3ff85b9c86b6308abe14440e0e01061e,47851976,213,2026-06-26,,,-2625,-2524,544593138113,,,,1
modify,0x9dc5b572d9618d1d82e0f6a6c7c7e9da3ff85b9c86b6308abe14440e0e01061e,47869896,49,2026-06-26,,,-2577,-2575,9457616419799,,,,1
modify,0x9dc5b572d9618d1d82e0f6a6c7c7e9da3ff85b9c86b6308abe14440e0e01061e,47873211,116,2026-06-26,,,-2577,-2575,-9457616419799,,,,1
modify,0x9dc5b572d9618d1d82e0f6a6c7c7e9da3ff85b9c86b6308abe14440e0e01061e,47873328,4,2026-06-26,,,-2582,-2580,6680477658205,,,,1
modify,0x9dc5b572d9618d1d82e0f6a6c7c7e9da3ff85b9c86b6308abe14440e0e01061e,47874719,97,2026-06-26,,,-2582,-2580,-6680477658205,,,,1
price,0x9dc5b572d9618d1d82e0f6a6c7c7e9da3ff85b9c86b6308abe14440e0e01061e,47874789,165,2026-06-26,,,,,,69621674672021810392015360219,-2586,1092226168157,534
modify,0x9dc5b572d9618d1d82e0f6a6c7c7e9da3ff85b9c86b6308abe14440e0e01061e,47878516,3,2026-06-27,,,-2586,-2585,4324300122499,,,,1
modify,0x9dc5b572d9618d1d82e0f6a6c7c7e9da3ff85b9c86b6308abe14440e0e01061e,47880362,5575,2026-06-27,,,-2586,-2585,-4324300122499,,,,1
modify,0x9dc5b572d9618d1d82e0f6a6c7c7e9da3ff85b9c86b6308abe14440e0e01061e,47882955,295,2026-06-27,,,-2585,-2584,11692849354169,,,,1
modify,0x9dc5b572d9618d1d82e0f6a6c7c7e9da3ff85b9c86b6308abe14440e0e01061e,47886406,12,2026-06-27,,,-2585,-2584,-11692849354169,,,,1
price,0x9dc5b572d9618d1d82e0f6a6c7c7e9da3ff85b9c86b6308abe14440e0e01061e,47918108,129,2026-06-27,,,,,,69622883675602929859858027972,-2585,1092226168157,239
modify,0x9dc5b572d9618d1d82e0f6a6c7c7e9da3ff85b9c86b6308abe14440e0e01061e,47930424,404,2026-06-28,,,-2637,-2487,-28160257549,,,,1
modify,0x9dc5b572d9618d1d82e0f6a6c7c7e9da3ff85b9c86b6308abe14440e0e01061e,47959475,890,2026-06-28,,,-2579,-2577,4781154835017,,,,1
modify,0x9dc5b572d9618d1d82e0f6a6c7c7e9da3ff85b9c86b6308abe14440e0e01061e,47961373,196,2026-06-28,,,-2579,-2577,-4781154835017,,,,1
price,0x9dc5b572d9618d1d82e0f6a6c7c7e9da3ff85b9c86b6308abe14440e0e01061e,47961659,291,2026-06-28,,,,,,69662743365421626827580978772,-2574,1064065910608,481
modify,0x9dc5b572d9618d1d82e0f6a6c7c7e9da3ff85b9c86b6308abe14440e0e01061e,47965199,429,2026-06-29,,,-2575,-2573,4846754056170,,,,1
modify,0x9dc5b572d9618d1d82e0f6a6c7c7e9da3ff85b9c86b6308abe14440e0e01061e,47966905,119,2026-06-29,,,-2575,-2573,-4846754056170,,,,1
modify,0x9dc5b572d9618d1d82e0f6a6c7c7e9da3ff85b9c86b6308abe14440e0e01061e,47967018,208,2026-06-29,,,-2578,-2577,11157094894058,,,,1
modify,0x9dc5b572d9618d1d82e0f6a6c7c7e9da3ff85b9c86b6308abe14440e0e01061e,47968322,20,2026-06-29,,,-2712,-2414,6132430529,,,,1
modify,0x9dc5b572d9618d1d82e0f6a6c7c7e9da3ff85b9c86b6308abe14440e0e01061e,47968469,206,2026-06-29,,,-2578,-2577,-11157094894058,,,,1
price,0x9dc5b572d9618d1d82e0f6a6c7c7e9da3ff85b9c86b6308abe14440e0e01061e,48004366,141,2026-06-29,,,,,,69668949054197012975355927701,-2572,1070198341137,629
modify,0x9dc5b572d9618d1d82e0f6a6c7c7e9da3ff85b9c86b6308abe14440e0e01061e,48009058,9,2026-06-30,,,-2577,-2576,23154283025108,,,,1
modify,0x9dc5b572d9618d1d82e0f6a6c7c7e9da3ff85b9c86b6308abe14440e0e01061e,48014590,0,2026-06-30,,,-2577,-2576,-23154283025108,,,,1
modify,0x9dc5b572d9618d1d82e0f6a6c7c7e9da3ff85b9c86b6308abe14440e0e01061e,48017577,698,2026-06-30,,,-2597,-2558,10239975421,,,,1
modify,0x9dc5b572d9618d1d82e0f6a6c7c7e9da3ff85b9c86b6308abe14440e0e01061e,48020187,263,2026-06-30,,,-2576,-2575,18454243296514,,,,1
modify,0x9dc5b572d9618d1d82e0f6a6c7c7e9da3ff85b9c86b6308abe14440e0e01061e,48021507,335,2026-06-30,,,-2576,-2575,-18454243296514,,,,1
modify,0x9dc5b572d9618d1d82e0f6a6c7c7e9da3ff85b9c86b6308abe14440e0e01061e,48041177,205,2026-06-30,,,-2588,-2587,12885224833469,,,,1
modify,0x9dc5b572d9618d1d82e0f6a6c7c7e9da3ff85b9c86b6308abe14440e0e01061e,48041583,334,2026-06-30,,,-2588,-2587,-12885224833469,,,,1
price,0x9dc5b572d9618d1d82e0f6a6c7c7e9da3ff85b9c86b6308abe14440e0e01061e,48047946,631,2026-06-30,,,,,,69572028725801444087201404116,-2600,1070198341137,447
modify,0x9dc5b572d9618d1d82e0f6a6c7c7e9da3ff85b9c86b6308abe14440e0e01061e,48048407,17,2026-07-01,,,-2601,-2599,3414607905027,,,,1
modify,0x9dc5b572d9618d1d82e0f6a6c7c7e9da3ff85b9c86b6308abe14440e0e01061e,48051996,326,2026-07-01,,,-2600,-2598,3023286785116,,,,1
modify,0x9dc5b572d9618d1d82e0f6a6c7c7e9da3ff85b9c86b6308abe14440e0e01061e,48052990,249,2026-07-01,,,-2601,-2599,-3414607905027,,,,1
modify,0x9dc5b572d9618d1d82e0f6a6c7c7e9da3ff85b9c86b6308abe14440e0e01061e,48053001,130,2026-07-01,,,-2600,-2598,-3023286785116,,,,1
modify,0x9dc5b572d9618d1d82e0f6a6c7c7e9da3ff85b9c86b6308abe14440e0e01061e,48065539,462,2026-07-01,,,-2857,-2303,0,,,,1
modify,0x9dc5b572d9618d1d82e0f6a6c7c7e9da3ff85b9c86b6308abe14440e0e01061e,48065566,12,2026-07-01,,,-2857,-2303,125094931,,,,1
price,0x9dc5b572d9618d1d82e0f6a6c7c7e9da3ff85b9c86b6308abe14440e0e01061e,48091154,221,2026-07-01,,,,,,69614229586189504732125046144,-2588,1080563411489,659
price,0x9dc5b572d9618d1d82e0f6a6c7c7e9da3ff85b9c86b6308abe14440e0e01061e,48134264,80,2026-07-02,,,,,,69720779991824823679222811335,-2557,1070323436068,609
price,0x9dc5b572d9618d1d82e0f6a6c7c7e9da3ff85b9c86b6308abe14440e0e01061e,48177586,472,2026-07-03,,,,,,69722293751147318987326179018,-2557,1070323436068,424
modify,0x9dc5b572d9618d1d82e0f6a6c7c7e9da3ff85b9c86b6308abe14440e0e01061e,48181905,187,2026-07-04,,,-2558,-2556,10882860606429,,,,1
modify,0x9dc5b572d9618d1d82e0f6a6c7c7e9da3ff85b9c86b6308abe14440e0e01061e,48183082,145,2026-07-04,,,-2558,-2556,-10882860606429,,,,1
modify,0x9dc5b572d9618d1d82e0f6a6c7c7e9da3ff85b9c86b6308abe14440e0e01061e,48210313,287,2026-07-04,,,-2561,-2559,5248899221056,,,,1
modify,0x9dc5b572d9618d1d82e0f6a6c7c7e9da3ff85b9c86b6308abe14440e0e01061e,48213578,271,2026-07-04,,,-2561,-2559,-5248899221056,,,,1
modify,0x9dc5b572d9618d1d82e0f6a6c7c7e9da3ff85b9c86b6308abe14440e0e01061e,48213595,348,2026-07-04,,,-2560,-2558,7450156719173,,,,1
modify,0x9dc5b572d9618d1d82e0f6a6c7c7e9da3ff85b9c86b6308abe14440e0e01061e,48220118,16,2026-07-04,,,-2560,-2558,-7450156719173,,,,1
price,0x9dc5b572d9618d1d82e0f6a6c7c7e9da3ff85b9c86b6308abe14440e0e01061e,48220693,567,2026-07-04,,,,,,69697227246421175414443280103,-2564,1080563411489,364
modify,0x9dc5b572d9618d1d82e0f6a6c7c7e9da3ff85b9c86b6308abe14440e0e01061e,48222598,1,2026-07-05,,,-2568,-2566,6030892155971,,,,1
modify,0x9dc5b572d9618d1d82e0f6a6c7c7e9da3ff85b9c86b6308abe14440e0e01061e,48224559,833,2026-07-05,,,-2568,-2566,-6030892155971,,,,1
modify,0x9dc5b572d9618d1d82e0f6a6c7c7e9da3ff85b9c86b6308abe14440e0e01061e,48224621,1,2026-07-05,,,-2559,-2557,6418124388412,,,,1
modify,0x9dc5b572d9618d1d82e0f6a6c7c7e9da3ff85b9c86b6308abe14440e0e01061e,48233853,303,2026-07-05,,,-2559,-2557,-6418124388412,,,,1
price,0x9dc5b572d9618d1d82e0f6a6c7c7e9da3ff85b9c86b6308abe14440e0e01061e,48263791,239,2026-07-05,,,,,,69690998263887221442936602855,-2566,1080563411489,372
price,0x9dc5b572d9618d1d82e0f6a6c7c7e9da3ff85b9c86b6308abe14440e0e01061e,48307273,164,2026-07-06,,,,,,69707496888527923887159197081,-2561,1080563411489,529
price,0x9dc5b572d9618d1d82e0f6a6c7c7e9da3ff85b9c86b6308abe14440e0e01061e,48350443,155,2026-07-07,,,,,,69695850673081418705272793801,-2564,1080563411489,420
price,0x9dc5b572d9618d1d82e0f6a6c7c7e9da3ff85b9c86b6308abe14440e0e01061e,48393344,115,2026-07-08,,,,,,69678201213269035980828359534,-2570,1080563411489,475
price,0x9dc5b572d9618d1d82e0f6a6c7c7e9da3ff85b9c86b6308abe14440e0e01061e,48436669,213,2026-07-09,,,,,,69746285666755003019053045012,-2550,1070323436068,388
modify,0x9dc5b572d9618d1d82e0f6a6c7c7e9da3ff85b9c86b6308abe14440e0e01061e,48479389,177,2026-07-10,,,-2560,-2558,8191516018563,,,,1
price,0x9dc5b572d9618d1d82e0f6a6c7c7e9da3ff85b9c86b6308abe14440e0e01061e,48479802,216,2026-07-10,,,,,,69712805107956586451496369243,-2560,9272079430052,227
modify,0x9dc5b572d9618d1d82e0f6a6c7c7e9da3ff85b9c86b6308abe14440e0e01061e,48496377,6,2026-07-11,,,-2560,-2558,-8191516018563,,,,1
modify,0x9dc5b572d9618d1d82e0f6a6c7c7e9da3ff85b9c86b6308abe14440e0e01061e,48499346,443,2026-07-11,,,-2565,-2553,6130188457,,,,1
modify,0x9dc5b572d9618d1d82e0f6a6c7c7e9da3ff85b9c86b6308abe14440e0e01061e,48499761,361,2026-07-11,,,-2565,-2553,956171315749,,,,1
modify,0x9dc5b572d9618d1d82e0f6a6c7c7e9da3ff85b9c86b6308abe14440e0e01061e,48501125,393,2026-07-11,,,-2597,-2558,-10239975421,,,,1
modify,0x9dc5b572d9618d1d82e0f6a6c7c7e9da3ff85b9c86b6308abe14440e0e01061e,48510722,110,2026-07-11,,,-2563,-2561,5684803904518,,,,1
modify,0x9dc5b572d9618d1d82e0f6a6c7c7e9da3ff85b9c86b6308abe14440e0e01061e,48514429,205,2026-07-11,,,-2563,-2561,-5684803904518,,,,1
modify,0x9dc5b572d9618d1d82e0f6a6c7c7e9da3ff85b9c86b6308abe14440e0e01061e,48523104,142,2026-07-11,,,-2563,-2562,14364148798549,,,,1
price,0x9dc5b572d9618d1d82e0f6a6c7c7e9da3ff85b9c86b6308abe14440e0e01061e,48523323,114,2026-07-11,,,,,,69701670662133958572431508111,-2563,16396773738823,269
modify,0x9dc5b572d9618d1d82e0f6a6c7c7e9da3ff85b9c86b6308abe14440e0e01061e,48523403,465,2026-07-12,,,-2563,-2562,-14364148798549,,,,1
modify,0x9dc5b572d9618d1d82e0f6a6c7c7e9da3ff85b9c86b6308abe14440e0e01061e,48541883,175,2026-07-12,,,-2565,-2553,-962301504206,,,,1
modify,0x9dc5b572d9618d1d82e0f6a6c7c7e9da3ff85b9c86b6308abe14440e0e01061e,48542094,379,2026-07-12,,,-2569,-2559,1151012264873,,,,1
modify,0x9dc5b572d9618d1d82e0f6a6c7c7e9da3ff85b9c86b6308abe14440e0e01061e,48542174,69,2026-07-12,,,-2569,-2559,4407056244,,,,1
modify,0x9dc5b572d9618d1d82e0f6a6c7c7e9da3ff85b9c86b6308abe14440e0e01061e,48558295,157,2026-07-12,,,-2569,-2559,-1155419321117,,,,1
modify,0x9dc5b572d9618d1d82e0f6a6c7c7e9da3ff85b9c86b6308abe14440e0e01061e,48558476,560,2026-07-12,,,-2583,-2573,1143606208563,,,,1
modify,0x9dc5b572d9618d1d82e0f6a6c7c7e9da3ff85b9c86b6308abe14440e0e01061e,48558534,124,2026-07-12,,,-2583,-2573,11993833852,,,,1
modify,0x9dc5b572d9618d1d82e0f6a6c7c7e9da3ff85b9c86b6308abe14440e0e01061e,48561066,530,2026-07-12,,,-2583,-2573,767581609865,,,,1
modify,0x9dc5b572d9618d1d82e0f6a6c7c7e9da3ff85b9c86b6308abe14440e0e01061e,48561142,108,2026-07-12,,,-2583,-2573,1055402837599,,,,1
modify,0x9dc5b572d9618d1d82e0f6a6c7c7e9da3ff85b9c86b6308abe14440e0e01061e,48561184,352,2026-07-12,,,-2583,-2573,370160397402,,,,1
modify,0x9dc5b572d9618d1d82e0f6a6c7c7e9da3ff85b9c86b6308abe14440e0e01061e,48561253,310,2026-07-12,,,-2583,-2573,40390513764,,,,1
modify,0x9dc5b572d9618d1d82e0f6a6c7c7e9da3ff85b9c86b6308abe14440e0e01061e,48561308,285,2026-07-12,,,-2583,-2573,3039696060,,,,1
modify,0x9dc5b572d9618d1d82e0f6a6c7c7e9da3ff85b9c86b6308abe14440e0e01061e,48562104,1271,2026-07-12,,,-2583,-2573,-3392175097105,,,,1
modify,0x9dc5b572d9618d1d82e0f6a6c7c7e9da3ff85b9c86b6308abe14440e0e01061e,48562414,166,2026-07-12,,,-2605,-2565,554501351679,,,,1
modify,0x9dc5b572d9618d1d82e0f6a6c7c7e9da3ff85b9c86b6308abe14440e0e01061e,48562480,410,2026-07-12,,,-2605,-2565,17875437373,,,,1
price,0x9dc5b572d9618d1d82e0f6a6c7c7e9da3ff85b9c86b6308abe14440e0e01061e,48566189,158,2026-07-12,,,,,,69634800709645218944533005616,-2582,1642700225120,523
modify,0x9dc5b572d9618d1d82e0f6a6c7c7e9da3ff85b9c86b6308abe14440e0e01061e,48586666,554,2026-07-13,,,-2605,-2565,16342735753,,,,1
modify,0x9dc5b572d9618d1d82e0f6a6c7c7e9da3ff85b9c86b6308abe14440e0e01061e,48586748,430,2026-07-13,,,-2605,-2565,1260340968,,,,1
price,0x9dc5b572d9618d1d82e0f6a6c7c7e9da3ff85b9c86b6308abe14440e0e01061e,48609134,37,2026-07-13,,,,,,69634415881401688371932101365,-2582,1660303301841,458
modify,0x9dc5b572d9618d1d82e0f6a6c7c7e9da3ff85b9c86b6308abe14440e0e01061e,48609814,9,2026-07-14,,,-2592,-2572,4774538247,,,,1
modify,0x9dc5b572d9618d1d82e0f6a6c7c7e9da3ff85b9c86b6308abe14440e0e01061e,48620599,193,2026-07-14,,,-2605,-2565,-294989932886,,,,1
modify,0x9dc5b572d9618d1d82e0f6a6c7c7e9da3ff85b9c86b6308abe14440e0e01061e,48620848,398,2026-07-14,,,-2605,-2565,-292040033558,,,,1
modify,0x9dc5b572d9618d1d82e0f6a6c7c7e9da3ff85b9c86b6308abe14440e0e01061e,48622754,486,2026-07-14,,,-2605,-2565,-2949899329,,,,1
modify,0x9dc5b572d9618d1d82e0f6a6c7c7e9da3ff85b9c86b6308abe14440e0e01061e,48622973,599,2026-07-14,,,-2577,-2507,1661396935,,,,1
modify,0x9dc5b572d9618d1d82e0f6a6c7c7e9da3ff85b9c86b6308abe14440e0e01061e,48630134,7,2026-07-14,,,-2592,-2572,-4774538247,,,,1
price,0x9dc5b572d9618d1d82e0f6a6c7c7e9da3ff85b9c86b6308abe14440e0e01061e,48652890,206,2026-07-14,,,,,,69744746182856920602756573349,-2550,1071984833003,471
modify,0x9dc5b572d9618d1d82e0f6a6c7c7e9da3ff85b9c86b6308abe14440e0e01061e,48670651,240,2026-07-15,,,-2577,-2507,-1661396935,,,,1
modify,0x9dc5b572d9618d1d82e0f6a6c7c7e9da3ff85b9c86b6308abe14440e0e01061e,48670734,827,2026-07-15,,,-2578,-2543,1613550737,,,,1
modify,0x9dc5b572d9618d1d82e0f6a6c7c7e9da3ff85b9c86b6308abe14440e0e01061e,48670816,188,2026-07-15,,,-2578,-2543,1682619125,,,,1
modify,0x9dc5b572d9618d1d82e0f6a6c7c7e9da3ff85b9c86b6308abe14440e0e01061e,48670954,550,2026-07-15,,,-2578,-2543,62513720293,,,,1
modify,0x9dc5b572d9618d1d82e0f6a6c7c7e9da3ff85b9c86b6308abe14440e0e01061e,48688362,280,2026-07-15,,,-2578,-2543,-65809890155,,,,1
modify,0x9dc5b572d9618d1d82e0f6a6c7c7e9da3ff85b9c86b6308abe14440e0e01061e,48688702,138,2026-07-15,,,-2576,-2526,46057870363,,,,1
price,0x9dc5b572d9618d1d82e0f6a6c7c7e9da3ff85b9c86b6308abe14440e0e01061e,48696097,211,2026-07-15,,,,,,69811805950681672298635755711,-2531,1116381306431,425
price,0x9dc5b572d9618d1d82e0f6a6c7c7e9da3ff85b9c86b6308abe14440e0e01061e,48739261,179,2026-07-16,,,,,,69720915691860294503212821016,-2557,1116381306431,494
price,0x9dc5b572d9618d1d82e0f6a6c7c7e9da3ff85b9c86b6308abe14440e0e01061e,48782386,667,2026-07-17,,,,,,69713891003601943884388589553,-2559,1116381306431,316
modify,0x9dc5b572d9618d1d82e0f6a6c7c7e9da3ff85b9c86b6308abe14440e0e01061e,48798748,512,2026-07-18,,,-2576,-2526,90071766407,,,,1
price,0x9dc5b572d9618d1d82e0f6a6c7c7e9da3ff85b9c86b6308abe14440e0e01061e,48825577,238,2026-07-18,,,,,,69715813037224524073018394566,-2559,1206453072838,114
modify,0x9dc5b572d9618d1d82e0f6a6c7c7e9da3ff85b9c86b6308abe14440e0e01061e,48825589,293,2026-07-18,,,-2576,-2526,34109905459,,,,1
modify,0x9dc5b572d9618d1d82e0f6a6c7c7e9da3ff85b9c86b6308abe14440e0e01061e,48825634,275,2026-07-18,,,-2576,-2526,1928533246,,,,1
modify,0x9dc5b572d9618d1d82e0f6a6c7c7e9da3ff85b9c86b6308abe14440e0e01061e,48830533,24,2026-07-19,,,-2576,-2526,-39598657359,,,,1
modify,0x9dc5b572d9618d1d82e0f6a6c7c7e9da3ff85b9c86b6308abe14440e0e01061e,48830621,37,2026-07-19,,,-2576,-2526,-6628470905,,,,1
modify,0x9dc5b572d9618d1d82e0f6a6c7c7e9da3ff85b9c86b6308abe14440e0e01061e,48831467,494,2026-07-19,,,-2576,-2526,-46598150468,,,,1
modify,0x9dc5b572d9618d1d82e0f6a6c7c7e9da3ff85b9c86b6308abe14440e0e01061e,48839345,512,2026-07-19,,,-2606,-2518,33005423304,,,,1
modify,0x9dc5b572d9618d1d82e0f6a6c7c7e9da3ff85b9c86b6308abe14440e0e01061e,48841092,144,2026-07-19,,,-2606,-2518,490434965831,,,,1
price,0x9dc5b572d9618d1d82e0f6a6c7c7e9da3ff85b9c86b6308abe14440e0e01061e,48868672,175,2026-07-19,,,,,,69709330667027516205146788895,-2561,1673106621946,302
modify,0x9dc5b572d9618d1d82e0f6a6c7c7e9da3ff85b9c86b6308abe14440e0e01061e,48880525,229,2026-07-20,,,-2606,-2518,160008339616,,,,1
modify,0x9dc5b572d9618d1d82e0f6a6c7c7e9da3ff85b9c86b6308abe14440e0e01061e,48906595,1835,2026-07-20,,,-2576,-2526,70348747871,,,,1
price,0x9dc5b572d9618d1d82e0f6a6c7c7e9da3ff85b9c86b6308abe14440e0e01061e,48912058,314,2026-07-20,,,,,,69734390002700238853500492938,-2553,1903463709433,469
price,0x9dc5b572d9618d1d82e0f6a6c7c7e9da3ff85b9c86b6308abe14440e0e01061e,48954744,262,2026-07-21,,,,,,69707454006549382476356969182,-2561,1903463709433,340
modify,0x9dc5b572d9618d1d82e0f6a6c7c7e9da3ff85b9c86b6308abe14440e0e01061e,48980758,236,2026-07-22,,,-2797,-2446,0,,,,1
modify,0x9dc5b572d9618d1d82e0f6a6c7c7e9da3ff85b9c86b6308abe14440e0e01061e,48980772,636,2026-07-22,,,-2857,-2303,0,,,,1
modify,0x9dc5b572d9618d1d82e0f6a6c7c7e9da3ff85b9c86b6308abe14440e0e01061e,48990777,559,2026-07-22,,,-2576,-2526,-149691544614,,,,1
price,0x9dc5b572d9618d1d82e0f6a6c7c7e9da3ff85b9c86b6308abe14440e0e01061e,48998236,259,2026-07-22,,,,,,69780319213394735107008290904,-2540,1753772164819,415
modify,0x9dc5b572d9618d1d82e0f6a6c7c7e9da3ff85b9c86b6308abe14440e0e01061e,49000841,9,2026-07-23,,,-2540,-2440,178000445519,,,,1
modify,0x9dc5b572d9618d1d82e0f6a6c7c7e9da3ff85b9c86b6308abe14440e0e01061e,49001093,8,2026-07-23,,,-2540,-2440,-178000445519,,,,1
modify,0x9dc5b572d9618d1d82e0f6a6c7c7e9da3ff85b9c86b6308abe14440e0e01061e,49001131,225,2026-07-23,,,-2541,-2441,179192741592,,,,1
modify,0x9dc5b572d9618d1d82e0f6a6c7c7e9da3ff85b9c86b6308abe14440e0e01061e,49015116,173,2026-07-23,,,-2541,-2441,-179192741592,,,,1
modify,0x9dc5b572d9618d1d82e0f6a6c7c7e9da3ff85b9c86b6308abe14440e0e01061e,49015243,475,2026-07-23,,,-2616,-2516,181932919332,,,,1
price,0x9dc5b572d9618d1d82e0f6a6c7c7e9da3ff85b9c86b6308abe14440e0e01061e,49041288,91,2026-07-23,,,,,,69716282179264384628203197293,-2559,1935705084151,463
price,0x9dc5b572d9618d1d82e0f6a6c7c7e9da3ff85b9c86b6308abe14440e0e01061e,49084102,96,2026-07-24,,,,,,69752294132462040680789095773,-2548,1935705084151,400
init,0x9ed2b133457a9debb64997f932b15a0a81f61718e8a267a4b36fab7b960d788a,37504386,130,2025-10-29,0x833589fcd6edb6e08f4c7c32d4f71b54bda02913,0xfde4c96c8593536e31f229ea8f37b2ada2699bb2,,,,79266298777954824085310578874,9,,1
modify,0x9ed2b133457a9debb64997f932b15a0a81f61718e8a267a4b36fab7b960d788a,37504386,132,2025-10-29,,,-40,60,1199435191,,,,1
modify,0x9ed2b133457a9debb64997f932b15a0a81f61718e8a267a4b36fab7b960d788a,37536601,56,2025-10-30,,,0,10,23563961295,,,,1
modify,0x9ed2b133457a9debb64997f932b15a0a81f61718e8a267a4b36fab7b960d788a,37542946,501,2025-10-30,,,0,12,235749374463,,,,1
modify,0x9ed2b133457a9debb64997f932b15a0a81f61718e8a267a4b36fab7b960d788a,37544338,124,2025-10-30,,,0,10,-23563961295,,,,1
modify,0x9ed2b133457a9debb64997f932b15a0a81f61718e8a267a4b36fab7b960d788a,37544651,94,2025-10-30,,,0,2,138091657483,,,,1
modify,0x9ed2b133457a9debb64997f932b15a0a81f61718e8a267a4b36fab7b960d788a,37548445,756,2025-10-30,,,0,2,200710279908,,,,1
price,0x9ed2b133457a9debb64997f932b15a0a81f61718e8a267a4b36fab7b960d788a,37550469,520,2025-10-30,,,,,,79230373816386112074027931973,0,575750747045,50
modify,0x9ed2b133457a9debb64997f932b15a0a81f61718e8a267a4b36fab7b960d788a,37565714,89,2025-10-31,,,-2,4,605509578173,,,,1
modify,0x9ed2b133457a9debb64997f932b15a0a81f61718e8a267a4b36fab7b960d788a,37568191,133,2025-10-31,,,0,12,-235749374463,,,,1
modify,0x9ed2b133457a9debb64997f932b15a0a81f61718e8a267a4b36fab7b960d788a,37568240,914,2025-10-31,,,0,2,3789477601705,,,,1
modify,0x9ed2b133457a9debb64997f932b15a0a81f61718e8a267a4b36fab7b960d788a,37572024,186,2025-10-31,,,0,2,-3789477601705,,,,1
modify,0x9ed2b133457a9debb64997f932b15a0a81f61718e8a267a4b36fab7b960d788a,37572147,553,2025-10-31,,,2,4,3127573733640,,,,1
modify,0x9ed2b133457a9debb64997f932b15a0a81f61718e8a267a4b36fab7b960d788a,37572878,183,2025-10-31,,,0,2,-138091657483,,,,1
modify,0x9ed2b133457a9debb64997f932b15a0a81f61718e8a267a4b36fab7b960d788a,37573044,547,2025-10-31,,,0,2,-200710279908,,,,1
modify,0x9ed2b133457a9debb64997f932b15a0a81f61718e8a267a4b36fab7b960d788a,37573538,672,2025-10-31,,,0,4,1215561184461,,,,1
modify,0x9ed2b133457a9debb64997f932b15a0a81f61718e8a267a4b36fab7b960d788a,37573893,360,2025-10-31,,,0,4,358506833062,,,,1
modify,0x9ed2b133457a9debb64997f932b15a0a81f61718e8a267a4b36fab7b960d788a,37574863,156,2025-10-31,,,0,4,2731624947878,,,,1
modify,0x9ed2b133457a9debb64997f932b15a0a81f61718e8a267a4b36fab7b960d788a,37586470,399,2025-10-31,,,2,4,1773462646834,,,,1
modify,0x9ed2b133457a9debb64997f932b15a0a81f61718e8a267a4b36fab7b960d788a,37587663,63,2025-10-31,,,-887272,887272,5272001,,,,1
modify,0x9ed2b133457a9debb64997f932b15a0a81f61718e8a267a4b36fab7b960d788a,37591479,752,2025-10-31,,,2,4,1151670388031,,,,1
modify,0x9ed2b133457a9debb64997f932b15a0a81f61718e8a267a4b36fab7b960d788a,37591726,306,2025-10-31,,,0,4,-358506833062,,,,1
modify,0x9ed2b133457a9debb64997f932b15a0a81f61718e8a267a4b36fab7b960d788a,37591848,255,2025-10-31,,,2,4,333327111766,,,,1
modify,0x9ed2b133457a9debb64997f932b15a0a81f61718e8a267a4b36fab7b960d788a,37592540,794,2025-10-31,,,2,4,509479172783,,,,1
modify,0x9ed2b133457a9debb64997f932b15a0a81f61718e8a267a4b36fab7b960d788a,37593072,480,2025-10-31,,,2,4,489619899669,,,,1
price,0x9ed2b133457a9debb64997f932b15a0a81f61718e8a267a4b36fab7b960d788a,37593713,145,2025-10-31,,,,,,79237627835470028142505326133,2,11939033370427,552
modify,0x9ed2b133457a9debb64997f932b15a0a81f61718e8a267a4b36fab7b960d788a,37595876,192,2025-11-01,,,2,4,579137874143,,,,1
modify,0x9ed2b133457a9debb64997f932b15a0a81f61718e8a267a4b36fab7b960d788a,37598406,120,2025-11-01,,,0,4,-486224473784,,,,1
modify,0x9ed2b133457a9debb64997f932b15a0a81f61718e8a267a4b36fab7b960d788a,37598595,331,2025-11-01,,,2,4,416513241434,,,,1
modify,0x9ed2b133457a9debb64997f932b15a0a81f61718e8a267a4b36fab7b960d788a,37599029,46,2025-11-01,,,2,4,567207958733,,,,1
modify,0x9ed2b133457a9debb64997f932b15a0a81f61718e8a267a4b36fab7b960d788a,37605537,482,2025-11-01,,,-2,10,10221941907260,,,,1
modify,0x9ed2b133457a9debb64997f932b15a0a81f61718e8a267a4b36fab7b960d788a,37606185,134,2025-11-01,,,0,4,-729336710677,,,,1
modify,0x9ed2b133457a9debb64997f932b15a0a81f61718e8a267a4b36fab7b960d788a,37606209,972,2025-11-01,,,2,4,729367937902,,,,1
modify,0x9ed2b133457a9debb64997f932b15a0a81f61718e8a267a4b36fab7b960d788a,37622751,1646,2025-11-01,,,2,4,3782224024173,,,,1
modify,0x9ed2b133457a9debb64997f932b15a0a81f61718e8a267a4b36fab7b960d788a,37624602,69,2025-11-01,,,2,4,3630248063939,,,,1
modify,0x9ed2b133457a9debb64997f932b15a0a81f61718e8a267a4b36fab7b960d788a,37624883,39,2025-11-01,,,2,4,-3378910898789,,,,1
modify,0x9ed2b133457a9debb64997f932b15a0a81f61718e8a267a4b36fab7b960d788a,37627630,673,2025-11-01,,,-2,10,5432194828,,,,1
price,0x9ed2b133457a9debb64997f932b15a0a81f61718e8a267a4b36fab7b960d788a,37636907,502,2025-11-01,,,,,,79236770623261071687167550695,2,27276634489589,1039
modify,0x9ed2b133457a9debb64997f932b15a0a81f61718e8a267a4b36fab7b960d788a,37644651,776,2025-11-02,,,-2,4,-605509578173,,,,1
modify,0x9ed2b133457a9debb64997f932b15a0a81f61718e8a267a4b36fab7b960d788a,37645663,231,2025-11-02,,,-8,12,291269402418,,,,1
modify,0x9ed2b133457a9debb64997f932b15a0a81f61718e8a267a4b36fab7b960d788a,37648732,498,2025-11-02,,,-2,2,9999101185068,,,,1
modify,0x9ed2b133457a9debb64997f932b15a0a81f61718e8a267a4b36fab7b960d788a,37649532,379,2025-11-02,,,-8,12,-291269402418,,,,1
modify,0x9ed2b133457a9debb64997f932b15a0a81f61718e8a267a4b36fab7b960d788a,37651444,0,2025-11-02,,,-2,10,-5432194828,,,,1
modify,0x9ed2b133457a9debb64997f932b15a0a81f61718e8a267a4b36fab7b960d788a,37651635,1255,2025-11-02,,,2,4,-1964935869388,,,,1
modify,0x9ed2b133457a9debb64997f932b15a0a81f61718e8a267a4b36fab7b960d788a,37665411,37,2025-11-02,,,-6,8,11795789108855,,,,1
modify,0x9ed2b133457a9debb64997f932b15a0a81f61718e8a267a4b36fab7b960d788a,37665726,7,2025-11-02,,,-6,8,2801611902260,,,,1
modify,0x9ed2b133457a9debb64997f932b15a0a81f61718e8a267a4b36fab7b960d788a,37665999,80,2025-11-02,,,-6,8,1017743843674,,,,1
modify,0x9ed2b133457a9debb64997f932b15a0a81f61718e8a267a4b36fab7b960d788a,37672699,501,2025-11-02,,,-8,12,2951114832851,,,,1
price,0x9ed2b133457a9debb64997f932b15a0a81f61718e8a267a4b36fab7b960d788a,37679970,45,2025-11-02,,,,,,79238111612487575026682849450,2,43267016534840,1148
modify,0x9ed2b133457a9debb64997f932b15a0a81f61718e8a267a4b36fab7b960d788a,37682253,301,2025-11-03,,,2,4,-3378910898790,,,,1
modify,0x9ed2b133457a9debb64997f932b15a0a81f61718e8a267a4b36fab7b960d788a,37682431,118,2025-11-03,,,0,2,4159711203248,,,,1
modify,0x9ed2b133457a9debb64997f932b15a0a81f61718e8a267a4b36fab7b960d788a,37683188,171,2025-11-03,,,-8,12,302884743479,,,,1
modify,0x9ed2b133457a9debb64997f932b15a0a81f61718e8a267a4b36fab7b960d788a,37683619,23,2025-11-03,,,0,2,-4159711203248,,,,1
modify,0x9ed2b133457a9debb64997f932b15a0a81f61718e8a267a4b36fab7b960d788a,37683875,591,2025-11-03,,,-2,10,515343230204,,,,1
modify,0x9ed2b133457a9debb64997f932b15a0a81f61718e8a267a4b36fab7b960d788a,37686960,287,2025-11-03,,,-2,10,-515343230204,,,,1
modify,0x9ed2b133457a9debb64997f932b15a0a81f61718e8a267a4b36fab7b960d788a,37686989,160,2025-11-03,,,2,4,2631285527232,,,,1
modify,0x9ed2b133457a9debb64997f932b15a0a81f61718e8a267a4b36fab7b960d788a,37708399,659,2025-11-03,,,2,4,-1008667079619,,,,1
price,0x9ed2b133457a9debb64997f932b15a0a81f61718e8a267a4b36fab7b960d788a,37723156,827,2025-11-03,,,,,,79240264675801366067224003689,3,41813608827142,1276
modify,0x9ed2b133457a9debb64997f932b15a0a81f61718e8a267a4b36fab7b960d788a,37731928,317,2025-11-04,,,2,4,-3576183282288,,,,1
modify,0x9ed2b133457a9debb64997f932b15a0a81f61718e8a267a4b36fab7b960d788a,37731942,587,2025-11-04,,,2,4,-3782224024173,,,,1
modify,0x9ed2b133457a9debb64997f932b15a0a81f61718e8a267a4b36fab7b960d788a,37732181,365,2025-11-04,,,2,4,6524528641134,,,,1
modify,0x9ed2b133457a9debb64997f932b15a0a81f61718e8a267a4b36fab7b960d788a,37740859,1036,2025-11-04,,,2,4,-6524528641134,,,,1
price,0x9ed2b133457a9debb64997f932b15a0a81f61718e8a267a4b36fab7b960d788a,37766517,159,2025-11-04,,,,,,79238424562080391605795254152,2,34455201520681,1127
modify,0x9ed2b133457a9debb64997f932b15a0a81f61718e8a267a4b36fab7b960d788a,37768304,26,2025-11-05,,,-100,100,9753392394,,,,1
modify,0x9ed2b133457a9debb64997f932b15a0a81f61718e8a267a4b36fab7b960d788a,37794978,399,2025-11-05,,,-8,8,148257597059,,,,1
modify,0x9ed2b133457a9debb64997f932b15a0a81f61718e8a267a4b36fab7b960d788a,37798601,616,2025-11-05,,,-2,6,1594825786,,,,1
modify,0x9ed2b133457a9debb64997f932b15a0a81f61718e8a267a4b36fab7b960d788a,37799857,44,2025-11-05,,,-2,6,10395807644,,,,1
price,0x9ed2b133457a9debb64997f932b15a0a81f61718e8a267a4b36fab7b960d788a,37809715,895,2025-11-05,,,,,,79239668101346457451873688869,2,34625203143564,3045
modify,0x9ed2b133457a9debb64997f932b15a0a81f61718e8a267a4b36fab7b960d788a,37826362,1035,2025-11-06,,,-2,10,35317984996,,,,1
modify,0x9ed2b133457a9debb64997f932b15a0a81f61718e8a267a4b36fab7b960d788a,37826769,320,2025-11-06,,,-2,10,1230047824,,,,1
modify,0x9ed2b133457a9debb64997f932b15a0a81f61718e8a267a4b36fab7b960d788a,37828922,962,2025-11-06,,,-2,2,-9999101185068,,,,1
modify,0x9ed2b133457a9debb64997f932b15a0a81f61718e8a267a4b36fab7b960d788a,37829184,361,2025-11-06,,,2,4,-2631285527232,,,,1
modify,0x9ed2b133457a9debb64997f932b15a0a81f61718e8a267a4b36fab7b960d788a,37829569,870,2025-11-06,,,4,6,2847269098079,,,,1
modify,0x9ed2b133457a9debb64997f932b15a0a81f61718e8a267a4b36fab7b960d788a,37829715,879,2025-11-06,,,4,6,3934094325267,,,,1
modify,0x9ed2b133457a9debb64997f932b15a0a81f61718e8a267a4b36fab7b960d788a,37830258,571,2025-11-06,,,-8,8,-148257597059,,,,1
modify,0x9ed2b133457a9debb64997f932b15a0a81f61718e8a267a4b36fab7b960d788a,37831286,87,2025-11-06,,,-2,10,-10221941907260,,,,1
modify,0x9ed2b133457a9debb64997f932b15a0a81f61718e8a267a4b36fab7b960d788a,37839003,342,2025-11-06,,,4,6,-6781363423346,,,,1
modify,0x9ed2b133457a9debb64997f932b15a0a81f61718e8a267a4b36fab7b960d788a,37840242,1293,2025-11-06,,,8,10,2798563751288,,,,1
modify,0x9ed2b133457a9debb64997f932b15a0a81f61718e8a267a4b36fab7b960d788a,37840526,277,2025-11-06,,,-2,18,1497262266334,,,,1
modify,0x9ed2b133457a9debb64997f932b15a0a81f61718e8a267a4b36fab7b960d788a,37840817,543,2025-11-06,,,8,10,-2798563751288,,,,1
modify,0x9ed2b133457a9debb64997f932b15a0a81f61718e8a267a4b36fab7b960d788a,37841945,36,2025-11-06,,,16,18,3610045155391,,,,1
modify,0x9ed2b133457a9debb64997f932b15a0a81f61718e8a267a4b36fab7b960d788a,37843237,159,2025-11-06,,,16,18,-3610045155391,,,,1
modify,0x9ed2b133457a9debb64997f932b15a0a81f61718e8a267a4b36fab7b960d788a,37843293,12,2025-11-06,,,14,16,7309801841738,,,,1
modify,0x9ed2b133457a9debb64997f932b15a0a81f61718e8a267a4b36fab7b960d788a,37844949,1906,2025-11-06,,,14,16,-7309801841738,,,,1
modify,0x9ed2b133457a9debb64997f932b15a0a81f61718e8a267a4b36fab7b960d788a,37845070,10,2025-11-06,,,8,12,5631328648346,,,,1
modify,0x9ed2b133457a9debb64997f932b15a0a81f61718e8a267a4b36fab7b960d788a,37845157,710,2025-11-06,,,8,12,947804593345,,,,1
price,0x9ed2b133457a9debb64997f932b15a0a81f61718e8a267a4b36fab7b960d788a,37852912,105,2025-11-06,,,,,,79267013930486477393647611867,9,11377901216761,4344
modify,0x9ed2b133457a9debb64997f932b15a0a81f61718e8a267a4b36fab7b960d788a,37858470,591,2025-11-07,,,-6,14,90898414248,,,,1
modify,0x9ed2b133457a9debb64997f932b15a0a81f61718e8a267a4b36fab7b960d788a,37864733,510,2025-11-07,,,8,12,-6579133241691,,,,1
modify,0x9ed2b133457a9debb64997f932b15a0a81f61718e8a267a4b36fab7b960d788a,37864885,917,2025-11-07,,,8,12,3269386965419,,,,1
modify,0x9ed2b133457a9debb64997f932b15a0a81f61718e8a267a4b36fab7b960d788a,37864988,345,2025-11-07,,,-2,18,0,,,,1
modify,0x9ed2b133457a9debb64997f932b15a0a81f61718e8a267a4b36fab7b960d788a,37866351,49,2025-11-07,,,-2,18,-748631133167,,,,1
modify,0x9ed2b133457a9debb64997f932b15a0a81f61718e8a267a4b36fab7b960d788a,37866823,3591,2025-11-07,,,6,16,397161867066,,,,1
modify,0x9ed2b133457a9debb64997f932b15a0a81f61718e8a267a4b36fab7b960d788a,37867517,30,2025-11-07,,,-2,18,-748631133167,,,,1
modify,0x9ed2b133457a9debb64997f932b15a0a81f61718e8a267a4b36fab7b960d788a,37869440,735,2025-11-07,,,8,12,-3269386965419,,,,1
modify,0x9ed2b133457a9debb64997f932b15a0a81f61718e8a267a4b36fab7b960d788a,37869649,562,2025-11-07,,,12,14,5878172801474,,,,1
modify,0x9ed2b133457a9debb64997f932b15a0a81f61718e8a267a4b36fab7b960d788a,37874422,473,2025-11-07,,,0,4,-2731624947878,,,,1
modify,0x9ed2b133457a9debb64997f932b15a0a81f61718e8a267a4b36fab7b960d788a,37874861,718,2025-11-07,,,12,14,1825144183431,,,,1
modify,0x9ed2b133457a9debb64997f932b15a0a81f61718e8a267a4b36fab7b960d788a,37875804,605,2025-11-07,,,10,14,3668390571617,,,,1
modify,0x9ed2b133457a9debb64997f932b15a0a81f61718e8a267a4b36fab7b960d788a,37878435,403,2025-11-07,,,12,14,-7703316984905,,,,1
modify,0x9ed2b133457a9debb64997f932b15a0a81f61718e8a267a4b36fab7b960d788a,37878899,52,2025-11-07,,,12,14,13780688465769,,,,1
modify,0x9ed2b133457a9debb64997f932b15a0a81f61718e8a267a4b36fab7b960d788a,37879327,731,2025-11-07,,,12,14,-5650082270965,,,,1
modify,0x9ed2b133457a9debb64997f932b15a0a81f61718e8a267a4b36fab7b960d788a,37879961,263,2025-11-07,,,22,34,429606353496,,,,1
modify,0x9ed2b133457a9debb64997f932b15a0a81f61718e8a267a4b36fab7b960d788a,37882266,713,2025-11-07,,,12,14,-1056978805324,,,,1
modify,0x9ed2b133457a9debb64997f932b15a0a81f61718e8a267a4b36fab7b960d788a,37882285,107,2025-11-07,,,22,34,-429606353496,,,,1
modify,0x9ed2b133457a9debb64997f932b15a0a81f61718e8a267a4b36fab7b960d788a,37882312,1098,2025-11-07,,,14,34,260403922566,,,,1
modify,0x9ed2b133457a9debb64997f932b15a0a81f61718e8a267a4b36fab7b960d788a,37884906,385,2025-11-07,,,-8,12,-2951114832851,,,,1
modify,0x9ed2b133457a9debb64997f932b15a0a81f61718e8a267a4b36fab7b960d788a,37889237,561,2025-11-07,,,12,14,-7073627389480,,,,1
modify,0x9ed2b133457a9debb64997f932b15a0a81f61718e8a267a4b36fab7b960d788a,37889538,704,2025-11-07,,,14,34,193622388742,,,,1
modify,0x9ed2b133457a9debb64997f932b15a0a81f61718e8a267a4b36fab7b960d788a,37889668,552,2025-11-07,,,10,14,2059064007382,,,,1
modify,0x9ed2b133457a9debb64997f932b15a0a81f61718e8a267a4b36fab7b960d788a,37892001,37,2025-11-07,,,10,14,-3668390571617,,,,1
modify,0x9ed2b133457a9debb64997f932b15a0a81f61718e8a267a4b36fab7b960d788a,37892148,316,2025-11-07,,,12,14,6654924224693,,,,1
price,0x9ed2b133457a9debb64997f932b15a0a81f61718e8a267a4b36fab7b960d788a,37896121,1685,2025-11-07,,,,,,79285744883219142438306723646,14,862146277960,2701
modify,0x9ed2b133457a9debb64997f932b15a0a81f61718e8a267a4b36fab7b960d788a,37896558,548,2025-11-08,,,14,16,1991183012866,,,,1
modify,0x9ed2b133457a9debb64997f932b15a0a81f61718e8a267a4b36fab7b960d788a,37906079,152,2025-11-08,,,12,14,-3327462112346,,,,1
modify,0x9ed2b133457a9debb64997f932b15a0a81f61718e8a267a4b36fab7b960d788a,37906262,691,2025-11-08,,,12,18,1100337781847,,,,1
modify,0x9ed2b133457a9debb64997f932b15a0a81f61718e8a267a4b36fab7b960d788a,37906293,152,2025-11-08,,,12,14,-3327462112347,,,,1
modify,0x9ed2b133457a9debb64997f932b15a0a81f61718e8a267a4b36fab7b960d788a,37906378,293,2025-11-08,,,12,18,1136409445635,,,,1
modify,0x9ed2b133457a9debb64997f932b15a0a81f61718e8a267a4b36fab7b960d788a,37918456,153,2025-11-08,,,10,14,333307338214,,,,1
modify,0x9ed2b133457a9debb64997f932b15a0a81f61718e8a267a4b36fab7b960d788a,37918492,1554,2025-11-08,,,14,16,2310218531233,,,,1
modify,0x9ed2b133457a9debb64997f932b15a0a81f61718e8a267a4b36fab7b960d788a,37918518,661,2025-11-08,,,14,34,-454026311308,,,,1
modify,0x9ed2b133457a9debb64997f932b15a0a81f61718e8a267a4b36fab7b960d788a,37918648,169,2025-11-08,,,14,16,490243577655,,,,1
modify,0x9ed2b133457a9debb64997f932b15a0a81f61718e8a267a4b36fab7b960d788a,37918716,55,2025-11-08,,,10,14,306503938102,,,,1
modify,0x9ed2b133457a9debb64997f932b15a0a81f61718e8a267a4b36fab7b960d788a,37918736,200,2025-11-08,,,10,14,-333307338214,,,,1
modify,0x9ed2b133457a9debb64997f932b15a0a81f61718e8a267a4b36fab7b960d788a,37918777,448,2025-11-08,,,16,28,400460235737,,,,1
modify,0x9ed2b133457a9debb64997f932b15a0a81f61718e8a267a4b36fab7b960d788a,37925060,1262,2025-11-08,,,14,16,1524174946737,,,,1
modify,0x9ed2b133457a9debb64997f932b15a0a81f61718e8a267a4b36fab7b960d788a,37925099,271,2025-11-08,,,12,18,0,,,,1
modify,0x9ed2b133457a9debb64997f932b15a0a81f61718e8a267a4b36fab7b960d788a,37925282,418,2025-11-08,,,14,16,370639384015,,,,1
modify,0x9ed2b133457a9debb64997f932b15a0a81f61718e8a267a4b36fab7b960d788a,37929483,220,2025-11-08,,,-36,64,582984287336,,,,1
modify,0x9ed2b133457a9debb64997f932b15a0a81f61718e8a267a4b36fab7b960d788a,37933903,74,2025-11-08,,,14,16,-4791645121754,,,,1
modify,0x9ed2b133457a9debb64997f932b15a0a81f61718e8a267a4b36fab7b960d788a,37933921,4,2025-11-08,,,14,16,4792624274475,,,,1
modify,0x9ed2b133457a9debb64997f932b15a0a81f61718e8a267a4b36fab7b960d788a,37934244,510,2025-11-08,,,10,14,-2365567945484,,,,1
modify,0x9ed2b133457a9debb64997f932b15a0a81f61718e8a267a4b36fab7b960d788a,37934258,1065,2025-11-08,,,10,14,2098845372657,,,,1
price,0x9ed2b133457a9debb64997f932b15a0a81f61718e8a267a4b36fab7b960d788a,37939261,334,2025-11-08,,,,,,79284772654873415476001736644,14,9915290086697,2836
modify,0x9ed2b133457a9debb64997f932b15a0a81f61718e8a267a4b36fab7b960d788a,37949433,670,2025-11-09,,,12,18,142748787864,,,,1
modify,0x9ed2b133457a9debb64997f932b15a0a81f61718e8a267a4b36fab7b960d788a,37954322,462,2025-11-09,,,14,16,0,,,,1
modify,0x9ed2b133457a9debb64997f932b15a0a81f61718e8a267a4b36fab7b960d788a,37954644,103,2025-11-09,,,0,18,8311458091216,,,,1
modify,0x9ed2b133457a9debb64997f932b15a0a81f61718e8a267a4b36fab7b960d788a,37957143,1322,2025-11-09,,,12,16,6164275290289,,,,1
modify,0x9ed2b133457a9debb64997f932b15a0a81f61718e8a267a4b36fab7b960d788a,37960216,177,2025-11-09,,,14,16,0,,,,1
modify,0x9ed2b133457a9debb64997f932b15a0a81f61718e8a267a4b36fab7b960d788a,37960237,66,2025-11-09,,,12,18,0,,,,1
modify,0x9ed2b133457a9debb64997f932b15a0a81f61718e8a267a4b36fab7b960d788a,37961001,342,2025-11-09,,,12,18,-1189748007673,,,,1
modify,0x9ed2b133457a9debb64997f932b15a0a81f61718e8a267a4b36fab7b960d788a,37961046,42,2025-11-09,,,14,16,-1894814330752,,,,1
modify,0x9ed2b133457a9debb64997f932b15a0a81f61718e8a267a4b36fab7b960d788a,37961164,196,2025-11-09,,,12,18,-1189748007673,,,,1
modify,0x9ed2b133457a9debb64997f932b15a0a81f61718e8a267a4b36fab7b960d788a,37968053,516,2025-11-09,,,14,16,422040586289,,,,1
modify,0x9ed2b133457a9debb64997f932b15a0a81f61718e8a267a4b36fab7b960d788a,37976113,205,2025-11-09,,,14,16,971426250667,,,,1
price,0x9ed2b133457a9debb64997f932b15a0a81f61718e8a267a4b36fab7b960d788a,37982434,157,2025-11-09,,,,,,79284369167425948090149696047,14,21652928746924,2798
modify,0x9ed2b133457a9debb64997f932b15a0a81f61718e8a267a4b36fab7b960d788a,37985181,468,2025-11-10,,,14,16,-814746126660,,,,1
modify,0x9ed2b133457a9debb64997f932b15a0a81f61718e8a267a4b36fab7b960d788a,37986600,335,2025-11-10,,,14,16,0,,,,1
modify,0x9ed2b133457a9debb64997f932b15a0a81f61718e8a267a4b36fab7b960d788a,37987104,1449,2025-11-10,,,14,16,1767923561198,,,,1
modify,0x9ed2b133457a9debb64997f932b15a0a81f61718e8a267a4b36fab7b960d788a,37987738,414,2025-11-10,,,-2,18,85474321848,,,,1
modify,0x9ed2b133457a9debb64997f932b15a0a81f61718e8a267a4b36fab7b960d788a,37991288,241,2025-11-10,,,12,16,-6164275290289,,,,1
modify,0x9ed2b133457a9debb64997f932b15a0a81f61718e8a267a4b36fab7b960d788a,37993797,653,2025-11-10,,,14,16,0,,,,1
modify,0x9ed2b133457a9debb64997f932b15a0a81f61718e8a267a4b36fab7b960d788a,37994776,596,2025-11-10,,,14,18,390469914023,,,,1
modify,0x9ed2b133457a9debb64997f932b15a0a81f61718e8a267a4b36fab7b960d788a,37995278,661,2025-11-10,,,0,18,-3740156141047,,,,1
modify,0x9ed2b133457a9debb64997f932b15a0a81f61718e8a267a4b36fab7b960d788a,37999479,783,2025-11-10,,,12,18,41076474340,,,,1
modify,0x9ed2b133457a9debb64997f932b15a0a81f61718e8a267a4b36fab7b960d788a,37999839,749,2025-11-10,,,16,22,176203212347,,,,1
modify,0x9ed2b133457a9debb64997f932b15a0a81f61718e8a267a4b36fab7b960d788a,37999993,515,2025-11-10,,,14,16,1469305370742,,,,1
modify,0x9ed2b133457a9debb64997f932b15a0a81f61718e8a267a4b36fab7b960d788a,38000566,794,2025-11-10,,,12,18,49642717804,,,,1
modify,0x9ed2b133457a9debb64997f932b15a0a81f61718e8a267a4b36fab7b960d788a,38000801,708,2025-11-10,,,12,18,17335671084,,,,1
modify,0x9ed2b133457a9debb64997f932b15a0a81f61718e8a267a4b36fab7b960d788a,38000892,1640,2025-11-10,,,14,16,0,,,,1
modify,0x9ed2b133457a9debb64997f932b15a0a81f61718e8a267a4b36fab7b960d788a,38000967,451,2025-11-10,,,14,18,536078198656,,,,1
modify,0x9ed2b133457a9debb64997f932b15a0a81f61718e8a267a4b36fab7b960d788a,38001474,965,2025-11-10,,,14,16,1158993982117,,,,1
modify,0x9ed2b133457a9debb64997f932b15a0a81f61718e8a267a4b36fab7b960d788a,38002468,29,2025-11-10,,,12,18,13929314829,,,,1
modify,0x9ed2b133457a9debb64997f932b15a0a81f61718e8a267a4b36fab7b960d788a,38003092,1343,2025-11-10,,,12,18,4661425917857,,,,1
modify,0x9ed2b133457a9debb64997f932b15a0a81f61718e8a267a4b36fab7b960d788a,38003178,563,2025-11-10,,,12,18,-4661425917857,,,,1
modify,0x9ed2b133457a9debb64997f932b15a0a81f61718e8a267a4b36fab7b960d788a,38003696,82,2025-11-10,,,-2,10,-36548032820,,,,1
modify,0x9ed2b133457a9debb64997f932b15a0a81f61718e8a267a4b36fab7b960d788a,38003849,27,2025-11-10,,,-2,70,5989799847,,,,1
modify,0x9ed2b133457a9debb64997f932b15a0a81f61718e8a267a4b36fab7b960d788a,38003932,27,2025-11-10,,,-2,70,134527300,,,,1
modify,0x9ed2b133457a9debb64997f932b15a0a81f61718e8a267a4b36fab7b960d788a,38004523,639,2025-11-10,,,-2,6,-11990633430,,,,1
modify,0x9ed2b133457a9debb64997f932b15a0a81f61718e8a267a4b36fab7b960d788a,38004646,59,2025-11-10,,,-8,68,1292575181,,,,1
modify,0x9ed2b133457a9debb64997f932b15a0a81f61718e8a267a4b36fab7b960d788a,38004772,21,2025-11-10,,,12,18,62430909142,,,,1
modify,0x9ed2b133457a9debb64997f932b15a0a81f61718e8a267a4b36fab7b960d788a,38005411,15,2025-11-10,,,-34,66,59837440187,,,,1
modify,0x9ed2b133457a9debb64997f932b15a0a81f61718e8a267a4b36fab7b960d788a,38005598,31,2025-11-10,,,16,22,-88101606173,,,,1
modify,0x9ed2b133457a9debb64997f932b15a0a81f61718e8a267a4b36fab7b960d788a,38005718,13,2025-11-10,,,10,16,67907851570,,,,1
modify,0x9ed2b133457a9debb64997f932b15a0a81f61718e8a267a4b36fab7b960d788a,38006507,129,2025-11-10,,,0,22,1772839171113,,,,1
modify,0x9ed2b133457a9debb64997f932b15a0a81f61718e8a267a4b36fab7b960d788a,38006640,220,2025-11-10,,,0,22,46587039431,,,,1
modify,0x9ed2b133457a9debb64997f932b15a0a81f61718e8a267a4b36fab7b960d788a,38008495,808,2025-11-10,,,-6,14,-90898414248,,,,1
modify,0x9ed2b133457a9debb64997f932b15a0a81f61718e8a267a4b36fab7b960d788a,38012706,510,2025-11-10,,,14,16,0,,,,1
modify,0x9ed2b133457a9debb64997f932b15a0a81f61718e8a267a4b36fab7b960d788a,38012747,342,2025-11-10,,,14,16,-3240288285203,,,,1
modify,0x9ed2b133457a9debb64997f932b15a0a81f61718e8a267a4b36fab7b960d788a,38012978,94,2025-11-10,,,14,18,0,,,,1
modify,0x9ed2b133457a9debb64997f932b15a0a81f61718e8a267a4b36fab7b960d788a,38013121,130,2025-11-10,,,14,18,1528523773035,,,,1
modify,0x9ed2b133457a9debb64997f932b15a0a81f61718e8a267a4b36fab7b960d788a,38013398,341,2025-11-10,,,14,18,-926548112679,,,,1
modify,0x9ed2b133457a9debb64997f932b15a0a81f61718e8a267a4b36fab7b960d788a,38013418,822,2025-11-10,,,14,16,-1080096095068,,,,1
modify,0x9ed2b133457a9debb64997f932b15a0a81f61718e8a267a4b36fab7b960d788a,38013467,956,2025-11-10,,,14,18,1170507187514,,,,1
modify,0x9ed2b133457a9debb64997f932b15a0a81f61718e8a267a4b36fab7b960d788a,38019531,298,2025-11-10,,,14,18,0,,,,1
modify,0x9ed2b133457a9debb64997f932b15a0a81f61718e8a267a4b36fab7b960d788a,38019544,217,2025-11-10,,,14,18,-1349515480274,,,,1
modify,0x9ed2b133457a9debb64997f932b15a0a81f61718e8a267a4b36fab7b960d788a,38019692,762,2025-11-10,,,-36,64,9669570482,,,,1
modify,0x9ed2b133457a9debb64997f932b15a0a81f61718e8a267a4b36fab7b960d788a,38019825,582,2025-11-10,,,14,16,775804762498,,,,1
modify,0x9ed2b133457a9debb64997f932b15a0a81f61718e8a267a4b36fab7b960d788a,38019923,106,2025-11-10,,,14,16,1050692817214,,,,1
modify,0x9ed2b133457a9debb64997f932b15a0a81f61718e8a267a4b36fab7b960d788a,38019980,506,2025-11-10,,,14,16,885790785129,,,,1
modify,0x9ed2b133457a9debb64997f932b15a0a81f61718e8a267a4b36fab7b960d788a,38020373,751,2025-11-10,,,14,16,1336302525551,,,,1
price,0x9ed2b133457a9debb64997f932b15a0a81f61718e8a267a4b36fab7b960d788a,38025722,115,2025-11-10,,,,,,79291248198319128142565111642,15,18641843477539,3787
modify,0x9ed2b133457a9debb64997f932b15a0a81f61718e8a267a4b36fab7b960d788a,38031312,156,2025-11-11,,,14,18,0,,,,1
modify,0x9ed2b133457a9debb64997f932b15a0a81f61718e8a267a4b36fab7b960d788a,38031595,338,2025-11-11,,,14,18,-1349515480275,,,,1
modify,0x9ed2b133457a9debb64997f932b15a0a81f61718e8a267a4b36fab7b960d788a,38031715,337,2025-11-11,,,14,16,0,,,,1
modify,0x9ed2b133457a9debb64997f932b15a0a81f61718e8a267a4b36fab7b960d788a,38031799,241,2025-11-11,,,14,16,1631564522772,,,,1
modify,0x9ed2b133457a9debb64997f932b15a0a81f61718e8a267a4b36fab7b960d788a,38032986,627,2025-11-11,,,14,16,0,,,,1
modify,0x9ed2b133457a9debb64997f932b15a0a81f61718e8a267a4b36fab7b960d788a,38033535,196,2025-11-11,,,14,16,0,,,,1
modify,0x9ed2b133457a9debb64997f932b15a0a81f61718e8a267a4b36fab7b960d788a,38033878,229,2025-11-11,,,14,16,483912365957,,,,1
modify,0x9ed2b133457a9debb64997f932b15a0a81f61718e8a267a4b36fab7b960d788a,38034085,1863,2025-11-11,,,14,16,1126563924665,,,,1
modify,0x9ed2b133457a9debb64997f932b15a0a81f61718e8a267a4b36fab7b960d788a,38035871,225,2025-11-11,,,14,16,0,,,,1
modify,0x9ed2b133457a9debb64997f932b15a0a81f61718e8a267a4b36fab7b960d788a,38035911,784,2025-11-11,,,14,16,3999025745258,,,,1
modify,0x9ed2b133457a9debb64997f932b15a0a81f61718e8a267a4b36fab7b960d788a,38036581,712,2025-11-11,,,-34,66,-59837440187,,,,1
modify,0x9ed2b133457a9debb64997f932b15a0a81f61718e8a267a4b36fab7b960d788a,38040953,323,2025-11-11,,,14,16,279726161605644,,,,1
modify,0x9ed2b133457a9debb64997f932b15a0a81f61718e8a267a4b36fab7b960d788a,38041540,882,2025-11-11,,,14,16,0,,,,1
modify,0x9ed2b133457a9debb64997f932b15a0a81f61718e8a267a4b36fab7b960d788a,38041560,1718,2025-11-11,,,14,16,-279726161605644,,,,1
modify,0x9ed2b133457a9debb64997f932b15a0a81f61718e8a267a4b36fab7b960d788a,38043142,1234,2025-11-11,,,14,16,0,,,,1
modify,0x9ed2b133457a9debb64997f932b15a0a81f61718e8a267a4b36fab7b960d788a,38043153,123,2025-11-11,,,14,16,-11289657449044,,,,1
modify,0x9ed2b133457a9debb64997f932b15a0a81f61718e8a267a4b36fab7b960d788a,38043684,2724,2025-11-11,,,12,14,1556625219066,,,,1
modify,0x9ed2b133457a9debb64997f932b15a0a81f61718e8a267a4b36fab7b960d788a,38043768,384,2025-11-11,,,12,14,403630722611,,,,1
modify,0x9ed2b133457a9debb64997f932b15a0a81f61718e8a267a4b36fab7b960d788a,38043829,1605,2025-11-11,,,12,14,8692045154675,,,,1
modify,0x9ed2b133457a9debb64997f932b15a0a81f61718e8a267a4b36fab7b960d788a,38043952,857,2025-11-11,,,12,14,2728699368297,,,,1
modify,0x9ed2b133457a9debb64997f932b15a0a81f61718e8a267a4b36fab7b960d788a,38045612,47,2025-11-11,,,10,16,-67907851570,,,,1
modify,0x9ed2b133457a9debb64997f932b15a0a81f61718e8a267a4b36fab7b960d788a,38045653,4,2025-11-11,,,12,18,-184415087199,,,,1
modify,0x9ed2b133457a9debb64997f932b15a0a81f61718e8a267a4b36fab7b960d788a,38045670,178,2025-11-11,,,16,22,-88101606174,,,,1
modify,0x9ed2b133457a9debb64997f932b15a0a81f61718e8a267a4b36fab7b960d788a,38050172,1099,2025-11-11,,,10,14,-2098845372657,,,,1
modify,0x9ed2b133457a9debb64997f932b15a0a81f61718e8a267a4b36fab7b960d788a,38050202,499,2025-11-11,,,12,14,4430654278524,,,,1
modify,0x9ed2b133457a9debb64997f932b15a0a81f61718e8a267a4b36fab7b960d788a,38059535,837,2025-11-11,,,12,14,14508202529935,,,,1
modify,0x9ed2b133457a9debb64997f932b15a0a81f61718e8a267a4b36fab7b960d788a,38059611,62,2025-11-11,,,12,14,2713859386887,,,,1
modify,0x9ed2b133457a9debb64997f932b15a0a81f61718e8a267a4b36fab7b960d788a,38061143,417,2025-11-11,,,12,14,0,,,,1
modify,0x9ed2b133457a9debb64997f932b15a0a81f61718e8a267a4b36fab7b960d788a,38061154,848,2025-11-11,,,12,14,-5710372261486,,,,1
modify,0x9ed2b133457a9debb64997f932b15a0a81f61718e8a267a4b36fab7b960d788a,38062940,1262,2025-11-11,,,12,14,-19182317858499,,,,1
modify,0x9ed2b133457a9debb64997f932b15a0a81f61718e8a267a4b36fab7b960d788a,38064477,175,2025-11-11,,,4,24,192074925486,,,,1
modify,0x9ed2b133457a9debb64997f932b15a0a81f61718e8a267a4b36fab7b960d788a,38064500,72,2025-11-11,,,4,24,76385748643,,,,1
modify,0x9ed2b133457a9debb64997f932b15a0a81f61718e8a267a4b36fab7b960d788a,38064501,844,2025-11-11,,,12,14,1303756259662,,,,1
modify,0x9ed2b133457a9debb64997f932b15a0a81f61718e8a267a4b36fab7b960d788a,38064583,656,2025-11-11,,,12,14,720421271994,,,,1
price,0x9ed2b133457a9debb64997f932b15a0a81f61718e8a267a4b36fab7b960d788a,38068913,523,2025-11-11,,,,,,79282737121418418635671556966,13,19918057955154,3973
modify,0x9ed2b133457a9debb64997f932b15a0a81f61718e8a267a4b36fab7b960d788a,38088513,367,2025-11-12,,,12,14,0,,,,1
modify,0x9ed2b133457a9debb64997f932b15a0a81f61718e8a267a4b36fab7b960d788a,38088523,298,2025-11-12,,,12,14,-7734549793142,,,,1
modify,0x9ed2b133457a9debb64997f932b15a0a81f61718e8a267a4b36fab7b960d788a,38089610,455,2025-11-12,,,-2,20,898090754702,,,,1
modify,0x9ed2b133457a9debb64997f932b15a0a81f61718e8a267a4b36fab7b960d788a,38089744,170,2025-11-12,,,-2,20,132841951260,,,,1
modify,0x9ed2b133457a9debb64997f932b15a0a81f61718e8a267a4b36fab7b960d788a,38093048,58,2025-11-12,,,4,24,-268460674129,,,,1
modify,0x9ed2b133457a9debb64997f932b15a0a81f61718e8a267a4b36fab7b960d788a,38093352,339,2025-11-12,,,4,24,4458268104967,,,,1
modify,0x9ed2b133457a9debb64997f932b15a0a81f61718e8a267a4b36fab7b960d788a,38093537,820,2025-11-12,,,12,14,4850527322718,,,,1
modify,0x9ed2b133457a9debb64997f932b15a0a81f61718e8a267a4b36fab7b960d788a,38093782,89,2025-11-12,,,12,14,2275680135775,,,,1
modify,0x9ed2b133457a9debb64997f932b15a0a81f61718e8a267a4b36fab7b960d788a,38098147,93,2025-11-12,,,12,14,-1329196283557,,,,1
modify,0x9ed2b133457a9debb64997f932b15a0a81f61718e8a267a4b36fab7b960d788a,38102021,369,2025-11-12,,,4,22,74476425177,,,,1
modify,0x9ed2b133457a9debb64997f932b15a0a81f61718e8a267a4b36fab7b960d788a,38104185,585,2025-11-12,,,12,14,2900346785348,,,,1
modify,0x9ed2b133457a9debb64997f932b15a0a81f61718e8a267a4b36fab7b960d788a,38105405,505,2025-11-12,,,12,14,1025651915741,,,,1
modify,0x9ed2b133457a9debb64997f932b15a0a81f61718e8a267a4b36fab7b960d788a,38105581,131,2025-11-12,,,12,14,1117863872169,,,,1
modify,0x9ed2b133457a9debb64997f932b15a0a81f61718e8a267a4b36fab7b960d788a,38105712,599,2025-11-12,,,12,14,366486516389,,,,1
modify,0x9ed2b133457a9debb64997f932b15a0a81f61718e8a267a4b36fab7b960d788a,38108482,415,2025-11-12,,,12,16,2501822544043,,,,1
modify,0x9ed2b133457a9debb64997f932b15a0a81f61718e8a267a4b36fab7b960d788a,38108564,1454,2025-11-12,,,12,16,76041485,,,,1
price,0x9ed2b133457a9debb64997f932b15a0a81f61718e8a267a4b36fab7b960d788a,38112110,516,2025-11-12,,,,,,79282720000702511865384476247,13,31187983574100,4057
modify,0x9ed2b133457a9debb64997f932b15a0a81f61718e8a267a4b36fab7b960d788a,38119429,4,2025-11-13,,,4,24,71073342253,,,,1
modify,0x9ed2b133457a9debb64997f932b15a0a81f61718e8a267a4b36fab7b960d788a,38126105,332,2025-11-13,,,12,14,-3101457994967,,,,1
modify,0x9ed2b133457a9debb64997f932b15a0a81f61718e8a267a4b36fab7b960d788a,38126123,76,2025-11-13,,,14,16,-5447183518557,,,,1
modify,0x9ed2b133457a9debb64997f932b15a0a81f61718e8a267a4b36fab7b960d788a,38126136,1184,2025-11-13,,,16,28,-400460235737,,,,1
modify,0x9ed2b133457a9debb64997f932b15a0a81f61718e8a267a4b36fab7b960d788a,38130683,328,2025-11-13,,,0,22,-1819426210544,,,,1
modify,0x9ed2b133457a9debb64997f932b15a0a81f61718e8a267a4b36fab7b960d788a,38135165,174,2025-11-13,,,12,14,-7126207458493,,,,1
modify,0x9ed2b133457a9debb64997f932b15a0a81f61718e8a267a4b36fab7b960d788a,38135280,239,2025-11-13,,,12,14,-5410349089647,,,,1
modify,0x9ed2b133457a9debb64997f932b15a0a81f61718e8a267a4b36fab7b960d788a,38150837,718,2025-11-13,,,0,18,-4571301950169,,,,1
price,0x9ed2b133457a9debb64997f932b15a0a81f61718e8a267a4b36fab7b960d788a,38155317,621,2025-11-13,,,,,,79282258162010843070165532772,13,9230314212533,3919
modify,0x9ed2b133457a9debb64997f932b15a0a81f61718e8a267a4b36fab7b960d788a,38170770,1814,2025-11-14,,,4,24,-4458268104967,,,,1
modify,0x9ed2b133457a9debb64997f932b15a0a81f61718e8a267a4b36fab7b960d788a,38196207,1387,2025-11-14,,,12,14,145024006967935,,,,1
modify,0x9ed2b133457a9debb64997f932b15a0a81f61718e8a267a4b36fab7b960d788a,38196328,45,2025-11-14,,,12,14,173313986030875,,,,1
modify,0x9ed2b133457a9debb64997f932b15a0a81f61718e8a267a4b36fab7b960d788a,38196389,508,2025-11-14,,,12,14,165625302868679,,,,1
modify,0x9ed2b133457a9debb64997f932b15a0a81f61718e8a267a4b36fab7b960d788a,38196445,17,2025-11-14,,,12,14,12909465486630,,,,1
price,0x9ed2b133457a9debb64997f932b15a0a81f61718e8a267a4b36fab7b960d788a,38198524,868,2025-11-14,,,,,,79281634945680321374073090446,13,501644807461685,4016
modify,0x9ed2b133457a9debb64997f932b15a0a81f61718e8a267a4b36fab7b960d788a,38207987,1475,2025-11-15,,,-2,18,-85474321848,,,,1
modify,0x9ed2b133457a9debb64997f932b15a0a81f61718e8a267a4b36fab7b960d788a,38219818,7,2025-11-15,,,4,22,-74476425177,,,,1
modify,0x9ed2b133457a9debb64997f932b15a0a81f61718e8a267a4b36fab7b960d788a,38238569,679,2025-11-15,,,12,16,-2501898585528,,,,1
price,0x9ed2b133457a9debb64997f932b15a0a81f61718e8a267a4b36fab7b960d788a,38241653,1291,2025-11-15,,,,,,79256909839598298538159516064,7,18028226373281,4322
price,0x9ed2b133457a9debb64997f932b15a0a81f61718e8a267a4b36fab7b960d788a,38284844,118,2025-11-16,,,,,,79257530956931980351864611613,7,18028226373281,1981
modify,0x9ed2b133457a9debb64997f932b15a0a81f61718e8a267a4b36fab7b960d788a,38304143,1211,2025-11-17,,,12,14,-496872761354119,,,,1
modify,0x9ed2b133457a9debb64997f932b15a0a81f61718e8a267a4b36fab7b960d788a,38317923,11,2025-11-17,,,-8,68,-646287590,,,,1
price,0x9ed2b133457a9debb64997f932b15a0a81f61718e8a267a4b36fab7b960d788a,38328090,616,2025-11-17,,,,,,79281289650166979365863662323,13,2109550487423,1354
modify,0x9ed2b133457a9debb64997f932b15a0a81f61718e8a267a4b36fab7b960d788a,38337905,146,2025-11-18,,,4,24,-71073342253,,,,1
price,0x9ed2b133457a9debb64997f932b15a0a81f61718e8a267a4b36fab7b960d788a,38371315,254,2025-11-18,,,,,,79281559820248504401868875611,13,2038477145170,1539
modify,0x9ed2b133457a9debb64997f932b15a0a81f61718e8a267a4b36fab7b960d788a,38404865,872,2025-11-19,,,-36,64,-592653857818,,,,1
price,0x9ed2b133457a9debb64997f932b15a0a81f61718e8a267a4b36fab7b960d788a,38414525,1062,2025-11-19,,,,,,79314481291435672672450226625,21,17728714324,1973
modify,0x9ed2b133457a9debb64997f932b15a0a81f61718e8a267a4b36fab7b960d788a,38436375,570,2025-11-20,,,-2,20,0,,,,1
modify,0x9ed2b133457a9debb64997f932b15a0a81f61718e8a267a4b36fab7b960d788a,38436388,945,2025-11-20,,,-2,20,-1030932705962,,,,1
price,0x9ed2b133457a9debb64997f932b15a0a81f61718e8a267a4b36fab7b960d788a,38457725,643,2025-11-20,,,,,,79309072402382987057018589234,20,17728714324,458
price,0x9ed2b133457a9debb64997f932b15a0a81f61718e8a267a4b36fab7b960d788a,38500349,157,2025-11-21,,,,,,79316888331438941250881917870,22,17728714324,304
modify,0x9ed2b133457a9debb64997f932b15a0a81f61718e8a267a4b36fab7b960d788a,38508330,369,2025-11-22,,,12,32,1188019561409,,,,1
modify,0x9ed2b133457a9debb64997f932b15a0a81f61718e8a267a4b36fab7b960d788a,38508588,159,2025-11-22,,,12,32,-1140498778952,,,,1
modify,0x9ed2b133457a9debb64997f932b15a0a81f61718e8a267a4b36fab7b960d788a,38517842,136,2025-11-22,,,6,16,-397161867066,,,,1
price,0x9ed2b133457a9debb64997f932b15a0a81f61718e8a267a4b36fab7b960d788a,38544028,531,2025-11-22,,,,,,79341989321629057035509278167,28,65249496781,263
modify,0x9ed2b133457a9debb64997f932b15a0a81f61718e8a267a4b36fab7b960d788a,38580543,933,2025-11-23,,,-40,60,-1199435191,,,,1
price,0x9ed2b133457a9debb64997f932b15a0a81f61718e8a267a4b36fab7b960d788a,38587171,756,2025-11-23,,,,,,79347209621290027239375747879,30,64050061590,376
price,0x9ed2b133457a9debb64997f932b15a0a81f61718e8a267a4b36fab7b960d788a,38630341,19,2025-11-24,,,,,,79346664042512275833674263597,29,64050061590,371
price,0x9ed2b133457a9debb64997f932b15a0a81f61718e8a267a4b36fab7b960d788a,38673522,437,2025-11-25,,,,,,79284918948732122789280711367,14,64050061590,346
price,0x9ed2b133457a9debb64997f932b15a0a81f61718e8a267a4b36fab7b960d788a,38716914,1345,2025-11-26,,,,,,79281467993557835747394703612,13,64050061590,321
price,0x9ed2b133457a9debb64997f932b15a0a81f61718e8a267a4b36fab7b960d788a,38760069,298,2025-11-27,,,,,,79289105598811428867073769862,15,64050061590,504
price,0x9ed2b133457a9debb64997f932b15a0a81f61718e8a267a4b36fab7b960d788a,38803313,322,2025-11-28,,,,,,79286227604588886664731809331,14,64050061590,445
price,0x9ed2b133457a9debb64997f932b15a0a81f61718e8a267a4b36fab7b960d788a,38845260,52,2025-11-29,,,,,,79285420219986715113656956484,14,64050061590,302
modify,0x9ed2b133457a9debb64997f932b15a0a81f61718e8a267a4b36fab7b960d788a,38876285,91,2025-11-30,,,-6,8,-15615144854789,,,,1
price,0x9ed2b133457a9debb64997f932b15a0a81f61718e8a267a4b36fab7b960d788a,38889696,61,2025-11-30,,,,,,79287537644916520132412614854,14,64050061590,310
price,0x9ed2b133457a9debb64997f932b15a0a81f61718e8a267a4b36fab7b960d788a,38932255,196,2025-12-01,,,,,,79287226678413288058785212879,14,64050061590,315
modify,0x9ed2b133457a9debb64997f932b15a0a81f61718e8a267a4b36fab7b960d788a,38937075,13,2025-12-02,,,-8,12,-302884743479,,,,1
price,0x9ed2b133457a9debb64997f932b15a0a81f61718e8a267a4b36fab7b960d788a,38976107,33,2025-12-02,,,,,,79285436247470831097223850226,14,64050061590,292
price,0x9ed2b133457a9debb64997f932b15a0a81f61718e8a267a4b36fab7b960d788a,39019229,1810,2025-12-03,,,,,,79282562980438516775850839045,13,64050061590,390
price,0x9ed2b133457a9debb64997f932b15a0a81f61718e8a267a4b36fab7b960d788a,39062366,199,2025-12-04,,,,,,79284651535358599686647411839,14,64050061590,325
price,0x9ed2b133457a9debb64997f932b15a0a81f61718e8a267a4b36fab7b960d788a,39105677,78,2025-12-05,,,,,,79283387942623607709258545918,13,64050061590,265
price,0x9ed2b133457a9debb64997f932b15a0a81f61718e8a267a4b36fab7b960d788a,39148648,176,2025-12-06,,,,,,79284406930820913479423740088,14,64050061590,275
price,0x9ed2b133457a9debb64997f932b15a0a81f61718e8a267a4b36fab7b960d788a,39192105,842,2025-12-07,,,,,,79280142645936929843747707453,13,64050061590,228
price,0x9ed2b133457a9debb64997f932b15a0a81f61718e8a267a4b36fab7b960d788a,39235277,294,2025-12-08,,,,,,79278440536702158640185997734,12,64050061590,321
price,0x9ed2b133457a9debb64997f932b15a0a81f61718e8a267a4b36fab7b960d788a,39276133,757,2025-12-09,,,,,,79268599147984586210947881589,10,16529279133,148
price,0x9ed2b133457a9debb64997f932b15a0a81f61718e8a267a4b36fab7b960d788a,39321282,681,2025-12-10,,,,,,79268890916638303250266673187,10,16529279133,124
price,0x9ed2b133457a9debb64997f932b15a0a81f61718e8a267a4b36fab7b960d788a,39364924,410,2025-12-11,,,,,,79271972549841590387787374174,11,16529279133,97
price,0x9ed2b133457a9debb64997f932b15a0a81f61718e8a267a4b36fab7b960d788a,39406148,692,2025-12-12,,,,,,79270301413439455858433935063,10,16529279133,81
price,0x9ed2b133457a9debb64997f932b15a0a81f61718e8a267a4b36fab7b960d788a,39451158,338,2025-12-13,,,,,,79273298908519307405905555063,11,16529279133,230
price,0x9ed2b133457a9debb64997f932b15a0a81f61718e8a267a4b36fab7b960d788a,39493050,624,2025-12-14,,,,,,79272782065705838786248462671,11,16529279133,101
modify,0x9ed2b133457a9debb64997f932b15a0a81f61718e8a267a4b36fab7b960d788a,39532791,9,2025-12-15,,,-2,70,-3062163573,,,,1
modify,0x9ed2b133457a9debb64997f932b15a0a81f61718e8a267a4b36fab7b960d788a,39533149,8,2025-12-15,,,-2,70,-3062163574,,,,1
price,0x9ed2b133457a9debb64997f932b15a0a81f61718e8a267a4b36fab7b960d788a,39537490,381,2025-12-15,,,,,,79267770354588819358120321208,9,10404951986,144
price,0x9ed2b133457a9debb64997f932b15a0a81f61718e8a267a4b36fab7b960d788a,39579618,950,2025-12-16,,,,,,79270640080710273090317564604,10,10404951986,75
price,0x9ed2b133457a9debb64997f932b15a0a81f61718e8a267a4b36fab7b960d788a,39622802,236,2025-12-17,,,,,,79267750955572100013895491822,9,10404951986,48
price,0x9ed2b133457a9debb64997f932b15a0a81f61718e8a267a4b36fab7b960d788a,39666676,210,2025-12-18,,,,,,79268105543021851305828386370,10,10404951986,52
price,0x9ed2b133457a9debb64997f932b15a0a81f61718e8a267a4b36fab7b960d788a,39709552,407,2025-12-19,,,,,,79268032785221082437590595429,10,10404951986,54
price,0x9ed2b133457a9debb64997f932b15a0a81f61718e8a267a4b36fab7b960d788a,39753057,464,2025-12-20,,,,,,79270813268531039122858461053,10,10404951986,64
price,0x9ed2b133457a9debb64997f932b15a0a81f61718e8a267a4b36fab7b960d788a,39796882,395,2025-12-21,,,,,,79265938545705579852818790227,9,10404951986,66
price,0x9ed2b133457a9debb64997f932b15a0a81f61718e8a267a4b36fab7b960d788a,39838125,1485,2025-12-22,,,,,,79270331537474575515030882436,10,10404951986,40
price,0x9ed2b133457a9debb64997f932b15a0a81f61718e8a267a4b36fab7b960d788a,39882770,371,2025-12-23,,,,,,79270894100173618903350689356,10,10404951986,76
price,0x9ed2b133457a9debb64997f932b15a0a81f61718e8a267a4b36fab7b960d788a,39926460,50,2025-12-24,,,,,,79270469534430397298380747196,10,10404951986,69
price,0x9ed2b133457a9debb64997f932b15a0a81f61718e8a267a4b36fab7b960d788a,39969468,482,2025-12-25,,,,,,79267111430376743461638603658,9,10404951986,146
modify,0x9ed2b133457a9debb64997f932b15a0a81f61718e8a267a4b36fab7b960d788a,39997044,801,2025-12-26,,,-8,68,-646287591,,,,1
price,0x9ed2b133457a9debb64997f932b15a0a81f61718e8a267a4b36fab7b960d788a,40011558,11,2025-12-26,,,,,,79269975106550286787652144654,10,9758664395,42
price,0x9ed2b133457a9debb64997f932b15a0a81f61718e8a267a4b36fab7b960d788a,40055217,466,2025-12-27,,,,,,79268988418555748097703706138,10,9758664395,31
price,0x9ed2b133457a9debb64997f932b15a0a81f61718e8a267a4b36fab7b960d788a,40097465,51,2025-12-28,,,,,,79269200402265562729490536872,10,9758664395,38
price,0x9ed2b133457a9debb64997f932b15a0a81f61718e8a267a4b36fab7b960d788a,40141111,1022,2025-12-29,,,,,,79271758718264081287480735672,11,9758664395,40
price,0x9ed2b133457a9debb64997f932b15a0a81f61718e8a267a4b36fab7b960d788a,40180961,142,2025-12-30,,,,,,79272217008416612184239326084,11,9758664395,174
price,0x9ed2b133457a9debb64997f932b15a0a81f61718e8a267a4b36fab7b960d788a,40228902,183,2025-12-31,,,,,,79281994316927046842396343488,13,57279446852,367
price,0x9ed2b133457a9debb64997f932b15a0a81f61718e8a267a4b36fab7b960d788a,40272113,708,2026-01-01,,,,,,79288703051274491903871997017,15,57279446852,186
price,0x9ed2b133457a9debb64997f932b15a0a81f61718e8a267a4b36fab7b960d788a,40315035,615,2026-01-02,,,,,,79285465124317509807822189253,14,57279446852,116
price,0x9ed2b133457a9debb64997f932b15a0a81f61718e8a267a4b36fab7b960d788a,40358024,740,2026-01-03,,,,,,79284567681293706014083747371,14,57279446852,155
price,0x9ed2b133457a9debb64997f932b15a0a81f61718e8a267a4b36fab7b960d788a,40401034,875,2026-01-04,,,,,,79288272081184952467103031405,15,57279446852,234
price,0x9ed2b133457a9debb64997f932b15a0a81f61718e8a267a4b36fab7b960d788a,40444911,54,2026-01-05,,,,,,79288719808876899476805645964,15,57279446852,417
price,0x9ed2b133457a9debb64997f932b15a0a81f61718e8a267a4b36fab7b960d788a,40487984,124,2026-01-06,,,,,,79281190575813152175117151009,13,57279446852,404
price,0x9ed2b133457a9debb64997f932b15a0a81f61718e8a267a4b36fab7b960d788a,40531300,15,2026-01-07,,,,,,79284825407370095007124297601,14,57279446852,405
price,0x9ed2b133457a9debb64997f932b15a0a81f61718e8a267a4b36fab7b960d788a,40574423,505,2026-01-08,,,,,,79282498716117973613091361888,13,57279446852,374
price,0x9ed2b133457a9debb64997f932b15a0a81f61718e8a267a4b36fab7b960d788a,40617484,317,2026-01-09,,,,,,79283070326621987672987046791,13,57279446852,310
price,0x9ed2b133457a9debb64997f932b15a0a81f61718e8a267a4b36fab7b960d788a,40660600,399,2026-01-10,,,,,,79282272402377301298061970216,13,57279446852,948
price,0x9ed2b133457a9debb64997f932b15a0a81f61718e8a267a4b36fab7b960d788a,40703986,1061,2026-01-11,,,,,,79287960313790628455842044787,15,57279446852,410
price,0x9ed2b133457a9debb64997f932b15a0a81f61718e8a267a4b36fab7b960d788a,40746152,691,2026-01-12,,,,,,79284709693287973607938563613,14,57279446852,156
price,0x9ed2b133457a9debb64997f932b15a0a81f61718e8a267a4b36fab7b960d788a,40789462,265,2026-01-13,,,,,,79284134515212615161941251397,14,57279446852,187
price,0x9ed2b133457a9debb64997f932b15a0a81f61718e8a267a4b36fab7b960d788a,40833273,433,2026-01-14,,,,,,79283508874307157837548374338,13,57279446852,154
price,0x9ed2b133457a9debb64997f932b15a0a81f61718e8a267a4b36fab7b960d788a,40876920,814,2026-01-15,,,,,,79285718591282633847125986569,14,57279446852,83
price,0x9ed2b133457a9debb64997f932b15a0a81f61718e8a267a4b36fab7b960d788a,40919028,876,2026-01-16,,,,,,79281689045854185927537674651,13,57279446852,104
price,0x9ed2b133457a9debb64997f932b15a0a81f61718e8a267a4b36fab7b960d788a,40962317,523,2026-01-17,,,,,,79279721371202970140114685155,13,57279446852,110
price,0x9ed2b133457a9debb64997f932b15a0a81f61718e8a267a4b36fab7b960d788a,41006102,1316,2026-01-18,,,,,,79283435095861899391523882764,13,57279446852,118
price,0x9ed2b133457a9debb64997f932b15a0a81f61718e8a267a4b36fab7b960d788a,41049633,429,2026-01-19,,,,,,79279211969707214625801863401,12,57279446852,156
price,0x9ed2b133457a9debb64997f932b15a0a81f61718e8a267a4b36fab7b960d788a,41091429,522,2026-01-20,,,,,,79283533580703880494580550697,13,57279446852,170
price,0x9ed2b133457a9debb64997f932b15a0a81f61718e8a267a4b36fab7b960d788a,41135497,678,2026-01-21,,,,,,79284288689133476925683273742,14,57279446852,95
price,0x9ed2b133457a9debb64997f932b15a0a81f61718e8a267a4b36fab7b960d788a,41178300,651,2026-01-22,,,,,,79286977672219038181132693942,14,57279446852,159
modify,0x9ed2b133457a9debb64997f932b15a0a81f61718e8a267a4b36fab7b960d788a,41186693,48,2026-01-23,,,-100,100,-9753392394,,,,1
price,0x9ed2b133457a9debb64997f932b15a0a81f61718e8a267a4b36fab7b960d788a,41222251,1471,2026-01-23,,,,,,79285517873922635958786153775,14,47526054458,148
price,0x9ed2b133457a9debb64997f932b15a0a81f61718e8a267a4b36fab7b960d788a,41263027,675,2026-01-24,,,,,,79285038661616340537273475797,14,47526054458,101
price,0x9ed2b133457a9debb64997f932b15a0a81f61718e8a267a4b36fab7b960d788a,41308817,76,2026-01-25,,,,,,79285791777443578410718309909,14,47526054458,164
price,0x9ed2b133457a9debb64997f932b15a0a81f61718e8a267a4b36fab7b960d788a,41351991,72,2026-01-26,,,,,,79281350784181630633179234234,13,47526054458,163
price,0x9ed2b133457a9debb64997f932b15a0a81f61718e8a267a4b36fab7b960d788a,41394872,698,2026-01-27,,,,,,79279388186738867484542965211,12,47526054458,101
price,0x9ed2b133457a9debb64997f932b15a0a81f61718e8a267a4b36fab7b960d788a,41438178,106,2026-01-28,,,,,,79281471622362892099244185902,13,47526054458,138
modify,0x9ed2b133457a9debb64997f932b15a0a81f61718e8a267a4b36fab7b960d788a,41445943,654,2026-01-29,,,10,16,1127770503477,,,,1
modify,0x9ed2b133457a9debb64997f932b15a0a81f61718e8a267a4b36fab7b960d788a,41446259,593,2026-01-29,,,10,16,149932120897,,,,1
modify,0x9ed2b133457a9debb64997f932b15a0a81f61718e8a267a4b36fab7b960d788a,41460925,36,2026-01-29,,,10,16,97089829196,,,,1
modify,0x9ed2b133457a9debb64997f932b15a0a81f61718e8a267a4b36fab7b960d788a,41464936,74,2026-01-29,,,8,18,2045718324762,,,,1
modify,0x9ed2b133457a9debb64997f932b15a0a81f61718e8a267a4b36fab7b960d788a,41465134,454,2026-01-29,,,8,18,883830598874,,,,1
modify,0x9ed2b133457a9debb64997f932b15a0a81f61718e8a267a4b36fab7b960d788a,41465254,31,2026-01-29,,,8,18,119327388901,,,,1
modify,0x9ed2b133457a9debb64997f932b15a0a81f61718e8a267a4b36fab7b960d788a,41465544,1198,2026-01-29,,,8,18,25079352947,,,,1
modify,0x9ed2b133457a9debb64997f932b15a0a81f61718e8a267a4b36fab7b960d788a,41465679,422,2026-01-29,,,12,16,4593480161712,,,,1
price,0x9ed2b133457a9debb64997f932b15a0a81f61718e8a267a4b36fab7b960d788a,41481673,724,2026-01-29,,,,,,79281395588983265392358419147,13,9089754335224,1008
modify,0x9ed2b133457a9debb64997f932b15a0a81f61718e8a267a4b36fab7b960d788a,41496249,1412,2026-01-30,,,10,16,-1374792453570,,,,1
modify,0x9ed2b133457a9debb64997f932b15a0a81f61718e8a267a4b36fab7b960d788a,41496339,1534,2026-01-30,,,12,14,2882148967798,,,,1
modify,0x9ed2b133457a9debb64997f932b15a0a81f61718e8a267a4b36fab7b960d788a,41496504,898,2026-01-30,,,12,14,-2882148967798,,,,1
modify,0x9ed2b133457a9debb64997f932b15a0a81f61718e8a267a4b36fab7b960d788a,41496969,1013,2026-01-30,,,12,14,2767772731521,,,,1
modify,0x9ed2b133457a9debb64997f932b15a0a81f61718e8a267a4b36fab7b960d788a,41497483,994,2026-01-30,,,12,16,7727092152207,,,,1
modify,0x9ed2b133457a9debb64997f932b15a0a81f61718e8a267a4b36fab7b960d788a,41497509,53,2026-01-30,,,12,16,1937303374881,,,,1
modify,0x9ed2b133457a9debb64997f932b15a0a81f61718e8a267a4b36fab7b960d788a,41498032,2,2026-01-30,,,12,14,1336532130298,,,,1
modify,0x9ed2b133457a9debb64997f932b15a0a81f61718e8a267a4b36fab7b960d788a,41498214,670,2026-01-30,,,12,16,505796772169,,,,1
modify,0x9ed2b133457a9debb64997f932b15a0a81f61718e8a267a4b36fab7b960d788a,41503909,236,2026-01-30,,,12,16,-610211537955,,,,1
modify,0x9ed2b133457a9debb64997f932b15a0a81f61718e8a267a4b36fab7b960d788a,41506421,521,2026-01-30,,,4,24,473316046551,,,,1
modify,0x9ed2b133457a9debb64997f932b15a0a81f61718e8a267a4b36fab7b960d788a,41517957,1436,2026-01-30,,,12,14,5744752944908,,,,1
price,0x9ed2b133457a9debb64997f932b15a0a81f61718e8a267a4b36fab7b960d788a,41524890,1963,2026-01-30,,,,,,79281401323643395345635412081,13,27597316496234,2435
modify,0x9ed2b133457a9debb64997f932b15a0a81f61718e8a267a4b36fab7b960d788a,41526075,737,2026-01-31,,,12,16,33305467715033,,,,1
modify,0x9ed2b133457a9debb64997f932b15a0a81f61718e8a267a4b36fab7b960d788a,41544731,568,2026-01-31,,,12,16,-286799422839,,,,1
modify,0x9ed2b133457a9debb64997f932b15a0a81f61718e8a267a4b36fab7b960d788a,41547880,873,2026-01-31,,,12,16,-463659066923,,,,1
modify,0x9ed2b133457a9debb64997f932b15a0a81f61718e8a267a4b36fab7b960d788a,41555583,197,2026-01-31,,,12,16,581582614581,,,,1
modify,0x9ed2b133457a9debb64997f932b15a0a81f61718e8a267a4b36fab7b960d788a,41557362,35,2026-01-31,,,8,18,6016898884,,,,1
modify,0x9ed2b133457a9debb64997f932b15a0a81f61718e8a267a4b36fab7b960d788a,41557458,1563,2026-01-31,,,8,18,900226528,,,,1
price,0x9ed2b133457a9debb64997f932b15a0a81f61718e8a267a4b36fab7b960d788a,41568125,433,2026-01-31,,,,,,79279046835263732656533399335,12,60740825461498,3119
modify,0x9ed2b133457a9debb64997f932b15a0a81f61718e8a267a4b36fab7b960d788a,41586793,1425,2026-02-01,,,12,16,-2347776221530,,,,1
modify,0x9ed2b133457a9debb64997f932b15a0a81f61718e8a267a4b36fab7b960d788a,41592094,551,2026-02-01,,,12,16,1307797157861,,,,1
modify,0x9ed2b133457a9debb64997f932b15a0a81f61718e8a267a4b36fab7b960d788a,41608721,621,2026-02-01,,,10,16,46152152698583,,,,1
price,0x9ed2b133457a9debb64997f932b15a0a81f61718e8a267a4b36fab7b960d788a,41611310,154,2026-02-01,,,,,,79280315032735553677509400875,13,105852999096412,2958
modify,0x9ed2b133457a9debb64997f932b15a0a81f61718e8a267a4b36fab7b960d788a,41628449,788,2026-02-02,,,4,24,-473316046551,,,,1
modify,0x9ed2b133457a9debb64997f932b15a0a81f61718e8a267a4b36fab7b960d788a,41629128,568,2026-02-02,,,12,14,-1313377555782,,,,1
modify,0x9ed2b133457a9debb64997f932b15a0a81f61718e8a267a4b36fab7b960d788a,41633218,61,2026-02-02,,,12,16,846599489709,,,,1
modify,0x9ed2b133457a9debb64997f932b15a0a81f61718e8a267a4b36fab7b960d788a,41633307,597,2026-02-02,,,12,16,-275931759364,,,,1
modify,0x9ed2b133457a9debb64997f932b15a0a81f61718e8a267a4b36fab7b960d788a,41633522,49,2026-02-02,,,12,16,268523005156,,,,1
price,0x9ed2b133457a9debb64997f932b15a0a81f61718e8a267a4b36fab7b960d788a,41654315,968,2026-02-02,,,,,,79280927842738132797142268107,13,104905496229580,2195
modify,0x9ed2b133457a9debb64997f932b15a0a81f61718e8a267a4b36fab7b960d788a,41664488,1839,2026-02-03,,,12,14,388897496633,,,,1
modify,0x9ed2b133457a9debb64997f932b15a0a81f61718e8a267a4b36fab7b960d788a,41681609,711,2026-02-03,,,12,16,0,,,,1
price,0x9ed2b133457a9debb64997f932b15a0a81f61718e8a267a4b36fab7b960d788a,41697724,1354,2026-02-03,,,,,,79281031674814556274649255427,13,105294393726213,2500
modify,0x9ed2b133457a9debb64997f932b15a0a81f61718e8a267a4b36fab7b960d788a,41698267,1001,2026-02-04,,,8,18,1583121138237,,,,1
modify,0x9ed2b133457a9debb64997f932b15a0a81f61718e8a267a4b36fab7b960d788a,41698454,180,2026-02-04,,,8,18,417271090463,,,,1
modify,0x9ed2b133457a9debb64997f932b15a0a81f61718e8a267a4b36fab7b960d788a,41720409,1334,2026-02-04,,,12,16,-275709496738,,,,1
modify,0x9ed2b133457a9debb64997f932b15a0a81f61718e8a267a4b36fab7b960d788a,41726793,636,2026-02-04,,,12,16,-445730353060,,,,1
modify,0x9ed2b133457a9debb64997f932b15a0a81f61718e8a267a4b36fab7b960d788a,41730061,88,2026-02-04,,,12,16,-4593480161712,,,,1
modify,0x9ed2b133457a9debb64997f932b15a0a81f61718e8a267a4b36fab7b960d788a,41730076,739,2026-02-04,,,12,14,-5744752944908,,,,1
modify,0x9ed2b133457a9debb64997f932b15a0a81f61718e8a267a4b36fab7b960d788a,41730198,106,2026-02-04,,,16,20,8420147238773,,,,1
modify,0x9ed2b133457a9debb64997f932b15a0a81f61718e8a267a4b36fab7b960d788a,41732816,17,2026-02-04,,,10,16,-46152152698583,,,,1
modify,0x9ed2b133457a9debb64997f932b15a0a81f61718e8a267a4b36fab7b960d788a,41737173,31,2026-02-04,,,12,16,-8468876708155,,,,1
modify,0x9ed2b133457a9debb64997f932b15a0a81f61718e8a267a4b36fab7b960d788a,41737334,341,2026-02-04,,,14,22,4248923117758,,,,1
price,0x9ed2b133457a9debb64997f932b15a0a81f61718e8a267a4b36fab7b960d788a,41740922,541,2026-02-04,,,,,,79303932846391355173634661664,19,12716596410989,1979
modify,0x9ed2b133457a9debb64997f932b15a0a81f61718e8a267a4b36fab7b960d788a,41751634,7,2026-02-05,,,8,18,-2051735223646,,,,1
modify,0x9ed2b133457a9debb64997f932b15a0a81f61718e8a267a4b36fab7b960d788a,41752207,786,2026-02-05,,,8,18,-1029137567250,,,,1
modify,0x9ed2b133457a9debb64997f932b15a0a81f61718e8a267a4b36fab7b960d788a,41754626,225,2026-02-05,,,12,14,-3179824802670,,,,1
modify,0x9ed2b133457a9debb64997f932b15a0a81f61718e8a267a4b36fab7b960d788a,41761755,162,2026-02-05,,,14,22,-212446155887,,,,1
modify,0x9ed2b133457a9debb64997f932b15a0a81f61718e8a267a4b36fab7b960d788a,41769759,1196,2026-02-05,,,14,22,-4036476961871,,,,1
modify,0x9ed2b133457a9debb64997f932b15a0a81f61718e8a267a4b36fab7b960d788a,41770397,774,2026-02-05,,,16,20,-8420147238773,,,,1
modify,0x9ed2b133457a9debb64997f932b15a0a81f61718e8a267a4b36fab7b960d788a,41772936,410,2026-02-05,,,18,32,2355976342308,,,,1
modify,0x9ed2b133457a9debb64997f932b15a0a81f61718e8a267a4b36fab7b960d788a,41780241,734,2026-02-05,,,138,158,1505851069727,,,,1
modify,0x9ed2b133457a9debb64997f932b15a0a81f61718e8a267a4b36fab7b960d788a,41780253,1306,2026-02-05,,,138,158,-1505851069727,,,,1
modify,0x9ed2b133457a9debb64997f932b15a0a81f61718e8a267a4b36fab7b960d788a,41780292,675,2026-02-05,,,26,38,2345106302380,,,,1
modify,0x9ed2b133457a9debb64997f932b15a0a81f61718e8a267a4b36fab7b960d788a,41780409,896,2026-02-05,,,26,38,-2345106302380,,,,1
price,0x9ed2b133457a9debb64997f932b15a0a81f61718e8a267a4b36fab7b960d788a,41780823,119,2026-02-05,,,,,,79819126738773057512385424072,148,5272001,2348
modify,0x9ed2b133457a9debb64997f932b15a0a81f61718e8a267a4b36fab7b960d788a,41788507,1690,2026-02-06,,,12,16,-33305467715033,,,,1
modify,0x9ed2b133457a9debb64997f932b15a0a81f61718e8a267a4b36fab7b960d788a,41790392,746,2026-02-06,,,8,18,-1583121138237,,,,1
modify,0x9ed2b133457a9debb64997f932b15a0a81f61718e8a267a4b36fab7b960d788a,41790661,225,2026-02-06,,,8,18,-208635545231,,,,1
modify,0x9ed2b133457a9debb64997f932b15a0a81f61718e8a267a4b36fab7b960d788a,41790746,812,2026-02-06,,,8,18,-208635545232,,,,1
modify,0x9ed2b133457a9debb64997f932b15a0a81f61718e8a267a4b36fab7b960d788a,41794057,45,2026-02-06,,,8,36,695152140252,,,,1
modify,0x9ed2b133457a9debb64997f932b15a0a81f61718e8a267a4b36fab7b960d788a,41794167,654,2026-02-06,,,8,36,36648939512,,,,1
modify,0x9ed2b133457a9debb64997f932b15a0a81f61718e8a267a4b36fab7b960d788a,41794286,1540,2026-02-06,,,8,38,341916869345,,,,1
modify,0x9ed2b133457a9debb64997f932b15a0a81f61718e8a267a4b36fab7b960d788a,41795224,110,2026-02-06,,,8,38,1188448351,,,,1
modify,0x9ed2b133457a9debb64997f932b15a0a81f61718e8a267a4b36fab7b960d788a,41795978,1691,2026-02-06,,,18,32,-2355976342308,,,,1
modify,0x9ed2b133457a9debb64997f932b15a0a81f61718e8a267a4b36fab7b960d788a,41796017,1385,2026-02-06,,,26,28,3148047466612,,,,1
modify,0x9ed2b133457a9debb64997f932b15a0a81f61718e8a267a4b36fab7b960d788a,41800320,725,2026-02-06,,,20,22,4970192844209,,,,1
modify,0x9ed2b133457a9debb64997f932b15a0a81f61718e8a267a4b36fab7b960d788a,41803980,427,2026-02-06,,,12,30,2195744187559,,,,1
modify,0x9ed2b133457a9debb64997f932b15a0a81f61718e8a267a4b36fab7b960d788a,41818612,1428,2026-02-06,,,20,22,1728150898313,,,,1
modify,0x9ed2b133457a9debb64997f932b15a0a81f61718e8a267a4b36fab7b960d788a,41818660,45,2026-02-06,,,20,22,662485953889,,,,1
price,0x9ed2b133457a9debb64997f932b15a0a81f61718e8a267a4b36fab7b960d788a,41827281,1315,2026-02-06,,,,,,79309938648602639093916278342,20,10679006335888,1545
modify,0x9ed2b133457a9debb64997f932b15a0a81f61718e8a267a4b36fab7b960d788a,41832584,1103,2026-02-07,,,10,30,2112305706,,,,1
modify,0x9ed2b133457a9debb64997f932b15a0a81f61718e8a267a4b36fab7b960d788a,41840294,627,2026-02-07,,,20,22,-2390636852202,,,,1
modify,0x9ed2b133457a9debb64997f932b15a0a81f61718e8a267a4b36fab7b960d788a,41840474,506,2026-02-07,,,18,20,2341520777276,,,,1
modify,0x9ed2b133457a9debb64997f932b15a0a81f61718e8a267a4b36fab7b960d788a,41842049,532,2026-02-07,,,18,20,5103225165972,,,,1
modify,0x9ed2b133457a9debb64997f932b15a0a81f61718e8a267a4b36fab7b960d788a,41843263,375,2026-02-07,,,18,20,-2341520777276,,,,1
modify,0x9ed2b133457a9debb64997f932b15a0a81f61718e8a267a4b36fab7b960d788a,41843411,1238,2026-02-07,,,-34,68,52283881648,,,,1
modify,0x9ed2b133457a9debb64997f932b15a0a81f61718e8a267a4b36fab7b960d788a,41843544,436,2026-02-07,,,-34,68,-52283881648,,,,1
modify,0x9ed2b133457a9debb64997f932b15a0a81f61718e8a267a4b36fab7b960d788a,41843737,1150,2026-02-07,,,14,20,777334690546,,,,1
modify,0x9ed2b133457a9debb64997f932b15a0a81f61718e8a267a4b36fab7b960d788a,41844856,430,2026-02-07,,,16,18,2959693376844,,,,1
modify,0x9ed2b133457a9debb64997f932b15a0a81f61718e8a267a4b36fab7b960d788a,41845767,1082,2026-02-07,,,14,16,2283580523162,,,,1
modify,0x9ed2b133457a9debb64997f932b15a0a81f61718e8a267a4b36fab7b960d788a,41854989,297,2026-02-07,,,14,18,2249705606219,,,,1
modify,0x9ed2b133457a9debb64997f932b15a0a81f61718e8a267a4b36fab7b960d788a,41855066,642,2026-02-07,,,14,18,238693303762,,,,1
price,0x9ed2b133457a9debb64997f932b15a0a81f61718e8a267a4b36fab7b960d788a,41870448,488,2026-02-07,,,,,,79289474895715828082636312145,15,8869603068872,1224
modify,0x9ed2b133457a9debb64997f932b15a0a81f61718e8a267a4b36fab7b960d788a,41888535,3,2026-02-08,,,14,16,6879481221102,,,,1
modify,0x9ed2b133457a9debb64997f932b15a0a81f61718e8a267a4b36fab7b960d788a,41912368,528,2026-02-08,,,-210,198,17761418761,,,,1
modify,0x9ed2b133457a9debb64997f932b15a0a81f61718e8a267a4b36fab7b960d788a,41912462,423,2026-02-08,,,-210,198,2942076133,,,,1
price,0x9ed2b133457a9debb64997f932b15a0a81f61718e8a267a4b36fab7b960d788a,41913668,756,2026-02-08,,,,,,79289581712260913189339105012,15,15769787784868,1395
modify,0x9ed2b133457a9debb64997f932b15a0a81f61718e8a267a4b36fab7b960d788a,41918761,666,2026-02-09,,,14,16,1748266765790,,,,1
modify,0x9ed2b133457a9debb64997f932b15a0a81f61718e8a267a4b36fab7b960d788a,41918802,39,2026-02-09,,,14,16,-2015923644476,,,,1
modify,0x9ed2b133457a9debb64997f932b15a0a81f61718e8a267a4b36fab7b960d788a,41919366,587,2026-02-09,,,14,16,1657685211044,,,,1
modify,0x9ed2b133457a9debb64997f932b15a0a81f61718e8a267a4b36fab7b960d788a,41925668,36,2026-02-09,,,14,16,-6879481221102,,,,1
modify,0x9ed2b133457a9debb64997f932b15a0a81f61718e8a267a4b36fab7b960d788a,41927223,1261,2026-02-09,,,14,16,49638766450080,,,,1
modify,0x9ed2b133457a9debb64997f932b15a0a81f61718e8a267a4b36fab7b960d788a,41930769,324,2026-02-09,,,14,20,545258070567,,,,1
modify,0x9ed2b133457a9debb64997f932b15a0a81f61718e8a267a4b36fab7b960d788a,41946830,973,2026-02-09,,,-210,198,-2942076133,,,,1
modify,0x9ed2b133457a9debb64997f932b15a0a81f61718e8a267a4b36fab7b960d788a,41946875,540,2026-02-09,,,-210,198,-17761418761,,,,1
modify,0x9ed2b133457a9debb64997f932b15a0a81f61718e8a267a4b36fab7b960d788a,41946925,760,2026-02-09,,,-472,528,8718762870,,,,1
modify,0x9ed2b133457a9debb64997f932b15a0a81f61718e8a267a4b36fab7b960d788a,41948536,243,2026-02-09,,,-472,528,0,,,,1
modify,0x9ed2b133457a9debb64997f932b15a0a81f61718e8a267a4b36fab7b960d788a,41948536,246,2026-02-09,,,-472,528,-8718762870,,,,1
modify,0x9ed2b133457a9debb64997f932b15a0a81f61718e8a267a4b36fab7b960d788a,41949216,594,2026-02-09,,,10,20,9207408395877,,,,1
modify,0x9ed2b133457a9debb64997f932b15a0a81f61718e8a267a4b36fab7b960d788a,41950256,703,2026-02-09,,,14,16,-49638766450080,,,,1
price,0x9ed2b133457a9debb64997f932b15a0a81f61718e8a267a4b36fab7b960d788a,41956915,109,2026-02-09,,,,,,79290088398020457041635872220,15,20012297867674,1599
modify,0x9ed2b133457a9debb64997f932b15a0a81f61718e8a267a4b36fab7b960d788a,41968485,121,2026-02-10,,,8,38,-343105317696,,,,1
modify,0x9ed2b133457a9debb64997f932b15a0a81f61718e8a267a4b36fab7b960d788a,41968591,442,2026-02-10,,,12,20,721925901634,,,,1
modify,0x9ed2b133457a9debb64997f932b15a0a81f61718e8a267a4b36fab7b960d788a,41968652,740,2026-02-10,,,12,20,559745057281,,,,1
modify,0x9ed2b133457a9debb64997f932b15a0a81f61718e8a267a4b36fab7b960d788a,41968716,780,2026-02-10,,,12,20,2499449094,,,,1
modify,0x9ed2b133457a9debb64997f932b15a0a81f61718e8a267a4b36fab7b960d788a,41968762,729,2026-02-10,,,8,36,-731801079764,,,,1
modify,0x9ed2b133457a9debb64997f932b15a0a81f61718e8a267a4b36fab7b960d788a,41968886,729,2026-02-10,,,12,20,1524034529011,,,,1
modify,0x9ed2b133457a9debb64997f932b15a0a81f61718e8a267a4b36fab7b960d788a,41968959,850,2026-02-10,,,12,20,1006538035476,,,,1
modify,0x9ed2b133457a9debb64997f932b15a0a81f61718e8a267a4b36fab7b960d788a,41969016,694,2026-02-10,,,12,20,36627991175,,,,1
modify,0x9ed2b133457a9debb64997f932b15a0a81f61718e8a267a4b36fab7b960d788a,41969172,665,2026-02-10,,,12,20,3249433895,,,,1
modify,0x9ed2b133457a9debb64997f932b15a0a81f61718e8a267a4b36fab7b960d788a,41994852,898,2026-02-10,,,18,20,-5103225165972,,,,1
modify,0x9ed2b133457a9debb64997f932b15a0a81f61718e8a267a4b36fab7b960d788a,41994869,909,2026-02-10,,,20,22,-4970192844209,,,,1
modify,0x9ed2b133457a9debb64997f932b15a0a81f61718e8a267a4b36fab7b960d788a,41994883,780,2026-02-10,,,26,28,-3148047466612,,,,1
price,0x9ed2b133457a9debb64997f932b15a0a81f61718e8a267a4b36fab7b960d788a,42000122,451,2026-02-10,,,,,,79289796909895345184386437503,15,22792011867780,2424
modify,0x9ed2b133457a9debb64997f932b15a0a81f61718e8a267a4b36fab7b960d788a,42010161,57,2026-02-11,,,14,20,-158711131333,,,,1
modify,0x9ed2b133457a9debb64997f932b15a0a81f61718e8a267a4b36fab7b960d788a,42027024,530,2026-02-11,,,12,30,-2195744187559,,,,1
price,0x9ed2b133457a9debb64997f932b15a0a81f61718e8a267a4b36fab7b960d788a,42043302,62,2026-02-11,,,,,,79289070299522798470111975754,15,20437556548888,2380
modify,0x9ed2b133457a9debb64997f932b15a0a81f61718e8a267a4b36fab7b960d788a,42049852,1165,2026-02-12,,,12,18,7942675671849,,,,1
modify,0x9ed2b133457a9debb64997f932b15a0a81f61718e8a267a4b36fab7b960d788a,42050229,981,2026-02-12,,,12,18,-7942675671849,,,,1
modify,0x9ed2b133457a9debb64997f932b15a0a81f61718e8a267a4b36fab7b960d788a,42054729,200,2026-02-12,,,14,18,5010144298638,,,,1
price,0x9ed2b133457a9debb64997f932b15a0a81f61718e8a267a4b36fab7b960d788a,42086520,487,2026-02-12,,,,,,79289006478573158644685507853,15,25447700847526,2792
modify,0x9ed2b133457a9debb64997f932b15a0a81f61718e8a267a4b36fab7b960d788a,42116685,939,2026-02-13,,,10,20,199112449672,,,,1
price,0x9ed2b133457a9debb64997f932b15a0a81f61718e8a267a4b36fab7b960d788a,42129667,543,2026-02-13,,,,,,79287305606241160220429391402,14,25646813297198,3578
modify,0x9ed2b133457a9debb64997f932b15a0a81f61718e8a267a4b36fab7b960d788a,42141208,33,2026-02-14,,,12,20,0,,,,1
modify,0x9ed2b133457a9debb64997f932b15a0a81f61718e8a267a4b36fab7b960d788a,42141476,738,2026-02-14,,,12,20,5910714878,,,,1
modify,0x9ed2b133457a9debb64997f932b15a0a81f61718e8a267a4b36fab7b960d788a,42141531,716,2026-02-14,,,12,20,0,,,,1
modify,0x9ed2b133457a9debb64997f932b15a0a81f61718e8a267a4b36fab7b960d788a,42141576,775,2026-02-14,,,12,20,1566581444,,,,1
modify,0x9ed2b133457a9debb64997f932b15a0a81f61718e8a267a4b36fab7b960d788a,42162285,1002,2026-02-14,,,14,20,299390859925,,,,1
modify,0x9ed2b133457a9debb64997f932b15a0a81f61718e8a267a4b36fab7b960d788a,42170743,1449,2026-02-14,,,-944,954,11297065723,,,,1
price,0x9ed2b133457a9debb64997f932b15a0a81f61718e8a267a4b36fab7b960d788a,42172816,1214,2026-02-14,,,,,,79284393023426537416605655379,14,25964978519168,2978
price,0x9ed2b133457a9debb64997f932b15a0a81f61718e8a267a4b36fab7b960d788a,42216121,97,2026-02-15,,,,,,79286355992011768540408004286,14,25964978519168,3415
modify,0x9ed2b133457a9debb64997f932b15a0a81f61718e8a267a4b36fab7b960d788a,42224652,802,2026-02-16,,,4,24,151513655992,,,,1
modify,0x9ed2b133457a9debb64997f932b15a0a81f61718e8a267a4b36fab7b960d788a,42224949,522,2026-02-16,,,14,16,6312081057809,,,,1
modify,0x9ed2b133457a9debb64997f932b15a0a81f61718e8a267a4b36fab7b960d788a,42250977,757,2026-02-16,,,14,16,17792711410360,,,,1
modify,0x9ed2b133457a9debb64997f932b15a0a81f61718e8a267a4b36fab7b960d788a,42251735,252,2026-02-16,,,14,16,33680803502562,,,,1
price,0x9ed2b133457a9debb64997f932b15a0a81f61718e8a267a4b36fab7b960d788a,42259297,28,2026-02-16,,,,,,79285603603740889537891655337,14,83902088145891,2914
modify,0x9ed2b133457a9debb64997f932b15a0a81f61718e8a267a4b36fab7b960d788a,42263395,122,2026-02-17,,,14,16,32911948170,,,,1
modify,0x9ed2b133457a9debb64997f932b15a0a81f61718e8a267a4b36fab7b960d788a,42263592,639,2026-02-17,,,14,16,-514735149129,,,,1
modify,0x9ed2b133457a9debb64997f932b15a0a81f61718e8a267a4b36fab7b960d788a,42263809,479,2026-02-17,,,14,16,-50958779763793,,,,1
modify,0x9ed2b133457a9debb64997f932b15a0a81f61718e8a267a4b36fab7b960d788a,42272046,137,2026-02-17,,,12,20,0,,,,1
modify,0x9ed2b133457a9debb64997f932b15a0a81f61718e8a267a4b36fab7b960d788a,42272159,465,2026-02-17,,,12,20,2922153134,,,,1
modify,0x9ed2b133457a9debb64997f932b15a0a81f61718e8a267a4b36fab7b960d788a,42272247,874,2026-02-17,,,12,20,0,,,,1
modify,0x9ed2b133457a9debb64997f932b15a0a81f61718e8a267a4b36fab7b960d788a,42272295,52,2026-02-17,,,12,20,1680554002,,,,1
modify,0x9ed2b133457a9debb64997f932b15a0a81f61718e8a267a4b36fab7b960d788a,42293759,18,2026-02-17,,,14,16,0,,,,1
modify,0x9ed2b133457a9debb64997f932b15a0a81f61718e8a267a4b36fab7b960d788a,42301503,541,2026-02-17,,,16,18,-2959693376844,,,,1
modify,0x9ed2b133457a9debb64997f932b15a0a81f61718e8a267a4b36fab7b960d788a,42301521,565,2026-02-17,,,14,16,-9985689913329,,,,1
modify,0x9ed2b133457a9debb64997f932b15a0a81f61718e8a267a4b36fab7b960d788a,42301634,658,2026-02-17,,,18,20,8276185710283,,,,1
price,0x9ed2b133457a9debb64997f932b15a0a81f61718e8a267a4b36fab7b960d788a,42302517,768,2026-02-17,,,,,,79302985696727035896278530201,18,23225128528440,1152
modify,0x9ed2b133457a9debb64997f932b15a0a81f61718e8a267a4b36fab7b960d788a,42323153,279,2026-02-18,,,14,18,-2488398909981,,,,1
modify,0x9ed2b133457a9debb64997f932b15a0a81f61718e8a267a4b36fab7b960d788a,42323526,415,2026-02-18,,,16,20,2498574340332,,,,1
modify,0x9ed2b133457a9debb64997f932b15a0a81f61718e8a267a4b36fab7b960d788a,42323585,185,2026-02-18,,,16,20,51484680705,,,,1
modify,0x9ed2b133457a9debb64997f932b15a0a81f61718e8a267a4b36fab7b960d788a,42341567,553,2026-02-18,,,18,20,-8276185710283,,,,1
modify,0x9ed2b133457a9debb64997f932b15a0a81f61718e8a267a4b36fab7b960d788a,42341637,741,2026-02-18,,,36,38,1558410111207,,,,1
price,0x9ed2b133457a9debb64997f932b15a0a81f61718e8a267a4b36fab7b960d788a,42345687,1324,2026-02-18,,,,,,79377694081632545790161050181,37,1569712448931,2193
modify,0x9ed2b133457a9debb64997f932b15a0a81f61718e8a267a4b36fab7b960d788a,42356872,1275,2026-02-19,,,14,20,-1463272489705,,,,1
modify,0x9ed2b133457a9debb64997f932b15a0a81f61718e8a267a4b36fab7b960d788a,42356927,658,2026-02-19,,,28,34,1129130122039,,,,1
modify,0x9ed2b133457a9debb64997f932b15a0a81f61718e8a267a4b36fab7b960d788a,42357869,969,2026-02-19,,,36,38,-1558410111207,,,,1
modify,0x9ed2b133457a9debb64997f932b15a0a81f61718e8a267a4b36fab7b960d788a,42357932,539,2026-02-19,,,30,32,1641513952115,,,,1
modify,0x9ed2b133457a9debb64997f932b15a0a81f61718e8a267a4b36fab7b960d788a,42359446,872,2026-02-19,,,28,34,243089715045,,,,1
modify,0x9ed2b133457a9debb64997f932b15a0a81f61718e8a267a4b36fab7b960d788a,42361609,282,2026-02-19,,,16,20,-2550059021037,,,,1
modify,0x9ed2b133457a9debb64997f932b15a0a81f61718e8a267a4b36fab7b960d788a,42361826,559,2026-02-19,,,28,32,2356759894651,,,,1
modify,0x9ed2b133457a9debb64997f932b15a0a81f61718e8a267a4b36fab7b960d788a,42361925,137,2026-02-19,,,28,32,175812904019,,,,1
modify,0x9ed2b133457a9debb64997f932b15a0a81f61718e8a267a4b36fab7b960d788a,42363763,1218,2026-02-19,,,12,20,-2576033423674,,,,1
modify,0x9ed2b133457a9debb64997f932b15a0a81f61718e8a267a4b36fab7b960d788a,42363811,662,2026-02-19,,,12,20,-1290666977350,,,,1
modify,0x9ed2b133457a9debb64997f932b15a0a81f61718e8a267a4b36fab7b960d788a,42363969,410,2026-02-19,,,10,34,421328947709,,,,1
modify,0x9ed2b133457a9debb64997f932b15a0a81f61718e8a267a4b36fab7b960d788a,42364103,286,2026-02-19,,,10,34,843505512970,,,,1
modify,0x9ed2b133457a9debb64997f932b15a0a81f61718e8a267a4b36fab7b960d788a,42367559,605,2026-02-19,,,16,30,2102103706298,,,,1
modify,0x9ed2b133457a9debb64997f932b15a0a81f61718e8a267a4b36fab7b960d788a,42369312,458,2026-02-19,,,28,34,-1372219837084,,,,1
modify,0x9ed2b133457a9debb64997f932b15a0a81f61718e8a267a4b36fab7b960d788a,42369405,459,2026-02-19,,,22,24,4239752824440,,,,1
modify,0x9ed2b133457a9debb64997f932b15a0a81f61718e8a267a4b36fab7b960d788a,42371255,647,2026-02-19,,,28,32,-2532572798670,,,,1
modify,0x9ed2b133457a9debb64997f932b15a0a81f61718e8a267a4b36fab7b960d788a,42371395,854,2026-02-19,,,-210,198,20765108969,,,,1
modify,0x9ed2b133457a9debb64997f932b15a0a81f61718e8a267a4b36fab7b960d788a,42371460,306,2026-02-19,,,-210,198,4343846220,,,,1
modify,0x9ed2b133457a9debb64997f932b15a0a81f61718e8a267a4b36fab7b960d788a,42371619,686,2026-02-19,,,22,24,-4239752824440,,,,1
modify,0x9ed2b133457a9debb64997f932b15a0a81f61718e8a267a4b36fab7b960d788a,42371678,484,2026-02-19,,,-210,198,-25108955189,,,,1
modify,0x9ed2b133457a9debb64997f932b15a0a81f61718e8a267a4b36fab7b960d788a,42371707,744,2026-02-19,,,22,26,2429948947797,,,,1
modify,0x9ed2b133457a9debb64997f932b15a0a81f61718e8a267a4b36fab7b960d788a,42371802,587,2026-02-19,,,22,26,123511633461,,,,1
modify,0x9ed2b133457a9debb64997f932b15a0a81f61718e8a267a4b36fab7b960d788a,42372511,579,2026-02-19,,,22,26,2203156899488,,,,1
modify,0x9ed2b133457a9debb64997f932b15a0a81f61718e8a267a4b36fab7b960d788a,42372779,1431,2026-02-19,,,30,32,-1641513952115,,,,1
modify,0x9ed2b133457a9debb64997f932b15a0a81f61718e8a267a4b36fab7b960d788a,42372835,849,2026-02-19,,,24,26,4289945553657,,,,1
modify,0x9ed2b133457a9debb64997f932b15a0a81f61718e8a267a4b36fab7b960d788a,42373622,848,2026-02-19,,,24,26,-4289945553657,,,,1
modify,0x9ed2b133457a9debb64997f932b15a0a81f61718e8a267a4b36fab7b960d788a,42374108,489,2026-02-19,,,24,26,5221944216807,,,,1
modify,0x9ed2b133457a9debb64997f932b15a0a81f61718e8a267a4b36fab7b960d788a,42383553,602,2026-02-19,,,24,26,-5221944216807,,,,1
modify,0x9ed2b133457a9debb64997f932b15a0a81f61718e8a267a4b36fab7b960d788a,42383581,131,2026-02-19,,,22,24,5432115183079,,,,1
modify,0x9ed2b133457a9debb64997f932b15a0a81f61718e8a267a4b36fab7b960d788a,42385971,662,2026-02-19,,,16,30,-2102103706298,,,,1
price,0x9ed2b133457a9debb64997f932b15a0a81f61718e8a267a4b36fab7b960d788a,42388918,608,2026-02-19,,,,,,79320598747213305487964249711,23,11666016206383,1748
modify,0x9ed2b133457a9debb64997f932b15a0a81f61718e8a267a4b36fab7b960d788a,42399910,876,2026-02-20,,,10,34,-843505512970,,,,1
modify,0x9ed2b133457a9debb64997f932b15a0a81f61718e8a267a4b36fab7b960d788a,42400181,774,2026-02-20,,,14,28,1192316548772,,,,1
modify,0x9ed2b133457a9debb64997f932b15a0a81f61718e8a267a4b36fab7b960d788a,42400500,89,2026-02-20,,,14,28,266014694058,,,,1
modify,0x9ed2b133457a9debb64997f932b15a0a81f61718e8a267a4b36fab7b960d788a,42400564,520,2026-02-20,,,14,28,13090596369,,,,1
modify,0x9ed2b133457a9debb64997f932b15a0a81f61718e8a267a4b36fab7b960d788a,42400665,524,2026-02-20,,,10,34,-421328947709,,,,1
modify,0x9ed2b133457a9debb64997f932b15a0a81f61718e8a267a4b36fab7b960d788a,42400739,697,2026-02-20,,,14,28,604299351214,,,,1
modify,0x9ed2b133457a9debb64997f932b15a0a81f61718e8a267a4b36fab7b960d788a,42400828,553,2026-02-20,,,14,28,133141860111,,,,1
modify,0x9ed2b133457a9debb64997f932b15a0a81f61718e8a267a4b36fab7b960d788a,42401086,1001,2026-02-20,,,14,28,448282399,,,,1
price,0x9ed2b133457a9debb64997f932b15a0a81f61718e8a267a4b36fab7b960d788a,42432124,998,2026-02-20,,,,,,79321666442049108463858750752,23,12610493078627,3147
modify,0x9ed2b133457a9debb64997f932b15a0a81f61718e8a267a4b36fab7b960d788a,42434403,633,2026-02-21,,,22,24,981532329356,,,,1
modify,0x9ed2b133457a9debb64997f932b15a0a81f61718e8a267a4b36fab7b960d788a,42469151,467,2026-02-21,,,22,24,-5432115183079,,,,1
modify,0x9ed2b133457a9debb64997f932b15a0a81f61718e8a267a4b36fab7b960d788a,42469276,551,2026-02-21,,,20,22,5072243932161,,,,1
modify,0x9ed2b133457a9debb64997f932b15a0a81f61718e8a267a4b36fab7b960d788a,42469800,241,2026-02-21,,,22,24,3258388017188,,,,1
modify,0x9ed2b133457a9debb64997f932b15a0a81f61718e8a267a4b36fab7b960d788a,42471745,608,2026-02-21,,,22,26,-2203156899488,,,,1
modify,0x9ed2b133457a9debb64997f932b15a0a81f61718e8a267a4b36fab7b960d788a,42471879,953,2026-02-21,,,20,24,2624722756902,,,,1
modify,0x9ed2b133457a9debb64997f932b15a0a81f61718e8a267a4b36fab7b960d788a,42472938,729,2026-02-21,,,22,24,-981532329356,,,,1
price,0x9ed2b133457a9debb64997f932b15a0a81f61718e8a267a4b36fab7b960d788a,42475318,581,2026-02-21,,,,,,79314933084609112263884067958,21,10118727103865,2468
modify,0x9ed2b133457a9debb64997f932b15a0a81f61718e8a267a4b36fab7b960d788a,42477499,713,2026-02-22,,,20,24,424946279396,,,,1
modify,0x9ed2b133457a9debb64997f932b15a0a81f61718e8a267a4b36fab7b960d788a,42487305,323,2026-02-22,,,20,24,-3049669036298,,,,1
modify,0x9ed2b133457a9debb64997f932b15a0a81f61718e8a267a4b36fab7b960d788a,42488217,1176,2026-02-22,,,22,24,-3258388017188,,,,1
modify,0x9ed2b133457a9debb64997f932b15a0a81f61718e8a267a4b36fab7b960d788a,42488233,147,2026-02-22,,,20,22,-5072243932161,,,,1
modify,0x9ed2b133457a9debb64997f932b15a0a81f61718e8a267a4b36fab7b960d788a,42488791,933,2026-02-22,,,16,18,4980665261239,,,,1
modify,0x9ed2b133457a9debb64997f932b15a0a81f61718e8a267a4b36fab7b960d788a,42488905,781,2026-02-22,,,16,18,3417982796115,,,,1
modify,0x9ed2b133457a9debb64997f932b15a0a81f61718e8a267a4b36fab7b960d788a,42489045,341,2026-02-22,,,16,18,2372625176051,,,,1
modify,0x9ed2b133457a9debb64997f932b15a0a81f61718e8a267a4b36fab7b960d788a,42489127,249,2026-02-22,,,16,18,-5790607972166,,,,1
modify,0x9ed2b133457a9debb64997f932b15a0a81f61718e8a267a4b36fab7b960d788a,42489227,622,2026-02-22,,,16,20,2404984698239,,,,1
modify,0x9ed2b133457a9debb64997f932b15a0a81f61718e8a267a4b36fab7b960d788a,42489342,488,2026-02-22,,,16,20,628039618697,,,,1
modify,0x9ed2b133457a9debb64997f932b15a0a81f61718e8a267a4b36fab7b960d788a,42500416,824,2026-02-22,,,22,26,-2553460581258,,,,1
modify,0x9ed2b133457a9debb64997f932b15a0a81f61718e8a267a4b36fab7b960d788a,42500569,385,2026-02-22,,,14,18,2288710630726,,,,1
modify,0x9ed2b133457a9debb64997f932b15a0a81f61718e8a267a4b36fab7b960d788a,42500622,290,2026-02-22,,,14,18,256867432196,,,,1
modify,0x9ed2b133457a9debb64997f932b15a0a81f61718e8a267a4b36fab7b960d788a,42508298,124,2026-02-22,,,-3550,2640,69715962,,,,1
modify,0x9ed2b133457a9debb64997f932b15a0a81f61718e8a267a4b36fab7b960d788a,42510206,2,2026-02-22,,,16,20,-151651215846,,,,1
modify,0x9ed2b133457a9debb64997f932b15a0a81f61718e8a267a4b36fab7b960d788a,42512709,524,2026-02-22,,,16,20,-259323579098,,,,1
modify,0x9ed2b133457a9debb64997f932b15a0a81f61718e8a267a4b36fab7b960d788a,42512947,11,2026-02-22,,,16,20,-2622049521992,,,,1
modify,0x9ed2b133457a9debb64997f932b15a0a81f61718e8a267a4b36fab7b960d788a,42513014,4,2026-02-22,,,16,18,4845055474302,,,,1
modify,0x9ed2b133457a9debb64997f932b15a0a81f61718e8a267a4b36fab7b960d788a,42513066,0,2026-02-22,,,16,18,349933899772,,,,1
price,0x9ed2b133457a9debb64997f932b15a0a81f61718e8a267a4b36fab7b960d788a,42518506,285,2026-02-22,,,,,,79292266896604569000067181023,16,29559727973186,1458
modify,0x9ed2b133457a9debb64997f932b15a0a81f61718e8a267a4b36fab7b960d788a,42520085,72,2026-02-23,,,16,18,-4980665261239,,,,1
modify,0x9ed2b133457a9debb64997f932b15a0a81f61718e8a267a4b36fab7b960d788a,42520261,687,2026-02-23,,,14,16,5051405472836,,,,1
modify,0x9ed2b133457a9debb64997f932b15a0a81f61718e8a267a4b36fab7b960d788a,42535391,453,2026-02-23,,,14,28,-737889493724,,,,1
modify,0x9ed2b133457a9debb64997f932b15a0a81f61718e8a267a4b36fab7b960d788a,42535550,313,2026-02-23,,,6,22,614001360061,,,,1
modify,0x9ed2b133457a9debb64997f932b15a0a81f61718e8a267a4b36fab7b960d788a,42535617,847,2026-02-23,,,6,22,29125984884,,,,1
modify,0x9ed2b133457a9debb64997f932b15a0a81f61718e8a267a4b36fab7b960d788a,42535659,44,2026-02-23,,,6,22,1071796907,,,,1
modify,0x9ed2b133457a9debb64997f932b15a0a81f61718e8a267a4b36fab7b960d788a,42535697,47,2026-02-23,,,14,28,-1471421839199,,,,1
modify,0x9ed2b133457a9debb64997f932b15a0a81f61718e8a267a4b36fab7b960d788a,42535778,80,2026-02-23,,,8,22,1440918604729,,,,1
modify,0x9ed2b133457a9debb64997f932b15a0a81f61718e8a267a4b36fab7b960d788a,42535818,652,2026-02-23,,,8,22,32162973148,,,,1
modify,0x9ed2b133457a9debb64997f932b15a0a81f61718e8a267a4b36fab7b960d788a,42535891,34,2026-02-23,,,6,22,-644199141852,,,,1
modify,0x9ed2b133457a9debb64997f932b15a0a81f61718e8a267a4b36fab7b960d788a,42535937,525,2026-02-23,,,10,22,644199053956,,,,1
modify,0x9ed2b133457a9debb64997f932b15a0a81f61718e8a267a4b36fab7b960d788a,42535999,26,2026-02-23,,,10,22,208372644342,,,,1
modify,0x9ed2b133457a9debb64997f932b15a0a81f61718e8a267a4b36fab7b960d788a,42536032,763,2026-02-23,,,10,22,8279448325,,,,1
modify,0x9ed2b133457a9debb64997f932b15a0a81f61718e8a267a4b36fab7b960d788a,42539605,718,2026-02-23,,,16,18,-831198299851,,,,1
modify,0x9ed2b133457a9debb64997f932b15a0a81f61718e8a267a4b36fab7b960d788a,42539749,338,2026-02-23,,,16,18,-4363791074223,,,,1
modify,0x9ed2b133457a9debb64997f932b15a0a81f61718e8a267a4b36fab7b960d788a,42539813,4,2026-02-23,,,12,14,3250801590174,,,,1
modify,0x9ed2b133457a9debb64997f932b15a0a81f61718e8a267a4b36fab7b960d788a,42544315,271,2026-02-23,,,14,18,-2545578062922,,,,1
modify,0x9ed2b133457a9debb64997f932b15a0a81f61718e8a267a4b36fab7b960d788a,42544449,275,2026-02-23,,,12,16,2300682602675,,,,1
modify,0x9ed2b133457a9debb64997f932b15a0a81f61718e8a267a4b36fab7b960d788a,42544535,0,2026-02-23,,,14,16,-5051405472836,,,,1
modify,0x9ed2b133457a9debb64997f932b15a0a81f61718e8a267a4b36fab7b960d788a,42544554,290,2026-02-23,,,12,16,224295451512,,,,1
modify,0x9ed2b133457a9debb64997f932b15a0a81f61718e8a267a4b36fab7b960d788a,42552734,467,2026-02-23,,,12,14,-3250801590174,,,,1
modify,0x9ed2b133457a9debb64997f932b15a0a81f61718e8a267a4b36fab7b960d788a,42552816,44,2026-02-23,,,12,16,2030856070400,,,,1
modify,0x9ed2b133457a9debb64997f932b15a0a81f61718e8a267a4b36fab7b960d788a,42555364,35,2026-02-23,,,14,16,6427735919923,,,,1
price,0x9ed2b133457a9debb64997f932b15a0a81f61718e8a267a4b36fab7b960d788a,42561708,296,2026-02-23,,,,,,79286971630959989716074684692,14,27979598659208,1309
modify,0x9ed2b133457a9debb64997f932b15a0a81f61718e8a267a4b36fab7b960d788a,42564591,751,2026-02-24,,,-944,954,0,,,,1
modify,0x9ed2b133457a9debb64997f932b15a0a81f61718e8a267a4b36fab7b960d788a,42564591,758,2026-02-24,,,-944,954,-11297065723,,,,1
modify,0x9ed2b133457a9debb64997f932b15a0a81f61718e8a267a4b36fab7b960d788a,42599471,795,2026-02-24,,,14,16,0,,,,1
price,0x9ed2b133457a9debb64997f932b15a0a81f61718e8a267a4b36fab7b960d788a,42604919,590,2026-02-24,,,,,,79286744669177262863935132213,14,27968301593485,2890
modify,0x9ed2b133457a9debb64997f932b15a0a81f61718e8a267a4b36fab7b960d788a,42624819,134,2026-02-25,,,12,16,468430975802,,,,1
modify,0x9ed2b133457a9debb64997f932b15a0a81f61718e8a267a4b36fab7b960d788a,42633277,342,2026-02-25,,,12,16,646693113147,,,,1
modify,0x9ed2b133457a9debb64997f932b15a0a81f61718e8a267a4b36fab7b960d788a,42644712,987,2026-02-25,,,14,16,-6427735919923,,,,1
modify,0x9ed2b133457a9debb64997f932b15a0a81f61718e8a267a4b36fab7b960d788a,42644806,786,2026-02-25,,,12,14,7354407466743,,,,1
price,0x9ed2b133457a9debb64997f932b15a0a81f61718e8a267a4b36fab7b960d788a,42648124,697,2026-02-25,,,,,,79278790392979595160585103167,12,24967040982446,4966
modify,0x9ed2b133457a9debb64997f932b15a0a81f61718e8a267a4b36fab7b960d788a,42659820,611,2026-02-26,,,12,16,-3145980159349,,,,1
modify,0x9ed2b133457a9debb64997f932b15a0a81f61718e8a267a4b36fab7b960d788a,42659932,853,2026-02-26,,,10,12,6010237046054,,,,1
modify,0x9ed2b133457a9debb64997f932b15a0a81f61718e8a267a4b36fab7b960d788a,42663175,888,2026-02-26,,,12,14,-7354407466743,,,,1
modify,0x9ed2b133457a9debb64997f932b15a0a81f61718e8a267a4b36fab7b960d788a,42663363,153,2026-02-26,,,10,12,7613716071316,,,,1
modify,0x9ed2b133457a9debb64997f932b15a0a81f61718e8a267a4b36fab7b960d788a,42669050,253,2026-02-26,,,12,16,-2524978054187,,,,1
modify,0x9ed2b133457a9debb64997f932b15a0a81f61718e8a267a4b36fab7b960d788a,42669576,590,2026-02-26,,,10,14,2525217268407,,,,1
price,0x9ed2b133457a9debb64997f932b15a0a81f61718e8a267a4b36fab7b960d788a,42691322,553,2026-02-26,,,,,,79268259290188468533293488051,10,28043324905487,4932
modify,0x9ed2b133457a9debb64997f932b15a0a81f61718e8a267a4b36fab7b960d788a,42707958,1029,2026-02-27,,,10,12,-7613716071316,,,,1
modify,0x9ed2b133457a9debb64997f932b15a0a81f61718e8a267a4b36fab7b960d788a,42708065,89,2026-02-27,,,4,6,4867924087879,,,,1
modify,0x9ed2b133457a9debb64997f932b15a0a81f61718e8a267a4b36fab7b960d788a,42708317,540,2026-02-27,,,10,12,-6010237046054,,,,1
modify,0x9ed2b133457a9debb64997f932b15a0a81f61718e8a267a4b36fab7b960d788a,42708369,364,2026-02-27,,,4,6,6374254521523,,,,1
modify,0x9ed2b133457a9debb64997f932b15a0a81f61718e8a267a4b36fab7b960d788a,42713436,409,2026-02-27,,,4,6,-6374254521523,,,,1
modify,0x9ed2b133457a9debb64997f932b15a0a81f61718e8a267a4b36fab7b960d788a,42713470,467,2026-02-27,,,4,8,3145310914287,,,,1
modify,0x9ed2b133457a9debb64997f932b15a0a81f61718e8a267a4b36fab7b960d788a,42717121,709,2026-02-27,,,10,14,-2525217268407,,,,1
modify,0x9ed2b133457a9debb64997f932b15a0a81f61718e8a267a4b36fab7b960d788a,42717263,626,2026-02-27,,,4,8,2005100679686,,,,1
modify,0x9ed2b133457a9debb64997f932b15a0a81f61718e8a267a4b36fab7b960d788a,42717326,599,2026-02-27,,,10,22,0,,,,1
modify,0x9ed2b133457a9debb64997f932b15a0a81f61718e8a267a4b36fab7b960d788a,42717357,746,2026-02-27,,,4,8,542187546029,,,,1
modify,0x9ed2b133457a9debb64997f932b15a0a81f61718e8a267a4b36fab7b960d788a,42717437,856,2026-02-27,,,10,22,-860851146623,,,,1
modify,0x9ed2b133457a9debb64997f932b15a0a81f61718e8a267a4b36fab7b960d788a,42717660,349,2026-02-27,,,8,22,-1473081577877,,,,1
price,0x9ed2b133457a9debb64997f932b15a0a81f61718e8a267a4b36fab7b960d788a,42734517,275,2026-02-27,,,,,,79249945881841989629099046569,5,10712111871836,2661
modify,0x9ed2b133457a9debb64997f932b15a0a81f61718e8a267a4b36fab7b960d788a,42744257,289,2026-02-28,,,4,22,169056251054,,,,1
modify,0x9ed2b133457a9debb64997f932b15a0a81f61718e8a267a4b36fab7b960d788a,42744978,339,2026-02-28,,,2,14,1603660823761,,,,1
modify,0x9ed2b133457a9debb64997f932b15a0a81f61718e8a267a4b36fab7b960d788a,42745044,113,2026-02-28,,,2,14,117109451164,,,,1
modify,0x9ed2b133457a9debb64997f932b15a0a81f61718e8a267a4b36fab7b960d788a,42745134,658,2026-02-28,,,2,14,805879019621,,,,1
modify,0x9ed2b133457a9debb64997f932b15a0a81f61718e8a267a4b36fab7b960d788a,42745172,998,2026-02-28,,,2,14,54726691424,,,,1
modify,0x9ed2b133457a9debb64997f932b15a0a81f61718e8a267a4b36fab7b960d788a,42746955,798,2026-02-28,,,14,18,0,,,,1
price,0x9ed2b133457a9debb64997f932b15a0a81f61718e8a267a4b36fab7b960d788a,42777622,800,2026-02-28,,,,,,79244740482015641914799640595,4,13462544108860,2492
modify,0x9ed2b133457a9debb64997f932b15a0a81f61718e8a267a4b36fab7b960d788a,42807532,500,2026-03-01,,,4,8,-3145310914287,,,,1
modify,0x9ed2b133457a9debb64997f932b15a0a81f61718e8a267a4b36fab7b960d788a,42807674,401,2026-03-01,,,4,6,6399719138360,,,,1
modify,0x9ed2b133457a9debb64997f932b15a0a81f61718e8a267a4b36fab7b960d788a,42815513,713,2026-03-01,,,4,6,-6399719138360,,,,1
modify,0x9ed2b133457a9debb64997f932b15a0a81f61718e8a267a4b36fab7b960d788a,42815552,1001,2026-03-01,,,2,6,1603677976054,,,,1
modify,0x9ed2b133457a9debb64997f932b15a0a81f61718e8a267a4b36fab7b960d788a,42815685,705,2026-03-01,,,2,4,2126237609485,,,,1
modify,0x9ed2b133457a9debb64997f932b15a0a81f61718e8a267a4b36fab7b960d788a,42815747,1187,2026-03-01,,,2,6,553725511013,,,,1
price,0x9ed2b133457a9debb64997f932b15a0a81f61718e8a267a4b36fab7b960d788a,42820862,156,2026-03-01,,,,,,79242161667405033982910291097,3,6865092070485,2586
modify,0x9ed2b133457a9debb64997f932b15a0a81f61718e8a267a4b36fab7b960d788a,42827014,891,2026-03-02,,,4,22,-169056251054,,,,1
modify,0x9ed2b133457a9debb64997f932b15a0a81f61718e8a267a4b36fab7b960d788a,42838757,406,2026-03-02,,,2,4,166036836159,,,,1
modify,0x9ed2b133457a9debb64997f932b15a0a81f61718e8a267a4b36fab7b960d788a,42846879,368,2026-03-02,,,4,8,-2547288225715,,,,1
modify,0x9ed2b133457a9debb64997f932b15a0a81f61718e8a267a4b36fab7b960d788a,42847046,330,2026-03-02,,,2,6,2116505160643,,,,1
modify,0x9ed2b133457a9debb64997f932b15a0a81f61718e8a267a4b36fab7b960d788a,42847089,495,2026-03-02,,,2,6,418520611458,,,,1
modify,0x9ed2b133457a9debb64997f932b15a0a81f61718e8a267a4b36fab7b960d788a,42850592,353,2026-03-02,,,2,4,-2292274445644,,,,1
modify,0x9ed2b133457a9debb64997f932b15a0a81f61718e8a267a4b36fab7b960d788a,42851223,461,2026-03-02,,,4,6,1663861001752,,,,1
modify,0x9ed2b133457a9debb64997f932b15a0a81f61718e8a267a4b36fab7b960d788a,42851276,257,2026-03-02,,,4,6,698944926469,,,,1
modify,0x9ed2b133457a9debb64997f932b15a0a81f61718e8a267a4b36fab7b960d788a,42856340,317,2026-03-02,,,10,20,-199112449672,,,,1
price,0x9ed2b133457a9debb64997f932b15a0a81f61718e8a267a4b36fab7b960d788a,42864125,815,2026-03-02,,,,,,79245654952907329522408579238,4,14656123905193,2364
modify,0x9ed2b133457a9debb64997f932b15a0a81f61718e8a267a4b36fab7b960d788a,42866130,382,2026-03-03,,,4,6,0,,,,1
modify,0x9ed2b133457a9debb64997f932b15a0a81f61718e8a267a4b36fab7b960d788a,42873367,1157,2026-03-03,,,2,6,-2157403487067,,,,1
modify,0x9ed2b133457a9debb64997f932b15a0a81f61718e8a267a4b36fab7b960d788a,42873565,496,2026-03-03,,,4,6,1997677106824,,,,1
modify,0x9ed2b133457a9debb64997f932b15a0a81f61718e8a267a4b36fab7b960d788a,42873593,1402,2026-03-03,,,4,6,-2362805928221,,,,1
modify,0x9ed2b133457a9debb64997f932b15a0a81f61718e8a267a4b36fab7b960d788a,42873653,247,2026-03-03,,,4,6,4335569249236,,,,1
price,0x9ed2b133457a9debb64997f932b15a0a81f61718e8a267a4b36fab7b960d788a,42907326,390,2026-03-03,,,,,,79246855794529467325229008204,4,16469160845965,3758
modify,0x9ed2b133457a9debb64997f932b15a0a81f61718e8a267a4b36fab7b960d788a,42915639,411,2026-03-04,,,14,18,-5010144298638,,,,1
modify,0x9ed2b133457a9debb64997f932b15a0a81f61718e8a267a4b36fab7b960d788a,42918831,849,2026-03-04,,,4,6,659104089189,,,,1
modify,0x9ed2b133457a9debb64997f932b15a0a81f61718e8a267a4b36fab7b960d788a,42920526,1129,2026-03-04,,,4,6,482769335416,,,,1
modify,0x9ed2b133457a9debb64997f932b15a0a81f61718e8a267a4b36fab7b960d788a,42932569,455,2026-03-04,,,4,6,0,,,,1
price,0x9ed2b133457a9debb64997f932b15a0a81f61718e8a267a4b36fab7b960d788a,42950446,676,2026-03-04,,,,,,79246474542437608791680190954,4,17611034270570,5546
modify,0x9ed2b133457a9debb64997f932b15a0a81f61718e8a267a4b36fab7b960d788a,42967085,59,2026-03-05,,,2,6,3936910029080,,,,1
modify,0x9ed2b133457a9debb64997f932b15a0a81f61718e8a267a4b36fab7b960d788a,42967230,466,2026-03-05,,,2,6,3143553214190,,,,1
modify,0x9ed2b133457a9debb64997f932b15a0a81f61718e8a267a4b36fab7b960d788a,42978917,111,2026-03-05,,,4,6,0,,,,1
modify,0x9ed2b133457a9debb64997f932b15a0a81f61718e8a267a4b36fab7b960d788a,42985387,863,2026-03-05,,,-3550,2640,0,,,,1
modify,0x9ed2b133457a9debb64997f932b15a0a81f61718e8a267a4b36fab7b960d788a,42985387,868,2026-03-05,,,-3550,2640,-69715962,,,,1
price,0x9ed2b133457a9debb64997f932b15a0a81f61718e8a267a4b36fab7b960d788a,42993725,680,2026-03-05,,,,,,79247245675871846422024273660,4,24691427797878,4234
modify,0x9ed2b133457a9debb64997f932b15a0a81f61718e8a267a4b36fab7b960d788a,43008750,569,2026-03-06,,,4,6,-373755989033,,,,1
price,0x9ed2b133457a9debb64997f932b15a0a81f61718e8a267a4b36fab7b960d788a,43036908,831,2026-03-06,,,,,,79247987437655388455813084747,5,24317671808845,3082
modify,0x9ed2b133457a9debb64997f932b15a0a81f61718e8a267a4b36fab7b960d788a,43073359,772,2026-03-07,,,2,6,-7080463243270,,,,1
modify,0x9ed2b133457a9debb64997f932b15a0a81f61718e8a267a4b36fab7b960d788a,43073462,508,2026-03-07,,,2,8,4386345934796,,,,1
price,0x9ed2b133457a9debb64997f932b15a0a81f61718e8a267a4b36fab7b960d788a,43080105,441,2026-03-07,,,,,,79250440346294053602025833271,5,21623554500371,2352
modify,0x9ed2b133457a9debb64997f932b15a0a81f61718e8a267a4b36fab7b960d788a,43099289,1030,2026-03-08,,,4,6,-355068189581,,,,1
modify,0x9ed2b133457a9debb64997f932b15a0a81f61718e8a267a4b36fab7b960d788a,43107572,112,2026-03-08,,,4,6,0,,,,1
modify,0x9ed2b133457a9debb64997f932b15a0a81f61718e8a267a4b36fab7b960d788a,43115699,152,2026-03-08,,,2,8,2887466773,,,,1
price,0x9ed2b133457a9debb64997f932b15a0a81f61718e8a267a4b36fab7b960d788a,43123326,546,2026-03-08,,,,,,79250300465789718184663615705,5,21271373777563,2495
modify,0x9ed2b133457a9debb64997f932b15a0a81f61718e8a267a4b36fab7b960d788a,43130183,702,2026-03-09,,,10,20,0,,,,1
modify,0x9ed2b133457a9debb64997f932b15a0a81f61718e8a267a4b36fab7b960d788a,43130183,709,2026-03-09,,,10,20,-9207408395877,,,,1
modify,0x9ed2b133457a9debb64997f932b15a0a81f61718e8a267a4b36fab7b960d788a,43130648,366,2026-03-09,,,4,6,4846733828804,,,,1
modify,0x9ed2b133457a9debb64997f932b15a0a81f61718e8a267a4b36fab7b960d788a,43155413,958,2026-03-09,,,4,6,543523963263,,,,1
modify,0x9ed2b133457a9debb64997f932b15a0a81f61718e8a267a4b36fab7b960d788a,43158414,781,2026-03-09,,,2,8,-4386345934796,,,,1
modify,0x9ed2b133457a9debb64997f932b15a0a81f61718e8a267a4b36fab7b960d788a,43158602,803,2026-03-09,,,4,8,7927643927804,,,,1
modify,0x9ed2b133457a9debb64997f932b15a0a81f61718e8a267a4b36fab7b960d788a,43160884,630,2026-03-09,,,4,6,260455663639,,,,1
price,0x9ed2b133457a9debb64997f932b15a0a81f61718e8a267a4b36fab7b960d788a,43166507,88,2026-03-09,,,,,,79249334171947745225553996613,5,30463385226277,2732
modify,0x9ed2b133457a9debb64997f932b15a0a81f61718e8a267a4b36fab7b960d788a,43172000,567,2026-03-10,,,4,6,-4846733828804,,,,1
modify,0x9ed2b133457a9debb64997f932b15a0a81f61718e8a267a4b36fab7b960d788a,43181909,689,2026-03-10,,,2,8,0,,,,1
modify,0x9ed2b133457a9debb64997f932b15a0a81f61718e8a267a4b36fab7b960d788a,43181909,694,2026-03-10,,,2,8,-2887466773,,,,1
price,0x9ed2b133457a9debb64997f932b15a0a81f61718e8a267a4b36fab7b960d788a,43209726,81,2026-03-10,,,,,,79250920461753785170958234971,5,25613763930700,7530
modify,0x9ed2b133457a9debb64997f932b15a0a81f61718e8a267a4b36fab7b960d788a,43221978,518,2026-03-11,,,4,6,-1963071559527,,,,1
modify,0x9ed2b133457a9debb64997f932b15a0a81f61718e8a267a4b36fab7b960d788a,43222042,581,2026-03-11,,,6,8,1899219853135,,,,1
modify,0x9ed2b133457a9debb64997f932b15a0a81f61718e8a267a4b36fab7b960d788a,43224108,683,2026-03-11,,,4,6,-2793601834713,,,,1
modify,0x9ed2b133457a9debb64997f932b15a0a81f61718e8a267a4b36fab7b960d788a,43230609,915,2026-03-11,,,4,6,2191210123255,,,,1
modify,0x9ed2b133457a9debb64997f932b15a0a81f61718e8a267a4b36fab7b960d788a,43230622,268,2026-03-11,,,6,8,-1899219853135,,,,1
modify,0x9ed2b133457a9debb64997f932b15a0a81f61718e8a267a4b36fab7b960d788a,43230681,1106,2026-03-11,,,4,8,1398340324152,,,,1
price,0x9ed2b133457a9debb64997f932b15a0a81f61718e8a267a4b36fab7b960d788a,43252910,881,2026-03-11,,,,,,79253816087668089015817553421,6,12058879165919,12151
modify,0x9ed2b133457a9debb64997f932b15a0a81f61718e8a267a4b36fab7b960d788a,43284540,943,2026-03-12,,,6,26,542423818,,,,1
modify,0x9ed2b133457a9debb64997f932b15a0a81f61718e8a267a4b36fab7b960d788a,43286006,82,2026-03-12,,,4,6,0,,,,1
price,0x9ed2b133457a9debb64997f932b15a0a81f61718e8a267a4b36fab7b960d788a,43296100,2,2026-03-12,,,,,,79249258165469554967169243231,5,24446640983867,6452
modify,0x9ed2b133457a9debb64997f932b15a0a81f61718e8a267a4b36fab7b960d788a,43307125,994,2026-03-13,,,2,14,0,,,,1
modify,0x9ed2b133457a9debb64997f932b15a0a81f61718e8a267a4b36fab7b960d788a,43307310,742,2026-03-13,,,2,14,5903351434,,,,1
modify,0x9ed2b133457a9debb64997f932b15a0a81f61718e8a267a4b36fab7b960d788a,43307350,1103,2026-03-13,,,2,14,0,,,,1
modify,0x9ed2b133457a9debb64997f932b15a0a81f61718e8a267a4b36fab7b960d788a,43307463,765,2026-03-13,,,2,14,4079816138,,,,1
modify,0x9ed2b133457a9debb64997f932b15a0a81f61718e8a267a4b36fab7b960d788a,43314743,241,2026-03-13,,,4,8,-1398340324152,,,,1
modify,0x9ed2b133457a9debb64997f932b15a0a81f61718e8a267a4b36fab7b960d788a,43314768,319,2026-03-13,,,4,6,2741128052568,,,,1
modify,0x9ed2b133457a9debb64997f932b15a0a81f61718e8a267a4b36fab7b960d788a,43332251,567,2026-03-13,,,4,6,0,,,,1
price,0x9ed2b133457a9debb64997f932b15a0a81f61718e8a267a4b36fab7b960d788a,43339295,773,2026-03-13,,,,,,79249299734100755074155948487,5,25799411879855,4136
modify,0x9ed2b133457a9debb64997f932b15a0a81f61718e8a267a4b36fab7b960d788a,43347096,740,2026-03-14,,,2,8,666909062846,,,,1
modify,0x9ed2b133457a9debb64997f932b15a0a81f61718e8a267a4b36fab7b960d788a,43379594,706,2026-03-14,,,-508,494,20165367808,,,,1
price,0x9ed2b133457a9debb64997f932b15a0a81f61718e8a267a4b36fab7b960d788a,43382518,628,2026-03-14,,,,,,79249993313007583533751523454,5,26486486310509,3411
modify,0x9ed2b133457a9debb64997f932b15a0a81f61718e8a267a4b36fab7b960d788a,43386663,37,2026-03-15,,,-4,16,4554770529929,,,,1
modify,0x9ed2b133457a9debb64997f932b15a0a81f61718e8a267a4b36fab7b960d788a,43393675,854,2026-03-15,,,2,8,0,,,,1
modify,0x9ed2b133457a9debb64997f932b15a0a81f61718e8a267a4b36fab7b960d788a,43393680,440,2026-03-15,,,2,8,0,,,,1
modify,0x9ed2b133457a9debb64997f932b15a0a81f61718e8a267a4b36fab7b960d788a,43393680,443,2026-03-15,,,2,8,-666909062846,,,,1
modify,0x9ed2b133457a9debb64997f932b15a0a81f61718e8a267a4b36fab7b960d788a,43414689,484,2026-03-15,,,4,6,610317414944,,,,1
price,0x9ed2b133457a9debb64997f932b15a0a81f61718e8a267a4b36fab7b960d788a,43425725,948,2026-03-15,,,,,,79248582868068164186751379640,5,30984665192536,4184
modify,0x9ed2b133457a9debb64997f932b15a0a81f61718e8a267a4b36fab7b960d788a,43445101,1692,2026-03-16,,,0,10,30961561785,,,,1
modify,0x9ed2b133457a9debb64997f932b15a0a81f61718e8a267a4b36fab7b960d788a,43445271,219,2026-03-16,,,0,10,11782061881,,,,1
modify,0x9ed2b133457a9debb64997f932b15a0a81f61718e8a267a4b36fab7b960d788a,43463933,90,2026-03-16,,,-508,494,0,,,,1
modify,0x9ed2b133457a9debb64997f932b15a0a81f61718e8a267a4b36fab7b960d788a,43463933,95,2026-03-16,,,-508,494,-20165367808,,,,1
price,0x9ed2b133457a9debb64997f932b15a0a81f61718e8a267a4b36fab7b960d788a,43468868,392,2026-03-16,,,,,,79246902628840909510256649003,4,31007243448394,3369
modify,0x9ed2b133457a9debb64997f932b15a0a81f61718e8a267a4b36fab7b960d788a,43477469,701,2026-03-17,,,-6,88,229532233,,,,1
modify,0x9ed2b133457a9debb64997f932b15a0a81f61718e8a267a4b36fab7b960d788a,43488626,423,2026-03-17,,,0,10,-42743623666,,,,1
modify,0x9ed2b133457a9debb64997f932b15a0a81f61718e8a267a4b36fab7b960d788a,43488687,573,2026-03-17,,,2,8,69514105689,,,,1
modify,0x9ed2b133457a9debb64997f932b15a0a81f61718e8a267a4b36fab7b960d788a,43488823,363,2026-03-17,,,2,8,2007643250,,,,1
price,0x9ed2b133457a9debb64997f932b15a0a81f61718e8a267a4b36fab7b960d788a,43512125,206,2026-03-17,,,,,,79246749025447930416502086161,4,31036251105900,2133
modify,0x9ed2b133457a9debb64997f932b15a0a81f61718e8a267a4b36fab7b960d788a,43528614,274,2026-03-18,,,4,6,-1083713465312,,,,1
modify,0x9ed2b133457a9debb64997f932b15a0a81f61718e8a267a4b36fab7b960d788a,43533135,571,2026-03-18,,,-4,14,7770131647,,,,1
modify,0x9ed2b133457a9debb64997f932b15a0a81f61718e8a267a4b36fab7b960d788a,43533205,701,2026-03-18,,,-4,14,6012491475,,,,1
modify,0x9ed2b133457a9debb64997f932b15a0a81f61718e8a267a4b36fab7b960d788a,43539729,436,2026-03-18,,,4,6,0,,,,1
modify,0x9ed2b133457a9debb64997f932b15a0a81f61718e8a267a4b36fab7b960d788a,43539892,633,2026-03-18,,,4,6,9111613819864,,,,1
modify,0x9ed2b133457a9debb64997f932b15a0a81f61718e8a267a4b36fab7b960d788a,43539960,900,2026-03-18,,,6,26,-542423818,,,,1
modify,0x9ed2b133457a9debb64997f932b15a0a81f61718e8a267a4b36fab7b960d788a,43554065,681,2026-03-18,,,4,6,27039834026074,,,,1
modify,0x9ed2b133457a9debb64997f932b15a0a81f61718e8a267a4b36fab7b960d788a,43554109,573,2026-03-18,,,4,6,9245580689323,,,,1
price,0x9ed2b133457a9debb64997f932b15a0a81f61718e8a267a4b36fab7b960d788a,43555324,74,2026-03-18,,,,,,79247207039635018980514121266,4,75363348798971,3616
modify,0x9ed2b133457a9debb64997f932b15a0a81f61718e8a267a4b36fab7b960d788a,43573741,347,2026-03-19,,,-6,14,94705588237,,,,1
modify,0x9ed2b133457a9debb64997f932b15a0a81f61718e8a267a4b36fab7b960d788a,43573790,735,2026-03-19,,,-6,14,94791628013,,,,1
modify,0x9ed2b133457a9debb64997f932b15a0a81f61718e8a267a4b36fab7b960d788a,43574149,1232,2026-03-19,,,-6,14,94391260662,,,,1
modify,0x9ed2b133457a9debb64997f932b15a0a81f61718e8a267a4b36fab7b960d788a,43574258,658,2026-03-19,,,-6,14,94637605996,,,,1
modify,0x9ed2b133457a9debb64997f932b15a0a81f61718e8a267a4b36fab7b960d788a,43574284,2137,2026-03-19,,,-6,14,94635857769,,,,1
modify,0x9ed2b133457a9debb64997f932b15a0a81f61718e8a267a4b36fab7b960d788a,43574291,658,2026-03-19,,,-6,14,94639898536,,,,1
modify,0x9ed2b133457a9debb64997f932b15a0a81f61718e8a267a4b36fab7b960d788a,43574594,649,2026-03-19,,,-6,14,94103815890,,,,1
modify,0x9ed2b133457a9debb64997f932b15a0a81f61718e8a267a4b36fab7b960d788a,43574607,901,2026-03-19,,,-6,14,94109153026,,,,1
modify,0x9ed2b133457a9debb64997f932b15a0a81f61718e8a267a4b36fab7b960d788a,43574615,845,2026-03-19,,,-6,14,94107649480,,,,1
modify,0x9ed2b133457a9debb64997f932b15a0a81f61718e8a267a4b36fab7b960d788a,43574752,125,2026-03-19,,,-6,14,93097731858,,,,1
modify,0x9ed2b133457a9debb64997f932b15a0a81f61718e8a267a4b36fab7b960d788a,43574756,447,2026-03-19,,,-6,14,93077569585,,,,1
modify,0x9ed2b133457a9debb64997f932b15a0a81f61718e8a267a4b36fab7b960d788a,43581800,684,2026-03-19,,,2,6,-2535025772101,,,,1
price,0x9ed2b133457a9debb64997f932b15a0a81f61718e8a267a4b36fab7b960d788a,43598486,648,2026-03-19,,,,,,79247777455798237955791694201,4,73864620785922,3171
modify,0x9ed2b133457a9debb64997f932b15a0a81f61718e8a267a4b36fab7b960d788a,43641519,686,2026-03-20,,,2,10,595155298969,,,,1
price,0x9ed2b133457a9debb64997f932b15a0a81f61718e8a267a4b36fab7b960d788a,43641663,594,2026-03-20,,,,,,79249773437485291038190669059,5,74459776084891,2027
modify,0x9ed2b133457a9debb64997f932b15a0a81f61718e8a267a4b36fab7b960d788a,43657476,472,2026-03-21,,,4,8,0,,,,1
price,0x9ed2b133457a9debb64997f932b15a0a81f61718e8a267a4b36fab7b960d788a,43684902,493,2026-03-21,,,,,,79250599213917608503471283749,5,74459776084891,1289
modify,0x9ed2b133457a9debb64997f932b15a0a81f61718e8a267a4b36fab7b960d788a,43698684,557,2026-03-22,,,4,6,0,,,,1
price,0x9ed2b133457a9debb64997f932b15a0a81f61718e8a267a4b36fab7b960d788a,43728108,178,2026-03-22,,,,,,79250252665253088255930782563,5,74459776084891,2238
price,0x9ed2b133457a9debb64997f932b15a0a81f61718e8a267a4b36fab7b960d788a,43771318,626,2026-03-23,,,,,,79252034000279354445092457107,6,16942279501583,2745
modify,0x9ed2b133457a9debb64997f932b15a0a81f61718e8a267a4b36fab7b960d788a,43771950,910,2026-03-24,,,4,6,-13979537907743,,,,1
modify,0x9ed2b133457a9debb64997f932b15a0a81f61718e8a267a4b36fab7b960d788a,43772164,811,2026-03-24,,,4,6,16487591142959,,,,1
modify,0x9ed2b133457a9debb64997f932b15a0a81f61718e8a267a4b36fab7b960d788a,43782743,734,2026-03-24,,,4,6,0,,,,1
modify,0x9ed2b133457a9debb64997f932b15a0a81f61718e8a267a4b36fab7b960d788a,43802790,682,2026-03-24,,,4,6,-16487591142959,,,,1
price,0x9ed2b133457a9debb64997f932b15a0a81f61718e8a267a4b36fab7b960d788a,43814521,534,2026-03-24,,,,,,79244349517806909594934243079,4,60480238177148,3020
modify,0x9ed2b133457a9debb64997f932b15a0a81f61718e8a267a4b36fab7b960d788a,43830671,45,2026-03-25,,,4,6,-36285414715397,,,,1
modify,0x9ed2b133457a9debb64997f932b15a0a81f61718e8a267a4b36fab7b960d788a,43830847,785,2026-03-25,,,0,6,11965323449274,,,,1
modify,0x9ed2b133457a9debb64997f932b15a0a81f61718e8a267a4b36fab7b960d788a,43841784,683,2026-03-25,,,-2,8,14459112186232,,,,1
modify,0x9ed2b133457a9debb64997f932b15a0a81f61718e8a267a4b36fab7b960d788a,43841815,442,2026-03-25,,,-2,8,76752106215268,,,,1
modify,0x9ed2b133457a9debb64997f932b15a0a81f61718e8a267a4b36fab7b960d788a,43845680,404,2026-03-25,,,4,6,-7252543960168,,,,1
modify,0x9ed2b133457a9debb64997f932b15a0a81f61718e8a267a4b36fab7b960d788a,43845769,375,2026-03-25,,,2,4,7984961556328,,,,1
modify,0x9ed2b133457a9debb64997f932b15a0a81f61718e8a267a4b36fab7b960d788a,43849256,18,2026-03-25,,,4,8,-7927643927804,,,,1
modify,0x9ed2b133457a9debb64997f932b15a0a81f61718e8a267a4b36fab7b960d788a,43850955,1,2026-03-25,,,0,6,4253327289450,,,,1
price,0x9ed2b133457a9debb64997f932b15a0a81f61718e8a267a4b36fab7b960d788a,43857712,1012,2026-03-25,,,,,,79241272071848072980763347761,3,124277952614339,3716
modify,0x9ed2b133457a9debb64997f932b15a0a81f61718e8a267a4b36fab7b960d788a,43890927,372,2026-03-26,,,2,4,-7984961556328,,,,1
modify,0x9ed2b133457a9debb64997f932b15a0a81f61718e8a267a4b36fab7b960d788a,43891039,451,2026-03-26,,,2,6,3884498244951,,,,1
price,0x9ed2b133457a9debb64997f932b15a0a81f61718e8a267a4b36fab7b960d788a,43900912,744,2026-03-26,,,,,,79244597515387640633176984439,4,120329002958954,4146
modify,0x9ed2b133457a9debb64997f932b15a0a81f61718e8a267a4b36fab7b960d788a,43909899,789,2026-03-27,,,2,6,-504984771843,,,,1
modify,0x9ed2b133457a9debb64997f932b15a0a81f61718e8a267a4b36fab7b960d788a,43916556,416,2026-03-27,,,2,14,-1726673626359,,,,1
modify,0x9ed2b133457a9debb64997f932b15a0a81f61718e8a267a4b36fab7b960d788a,43919668,532,2026-03-27,,,2,14,0,,,,1
modify,0x9ed2b133457a9debb64997f932b15a0a81f61718e8a267a4b36fab7b960d788a,43919759,107,2026-03-27,,,2,14,1577212091,,,,1
price,0x9ed2b133457a9debb64997f932b15a0a81f61718e8a267a4b36fab7b960d788a,43944071,578,2026-03-27,,,,,,79246734757642516402102840281,4,118098921772843,3015
modify,0x9ed2b133457a9debb64997f932b15a0a81f61718e8a267a4b36fab7b960d788a,43959294,461,2026-03-28,,,2,14,1034180943,,,,1
modify,0x9ed2b133457a9debb64997f932b15a0a81f61718e8a267a4b36fab7b960d788a,43980947,517,2026-03-28,,,2,14,949398907,,,,1
price,0x9ed2b133457a9debb64997f932b15a0a81f61718e8a267a4b36fab7b960d788a,43987324,345,2026-03-28,,,,,,79245726257926375481814059862,4,118100905352693,4239
modify,0x9ed2b133457a9debb64997f932b15a0a81f61718e8a267a4b36fab7b960d788a,43987768,545,2026-03-29,,,-6,14,19266776835,,,,1
modify,0x9ed2b133457a9debb64997f932b15a0a81f61718e8a267a4b36fab7b960d788a,43994397,655,2026-03-29,,,-6,14,18492858033,,,,1
modify,0x9ed2b133457a9debb64997f932b15a0a81f61718e8a267a4b36fab7b960d788a,44000094,56,2026-03-29,,,2,14,-868246319124,,,,1
modify,0x9ed2b133457a9debb64997f932b15a0a81f61718e8a267a4b36fab7b960d788a,44007384,466,2026-03-29,,,-6,14,6217298538,,,,1
modify,0x9ed2b133457a9debb64997f932b15a0a81f61718e8a267a4b36fab7b960d788a,44007411,859,2026-03-29,,,-6,14,2657114063,,,,1
modify,0x9ed2b133457a9debb64997f932b15a0a81f61718e8a267a4b36fab7b960d788a,44012728,646,2026-03-29,,,2,8,-68660878981,,,,1
price,0x9ed2b133457a9debb64997f932b15a0a81f61718e8a267a4b36fab7b960d788a,44030525,633,2026-03-29,,,,,,79249953122278425535748098587,5,117210632202057,7222
price,0x9ed2b133457a9debb64997f932b15a0a81f61718e8a267a4b36fab7b960d788a,44073690,744,2026-03-30,,,,,,79248434776198431428337829038,5,117210632202057,6334
modify,0x9ed2b133457a9debb64997f932b15a0a81f61718e8a267a4b36fab7b960d788a,44102214,370,2026-03-31,,,2,8,-2832261258,,,,1
modify,0x9ed2b133457a9debb64997f932b15a0a81f61718e8a267a4b36fab7b960d788a,44116895,392,2026-03-31,,,-6,14,18425705183,,,,1
price,0x9ed2b133457a9debb64997f932b15a0a81f61718e8a267a4b36fab7b960d788a,44116924,138,2026-03-31,,,,,,79247402331545042856156777946,4,117226225645982,2099
modify,0x9ed2b133457a9debb64997f932b15a0a81f61718e8a267a4b36fab7b960d788a,44133340,1006,2026-04-01,,,2,8,-28608700,,,,1
modify,0x9ed2b133457a9debb64997f932b15a0a81f61718e8a267a4b36fab7b960d788a,44159017,513,2026-04-01,,,2,10,-595155298969,,,,1
price,0x9ed2b133457a9debb64997f932b15a0a81f61718e8a267a4b36fab7b960d788a,44160030,667,2026-04-01,,,,,,79248385596471521880762419760,5,116631041738313,2775
modify,0x9ed2b133457a9debb64997f932b15a0a81f61718e8a267a4b36fab7b960d788a,44173826,411,2026-04-02,,,2,6,-506927020966,,,,1
price,0x9ed2b133457a9debb64997f932b15a0a81f61718e8a267a4b36fab7b960d788a,44203322,689,2026-04-02,,,,,,79245519631901730336947405578,4,116124114717347,2683
price,0x9ed2b133457a9debb64997f932b15a0a81f61718e8a267a4b36fab7b960d788a,44246509,57,2026-04-03,,,,,,79249266895366220437719489806,5,116124114717347,2023
price,0x9ed2b133457a9debb64997f932b15a0a81f61718e8a267a4b36fab7b960d788a,44289708,568,2026-04-04,,,,,,79250221439290500607341775909,5,116124114717347,2081
price,0x9ed2b133457a9debb64997f932b15a0a81f61718e8a267a4b36fab7b960d788a,44332915,73,2026-04-05,,,,,,79249205553184883253752599857,5,116124114717347,1889
modify,0x9ed2b133457a9debb64997f932b15a0a81f61718e8a267a4b36fab7b960d788a,44338391,559,2026-04-06,,,-887272,887272,0,,,,1
modify,0x9ed2b133457a9debb64997f932b15a0a81f61718e8a267a4b36fab7b960d788a,44338391,564,2026-04-06,,,-887272,887272,-5272001,,,,1
price,0x9ed2b133457a9debb64997f932b15a0a81f61718e8a267a4b36fab7b960d788a,44376110,603,2026-04-06,,,,,,79253712537290654899869720789,6,97032872254480,1716
modify,0x9ed2b133457a9debb64997f932b15a0a81f61718e8a267a4b36fab7b960d788a,44385599,441,2026-04-07,,,2,6,-2872586452142,,,,1
modify,0x9ed2b133457a9debb64997f932b15a0a81f61718e8a267a4b36fab7b960d788a,44385678,719,2026-04-07,,,6,8,5641516966293,,,,1
modify,0x9ed2b133457a9debb64997f932b15a0a81f61718e8a267a4b36fab7b960d788a,44388468,73,2026-04-07,,,0,6,-11965323449274,,,,1
modify,0x9ed2b133457a9debb64997f932b15a0a81f61718e8a267a4b36fab7b960d788a,44402642,285,2026-04-07,,,6,8,-5641516966293,,,,1
modify,0x9ed2b133457a9debb64997f932b15a0a81f61718e8a267a4b36fab7b960d788a,44402747,489,2026-04-07,,,4,8,2913298530212,,,,1
modify,0x9ed2b133457a9debb64997f932b15a0a81f61718e8a267a4b36fab7b960d788a,44408763,351,2026-04-07,,,4,8,-2913298530212,,,,1
modify,0x9ed2b133457a9debb64997f932b15a0a81f61718e8a267a4b36fab7b960d788a,44408856,336,2026-04-07,,,4,6,10073208846819,,,,1
price,0x9ed2b133457a9debb64997f932b15a0a81f61718e8a267a4b36fab7b960d788a,44419325,610,2026-04-07,,,,,,79250269630760875234525444768,5,111359408390749,2147
modify,0x9ed2b133457a9debb64997f932b15a0a81f61718e8a267a4b36fab7b960d788a,44436556,42,2026-04-08,,,4,8,17634221920115,,,,1
price,0x9ed2b133457a9debb64997f932b15a0a81f61718e8a267a4b36fab7b960d788a,44462521,503,2026-04-08,,,,,,79251571925858394266865435046,5,128993630310864,2257
price,0x9ed2b133457a9debb64997f932b15a0a81f61718e8a267a4b36fab7b960d788a,44505716,390,2026-04-09,,,,,,79238330510916558197354165922,2,101134685887938,3903
modify,0x9ed2b133457a9debb64997f932b15a0a81f61718e8a267a4b36fab7b960d788a,44519355,1314,2026-04-10,,,4,6,-10073208846819,,,,1
price,0x9ed2b133457a9debb64997f932b15a0a81f61718e8a267a4b36fab7b960d788a,44548909,812,2026-04-10,,,,,,79232361273183932265712163166,1,101134685887938,2279
modify,0x9ed2b133457a9debb64997f932b15a0a81f61718e8a267a4b36fab7b960d788a,44561695,599,2026-04-11,,,4,8,-17634221920115,,,,1
price,0x9ed2b133457a9debb64997f932b15a0a81f61718e8a267a4b36fab7b960d788a,44592124,541,2026-04-11,,,,,,79230763756214143507890146162,0,101134685887938,1821
price,0x9ed2b133457a9debb64997f932b15a0a81f61718e8a267a4b36fab7b960d788a,44635324,135,2026-04-12,,,,,,79226076541219175304725968863,-1,96881358598488,1640
modify,0x9ed2b133457a9debb64997f932b15a0a81f61718e8a267a4b36fab7b960d788a,44636993,611,2026-04-13,,,0,6,-4253327289450,,,,1
modify,0x9ed2b133457a9debb64997f932b15a0a81f61718e8a267a4b36fab7b960d788a,44637933,647,2026-04-13,,,-4,2,5051240329593,,,,1
price,0x9ed2b133457a9debb64997f932b15a0a81f61718e8a267a4b36fab7b960d788a,44678492,416,2026-04-13,,,,,,79234486540479222789716217645,1,101932598928081,1890
price,0x9ed2b133457a9debb64997f932b15a0a81f61718e8a267a4b36fab7b960d788a,44721707,505,2026-04-14,,,,,,79234692967019709719854878322,1,101932598928081,1724
price,0x9ed2b133457a9debb64997f932b15a0a81f61718e8a267a4b36fab7b960d788a,44764923,240,2026-04-15,,,,,,79235498217636641965434674071,1,101932598928081,1788
modify,0x9ed2b133457a9debb64997f932b15a0a81f61718e8a267a4b36fab7b960d788a,44777694,528,2026-04-16,,,-4,2,-5051240329593,,,,1
modify,0x9ed2b133457a9debb64997f932b15a0a81f61718e8a267a4b36fab7b960d788a,44790103,575,2026-04-16,,,-8,12,1726756849458,,,,1
modify,0x9ed2b133457a9debb64997f932b15a0a81f61718e8a267a4b36fab7b960d788a,44790148,459,2026-04-16,,,-8,12,220217276838,,,,1
modify,0x9ed2b133457a9debb64997f932b15a0a81f61718e8a267a4b36fab7b960d788a,44795747,252,2026-04-16,,,-2,6,1343327149309,,,,1
price,0x9ed2b133457a9debb64997f932b15a0a81f61718e8a267a4b36fab7b960d788a,44808124,306,2026-04-16,,,,,,79237363905055645877885204483,2,100171659874093,2469
price,0x9ed2b133457a9debb64997f932b15a0a81f61718e8a267a4b36fab7b960d788a,44851295,581,2026-04-17,,,,,,79242478793646517622689219411,3,100171659874093,1957
price,0x9ed2b133457a9debb64997f932b15a0a81f61718e8a267a4b36fab7b960d788a,44894464,485,2026-04-18,,,,,,79243693530320708148003149605,3,100171659874093,1524
modify,0x9ed2b133457a9debb64997f932b15a0a81f61718e8a267a4b36fab7b960d788a,44897821,86,2026-04-19,,,-4,14,-13782623122,,,,1
price,0x9ed2b133457a9debb64997f932b15a0a81f61718e8a267a4b36fab7b960d788a,44937715,712,2026-04-19,,,,,,79236770111979713931020051776,2,100157877250971,1884
price,0x9ed2b133457a9debb64997f932b15a0a81f61718e8a267a4b36fab7b960d788a,44980920,727,2026-04-20,,,,,,79238578009638724139632393887,2,100157877250971,2530
modify,0x9ed2b133457a9debb64997f932b15a0a81f61718e8a267a4b36fab7b960d788a,44987353,463,2026-04-21,,,-48,52,14692539686,,,,1
modify,0x9ed2b133457a9debb64997f932b15a0a81f61718e8a267a4b36fab7b960d788a,44989615,329,2026-04-21,,,-6,14,-113904382831,,,,1
price,0x9ed2b133457a9debb64997f932b15a0a81f61718e8a267a4b36fab7b960d788a,45024109,182,2026-04-21,,,,,,79242482908002843277630176653,3,100058665407826,2515
modify,0x9ed2b133457a9debb64997f932b15a0a81f61718e8a267a4b36fab7b960d788a,45034311,606,2026-04-22,,,-2,8,32502442495,,,,1
modify,0x9ed2b133457a9debb64997f932b15a0a81f61718e8a267a4b36fab7b960d788a,45057846,434,2026-04-22,,,2,6,18369199723573,,,,1
modify,0x9ed2b133457a9debb64997f932b15a0a81f61718e8a267a4b36fab7b960d788a,45058180,431,2026-04-22,,,2,6,9564860293271,,,,1
modify,0x9ed2b133457a9debb64997f932b15a0a81f61718e8a267a4b36fab7b960d788a,45060448,505,2026-04-22,,,-2,8,-32502442495,,,,1
modify,0x9ed2b133457a9debb64997f932b15a0a81f61718e8a267a4b36fab7b960d788a,45066943,225,2026-04-22,,,-2,8,176279958057,,,,1
price,0x9ed2b133457a9debb64997f932b15a0a81f61718e8a267a4b36fab7b960d788a,45067303,16,2026-04-22,,,,,,79246804775282309848263308913,4,128320519038719,2202
price,0x9ed2b133457a9debb64997f932b15a0a81f61718e8a267a4b36fab7b960d788a,45110415,386,2026-04-23,,,,,,79246722475841221627078339829,4,128320519038719,1870
modify,0x9ed2b133457a9debb64997f932b15a0a81f61718e8a267a4b36fab7b960d788a,45112201,310,2026-04-24,,,-8,12,0,,,,1
price,0x9ed2b133457a9debb64997f932b15a0a81f61718e8a267a4b36fab7b960d788a,45153597,465,2026-04-24,,,,,,79247803757651258787567426516,4,128320519038719,1785
price,0x9ed2b133457a9debb64997f932b15a0a81f61718e8a267a4b36fab7b960d788a,45196823,301,2026-04-25,,,,,,79250734552173481008655762978,5,128320519038719,1860
price,0x9ed2b133457a9debb64997f932b15a0a81f61718e8a267a4b36fab7b960d788a,45240105,361,2026-04-26,,,,,,79251091134874474283767347196,5,128320519038719,2066
price,0x9ed2b133457a9debb64997f932b15a0a81f61718e8a267a4b36fab7b960d788a,45283322,86,2026-04-27,,,,,,79250918743074970566166308331,5,128320519038719,2188
modify,0x9ed2b133457a9debb64997f932b15a0a81f61718e8a267a4b36fab7b960d788a,45307597,245,2026-04-28,,,-8,12,0,,,,1
price,0x9ed2b133457a9debb64997f932b15a0a81f61718e8a267a4b36fab7b960d788a,45326474,263,2026-04-28,,,,,,79247795130035925635234565555,4,128320519038719,1956
price,0x9ed2b133457a9debb64997f932b15a0a81f61718e8a267a4b36fab7b960d788a,45369711,762,2026-04-29,,,,,,79249635460725056571238963985,5,128320519038719,2186
price,0x9ed2b133457a9debb64997f932b15a0a81f61718e8a267a4b36fab7b960d788a,45412914,361,2026-04-30,,,,,,79250829101870954278964760213,5,128320519038719,1762
price,0x9ed2b133457a9debb64997f932b15a0a81f61718e8a267a4b36fab7b960d788a,45456126,399,2026-05-01,,,,,,79256549502983990765232761989,7,99043131872566,2399
modify,0x9ed2b133457a9debb64997f932b15a0a81f61718e8a267a4b36fab7b960d788a,45459890,0,2026-05-02,,,2,6,-18369199723573,,,,1
modify,0x9ed2b133457a9debb64997f932b15a0a81f61718e8a267a4b36fab7b960d788a,45460029,265,2026-05-02,,,6,8,32591140464743,,,,1
modify,0x9ed2b133457a9debb64997f932b15a0a81f61718e8a267a4b36fab7b960d788a,45469468,3,2026-05-02,,,2,6,-9564860293271,,,,1
price,0x9ed2b133457a9debb64997f932b15a0a81f61718e8a267a4b36fab7b960d788a,45499260,445,2026-05-02,,,,,,79254363336676902611342797891,6,131634272337309,2523
price,0x9ed2b133457a9debb64997f932b15a0a81f61718e8a267a4b36fab7b960d788a,45542516,187,2026-05-03,,,,,,79252194304451813755061364010,6,131634272337309,2466
modify,0x9ed2b133457a9debb64997f932b15a0a81f61718e8a267a4b36fab7b960d788a,45545313,257,2026-05-04,,,6,8,-32591140464743,,,,1
modify,0x9ed2b133457a9debb64997f932b15a0a81f61718e8a267a4b36fab7b960d788a,45559731,13,2026-05-04,,,-6,14,-93077569585,,,,1
modify,0x9ed2b133457a9debb64997f932b15a0a81f61718e8a267a4b36fab7b960d788a,45559737,261,2026-05-04,,,-6,14,-93097731858,,,,1
modify,0x9ed2b133457a9debb64997f932b15a0a81f61718e8a267a4b36fab7b960d788a,45560070,62,2026-05-04,,,-6,14,-94107649480,,,,1
modify,0x9ed2b133457a9debb64997f932b15a0a81f61718e8a267a4b36fab7b960d788a,45560255,359,2026-05-04,,,-6,14,-94103815890,,,,1
modify,0x9ed2b133457a9debb64997f932b15a0a81f61718e8a267a4b36fab7b960d788a,45560263,1377,2026-05-04,,,-6,14,-94109153026,,,,1
price,0x9ed2b133457a9debb64997f932b15a0a81f61718e8a267a4b36fab7b960d788a,45585722,50,2026-05-04,,,,,,79251555590096611811425175468,5,99917963102036,2266
price,0x9ed2b133457a9debb64997f932b15a0a81f61718e8a267a4b36fab7b960d788a,45628874,340,2026-05-05,,,,,,79251451763525192032932887531,5,99917963102036,2220
price,0x9ed2b133457a9debb64997f932b15a0a81f61718e8a267a4b36fab7b960d788a,45672119,382,2026-05-06,,,,,,79251098881631778950977140070,5,99917963102036,2274
price,0x9ed2b133457a9debb64997f932b15a0a81f61718e8a267a4b36fab7b960d788a,45715326,937,2026-05-07,,,,,,79253858623270408488224430118,6,98574635952727,2317
price,0x9ed2b133457a9debb64997f932b15a0a81f61718e8a267a4b36fab7b960d788a,45758503,273,2026-05-08,,,,,,79252566831494260111525446368,6,98574635952727,2235
price,0x9ed2b133457a9debb64997f932b15a0a81f61718e8a267a4b36fab7b960d788a,45801604,598,2026-05-09,,,,,,79250387427550373949735072332,5,99917963102036,1932
price,0x9ed2b133457a9debb64997f932b15a0a81f61718e8a267a4b36fab7b960d788a,45844923,449,2026-05-10,,,,,,79250662528452740491378829621,5,99917963102036,1733
modify,0x9ed2b133457a9debb64997f932b15a0a81f61718e8a267a4b36fab7b960d788a,45867383,1257,2026-05-11,,,4,8,1650770239982,,,,1
price,0x9ed2b133457a9debb64997f932b15a0a81f61718e8a267a4b36fab7b960d788a,45888126,463,2026-05-11,,,,,,79249656596808629492877972677,5,101568733342018,1914
modify,0x9ed2b133457a9debb64997f932b15a0a81f61718e8a267a4b36fab7b960d788a,45908359,97,2026-05-12,,,-8,12,0,,,,1
price,0x9ed2b133457a9debb64997f932b15a0a81f61718e8a267a4b36fab7b960d788a,45931274,651,2026-05-12,,,,,,79251525577534255761387628546,5,101568733342018,1837
modify,0x9ed2b133457a9debb64997f932b15a0a81f61718e8a267a4b36fab7b960d788a,45948600,7,2026-05-13,,,-6,14,-103265673263,,,,1
modify,0x9ed2b133457a9debb64997f932b15a0a81f61718e8a267a4b36fab7b960d788a,45948991,38,2026-05-13,,,-6,14,-94635857769,,,,1
modify,0x9ed2b133457a9debb64997f932b15a0a81f61718e8a267a4b36fab7b960d788a,45949001,375,2026-05-13,,,-6,14,-94639898536,,,,1
price,0x9ed2b133457a9debb64997f932b15a0a81f61718e8a267a4b36fab7b960d788a,45974505,30,2026-05-13,,,,,,79250216321955552505457261005,5,101276191912450,2815
modify,0x9ed2b133457a9debb64997f932b15a0a81f61718e8a267a4b36fab7b960d788a,45985412,6,2026-05-14,,,-6,88,-229532233,,,,1
price,0x9ed2b133457a9debb64997f932b15a0a81f61718e8a267a4b36fab7b960d788a,46017695,43,2026-05-14,,,,,,79248455196315828823366757325,5,101275962380217,2181
price,0x9ed2b133457a9debb64997f932b15a0a81f61718e8a267a4b36fab7b960d788a,46060918,973,2026-05-15,,,,,,79264314266766239701513651011,9,6894366631369,1887
modify,0x9ed2b133457a9debb64997f932b15a0a81f61718e8a267a4b36fab7b960d788a,46071587,32,2026-05-16,,,-6,14,0,,,,1
modify,0x9ed2b133457a9debb64997f932b15a0a81f61718e8a267a4b36fab7b960d788a,46071591,669,2026-05-16,,,-6,14,0,,,,1
modify,0x9ed2b133457a9debb64997f932b15a0a81f61718e8a267a4b36fab7b960d788a,46071614,407,2026-05-16,,,-6,14,-113198446270,,,,1
modify,0x9ed2b133457a9debb64997f932b15a0a81f61718e8a267a4b36fab7b960d788a,46074385,209,2026-05-16,,,6,10,9338961196546,,,,1
modify,0x9ed2b133457a9debb64997f932b15a0a81f61718e8a267a4b36fab7b960d788a,46074514,232,2026-05-16,,,6,10,8558425085869,,,,1
modify,0x9ed2b133457a9debb64997f932b15a0a81f61718e8a267a4b36fab7b960d788a,46074627,180,2026-05-16,,,6,10,8073534111725,,,,1
modify,0x9ed2b133457a9debb64997f932b15a0a81f61718e8a267a4b36fab7b960d788a,46086282,425,2026-05-16,,,4,8,-1650770239982,,,,1
modify,0x9ed2b133457a9debb64997f932b15a0a81f61718e8a267a4b36fab7b960d788a,46086449,175,2026-05-16,,,6,10,1736122910497,,,,1
price,0x9ed2b133457a9debb64997f932b15a0a81f61718e8a267a4b36fab7b960d788a,46104103,231,2026-05-16,,,,,,79263252525229245492392796605,8,34488211489736,1227
modify,0x9ed2b133457a9debb64997f932b15a0a81f61718e8a267a4b36fab7b960d788a,46144735,196,2026-05-17,,,-6,14,-113217333196,,,,1
price,0x9ed2b133457a9debb64997f932b15a0a81f61718e8a267a4b36fab7b960d788a,46147212,422,2026-05-17,,,,,,79260935452092322148730507455,8,34374994156540,2338
price,0x9ed2b133457a9debb64997f932b15a0a81f61718e8a267a4b36fab7b960d788a,46190497,33,2026-05-18,,,,,,79266108490349116692321520318,9,34374994156540,2401
modify,0x9ed2b133457a9debb64997f932b15a0a81f61718e8a267a4b36fab7b960d788a,46190887,174,2026-05-19,,,6,12,1448387306317,,,,1
modify,0x9ed2b133457a9debb64997f932b15a0a81f61718e8a267a4b36fab7b960d788a,46196657,24,2026-05-19,,,6,12,4815454338491,,,,1
modify,0x9ed2b133457a9debb64997f932b15a0a81f61718e8a267a4b36fab7b960d788a,46196677,689,2026-05-19,,,6,12,8281620837326,,,,1
modify,0x9ed2b133457a9debb64997f932b15a0a81f61718e8a267a4b36fab7b960d788a,46197330,231,2026-05-19,,,6,12,2273323514633,,,,1
modify,0x9ed2b133457a9debb64997f932b15a0a81f61718e8a267a4b36fab7b960d788a,46197410,517,2026-05-19,,,6,12,53567486589,,,,1
modify,0x9ed2b133457a9debb64997f932b15a0a81f61718e8a267a4b36fab7b960d788a,46215625,386,2026-05-19,,,6,10,-1736122910497,,,,1
modify,0x9ed2b133457a9debb64997f932b15a0a81f61718e8a267a4b36fab7b960d788a,46215815,105,2026-05-19,,,8,12,1959061639283,,,,1
price,0x9ed2b133457a9debb64997f932b15a0a81f61718e8a267a4b36fab7b960d788a,46233724,176,2026-05-19,,,,,,79266956320627947377093362952,9,51470286368682,2305
modify,0x9ed2b133457a9debb64997f932b15a0a81f61718e8a267a4b36fab7b960d788a,46270813,535,2026-05-20,,,6,10,-16631959197594,,,,1
modify,0x9ed2b133457a9debb64997f932b15a0a81f61718e8a267a4b36fab7b960d788a,46270907,701,2026-05-20,,,6,14,8412185925742,,,,1
modify,0x9ed2b133457a9debb64997f932b15a0a81f61718e8a267a4b36fab7b960d788a,46271089,57,2026-05-20,,,6,10,-9338961196546,,,,1
modify,0x9ed2b133457a9debb64997f932b15a0a81f61718e8a267a4b36fab7b960d788a,46271194,676,2026-05-20,,,8,14,6188094087092,,,,1
price,0x9ed2b133457a9debb64997f932b15a0a81f61718e8a267a4b36fab7b960d788a,46276903,13,2026-05-20,,,,,,79270189263415071723420188674,10,40101758293082,2325
modify,0x9ed2b133457a9debb64997f932b15a0a81f61718e8a267a4b36fab7b960d788a,46282388,409,2026-05-21,,,-8,12,0,,,,1
modify,0x9ed2b133457a9debb64997f932b15a0a81f61718e8a267a4b36fab7b960d788a,46282403,226,2026-05-21,,,-8,12,228167901,,,,1
modify,0x9ed2b133457a9debb64997f932b15a0a81f61718e8a267a4b36fab7b960d788a,46282782,451,2026-05-21,,,-8,12,2277753823,,,,1
modify,0x9ed2b133457a9debb64997f932b15a0a81f61718e8a267a4b36fab7b960d788a,46283446,581,2026-05-21,,,6,12,409977616255,,,,1
modify,0x9ed2b133457a9debb64997f932b15a0a81f61718e8a267a4b36fab7b960d788a,46283520,264,2026-05-21,,,6,12,22516070630,,,,1
price,0x9ed2b133457a9debb64997f932b15a0a81f61718e8a267a4b36fab7b960d788a,46320122,536,2026-05-21,,,,,,79262104651139722241683069219,8,40534645595985,2982
modify,0x9ed2b133457a9debb64997f932b15a0a81f61718e8a267a4b36fab7b960d788a,46326450,736,2026-05-22,,,-8,12,2593574900,,,,1
modify,0x9ed2b133457a9debb64997f932b15a0a81f61718e8a267a4b36fab7b960d788a,46340646,3,2026-05-22,,,6,12,-1448387306317,,,,1
modify,0x9ed2b133457a9debb64997f932b15a0a81f61718e8a267a4b36fab7b960d788a,46340763,497,2026-05-22,,,2,14,757207468211,,,,1
modify,0x9ed2b133457a9debb64997f932b15a0a81f61718e8a267a4b36fab7b960d788a,46345834,495,2026-05-22,,,8,12,-1959061639283,,,,1
modify,0x9ed2b133457a9debb64997f932b15a0a81f61718e8a267a4b36fab7b960d788a,46346226,236,2026-05-22,,,12,18,1328129294481,,,,1
price,0x9ed2b133457a9debb64997f932b15a0a81f61718e8a267a4b36fab7b960d788a,46363324,262,2026-05-22,,,,,,79281707621293129887277196789,13,21456226589296,2989
modify,0x9ed2b133457a9debb64997f932b15a0a81f61718e8a267a4b36fab7b960d788a,46366977,122,2026-05-23,,,-8,12,-1952073622920,,,,1
modify,0x9ed2b133457a9debb64997f932b15a0a81f61718e8a267a4b36fab7b960d788a,46369605,263,2026-05-23,,,6,12,-15856459863924,,,,1
modify,0x9ed2b133457a9debb64997f932b15a0a81f61718e8a267a4b36fab7b960d788a,46369715,14,2026-05-23,,,10,16,6220328942254,,,,1
modify,0x9ed2b133457a9debb64997f932b15a0a81f61718e8a267a4b36fab7b960d788a,46369769,42,2026-05-23,,,10,16,7962966327652,,,,1
modify,0x9ed2b133457a9debb64997f932b15a0a81f61718e8a267a4b36fab7b960d788a,46369871,815,2026-05-23,,,10,16,1669826230302,,,,1
modify,0x9ed2b133457a9debb64997f932b15a0a81f61718e8a267a4b36fab7b960d788a,46378838,593,2026-05-23,,,2,14,-37860373410,,,,1
price,0x9ed2b133457a9debb64997f932b15a0a81f61718e8a267a4b36fab7b960d788a,46406516,335,2026-05-23,,,,,,79264852772353740442253280411,9,20040603833242,2185
modify,0x9ed2b133457a9debb64997f932b15a0a81f61718e8a267a4b36fab7b960d788a,46411306,498,2026-05-24,,,0,20,1265595039583,,,,1
modify,0x9ed2b133457a9debb64997f932b15a0a81f61718e8a267a4b36fab7b960d788a,46411514,405,2026-05-24,,,0,20,664657351397,,,,1
modify,0x9ed2b133457a9debb64997f932b15a0a81f61718e8a267a4b36fab7b960d788a,46411553,493,2026-05-24,,,0,20,17301114604,,,,1
modify,0x9ed2b133457a9debb64997f932b15a0a81f61718e8a267a4b36fab7b960d788a,46412656,497,2026-05-24,,,2,14,-719347094801,,,,1
modify,0x9ed2b133457a9debb64997f932b15a0a81f61718e8a267a4b36fab7b960d788a,46432489,314,2026-05-24,,,12,18,-1328129294481,,,,1
modify,0x9ed2b133457a9debb64997f932b15a0a81f61718e8a267a4b36fab7b960d788a,46432694,449,2026-05-24,,,8,12,2044749756036,,,,1
price,0x9ed2b133457a9debb64997f932b15a0a81f61718e8a267a4b36fab7b960d788a,46449658,194,2026-05-24,,,,,,79261848651836161531209077670,8,23313560000061,2445
modify,0x9ed2b133457a9debb64997f932b15a0a81f61718e8a267a4b36fab7b960d788a,46455205,2,2026-05-25,,,10,16,-15853121500208,,,,1
modify,0x9ed2b133457a9debb64997f932b15a0a81f61718e8a267a4b36fab7b960d788a,46466077,163,2026-05-25,,,0,20,-1947553505584,,,,1
modify,0x9ed2b133457a9debb64997f932b15a0a81f61718e8a267a4b36fab7b960d788a,46466138,350,2026-05-25,,,-76,124,194805067940,,,,1
modify,0x9ed2b133457a9debb64997f932b15a0a81f61718e8a267a4b36fab7b960d788a,46466382,237,2026-05-25,,,-76,124,184385242,,,,1
modify,0x9ed2b133457a9debb64997f932b15a0a81f61718e8a267a4b36fab7b960d788a,46471330,385,2026-05-25,,,16,22,3048971403097,,,,1
modify,0x9ed2b133457a9debb64997f932b15a0a81f61718e8a267a4b36fab7b960d788a,46472238,538,2026-05-25,,,16,22,-3048971403097,,,,1
modify,0x9ed2b133457a9debb64997f932b15a0a81f61718e8a267a4b36fab7b960d788a,46472471,1393,2026-05-25,,,16,26,1803350961939,,,,1
modify,0x9ed2b133457a9debb64997f932b15a0a81f61718e8a267a4b36fab7b960d788a,46474796,105,2026-05-25,,,8,12,-2044749756036,,,,1
modify,0x9ed2b133457a9debb64997f932b15a0a81f61718e8a267a4b36fab7b960d788a,46475115,1264,2026-05-25,,,24,28,1992443354988,,,,1
modify,0x9ed2b133457a9debb64997f932b15a0a81f61718e8a267a4b36fab7b960d788a,46486746,698,2026-05-25,,,6,14,-8412185925742,,,,1
modify,0x9ed2b133457a9debb64997f932b15a0a81f61718e8a267a4b36fab7b960d788a,46487180,194,2026-05-25,,,16,30,4709059167304,,,,1
price,0x9ed2b133457a9debb64997f932b15a0a81f61718e8a267a4b36fab7b960d788a,46492871,639,2026-05-25,,,,,,79325328524693364803251828736,24,8764168565262,3111
modify,0x9ed2b133457a9debb64997f932b15a0a81f61718e8a267a4b36fab7b960d788a,46511481,837,2026-05-26,,,16,26,-1803350961939,,,,1
modify,0x9ed2b133457a9debb64997f932b15a0a81f61718e8a267a4b36fab7b960d788a,46512288,881,2026-05-26,,,20,30,1770659682238,,,,1
modify,0x9ed2b133457a9debb64997f932b15a0a81f61718e8a267a4b36fab7b960d788a,46532041,605,2026-05-26,,,20,30,-1770659682238,,,,1
modify,0x9ed2b133457a9debb64997f932b15a0a81f61718e8a267a4b36fab7b960d788a,46532219,748,2026-05-26,,,18,26,2299049273780,,,,1
modify,0x9ed2b133457a9debb64997f932b15a0a81f61718e8a267a4b36fab7b960d788a,46535485,228,2026-05-26,,,18,26,-2299049273780,,,,1
modify,0x9ed2b133457a9debb64997f932b15a0a81f61718e8a267a4b36fab7b960d788a,46535510,441,2026-05-26,,,16,26,1839148581758,,,,1
price,0x9ed2b133457a9debb64997f932b15a0a81f61718e8a267a4b36fab7b960d788a,46536118,177,2026-05-26,,,,,,79289871165948103254446926336,15,4998511215122,5963
modify,0x9ed2b133457a9debb64997f932b15a0a81f61718e8a267a4b36fab7b960d788a,46538089,59,2026-05-27,,,16,26,-1839148581758,,,,1
modify,0x9ed2b133457a9debb64997f932b15a0a81f61718e8a267a4b36fab7b960d788a,46538154,164,2026-05-27,,,14,26,1526245354216,,,,1
modify,0x9ed2b133457a9debb64997f932b15a0a81f61718e8a267a4b36fab7b960d788a,46560563,24,2026-05-27,,,14,26,-1526245354216,,,,1
modify,0x9ed2b133457a9debb64997f932b15a0a81f61718e8a267a4b36fab7b960d788a,46561723,247,2026-05-27,,,24,28,-1992443354988,,,,1
modify,0x9ed2b133457a9debb64997f932b15a0a81f61718e8a267a4b36fab7b960d788a,46562258,505,2026-05-27,,,6,10,2207475894966,,,,1
price,0x9ed2b133457a9debb64997f932b15a0a81f61718e8a267a4b36fab7b960d788a,46579264,506,2026-05-27,,,,,,79290897150199092587845851373,15,4998511215122,3570
modify,0x9ed2b133457a9debb64997f932b15a0a81f61718e8a267a4b36fab7b960d788a,46590508,272,2026-05-28,,,6,10,-2207475894966,,,,1
modify,0x9ed2b133457a9debb64997f932b15a0a81f61718e8a267a4b36fab7b960d788a,46590743,474,2026-05-28,,,16,20,2103733279750,,,,1
modify,0x9ed2b133457a9debb64997f932b15a0a81f61718e8a267a4b36fab7b960d788a,46593098,88,2026-05-28,,,8,18,879132475831,,,,1
modify,0x9ed2b133457a9debb64997f932b15a0a81f61718e8a267a4b36fab7b960d788a,46615712,572,2026-05-28,,,16,30,-4709059167304,,,,1
modify,0x9ed2b133457a9debb64997f932b15a0a81f61718e8a267a4b36fab7b960d788a,46615865,17,2026-05-28,,,8,20,5649305148607,,,,1
modify,0x9ed2b133457a9debb64997f932b15a0a81f61718e8a267a4b36fab7b960d788a,46615877,269,2026-05-28,,,8,20,467287713380,,,,1
modify,0x9ed2b133457a9debb64997f932b15a0a81f61718e8a267a4b36fab7b960d788a,46615945,285,2026-05-28,,,8,14,-6188094087092,,,,1
modify,0x9ed2b133457a9debb64997f932b15a0a81f61718e8a267a4b36fab7b960d788a,46616037,17,2026-05-28,,,6,20,2538887098323,,,,1
price,0x9ed2b133457a9debb64997f932b15a0a81f61718e8a267a4b36fab7b960d788a,46622513,928,2026-05-28,,,,,,79280090718904157515478395612,13,14500211703093,3152
modify,0x9ed2b133457a9debb64997f932b15a0a81f61718e8a267a4b36fab7b960d788a,46633566,418,2026-05-29,,,16,20,-2103733279750,,,,1
modify,0x9ed2b133457a9debb64997f932b15a0a81f61718e8a267a4b36fab7b960d788a,46633691,733,2026-05-29,,,12,16,2322773986377,,,,1
price,0x9ed2b133457a9debb64997f932b15a0a81f61718e8a267a4b36fab7b960d788a,46665703,231,2026-05-29,,,,,,79286250651088220842608779897,14,16855897637640,3721
modify,0x9ed2b133457a9debb64997f932b15a0a81f61718e8a267a4b36fab7b960d788a,46689464,91,2026-05-30,,,12,16,-2322773986377,,,,1
modify,0x9ed2b133457a9debb64997f932b15a0a81f61718e8a267a4b36fab7b960d788a,46689640,118,2026-05-30,,,8,12,2503072326571,,,,1
modify,0x9ed2b133457a9debb64997f932b15a0a81f61718e8a267a4b36fab7b960d788a,46706883,94,2026-05-30,,,4,16,895913154676,,,,1
modify,0x9ed2b133457a9debb64997f932b15a0a81f61718e8a267a4b36fab7b960d788a,46706947,533,2026-05-30,,,4,16,902292819953,,,,1
modify,0x9ed2b133457a9debb64997f932b15a0a81f61718e8a267a4b36fab7b960d788a,46706970,129,2026-05-30,,,4,16,924534653726,,,,1
modify,0x9ed2b133457a9debb64997f932b15a0a81f61718e8a267a4b36fab7b960d788a,46706992,204,2026-05-30,,,4,16,1513425025867,,,,1
modify,0x9ed2b133457a9debb64997f932b15a0a81f61718e8a267a4b36fab7b960d788a,46707033,565,2026-05-30,,,4,16,1475397297237,,,,1
modify,0x9ed2b133457a9debb64997f932b15a0a81f61718e8a267a4b36fab7b960d788a,46707081,634,2026-05-30,,,4,16,1098570364156,,,,1
price,0x9ed2b133457a9debb64997f932b15a0a81f61718e8a267a4b36fab7b960d788a,46708882,38,2026-05-30,,,,,,79270797239613358032303470605,10,23765896562822,3074
modify,0x9ed2b133457a9debb64997f932b15a0a81f61718e8a267a4b36fab7b960d788a,46716222,60,2026-05-31,,,8,12,1441387383684,,,,1
modify,0x9ed2b133457a9debb64997f932b15a0a81f61718e8a267a4b36fab7b960d788a,46716239,323,2026-05-31,,,8,12,-1441387383684,,,,1
modify,0x9ed2b133457a9debb64997f932b15a0a81f61718e8a267a4b36fab7b960d788a,46716413,114,2026-05-31,,,10,12,3353193346570,,,,1
modify,0x9ed2b133457a9debb64997f932b15a0a81f61718e8a267a4b36fab7b960d788a,46716564,222,2026-05-31,,,10,12,485348539074,,,,1
modify,0x9ed2b133457a9debb64997f932b15a0a81f61718e8a267a4b36fab7b960d788a,46716784,264,2026-05-31,,,8,14,2460401606656,,,,1
modify,0x9ed2b133457a9debb64997f932b15a0a81f61718e8a267a4b36fab7b960d788a,46716839,103,2026-05-31,,,8,14,4792022160445,,,,1
price,0x9ed2b133457a9debb64997f932b15a0a81f61718e8a267a4b36fab7b960d788a,46752082,606,2026-05-31,,,,,,79269987261928816190398709186,10,34856862215567,2775
modify,0x9ed2b133457a9debb64997f932b15a0a81f61718e8a267a4b36fab7b960d788a,46766297,83,2026-06-01,,,10,12,-3838541885644,,,,1
modify,0x9ed2b133457a9debb64997f932b15a0a81f61718e8a267a4b36fab7b960d788a,46766333,31,2026-06-01,,,12,16,1512521449558,,,,1
modify,0x9ed2b133457a9debb64997f932b15a0a81f61718e8a267a4b36fab7b960d788a,46768245,469,2026-06-01,,,8,14,-7252423767101,,,,1
modify,0x9ed2b133457a9debb64997f932b15a0a81f61718e8a267a4b36fab7b960d788a,46777536,108,2026-06-01,,,8,12,-2503072326571,,,,1
modify,0x9ed2b133457a9debb64997f932b15a0a81f61718e8a267a4b36fab7b960d788a,46777716,162,2026-06-01,,,18,22,2272617044277,,,,1
modify,0x9ed2b133457a9debb64997f932b15a0a81f61718e8a267a4b36fab7b960d788a,46781918,270,2026-06-01,,,12,16,-1512521449558,,,,1
modify,0x9ed2b133457a9debb64997f932b15a0a81f61718e8a267a4b36fab7b960d788a,46781947,481,2026-06-01,,,20,24,1638786559279,,,,1
modify,0x9ed2b133457a9debb64997f932b15a0a81f61718e8a267a4b36fab7b960d788a,46788238,33,2026-06-01,,,20,24,-1638786559279,,,,1
modify,0x9ed2b133457a9debb64997f932b15a0a81f61718e8a267a4b36fab7b960d788a,46788265,353,2026-06-01,,,18,22,1574823168537,,,,1
modify,0x9ed2b133457a9debb64997f932b15a0a81f61718e8a267a4b36fab7b960d788a,46790677,31,2026-06-01,,,8,18,-879132475831,,,,1
price,0x9ed2b133457a9debb64997f932b15a0a81f61718e8a267a4b36fab7b960d788a,46795307,376,2026-06-01,,,,,,79306063032964152846165592706,19,12913748910147,2874
modify,0x9ed2b133457a9debb64997f932b15a0a81f61718e8a267a4b36fab7b960d788a,46802582,501,2026-06-02,,,8,20,-6116592861987,,,,1
modify,0x9ed2b133457a9debb64997f932b15a0a81f61718e8a267a4b36fab7b960d788a,46802773,354,2026-06-02,,,12,28,3894189838940,,,,1
modify,0x9ed2b133457a9debb64997f932b15a0a81f61718e8a267a4b36fab7b960d788a,46802791,36,2026-06-02,,,12,28,609938799076,,,,1
modify,0x9ed2b133457a9debb64997f932b15a0a81f61718e8a267a4b36fab7b960d788a,46808537,86,2026-06-02,,,4,16,-6810133315615,,,,1
modify,0x9ed2b133457a9debb64997f932b15a0a81f61718e8a267a4b36fab7b960d788a,46809451,344,2026-06-02,,,18,22,-1574823168537,,,,1
modify,0x9ed2b133457a9debb64997f932b15a0a81f61718e8a267a4b36fab7b960d788a,46809490,27,2026-06-02,,,22,26,1948542912466,,,,1
modify,0x9ed2b133457a9debb64997f932b15a0a81f61718e8a267a4b36fab7b960d788a,46811111,514,2026-06-02,,,22,26,-1948542912466,,,,1
modify,0x9ed2b133457a9debb64997f932b15a0a81f61718e8a267a4b36fab7b960d788a,46811156,230,2026-06-02,,,44,48,1845246948467,,,,1
modify,0x9ed2b133457a9debb64997f932b15a0a81f61718e8a267a4b36fab7b960d788a,46811244,688,2026-06-02,,,6,20,-2538887098323,,,,1
modify,0x9ed2b133457a9debb64997f932b15a0a81f61718e8a267a4b36fab7b960d788a,46811262,267,2026-06-02,,,44,48,-1845246948467,,,,1
modify,0x9ed2b133457a9debb64997f932b15a0a81f61718e8a267a4b36fab7b960d788a,46811287,93,2026-06-02,,,2,62,130756574952,,,,1
modify,0x9ed2b133457a9debb64997f932b15a0a81f61718e8a267a4b36fab7b960d788a,46811300,630,2026-06-02,,,20,32,3094531498878,,,,1
modify,0x9ed2b133457a9debb64997f932b15a0a81f61718e8a267a4b36fab7b960d788a,46813621,694,2026-06-02,,,2,62,-130756574952,,,,1
modify,0x9ed2b133457a9debb64997f932b15a0a81f61718e8a267a4b36fab7b960d788a,46814201,875,2026-06-02,,,20,36,371190815671,,,,1
modify,0x9ed2b133457a9debb64997f932b15a0a81f61718e8a267a4b36fab7b960d788a,46820885,740,2026-06-02,,,18,22,-2272617044277,,,,1
modify,0x9ed2b133457a9debb64997f932b15a0a81f61718e8a267a4b36fab7b960d788a,46821040,80,2026-06-02,,,28,32,2266920891231,,,,1
modify,0x9ed2b133457a9debb64997f932b15a0a81f61718e8a267a4b36fab7b960d788a,46835299,347,2026-06-02,,,20,36,-371190815671,,,,1
price,0x9ed2b133457a9debb64997f932b15a0a81f61718e8a267a4b36fab7b960d788a,46838467,155,2026-06-02,,,,,,79306762411331425501763518127,19,4914957375039,3300
modify,0x9ed2b133457a9debb64997f932b15a0a81f61718e8a267a4b36fab7b960d788a,46844421,463,2026-06-03,,,-76,124,5539110872,,,,1
modify,0x9ed2b133457a9debb64997f932b15a0a81f61718e8a267a4b36fab7b960d788a,46844465,126,2026-06-03,,,-76,124,268718559,,,,1
modify,0x9ed2b133457a9debb64997f932b15a0a81f61718e8a267a4b36fab7b960d788a,46845369,746,2026-06-03,,,0,30,886615932285,,,,1
modify,0x9ed2b133457a9debb64997f932b15a0a81f61718e8a267a4b36fab7b960d788a,46849960,967,2026-06-03,,,28,32,-2266920891231,,,,1
modify,0x9ed2b133457a9debb64997f932b15a0a81f61718e8a267a4b36fab7b960d788a,46850137,506,2026-06-03,,,18,22,2266657082503,,,,1
price,0x9ed2b133457a9debb64997f932b15a0a81f61718e8a267a4b36fab7b960d788a,46881655,505,2026-06-03,,,,,,79304538702261535307513510652,19,8074038219258,2314
modify,0x9ed2b133457a9debb64997f932b15a0a81f61718e8a267a4b36fab7b960d788a,46886069,216,2026-06-04,,,0,30,-886615932285,,,,1
modify,0x9ed2b133457a9debb64997f932b15a0a81f61718e8a267a4b36fab7b960d788a,46886129,104,2026-06-04,,,4,20,1174794941827,,,,1
modify,0x9ed2b133457a9debb64997f932b15a0a81f61718e8a267a4b36fab7b960d788a,46911708,161,2026-06-04,,,4,20,-1174794941827,,,,1
modify,0x9ed2b133457a9debb64997f932b15a0a81f61718e8a267a4b36fab7b960d788a,46912040,30,2026-06-04,,,12,22,1812611786001,,,,1
price,0x9ed2b133457a9debb64997f932b15a0a81f61718e8a267a4b36fab7b960d788a,46924868,19,2026-06-04,,,,,,79313072120087869244802583609,21,12094565571852,3052
modify,0x9ed2b133457a9debb64997f932b15a0a81f61718e8a267a4b36fab7b960d788a,46965334,30,2026-06-05,,,12,22,-1812611786001,,,,1
price,0x9ed2b133457a9debb64997f932b15a0a81f61718e8a267a4b36fab7b960d788a,46968105,320,2026-06-05,,,,,,79406865602758309730596928347,45,215489822299,2601
modify,0x9ed2b133457a9debb64997f932b15a0a81f61718e8a267a4b36fab7b960d788a,46977376,82,2026-06-06,,,0,30,915119138933,,,,1
modify,0x9ed2b133457a9debb64997f932b15a0a81f61718e8a267a4b36fab7b960d788a,46993516,70,2026-06-06,,,0,30,-915119138933,,,,1
modify,0x9ed2b133457a9debb64997f932b15a0a81f61718e8a267a4b36fab7b960d788a,46993585,12,2026-06-06,,,4,20,1152469718753,,,,1
modify,0x9ed2b133457a9debb64997f932b15a0a81f61718e8a267a4b36fab7b960d788a,47009868,301,2026-06-06,,,4,20,-1152469718753,,,,1
modify,0x9ed2b133457a9debb64997f932b15a0a81f61718e8a267a4b36fab7b960d788a,47009907,240,2026-06-06,,,2,22,921980758425,,,,1
price,0x9ed2b133457a9debb64997f932b15a0a81f61718e8a267a4b36fab7b960d788a,47011273,508,2026-06-06,,,,,,79315170624668612425652636864,21,11203934544276,1737
modify,0x9ed2b133457a9debb64997f932b15a0a81f61718e8a267a4b36fab7b960d788a,47036082,697,2026-06-07,,,2,22,-921980758425,,,,1
modify,0x9ed2b133457a9debb64997f932b15a0a81f61718e8a267a4b36fab7b960d788a,47037170,196,2026-06-07,,,16,22,3070989007996,,,,1
price,0x9ed2b133457a9debb64997f932b15a0a81f61718e8a267a4b36fab7b960d788a,47054501,840,2026-06-07,,,,,,79345127947800208617185886154,29,3359654409340,1905
modify,0x9ed2b133457a9debb64997f932b15a0a81f61718e8a267a4b36fab7b960d788a,47056743,449,2026-06-08,,,16,22,-3070989007996,,,,1
modify,0x9ed2b133457a9debb64997f932b15a0a81f61718e8a267a4b36fab7b960d788a,47058094,202,2026-06-08,,,8,30,1088004733450,,,,1
modify,0x9ed2b133457a9debb64997f932b15a0a81f61718e8a267a4b36fab7b960d788a,47062039,228,2026-06-08,,,12,28,0,,,,1
modify,0x9ed2b133457a9debb64997f932b15a0a81f61718e8a267a4b36fab7b960d788a,47066390,325,2026-06-08,,,18,22,-2266657082503,,,,1
modify,0x9ed2b133457a9debb64997f932b15a0a81f61718e8a267a4b36fab7b960d788a,47066526,273,2026-06-08,,,22,26,2242709985213,,,,1
modify,0x9ed2b133457a9debb64997f932b15a0a81f61718e8a267a4b36fab7b960d788a,47093887,3,2026-06-08,,,8,30,-1088004733450,,,,1
modify,0x9ed2b133457a9debb64997f932b15a0a81f61718e8a267a4b36fab7b960d788a,47094121,617,2026-06-08,,,16,20,3757609974570,,,,1
price,0x9ed2b133457a9debb64997f932b15a0a81f61718e8a267a4b36fab7b960d788a,47097350,435,2026-06-08,,,,,,79306263997676009611529586279,19,8678375179040,1744
modify,0x9ed2b133457a9debb64997f932b15a0a81f61718e8a267a4b36fab7b960d788a,47099367,146,2026-06-09,,,16,20,-3757609974570,,,,1
modify,0x9ed2b133457a9debb64997f932b15a0a81f61718e8a267a4b36fab7b960d788a,47099556,181,2026-06-09,,,18,22,3757274067556,,,,1
modify,0x9ed2b133457a9debb64997f932b15a0a81f61718e8a267a4b36fab7b960d788a,47102930,7,2026-06-09,,,20,32,0,,,,1
modify,0x9ed2b133457a9debb64997f932b15a0a81f61718e8a267a4b36fab7b960d788a,47103017,396,2026-06-09,,,12,28,0,,,,1
modify,0x9ed2b133457a9debb64997f932b15a0a81f61718e8a267a4b36fab7b960d788a,47107693,234,2026-06-09,,,18,22,-3757274067556,,,,1
modify,0x9ed2b133457a9debb64997f932b15a0a81f61718e8a267a4b36fab7b960d788a,47107840,161,2026-06-09,,,18,24,2488010535905,,,,1
price,0x9ed2b133457a9debb64997f932b15a0a81f61718e8a267a4b36fab7b960d788a,47140892,619,2026-06-09,,,,,,79317163439610293673125075758,22,12746017224466,1758
modify,0x9ed2b133457a9debb64997f932b15a0a81f61718e8a267a4b36fab7b960d788a,47148568,27,2026-06-10,,,20,22,163690945267860,,,,1
modify,0x9ed2b133457a9debb64997f932b15a0a81f61718e8a267a4b36fab7b960d788a,47149186,3,2026-06-10,,,20,22,-163690945267860,,,,1
modify,0x9ed2b133457a9debb64997f932b15a0a81f61718e8a267a4b36fab7b960d788a,47181173,6,2026-06-10,,,22,28,65446678092276,,,,1
modify,0x9ed2b133457a9debb64997f932b15a0a81f61718e8a267a4b36fab7b960d788a,47181362,7,2026-06-10,,,22,28,-65446678092276,,,,1
price,0x9ed2b133457a9debb64997f932b15a0a81f61718e8a267a4b36fab7b960d788a,47184111,57,2026-06-10,,,,,,79330512775666950085371937777,25,10106493032569,1861
modify,0x9ed2b133457a9debb64997f932b15a0a81f61718e8a267a4b36fab7b960d788a,47185169,66,2026-06-11,,,18,24,-2488010535905,,,,1
modify,0x9ed2b133457a9debb64997f932b15a0a81f61718e8a267a4b36fab7b960d788a,47187634,6,2026-06-11,,,24,28,63302133249148,,,,1
modify,0x9ed2b133457a9debb64997f932b15a0a81f61718e8a267a4b36fab7b960d788a,47187722,648,2026-06-11,,,24,28,-63302133249148,,,,1
modify,0x9ed2b133457a9debb64997f932b15a0a81f61718e8a267a4b36fab7b960d788a,47219820,354,2026-06-11,,,22,28,7614483764765,,,,1
price,0x9ed2b133457a9debb64997f932b15a0a81f61718e8a267a4b36fab7b960d788a,47227296,8,2026-06-11,,,,,,79329826075306026792428119737,25,17720976797334,1679
modify,0x9ed2b133457a9debb64997f932b15a0a81f61718e8a267a4b36fab7b960d788a,47235741,654,2026-06-12,,,22,28,45417682757859,,,,1
modify,0x9ed2b133457a9debb64997f932b15a0a81f61718e8a267a4b36fab7b960d788a,47235864,108,2026-06-12,,,22,28,-45417682757859,,,,1
modify,0x9ed2b133457a9debb64997f932b15a0a81f61718e8a267a4b36fab7b960d788a,47239682,491,2026-06-12,,,22,26,-2242709985213,,,,1
modify,0x9ed2b133457a9debb64997f932b15a0a81f61718e8a267a4b36fab7b960d788a,47239856,1046,2026-06-12,,,24,28,2278700440614,,,,1
modify,0x9ed2b133457a9debb64997f932b15a0a81f61718e8a267a4b36fab7b960d788a,47249446,37,2026-06-12,,,26,28,48817192839,,,,1
modify,0x9ed2b133457a9debb64997f932b15a0a81f61718e8a267a4b36fab7b960d788a,47252952,389,2026-06-12,,,26,28,-48817192839,,,,1
price,0x9ed2b133457a9debb64997f932b15a0a81f61718e8a267a4b36fab7b960d788a,47270504,199,2026-06-12,,,,,,79327339673766503079067349885,25,17756967252735,1965
price,0x9ed2b133457a9debb64997f932b15a0a81f61718e8a267a4b36fab7b960d788a,47313609,187,2026-06-13,,,,,,79327473012446247518168631039,25,17756967252735,1026
price,0x9ed2b133457a9debb64997f932b15a0a81f61718e8a267a4b36fab7b960d788a,47356894,319,2026-06-14,,,,,,79330980005544658724503092833,25,17756967252735,1250
modify,0x9ed2b133457a9debb64997f932b15a0a81f61718e8a267a4b36fab7b960d788a,47368421,438,2026-06-15,,,24,28,-2278700440614,,,,1
modify,0x9ed2b133457a9debb64997f932b15a0a81f61718e8a267a4b36fab7b960d788a,47393438,391,2026-06-15,,,20,32,-3094531498878,,,,1
price,0x9ed2b133457a9debb64997f932b15a0a81f61718e8a267a4b36fab7b960d788a,47399950,239,2026-06-15,,,,,,79315570249824214380816414049,22,12535248969235,1638
modify,0x9ed2b133457a9debb64997f932b15a0a81f61718e8a267a4b36fab7b960d788a,47414366,42,2026-06-16,,,22,28,-7614483764765,,,,1
price,0x9ed2b133457a9debb64997f932b15a0a81f61718e8a267a4b36fab7b960d788a,47443307,335,2026-06-16,,,,,,79299899473161049083175018982,18,4920765204470,1371
modify,0x9ed2b133457a9debb64997f932b15a0a81f61718e8a267a4b36fab7b960d788a,47454903,1365,2026-06-17,,,16,20,1993290320969,,,,1
modify,0x9ed2b133457a9debb64997f932b15a0a81f61718e8a267a4b36fab7b960d788a,47454963,308,2026-06-17,,,16,20,284185389361,,,,1
price,0x9ed2b133457a9debb64997f932b15a0a81f61718e8a267a4b36fab7b960d788a,47486512,194,2026-06-17,,,,,,79299324101566986890858798073,17,7198240914800,1994
price,0x9ed2b133457a9debb64997f932b15a0a81f61718e8a267a4b36fab7b960d788a,47529706,128,2026-06-18,,,,,,79304583439385981921201834144,19,7198240914800,1307
modify,0x9ed2b133457a9debb64997f932b15a0a81f61718e8a267a4b36fab7b960d788a,47562976,237,2026-06-19,,,-2,6,-1343327149309,,,,1
price,0x9ed2b133457a9debb64997f932b15a0a81f61718e8a267a4b36fab7b960d788a,47572811,193,2026-06-19,,,,,,79300834561122009823585319410,18,7198240914800,910
price,0x9ed2b133457a9debb64997f932b15a0a81f61718e8a267a4b36fab7b960d788a,47616016,155,2026-06-20,,,,,,79303817344516701981078012867,19,7198240914800,1585
modify,0x9ed2b133457a9debb64997f932b15a0a81f61718e8a267a4b36fab7b960d788a,47636837,316,2026-06-21,,,-76,124,0,,,,1
price,0x9ed2b133457a9debb64997f932b15a0a81f61718e8a267a4b36fab7b960d788a,47659290,559,2026-06-21,,,,,,79306655791883741206329087866,19,7198240914800,1614
price,0x9ed2b133457a9debb64997f932b15a0a81f61718e8a267a4b36fab7b960d788a,47702510,361,2026-06-22,,,,,,79306884414601429831129003349,19,7198240914800,1010
modify,0x9ed2b133457a9debb64997f932b15a0a81f61718e8a267a4b36fab7b960d788a,47713644,94,2026-06-23,,,16,20,-2277475710330,,,,1
modify,0x9ed2b133457a9debb64997f932b15a0a81f61718e8a267a4b36fab7b960d788a,47713805,198,2026-06-23,,,18,22,2382224263473,,,,1
modify,0x9ed2b133457a9debb64997f932b15a0a81f61718e8a267a4b36fab7b960d788a,47716999,1204,2026-06-23,,,20,22,10258843702548,,,,1
price,0x9ed2b133457a9debb64997f932b15a0a81f61718e8a267a4b36fab7b960d788a,47745720,26,2026-06-23,,,,,,79308499585781337904476906130,20,17561833170491,1503
modify,0x9ed2b133457a9debb64997f932b15a0a81f61718e8a267a4b36fab7b960d788a,47768208,30,2026-06-24,,,20,22,364808551250,,,,1
modify,0x9ed2b133457a9debb64997f932b15a0a81f61718e8a267a4b36fab7b960d788a,47769642,10,2026-06-24,,,20,22,-10623652253798,,,,1
modify,0x9ed2b133457a9debb64997f932b15a0a81f61718e8a267a4b36fab7b960d788a,47769907,200,2026-06-24,,,20,22,9114080967147,,,,1
modify,0x9ed2b133457a9debb64997f932b15a0a81f61718e8a267a4b36fab7b960d788a,47770264,458,2026-06-24,,,20,22,1452337264417,,,,1
price,0x9ed2b133457a9debb64997f932b15a0a81f61718e8a267a4b36fab7b960d788a,47788925,109,2026-06-24,,,,,,79310539278181685189069070684,20,17869407699507,1694
modify,0x9ed2b133457a9debb64997f932b15a0a81f61718e8a267a4b36fab7b960d788a,47813021,152,2026-06-25,,,12,32,338881529047,,,,1
price,0x9ed2b133457a9debb64997f932b15a0a81f61718e8a267a4b36fab7b960d788a,47832087,79,2026-06-25,,,,,,79317142035013710929004239971,22,5259646733517,1585
modify,0x9ed2b133457a9debb64997f932b15a0a81f61718e8a267a4b36fab7b960d788a,47832442,431,2026-06-26,,,20,22,-10566418231564,,,,1
modify,0x9ed2b133457a9debb64997f932b15a0a81f61718e8a267a4b36fab7b960d788a,47832555,7,2026-06-26,,,22,24,9558309700155,,,,1
modify,0x9ed2b133457a9debb64997f932b15a0a81f61718e8a267a4b36fab7b960d788a,47832682,308,2026-06-26,,,22,24,993934488096,,,,1
modify,0x9ed2b133457a9debb64997f932b15a0a81f61718e8a267a4b36fab7b960d788a,47836870,405,2026-06-26,,,12,32,-338881529047,,,,1
price,0x9ed2b133457a9debb64997f932b15a0a81f61718e8a267a4b36fab7b960d788a,47875212,215,2026-06-26,,,,,,79315397495031866737575284924,22,15473009392721,1449
modify,0x9ed2b133457a9debb64997f932b15a0a81f61718e8a267a4b36fab7b960d788a,47884356,348,2026-06-27,,,22,24,-10552244188251,,,,1
modify,0x9ed2b133457a9debb64997f932b15a0a81f61718e8a267a4b36fab7b960d788a,47884590,11,2026-06-27,,,20,22,17118344651379,,,,1
modify,0x9ed2b133457a9debb64997f932b15a0a81f61718e8a267a4b36fab7b960d788a,47900211,446,2026-06-27,,,20,22,-17118344651379,,,,1
modify,0x9ed2b133457a9debb64997f932b15a0a81f61718e8a267a4b36fab7b960d788a,47900775,4,2026-06-27,,,20,24,5374504939661,,,,1
modify,0x9ed2b133457a9debb64997f932b15a0a81f61718e8a267a4b36fab7b960d788a,47900841,7,2026-06-27,,,20,24,182735746147,,,,1
price,0x9ed2b133457a9debb64997f932b15a0a81f61718e8a267a4b36fab7b960d788a,47918451,11,2026-06-27,,,,,,79315333261934966324191800968,21,12860230153751,1165
modify,0x9ed2b133457a9debb64997f932b15a0a81f61718e8a267a4b36fab7b960d788a,47920849,334,2026-06-28,,,20,24,183129980933,,,,1
modify,0x9ed2b133457a9debb64997f932b15a0a81f61718e8a267a4b36fab7b960d788a,47933854,2090,2026-06-28,,,20,24,574827873673,,,,1
modify,0x9ed2b133457a9debb64997f932b15a0a81f61718e8a267a4b36fab7b960d788a,47939669,96,2026-06-28,,,-76,124,-200797282613,,,,1
price,0x9ed2b133457a9debb64997f932b15a0a81f61718e8a267a4b36fab7b960d788a,47961623,24,2026-06-28,,,,,,79314173523029144079266309949,21,13417390725744,1331
modify,0x9ed2b133457a9debb64997f932b15a0a81f61718e8a267a4b36fab7b960d788a,47968435,375,2026-06-29,,,20,24,-6315198540414,,,,1
modify,0x9ed2b133457a9debb64997f932b15a0a81f61718e8a267a4b36fab7b960d788a,47968701,324,2026-06-29,,,20,22,10565137719477,,,,1
modify,0x9ed2b133457a9debb64997f932b15a0a81f61718e8a267a4b36fab7b960d788a,47969063,7,2026-06-29,,,20,22,2014546157772,,,,1
price,0x9ed2b133457a9debb64997f932b15a0a81f61718e8a267a4b36fab7b960d788a,48004842,166,2026-06-29,,,,,,79312025414100545627921869832,21,19681876062579,1534
price,0x9ed2b133457a9debb64997f932b15a0a81f61718e8a267a4b36fab7b960d788a,48048126,229,2026-06-30,,,,,,79310744641744753609800638683,20,19681876062579,1635
modify,0x9ed2b133457a9debb64997f932b15a0a81f61718e8a267a4b36fab7b960d788a,48058777,429,2026-07-01,,,18,22,-2382224263473,,,,1
modify,0x9ed2b133457a9debb64997f932b15a0a81f61718e8a267a4b36fab7b960d788a,48059011,230,2026-07-01,,,22,26,2502388236628,,,,1
modify,0x9ed2b133457a9debb64997f932b15a0a81f61718e8a267a4b36fab7b960d788a,48090416,206,2026-07-01,,,20,22,-12579683877249,,,,1
modify,0x9ed2b133457a9debb64997f932b15a0a81f61718e8a267a4b36fab7b960d788a,48090588,122,2026-07-01,,,20,24,6249518095523,,,,1
price,0x9ed2b133457a9debb64997f932b15a0a81f61718e8a267a4b36fab7b960d788a,48091317,152,2026-07-01,,,,,,79315949711063531254160307763,22,13471874254008,1385
modify,0x9ed2b133457a9debb64997f932b15a0a81f61718e8a267a4b36fab7b960d788a,48116079,86,2026-07-02,,,22,26,-2502388236628,,,,1
modify,0x9ed2b133457a9debb64997f932b15a0a81f61718e8a267a4b36fab7b960d788a,48116353,52,2026-07-02,,,18,22,2501751032365,,,,1
modify,0x9ed2b133457a9debb64997f932b15a0a81f61718e8a267a4b36fab7b960d788a,48122338,115,2026-07-02,,,20,24,-6249518095523,,,,1
modify,0x9ed2b133457a9debb64997f932b15a0a81f61718e8a267a4b36fab7b960d788a,48122421,283,2026-07-02,,,20,22,11404725372852,,,,1
modify,0x9ed2b133457a9debb64997f932b15a0a81f61718e8a267a4b36fab7b960d788a,48122477,2,2026-07-02,,,20,22,1149040214979,,,,1
price,0x9ed2b133457a9debb64997f932b15a0a81f61718e8a267a4b36fab7b960d788a,48134506,72,2026-07-02,,,,,,79308452041720946139223721289,20,19775484542053,1580
modify,0x9ed2b133457a9debb64997f932b15a0a81f61718e8a267a4b36fab7b960d788a,48169373,460,2026-07-03,,,20,22,-12553765587831,,,,1
modify,0x9ed2b133457a9debb64997f932b15a0a81f61718e8a267a4b36fab7b960d788a,48169624,28,2026-07-03,,,10,18,3161548960957,,,,1
modify,0x9ed2b133457a9debb64997f932b15a0a81f61718e8a267a4b36fab7b960d788a,48170438,0,2026-07-03,,,10,18,-3161548960957,,,,1
modify,0x9ed2b133457a9debb64997f932b15a0a81f61718e8a267a4b36fab7b960d788a,48172569,4,2026-07-03,,,8,14,3911670019789,,,,1
modify,0x9ed2b133457a9debb64997f932b15a0a81f61718e8a267a4b36fab7b960d788a,48172630,301,2026-07-03,,,8,14,301674876072,,,,1
price,0x9ed2b133457a9debb64997f932b15a0a81f61718e8a267a4b36fab7b960d788a,48177674,221,2026-07-03,,,,,,79267092746111458816163415615,9,8934321621468,1375
modify,0x9ed2b133457a9debb64997f932b15a0a81f61718e8a267a4b36fab7b960d788a,48190720,300,2026-07-04,,,18,22,-2501751032365,,,,1
modify,0x9ed2b133457a9debb64997f932b15a0a81f61718e8a267a4b36fab7b960d788a,48190825,167,2026-07-04,,,8,12,2514338705118,,,,1
modify,0x9ed2b133457a9debb64997f932b15a0a81f61718e8a267a4b36fab7b960d788a,48220652,381,2026-07-04,,,8,14,-4213344895861,,,,1
modify,0x9ed2b133457a9debb64997f932b15a0a81f61718e8a267a4b36fab7b960d788a,48220749,137,2026-07-04,,,8,12,6244974842011,,,,1
modify,0x9ed2b133457a9debb64997f932b15a0a81f61718e8a267a4b36fab7b960d788a,48220796,270,2026-07-04,,,8,12,80690303482,,,,1
price,0x9ed2b133457a9debb64997f932b15a0a81f61718e8a267a4b36fab7b960d788a,48220924,224,2026-07-04,,,,,,79266086038802220273130888903,9,13560980576218,1377
modify,0x9ed2b133457a9debb64997f932b15a0a81f61718e8a267a4b36fab7b960d788a,48244255,408,2026-07-05,,,8,12,-6325665145493,,,,1
modify,0x9ed2b133457a9debb64997f932b15a0a81f61718e8a267a4b36fab7b960d788a,48244340,436,2026-07-05,,,12,14,12601506931006,,,,1
modify,0x9ed2b133457a9debb64997f932b15a0a81f61718e8a267a4b36fab7b960d788a,48245778,149,2026-07-05,,,8,12,-2514338705118,,,,1
modify,0x9ed2b133457a9debb64997f932b15a0a81f61718e8a267a4b36fab7b960d788a,48245914,282,2026-07-05,,,12,16,2512914883765,,,,1
price,0x9ed2b133457a9debb64997f932b15a0a81f61718e8a267a4b36fab7b960d788a,48263991,135,2026-07-05,,,,,,79281415456652263424052217054,13,24389160266557,1321
modify,0x9ed2b133457a9debb64997f932b15a0a81f61718e8a267a4b36fab7b960d788a,48267222,122,2026-07-06,,,12,16,86296652010081,,,,1
modify,0x9ed2b133457a9debb64997f932b15a0a81f61718e8a267a4b36fab7b960d788a,48267281,319,2026-07-06,,,12,16,-86296652010081,,,,1
price,0x9ed2b133457a9debb64997f932b15a0a81f61718e8a267a4b36fab7b960d788a,48307295,132,2026-07-06,,,,,,79281534607678542435503297877,13,24389160266557,1326
modify,0x9ed2b133457a9debb64997f932b15a0a81f61718e8a267a4b36fab7b960d788a,48323511,410,2026-07-07,,,12,14,-12601506931006,,,,1
modify,0x9ed2b133457a9debb64997f932b15a0a81f61718e8a267a4b36fab7b960d788a,48323653,443,2026-07-07,,,12,16,6278891209264,,,,1
price,0x9ed2b133457a9debb64997f932b15a0a81f61718e8a267a4b36fab7b960d788a,48350355,270,2026-07-07,,,,,,79285250754650607053579754101,14,18099456492985,1585
modify,0x9ed2b133457a9debb64997f932b15a0a81f61718e8a267a4b36fab7b960d788a,48351156,317,2026-07-08,,,12,16,-6278891209264,,,,1
modify,0x9ed2b133457a9debb64997f932b15a0a81f61718e8a267a4b36fab7b960d788a,48351233,4,2026-07-08,,,14,16,12227108969117,,,,1
modify,0x9ed2b133457a9debb64997f932b15a0a81f61718e8a267a4b36fab7b960d788a,48351286,535,2026-07-08,,,14,16,406020281383,,,,1
modify,0x9ed2b133457a9debb64997f932b15a0a81f61718e8a267a4b36fab7b960d788a,48353457,66,2026-07-08,,,14,16,-1768638095070,,,,1
price,0x9ed2b133457a9debb64997f932b15a0a81f61718e8a267a4b36fab7b960d788a,48393672,263,2026-07-08,,,,,,79284526051604392388024683267,14,22685056439151,2038
modify,0x9ed2b133457a9debb64997f932b15a0a81f61718e8a267a4b36fab7b960d788a,48413411,3,2026-07-09,,,14,16,-10864491155430,,,,1
modify,0x9ed2b133457a9debb64997f932b15a0a81f61718e8a267a4b36fab7b960d788a,48413543,220,2026-07-09,,,16,18,10858985442168,,,,1
modify,0x9ed2b133457a9debb64997f932b15a0a81f61718e8a267a4b36fab7b960d788a,48418999,386,2026-07-09,,,12,16,-2512914883765,,,,1
price,0x9ed2b133457a9debb64997f932b15a0a81f61718e8a267a4b36fab7b960d788a,48436926,301,2026-07-09,,,,,,79292719743490990378610082945,16,15578953364025,1670
modify,0x9ed2b133457a9debb64997f932b15a0a81f61718e8a267a4b36fab7b960d788a,48443454,39,2026-07-10,,,16,18,-10858985442168,,,,1
modify,0x9ed2b133457a9debb64997f932b15a0a81f61718e8a267a4b36fab7b960d788a,48443574,858,2026-07-10,,,14,16,10912078357452,,,,1
modify,0x9ed2b133457a9debb64997f932b15a0a81f61718e8a267a4b36fab7b960d788a,48444837,247,2026-07-10,,,-186,214,101452836,,,,1
modify,0x9ed2b133457a9debb64997f932b15a0a81f61718e8a267a4b36fab7b960d788a,48462394,280,2026-07-10,,,14,18,2608420159624,,,,1
price,0x9ed2b133457a9debb64997f932b15a0a81f61718e8a267a4b36fab7b960d788a,48480089,247,2026-07-10,,,,,,79289683572633196864710105661,15,22828250369868,1259
price,0x9ed2b133457a9debb64997f932b15a0a81f61718e8a267a4b36fab7b960d788a,48523302,320,2026-07-11,,,,,,79288557535460227483008342167,15,22828250369868,1514
modify,0x9ed2b133457a9debb64997f932b15a0a81f61718e8a267a4b36fab7b960d788a,48561451,7,2026-07-12,,,14,16,-10912078357452,,,,1
modify,0x9ed2b133457a9debb64997f932b15a0a81f61718e8a267a4b36fab7b960d788a,48561675,214,2026-07-12,,,16,18,9799654640489,,,,1
modify,0x9ed2b133457a9debb64997f932b15a0a81f61718e8a267a4b36fab7b960d788a,48561782,196,2026-07-12,,,16,18,1163061097095,,,,1
price,0x9ed2b133457a9debb64997f932b15a0a81f61718e8a267a4b36fab7b960d788a,48566487,166,2026-07-12,,,,,,79293892859120484834253783807,16,18291205271901,1209
modify,0x9ed2b133457a9debb64997f932b15a0a81f61718e8a267a4b36fab7b960d788a,48593104,144,2026-07-13,,,16,18,-10962715737584,,,,1
modify,0x9ed2b133457a9debb64997f932b15a0a81f61718e8a267a4b36fab7b960d788a,48593261,809,2026-07-13,,,20,22,6692158024712,,,,1
modify,0x9ed2b133457a9debb64997f932b15a0a81f61718e8a267a4b36fab7b960d788a,48593342,139,2026-07-13,,,20,22,3996353352236,,,,1
modify,0x9ed2b133457a9debb64997f932b15a0a81f61718e8a267a4b36fab7b960d788a,48593557,190,2026-07-13,,,20,22,-10688511376948,,,,1
modify,0x9ed2b133457a9debb64997f932b15a0a81f61718e8a267a4b36fab7b960d788a,48593639,4,2026-07-13,,,18,22,5095775038615,,,,1
modify,0x9ed2b133457a9debb64997f932b15a0a81f61718e8a267a4b36fab7b960d788a,48593704,177,2026-07-13,,,18,22,269325096551,,,,1
price,0x9ed2b133457a9debb64997f932b15a0a81f61718e8a267a4b36fab7b960d788a,48609695,110,2026-07-13,,,,,,79308704498671516134553522383,20,10085169509859,1537
modify,0x9ed2b133457a9debb64997f932b15a0a81f61718e8a267a4b36fab7b960d788a,48622580,187,2026-07-14,,,14,18,-2608420159624,,,,1
modify,0x9ed2b133457a9debb64997f932b15a0a81f61718e8a267a4b36fab7b960d788a,48622810,262,2026-07-14,,,18,22,2476067111178,,,,1
modify,0x9ed2b133457a9debb64997f932b15a0a81f61718e8a267a4b36fab7b960d788a,48625372,667,2026-07-14,,,18,22,-5365100135166,,,,1
modify,0x9ed2b133457a9debb64997f932b15a0a81f61718e8a267a4b36fab7b960d788a,48625503,126,2026-07-14,,,18,20,10632008597080,,,,1
modify,0x9ed2b133457a9debb64997f932b15a0a81f61718e8a267a4b36fab7b960d788a,48625565,7,2026-07-14,,,18,20,328346205986,,,,1
modify,0x9ed2b133457a9debb64997f932b15a0a81f61718e8a267a4b36fab7b960d788a,48635120,274,2026-07-14,,,18,22,-2476067111178,,,,1
modify,0x9ed2b133457a9debb64997f932b15a0a81f61718e8a267a4b36fab7b960d788a,48635320,289,2026-07-14,,,14,18,2539992794441,,,,1
modify,0x9ed2b133457a9debb64997f932b15a0a81f61718e8a267a4b36fab7b960d788a,48641703,7,2026-07-14,,,18,20,-10960354803066,,,,1
modify,0x9ed2b133457a9debb64997f932b15a0a81f61718e8a267a4b36fab7b960d788a,48641826,8,2026-07-14,,,16,18,10615702830175,,,,1
modify,0x9ed2b133457a9debb64997f932b15a0a81f61718e8a267a4b36fab7b960d788a,48641986,435,2026-07-14,,,16,18,356408758088,,,,1
price,0x9ed2b133457a9debb64997f932b15a0a81f61718e8a267a4b36fab7b960d788a,48652912,264,2026-07-14,,,,,,79292123824807427051213704419,16,18232173757397,1248
modify,0x9ed2b133457a9debb64997f932b15a0a81f61718e8a267a4b36fab7b960d788a,48654419,20,2026-07-15,,,16,18,-10972111588263,,,,1
modify,0x9ed2b133457a9debb64997f932b15a0a81f61718e8a267a4b36fab7b960d788a,48654571,187,2026-07-15,,,14,16,8501894581611,,,,1
modify,0x9ed2b133457a9debb64997f932b15a0a81f61718e8a267a4b36fab7b960d788a,48654627,405,2026-07-15,,,14,16,2356758137647,,,,1
modify,0x9ed2b133457a9debb64997f932b15a0a81f61718e8a267a4b36fab7b960d788a,48658416,382,2026-07-15,,,14,16,-10858652719258,,,,1
modify,0x9ed2b133457a9debb64997f932b15a0a81f61718e8a267a4b36fab7b960d788a,48658544,317,2026-07-15,,,14,18,5069869759859,,,,1
modify,0x9ed2b133457a9debb64997f932b15a0a81f61718e8a267a4b36fab7b960d788a,48658805,292,2026-07-15,,,14,18,368354073830,,,,1
modify,0x9ed2b133457a9debb64997f932b15a0a81f61718e8a267a4b36fab7b960d788a,48668676,407,2026-07-15,,,14,18,-5438223833689,,,,1
modify,0x9ed2b133457a9debb64997f932b15a0a81f61718e8a267a4b36fab7b960d788a,48668851,209,2026-07-15,,,14,16,10786244791859,,,,1
modify,0x9ed2b133457a9debb64997f932b15a0a81f61718e8a267a4b36fab7b960d788a,48689517,16,2026-07-15,,,14,16,-10786244791859,,,,1
modify,0x9ed2b133457a9debb64997f932b15a0a81f61718e8a267a4b36fab7b960d788a,48689681,19,2026-07-15,,,12,14,10114936191823,,,,1
modify,0x9ed2b133457a9debb64997f932b15a0a81f61718e8a267a4b36fab7b960d788a,48689766,62,2026-07-15,,,12,14,858353715635,,,,1
modify,0x9ed2b133457a9debb64997f932b15a0a81f61718e8a267a4b36fab7b960d788a,48692205,87,2026-07-15,,,12,14,-10973289907458,,,,1
modify,0x9ed2b133457a9debb64997f932b15a0a81f61718e8a267a4b36fab7b960d788a,48692270,351,2026-07-15,,,12,16,5235169213736,,,,1
modify,0x9ed2b133457a9debb64997f932b15a0a81f61718e8a267a4b36fab7b960d788a,48692351,3,2026-07-15,,,12,16,241393175940,,,,1
modify,0x9ed2b133457a9debb64997f932b15a0a81f61718e8a267a4b36fab7b960d788a,48694809,165,2026-07-15,,,12,32,0,,,,1
price,0x9ed2b133457a9debb64997f932b15a0a81f61718e8a267a4b36fab7b960d788a,48696118,219,2026-07-15,,,,,,79281631896792326173986767830,13,14751402294298,1594
modify,0x9ed2b133457a9debb64997f932b15a0a81f61718e8a267a4b36fab7b960d788a,48707926,481,2026-07-16,,,14,18,-2539992794441,,,,1
modify,0x9ed2b133457a9debb64997f932b15a0a81f61718e8a267a4b36fab7b960d788a,48708122,127,2026-07-16,,,12,16,2561405063706,,,,1
modify,0x9ed2b133457a9debb64997f932b15a0a81f61718e8a267a4b36fab7b960d788a,48713189,5,2026-07-16,,,12,16,-5476562389676,,,,1
modify,0x9ed2b133457a9debb64997f932b15a0a81f61718e8a267a4b36fab7b960d788a,48713266,679,2026-07-16,,,12,14,10890800880974,,,,1
modify,0x9ed2b133457a9debb64997f932b15a0a81f61718e8a267a4b36fab7b960d788a,48716234,96,2026-07-16,,,12,14,-1197988096907,,,,1
modify,0x9ed2b133457a9debb64997f932b15a0a81f61718e8a267a4b36fab7b960d788a,48731472,762,2026-07-16,,,12,14,-9692812784067,,,,1
modify,0x9ed2b133457a9debb64997f932b15a0a81f61718e8a267a4b36fab7b960d788a,48731571,435,2026-07-16,,,12,16,4805307160277,,,,1
price,0x9ed2b133457a9debb64997f932b15a0a81f61718e8a267a4b36fab7b960d788a,48739213,587,2026-07-16,,,,,,79284500503351557393347250761,14,16674464076775,1622
modify,0x9ed2b133457a9debb64997f932b15a0a81f61718e8a267a4b36fab7b960d788a,48744014,6,2026-07-17,,,12,16,-4805307160277,,,,1
modify,0x9ed2b133457a9debb64997f932b15a0a81f61718e8a267a4b36fab7b960d788a,48744043,249,2026-07-17,,,14,16,4985190244736,,,,1
modify,0x9ed2b133457a9debb64997f932b15a0a81f61718e8a267a4b36fab7b960d788a,48744107,272,2026-07-17,,,14,16,4162633760787,,,,1
modify,0x9ed2b133457a9debb64997f932b15a0a81f61718e8a267a4b36fab7b960d788a,48744169,6,2026-07-17,,,14,16,603824113834,,,,1
modify,0x9ed2b133457a9debb64997f932b15a0a81f61718e8a267a4b36fab7b960d788a,48748906,478,2026-07-17,,,4,24,11279063205,,,,1
modify,0x9ed2b133457a9debb64997f932b15a0a81f61718e8a267a4b36fab7b960d788a,48754033,281,2026-07-17,,,14,16,-9751648119357,,,,1
modify,0x9ed2b133457a9debb64997f932b15a0a81f61718e8a267a4b36fab7b960d788a,48754143,489,2026-07-17,,,12,16,4765241468769,,,,1
modify,0x9ed2b133457a9debb64997f932b15a0a81f61718e8a267a4b36fab7b960d788a,48754246,664,2026-07-17,,,12,16,111263800804,,,,1
modify,0x9ed2b133457a9debb64997f932b15a0a81f61718e8a267a4b36fab7b960d788a,48757660,95,2026-07-17,,,12,16,-4876505269573,,,,1
modify,0x9ed2b133457a9debb64997f932b15a0a81f61718e8a267a4b36fab7b960d788a,48757767,834,2026-07-17,,,12,14,8839610070081,,,,1
modify,0x9ed2b133457a9debb64997f932b15a0a81f61718e8a267a4b36fab7b960d788a,48757973,6,2026-07-17,,,12,14,868608905377,,,,1
modify,0x9ed2b133457a9debb64997f932b15a0a81f61718e8a267a4b36fab7b960d788a,48779828,460,2026-07-17,,,4,24,0,,,,1
modify,0x9ed2b133457a9debb64997f932b15a0a81f61718e8a267a4b36fab7b960d788a,48779837,232,2026-07-17,,,4,24,-11279063205,,,,1
price,0x9ed2b133457a9debb64997f932b15a0a81f61718e8a267a4b36fab7b960d788a,48782475,13,2026-07-17,,,,,,79281122253811098214023327604,13,21544463943786,1669
price,0x9ed2b133457a9debb64997f932b15a0a81f61718e8a267a4b36fab7b960d788a,48825621,57,2026-07-18,,,,,,79278063494072000325686412423,12,21544463943786,851
price,0x9ed2b133457a9debb64997f932b15a0a81f61718e8a267a4b36fab7b960d788a,48868923,21,2026-07-19,,,,,,79277808596057504390332471855,12,21544463943786,775
price,0x9ed2b133457a9debb64997f932b15a0a81f61718e8a267a4b36fab7b960d788a,48912102,303,2026-07-20,,,,,,79276147109112850237041421035,12,21544463943786,915
modify,0x9ed2b133457a9debb64997f932b15a0a81f61718e8a267a4b36fab7b960d788a,48916391,298,2026-07-21,,,4,24,-151513655992,,,,1
modify,0x9ed2b133457a9debb64997f932b15a0a81f61718e8a267a4b36fab7b960d788a,48925213,239,2026-07-21,,,12,14,-9708218975458,,,,1
modify,0x9ed2b133457a9debb64997f932b15a0a81f61718e8a267a4b36fab7b960d788a,48925290,25,2026-07-21,,,12,14,9780023278709,,,,1
modify,0x9ed2b133457a9debb64997f932b15a0a81f61718e8a267a4b36fab7b960d788a,48925365,218,2026-07-21,,,12,14,-9780023278709,,,,1
modify,0x9ed2b133457a9debb64997f932b15a0a81f61718e8a267a4b36fab7b960d788a,48925415,199,2026-07-21,,,10,14,4800474247657,,,,1
modify,0x9ed2b133457a9debb64997f932b15a0a81f61718e8a267a4b36fab7b960d788a,48926394,17,2026-07-21,,,10,14,89115138381,,,,1
modify,0x9ed2b133457a9debb64997f932b15a0a81f61718e8a267a4b36fab7b960d788a,48937436,136,2026-07-21,,,12,16,-2561405063706,,,,1
modify,0x9ed2b133457a9debb64997f932b15a0a81f61718e8a267a4b36fab7b960d788a,48937543,394,2026-07-21,,,10,14,2535503304656,,,,1
price,0x9ed2b133457a9debb64997f932b15a0a81f61718e8a267a4b36fab7b960d788a,48955325,120,2026-07-21,,,,,,79276775596563742460406711274,12,16548418939324,910
modify,0x9ed2b133457a9debb64997f932b15a0a81f61718e8a267a4b36fab7b960d788a,48956161,217,2026-07-22,,,10,14,-4889589386038,,,,1
modify,0x9ed2b133457a9debb64997f932b15a0a81f61718e8a267a4b36fab7b960d788a,48956220,324,2026-07-22,,,12,14,4893803353266,,,,1
modify,0x9ed2b133457a9debb64997f932b15a0a81f61718e8a267a4b36fab7b960d788a,48956291,294,2026-07-22,,,12,14,4279112664811,,,,1
modify,0x9ed2b133457a9debb64997f932b15a0a81f61718e8a267a4b36fab7b960d788a,48956324,23,2026-07-22,,,12,14,576780739463,,,,1
modify,0x9ed2b133457a9debb64997f932b15a0a81f61718e8a267a4b36fab7b960d788a,48958105,146,2026-07-22,,,12,14,-9749696757540,,,,1
modify,0x9ed2b133457a9debb64997f932b15a0a81f61718e8a267a4b36fab7b960d788a,48958197,7,2026-07-22,,,10,14,4431263594669,,,,1
modify,0x9ed2b133457a9debb64997f932b15a0a81f61718e8a267a4b36fab7b960d788a,48958238,629,2026-07-22,,,10,14,443126125841,,,,1
modify,0x9ed2b133457a9debb64997f932b15a0a81f61718e8a267a4b36fab7b960d788a,48960576,1,2026-07-22,,,-2,8,0,,,,1
modify,0x9ed2b133457a9debb64997f932b15a0a81f61718e8a267a4b36fab7b960d788a,48960669,4,2026-07-22,,,-2,8,-176279958057,,,,1
modify,0x9ed2b133457a9debb64997f932b15a0a81f61718e8a267a4b36fab7b960d788a,48972703,528,2026-07-22,,,10,14,-4874389720510,,,,1
price,0x9ed2b133457a9debb64997f932b15a0a81f61718e8a267a4b36fab7b960d788a,48998485,244,2026-07-22,,,,,,79271243777172193291237304270,10,7107180132813,1292
modify,0x9ed2b133457a9debb64997f932b15a0a81f61718e8a267a4b36fab7b960d788a,49001873,202,2026-07-23,,,0,20,406728468022,,,,1
price,0x9ed2b133457a9debb64997f932b15a0a81f61718e8a267a4b36fab7b960d788a,49041720,637,2026-07-23,,,,,,79271834296033270289592145387,11,7513908600835,1660
modify,0x9ed2b133457a9debb64997f932b15a0a81f61718e8a267a4b36fab7b960d788a,49066942,250,2026-07-24,,,10,14,-2535503304656,,,,1
price,0x9ed2b133457a9debb64997f932b15a0a81f61718e8a267a4b36fab7b960d788a,49084876,82,2026-07-24,,,,,,79287000809297339354313804150,14,9562966664822,1587
init,0xffd8807511b4657aaf2777232b53a095f8ba6d24a368f4c1768b1cd1de1944f6,44068260,1080,2026-03-30,0x833589fcd6edb6e08f4c7c32d4f71b54bda02913,0xd9aaec86b65d86f6a7b5b1b0c42ffa531710b6ca,,,,79117165334253464124831008121,-29,,1
modify,0xffd8807511b4657aaf2777232b53a095f8ba6d24a368f4c1768b1cd1de1944f6,44068260,1082,2026-03-30,,,-79,21,1967483726,,,,1
price,0xffd8807511b4657aaf2777232b53a095f8ba6d24a368f4c1768b1cd1de1944f6,44069344,471,2026-03-30,,,,,,79224940861266793372770367562,-1,1967483726,6
price,0xffd8807511b4657aaf2777232b53a095f8ba6d24a368f4c1768b1cd1de1944f6,44114969,893,2026-03-31,,,,,,79231020580793056575160057349,0,1967483726,27
modify,0xffd8807511b4657aaf2777232b53a095f8ba6d24a368f4c1768b1cd1de1944f6,44132022,2,2026-04-01,,,-33,19,12061266235,,,,1
modify,0xffd8807511b4657aaf2777232b53a095f8ba6d24a368f4c1768b1cd1de1944f6,44138736,611,2026-04-01,,,-33,19,486079955339,,,,1
modify,0xffd8807511b4657aaf2777232b53a095f8ba6d24a368f4c1768b1cd1de1944f6,44142590,682,2026-04-01,,,-5,5,2460938403853,,,,1
modify,0xffd8807511b4657aaf2777232b53a095f8ba6d24a368f4c1768b1cd1de1944f6,44153639,690,2026-04-01,,,-10,10,186828280294,,,,1
modify,0xffd8807511b4657aaf2777232b53a095f8ba6d24a368f4c1768b1cd1de1944f6,44153678,495,2026-04-01,,,-33,19,52881508613,,,,1
modify,0xffd8807511b4657aaf2777232b53a095f8ba6d24a368f4c1768b1cd1de1944f6,44153700,370,2026-04-01,,,-10,10,598643089262,,,,1
modify,0xffd8807511b4657aaf2777232b53a095f8ba6d24a368f4c1768b1cd1de1944f6,44153753,845,2026-04-01,,,-10,10,796066341248,,,,1
modify,0xffd8807511b4657aaf2777232b53a095f8ba6d24a368f4c1768b1cd1de1944f6,44153820,442,2026-04-01,,,-33,19,-52881508613,,,,1
modify,0xffd8807511b4657aaf2777232b53a095f8ba6d24a368f4c1768b1cd1de1944f6,44153834,87,2026-04-01,,,-10,10,398033170624,,,,1
modify,0xffd8807511b4657aaf2777232b53a095f8ba6d24a368f4c1768b1cd1de1944f6,44153871,756,2026-04-01,,,-10,10,796869962562,,,,1
modify,0xffd8807511b4657aaf2777232b53a095f8ba6d24a368f4c1768b1cd1de1944f6,44153906,621,2026-04-01,,,-10,10,598147413528,,,,1
modify,0xffd8807511b4657aaf2777232b53a095f8ba6d24a368f4c1768b1cd1de1944f6,44154200,24,2026-04-01,,,-10,10,1001654789499,,,,1
modify,0xffd8807511b4657aaf2777232b53a095f8ba6d24a368f4c1768b1cd1de1944f6,44154212,644,2026-04-01,,,-10,10,1001651099901,,,,1
modify,0xffd8807511b4657aaf2777232b53a095f8ba6d24a368f4c1768b1cd1de1944f6,44154230,1038,2026-04-01,,,-10,10,1001662279709,,,,1
modify,0xffd8807511b4657aaf2777232b53a095f8ba6d24a368f4c1768b1cd1de1944f6,44154253,762,2026-04-01,,,-10,10,601885301076,,,,1
price,0xffd8807511b4657aaf2777232b53a095f8ba6d24a368f4c1768b1cd1de1944f6,44160121,714,2026-04-01,,,,,,79228565104790110920475494429,0,9942488836856,461
modify,0xffd8807511b4657aaf2777232b53a095f8ba6d24a368f4c1768b1cd1de1944f6,44170195,810,2026-04-02,,,-33,19,-12061266235,,,,1
modify,0xffd8807511b4657aaf2777232b53a095f8ba6d24a368f4c1768b1cd1de1944f6,44196063,504,2026-04-02,,,-10,10,956876011835,,,,1
modify,0xffd8807511b4657aaf2777232b53a095f8ba6d24a368f4c1768b1cd1de1944f6,44196120,93,2026-04-02,,,-10,10,838279709495,,,,1
price,0xffd8807511b4657aaf2777232b53a095f8ba6d24a368f4c1768b1cd1de1944f6,44203272,678,2026-04-02,,,,,,79225687607038524432415821132,-1,11725583291951,985
modify,0xffd8807511b4657aaf2777232b53a095f8ba6d24a368f4c1768b1cd1de1944f6,44207175,1213,2026-04-03,,,-10,10,1058138515051,,,,1
modify,0xffd8807511b4657aaf2777232b53a095f8ba6d24a368f4c1768b1cd1de1944f6,44223835,700,2026-04-03,,,-5,5,-492187680770,,,,1
modify,0xffd8807511b4657aaf2777232b53a095f8ba6d24a368f4c1768b1cd1de1944f6,44224000,546,2026-04-03,,,-5,5,-984375361541,,,,1
price,0xffd8807511b4657aaf2777232b53a095f8ba6d24a368f4c1768b1cd1de1944f6,44246521,788,2026-04-03,,,,,,79225800698228342619027724166,-1,11307158764691,592
modify,0xffd8807511b4657aaf2777232b53a095f8ba6d24a368f4c1768b1cd1de1944f6,44253732,515,2026-04-04,,,-33,19,-486079955339,,,,1
modify,0xffd8807511b4657aaf2777232b53a095f8ba6d24a368f4c1768b1cd1de1944f6,44257257,708,2026-04-04,,,-5,5,2641205525618,,,,1
modify,0xffd8807511b4657aaf2777232b53a095f8ba6d24a368f4c1768b1cd1de1944f6,44266013,439,2026-04-04,,,-5,5,-833883604046,,,,1
modify,0xffd8807511b4657aaf2777232b53a095f8ba6d24a368f4c1768b1cd1de1944f6,44281284,503,2026-04-04,,,-10,10,1938198188861,,,,1
price,0xffd8807511b4657aaf2777232b53a095f8ba6d24a368f4c1768b1cd1de1944f6,44289691,530,2026-04-04,,,,,,79226234795327927305423968903,-1,14566598919785,494
price,0xffd8807511b4657aaf2777232b53a095f8ba6d24a368f4c1768b1cd1de1944f6,44332908,58,2026-04-05,,,,,,79226096601991208613626255700,-1,14566598919785,725
price,0xffd8807511b4657aaf2777232b53a095f8ba6d24a368f4c1768b1cd1de1944f6,44376095,874,2026-04-06,,,,,,79225303921604712231412423175,-1,14566598919785,830
price,0xffd8807511b4657aaf2777232b53a095f8ba6d24a368f4c1768b1cd1de1944f6,44419302,512,2026-04-07,,,,,,79225733500081647803990246284,-1,14566598919785,999
modify,0xffd8807511b4657aaf2777232b53a095f8ba6d24a368f4c1768b1cd1de1944f6,44422965,1010,2026-04-08,,,-5,5,242643096990,,,,1
price,0xffd8807511b4657aaf2777232b53a095f8ba6d24a368f4c1768b1cd1de1944f6,44462449,8,2026-04-08,,,,,,79226263969260797991760037927,-1,14809242016775,1110
modify,0xffd8807511b4657aaf2777232b53a095f8ba6d24a368f4c1768b1cd1de1944f6,44486472,239,2026-04-09,,,-1,0,370919815385,,,,1
price,0xffd8807511b4657aaf2777232b53a095f8ba6d24a368f4c1768b1cd1de1944f6,44505721,354,2026-04-09,,,,,,79226072547847570856557958844,-1,15180161832160,1949
price,0xffd8807511b4657aaf2777232b53a095f8ba6d24a368f4c1768b1cd1de1944f6,44548883,600,2026-04-10,,,,,,79226335256885696014912871004,-1,15180161832160,1298
price,0xffd8807511b4657aaf2777232b53a095f8ba6d24a368f4c1768b1cd1de1944f6,44592090,649,2026-04-11,,,,,,79224850620054855635189508718,-1,15180161832160,1195
price,0xffd8807511b4657aaf2777232b53a095f8ba6d24a368f4c1768b1cd1de1944f6,44635248,545,2026-04-12,,,,,,79224350179849072713223584150,-1,15180161832160,1192
price,0xffd8807511b4657aaf2777232b53a095f8ba6d24a368f4c1768b1cd1de1944f6,44678521,71,2026-04-13,,,,,,79226813442652663867283667716,-1,15180161832160,999
price,0xffd8807511b4657aaf2777232b53a095f8ba6d24a368f4c1768b1cd1de1944f6,44721692,501,2026-04-14,,,,,,79227598309481752787985669134,-1,15180161832160,1037
price,0xffd8807511b4657aaf2777232b53a095f8ba6d24a368f4c1768b1cd1de1944f6,44764922,560,2026-04-15,,,,,,79228260501922144748395552609,0,14809242016775,1081
modify,0xffd8807511b4657aaf2777232b53a095f8ba6d24a368f4c1768b1cd1de1944f6,44793945,1308,2026-04-16,,,-5,5,2774988254086,,,,1
modify,0xffd8807511b4657aaf2777232b53a095f8ba6d24a368f4c1768b1cd1de1944f6,44806683,686,2026-04-16,,,-10,10,-11772934152945,,,,1
price,0xffd8807511b4657aaf2777232b53a095f8ba6d24a368f4c1768b1cd1de1944f6,44808120,638,2026-04-16,,,,,,79227880846645399925809207742,-1,6182215933301,1106
modify,0xffd8807511b4657aaf2777232b53a095f8ba6d24a368f4c1768b1cd1de1944f6,44829782,333,2026-04-17,,,-1,1,2043777422110,,,,1
modify,0xffd8807511b4657aaf2777232b53a095f8ba6d24a368f4c1768b1cd1de1944f6,44834257,1128,2026-04-17,,,-11,11,3437256853433,,,,1
modify,0xffd8807511b4657aaf2777232b53a095f8ba6d24a368f4c1768b1cd1de1944f6,44840224,716,2026-04-17,,,-887272,887272,995291562,,,,1
price,0xffd8807511b4657aaf2777232b53a095f8ba6d24a368f4c1768b1cd1de1944f6,44851316,427,2026-04-17,,,,,,79227907628887092655190198261,-1,11664245500406,942
modify,0xffd8807511b4657aaf2777232b53a095f8ba6d24a368f4c1768b1cd1de1944f6,44878726,342,2026-04-18,,,-887272,887272,-995291562,,,,1
modify,0xffd8807511b4657aaf2777232b53a095f8ba6d24a368f4c1768b1cd1de1944f6,44878813,400,2026-04-18,,,-2,3,6359463860736,,,,1
price,0xffd8807511b4657aaf2777232b53a095f8ba6d24a368f4c1768b1cd1de1944f6,44894297,734,2026-04-18,,,,,,79228620673609280123302860510,0,17651794254195,719
price,0xffd8807511b4657aaf2777232b53a095f8ba6d24a368f4c1768b1cd1de1944f6,44937525,14,2026-04-19,,,,,,79226918015150240464958671034,-1,18022714069580,870
modify,0xffd8807511b4657aaf2777232b53a095f8ba6d24a368f4c1768b1cd1de1944f6,44956673,406,2026-04-20,,,-1,1,0,,,,1
modify,0xffd8807511b4657aaf2777232b53a095f8ba6d24a368f4c1768b1cd1de1944f6,44956769,194,2026-04-20,,,-1,1,-2043777422110,,,,1
price,0xffd8807511b4657aaf2777232b53a095f8ba6d24a368f4c1768b1cd1de1944f6,44980765,293,2026-04-20,,,,,,79225675889450797432175048536,-1,15978936647470,715
modify,0xffd8807511b4657aaf2777232b53a095f8ba6d24a368f4c1768b1cd1de1944f6,44994326,540,2026-04-21,,,-9,9,2202891273508,,,,1
modify,0xffd8807511b4657aaf2777232b53a095f8ba6d24a368f4c1768b1cd1de1944f6,44994750,295,2026-04-21,,,-9,9,1115576189691,,,,1
price,0xffd8807511b4657aaf2777232b53a095f8ba6d24a368f4c1768b1cd1de1944f6,45024126,167,2026-04-21,,,,,,79225305411891467828798438298,-1,19297404110669,898
price,0xffd8807511b4657aaf2777232b53a095f8ba6d24a368f4c1768b1cd1de1944f6,45067194,36,2026-04-22,,,,,,79225344482362789379671740474,-1,19297404110669,1079
modify,0xffd8807511b4657aaf2777232b53a095f8ba6d24a368f4c1768b1cd1de1944f6,45099458,466,2026-04-23,,,-1,0,-370919815385,,,,1
price,0xffd8807511b4657aaf2777232b53a095f8ba6d24a368f4c1768b1cd1de1944f6,45110503,6,2026-04-23,,,,,,79227360317781426195061993451,-1,18926484295284,951
modify,0xffd8807511b4657aaf2777232b53a095f8ba6d24a368f4c1768b1cd1de1944f6,45119118,389,2026-04-24,,,-2,1,13671200982887,,,,1
modify,0xffd8807511b4657aaf2777232b53a095f8ba6d24a368f4c1768b1cd1de1944f6,45119234,23,2026-04-24,,,-5,5,-5809328634190,,,,1
modify,0xffd8807511b4657aaf2777232b53a095f8ba6d24a368f4c1768b1cd1de1944f6,45119249,373,2026-04-24,,,-2,1,17725352002203,,,,1
modify,0xffd8807511b4657aaf2777232b53a095f8ba6d24a368f4c1768b1cd1de1944f6,45123428,1490,2026-04-24,,,-9,9,2095844473137,,,,1
price,0xffd8807511b4657aaf2777232b53a095f8ba6d24a368f4c1768b1cd1de1944f6,45153534,9,2026-04-24,,,,,,79225461716411271409465977649,-1,46609553119321,396
price,0xffd8807511b4657aaf2777232b53a095f8ba6d24a368f4c1768b1cd1de1944f6,45196037,435,2026-04-25,,,,,,79225715475727013460407746980,-1,46609553119321,374
price,0xffd8807511b4657aaf2777232b53a095f8ba6d24a368f4c1768b1cd1de1944f6,45239625,296,2026-04-26,,,,,,79225987506537743670964953427,-1,46609553119321,425
modify,0xffd8807511b4657aaf2777232b53a095f8ba6d24a368f4c1768b1cd1de1944f6,45242894,305,2026-04-27,,,-2,1,5923500505825,,,,1
modify,0xffd8807511b4657aaf2777232b53a095f8ba6d24a368f4c1768b1cd1de1944f6,45253740,322,2026-04-27,,,-9,9,851470281190,,,,1
price,0xffd8807511b4657aaf2777232b53a095f8ba6d24a368f4c1768b1cd1de1944f6,45283086,409,2026-04-27,,,,,,79225871387620886001281946348,-1,53384523906336,402
modify,0xffd8807511b4657aaf2777232b53a095f8ba6d24a368f4c1768b1cd1de1944f6,45293552,210,2026-04-28,,,-2,3,-6359463860736,,,,1
price,0xffd8807511b4657aaf2777232b53a095f8ba6d24a368f4c1768b1cd1de1944f6,45326381,315,2026-04-28,,,,,,79226278189590809498218231081,-1,47025060045600,1336
modify,0xffd8807511b4657aaf2777232b53a095f8ba6d24a368f4c1768b1cd1de1944f6,45354395,214,2026-04-29,,,-9,9,30483774519,,,,1
price,0xffd8807511b4657aaf2777232b53a095f8ba6d24a368f4c1768b1cd1de1944f6,45369711,778,2026-04-29,,,,,,79226060074165652695495680663,-1,47055543820119,1411
price,0xffd8807511b4657aaf2777232b53a095f8ba6d24a368f4c1768b1cd1de1944f6,45412916,44,2026-04-30,,,,,,79227038431441002947161498247,-1,47055543820119,991
modify,0xffd8807511b4657aaf2777232b53a095f8ba6d24a368f4c1768b1cd1de1944f6,45423150,379,2026-05-01,,,-11,11,-3437256853433,,,,1
price,0xffd8807511b4657aaf2777232b53a095f8ba6d24a368f4c1768b1cd1de1944f6,45455949,304,2026-05-01,,,,,,79226218174734446395683046143,-1,43618286966686,802
modify,0xffd8807511b4657aaf2777232b53a095f8ba6d24a368f4c1768b1cd1de1944f6,45462975,262,2026-05-02,,,-2,1,25696604303497,,,,1
price,0xffd8807511b4657aaf2777232b53a095f8ba6d24a368f4c1768b1cd1de1944f6,45499235,514,2026-05-02,,,,,,79225063764919844035160617369,-1,69314891270183,1120
modify,0xffd8807511b4657aaf2777232b53a095f8ba6d24a368f4c1768b1cd1de1944f6,45513143,196,2026-05-03,,,-9,9,92505194135,,,,1
price,0xffd8807511b4657aaf2777232b53a095f8ba6d24a368f4c1768b1cd1de1944f6,45542500,278,2026-05-03,,,,,,79224622162147687800417752299,-1,69407396464318,1283
modify,0xffd8807511b4657aaf2777232b53a095f8ba6d24a368f4c1768b1cd1de1944f6,45568701,986,2026-05-04,,,-2,1,346977552730,,,,1
price,0xffd8807511b4657aaf2777232b53a095f8ba6d24a368f4c1768b1cd1de1944f6,45585647,268,2026-05-04,,,,,,79223810616199030344588201501,-2,69754374017048,1831
price,0xffd8807511b4657aaf2777232b53a095f8ba6d24a368f4c1768b1cd1de1944f6,45628900,421,2026-05-05,,,,,,79225365755418493688152823658,-1,69754374017048,1536
price,0xffd8807511b4657aaf2777232b53a095f8ba6d24a368f4c1768b1cd1de1944f6,45671948,727,2026-05-06,,,,,,79228182346637327565579068746,0,69754374017048,1224
price,0xffd8807511b4657aaf2777232b53a095f8ba6d24a368f4c1768b1cd1de1944f6,45715325,132,2026-05-07,,,,,,79223899913565528129464149862,-2,69754374017048,1237
price,0xffd8807511b4657aaf2777232b53a095f8ba6d24a368f4c1768b1cd1de1944f6,45758526,268,2026-05-08,,,,,,79224676076712047614287956674,-1,69754374017048,1140
modify,0xffd8807511b4657aaf2777232b53a095f8ba6d24a368f4c1768b1cd1de1944f6,45795270,312,2026-05-09,,,-9,9,1057484679764,,,,1
price,0xffd8807511b4657aaf2777232b53a095f8ba6d24a368f4c1768b1cd1de1944f6,45801724,34,2026-05-09,,,,,,79225152550593934946721287540,-1,70811858696812,980
price,0xffd8807511b4657aaf2777232b53a095f8ba6d24a368f4c1768b1cd1de1944f6,45844917,365,2026-05-10,,,,,,79229070177884489138099870500,0,70811858696812,1117
price,0xffd8807511b4657aaf2777232b53a095f8ba6d24a368f4c1768b1cd1de1944f6,45888010,193,2026-05-11,,,,,,79225338488534505566067238229,-1,70811858696812,950
modify,0xffd8807511b4657aaf2777232b53a095f8ba6d24a368f4c1768b1cd1de1944f6,45905157,489,2026-05-12,,,-9,9,105969792601,,,,1
price,0xffd8807511b4657aaf2777232b53a095f8ba6d24a368f4c1768b1cd1de1944f6,45931220,305,2026-05-12,,,,,,79227497559345572832486360393,-1,70917828489413,719
modify,0xffd8807511b4657aaf2777232b53a095f8ba6d24a368f4c1768b1cd1de1944f6,45933828,476,2026-05-13,,,-2,1,341875466190,,,,1
price,0xffd8807511b4657aaf2777232b53a095f8ba6d24a368f4c1768b1cd1de1944f6,45974510,204,2026-05-13,,,,,,79229802103533060961441800345,0,71259703955603,967
modify,0xffd8807511b4657aaf2777232b53a095f8ba6d24a368f4c1768b1cd1de1944f6,46003192,51,2026-05-14,,,-9,9,25926105096,,,,1
price,0xffd8807511b4657aaf2777232b53a095f8ba6d24a368f4c1768b1cd1de1944f6,46017661,599,2026-05-14,,,,,,79227837627489500342218088754,-1,71285630060699,934
price,0xffd8807511b4657aaf2777232b53a095f8ba6d24a368f4c1768b1cd1de1944f6,46060869,275,2026-05-15,,,,,,79229032339692097892692918217,0,71285630060699,996
modify,0xffd8807511b4657aaf2777232b53a095f8ba6d24a368f4c1768b1cd1de1944f6,46093408,450,2026-05-16,,,-9,9,597245713999,,,,1
price,0xffd8807511b4657aaf2777232b53a095f8ba6d24a368f4c1768b1cd1de1944f6,46104025,429,2026-05-16,,,,,,79227955106563429490545259780,-1,71882875774698,1291
modify,0xffd8807511b4657aaf2777232b53a095f8ba6d24a368f4c1768b1cd1de1944f6,46106608,557,2026-05-17,,,-2,1,6637031127144,,,,1
modify,0xffd8807511b4657aaf2777232b53a095f8ba6d24a368f4c1768b1cd1de1944f6,46121971,5,2026-05-17,,,-9,9,41686592425,,,,1
modify,0xffd8807511b4657aaf2777232b53a095f8ba6d24a368f4c1768b1cd1de1944f6,46123297,339,2026-05-17,,,-1,0,84408465338,,,,1
modify,0xffd8807511b4657aaf2777232b53a095f8ba6d24a368f4c1768b1cd1de1944f6,46139107,128,2026-05-17,,,-1,1,105311824423362,,,,1
price,0xffd8807511b4657aaf2777232b53a095f8ba6d24a368f4c1768b1cd1de1944f6,46146885,378,2026-05-17,,,,,,79228501539604404545815882846,0,183873417917629,1013
modify,0xffd8807511b4657aaf2777232b53a095f8ba6d24a368f4c1768b1cd1de1944f6,46146916,49,2026-05-17,,,-2,1,-5627403355238,,,,1
modify,0xffd8807511b4657aaf2777232b53a095f8ba6d24a368f4c1768b1cd1de1944f6,46157049,2470,2026-05-18,,,-9,9,568220463657,,,,1
price,0xffd8807511b4657aaf2777232b53a095f8ba6d24a368f4c1768b1cd1de1944f6,46190453,32,2026-05-18,,,,,,79229759642785464313644858703,0,178814235026048,1385
modify,0xffd8807511b4657aaf2777232b53a095f8ba6d24a368f4c1768b1cd1de1944f6,46190613,310,2026-05-19,,,-1,0,-84408465338,,,,1
modify,0xffd8807511b4657aaf2777232b53a095f8ba6d24a368f4c1768b1cd1de1944f6,46205816,204,2026-05-19,,,-2,1,-12943027717047,,,,1
modify,0xffd8807511b4657aaf2777232b53a095f8ba6d24a368f4c1768b1cd1de1944f6,46214066,173,2026-05-19,,,-2,1,-5177211086819,,,,1
modify,0xffd8807511b4657aaf2777232b53a095f8ba6d24a368f4c1768b1cd1de1944f6,46214976,79,2026-05-19,,,-2,1,-4659489978137,,,,1
modify,0xffd8807511b4657aaf2777232b53a095f8ba6d24a368f4c1768b1cd1de1944f6,46217733,731,2026-05-19,,,-2,1,10946862391911,,,,1
price,0xffd8807511b4657aaf2777232b53a095f8ba6d24a368f4c1768b1cd1de1944f6,46233667,208,2026-05-19,,,,,,79227395830563348283316818965,-1,166981368635956,1002
modify,0xffd8807511b4657aaf2777232b53a095f8ba6d24a368f4c1768b1cd1de1944f6,46275298,201,2026-05-20,,,-2,1,-26441136097573,,,,1
price,0xffd8807511b4657aaf2777232b53a095f8ba6d24a368f4c1768b1cd1de1944f6,46276916,511,2026-05-20,,,,,,79227016735369278983505577382,-1,140540232538383,1096
price,0xffd8807511b4657aaf2777232b53a095f8ba6d24a368f4c1768b1cd1de1944f6,46319998,556,2026-05-21,,,,,,79225474080093139959583404952,-1,140540232538383,928
price,0xffd8807511b4657aaf2777232b53a095f8ba6d24a368f4c1768b1cd1de1944f6,46363313,501,2026-05-22,,,,,,79229694291877586075477902619,0,140540232538383,1113
modify,0xffd8807511b4657aaf2777232b53a095f8ba6d24a368f4c1768b1cd1de1944f6,46404548,103,2026-05-23,,,-2,1,-26441136097573,,,,1
price,0xffd8807511b4657aaf2777232b53a095f8ba6d24a368f4c1768b1cd1de1944f6,46406476,462,2026-05-23,,,,,,79233727699694974924980946197,1,8787272017448,942
price,0xffd8807511b4657aaf2777232b53a095f8ba6d24a368f4c1768b1cd1de1944f6,46449493,110,2026-05-24,,,,,,79244659709752105978927986376,4,8787272017448,1391
price,0xffd8807511b4657aaf2777232b53a095f8ba6d24a368f4c1768b1cd1de1944f6,46492916,628,2026-05-25,,,,,,79231469990156236374005056336,0,114099096440810,1794
modify,0xffd8807511b4657aaf2777232b53a095f8ba6d24a368f4c1768b1cd1de1944f6,46505115,266,2026-05-26,,,0,4,940899673358,,,,1
price,0xffd8807511b4657aaf2777232b53a095f8ba6d24a368f4c1768b1cd1de1944f6,46535785,479,2026-05-26,,,,,,79237970497276496805223647330,2,9728171690806,2229
modify,0xffd8807511b4657aaf2777232b53a095f8ba6d24a368f4c1768b1cd1de1944f6,46544299,13,2026-05-27,,,0,4,-940899673358,,,,1
modify,0xffd8807511b4657aaf2777232b53a095f8ba6d24a368f4c1768b1cd1de1944f6,46546841,1030,2026-05-27,,,0,2,91963915914,,,,1
modify,0xffd8807511b4657aaf2777232b53a095f8ba6d24a368f4c1768b1cd1de1944f6,46549095,594,2026-05-27,,,-2,2,25170193449692,,,,1
modify,0xffd8807511b4657aaf2777232b53a095f8ba6d24a368f4c1768b1cd1de1944f6,46549155,20,2026-05-27,,,-2,2,25008904812698,,,,1
modify,0xffd8807511b4657aaf2777232b53a095f8ba6d24a368f4c1768b1cd1de1944f6,46556699,404,2026-05-27,,,0,2,-91963915914,,,,1
price,0xffd8807511b4657aaf2777232b53a095f8ba6d24a368f4c1768b1cd1de1944f6,46579297,415,2026-05-27,,,,,,79233913350111201918731311397,1,58966370279838,1365
price,0xffd8807511b4657aaf2777232b53a095f8ba6d24a368f4c1768b1cd1de1944f6,46622503,578,2026-05-28,,,,,,79233452934925869582851870486,1,58966370279838,1334
price,0xffd8807511b4657aaf2777232b53a095f8ba6d24a368f4c1768b1cd1de1944f6,46665683,201,2026-05-29,,,,,,79231363157415643619997975120,0,164278194703200,1542
price,0xffd8807511b4657aaf2777232b53a095f8ba6d24a368f4c1768b1cd1de1944f6,46708866,330,2026-05-30,,,,,,79230609168354519172825565410,0,164278194703200,1125
price,0xffd8807511b4657aaf2777232b53a095f8ba6d24a368f4c1768b1cd1de1944f6,46752119,220,2026-05-31,,,,,,79229440258608270366047160123,0,164278194703200,1093
price,0xffd8807511b4657aaf2777232b53a095f8ba6d24a368f4c1768b1cd1de1944f6,46795285,307,2026-06-01,,,,,,79229404627904194342168465150,0,164278194703200,1420
modify,0xffd8807511b4657aaf2777232b53a095f8ba6d24a368f4c1768b1cd1de1944f6,46803844,225,2026-06-02,,,-1,2,417893017871,,,,1
price,0xffd8807511b4657aaf2777232b53a095f8ba6d24a368f4c1768b1cd1de1944f6,46838518,256,2026-06-02,,,,,,79230029519192629737158336295,0,164696087721071,1602
price,0xffd8807511b4657aaf2777232b53a095f8ba6d24a368f4c1768b1cd1de1944f6,46881701,594,2026-06-03,,,,,,79234941714696711621555961847,1,59384263297709,1501
modify,0xffd8807511b4657aaf2777232b53a095f8ba6d24a368f4c1768b1cd1de1944f6,46883215,1009,2026-06-04,,,0,3,569474030489,,,,1
price,0xffd8807511b4657aaf2777232b53a095f8ba6d24a368f4c1768b1cd1de1944f6,46924886,326,2026-06-04,,,,,,79233357734370953351671101511,1,59953737328198,1960
modify,0xffd8807511b4657aaf2777232b53a095f8ba6d24a368f4c1768b1cd1de1944f6,46925240,421,2026-06-05,,,0,3,-569474030489,,,,1
modify,0xffd8807511b4657aaf2777232b53a095f8ba6d24a368f4c1768b1cd1de1944f6,46958459,282,2026-06-05,,,1,3,122249493836442,,,,1
modify,0xffd8807511b4657aaf2777232b53a095f8ba6d24a368f4c1768b1cd1de1944f6,46958543,208,2026-06-05,,,1,3,-122249493836442,,,,1
price,0xffd8807511b4657aaf2777232b53a095f8ba6d24a368f4c1768b1cd1de1944f6,46968090,94,2026-06-05,,,,,,79232734559399917237546505300,1,59384263297709,1809
modify,0xffd8807511b4657aaf2777232b53a095f8ba6d24a368f4c1768b1cd1de1944f6,46977916,697,2026-06-06,,,-1,2,-417893017871,,,,1
modify,0xffd8807511b4657aaf2777232b53a095f8ba6d24a368f4c1768b1cd1de1944f6,46983793,333,2026-06-06,,,-9,9,2113367402361,,,,1
modify,0xffd8807511b4657aaf2777232b53a095f8ba6d24a368f4c1768b1cd1de1944f6,46983984,360,2026-06-06,,,-9,9,232689183787,,,,1
modify,0xffd8807511b4657aaf2777232b53a095f8ba6d24a368f4c1768b1cd1de1944f6,46993828,132,2026-06-06,,,1,2,9002765221877,,,,1
modify,0xffd8807511b4657aaf2777232b53a095f8ba6d24a368f4c1768b1cd1de1944f6,46996261,546,2026-06-06,,,-9,9,13469832734,,,,1
price,0xffd8807511b4657aaf2777232b53a095f8ba6d24a368f4c1768b1cd1de1944f6,47011281,63,2026-06-06,,,,,,79232104952135525252882569393,0,166637721122082,1167
modify,0xffd8807511b4657aaf2777232b53a095f8ba6d24a368f4c1768b1cd1de1944f6,47025003,525,2026-06-07,,,1,2,-9002765221877,,,,1
modify,0xffd8807511b4657aaf2777232b53a095f8ba6d24a368f4c1768b1cd1de1944f6,47025187,596,2026-06-07,,,0,2,2583060945286,,,,1
modify,0xffd8807511b4657aaf2777232b53a095f8ba6d24a368f4c1768b1cd1de1944f6,47036048,196,2026-06-07,,,0,2,206920775061,,,,1
price,0xffd8807511b4657aaf2777232b53a095f8ba6d24a368f4c1768b1cd1de1944f6,47054482,132,2026-06-07,,,,,,79234681850280610471854286029,1,64115878419067,1101
modify,0xffd8807511b4657aaf2777232b53a095f8ba6d24a368f4c1768b1cd1de1944f6,47057360,126,2026-06-08,,,0,2,-2789981720347,,,,1
modify,0xffd8807511b4657aaf2777232b53a095f8ba6d24a368f4c1768b1cd1de1944f6,47067518,787,2026-06-08,,,-9,9,199741008394,,,,1
price,0xffd8807511b4657aaf2777232b53a095f8ba6d24a368f4c1768b1cd1de1944f6,47097726,178,2026-06-08,,,,,,79232856802478992204849606668,1,61525637707114,1481
modify,0xffd8807511b4657aaf2777232b53a095f8ba6d24a368f4c1768b1cd1de1944f6,47110079,455,2026-06-09,,,-9,9,-1134457196099,,,,1
price,0xffd8807511b4657aaf2777232b53a095f8ba6d24a368f4c1768b1cd1de1944f6,47140798,80,2026-06-09,,,,,,79236494343640015931281863900,2,10212082248625,1298
price,0xffd8807511b4657aaf2777232b53a095f8ba6d24a368f4c1768b1cd1de1944f6,47184116,182,2026-06-10,,,,,,79233629744229778930206655371,1,60391180511015,1417
price,0xffd8807511b4657aaf2777232b53a095f8ba6d24a368f4c1768b1cd1de1944f6,47227289,431,2026-06-11,,,,,,79230670537840687029560709027,0,165703004934377,1317
price,0xffd8807511b4657aaf2777232b53a095f8ba6d24a368f4c1768b1cd1de1944f6,47270524,218,2026-06-12,,,,,,79231371237963803713482063021,0,165703004934377,1036
price,0xffd8807511b4657aaf2777232b53a095f8ba6d24a368f4c1768b1cd1de1944f6,47313216,249,2026-06-13,,,,,,79234260420225102054281686409,1,60391180511015,535
price,0xffd8807511b4657aaf2777232b53a095f8ba6d24a368f4c1768b1cd1de1944f6,47356810,82,2026-06-14,,,,,,79233196089285834832842647615,1,60391180511015,688
price,0xffd8807511b4657aaf2777232b53a095f8ba6d24a368f4c1768b1cd1de1944f6,47400073,243,2026-06-15,,,,,,79231460826904357042670902238,0,165703004934377,1074
price,0xffd8807511b4657aaf2777232b53a095f8ba6d24a368f4c1768b1cd1de1944f6,47443286,295,2026-06-16,,,,,,79230431514177353111383763257,0,165703004934377,1252
price,0xffd8807511b4657aaf2777232b53a095f8ba6d24a368f4c1768b1cd1de1944f6,47486501,431,2026-06-17,,,,,,79234049035129830057854672237,1,60391180511015,1545
price,0xffd8807511b4657aaf2777232b53a095f8ba6d24a368f4c1768b1cd1de1944f6,47529671,56,2026-06-18,,,,,,79235566574021659100132098165,1,60391180511015,1388
price,0xffd8807511b4657aaf2777232b53a095f8ba6d24a368f4c1768b1cd1de1944f6,47572686,166,2026-06-19,,,,,,79231745104823699901377084240,0,165703004934377,1049
price,0xffd8807511b4657aaf2777232b53a095f8ba6d24a368f4c1768b1cd1de1944f6,47616011,60,2026-06-20,,,,,,79231948796027947330281711431,0,165703004934377,1156
price,0xffd8807511b4657aaf2777232b53a095f8ba6d24a368f4c1768b1cd1de1944f6,47659258,291,2026-06-21,,,,,,79230951401690741982481357638,0,165703004934377,1092
price,0xffd8807511b4657aaf2777232b53a095f8ba6d24a368f4c1768b1cd1de1944f6,47702522,353,2026-06-22,,,,,,79235084085495787939904115283,1,60391180511015,1124
price,0xffd8807511b4657aaf2777232b53a095f8ba6d24a368f4c1768b1cd1de1944f6,47745724,234,2026-06-23,,,,,,79235028744891715001287200539,1,60391180511015,1562
price,0xffd8807511b4657aaf2777232b53a095f8ba6d24a368f4c1768b1cd1de1944f6,47788888,775,2026-06-24,,,,,,79232271267782662405524217771,1,60391180511015,1763
price,0xffd8807511b4657aaf2777232b53a095f8ba6d24a368f4c1768b1cd1de1944f6,47832011,212,2026-06-25,,,,,,79233157172492874937326701876,1,60391180511015,1497
price,0xffd8807511b4657aaf2777232b53a095f8ba6d24a368f4c1768b1cd1de1944f6,47875296,195,2026-06-26,,,,,,79232667815915390411552838897,1,60391180511015,1276
modify,0xffd8807511b4657aaf2777232b53a095f8ba6d24a368f4c1768b1cd1de1944f6,47900589,716,2026-06-27,,,0,2,3345437672603,,,,1
modify,0xffd8807511b4657aaf2777232b53a095f8ba6d24a368f4c1768b1cd1de1944f6,47900649,386,2026-06-27,,,0,2,3186537369670,,,,1
price,0xffd8807511b4657aaf2777232b53a095f8ba6d24a368f4c1768b1cd1de1944f6,47918499,127,2026-06-27,,,,,,79231161903087970796097331674,0,172234979976650,1174
modify,0xffd8807511b4657aaf2777232b53a095f8ba6d24a368f4c1768b1cd1de1944f6,47920443,6,2026-06-28,,,0,2,-6531975042273,,,,1
price,0xffd8807511b4657aaf2777232b53a095f8ba6d24a368f4c1768b1cd1de1944f6,47961725,333,2026-06-28,,,,,,79230350438923713133538609510,0,165703004934377,1633
price,0xffd8807511b4657aaf2777232b53a095f8ba6d24a368f4c1768b1cd1de1944f6,48004909,106,2026-06-29,,,,,,79235067892525303633593174086,1,60391180511015,1502
price,0xffd8807511b4657aaf2777232b53a095f8ba6d24a368f4c1768b1cd1de1944f6,48048107,7,2026-06-30,,,,,,79231223662389156163097235500,0,165703004934377,1170
modify,0xffd8807511b4657aaf2777232b53a095f8ba6d24a368f4c1768b1cd1de1944f6,48065550,249,2026-07-01,,,-9,9,0,,,,1
price,0xffd8807511b4657aaf2777232b53a095f8ba6d24a368f4c1768b1cd1de1944f6,48091236,1,2026-07-01,,,,,,79231841026129436357404390572,0,165703004934377,1013
price,0xffd8807511b4657aaf2777232b53a095f8ba6d24a368f4c1768b1cd1de1944f6,48134495,215,2026-07-02,,,,,,79230562577828179552973549703,0,165703004934377,1034
modify,0xffd8807511b4657aaf2777232b53a095f8ba6d24a368f4c1768b1cd1de1944f6,48148669,96,2026-07-03,,,-1,4,29032171372,,,,1
modify,0xffd8807511b4657aaf2777232b53a095f8ba6d24a368f4c1768b1cd1de1944f6,48151298,522,2026-07-03,,,0,1,154938471129187,,,,1
price,0xffd8807511b4657aaf2777232b53a095f8ba6d24a368f4c1768b1cd1de1944f6,48177685,259,2026-07-03,,,,,,79229138170244206441562768313,0,320670508234936,1111
modify,0xffd8807511b4657aaf2777232b53a095f8ba6d24a368f4c1768b1cd1de1944f6,48186292,226,2026-07-04,,,-1,4,-29032171372,,,,1
price,0xffd8807511b4657aaf2777232b53a095f8ba6d24a368f4c1768b1cd1de1944f6,48220788,7,2026-07-04,,,,,,79229804281427330907595086870,0,320641476063564,1137
price,0xffd8807511b4657aaf2777232b53a095f8ba6d24a368f4c1768b1cd1de1944f6,48264087,229,2026-07-05,,,,,,79231550865434152585215953851,0,320641476063564,1150
price,0xffd8807511b4657aaf2777232b53a095f8ba6d24a368f4c1768b1cd1de1944f6,48307247,139,2026-07-06,,,,,,79233264368626688383543582854,1,60391180511015,1245
modify,0xffd8807511b4657aaf2777232b53a095f8ba6d24a368f4c1768b1cd1de1944f6,48313451,185,2026-07-07,,,0,1,0,,,,1
price,0xffd8807511b4657aaf2777232b53a095f8ba6d24a368f4c1768b1cd1de1944f6,48350487,335,2026-07-07,,,,,,79232171679228316517526467205,1,60391180511015,1153
price,0xffd8807511b4657aaf2777232b53a095f8ba6d24a368f4c1768b1cd1de1944f6,48393657,214,2026-07-08,,,,,,79231133636732984834632721615,0,320641476063564,1196
modify,0xffd8807511b4657aaf2777232b53a095f8ba6d24a368f4c1768b1cd1de1944f6,48419336,179,2026-07-09,,,0,2,4967065710381,,,,1
price,0xffd8807511b4657aaf2777232b53a095f8ba6d24a368f4c1768b1cd1de1944f6,48436907,341,2026-07-09,,,,,,79231146309863206086024633111,0,325608541773945,1141
modify,0xffd8807511b4657aaf2777232b53a095f8ba6d24a368f4c1768b1cd1de1944f6,48462213,260,2026-07-10,,,0,2,-4967065710381,,,,1
price,0xffd8807511b4657aaf2777232b53a095f8ba6d24a368f4c1768b1cd1de1944f6,48480030,333,2026-07-10,,,,,,79230980048964049382281751471,0,320641476063564,1172
price,0xffd8807511b4657aaf2777232b53a095f8ba6d24a368f4c1768b1cd1de1944f6,48523088,219,2026-07-11,,,,,,79229023773624398349577507072,0,320641476063564,1017
price,0xffd8807511b4657aaf2777232b53a095f8ba6d24a368f4c1768b1cd1de1944f6,48566487,255,2026-07-12,,,,,,79230750190304622644151098052,0,320641476063564,1191
price,0xffd8807511b4657aaf2777232b53a095f8ba6d24a368f4c1768b1cd1de1944f6,48609723,300,2026-07-13,,,,,,79231262053386814598483711123,0,320641476063564,1203
price,0xffd8807511b4657aaf2777232b53a095f8ba6d24a368f4c1768b1cd1de1944f6,48652900,1164,2026-07-14,,,,,,79228309321066190605706999783,0,320641476063564,1203
price,0xffd8807511b4657aaf2777232b53a095f8ba6d24a368f4c1768b1cd1de1944f6,48696101,262,2026-07-15,,,,,,79229067876258469072011662628,0,320641476063564,1409
price,0xffd8807511b4657aaf2777232b53a095f8ba6d24a368f4c1768b1cd1de1944f6,48739324,413,2026-07-16,,,,,,79230657139995590346662548362,0,320641476063564,1128
price,0xffd8807511b4657aaf2777232b53a095f8ba6d24a368f4c1768b1cd1de1944f6,48782366,264,2026-07-17,,,,,,79229404399658948431700567013,0,320641476063564,1002
price,0xffd8807511b4657aaf2777232b53a095f8ba6d24a368f4c1768b1cd1de1944f6,48825715,256,2026-07-18,,,,,,79227414550060187171182755806,-1,165703004934377,533
price,0xffd8807511b4657aaf2777232b53a095f8ba6d24a368f4c1768b1cd1de1944f6,48868893,15,2026-07-19,,,,,,79227375374663652446627377910,-1,165703004934377,603
modify,0xffd8807511b4657aaf2777232b53a095f8ba6d24a368f4c1768b1cd1de1944f6,48905117,333,2026-07-20,,,-7,5,1546185446545,,,,1
price,0xffd8807511b4657aaf2777232b53a095f8ba6d24a368f4c1768b1cd1de1944f6,48911983,869,2026-07-20,,,,,,79226364427578469825819377505,-1,167249190380922,791
price,0xffd8807511b4657aaf2777232b53a095f8ba6d24a368f4c1768b1cd1de1944f6,48955304,151,2026-07-21,,,,,,79227036048109507291518424006,-1,167249190380922,816
modify,0xffd8807511b4657aaf2777232b53a095f8ba6d24a368f4c1768b1cd1de1944f6,48974641,464,2026-07-22,,,0,1,-154938471129187,,,,1
modify,0xffd8807511b4657aaf2777232b53a095f8ba6d24a368f4c1768b1cd1de1944f6,48980784,522,2026-07-22,,,-9,9,0,,,,1
price,0xffd8807511b4657aaf2777232b53a095f8ba6d24a368f4c1768b1cd1de1944f6,48998371,46,2026-07-22,,,,,,79226024431217088763994317747,-1,167249190380922,958
modify,0xffd8807511b4657aaf2777232b53a095f8ba6d24a368f4c1768b1cd1de1944f6,49014221,507,2026-07-23,,,-9,9,-10210114764899,,,,1
price,0xffd8807511b4657aaf2777232b53a095f8ba6d24a368f4c1768b1cd1de1944f6,49041709,95,2026-07-23,,,,,,79222257790001058798598471494,-2,51727251192661,1384
modify,0xffd8807511b4657aaf2777232b53a095f8ba6d24a368f4c1768b1cd1de1944f6,49056504,1187,2026-07-24,,,-2,2,125007226120,,,,1
modify,0xffd8807511b4657aaf2777232b53a095f8ba6d24a368f4c1768b1cd1de1944f6,49071461,77,2026-07-24,,,-2,2,0,,,,1
modify,0xffd8807511b4657aaf2777232b53a095f8ba6d24a368f4c1768b1cd1de1944f6,49071461,89,2026-07-24,,,-2,2,-125007226120,,,,1
price,0xffd8807511b4657aaf2777232b53a095f8ba6d24a368f4c1768b1cd1de1944f6,49084921,235,2026-07-24,,,,,,79221063974658711541328451265,-2,51727251192661,755
