chain,contract,label,token,date,quantity
OP Mainnet,0x00d09cccda09bb97132293c571ead11630d57a71,crvUSD/scrvUSD stable-ng,CRVUSD,2026-04-17,12415.029287186613
OP Mainnet,0x00d09cccda09bb97132293c571ead11630d57a71,crvUSD/scrvUSD stable-ng,CRVUSD,2026-04-18,12415.029287186613
OP Mainnet,0x00d09cccda09bb97132293c571ead11630d57a71,crvUSD/scrvUSD stable-ng,CRVUSD,2026-04-19,12415.029287186613
OP Mainnet,0x00d09cccda09bb97132293c571ead11630d57a71,crvUSD/scrvUSD stable-ng,CRVUSD,2026-04-20,12415.029287186613
OP Mainnet,0x00d09cccda09bb97132293c571ead11630d57a71,crvUSD/scrvUSD stable-ng,CRVUSD,2026-04-21,12415.029287186613
OP Mainnet,0x00d09cccda09bb97132293c571ead11630d57a71,crvUSD/scrvUSD stable-ng,CRVUSD,2026-04-22,12415.029287186613
OP Mainnet,0x00d09cccda09bb97132293c571ead11630d57a71,crvUSD/scrvUSD stable-ng,CRVUSD,2026-04-23,12415.029287186613
OP Mainnet,0x00d09cccda09bb97132293c571ead11630d57a71,crvUSD/scrvUSD stable-ng,CRVUSD,2026-04-24,12415.029287186613
OP Mainnet,0x00d09cccda09bb97132293c571ead11630d57a71,crvUSD/scrvUSD stable-ng,CRVUSD,2026-04-25,12415.029287186613
OP Mainnet,0x00d09cccda09bb97132293c571ead11630d57a71,crvUSD/scrvUSD stable-ng,CRVUSD,2026-04-26,12415.029287186613
OP Mainnet,0x00d09cccda09bb97132293c571ead11630d57a71,crvUSD/scrvUSD stable-ng,CRVUSD,2026-04-27,12415.029287186613
OP Mainnet,0x00d09cccda09bb97132293c571ead11630d57a71,crvUSD/scrvUSD stable-ng,CRVUSD,2026-04-28,12415.029287186613
OP Mainnet,0x00d09cccda09bb97132293c571ead11630d57a71,crvUSD/scrvUSD stable-ng,CRVUSD,2026-04-29,12415.029287186613
OP Mainnet,0x00d09cccda09bb97132293c571ead11630d57a71,crvUSD/scrvUSD stable-ng,CRVUSD,2026-04-30,12415.029287186613
OP Mainnet,0x00d09cccda09bb97132293c571ead11630d57a71,crvUSD/scrvUSD stable-ng,CRVUSD,2026-05-01,12415.029287186613
OP Mainnet,0x00d09cccda09bb97132293c571ead11630d57a71,crvUSD/scrvUSD stable-ng,CRVUSD,2026-05-02,12415.029287186613
OP Mainnet,0x00d09cccda09bb97132293c571ead11630d57a71,crvUSD/scrvUSD stable-ng,CRVUSD,2026-05-03,12415.029287186613
OP Mainnet,0x00d09cccda09bb97132293c571ead11630d57a71,crvUSD/scrvUSD stable-ng,CRVUSD,2026-05-04,12415.029287186613
OP Mainnet,0x00d09cccda09bb97132293c571ead11630d57a71,crvUSD/scrvUSD stable-ng,CRVUSD,2026-05-05,12415.029287186613
OP Mainnet,0x00d09cccda09bb97132293c571ead11630d57a71,crvUSD/scrvUSD stable-ng,CRVUSD,2026-05-06,12393.302327253012
OP Mainnet,0x00d09cccda09bb97132293c571ead11630d57a71,crvUSD/scrvUSD stable-ng,CRVUSD,2026-05-07,12393.302327253012
OP Mainnet,0x00d09cccda09bb97132293c571ead11630d57a71,crvUSD/scrvUSD stable-ng,CRVUSD,2026-05-08,12393.302327253012
OP Mainnet,0x00d09cccda09bb97132293c571ead11630d57a71,crvUSD/scrvUSD stable-ng,CRVUSD,2026-05-09,12393.302327253012
OP Mainnet,0x00d09cccda09bb97132293c571ead11630d57a71,crvUSD/scrvUSD stable-ng,CRVUSD,2026-05-10,12393.302327253012
OP Mainnet,0x00d09cccda09bb97132293c571ead11630d57a71,crvUSD/scrvUSD stable-ng,CRVUSD,2026-05-11,12393.302327253012
OP Mainnet,0x00d09cccda09bb97132293c571ead11630d57a71,crvUSD/scrvUSD stable-ng,CRVUSD,2026-05-12,12393.302327253012
OP Mainnet,0x00d09cccda09bb97132293c571ead11630d57a71,crvUSD/scrvUSD stable-ng,CRVUSD,2026-05-13,12393.302327253012
OP Mainnet,0x00d09cccda09bb97132293c571ead11630d57a71,crvUSD/scrvUSD stable-ng,CRVUSD,2026-05-14,12393.302327253012
OP Mainnet,0x00d09cccda09bb97132293c571ead11630d57a71,crvUSD/scrvUSD stable-ng,CRVUSD,2026-05-15,12393.302327253012
OP Mainnet,0x00d09cccda09bb97132293c571ead11630d57a71,crvUSD/scrvUSD stable-ng,CRVUSD,2026-05-16,12393.302327253012
OP Mainnet,0x00d09cccda09bb97132293c571ead11630d57a71,crvUSD/scrvUSD stable-ng,CRVUSD,2026-05-17,12393.302327253012
OP Mainnet,0x00d09cccda09bb97132293c571ead11630d57a71,crvUSD/scrvUSD stable-ng,CRVUSD,2026-05-18,12393.302327253012
OP Mainnet,0x00d09cccda09bb97132293c571ead11630d57a71,crvUSD/scrvUSD stable-ng,CRVUSD,2026-05-19,12393.302327253012
OP Mainnet,0x00d09cccda09bb97132293c571ead11630d57a71,crvUSD/scrvUSD stable-ng,CRVUSD,2026-05-20,12393.302327253012
OP Mainnet,0x00d09cccda09bb97132293c571ead11630d57a71,crvUSD/scrvUSD stable-ng,CRVUSD,2026-05-21,12393.302327253012
OP Mainnet,0x00d09cccda09bb97132293c571ead11630d57a71,crvUSD/scrvUSD stable-ng,CRVUSD,2026-05-22,12288.131291966423
OP Mainnet,0x00d09cccda09bb97132293c571ead11630d57a71,crvUSD/scrvUSD stable-ng,CRVUSD,2026-05-23,12288.131291966423
OP Mainnet,0x00d09cccda09bb97132293c571ead11630d57a71,crvUSD/scrvUSD stable-ng,CRVUSD,2026-05-24,8220.558557056955
OP Mainnet,0x00d09cccda09bb97132293c571ead11630d57a71,crvUSD/scrvUSD stable-ng,CRVUSD,2026-05-25,8220.558557056955
OP Mainnet,0x00d09cccda09bb97132293c571ead11630d57a71,crvUSD/scrvUSD stable-ng,CRVUSD,2026-05-26,8220.558557056955
OP Mainnet,0x00d09cccda09bb97132293c571ead11630d57a71,crvUSD/scrvUSD stable-ng,CRVUSD,2026-05-27,8220.558557056955
OP Mainnet,0x00d09cccda09bb97132293c571ead11630d57a71,crvUSD/scrvUSD stable-ng,CRVUSD,2026-05-28,8220.558557056955
OP Mainnet,0x00d09cccda09bb97132293c571ead11630d57a71,crvUSD/scrvUSD stable-ng,CRVUSD,2026-05-29,8220.558557056955
OP Mainnet,0x00d09cccda09bb97132293c571ead11630d57a71,crvUSD/scrvUSD stable-ng,CRVUSD,2026-05-30,8220.558557056955
OP Mainnet,0x00d09cccda09bb97132293c571ead11630d57a71,crvUSD/scrvUSD stable-ng,CRVUSD,2026-05-31,8220.558557056955
OP Mainnet,0x00d09cccda09bb97132293c571ead11630d57a71,crvUSD/scrvUSD stable-ng,CRVUSD,2026-06-01,8220.558557056955
OP Mainnet,0x00d09cccda09bb97132293c571ead11630d57a71,crvUSD/scrvUSD stable-ng,CRVUSD,2026-06-02,8220.558557056955
OP Mainnet,0x00d09cccda09bb97132293c571ead11630d57a71,crvUSD/scrvUSD stable-ng,CRVUSD,2026-06-03,8220.558557056955
OP Mainnet,0x00d09cccda09bb97132293c571ead11630d57a71,crvUSD/scrvUSD stable-ng,CRVUSD,2026-06-04,8220.558557056955
OP Mainnet,0x00d09cccda09bb97132293c571ead11630d57a71,crvUSD/scrvUSD stable-ng,CRVUSD,2026-06-05,8220.558557056955
OP Mainnet,0x00d09cccda09bb97132293c571ead11630d57a71,crvUSD/scrvUSD stable-ng,CRVUSD,2026-06-06,8220.558557056955
OP Mainnet,0x00d09cccda09bb97132293c571ead11630d57a71,crvUSD/scrvUSD stable-ng,CRVUSD,2026-06-07,8220.558557056955
OP Mainnet,0x00d09cccda09bb97132293c571ead11630d57a71,crvUSD/scrvUSD stable-ng,CRVUSD,2026-06-08,8220.558557056955
OP Mainnet,0x00d09cccda09bb97132293c571ead11630d57a71,crvUSD/scrvUSD stable-ng,CRVUSD,2026-06-09,8222.449671352382
OP Mainnet,0x00d09cccda09bb97132293c571ead11630d57a71,crvUSD/scrvUSD stable-ng,CRVUSD,2026-06-10,8222.449671352382
OP Mainnet,0x00d09cccda09bb97132293c571ead11630d57a71,crvUSD/scrvUSD stable-ng,CRVUSD,2026-06-11,8223.222008376362
OP Mainnet,0x00d09cccda09bb97132293c571ead11630d57a71,crvUSD/scrvUSD stable-ng,CRVUSD,2026-06-12,8223.288612074148
OP Mainnet,0x00d09cccda09bb97132293c571ead11630d57a71,crvUSD/scrvUSD stable-ng,CRVUSD,2026-06-13,8223.579442115626
OP Mainnet,0x00d09cccda09bb97132293c571ead11630d57a71,crvUSD/scrvUSD stable-ng,CRVUSD,2026-06-14,8223.780079325066
OP Mainnet,0x00d09cccda09bb97132293c571ead11630d57a71,crvUSD/scrvUSD stable-ng,CRVUSD,2026-06-15,8224.209723082837
OP Mainnet,0x00d09cccda09bb97132293c571ead11630d57a71,crvUSD/scrvUSD stable-ng,CRVUSD,2026-06-16,8224.723492246605
OP Mainnet,0x00d09cccda09bb97132293c571ead11630d57a71,crvUSD/scrvUSD stable-ng,CRVUSD,2026-06-17,8225.165247195057
OP Mainnet,0x00d09cccda09bb97132293c571ead11630d57a71,crvUSD/scrvUSD stable-ng,CRVUSD,2026-06-18,8225.602387164476
OP Mainnet,0x00d09cccda09bb97132293c571ead11630d57a71,crvUSD/scrvUSD stable-ng,CRVUSD,2026-06-19,8225.56102685059
OP Mainnet,0x00d09cccda09bb97132293c571ead11630d57a71,crvUSD/scrvUSD stable-ng,CRVUSD,2026-06-20,8226.250582280272
OP Mainnet,0x00d09cccda09bb97132293c571ead11630d57a71,crvUSD/scrvUSD stable-ng,CRVUSD,2026-06-21,8226.250582280272
OP Mainnet,0x00d09cccda09bb97132293c571ead11630d57a71,crvUSD/scrvUSD stable-ng,CRVUSD,2026-06-22,8226.77479751583
OP Mainnet,0x00d09cccda09bb97132293c571ead11630d57a71,crvUSD/scrvUSD stable-ng,CRVUSD,2026-06-23,8227.041571562348
OP Mainnet,0x00d09cccda09bb97132293c571ead11630d57a71,crvUSD/scrvUSD stable-ng,CRVUSD,2026-06-24,8227.23893580488
OP Mainnet,0x00d09cccda09bb97132293c571ead11630d57a71,crvUSD/scrvUSD stable-ng,CRVUSD,2026-06-25,8227.452834655902
OP Mainnet,0x00d09cccda09bb97132293c571ead11630d57a71,crvUSD/scrvUSD stable-ng,CRVUSD,2026-06-26,8227.560036343399
OP Mainnet,0x00d09cccda09bb97132293c571ead11630d57a71,crvUSD/scrvUSD stable-ng,CRVUSD,2026-06-27,8227.819382621346
OP Mainnet,0x00d09cccda09bb97132293c571ead11630d57a71,crvUSD/scrvUSD stable-ng,CRVUSD,2026-06-28,8227.819382621346
OP Mainnet,0x00d09cccda09bb97132293c571ead11630d57a71,crvUSD/scrvUSD stable-ng,CRVUSD,2026-06-29,8227.90129407958
OP Mainnet,0x00d09cccda09bb97132293c571ead11630d57a71,crvUSD/scrvUSD stable-ng,CRVUSD,2026-06-30,8227.90129407958
OP Mainnet,0x00d09cccda09bb97132293c571ead11630d57a71,crvUSD/scrvUSD stable-ng,CRVUSD,2026-07-01,8227.934367358926
OP Mainnet,0x00d09cccda09bb97132293c571ead11630d57a71,crvUSD/scrvUSD stable-ng,CRVUSD,2026-07-02,8228.007799938203
OP Mainnet,0x00d09cccda09bb97132293c571ead11630d57a71,crvUSD/scrvUSD stable-ng,CRVUSD,2026-07-03,8228.204013466193
OP Mainnet,0x00d09cccda09bb97132293c571ead11630d57a71,crvUSD/scrvUSD stable-ng,CRVUSD,2026-07-04,8228.204013466193
OP Mainnet,0x00d09cccda09bb97132293c571ead11630d57a71,crvUSD/scrvUSD stable-ng,CRVUSD,2026-07-05,8228.204013466193
OP Mainnet,0x00d09cccda09bb97132293c571ead11630d57a71,crvUSD/scrvUSD stable-ng,CRVUSD,2026-07-06,8228.204013466193
OP Mainnet,0x00d09cccda09bb97132293c571ead11630d57a71,crvUSD/scrvUSD stable-ng,CRVUSD,2026-07-07,8228.204013466193
OP Mainnet,0x00d09cccda09bb97132293c571ead11630d57a71,crvUSD/scrvUSD stable-ng,CRVUSD,2026-07-08,8228.204013466193
OP Mainnet,0x00d09cccda09bb97132293c571ead11630d57a71,crvUSD/scrvUSD stable-ng,CRVUSD,2026-07-09,8228.204013466193
OP Mainnet,0x00d09cccda09bb97132293c571ead11630d57a71,crvUSD/scrvUSD stable-ng,CRVUSD,2026-07-10,8228.204013466193
OP Mainnet,0x00d09cccda09bb97132293c571ead11630d57a71,crvUSD/scrvUSD stable-ng,CRVUSD,2026-07-11,8228.204013466193
OP Mainnet,0x00d09cccda09bb97132293c571ead11630d57a71,crvUSD/scrvUSD stable-ng,CRVUSD,2026-07-12,8228.204013466193
OP Mainnet,0x00d09cccda09bb97132293c571ead11630d57a71,crvUSD/scrvUSD stable-ng,CRVUSD,2026-07-13,8228.204013466193
OP Mainnet,0x00d09cccda09bb97132293c571ead11630d57a71,crvUSD/scrvUSD stable-ng,CRVUSD,2026-07-14,8228.204013466193
OP Mainnet,0x00d09cccda09bb97132293c571ead11630d57a71,crvUSD/scrvUSD stable-ng,CRVUSD,2026-07-15,8228.204013466193
OP Mainnet,0x00d09cccda09bb97132293c571ead11630d57a71,crvUSD/scrvUSD stable-ng,CRVUSD,2026-07-16,8228.204013466193
OP Mainnet,0x00d09cccda09bb97132293c571ead11630d57a71,crvUSD/scrvUSD stable-ng,CRVUSD,2026-07-17,8228.204013466193
OP Mainnet,0x00d09cccda09bb97132293c571ead11630d57a71,crvUSD/scrvUSD stable-ng,CRVUSD,2026-07-18,8228.204013466193
OP Mainnet,0x00d09cccda09bb97132293c571ead11630d57a71,crvUSD/scrvUSD stable-ng,CRVUSD,2026-07-19,8228.204013466193
OP Mainnet,0x00d09cccda09bb97132293c571ead11630d57a71,crvUSD/scrvUSD stable-ng,CRVUSD,2026-07-20,8228.204013466193
OP Mainnet,0x00d09cccda09bb97132293c571ead11630d57a71,crvUSD/scrvUSD stable-ng,CRVUSD,2026-07-21,8228.204013466193
OP Mainnet,0x00d09cccda09bb97132293c571ead11630d57a71,crvUSD/scrvUSD stable-ng,CRVUSD,2026-07-22,8228.204013466193
OP Mainnet,0x00d09cccda09bb97132293c571ead11630d57a71,crvUSD/scrvUSD stable-ng,CRVUSD,2026-07-23,8228.204013466193
OP Mainnet,0x00d09cccda09bb97132293c571ead11630d57a71,crvUSD/scrvUSD stable-ng,CRVUSD,2026-07-24,8228.204013466193
OP Mainnet,0x00d09cccda09bb97132293c571ead11630d57a71,crvUSD/scrvUSD stable-ng,CRVUSD,2026-07-25,8228.204013466193
OP Mainnet,0x00d09cccda09bb97132293c571ead11630d57a71,crvUSD/scrvUSD stable-ng,CRVUSD,2026-07-26,8228.204013466193
OP Mainnet,0x00d09cccda09bb97132293c571ead11630d57a71,crvUSD/scrvUSD stable-ng,CRVUSD,2026-07-27,8228.122294257351
OP Mainnet,0x00d09cccda09bb97132293c571ead11630d57a71,crvUSD/scrvUSD stable-ng,CRVUSD,2026-07-28,8228.122294257351
OP Mainnet,0x00d09cccda09bb97132293c571ead11630d57a71,crvUSD/scrvUSD stable-ng,CRVUSD,2026-07-29,8228.122294257351
OP Mainnet,0x00d09cccda09bb97132293c571ead11630d57a71,crvUSD/scrvUSD stable-ng,CRVUSD,2026-07-30,8228.122294257351
OP Mainnet,0x00d09cccda09bb97132293c571ead11630d57a71,crvUSD/scrvUSD stable-ng,CRVUSD,2026-07-31,8228.122294257351
OP Mainnet,0x00d09cccda09bb97132293c571ead11630d57a71,crvUSD/scrvUSD stable-ng,CRVUSD,2026-08-01,8228.288486760755
OP Mainnet,0x00d09cccda09bb97132293c571ead11630d57a71,crvUSD/scrvUSD stable-ng,CRVUSD,2026-08-02,8228.288486760755
OP Mainnet,0x00d09cccda09bb97132293c571ead11630d57a71,crvUSD/scrvUSD stable-ng,CRVUSD,2026-08-03,8225.891936566666
OP Mainnet,0x00d09cccda09bb97132293c571ead11630d57a71,crvUSD/scrvUSD stable-ng,CRVUSD,2026-08-04,8225.891936566666
OP Mainnet,0x00d09cccda09bb97132293c571ead11630d57a71,crvUSD/scrvUSD stable-ng,CRVUSD,2026-08-05,8225.891936566666
OP Mainnet,0x00d09cccda09bb97132293c571ead11630d57a71,crvUSD/scrvUSD stable-ng,CRVUSD,2026-08-06,8225.985058955499
OP Mainnet,0x00d09cccda09bb97132293c571ead11630d57a71,crvUSD/scrvUSD stable-ng,CRVUSD,2026-08-07,8225.985058955499
OP Mainnet,0x00d09cccda09bb97132293c571ead11630d57a71,crvUSD/scrvUSD stable-ng,CRVUSD,2026-08-08,8225.985058955499
OP Mainnet,0x00d09cccda09bb97132293c571ead11630d57a71,crvUSD/scrvUSD stable-ng,CRVUSD,2026-08-09,8226.074469754534
OP Mainnet,0x00d09cccda09bb97132293c571ead11630d57a71,crvUSD/scrvUSD stable-ng,CRVUSD,2026-08-10,8226.160981111187
OP Mainnet,0x00d09cccda09bb97132293c571ead11630d57a71,crvUSD/scrvUSD stable-ng,CRVUSD,2026-08-11,8226.160981111187
OP Mainnet,0x00d09cccda09bb97132293c571ead11630d57a71,crvUSD/scrvUSD stable-ng,CRVUSD,2026-08-12,8226.15516309108
OP Mainnet,0x00d09cccda09bb97132293c571ead11630d57a71,crvUSD/scrvUSD stable-ng,CRVUSD,2026-08-13,8226.15516309108
OP Mainnet,0x00d09cccda09bb97132293c571ead11630d57a71,crvUSD/scrvUSD stable-ng,CRVUSD,2026-08-14,8226.15516309108
OP Mainnet,0x00d09cccda09bb97132293c571ead11630d57a71,crvUSD/scrvUSD stable-ng,CRVUSD,2026-08-15,8226.15516309108
OP Mainnet,0x00d09cccda09bb97132293c571ead11630d57a71,crvUSD/scrvUSD stable-ng,CRVUSD,2026-08-16,8226.15516309108
OP Mainnet,0x00d09cccda09bb97132293c571ead11630d57a71,crvUSD/scrvUSD stable-ng,CRVUSD,2026-08-17,8226.15516309108
OP Mainnet,0x00d09cccda09bb97132293c571ead11630d57a71,crvUSD/scrvUSD stable-ng,CRVUSD,2026-08-18,8226.15516309108
OP Mainnet,0x00d09cccda09bb97132293c571ead11630d57a71,crvUSD/scrvUSD stable-ng,CRVUSD,2026-08-19,8226.15516309108
OP Mainnet,0x00d09cccda09bb97132293c571ead11630d57a71,crvUSD/scrvUSD stable-ng,CRVUSD,2026-08-20,8226.25880938381
OP Mainnet,0x00d09cccda09bb97132293c571ead11630d57a71,crvUSD/scrvUSD stable-ng,CRVUSD,2026-08-21,8226.48248890692
OP Mainnet,0x00d09cccda09bb97132293c571ead11630d57a71,crvUSD/scrvUSD stable-ng,CRVUSD,2026-08-22,8226.48248890692
OP Mainnet,0x00d09cccda09bb97132293c571ead11630d57a71,crvUSD/scrvUSD stable-ng,CRVUSD,2026-08-23,8226.48248890692
OP Mainnet,0x00d09cccda09bb97132293c571ead11630d57a71,crvUSD/scrvUSD stable-ng,CRVUSD,2026-08-24,8226.48248890692
OP Mainnet,0x00d09cccda09bb97132293c571ead11630d57a71,crvUSD/scrvUSD stable-ng,CRVUSD,2026-08-25,8226.48248890692
OP Mainnet,0x00d09cccda09bb97132293c571ead11630d57a71,crvUSD/scrvUSD stable-ng,CRVUSD,2026-08-26,8226.320450947442
OP Mainnet,0x00d09cccda09bb97132293c571ead11630d57a71,crvUSD/scrvUSD stable-ng,CRVUSD,2026-08-27,8226.320450947442
OP Mainnet,0x00d09cccda09bb97132293c571ead11630d57a71,crvUSD/scrvUSD stable-ng,CRVUSD,2026-08-28,8226.320450947442
OP Mainnet,0x00d09cccda09bb97132293c571ead11630d57a71,crvUSD/scrvUSD stable-ng,CRVUSD,2026-08-29,8226.320450947442
OP Mainnet,0x00d09cccda09bb97132293c571ead11630d57a71,crvUSD/scrvUSD stable-ng,CRVUSD,2026-08-30,8226.320450947442
OP Mainnet,0x00d09cccda09bb97132293c571ead11630d57a71,crvUSD/scrvUSD stable-ng,CRVUSD,2026-08-31,8226.320450947442
OP Mainnet,0x00d09cccda09bb97132293c571ead11630d57a71,crvUSD/scrvUSD stable-ng,CRVUSD,2026-09-01,8226.5319053925
OP Mainnet,0x00d09cccda09bb97132293c571ead11630d57a71,crvUSD/scrvUSD stable-ng,CRVUSD,2026-09-02,128.89752356014196
OP Mainnet,0x00d09cccda09bb97132293c571ead11630d57a71,crvUSD/scrvUSD stable-ng,CRVUSD,2026-09-03,128.89752356014196
OP Mainnet,0x00d09cccda09bb97132293c571ead11630d57a71,crvUSD/scrvUSD stable-ng,CRVUSD,2026-09-04,128.89752356014196
OP Mainnet,0x00d09cccda09bb97132293c571ead11630d57a71,crvUSD/scrvUSD stable-ng,CRVUSD,2026-09-05,128.89752356014196
OP Mainnet,0x00d09cccda09bb97132293c571ead11630d57a71,crvUSD/scrvUSD stable-ng,CRVUSD,2026-09-06,129.0139480130232
OP Mainnet,0x00d09cccda09bb97132293c571ead11630d57a71,crvUSD/scrvUSD stable-ng,CRVUSD,2026-09-07,129.0139480130232
OP Mainnet,0x00d09cccda09bb97132293c571ead11630d57a71,crvUSD/scrvUSD stable-ng,CRVUSD,2026-09-08,128.87673901891236
OP Mainnet,0x00d09cccda09bb97132293c571ead11630d57a71,crvUSD/scrvUSD stable-ng,CRVUSD,2026-09-09,128.87673901891236
OP Mainnet,0x00d09cccda09bb97132293c571ead11630d57a71,crvUSD/scrvUSD stable-ng,CRVUSD,2026-09-10,128.87673901891236
OP Mainnet,0x00d09cccda09bb97132293c571ead11630d57a71,crvUSD/scrvUSD stable-ng,CRVUSD,2026-09-11,128.77735624624057
OP Mainnet,0x00d09cccda09bb97132293c571ead11630d57a71,crvUSD/scrvUSD stable-ng,CRVUSD,2026-09-12,128.77735624624057
OP Mainnet,0x00d09cccda09bb97132293c571ead11630d57a71,crvUSD/scrvUSD stable-ng,CRVUSD,2026-09-13,128.77735624624057
OP Mainnet,0x00d09cccda09bb97132293c571ead11630d57a71,crvUSD/scrvUSD stable-ng,CRVUSD,2026-09-14,128.77735624624057
OP Mainnet,0x00d09cccda09bb97132293c571ead11630d57a71,crvUSD/scrvUSD stable-ng,CRVUSD,2026-09-15,128.6757275079847
OP Mainnet,0x00d09cccda09bb97132293c571ead11630d57a71,crvUSD/scrvUSD stable-ng,SCRVUSD,2026-04-17,16685.220153725713
OP Mainnet,0x00d09cccda09bb97132293c571ead11630d57a71,crvUSD/scrvUSD stable-ng,SCRVUSD,2026-04-18,16685.220153725713
OP Mainnet,0x00d09cccda09bb97132293c571ead11630d57a71,crvUSD/scrvUSD stable-ng,SCRVUSD,2026-04-19,16685.220153725713
OP Mainnet,0x00d09cccda09bb97132293c571ead11630d57a71,crvUSD/scrvUSD stable-ng,SCRVUSD,2026-04-20,16685.220153725713
OP Mainnet,0x00d09cccda09bb97132293c571ead11630d57a71,crvUSD/scrvUSD stable-ng,SCRVUSD,2026-04-21,16685.220153725713
OP Mainnet,0x00d09cccda09bb97132293c571ead11630d57a71,crvUSD/scrvUSD stable-ng,SCRVUSD,2026-04-22,16685.220153725713
OP Mainnet,0x00d09cccda09bb97132293c571ead11630d57a71,crvUSD/scrvUSD stable-ng,SCRVUSD,2026-04-23,16685.220153725713
OP Mainnet,0x00d09cccda09bb97132293c571ead11630d57a71,crvUSD/scrvUSD stable-ng,SCRVUSD,2026-04-24,16685.220153725713
OP Mainnet,0x00d09cccda09bb97132293c571ead11630d57a71,crvUSD/scrvUSD stable-ng,SCRVUSD,2026-04-25,16685.220153725713
OP Mainnet,0x00d09cccda09bb97132293c571ead11630d57a71,crvUSD/scrvUSD stable-ng,SCRVUSD,2026-04-26,16685.220153725713
OP Mainnet,0x00d09cccda09bb97132293c571ead11630d57a71,crvUSD/scrvUSD stable-ng,SCRVUSD,2026-04-27,16685.220153725713
OP Mainnet,0x00d09cccda09bb97132293c571ead11630d57a71,crvUSD/scrvUSD stable-ng,SCRVUSD,2026-04-28,16685.220153725713
OP Mainnet,0x00d09cccda09bb97132293c571ead11630d57a71,crvUSD/scrvUSD stable-ng,SCRVUSD,2026-04-29,16685.220153725713
OP Mainnet,0x00d09cccda09bb97132293c571ead11630d57a71,crvUSD/scrvUSD stable-ng,SCRVUSD,2026-04-30,16685.220153725713
OP Mainnet,0x00d09cccda09bb97132293c571ead11630d57a71,crvUSD/scrvUSD stable-ng,SCRVUSD,2026-05-01,16685.220153725713
OP Mainnet,0x00d09cccda09bb97132293c571ead11630d57a71,crvUSD/scrvUSD stable-ng,SCRVUSD,2026-05-02,16685.220153725713
OP Mainnet,0x00d09cccda09bb97132293c571ead11630d57a71,crvUSD/scrvUSD stable-ng,SCRVUSD,2026-05-03,16685.220153725713
OP Mainnet,0x00d09cccda09bb97132293c571ead11630d57a71,crvUSD/scrvUSD stable-ng,SCRVUSD,2026-05-04,16685.220153725713
OP Mainnet,0x00d09cccda09bb97132293c571ead11630d57a71,crvUSD/scrvUSD stable-ng,SCRVUSD,2026-05-05,16685.220153725713
OP Mainnet,0x00d09cccda09bb97132293c571ead11630d57a71,crvUSD/scrvUSD stable-ng,SCRVUSD,2026-05-06,16705.00254721528
OP Mainnet,0x00d09cccda09bb97132293c571ead11630d57a71,crvUSD/scrvUSD stable-ng,SCRVUSD,2026-05-07,16705.00254721528
OP Mainnet,0x00d09cccda09bb97132293c571ead11630d57a71,crvUSD/scrvUSD stable-ng,SCRVUSD,2026-05-08,16705.00254721528
OP Mainnet,0x00d09cccda09bb97132293c571ead11630d57a71,crvUSD/scrvUSD stable-ng,SCRVUSD,2026-05-09,16705.00254721528
OP Mainnet,0x00d09cccda09bb97132293c571ead11630d57a71,crvUSD/scrvUSD stable-ng,SCRVUSD,2026-05-10,16705.00254721528
OP Mainnet,0x00d09cccda09bb97132293c571ead11630d57a71,crvUSD/scrvUSD stable-ng,SCRVUSD,2026-05-11,16705.00254721528
OP Mainnet,0x00d09cccda09bb97132293c571ead11630d57a71,crvUSD/scrvUSD stable-ng,SCRVUSD,2026-05-12,16609.301155363224
OP Mainnet,0x00d09cccda09bb97132293c571ead11630d57a71,crvUSD/scrvUSD stable-ng,SCRVUSD,2026-05-13,16609.301155363224
OP Mainnet,0x00d09cccda09bb97132293c571ead11630d57a71,crvUSD/scrvUSD stable-ng,SCRVUSD,2026-05-14,16609.301155363224
OP Mainnet,0x00d09cccda09bb97132293c571ead11630d57a71,crvUSD/scrvUSD stable-ng,SCRVUSD,2026-05-15,16609.301155363224
OP Mainnet,0x00d09cccda09bb97132293c571ead11630d57a71,crvUSD/scrvUSD stable-ng,SCRVUSD,2026-05-16,16609.301155363224
OP Mainnet,0x00d09cccda09bb97132293c571ead11630d57a71,crvUSD/scrvUSD stable-ng,SCRVUSD,2026-05-17,16609.301155363224
OP Mainnet,0x00d09cccda09bb97132293c571ead11630d57a71,crvUSD/scrvUSD stable-ng,SCRVUSD,2026-05-18,16609.301155363224
OP Mainnet,0x00d09cccda09bb97132293c571ead11630d57a71,crvUSD/scrvUSD stable-ng,SCRVUSD,2026-05-19,16609.301155363224
OP Mainnet,0x00d09cccda09bb97132293c571ead11630d57a71,crvUSD/scrvUSD stable-ng,SCRVUSD,2026-05-20,16609.301155363224
OP Mainnet,0x00d09cccda09bb97132293c571ead11630d57a71,crvUSD/scrvUSD stable-ng,SCRVUSD,2026-05-21,16609.301155363224
OP Mainnet,0x00d09cccda09bb97132293c571ead11630d57a71,crvUSD/scrvUSD stable-ng,SCRVUSD,2026-05-22,16705.00254721528
OP Mainnet,0x00d09cccda09bb97132293c571ead11630d57a71,crvUSD/scrvUSD stable-ng,SCRVUSD,2026-05-23,16705.00254721528
OP Mainnet,0x00d09cccda09bb97132293c571ead11630d57a71,crvUSD/scrvUSD stable-ng,SCRVUSD,2026-05-24,11175.389385448058
OP Mainnet,0x00d09cccda09bb97132293c571ead11630d57a71,crvUSD/scrvUSD stable-ng,SCRVUSD,2026-05-25,11175.389385448058
OP Mainnet,0x00d09cccda09bb97132293c571ead11630d57a71,crvUSD/scrvUSD stable-ng,SCRVUSD,2026-05-26,11175.389385448058
OP Mainnet,0x00d09cccda09bb97132293c571ead11630d57a71,crvUSD/scrvUSD stable-ng,SCRVUSD,2026-05-27,11175.389385448058
OP Mainnet,0x00d09cccda09bb97132293c571ead11630d57a71,crvUSD/scrvUSD stable-ng,SCRVUSD,2026-05-28,11175.389385448058
OP Mainnet,0x00d09cccda09bb97132293c571ead11630d57a71,crvUSD/scrvUSD stable-ng,SCRVUSD,2026-05-29,11175.389385448058
OP Mainnet,0x00d09cccda09bb97132293c571ead11630d57a71,crvUSD/scrvUSD stable-ng,SCRVUSD,2026-05-30,11175.389385448058
OP Mainnet,0x00d09cccda09bb97132293c571ead11630d57a71,crvUSD/scrvUSD stable-ng,SCRVUSD,2026-05-31,11175.389385448058
OP Mainnet,0x00d09cccda09bb97132293c571ead11630d57a71,crvUSD/scrvUSD stable-ng,SCRVUSD,2026-06-01,11175.389385448058
OP Mainnet,0x00d09cccda09bb97132293c571ead11630d57a71,crvUSD/scrvUSD stable-ng,SCRVUSD,2026-06-02,11175.389385448058
OP Mainnet,0x00d09cccda09bb97132293c571ead11630d57a71,crvUSD/scrvUSD stable-ng,SCRVUSD,2026-06-03,11175.389385448058
OP Mainnet,0x00d09cccda09bb97132293c571ead11630d57a71,crvUSD/scrvUSD stable-ng,SCRVUSD,2026-06-04,11175.389385448058
OP Mainnet,0x00d09cccda09bb97132293c571ead11630d57a71,crvUSD/scrvUSD stable-ng,SCRVUSD,2026-06-05,11175.389385448058
OP Mainnet,0x00d09cccda09bb97132293c571ead11630d57a71,crvUSD/scrvUSD stable-ng,SCRVUSD,2026-06-06,11175.389385448058
OP Mainnet,0x00d09cccda09bb97132293c571ead11630d57a71,crvUSD/scrvUSD stable-ng,SCRVUSD,2026-06-07,11175.389385448058
OP Mainnet,0x00d09cccda09bb97132293c571ead11630d57a71,crvUSD/scrvUSD stable-ng,SCRVUSD,2026-06-08,11175.389385448058
OP Mainnet,0x00d09cccda09bb97132293c571ead11630d57a71,crvUSD/scrvUSD stable-ng,SCRVUSD,2026-06-09,11173.671905356092
OP Mainnet,0x00d09cccda09bb97132293c571ead11630d57a71,crvUSD/scrvUSD stable-ng,SCRVUSD,2026-06-10,11173.671905356092
OP Mainnet,0x00d09cccda09bb97132293c571ead11630d57a71,crvUSD/scrvUSD stable-ng,SCRVUSD,2026-06-11,11172.97064049695
OP Mainnet,0x00d09cccda09bb97132293c571ead11630d57a71,crvUSD/scrvUSD stable-ng,SCRVUSD,2026-06-12,11172.910873189843
OP Mainnet,0x00d09cccda09bb97132293c571ead11630d57a71,crvUSD/scrvUSD stable-ng,SCRVUSD,2026-06-13,11172.646894092379
OP Mainnet,0x00d09cccda09bb97132293c571ead11630d57a71,crvUSD/scrvUSD stable-ng,SCRVUSD,2026-06-14,11172.4648086494
OP Mainnet,0x00d09cccda09bb97132293c571ead11630d57a71,crvUSD/scrvUSD stable-ng,SCRVUSD,2026-06-15,11172.074946972942
OP Mainnet,0x00d09cccda09bb97132293c571ead11630d57a71,crvUSD/scrvUSD stable-ng,SCRVUSD,2026-06-16,11171.608779532646
OP Mainnet,0x00d09cccda09bb97132293c571ead11630d57a71,crvUSD/scrvUSD stable-ng,SCRVUSD,2026-06-17,11171.207998415888
OP Mainnet,0x00d09cccda09bb97132293c571ead11630d57a71,crvUSD/scrvUSD stable-ng,SCRVUSD,2026-06-18,11170.811465603905
OP Mainnet,0x00d09cccda09bb97132293c571ead11630d57a71,crvUSD/scrvUSD stable-ng,SCRVUSD,2026-06-19,11170.849075398703
OP Mainnet,0x00d09cccda09bb97132293c571ead11630d57a71,crvUSD/scrvUSD stable-ng,SCRVUSD,2026-06-20,11170.223659834352
OP Mainnet,0x00d09cccda09bb97132293c571ead11630d57a71,crvUSD/scrvUSD stable-ng,SCRVUSD,2026-06-21,11170.223659834352
OP Mainnet,0x00d09cccda09bb97132293c571ead11630d57a71,crvUSD/scrvUSD stable-ng,SCRVUSD,2026-06-22,11169.748282293109
OP Mainnet,0x00d09cccda09bb97132293c571ead11630d57a71,crvUSD/scrvUSD stable-ng,SCRVUSD,2026-06-23,11169.506421058893
OP Mainnet,0x00d09cccda09bb97132293c571ead11630d57a71,crvUSD/scrvUSD stable-ng,SCRVUSD,2026-06-24,11169.32762583938
OP Mainnet,0x00d09cccda09bb97132293c571ead11630d57a71,crvUSD/scrvUSD stable-ng,SCRVUSD,2026-06-25,11169.13403879089
OP Mainnet,0x00d09cccda09bb97132293c571ead11630d57a71,crvUSD/scrvUSD stable-ng,SCRVUSD,2026-06-26,11169.03683612425
OP Mainnet,0x00d09cccda09bb97132293c571ead11630d57a71,crvUSD/scrvUSD stable-ng,SCRVUSD,2026-06-27,11168.801690239241
OP Mainnet,0x00d09cccda09bb97132293c571ead11630d57a71,crvUSD/scrvUSD stable-ng,SCRVUSD,2026-06-28,11168.801690239241
OP Mainnet,0x00d09cccda09bb97132293c571ead11630d57a71,crvUSD/scrvUSD stable-ng,SCRVUSD,2026-06-29,11168.727422988935
OP Mainnet,0x00d09cccda09bb97132293c571ead11630d57a71,crvUSD/scrvUSD stable-ng,SCRVUSD,2026-06-30,11168.727422988935
OP Mainnet,0x00d09cccda09bb97132293c571ead11630d57a71,crvUSD/scrvUSD stable-ng,SCRVUSD,2026-07-01,11168.697442247665
OP Mainnet,0x00d09cccda09bb97132293c571ead11630d57a71,crvUSD/scrvUSD stable-ng,SCRVUSD,2026-07-02,11168.630881744299
OP Mainnet,0x00d09cccda09bb97132293c571ead11630d57a71,crvUSD/scrvUSD stable-ng,SCRVUSD,2026-07-03,11168.453035874005
OP Mainnet,0x00d09cccda09bb97132293c571ead11630d57a71,crvUSD/scrvUSD stable-ng,SCRVUSD,2026-07-04,11168.453035874005
OP Mainnet,0x00d09cccda09bb97132293c571ead11630d57a71,crvUSD/scrvUSD stable-ng,SCRVUSD,2026-07-05,11168.453035874005
OP Mainnet,0x00d09cccda09bb97132293c571ead11630d57a71,crvUSD/scrvUSD stable-ng,SCRVUSD,2026-07-06,11168.453035874005
OP Mainnet,0x00d09cccda09bb97132293c571ead11630d57a71,crvUSD/scrvUSD stable-ng,SCRVUSD,2026-07-07,11168.453035874005
OP Mainnet,0x00d09cccda09bb97132293c571ead11630d57a71,crvUSD/scrvUSD stable-ng,SCRVUSD,2026-07-08,11168.453035874005
OP Mainnet,0x00d09cccda09bb97132293c571ead11630d57a71,crvUSD/scrvUSD stable-ng,SCRVUSD,2026-07-09,11168.453035874005
OP Mainnet,0x00d09cccda09bb97132293c571ead11630d57a71,crvUSD/scrvUSD stable-ng,SCRVUSD,2026-07-10,11168.453035874005
OP Mainnet,0x00d09cccda09bb97132293c571ead11630d57a71,crvUSD/scrvUSD stable-ng,SCRVUSD,2026-07-11,11168.453035874005
OP Mainnet,0x00d09cccda09bb97132293c571ead11630d57a71,crvUSD/scrvUSD stable-ng,SCRVUSD,2026-07-12,11168.453035874005
OP Mainnet,0x00d09cccda09bb97132293c571ead11630d57a71,crvUSD/scrvUSD stable-ng,SCRVUSD,2026-07-13,11168.453035874005
OP Mainnet,0x00d09cccda09bb97132293c571ead11630d57a71,crvUSD/scrvUSD stable-ng,SCRVUSD,2026-07-14,11168.453035874005
OP Mainnet,0x00d09cccda09bb97132293c571ead11630d57a71,crvUSD/scrvUSD stable-ng,SCRVUSD,2026-07-15,11168.453035874005
OP Mainnet,0x00d09cccda09bb97132293c571ead11630d57a71,crvUSD/scrvUSD stable-ng,SCRVUSD,2026-07-16,11168.453035874005
OP Mainnet,0x00d09cccda09bb97132293c571ead11630d57a71,crvUSD/scrvUSD stable-ng,SCRVUSD,2026-07-17,11168.453035874005
OP Mainnet,0x00d09cccda09bb97132293c571ead11630d57a71,crvUSD/scrvUSD stable-ng,SCRVUSD,2026-07-18,11168.453035874005
OP Mainnet,0x00d09cccda09bb97132293c571ead11630d57a71,crvUSD/scrvUSD stable-ng,SCRVUSD,2026-07-19,11168.453035874005
OP Mainnet,0x00d09cccda09bb97132293c571ead11630d57a71,crvUSD/scrvUSD stable-ng,SCRVUSD,2026-07-20,11168.453035874005
OP Mainnet,0x00d09cccda09bb97132293c571ead11630d57a71,crvUSD/scrvUSD stable-ng,SCRVUSD,2026-07-21,11168.453035874005
OP Mainnet,0x00d09cccda09bb97132293c571ead11630d57a71,crvUSD/scrvUSD stable-ng,SCRVUSD,2026-07-22,11168.453035874005
OP Mainnet,0x00d09cccda09bb97132293c571ead11630d57a71,crvUSD/scrvUSD stable-ng,SCRVUSD,2026-07-23,11168.453035874005
OP Mainnet,0x00d09cccda09bb97132293c571ead11630d57a71,crvUSD/scrvUSD stable-ng,SCRVUSD,2026-07-24,11168.453035874005
OP Mainnet,0x00d09cccda09bb97132293c571ead11630d57a71,crvUSD/scrvUSD stable-ng,SCRVUSD,2026-07-25,11168.453035874005
OP Mainnet,0x00d09cccda09bb97132293c571ead11630d57a71,crvUSD/scrvUSD stable-ng,SCRVUSD,2026-07-26,11168.453035874005
OP Mainnet,0x00d09cccda09bb97132293c571ead11630d57a71,crvUSD/scrvUSD stable-ng,SCRVUSD,2026-07-27,11168.527002337558
OP Mainnet,0x00d09cccda09bb97132293c571ead11630d57a71,crvUSD/scrvUSD stable-ng,SCRVUSD,2026-07-28,11168.527002337558
OP Mainnet,0x00d09cccda09bb97132293c571ead11630d57a71,crvUSD/scrvUSD stable-ng,SCRVUSD,2026-07-29,11168.527002337558
OP Mainnet,0x00d09cccda09bb97132293c571ead11630d57a71,crvUSD/scrvUSD stable-ng,SCRVUSD,2026-07-30,11168.527002337558
OP Mainnet,0x00d09cccda09bb97132293c571ead11630d57a71,crvUSD/scrvUSD stable-ng,SCRVUSD,2026-07-31,11168.527002337558
OP Mainnet,0x00d09cccda09bb97132293c571ead11630d57a71,crvUSD/scrvUSD stable-ng,SCRVUSD,2026-08-01,11168.376627099156
OP Mainnet,0x00d09cccda09bb97132293c571ead11630d57a71,crvUSD/scrvUSD stable-ng,SCRVUSD,2026-08-02,11168.376627099156
OP Mainnet,0x00d09cccda09bb97132293c571ead11630d57a71,crvUSD/scrvUSD stable-ng,SCRVUSD,2026-08-03,11170.545372115368
OP Mainnet,0x00d09cccda09bb97132293c571ead11630d57a71,crvUSD/scrvUSD stable-ng,SCRVUSD,2026-08-04,11170.545372115368
OP Mainnet,0x00d09cccda09bb97132293c571ead11630d57a71,crvUSD/scrvUSD stable-ng,SCRVUSD,2026-08-05,11170.545372115368
OP Mainnet,0x00d09cccda09bb97132293c571ead11630d57a71,crvUSD/scrvUSD stable-ng,SCRVUSD,2026-08-06,11170.46112636706
OP Mainnet,0x00d09cccda09bb97132293c571ead11630d57a71,crvUSD/scrvUSD stable-ng,SCRVUSD,2026-08-07,11170.46112636706
OP Mainnet,0x00d09cccda09bb97132293c571ead11630d57a71,crvUSD/scrvUSD stable-ng,SCRVUSD,2026-08-08,11170.46112636706
OP Mainnet,0x00d09cccda09bb97132293c571ead11630d57a71,crvUSD/scrvUSD stable-ng,SCRVUSD,2026-08-09,11170.380246507333
OP Mainnet,0x00d09cccda09bb97132293c571ead11630d57a71,crvUSD/scrvUSD stable-ng,SCRVUSD,2026-08-10,11170.301993230558
OP Mainnet,0x00d09cccda09bb97132293c571ead11630d57a71,crvUSD/scrvUSD stable-ng,SCRVUSD,2026-08-11,11170.301993230558
OP Mainnet,0x00d09cccda09bb97132293c571ead11630d57a71,crvUSD/scrvUSD stable-ng,SCRVUSD,2026-08-12,11170.307256844873
OP Mainnet,0x00d09cccda09bb97132293c571ead11630d57a71,crvUSD/scrvUSD stable-ng,SCRVUSD,2026-08-13,11170.307256844873
OP Mainnet,0x00d09cccda09bb97132293c571ead11630d57a71,crvUSD/scrvUSD stable-ng,SCRVUSD,2026-08-14,11170.307256844873
OP Mainnet,0x00d09cccda09bb97132293c571ead11630d57a71,crvUSD/scrvUSD stable-ng,SCRVUSD,2026-08-15,11170.307256844873
OP Mainnet,0x00d09cccda09bb97132293c571ead11630d57a71,crvUSD/scrvUSD stable-ng,SCRVUSD,2026-08-16,11170.307256844873
OP Mainnet,0x00d09cccda09bb97132293c571ead11630d57a71,crvUSD/scrvUSD stable-ng,SCRVUSD,2026-08-17,11170.307256844873
OP Mainnet,0x00d09cccda09bb97132293c571ead11630d57a71,crvUSD/scrvUSD stable-ng,SCRVUSD,2026-08-18,11170.307256844873
OP Mainnet,0x00d09cccda09bb97132293c571ead11630d57a71,crvUSD/scrvUSD stable-ng,SCRVUSD,2026-08-19,11170.307256844873
OP Mainnet,0x00d09cccda09bb97132293c571ead11630d57a71,crvUSD/scrvUSD stable-ng,SCRVUSD,2026-08-20,11170.21354131575
OP Mainnet,0x00d09cccda09bb97132293c571ead11630d57a71,crvUSD/scrvUSD stable-ng,SCRVUSD,2026-08-21,11170.011298064846
OP Mainnet,0x00d09cccda09bb97132293c571ead11630d57a71,crvUSD/scrvUSD stable-ng,SCRVUSD,2026-08-22,11170.011298064846
OP Mainnet,0x00d09cccda09bb97132293c571ead11630d57a71,crvUSD/scrvUSD stable-ng,SCRVUSD,2026-08-23,11170.011298064846
OP Mainnet,0x00d09cccda09bb97132293c571ead11630d57a71,crvUSD/scrvUSD stable-ng,SCRVUSD,2026-08-24,11170.011298064846
OP Mainnet,0x00d09cccda09bb97132293c571ead11630d57a71,crvUSD/scrvUSD stable-ng,SCRVUSD,2026-08-25,11170.011298064846
OP Mainnet,0x00d09cccda09bb97132293c571ead11630d57a71,crvUSD/scrvUSD stable-ng,SCRVUSD,2026-08-26,11170.157819545731
OP Mainnet,0x00d09cccda09bb97132293c571ead11630d57a71,crvUSD/scrvUSD stable-ng,SCRVUSD,2026-08-27,11170.157819545731
OP Mainnet,0x00d09cccda09bb97132293c571ead11630d57a71,crvUSD/scrvUSD stable-ng,SCRVUSD,2026-08-28,11170.157819545731
OP Mainnet,0x00d09cccda09bb97132293c571ead11630d57a71,crvUSD/scrvUSD stable-ng,SCRVUSD,2026-08-29,11170.157819545731
OP Mainnet,0x00d09cccda09bb97132293c571ead11630d57a71,crvUSD/scrvUSD stable-ng,SCRVUSD,2026-08-30,11170.157819545731
OP Mainnet,0x00d09cccda09bb97132293c571ead11630d57a71,crvUSD/scrvUSD stable-ng,SCRVUSD,2026-08-31,11170.157819545731
OP Mainnet,0x00d09cccda09bb97132293c571ead11630d57a71,crvUSD/scrvUSD stable-ng,SCRVUSD,2026-09-01,11169.96666753366
OP Mainnet,0x00d09cccda09bb97132293c571ead11630d57a71,crvUSD/scrvUSD stable-ng,SCRVUSD,2026-09-02,175.0167692279174
OP Mainnet,0x00d09cccda09bb97132293c571ead11630d57a71,crvUSD/scrvUSD stable-ng,SCRVUSD,2026-09-03,175.0167692279174
OP Mainnet,0x00d09cccda09bb97132293c571ead11630d57a71,crvUSD/scrvUSD stable-ng,SCRVUSD,2026-09-04,175.0167692279174
OP Mainnet,0x00d09cccda09bb97132293c571ead11630d57a71,crvUSD/scrvUSD stable-ng,SCRVUSD,2026-09-05,175.0167692279174
OP Mainnet,0x00d09cccda09bb97132293c571ead11630d57a71,crvUSD/scrvUSD stable-ng,SCRVUSD,2026-09-06,174.91153966735254
OP Mainnet,0x00d09cccda09bb97132293c571ead11630d57a71,crvUSD/scrvUSD stable-ng,SCRVUSD,2026-09-07,174.91153966735254
OP Mainnet,0x00d09cccda09bb97132293c571ead11630d57a71,crvUSD/scrvUSD stable-ng,SCRVUSD,2026-09-08,175.03557611272666
OP Mainnet,0x00d09cccda09bb97132293c571ead11630d57a71,crvUSD/scrvUSD stable-ng,SCRVUSD,2026-09-09,175.03557611272666
OP Mainnet,0x00d09cccda09bb97132293c571ead11630d57a71,crvUSD/scrvUSD stable-ng,SCRVUSD,2026-09-10,175.03557611272666
OP Mainnet,0x00d09cccda09bb97132293c571ead11630d57a71,crvUSD/scrvUSD stable-ng,SCRVUSD,2026-09-11,175.12540955950084
OP Mainnet,0x00d09cccda09bb97132293c571ead11630d57a71,crvUSD/scrvUSD stable-ng,SCRVUSD,2026-09-12,175.12540955950084
OP Mainnet,0x00d09cccda09bb97132293c571ead11630d57a71,crvUSD/scrvUSD stable-ng,SCRVUSD,2026-09-13,175.12540955950084
OP Mainnet,0x00d09cccda09bb97132293c571ead11630d57a71,crvUSD/scrvUSD stable-ng,SCRVUSD,2026-09-14,175.12540955950084
OP Mainnet,0x00d09cccda09bb97132293c571ead11630d57a71,crvUSD/scrvUSD stable-ng,SCRVUSD,2026-09-15,175.2172462401531
OP Mainnet,0x4456d13fc6736e8e8330394c0c622103e06ea419,crvUSD/WBTC tricrypto,CRVUSD,2026-04-17,9305.113362978018
OP Mainnet,0x4456d13fc6736e8e8330394c0c622103e06ea419,crvUSD/WBTC tricrypto,CRVUSD,2026-04-18,9015.631681524143
OP Mainnet,0x4456d13fc6736e8e8330394c0c622103e06ea419,crvUSD/WBTC tricrypto,CRVUSD,2026-04-19,8889.71526627971
OP Mainnet,0x4456d13fc6736e8e8330394c0c622103e06ea419,crvUSD/WBTC tricrypto,CRVUSD,2026-04-20,9084.104481133012
OP Mainnet,0x4456d13fc6736e8e8330394c0c622103e06ea419,crvUSD/WBTC tricrypto,CRVUSD,2026-04-21,9307.176849712587
OP Mainnet,0x4456d13fc6736e8e8330394c0c622103e06ea419,crvUSD/WBTC tricrypto,CRVUSD,2026-04-22,9120.865548921336
OP Mainnet,0x4456d13fc6736e8e8330394c0c622103e06ea419,crvUSD/WBTC tricrypto,CRVUSD,2026-04-23,9088.890736917676
OP Mainnet,0x4456d13fc6736e8e8330394c0c622103e06ea419,crvUSD/WBTC tricrypto,CRVUSD,2026-04-24,9091.830030697898
OP Mainnet,0x4456d13fc6736e8e8330394c0c622103e06ea419,crvUSD/WBTC tricrypto,CRVUSD,2026-04-25,9225.825567837097
OP Mainnet,0x4456d13fc6736e8e8330394c0c622103e06ea419,crvUSD/WBTC tricrypto,CRVUSD,2026-04-26,9083.167948604445
OP Mainnet,0x4456d13fc6736e8e8330394c0c622103e06ea419,crvUSD/WBTC tricrypto,CRVUSD,2026-04-27,9012.422208761252
OP Mainnet,0x4456d13fc6736e8e8330394c0c622103e06ea419,crvUSD/WBTC tricrypto,CRVUSD,2026-04-28,9206.117634503238
OP Mainnet,0x4456d13fc6736e8e8330394c0c622103e06ea419,crvUSD/WBTC tricrypto,CRVUSD,2026-04-29,8905.278528761219
OP Mainnet,0x4456d13fc6736e8e8330394c0c622103e06ea419,crvUSD/WBTC tricrypto,CRVUSD,2026-04-30,9139.545049071638
OP Mainnet,0x4456d13fc6736e8e8330394c0c622103e06ea419,crvUSD/WBTC tricrypto,CRVUSD,2026-05-01,9089.060301220188
OP Mainnet,0x4456d13fc6736e8e8330394c0c622103e06ea419,crvUSD/WBTC tricrypto,CRVUSD,2026-05-02,9082.817554998861
OP Mainnet,0x4456d13fc6736e8e8330394c0c622103e06ea419,crvUSD/WBTC tricrypto,CRVUSD,2026-05-03,9391.844849671994
OP Mainnet,0x4456d13fc6736e8e8330394c0c622103e06ea419,crvUSD/WBTC tricrypto,CRVUSD,2026-05-04,9407.80345094054
OP Mainnet,0x4456d13fc6736e8e8330394c0c622103e06ea419,crvUSD/WBTC tricrypto,CRVUSD,2026-05-05,9277.208603111618
OP Mainnet,0x4456d13fc6736e8e8330394c0c622103e06ea419,crvUSD/WBTC tricrypto,CRVUSD,2026-05-06,9215.051931837734
OP Mainnet,0x4456d13fc6736e8e8330394c0c622103e06ea419,crvUSD/WBTC tricrypto,CRVUSD,2026-05-07,9117.878878495558
OP Mainnet,0x4456d13fc6736e8e8330394c0c622103e06ea419,crvUSD/WBTC tricrypto,CRVUSD,2026-05-08,9231.516960567134
OP Mainnet,0x4456d13fc6736e8e8330394c0c622103e06ea419,crvUSD/WBTC tricrypto,CRVUSD,2026-05-09,9235.462484097061
OP Mainnet,0x4456d13fc6736e8e8330394c0c622103e06ea419,crvUSD/WBTC tricrypto,CRVUSD,2026-05-10,9215.415296413217
OP Mainnet,0x4456d13fc6736e8e8330394c0c622103e06ea419,crvUSD/WBTC tricrypto,CRVUSD,2026-05-11,9189.490120370498
OP Mainnet,0x4456d13fc6736e8e8330394c0c622103e06ea419,crvUSD/WBTC tricrypto,CRVUSD,2026-05-12,9197.302499657728
OP Mainnet,0x4456d13fc6736e8e8330394c0c622103e06ea419,crvUSD/WBTC tricrypto,CRVUSD,2026-05-13,9060.781832828576
OP Mainnet,0x4456d13fc6736e8e8330394c0c622103e06ea419,crvUSD/WBTC tricrypto,CRVUSD,2026-05-14,9113.1445950924
OP Mainnet,0x4456d13fc6736e8e8330394c0c622103e06ea419,crvUSD/WBTC tricrypto,CRVUSD,2026-05-15,9005.637213051343
OP Mainnet,0x4456d13fc6736e8e8330394c0c622103e06ea419,crvUSD/WBTC tricrypto,CRVUSD,2026-05-16,8918.090100934778
OP Mainnet,0x4456d13fc6736e8e8330394c0c622103e06ea419,crvUSD/WBTC tricrypto,CRVUSD,2026-05-17,8765.749736692691
OP Mainnet,0x4456d13fc6736e8e8330394c0c622103e06ea419,crvUSD/WBTC tricrypto,CRVUSD,2026-05-18,8789.164319705453
OP Mainnet,0x4456d13fc6736e8e8330394c0c622103e06ea419,crvUSD/WBTC tricrypto,CRVUSD,2026-05-19,8914.387657601976
OP Mainnet,0x4456d13fc6736e8e8330394c0c622103e06ea419,crvUSD/WBTC tricrypto,CRVUSD,2026-05-20,8965.911786521927
OP Mainnet,0x4456d13fc6736e8e8330394c0c622103e06ea419,crvUSD/WBTC tricrypto,CRVUSD,2026-05-21,8838.375186153247
OP Mainnet,0x4456d13fc6736e8e8330394c0c622103e06ea419,crvUSD/WBTC tricrypto,CRVUSD,2026-05-22,8666.552078582132
OP Mainnet,0x4456d13fc6736e8e8330394c0c622103e06ea419,crvUSD/WBTC tricrypto,CRVUSD,2026-05-23,8898.304346411262
OP Mainnet,0x4456d13fc6736e8e8330394c0c622103e06ea419,crvUSD/WBTC tricrypto,CRVUSD,2026-05-24,8897.46911193887
OP Mainnet,0x4456d13fc6736e8e8330394c0c622103e06ea419,crvUSD/WBTC tricrypto,CRVUSD,2026-05-25,8741.53146946388
OP Mainnet,0x4456d13fc6736e8e8330394c0c622103e06ea419,crvUSD/WBTC tricrypto,CRVUSD,2026-05-26,8663.349021044141
OP Mainnet,0x4456d13fc6736e8e8330394c0c622103e06ea419,crvUSD/WBTC tricrypto,CRVUSD,2026-05-27,8478.995363236041
OP Mainnet,0x4456d13fc6736e8e8330394c0c622103e06ea419,crvUSD/WBTC tricrypto,CRVUSD,2026-05-28,8489.84171061964
OP Mainnet,0x4456d13fc6736e8e8330394c0c622103e06ea419,crvUSD/WBTC tricrypto,CRVUSD,2026-05-29,8591.452883194
OP Mainnet,0x4456d13fc6736e8e8330394c0c622103e06ea419,crvUSD/WBTC tricrypto,CRVUSD,2026-05-30,8609.917414942225
OP Mainnet,0x4456d13fc6736e8e8330394c0c622103e06ea419,crvUSD/WBTC tricrypto,CRVUSD,2026-05-31,8497.579258189497
OP Mainnet,0x4456d13fc6736e8e8330394c0c622103e06ea419,crvUSD/WBTC tricrypto,CRVUSD,2026-06-01,8405.815321174254
OP Mainnet,0x4456d13fc6736e8e8330394c0c622103e06ea419,crvUSD/WBTC tricrypto,CRVUSD,2026-06-02,8025.875041788927
OP Mainnet,0x4456d13fc6736e8e8330394c0c622103e06ea419,crvUSD/WBTC tricrypto,CRVUSD,2026-06-03,7822.490628787144
OP Mainnet,0x4456d13fc6736e8e8330394c0c622103e06ea419,crvUSD/WBTC tricrypto,CRVUSD,2026-06-04,7648.291685675732
OP Mainnet,0x4456d13fc6736e8e8330394c0c622103e06ea419,crvUSD/WBTC tricrypto,CRVUSD,2026-06-05,7465.853209440242
OP Mainnet,0x4456d13fc6736e8e8330394c0c622103e06ea419,crvUSD/WBTC tricrypto,CRVUSD,2026-06-06,7547.434306339284
OP Mainnet,0x4456d13fc6736e8e8330394c0c622103e06ea419,crvUSD/WBTC tricrypto,CRVUSD,2026-06-07,7663.996817481964
OP Mainnet,0x4456d13fc6736e8e8330394c0c622103e06ea419,crvUSD/WBTC tricrypto,CRVUSD,2026-06-08,7763.463930141035
OP Mainnet,0x4456d13fc6736e8e8330394c0c622103e06ea419,crvUSD/WBTC tricrypto,CRVUSD,2026-06-09,7572.3434312085565
OP Mainnet,0x4456d13fc6736e8e8330394c0c622103e06ea419,crvUSD/WBTC tricrypto,CRVUSD,2026-06-10,7655.953046866994
OP Mainnet,0x4456d13fc6736e8e8330394c0c622103e06ea419,crvUSD/WBTC tricrypto,CRVUSD,2026-06-11,7707.926461577314
OP Mainnet,0x4456d13fc6736e8e8330394c0c622103e06ea419,crvUSD/WBTC tricrypto,CRVUSD,2026-06-12,7635.817597536577
OP Mainnet,0x4456d13fc6736e8e8330394c0c622103e06ea419,crvUSD/WBTC tricrypto,CRVUSD,2026-06-13,7784.63731021198
OP Mainnet,0x4456d13fc6736e8e8330394c0c622103e06ea419,crvUSD/WBTC tricrypto,CRVUSD,2026-06-14,7900.088830825838
OP Mainnet,0x4456d13fc6736e8e8330394c0c622103e06ea419,crvUSD/WBTC tricrypto,CRVUSD,2026-06-15,7922.477470308627
OP Mainnet,0x4456d13fc6736e8e8330394c0c622103e06ea419,crvUSD/WBTC tricrypto,CRVUSD,2026-06-16,7938.1078750297
OP Mainnet,0x4456d13fc6736e8e8330394c0c622103e06ea419,crvUSD/WBTC tricrypto,CRVUSD,2026-06-17,7736.910324432375
OP Mainnet,0x4456d13fc6736e8e8330394c0c622103e06ea419,crvUSD/WBTC tricrypto,CRVUSD,2026-06-18,7632.138301229068
OP Mainnet,0x4456d13fc6736e8e8330394c0c622103e06ea419,crvUSD/WBTC tricrypto,CRVUSD,2026-06-19,7827.330151124924
OP Mainnet,0x4456d13fc6736e8e8330394c0c622103e06ea419,crvUSD/WBTC tricrypto,CRVUSD,2026-06-20,7880.4980094908515
OP Mainnet,0x4456d13fc6736e8e8330394c0c622103e06ea419,crvUSD/WBTC tricrypto,CRVUSD,2026-06-21,7863.093522498036
OP Mainnet,0x4456d13fc6736e8e8330394c0c622103e06ea419,crvUSD/WBTC tricrypto,CRVUSD,2026-06-22,7710.328047618531
OP Mainnet,0x4456d13fc6736e8e8330394c0c622103e06ea419,crvUSD/WBTC tricrypto,CRVUSD,2026-06-23,7595.394550223792
OP Mainnet,0x4456d13fc6736e8e8330394c0c622103e06ea419,crvUSD/WBTC tricrypto,CRVUSD,2026-06-24,7622.156851384612
OP Mainnet,0x4456d13fc6736e8e8330394c0c622103e06ea419,crvUSD/WBTC tricrypto,CRVUSD,2026-06-25,7412.655149488658
OP Mainnet,0x4456d13fc6736e8e8330394c0c622103e06ea419,crvUSD/WBTC tricrypto,CRVUSD,2026-06-26,7482.239584047088
OP Mainnet,0x4456d13fc6736e8e8330394c0c622103e06ea419,crvUSD/WBTC tricrypto,CRVUSD,2026-06-27,7337.702878754767
OP Mainnet,0x4456d13fc6736e8e8330394c0c622103e06ea419,crvUSD/WBTC tricrypto,CRVUSD,2026-06-28,7455.877467589822
OP Mainnet,0x4456d13fc6736e8e8330394c0c622103e06ea419,crvUSD/WBTC tricrypto,CRVUSD,2026-06-29,7433.544359889205
OP Mainnet,0x4456d13fc6736e8e8330394c0c622103e06ea419,crvUSD/WBTC tricrypto,CRVUSD,2026-06-30,7454.141319647356
OP Mainnet,0x4456d13fc6736e8e8330394c0c622103e06ea419,crvUSD/WBTC tricrypto,CRVUSD,2026-07-01,7584.9051080931595
OP Mainnet,0x4456d13fc6736e8e8330394c0c622103e06ea419,crvUSD/WBTC tricrypto,CRVUSD,2026-07-02,7724.91698332391
OP Mainnet,0x4456d13fc6736e8e8330394c0c622103e06ea419,crvUSD/WBTC tricrypto,CRVUSD,2026-07-03,7833.87889900327
OP Mainnet,0x4456d13fc6736e8e8330394c0c622103e06ea419,crvUSD/WBTC tricrypto,CRVUSD,2026-07-04,7762.509781034995
OP Mainnet,0x4456d13fc6736e8e8330394c0c622103e06ea419,crvUSD/WBTC tricrypto,CRVUSD,2026-07-05,7785.232758057757
OP Mainnet,0x4456d13fc6736e8e8330394c0c622103e06ea419,crvUSD/WBTC tricrypto,CRVUSD,2026-07-06,7776.257841020927
OP Mainnet,0x4456d13fc6736e8e8330394c0c622103e06ea419,crvUSD/WBTC tricrypto,CRVUSD,2026-07-07,7740.959291418232
OP Mainnet,0x4456d13fc6736e8e8330394c0c622103e06ea419,crvUSD/WBTC tricrypto,CRVUSD,2026-07-08,7828.706522315756
OP Mainnet,0x4456d13fc6736e8e8330394c0c622103e06ea419,crvUSD/WBTC tricrypto,CRVUSD,2026-07-09,7928.013821289679
OP Mainnet,0x4456d13fc6736e8e8330394c0c622103e06ea419,crvUSD/WBTC tricrypto,CRVUSD,2026-07-10,7961.431756457676
OP Mainnet,0x4456d13fc6736e8e8330394c0c622103e06ea419,crvUSD/WBTC tricrypto,CRVUSD,2026-07-11,7976.5679239314
OP Mainnet,0x4456d13fc6736e8e8330394c0c622103e06ea419,crvUSD/WBTC tricrypto,CRVUSD,2026-07-12,7790.979994801652
OP Mainnet,0x4456d13fc6736e8e8330394c0c622103e06ea419,crvUSD/WBTC tricrypto,CRVUSD,2026-07-13,7901.274220400178
OP Mainnet,0x4456d13fc6736e8e8330394c0c622103e06ea419,crvUSD/WBTC tricrypto,CRVUSD,2026-07-14,8113.89178116328
OP Mainnet,0x4456d13fc6736e8e8330394c0c622103e06ea419,crvUSD/WBTC tricrypto,CRVUSD,2026-07-15,8173.27996359147
OP Mainnet,0x4456d13fc6736e8e8330394c0c622103e06ea419,crvUSD/WBTC tricrypto,CRVUSD,2026-07-16,7874.39159729531
OP Mainnet,0x4456d13fc6736e8e8330394c0c622103e06ea419,crvUSD/WBTC tricrypto,CRVUSD,2026-07-17,8002.718249213478
OP Mainnet,0x4456d13fc6736e8e8330394c0c622103e06ea419,crvUSD/WBTC tricrypto,CRVUSD,2026-07-18,8107.633187931746
OP Mainnet,0x4456d13fc6736e8e8330394c0c622103e06ea419,crvUSD/WBTC tricrypto,CRVUSD,2026-07-19,7954.946168550106
OP Mainnet,0x4456d13fc6736e8e8330394c0c622103e06ea419,crvUSD/WBTC tricrypto,CRVUSD,2026-07-20,8215.223486087687
OP Mainnet,0x4456d13fc6736e8e8330394c0c622103e06ea419,crvUSD/WBTC tricrypto,CRVUSD,2026-07-21,8264.23357070237
OP Mainnet,0x4456d13fc6736e8e8330394c0c622103e06ea419,crvUSD/WBTC tricrypto,CRVUSD,2026-07-22,8109.700911509825
OP Mainnet,0x4456d13fc6736e8e8330394c0c622103e06ea419,crvUSD/WBTC tricrypto,CRVUSD,2026-07-23,8026.07569689252
OP Mainnet,0x4456d13fc6736e8e8330394c0c622103e06ea419,crvUSD/WBTC tricrypto,CRVUSD,2026-07-24,7958.032785166693
OP Mainnet,0x4456d13fc6736e8e8330394c0c622103e06ea419,crvUSD/WBTC tricrypto,CRVUSD,2026-07-25,8070.266274853537
OP Mainnet,0x4456d13fc6736e8e8330394c0c622103e06ea419,crvUSD/WBTC tricrypto,CRVUSD,2026-07-26,8235.25878047345
OP Mainnet,0x4456d13fc6736e8e8330394c0c622103e06ea419,crvUSD/WBTC tricrypto,CRVUSD,2026-07-27,7964.98652662587
OP Mainnet,0x4456d13fc6736e8e8330394c0c622103e06ea419,crvUSD/WBTC tricrypto,CRVUSD,2026-07-28,8128.521400771087
OP Mainnet,0x4456d13fc6736e8e8330394c0c622103e06ea419,crvUSD/WBTC tricrypto,CRVUSD,2026-07-29,8065.515518541338
OP Mainnet,0x4456d13fc6736e8e8330394c0c622103e06ea419,crvUSD/WBTC tricrypto,CRVUSD,2026-07-30,8077.3289674754615
OP Mainnet,0x4456d13fc6736e8e8330394c0c622103e06ea419,crvUSD/WBTC tricrypto,CRVUSD,2026-07-31,7920.9653197499365
OP Mainnet,0x4456d13fc6736e8e8330394c0c622103e06ea419,crvUSD/WBTC tricrypto,CRVUSD,2026-08-01,8068.272112482447
OP Mainnet,0x4456d13fc6736e8e8330394c0c622103e06ea419,crvUSD/WBTC tricrypto,CRVUSD,2026-08-02,7901.022984232937
OP Mainnet,0x4456d13fc6736e8e8330394c0c622103e06ea419,crvUSD/WBTC tricrypto,CRVUSD,2026-08-03,8072.221568345674
OP Mainnet,0x4456d13fc6736e8e8330394c0c622103e06ea419,crvUSD/WBTC tricrypto,CRVUSD,2026-08-04,8090.614058084291
OP Mainnet,0x4456d13fc6736e8e8330394c0c622103e06ea419,crvUSD/WBTC tricrypto,CRVUSD,2026-08-05,8155.765369072946
OP Mainnet,0x4456d13fc6736e8e8330394c0c622103e06ea419,crvUSD/WBTC tricrypto,CRVUSD,2026-08-06,8111.521933566103
OP Mainnet,0x4456d13fc6736e8e8330394c0c622103e06ea419,crvUSD/WBTC tricrypto,CRVUSD,2026-08-07,8177.881169690695
OP Mainnet,0x4456d13fc6736e8e8330394c0c622103e06ea419,crvUSD/WBTC tricrypto,CRVUSD,2026-08-08,8078.297516074008
OP Mainnet,0x4456d13fc6736e8e8330394c0c622103e06ea419,crvUSD/WBTC tricrypto,CRVUSD,2026-08-09,8178.033656123162
OP Mainnet,0x4456d13fc6736e8e8330394c0c622103e06ea419,crvUSD/WBTC tricrypto,CRVUSD,2026-08-10,7988.562529619385
OP Mainnet,0x4456d13fc6736e8e8330394c0c622103e06ea419,crvUSD/WBTC tricrypto,CRVUSD,2026-08-11,8036.545103520211
OP Mainnet,0x4456d13fc6736e8e8330394c0c622103e06ea419,crvUSD/WBTC tricrypto,CRVUSD,2026-08-12,8109.139731683313
OP Mainnet,0x4456d13fc6736e8e8330394c0c622103e06ea419,crvUSD/WBTC tricrypto,CRVUSD,2026-08-13,7983.184371731644
OP Mainnet,0x4456d13fc6736e8e8330394c0c622103e06ea419,crvUSD/WBTC tricrypto,CRVUSD,2026-08-14,8046.214690125569
OP Mainnet,0x4456d13fc6736e8e8330394c0c622103e06ea419,crvUSD/WBTC tricrypto,CRVUSD,2026-08-15,7974.497066640243
OP Mainnet,0x4456d13fc6736e8e8330394c0c622103e06ea419,crvUSD/WBTC tricrypto,CRVUSD,2026-08-16,8066.257721883346
OP Mainnet,0x4456d13fc6736e8e8330394c0c622103e06ea419,crvUSD/WBTC tricrypto,CRVUSD,2026-08-17,8056.138227009296
OP Mainnet,0x4456d13fc6736e8e8330394c0c622103e06ea419,crvUSD/WBTC tricrypto,CRVUSD,2026-08-18,8041.152428539779
OP Mainnet,0x4456d13fc6736e8e8330394c0c622103e06ea419,crvUSD/WBTC tricrypto,CRVUSD,2026-08-19,8771.122310132212
OP Mainnet,0x4456d13fc6736e8e8330394c0c622103e06ea419,crvUSD/WBTC tricrypto,CRVUSD,2026-08-20,9160.80869064476
OP Mainnet,0x4456d13fc6736e8e8330394c0c622103e06ea419,crvUSD/WBTC tricrypto,CRVUSD,2026-08-21,9303.553034966862
OP Mainnet,0x4456d13fc6736e8e8330394c0c622103e06ea419,crvUSD/WBTC tricrypto,CRVUSD,2026-08-22,9107.1780012846
OP Mainnet,0x4456d13fc6736e8e8330394c0c622103e06ea419,crvUSD/WBTC tricrypto,CRVUSD,2026-08-23,9330.986595045297
OP Mainnet,0x4456d13fc6736e8e8330394c0c622103e06ea419,crvUSD/WBTC tricrypto,CRVUSD,2026-08-24,9569.196962402497
OP Mainnet,0x4456d13fc6736e8e8330394c0c622103e06ea419,crvUSD/WBTC tricrypto,CRVUSD,2026-08-25,9453.371457355008
OP Mainnet,0x4456d13fc6736e8e8330394c0c622103e06ea419,crvUSD/WBTC tricrypto,CRVUSD,2026-08-26,9511.27150854055
OP Mainnet,0x4456d13fc6736e8e8330394c0c622103e06ea419,crvUSD/WBTC tricrypto,CRVUSD,2026-08-27,9492.38847868194
OP Mainnet,0x4456d13fc6736e8e8330394c0c622103e06ea419,crvUSD/WBTC tricrypto,CRVUSD,2026-08-28,9252.986106521044
OP Mainnet,0x4456d13fc6736e8e8330394c0c622103e06ea419,crvUSD/WBTC tricrypto,CRVUSD,2026-08-29,9295.417628995763
OP Mainnet,0x4456d13fc6736e8e8330394c0c622103e06ea419,crvUSD/WBTC tricrypto,CRVUSD,2026-08-30,9257.78625263293
OP Mainnet,0x4456d13fc6736e8e8330394c0c622103e06ea419,crvUSD/WBTC tricrypto,CRVUSD,2026-08-31,9496.537286962855
OP Mainnet,0x4456d13fc6736e8e8330394c0c622103e06ea419,crvUSD/WBTC tricrypto,CRVUSD,2026-09-01,9215.37741506409
OP Mainnet,0x4456d13fc6736e8e8330394c0c622103e06ea419,crvUSD/WBTC tricrypto,CRVUSD,2026-09-02,9329.252629529567
OP Mainnet,0x4456d13fc6736e8e8330394c0c622103e06ea419,crvUSD/WBTC tricrypto,CRVUSD,2026-09-03,9623.703809807088
OP Mainnet,0x4456d13fc6736e8e8330394c0c622103e06ea419,crvUSD/WBTC tricrypto,CRVUSD,2026-09-04,9427.921054386868
OP Mainnet,0x4456d13fc6736e8e8330394c0c622103e06ea419,crvUSD/WBTC tricrypto,CRVUSD,2026-09-05,9561.613655716304
OP Mainnet,0x4456d13fc6736e8e8330394c0c622103e06ea419,crvUSD/WBTC tricrypto,CRVUSD,2026-09-06,9491.155586584524
OP Mainnet,0x4456d13fc6736e8e8330394c0c622103e06ea419,crvUSD/WBTC tricrypto,CRVUSD,2026-09-07,9355.201657398704
OP Mainnet,0x4456d13fc6736e8e8330394c0c622103e06ea419,crvUSD/WBTC tricrypto,CRVUSD,2026-09-08,9419.706866188628
OP Mainnet,0x4456d13fc6736e8e8330394c0c622103e06ea419,crvUSD/WBTC tricrypto,CRVUSD,2026-09-09,9456.742638928768
OP Mainnet,0x4456d13fc6736e8e8330394c0c622103e06ea419,crvUSD/WBTC tricrypto,CRVUSD,2026-09-10,9403.201631787471
OP Mainnet,0x4456d13fc6736e8e8330394c0c622103e06ea419,crvUSD/WBTC tricrypto,CRVUSD,2026-09-11,9340.58337374322
OP Mainnet,0x4456d13fc6736e8e8330394c0c622103e06ea419,crvUSD/WBTC tricrypto,CRVUSD,2026-09-12,9368.20209951537
OP Mainnet,0x4456d13fc6736e8e8330394c0c622103e06ea419,crvUSD/WBTC tricrypto,CRVUSD,2026-09-13,9498.176198960213
OP Mainnet,0x4456d13fc6736e8e8330394c0c622103e06ea419,crvUSD/WBTC tricrypto,CRVUSD,2026-09-14,9334.166198146664
OP Mainnet,0x4456d13fc6736e8e8330394c0c622103e06ea419,crvUSD/WBTC tricrypto,CRVUSD,2026-09-15,9142.09760522169
OP Mainnet,0x4456d13fc6736e8e8330394c0c622103e06ea419,crvUSD/WBTC tricrypto,WBTC,2026-04-17,0.11983133
OP Mainnet,0x4456d13fc6736e8e8330394c0c622103e06ea419,crvUSD/WBTC tricrypto,WBTC,2026-04-18,0.12071043
OP Mainnet,0x4456d13fc6736e8e8330394c0c622103e06ea419,crvUSD/WBTC tricrypto,WBTC,2026-04-19,0.12069672999999999
OP Mainnet,0x4456d13fc6736e8e8330394c0c622103e06ea419,crvUSD/WBTC tricrypto,WBTC,2026-04-20,0.12032364999999999
OP Mainnet,0x4456d13fc6736e8e8330394c0c622103e06ea419,crvUSD/WBTC tricrypto,WBTC,2026-04-21,0.11869837999999999
OP Mainnet,0x4456d13fc6736e8e8330394c0c622103e06ea419,crvUSD/WBTC tricrypto,WBTC,2026-04-22,0.11816278
OP Mainnet,0x4456d13fc6736e8e8330394c0c622103e06ea419,crvUSD/WBTC tricrypto,WBTC,2026-04-23,0.11737051999999999
OP Mainnet,0x4456d13fc6736e8e8330394c0c622103e06ea419,crvUSD/WBTC tricrypto,WBTC,2026-04-24,0.11835783999999999
OP Mainnet,0x4456d13fc6736e8e8330394c0c622103e06ea419,crvUSD/WBTC tricrypto,WBTC,2026-04-25,0.11746469999999999
OP Mainnet,0x4456d13fc6736e8e8330394c0c622103e06ea419,crvUSD/WBTC tricrypto,WBTC,2026-04-26,0.11828477
OP Mainnet,0x4456d13fc6736e8e8330394c0c622103e06ea419,crvUSD/WBTC tricrypto,WBTC,2026-04-27,0.11832343
OP Mainnet,0x4456d13fc6736e8e8330394c0c622103e06ea419,crvUSD/WBTC tricrypto,WBTC,2026-04-28,0.11822587999999999
OP Mainnet,0x4456d13fc6736e8e8330394c0c622103e06ea419,crvUSD/WBTC tricrypto,WBTC,2026-04-29,0.11875617999999999
OP Mainnet,0x4456d13fc6736e8e8330394c0c622103e06ea419,crvUSD/WBTC tricrypto,WBTC,2026-04-30,0.11767604999999999
OP Mainnet,0x4456d13fc6736e8e8330394c0c622103e06ea419,crvUSD/WBTC tricrypto,WBTC,2026-05-01,0.11782295
OP Mainnet,0x4456d13fc6736e8e8330394c0c622103e06ea419,crvUSD/WBTC tricrypto,WBTC,2026-05-02,0.11741483
OP Mainnet,0x4456d13fc6736e8e8330394c0c622103e06ea419,crvUSD/WBTC tricrypto,WBTC,2026-05-03,0.11617001
OP Mainnet,0x4456d13fc6736e8e8330394c0c622103e06ea419,crvUSD/WBTC tricrypto,WBTC,2026-05-04,0.11573452000000001
OP Mainnet,0x4456d13fc6736e8e8330394c0c622103e06ea419,crvUSD/WBTC tricrypto,WBTC,2026-05-05,0.11536408000000001
OP Mainnet,0x4456d13fc6736e8e8330394c0c622103e06ea419,crvUSD/WBTC tricrypto,WBTC,2026-05-06,0.11515309000000001
OP Mainnet,0x4456d13fc6736e8e8330394c0c622103e06ea419,crvUSD/WBTC tricrypto,WBTC,2026-05-07,0.11554290000000002
OP Mainnet,0x4456d13fc6736e8e8330394c0c622103e06ea419,crvUSD/WBTC tricrypto,WBTC,2026-05-08,0.11553950000000002
OP Mainnet,0x4456d13fc6736e8e8330394c0c622103e06ea419,crvUSD/WBTC tricrypto,WBTC,2026-05-09,0.11535066000000002
OP Mainnet,0x4456d13fc6736e8e8330394c0c622103e06ea419,crvUSD/WBTC tricrypto,WBTC,2026-05-10,0.11536396000000002
OP Mainnet,0x4456d13fc6736e8e8330394c0c622103e06ea419,crvUSD/WBTC tricrypto,WBTC,2026-05-11,0.11514032000000002
OP Mainnet,0x4456d13fc6736e8e8330394c0c622103e06ea419,crvUSD/WBTC tricrypto,WBTC,2026-05-12,0.11464001000000001
OP Mainnet,0x4456d13fc6736e8e8330394c0c622103e06ea419,crvUSD/WBTC tricrypto,WBTC,2026-05-13,0.11553535000000001
OP Mainnet,0x4456d13fc6736e8e8330394c0c622103e06ea419,crvUSD/WBTC tricrypto,WBTC,2026-05-14,0.11389738
OP Mainnet,0x4456d13fc6736e8e8330394c0c622103e06ea419,crvUSD/WBTC tricrypto,WBTC,2026-05-15,0.11528747
OP Mainnet,0x4456d13fc6736e8e8330394c0c622103e06ea419,crvUSD/WBTC tricrypto,WBTC,2026-05-16,0.11554917
OP Mainnet,0x4456d13fc6736e8e8330394c0c622103e06ea419,crvUSD/WBTC tricrypto,WBTC,2026-05-17,0.11597417
OP Mainnet,0x4456d13fc6736e8e8330394c0c622103e06ea419,crvUSD/WBTC tricrypto,WBTC,2026-05-18,0.11580304
OP Mainnet,0x4456d13fc6736e8e8330394c0c622103e06ea419,crvUSD/WBTC tricrypto,WBTC,2026-05-19,0.11467656
OP Mainnet,0x4456d13fc6736e8e8330394c0c622103e06ea419,crvUSD/WBTC tricrypto,WBTC,2026-05-20,0.11479024
OP Mainnet,0x4456d13fc6736e8e8330394c0c622103e06ea419,crvUSD/WBTC tricrypto,WBTC,2026-05-21,0.11492562
OP Mainnet,0x4456d13fc6736e8e8330394c0c622103e06ea419,crvUSD/WBTC tricrypto,WBTC,2026-05-22,0.11593317
OP Mainnet,0x4456d13fc6736e8e8330394c0c622103e06ea419,crvUSD/WBTC tricrypto,WBTC,2026-05-23,0.11540333
OP Mainnet,0x4456d13fc6736e8e8330394c0c622103e06ea419,crvUSD/WBTC tricrypto,WBTC,2026-05-24,0.114583
OP Mainnet,0x4456d13fc6736e8e8330394c0c622103e06ea419,crvUSD/WBTC tricrypto,WBTC,2026-05-25,0.11550739
OP Mainnet,0x4456d13fc6736e8e8330394c0c622103e06ea419,crvUSD/WBTC tricrypto,WBTC,2026-05-26,0.11578290000000001
OP Mainnet,0x4456d13fc6736e8e8330394c0c622103e06ea419,crvUSD/WBTC tricrypto,WBTC,2026-05-27,0.11650945000000001
OP Mainnet,0x4456d13fc6736e8e8330394c0c622103e06ea419,crvUSD/WBTC tricrypto,WBTC,2026-05-28,0.11735871000000002
OP Mainnet,0x4456d13fc6736e8e8330394c0c622103e06ea419,crvUSD/WBTC tricrypto,WBTC,2026-05-29,0.11649623000000002
OP Mainnet,0x4456d13fc6736e8e8330394c0c622103e06ea419,crvUSD/WBTC tricrypto,WBTC,2026-05-30,0.11618303000000002
OP Mainnet,0x4456d13fc6736e8e8330394c0c622103e06ea419,crvUSD/WBTC tricrypto,WBTC,2026-05-31,0.11650077000000002
OP Mainnet,0x4456d13fc6736e8e8330394c0c622103e06ea419,crvUSD/WBTC tricrypto,WBTC,2026-06-01,0.12036475000000002
OP Mainnet,0x4456d13fc6736e8e8330394c0c622103e06ea419,crvUSD/WBTC tricrypto,WBTC,2026-06-02,0.12172500000000001
OP Mainnet,0x4456d13fc6736e8e8330394c0c622103e06ea419,crvUSD/WBTC tricrypto,WBTC,2026-06-03,0.12331255000000002
OP Mainnet,0x4456d13fc6736e8e8330394c0c622103e06ea419,crvUSD/WBTC tricrypto,WBTC,2026-06-04,0.12242396000000003
OP Mainnet,0x4456d13fc6736e8e8330394c0c622103e06ea419,crvUSD/WBTC tricrypto,WBTC,2026-06-05,0.12148304000000003
OP Mainnet,0x4456d13fc6736e8e8330394c0c622103e06ea419,crvUSD/WBTC tricrypto,WBTC,2026-06-06,0.12150485000000003
OP Mainnet,0x4456d13fc6736e8e8330394c0c622103e06ea419,crvUSD/WBTC tricrypto,WBTC,2026-06-07,0.12113021000000003
OP Mainnet,0x4456d13fc6736e8e8330394c0c622103e06ea419,crvUSD/WBTC tricrypto,WBTC,2026-06-08,0.12134741000000003
OP Mainnet,0x4456d13fc6736e8e8330394c0c622103e06ea419,crvUSD/WBTC tricrypto,WBTC,2026-06-09,0.12267546000000003
OP Mainnet,0x4456d13fc6736e8e8330394c0c622103e06ea419,crvUSD/WBTC tricrypto,WBTC,2026-06-10,0.12110446000000002
OP Mainnet,0x4456d13fc6736e8e8330394c0c622103e06ea419,crvUSD/WBTC tricrypto,WBTC,2026-06-11,0.12058621000000003
OP Mainnet,0x4456d13fc6736e8e8330394c0c622103e06ea419,crvUSD/WBTC tricrypto,WBTC,2026-06-12,0.12099544000000002
OP Mainnet,0x4456d13fc6736e8e8330394c0c622103e06ea419,crvUSD/WBTC tricrypto,WBTC,2026-06-13,0.11949334000000002
OP Mainnet,0x4456d13fc6736e8e8330394c0c622103e06ea419,crvUSD/WBTC tricrypto,WBTC,2026-06-14,0.11948634000000002
OP Mainnet,0x4456d13fc6736e8e8330394c0c622103e06ea419,crvUSD/WBTC tricrypto,WBTC,2026-06-15,0.11962494000000003
OP Mainnet,0x4456d13fc6736e8e8330394c0c622103e06ea419,crvUSD/WBTC tricrypto,WBTC,2026-06-16,0.12138627000000003
OP Mainnet,0x4456d13fc6736e8e8330394c0c622103e06ea419,crvUSD/WBTC tricrypto,WBTC,2026-06-17,0.12232253000000003
OP Mainnet,0x4456d13fc6736e8e8330394c0c622103e06ea419,crvUSD/WBTC tricrypto,WBTC,2026-06-18,0.12313486000000003
OP Mainnet,0x4456d13fc6736e8e8330394c0c622103e06ea419,crvUSD/WBTC tricrypto,WBTC,2026-06-19,0.12217887000000002
OP Mainnet,0x4456d13fc6736e8e8330394c0c622103e06ea419,crvUSD/WBTC tricrypto,WBTC,2026-06-20,0.12108949000000002
OP Mainnet,0x4456d13fc6736e8e8330394c0c622103e06ea419,crvUSD/WBTC tricrypto,WBTC,2026-06-21,0.12149214000000003
OP Mainnet,0x4456d13fc6736e8e8330394c0c622103e06ea419,crvUSD/WBTC tricrypto,WBTC,2026-06-22,0.12239629000000003
OP Mainnet,0x4456d13fc6736e8e8330394c0c622103e06ea419,crvUSD/WBTC tricrypto,WBTC,2026-06-23,0.12241770000000003
OP Mainnet,0x4456d13fc6736e8e8330394c0c622103e06ea419,crvUSD/WBTC tricrypto,WBTC,2026-06-24,0.12297235000000004
OP Mainnet,0x4456d13fc6736e8e8330394c0c622103e06ea419,crvUSD/WBTC tricrypto,WBTC,2026-06-25,0.12235424000000003
OP Mainnet,0x4456d13fc6736e8e8330394c0c622103e06ea419,crvUSD/WBTC tricrypto,WBTC,2026-06-26,0.12310649000000003
OP Mainnet,0x4456d13fc6736e8e8330394c0c622103e06ea419,crvUSD/WBTC tricrypto,WBTC,2026-06-27,0.12390862000000002
OP Mainnet,0x4456d13fc6736e8e8330394c0c622103e06ea419,crvUSD/WBTC tricrypto,WBTC,2026-06-28,0.12357809000000003
OP Mainnet,0x4456d13fc6736e8e8330394c0c622103e06ea419,crvUSD/WBTC tricrypto,WBTC,2026-06-29,0.12399417000000003
OP Mainnet,0x4456d13fc6736e8e8330394c0c622103e06ea419,crvUSD/WBTC tricrypto,WBTC,2026-06-30,0.12470259000000003
OP Mainnet,0x4456d13fc6736e8e8330394c0c622103e06ea419,crvUSD/WBTC tricrypto,WBTC,2026-07-01,0.12369538000000004
OP Mainnet,0x4456d13fc6736e8e8330394c0c622103e06ea419,crvUSD/WBTC tricrypto,WBTC,2026-07-02,0.12502814000000004
OP Mainnet,0x4456d13fc6736e8e8330394c0c622103e06ea419,crvUSD/WBTC tricrypto,WBTC,2026-07-03,0.12431777000000004
OP Mainnet,0x4456d13fc6736e8e8330394c0c622103e06ea419,crvUSD/WBTC tricrypto,WBTC,2026-07-04,0.12491435000000004
OP Mainnet,0x4456d13fc6736e8e8330394c0c622103e06ea419,crvUSD/WBTC tricrypto,WBTC,2026-07-05,0.12455376000000004
OP Mainnet,0x4456d13fc6736e8e8330394c0c622103e06ea419,crvUSD/WBTC tricrypto,WBTC,2026-07-06,0.12428709000000004
OP Mainnet,0x4456d13fc6736e8e8330394c0c622103e06ea419,crvUSD/WBTC tricrypto,WBTC,2026-07-07,0.12457260000000005
OP Mainnet,0x4456d13fc6736e8e8330394c0c622103e06ea419,crvUSD/WBTC tricrypto,WBTC,2026-07-08,0.12408060000000004
OP Mainnet,0x4456d13fc6736e8e8330394c0c622103e06ea419,crvUSD/WBTC tricrypto,WBTC,2026-07-09,0.12283237000000004
OP Mainnet,0x4456d13fc6736e8e8330394c0c622103e06ea419,crvUSD/WBTC tricrypto,WBTC,2026-07-10,0.12339017000000004
OP Mainnet,0x4456d13fc6736e8e8330394c0c622103e06ea419,crvUSD/WBTC tricrypto,WBTC,2026-07-11,0.12390374000000004
OP Mainnet,0x4456d13fc6736e8e8330394c0c622103e06ea419,crvUSD/WBTC tricrypto,WBTC,2026-07-12,0.12493206000000004
OP Mainnet,0x4456d13fc6736e8e8330394c0c622103e06ea419,crvUSD/WBTC tricrypto,WBTC,2026-07-13,0.12464554000000004
OP Mainnet,0x4456d13fc6736e8e8330394c0c622103e06ea419,crvUSD/WBTC tricrypto,WBTC,2026-07-14,0.12432414000000004
OP Mainnet,0x4456d13fc6736e8e8330394c0c622103e06ea419,crvUSD/WBTC tricrypto,WBTC,2026-07-15,0.12522129000000004
OP Mainnet,0x4456d13fc6736e8e8330394c0c622103e06ea419,crvUSD/WBTC tricrypto,WBTC,2026-07-16,0.12591471000000004
OP Mainnet,0x4456d13fc6736e8e8330394c0c622103e06ea419,crvUSD/WBTC tricrypto,WBTC,2026-07-17,0.12541465000000004
OP Mainnet,0x4456d13fc6736e8e8330394c0c622103e06ea419,crvUSD/WBTC tricrypto,WBTC,2026-07-18,0.12403943000000005
OP Mainnet,0x4456d13fc6736e8e8330394c0c622103e06ea419,crvUSD/WBTC tricrypto,WBTC,2026-07-19,0.12515752000000005
OP Mainnet,0x4456d13fc6736e8e8330394c0c622103e06ea419,crvUSD/WBTC tricrypto,WBTC,2026-07-20,0.12430712000000005
OP Mainnet,0x4456d13fc6736e8e8330394c0c622103e06ea419,crvUSD/WBTC tricrypto,WBTC,2026-07-21,0.12327515000000006
OP Mainnet,0x4456d13fc6736e8e8330394c0c622103e06ea419,crvUSD/WBTC tricrypto,WBTC,2026-07-22,0.12493292000000006
OP Mainnet,0x4456d13fc6736e8e8330394c0c622103e06ea419,crvUSD/WBTC tricrypto,WBTC,2026-07-23,0.12429701000000005
OP Mainnet,0x4456d13fc6736e8e8330394c0c622103e06ea419,crvUSD/WBTC tricrypto,WBTC,2026-07-24,0.12533071000000007
OP Mainnet,0x4456d13fc6736e8e8330394c0c622103e06ea419,crvUSD/WBTC tricrypto,WBTC,2026-07-25,0.12579704000000005
OP Mainnet,0x4456d13fc6736e8e8330394c0c622103e06ea419,crvUSD/WBTC tricrypto,WBTC,2026-07-26,0.12575461000000004
OP Mainnet,0x4456d13fc6736e8e8330394c0c622103e06ea419,crvUSD/WBTC tricrypto,WBTC,2026-07-27,0.12642078000000004
OP Mainnet,0x4456d13fc6736e8e8330394c0c622103e06ea419,crvUSD/WBTC tricrypto,WBTC,2026-07-28,0.12628709000000005
OP Mainnet,0x4456d13fc6736e8e8330394c0c622103e06ea419,crvUSD/WBTC tricrypto,WBTC,2026-07-29,0.12549144000000004
OP Mainnet,0x4456d13fc6736e8e8330394c0c622103e06ea419,crvUSD/WBTC tricrypto,WBTC,2026-07-30,0.12570937000000004
OP Mainnet,0x4456d13fc6736e8e8330394c0c622103e06ea419,crvUSD/WBTC tricrypto,WBTC,2026-07-31,0.12705119000000004
OP Mainnet,0x4456d13fc6736e8e8330394c0c622103e06ea419,crvUSD/WBTC tricrypto,WBTC,2026-08-01,0.12583197000000004
OP Mainnet,0x4456d13fc6736e8e8330394c0c622103e06ea419,crvUSD/WBTC tricrypto,WBTC,2026-08-02,0.12698465000000003
OP Mainnet,0x4456d13fc6736e8e8330394c0c622103e06ea419,crvUSD/WBTC tricrypto,WBTC,2026-08-03,0.12489236000000004
OP Mainnet,0x4456d13fc6736e8e8330394c0c622103e06ea419,crvUSD/WBTC tricrypto,WBTC,2026-08-04,0.12494402000000003
OP Mainnet,0x4456d13fc6736e8e8330394c0c622103e06ea419,crvUSD/WBTC tricrypto,WBTC,2026-08-05,0.12550973000000004
OP Mainnet,0x4456d13fc6736e8e8330394c0c622103e06ea419,crvUSD/WBTC tricrypto,WBTC,2026-08-06,0.12567546000000004
OP Mainnet,0x4456d13fc6736e8e8330394c0c622103e06ea419,crvUSD/WBTC tricrypto,WBTC,2026-08-07,0.12446588000000004
OP Mainnet,0x4456d13fc6736e8e8330394c0c622103e06ea419,crvUSD/WBTC tricrypto,WBTC,2026-08-08,0.12558312000000005
OP Mainnet,0x4456d13fc6736e8e8330394c0c622103e06ea419,crvUSD/WBTC tricrypto,WBTC,2026-08-09,0.12516266000000004
OP Mainnet,0x4456d13fc6736e8e8330394c0c622103e06ea419,crvUSD/WBTC tricrypto,WBTC,2026-08-10,0.12550512000000003
OP Mainnet,0x4456d13fc6736e8e8330394c0c622103e06ea419,crvUSD/WBTC tricrypto,WBTC,2026-08-11,0.12687306000000004
OP Mainnet,0x4456d13fc6736e8e8330394c0c622103e06ea419,crvUSD/WBTC tricrypto,WBTC,2026-08-12,0.12602734000000004
OP Mainnet,0x4456d13fc6736e8e8330394c0c622103e06ea419,crvUSD/WBTC tricrypto,WBTC,2026-08-13,0.12666921000000003
OP Mainnet,0x4456d13fc6736e8e8330394c0c622103e06ea419,crvUSD/WBTC tricrypto,WBTC,2026-08-14,0.12681347000000004
OP Mainnet,0x4456d13fc6736e8e8330394c0c622103e06ea419,crvUSD/WBTC tricrypto,WBTC,2026-08-15,0.12692200000000003
OP Mainnet,0x4456d13fc6736e8e8330394c0c622103e06ea419,crvUSD/WBTC tricrypto,WBTC,2026-08-16,0.12637998000000003
OP Mainnet,0x4456d13fc6736e8e8330394c0c622103e06ea419,crvUSD/WBTC tricrypto,WBTC,2026-08-17,0.12452203000000003
OP Mainnet,0x4456d13fc6736e8e8330394c0c622103e06ea419,crvUSD/WBTC tricrypto,WBTC,2026-08-18,0.12593263000000005
OP Mainnet,0x4456d13fc6736e8e8330394c0c622103e06ea419,crvUSD/WBTC tricrypto,WBTC,2026-08-19,0.12611632000000003
OP Mainnet,0x4456d13fc6736e8e8330394c0c622103e06ea419,crvUSD/WBTC tricrypto,WBTC,2026-08-20,0.12141109000000003
OP Mainnet,0x4456d13fc6736e8e8330394c0c622103e06ea419,crvUSD/WBTC tricrypto,WBTC,2026-08-21,0.12001579000000002
OP Mainnet,0x4456d13fc6736e8e8330394c0c622103e06ea419,crvUSD/WBTC tricrypto,WBTC,2026-08-22,0.12094190000000002
OP Mainnet,0x4456d13fc6736e8e8330394c0c622103e06ea419,crvUSD/WBTC tricrypto,WBTC,2026-08-23,0.12056460000000002
OP Mainnet,0x4456d13fc6736e8e8330394c0c622103e06ea419,crvUSD/WBTC tricrypto,WBTC,2026-08-24,0.11769560000000003
OP Mainnet,0x4456d13fc6736e8e8330394c0c622103e06ea419,crvUSD/WBTC tricrypto,WBTC,2026-08-25,0.11904127000000002
OP Mainnet,0x4456d13fc6736e8e8330394c0c622103e06ea419,crvUSD/WBTC tricrypto,WBTC,2026-08-26,0.11979849000000002
OP Mainnet,0x4456d13fc6736e8e8330394c0c622103e06ea419,crvUSD/WBTC tricrypto,WBTC,2026-08-27,0.11939255000000003
OP Mainnet,0x4456d13fc6736e8e8330394c0c622103e06ea419,crvUSD/WBTC tricrypto,WBTC,2026-08-28,0.12036232000000002
OP Mainnet,0x4456d13fc6736e8e8330394c0c622103e06ea419,crvUSD/WBTC tricrypto,WBTC,2026-08-29,0.12029674000000003
OP Mainnet,0x4456d13fc6736e8e8330394c0c622103e06ea419,crvUSD/WBTC tricrypto,WBTC,2026-08-30,0.11971776000000002
OP Mainnet,0x4456d13fc6736e8e8330394c0c622103e06ea419,crvUSD/WBTC tricrypto,WBTC,2026-08-31,0.11890343000000002
OP Mainnet,0x4456d13fc6736e8e8330394c0c622103e06ea419,crvUSD/WBTC tricrypto,WBTC,2026-09-01,0.12020754000000002
OP Mainnet,0x4456d13fc6736e8e8330394c0c622103e06ea419,crvUSD/WBTC tricrypto,WBTC,2026-09-02,0.11960601000000001
OP Mainnet,0x4456d13fc6736e8e8330394c0c622103e06ea419,crvUSD/WBTC tricrypto,WBTC,2026-09-03,0.11753519000000001
OP Mainnet,0x4456d13fc6736e8e8330394c0c622103e06ea419,crvUSD/WBTC tricrypto,WBTC,2026-09-04,0.11851632000000001
OP Mainnet,0x4456d13fc6736e8e8330394c0c622103e06ea419,crvUSD/WBTC tricrypto,WBTC,2026-09-05,0.11928590000000001
OP Mainnet,0x4456d13fc6736e8e8330394c0c622103e06ea419,crvUSD/WBTC tricrypto,WBTC,2026-09-06,0.11882490000000001
OP Mainnet,0x4456d13fc6736e8e8330394c0c622103e06ea419,crvUSD/WBTC tricrypto,WBTC,2026-09-07,0.12021104
OP Mainnet,0x4456d13fc6736e8e8330394c0c622103e06ea419,crvUSD/WBTC tricrypto,WBTC,2026-09-08,0.11953225
OP Mainnet,0x4456d13fc6736e8e8330394c0c622103e06ea419,crvUSD/WBTC tricrypto,WBTC,2026-09-09,0.11969417
OP Mainnet,0x4456d13fc6736e8e8330394c0c622103e06ea419,crvUSD/WBTC tricrypto,WBTC,2026-09-10,0.12078835
OP Mainnet,0x4456d13fc6736e8e8330394c0c622103e06ea419,crvUSD/WBTC tricrypto,WBTC,2026-09-11,0.12207161
OP Mainnet,0x4456d13fc6736e8e8330394c0c622103e06ea419,crvUSD/WBTC tricrypto,WBTC,2026-09-12,0.12195504
OP Mainnet,0x4456d13fc6736e8e8330394c0c622103e06ea419,crvUSD/WBTC tricrypto,WBTC,2026-09-13,0.12081636
OP Mainnet,0x4456d13fc6736e8e8330394c0c622103e06ea419,crvUSD/WBTC tricrypto,WBTC,2026-09-14,0.12144775
OP Mainnet,0x4456d13fc6736e8e8330394c0c622103e06ea419,crvUSD/WBTC tricrypto,WBTC,2026-09-15,0.12165753
OP Mainnet,0x4456d13fc6736e8e8330394c0c622103e06ea419,crvUSD/WBTC tricrypto,WETH,2026-04-17,3.8075842712587757
OP Mainnet,0x4456d13fc6736e8e8330394c0c622103e06ea419,crvUSD/WBTC tricrypto,WETH,2026-04-18,3.901477222725478
OP Mainnet,0x4456d13fc6736e8e8330394c0c622103e06ea419,crvUSD/WBTC tricrypto,WETH,2026-04-19,3.954524951031284
OP Mainnet,0x4456d13fc6736e8e8330394c0c622103e06ea419,crvUSD/WBTC tricrypto,WETH,2026-04-20,3.8834877819583196
OP Mainnet,0x4456d13fc6736e8e8330394c0c622103e06ea419,crvUSD/WBTC tricrypto,WETH,2026-04-21,3.8427400237069858
OP Mainnet,0x4456d13fc6736e8e8330394c0c622103e06ea419,crvUSD/WBTC tricrypto,WETH,2026-04-22,3.940139410269557
OP Mainnet,0x4456d13fc6736e8e8330394c0c622103e06ea419,crvUSD/WBTC tricrypto,WETH,2026-04-23,3.981195891393742
OP Mainnet,0x4456d13fc6736e8e8330394c0c622103e06ea419,crvUSD/WBTC tricrypto,WETH,2026-04-24,3.947463415752088
OP Mainnet,0x4456d13fc6736e8e8330394c0c622103e06ea419,crvUSD/WBTC tricrypto,WETH,2026-04-25,3.919718176728409
OP Mainnet,0x4456d13fc6736e8e8330394c0c622103e06ea419,crvUSD/WBTC tricrypto,WETH,2026-04-26,3.954016640580501
OP Mainnet,0x4456d13fc6736e8e8330394c0c622103e06ea419,crvUSD/WBTC tricrypto,WETH,2026-04-27,3.984034204232945
OP Mainnet,0x4456d13fc6736e8e8330394c0c622103e06ea419,crvUSD/WBTC tricrypto,WETH,2026-04-28,3.90380911160272
OP Mainnet,0x4456d13fc6736e8e8330394c0c622103e06ea419,crvUSD/WBTC tricrypto,WETH,2026-04-29,4.018179333762134
OP Mainnet,0x4456d13fc6736e8e8330394c0c622103e06ea419,crvUSD/WBTC tricrypto,WETH,2026-04-30,3.95187757443995
OP Mainnet,0x4456d13fc6736e8e8330394c0c622103e06ea419,crvUSD/WBTC tricrypto,WETH,2026-05-01,3.9694758313496914
OP Mainnet,0x4456d13fc6736e8e8330394c0c622103e06ea419,crvUSD/WBTC tricrypto,WETH,2026-05-02,3.9861091943139737
OP Mainnet,0x4456d13fc6736e8e8330394c0c622103e06ea419,crvUSD/WBTC tricrypto,WETH,2026-05-03,3.8963318519901833
OP Mainnet,0x4456d13fc6736e8e8330394c0c622103e06ea419,crvUSD/WBTC tricrypto,WETH,2026-05-04,3.905261168097452
OP Mainnet,0x4456d13fc6736e8e8330394c0c622103e06ea419,crvUSD/WBTC tricrypto,WETH,2026-05-05,3.973688395548941
OP Mainnet,0x4456d13fc6736e8e8330394c0c622103e06ea419,crvUSD/WBTC tricrypto,WETH,2026-05-06,4.0078005145256235
OP Mainnet,0x4456d13fc6736e8e8330394c0c622103e06ea419,crvUSD/WBTC tricrypto,WETH,2026-05-07,4.037062913922855
OP Mainnet,0x4456d13fc6736e8e8330394c0c622103e06ea419,crvUSD/WBTC tricrypto,WETH,2026-05-08,3.9886748931955087
OP Mainnet,0x4456d13fc6736e8e8330394c0c622103e06ea419,crvUSD/WBTC tricrypto,WETH,2026-05-09,3.9936933645726036
OP Mainnet,0x4456d13fc6736e8e8330394c0c622103e06ea419,crvUSD/WBTC tricrypto,WETH,2026-05-10,4.002222442096718
OP Mainnet,0x4456d13fc6736e8e8330394c0c622103e06ea419,crvUSD/WBTC tricrypto,WETH,2026-05-11,4.021645992625816
OP Mainnet,0x4456d13fc6736e8e8330394c0c622103e06ea419,crvUSD/WBTC tricrypto,WETH,2026-05-12,4.036361190732178
OP Mainnet,0x4456d13fc6736e8e8330394c0c622103e06ea419,crvUSD/WBTC tricrypto,WETH,2026-05-13,4.0652918287886175
OP Mainnet,0x4456d13fc6736e8e8330394c0c622103e06ea419,crvUSD/WBTC tricrypto,WETH,2026-05-14,4.100772072521493
OP Mainnet,0x4456d13fc6736e8e8330394c0c622103e06ea419,crvUSD/WBTC tricrypto,WETH,2026-05-15,4.09832281966634
OP Mainnet,0x4456d13fc6736e8e8330394c0c622103e06ea419,crvUSD/WBTC tricrypto,WETH,2026-05-16,4.1293847277251166
OP Mainnet,0x4456d13fc6736e8e8330394c0c622103e06ea419,crvUSD/WBTC tricrypto,WETH,2026-05-17,4.185853637274328
OP Mainnet,0x4456d13fc6736e8e8330394c0c622103e06ea419,crvUSD/WBTC tricrypto,WETH,2026-05-18,4.182046132306889
OP Mainnet,0x4456d13fc6736e8e8330394c0c622103e06ea419,crvUSD/WBTC tricrypto,WETH,2026-05-19,4.164304130239209
OP Mainnet,0x4456d13fc6736e8e8330394c0c622103e06ea419,crvUSD/WBTC tricrypto,WETH,2026-05-20,4.136588746884395
OP Mainnet,0x4456d13fc6736e8e8330394c0c622103e06ea419,crvUSD/WBTC tricrypto,WETH,2026-05-21,4.191979678470058
OP Mainnet,0x4456d13fc6736e8e8330394c0c622103e06ea419,crvUSD/WBTC tricrypto,WETH,2026-05-22,4.237800510018917
OP Mainnet,0x4456d13fc6736e8e8330394c0c622103e06ea419,crvUSD/WBTC tricrypto,WETH,2026-05-23,4.147253339563784
OP Mainnet,0x4456d13fc6736e8e8330394c0c622103e06ea419,crvUSD/WBTC tricrypto,WETH,2026-05-24,4.1777010792942395
OP Mainnet,0x4456d13fc6736e8e8330394c0c622103e06ea419,crvUSD/WBTC tricrypto,WETH,2026-05-25,4.2184915013809885
OP Mainnet,0x4456d13fc6736e8e8330394c0c622103e06ea419,crvUSD/WBTC tricrypto,WETH,2026-05-26,4.246667675914679
OP Mainnet,0x4456d13fc6736e8e8330394c0c622103e06ea419,crvUSD/WBTC tricrypto,WETH,2026-05-27,4.312302713269842
OP Mainnet,0x4456d13fc6736e8e8330394c0c622103e06ea419,crvUSD/WBTC tricrypto,WETH,2026-05-28,4.276440291890549
OP Mainnet,0x4456d13fc6736e8e8330394c0c622103e06ea419,crvUSD/WBTC tricrypto,WETH,2026-05-29,4.258335367875095
OP Mainnet,0x4456d13fc6736e8e8330394c0c622103e06ea419,crvUSD/WBTC tricrypto,WETH,2026-05-30,4.260924885808161
OP Mainnet,0x4456d13fc6736e8e8330394c0c622103e06ea419,crvUSD/WBTC tricrypto,WETH,2026-05-31,4.305765140776995
OP Mainnet,0x4456d13fc6736e8e8330394c0c622103e06ea419,crvUSD/WBTC tricrypto,WETH,2026-06-01,4.213698633910542
OP Mainnet,0x4456d13fc6736e8e8330394c0c622103e06ea419,crvUSD/WBTC tricrypto,WETH,2026-06-02,4.3648860206452165
OP Mainnet,0x4456d13fc6736e8e8330394c0c622103e06ea419,crvUSD/WBTC tricrypto,WETH,2026-06-03,4.4236147519016376
OP Mainnet,0x4456d13fc6736e8e8330394c0c622103e06ea419,crvUSD/WBTC tricrypto,WETH,2026-06-04,4.55877422453267
OP Mainnet,0x4456d13fc6736e8e8330394c0c622103e06ea419,crvUSD/WBTC tricrypto,WETH,2026-06-05,4.7110077716780685
OP Mainnet,0x4456d13fc6736e8e8330394c0c622103e06ea419,crvUSD/WBTC tricrypto,WETH,2026-06-06,4.660328335263019
OP Mainnet,0x4456d13fc6736e8e8330394c0c622103e06ea419,crvUSD/WBTC tricrypto,WETH,2026-06-07,4.605614183180986
OP Mainnet,0x4456d13fc6736e8e8330394c0c622103e06ea419,crvUSD/WBTC tricrypto,WETH,2026-06-08,4.539555933628998
OP Mainnet,0x4456d13fc6736e8e8330394c0c622103e06ea419,crvUSD/WBTC tricrypto,WETH,2026-06-09,4.605235540506473
OP Mainnet,0x4456d13fc6736e8e8330394c0c622103e06ea419,crvUSD/WBTC tricrypto,WETH,2026-06-10,4.61521151199276
OP Mainnet,0x4456d13fc6736e8e8330394c0c622103e06ea419,crvUSD/WBTC tricrypto,WETH,2026-06-11,4.604756942755049
OP Mainnet,0x4456d13fc6736e8e8330394c0c622103e06ea419,crvUSD/WBTC tricrypto,WETH,2026-06-12,4.633386549634505
OP Mainnet,0x4456d13fc6736e8e8330394c0c622103e06ea419,crvUSD/WBTC tricrypto,WETH,2026-06-13,4.60206874597366
OP Mainnet,0x4456d13fc6736e8e8330394c0c622103e06ea419,crvUSD/WBTC tricrypto,WETH,2026-06-14,4.535139314760764
OP Mainnet,0x4456d13fc6736e8e8330394c0c622103e06ea419,crvUSD/WBTC tricrypto,WETH,2026-06-15,4.519138782707061
OP Mainnet,0x4456d13fc6736e8e8330394c0c622103e06ea419,crvUSD/WBTC tricrypto,WETH,2026-06-16,4.446200214856139
OP Mainnet,0x4456d13fc6736e8e8330394c0c622103e06ea419,crvUSD/WBTC tricrypto,WETH,2026-06-17,4.52820196661752
OP Mainnet,0x4456d13fc6736e8e8330394c0c622103e06ea419,crvUSD/WBTC tricrypto,WETH,2026-06-18,4.560611626547546
OP Mainnet,0x4456d13fc6736e8e8330394c0c622103e06ea419,crvUSD/WBTC tricrypto,WETH,2026-06-19,4.482518267080939
OP Mainnet,0x4456d13fc6736e8e8330394c0c622103e06ea419,crvUSD/WBTC tricrypto,WETH,2026-06-20,4.492710110151571
OP Mainnet,0x4456d13fc6736e8e8330394c0c622103e06ea419,crvUSD/WBTC tricrypto,WETH,2026-06-21,4.488814718689002
OP Mainnet,0x4456d13fc6736e8e8330394c0c622103e06ea419,crvUSD/WBTC tricrypto,WETH,2026-06-22,4.544122998563626
OP Mainnet,0x4456d13fc6736e8e8330394c0c622103e06ea419,crvUSD/WBTC tricrypto,WETH,2026-06-23,4.612524731480247
OP Mainnet,0x4456d13fc6736e8e8330394c0c622103e06ea419,crvUSD/WBTC tricrypto,WETH,2026-06-24,4.577408614636056
OP Mainnet,0x4456d13fc6736e8e8330394c0c622103e06ea419,crvUSD/WBTC tricrypto,WETH,2026-06-25,4.733107693001267
OP Mainnet,0x4456d13fc6736e8e8330394c0c622103e06ea419,crvUSD/WBTC tricrypto,WETH,2026-06-26,4.6613198278784935
OP Mainnet,0x4456d13fc6736e8e8330394c0c622103e06ea419,crvUSD/WBTC tricrypto,WETH,2026-06-27,4.723235336465569
OP Mainnet,0x4456d13fc6736e8e8330394c0c622103e06ea419,crvUSD/WBTC tricrypto,WETH,2026-06-28,4.661982784707705
OP Mainnet,0x4456d13fc6736e8e8330394c0c622103e06ea419,crvUSD/WBTC tricrypto,WETH,2026-06-29,4.664261877690247
OP Mainnet,0x4456d13fc6736e8e8330394c0c622103e06ea419,crvUSD/WBTC tricrypto,WETH,2026-06-30,4.625456038915114
OP Mainnet,0x4456d13fc6736e8e8330394c0c622103e06ea419,crvUSD/WBTC tricrypto,WETH,2026-07-01,4.584036259255214
OP Mainnet,0x4456d13fc6736e8e8330394c0c622103e06ea419,crvUSD/WBTC tricrypto,WETH,2026-07-02,4.45336950327446
OP Mainnet,0x4456d13fc6736e8e8330394c0c622103e06ea419,crvUSD/WBTC tricrypto,WETH,2026-07-03,4.417034087792989
OP Mainnet,0x4456d13fc6736e8e8330394c0c622103e06ea419,crvUSD/WBTC tricrypto,WETH,2026-07-04,4.438609911722695
OP Mainnet,0x4456d13fc6736e8e8330394c0c622103e06ea419,crvUSD/WBTC tricrypto,WETH,2026-07-05,4.439335484527941
OP Mainnet,0x4456d13fc6736e8e8330394c0c622103e06ea419,crvUSD/WBTC tricrypto,WETH,2026-07-06,4.455114348753069
OP Mainnet,0x4456d13fc6736e8e8330394c0c622103e06ea419,crvUSD/WBTC tricrypto,WETH,2026-07-07,4.466196586681245
OP Mainnet,0x4456d13fc6736e8e8330394c0c622103e06ea419,crvUSD/WBTC tricrypto,WETH,2026-07-08,4.434401034239982
OP Mainnet,0x4456d13fc6736e8e8330394c0c622103e06ea419,crvUSD/WBTC tricrypto,WETH,2026-07-09,4.423499122356043
OP Mainnet,0x4456d13fc6736e8e8330394c0c622103e06ea419,crvUSD/WBTC tricrypto,WETH,2026-07-10,4.3854001545945485
OP Mainnet,0x4456d13fc6736e8e8330394c0c622103e06ea419,crvUSD/WBTC tricrypto,WETH,2026-07-11,4.359546624574638
OP Mainnet,0x4456d13fc6736e8e8330394c0c622103e06ea419,crvUSD/WBTC tricrypto,WETH,2026-07-12,4.427494838046229
OP Mainnet,0x4456d13fc6736e8e8330394c0c622103e06ea419,crvUSD/WBTC tricrypto,WETH,2026-07-13,4.3766681908874565
OP Mainnet,0x4456d13fc6736e8e8330394c0c622103e06ea419,crvUSD/WBTC tricrypto,WETH,2026-07-14,4.273020442323703
OP Mainnet,0x4456d13fc6736e8e8330394c0c622103e06ea419,crvUSD/WBTC tricrypto,WETH,2026-07-15,4.212071444611222
OP Mainnet,0x4456d13fc6736e8e8330394c0c622103e06ea419,crvUSD/WBTC tricrypto,WETH,2026-07-16,4.349082350810318
OP Mainnet,0x4456d13fc6736e8e8330394c0c622103e06ea419,crvUSD/WBTC tricrypto,WETH,2026-07-17,4.297415459031099
OP Mainnet,0x4456d13fc6736e8e8330394c0c622103e06ea419,crvUSD/WBTC tricrypto,WETH,2026-07-18,4.2888140713049125
OP Mainnet,0x4456d13fc6736e8e8330394c0c622103e06ea419,crvUSD/WBTC tricrypto,WETH,2026-07-19,4.3329824008447515
OP Mainnet,0x4456d13fc6736e8e8330394c0c622103e06ea419,crvUSD/WBTC tricrypto,WETH,2026-07-20,4.224706076164421
OP Mainnet,0x4456d13fc6736e8e8330394c0c622103e06ea419,crvUSD/WBTC tricrypto,WETH,2026-07-21,4.235343121500884
OP Mainnet,0x4456d13fc6736e8e8330394c0c622103e06ea419,crvUSD/WBTC tricrypto,WETH,2026-07-22,4.259716439104162
OP Mainnet,0x4456d13fc6736e8e8330394c0c622103e06ea419,crvUSD/WBTC tricrypto,WETH,2026-07-23,4.326029082120828
OP Mainnet,0x4456d13fc6736e8e8330394c0c622103e06ea419,crvUSD/WBTC tricrypto,WETH,2026-07-24,4.327021282906097
OP Mainnet,0x4456d13fc6736e8e8330394c0c622103e06ea419,crvUSD/WBTC tricrypto,WETH,2026-07-25,4.251516860718303
OP Mainnet,0x4456d13fc6736e8e8330394c0c622103e06ea419,crvUSD/WBTC tricrypto,WETH,2026-07-26,4.167513640344241
OP Mainnet,0x4456d13fc6736e8e8330394c0c622103e06ea419,crvUSD/WBTC tricrypto,WETH,2026-07-27,4.2870409426889395
OP Mainnet,0x4456d13fc6736e8e8330394c0c622103e06ea419,crvUSD/WBTC tricrypto,WETH,2026-07-28,4.20647958099375
OP Mainnet,0x4456d13fc6736e8e8330394c0c622103e06ea419,crvUSD/WBTC tricrypto,WETH,2026-07-29,4.267348959897454
OP Mainnet,0x4456d13fc6736e8e8330394c0c622103e06ea419,crvUSD/WBTC tricrypto,WETH,2026-07-30,4.248940870109679
OP Mainnet,0x4456d13fc6736e8e8330394c0c622103e06ea419,crvUSD/WBTC tricrypto,WETH,2026-07-31,4.2872395644071934
OP Mainnet,0x4456d13fc6736e8e8330394c0c622103e06ea419,crvUSD/WBTC tricrypto,WETH,2026-08-01,4.249997523775565
OP Mainnet,0x4456d13fc6736e8e8330394c0c622103e06ea419,crvUSD/WBTC tricrypto,WETH,2026-08-02,4.301025945276664
OP Mainnet,0x4456d13fc6736e8e8330394c0c622103e06ea419,crvUSD/WBTC tricrypto,WETH,2026-08-03,4.280734574565438
OP Mainnet,0x4456d13fc6736e8e8330394c0c622103e06ea419,crvUSD/WBTC tricrypto,WETH,2026-08-04,4.270065763599686
OP Mainnet,0x4456d13fc6736e8e8330394c0c622103e06ea419,crvUSD/WBTC tricrypto,WETH,2026-08-05,4.217104744306374
OP Mainnet,0x4456d13fc6736e8e8330394c0c622103e06ea419,crvUSD/WBTC tricrypto,WETH,2026-08-06,4.235228749947017
OP Mainnet,0x4456d13fc6736e8e8330394c0c622103e06ea419,crvUSD/WBTC tricrypto,WETH,2026-08-07,4.241950625748032
OP Mainnet,0x4456d13fc6736e8e8330394c0c622103e06ea419,crvUSD/WBTC tricrypto,WETH,2026-08-08,4.256154048011885
OP Mainnet,0x4456d13fc6736e8e8330394c0c622103e06ea419,crvUSD/WBTC tricrypto,WETH,2026-08-09,4.218938155519953
OP Mainnet,0x4456d13fc6736e8e8330394c0c622103e06ea419,crvUSD/WBTC tricrypto,WETH,2026-08-10,4.307010322407306
OP Mainnet,0x4456d13fc6736e8e8330394c0c622103e06ea419,crvUSD/WBTC tricrypto,WETH,2026-08-11,4.235843324312617
OP Mainnet,0x4456d13fc6736e8e8330394c0c622103e06ea419,crvUSD/WBTC tricrypto,WETH,2026-08-12,4.226613549899858
OP Mainnet,0x4456d13fc6736e8e8330394c0c622103e06ea419,crvUSD/WBTC tricrypto,WETH,2026-08-13,4.273104110359275
OP Mainnet,0x4456d13fc6736e8e8330394c0c622103e06ea419,crvUSD/WBTC tricrypto,WETH,2026-08-14,4.23500899711435
OP Mainnet,0x4456d13fc6736e8e8330394c0c622103e06ea419,crvUSD/WBTC tricrypto,WETH,2026-08-15,4.269624702761286
OP Mainnet,0x4456d13fc6736e8e8330394c0c622103e06ea419,crvUSD/WBTC tricrypto,WETH,2026-08-16,4.191865237439085
OP Mainnet,0x4456d13fc6736e8e8330394c0c622103e06ea419,crvUSD/WBTC tricrypto,WETH,2026-08-17,4.260058684799343
OP Mainnet,0x4456d13fc6736e8e8330394c0c622103e06ea419,crvUSD/WBTC tricrypto,WETH,2026-08-18,4.222172413379064
OP Mainnet,0x4456d13fc6736e8e8330394c0c622103e06ea419,crvUSD/WBTC tricrypto,WETH,2026-08-19,3.866267723244656
OP Mainnet,0x4456d13fc6736e8e8330394c0c622103e06ea419,crvUSD/WBTC tricrypto,WETH,2026-08-20,3.863085044782814
OP Mainnet,0x4456d13fc6736e8e8330394c0c622103e06ea419,crvUSD/WBTC tricrypto,WETH,2026-08-21,3.8346013474008562
OP Mainnet,0x4456d13fc6736e8e8330394c0c622103e06ea419,crvUSD/WBTC tricrypto,WETH,2026-08-22,3.8872149434690493
OP Mainnet,0x4456d13fc6736e8e8330394c0c622103e06ea419,crvUSD/WBTC tricrypto,WETH,2026-08-23,3.8074438895107385
OP Mainnet,0x4456d13fc6736e8e8330394c0c622103e06ea419,crvUSD/WBTC tricrypto,WETH,2026-08-24,3.803829864551658
OP Mainnet,0x4456d13fc6736e8e8330394c0c622103e06ea419,crvUSD/WBTC tricrypto,WETH,2026-08-25,3.8082669093014974
OP Mainnet,0x4456d13fc6736e8e8330394c0c622103e06ea419,crvUSD/WBTC tricrypto,WETH,2026-08-26,3.760010798251827
OP Mainnet,0x4456d13fc6736e8e8330394c0c622103e06ea419,crvUSD/WBTC tricrypto,WETH,2026-08-27,3.7813469293971154
OP Mainnet,0x4456d13fc6736e8e8330394c0c622103e06ea419,crvUSD/WBTC tricrypto,WETH,2026-08-28,3.848018701388841
OP Mainnet,0x4456d13fc6736e8e8330394c0c622103e06ea419,crvUSD/WBTC tricrypto,WETH,2026-08-29,3.8314439573382177
OP Mainnet,0x4456d13fc6736e8e8330394c0c622103e06ea419,crvUSD/WBTC tricrypto,WETH,2026-08-30,3.866141139379365
OP Mainnet,0x4456d13fc6736e8e8330394c0c622103e06ea419,crvUSD/WBTC tricrypto,WETH,2026-08-31,3.7953832530933598
OP Mainnet,0x4456d13fc6736e8e8330394c0c622103e06ea419,crvUSD/WBTC tricrypto,WETH,2026-09-01,3.8691548529618767
OP Mainnet,0x4456d13fc6736e8e8330394c0c622103e06ea419,crvUSD/WBTC tricrypto,WETH,2026-09-02,3.841886284348055
OP Mainnet,0x4456d13fc6736e8e8330394c0c622103e06ea419,crvUSD/WBTC tricrypto,WETH,2026-09-03,3.789739988464021
OP Mainnet,0x4456d13fc6736e8e8330394c0c622103e06ea419,crvUSD/WBTC tricrypto,WETH,2026-09-04,3.837988095902065
OP Mainnet,0x4456d13fc6736e8e8330394c0c622103e06ea419,crvUSD/WBTC tricrypto,WETH,2026-09-05,3.759771763887373
OP Mainnet,0x4456d13fc6736e8e8330394c0c622103e06ea419,crvUSD/WBTC tricrypto,WETH,2026-09-06,3.8032163833443717
OP Mainnet,0x4456d13fc6736e8e8330394c0c622103e06ea419,crvUSD/WBTC tricrypto,WETH,2026-09-07,3.8141565111137083
OP Mainnet,0x4456d13fc6736e8e8330394c0c622103e06ea419,crvUSD/WBTC tricrypto,WETH,2026-09-08,3.8101903268600354
OP Mainnet,0x4456d13fc6736e8e8330394c0c622103e06ea419,crvUSD/WBTC tricrypto,WETH,2026-09-09,3.7907268595543098
OP Mainnet,0x4456d13fc6736e8e8330394c0c622103e06ea419,crvUSD/WBTC tricrypto,WETH,2026-09-10,3.778154137536523
OP Mainnet,0x4456d13fc6736e8e8330394c0c622103e06ea419,crvUSD/WBTC tricrypto,WETH,2026-09-11,3.764634290390884
OP Mainnet,0x4456d13fc6736e8e8330394c0c622103e06ea419,crvUSD/WBTC tricrypto,WETH,2026-09-12,3.757503250501734
OP Mainnet,0x4456d13fc6736e8e8330394c0c622103e06ea419,crvUSD/WBTC tricrypto,WETH,2026-09-13,3.7412892818488803
OP Mainnet,0x4456d13fc6736e8e8330394c0c622103e06ea419,crvUSD/WBTC tricrypto,WETH,2026-09-14,3.787922928462034
OP Mainnet,0x4456d13fc6736e8e8330394c0c622103e06ea419,crvUSD/WBTC tricrypto,WETH,2026-09-15,3.8614291806012897
OP Mainnet,0xd8dd9a8b2aca88e68c46af9008259d0ec04b7751,crvUSD/OP tricrypto,CRV,2026-04-17,255825.28105148763
OP Mainnet,0xd8dd9a8b2aca88e68c46af9008259d0ec04b7751,crvUSD/OP tricrypto,CRV,2026-04-18,259338.02434871346
OP Mainnet,0xd8dd9a8b2aca88e68c46af9008259d0ec04b7751,crvUSD/OP tricrypto,CRV,2026-04-19,259221.19501919908
OP Mainnet,0xd8dd9a8b2aca88e68c46af9008259d0ec04b7751,crvUSD/OP tricrypto,CRV,2026-04-20,254269.5829108338
OP Mainnet,0xd8dd9a8b2aca88e68c46af9008259d0ec04b7751,crvUSD/OP tricrypto,CRV,2026-04-21,252891.5621211166
OP Mainnet,0xd8dd9a8b2aca88e68c46af9008259d0ec04b7751,crvUSD/OP tricrypto,CRV,2026-04-22,257014.82134670118
OP Mainnet,0xd8dd9a8b2aca88e68c46af9008259d0ec04b7751,crvUSD/OP tricrypto,CRV,2026-04-23,258774.70058444655
OP Mainnet,0xd8dd9a8b2aca88e68c46af9008259d0ec04b7751,crvUSD/OP tricrypto,CRV,2026-04-24,261291.4477776695
OP Mainnet,0xd8dd9a8b2aca88e68c46af9008259d0ec04b7751,crvUSD/OP tricrypto,CRV,2026-04-25,261298.5390251057
OP Mainnet,0xd8dd9a8b2aca88e68c46af9008259d0ec04b7751,crvUSD/OP tricrypto,CRV,2026-04-26,259769.0641201778
OP Mainnet,0xd8dd9a8b2aca88e68c46af9008259d0ec04b7751,crvUSD/OP tricrypto,CRV,2026-04-27,255569.03051796698
OP Mainnet,0xd8dd9a8b2aca88e68c46af9008259d0ec04b7751,crvUSD/OP tricrypto,CRV,2026-04-28,254978.92605262913
OP Mainnet,0xd8dd9a8b2aca88e68c46af9008259d0ec04b7751,crvUSD/OP tricrypto,CRV,2026-04-29,254866.7041136603
OP Mainnet,0xd8dd9a8b2aca88e68c46af9008259d0ec04b7751,crvUSD/OP tricrypto,CRV,2026-04-30,252306.68276871223
OP Mainnet,0xd8dd9a8b2aca88e68c46af9008259d0ec04b7751,crvUSD/OP tricrypto,CRV,2026-05-01,253268.1669223862
OP Mainnet,0xd8dd9a8b2aca88e68c46af9008259d0ec04b7751,crvUSD/OP tricrypto,CRV,2026-05-02,253627.63024509777
OP Mainnet,0xd8dd9a8b2aca88e68c46af9008259d0ec04b7751,crvUSD/OP tricrypto,CRV,2026-05-03,249247.0706697208
OP Mainnet,0xd8dd9a8b2aca88e68c46af9008259d0ec04b7751,crvUSD/OP tricrypto,CRV,2026-05-04,251995.06626586572
OP Mainnet,0xd8dd9a8b2aca88e68c46af9008259d0ec04b7751,crvUSD/OP tricrypto,CRV,2026-05-05,251379.8725617032
OP Mainnet,0xd8dd9a8b2aca88e68c46af9008259d0ec04b7751,crvUSD/OP tricrypto,CRV,2026-05-06,260036.47127529298
OP Mainnet,0xd8dd9a8b2aca88e68c46af9008259d0ec04b7751,crvUSD/OP tricrypto,CRV,2026-05-07,263485.5747579934
OP Mainnet,0xd8dd9a8b2aca88e68c46af9008259d0ec04b7751,crvUSD/OP tricrypto,CRV,2026-05-08,264319.1605108191
OP Mainnet,0xd8dd9a8b2aca88e68c46af9008259d0ec04b7751,crvUSD/OP tricrypto,CRV,2026-05-09,264157.9763247695
OP Mainnet,0xd8dd9a8b2aca88e68c46af9008259d0ec04b7751,crvUSD/OP tricrypto,CRV,2026-05-10,259100.79402266635
OP Mainnet,0xd8dd9a8b2aca88e68c46af9008259d0ec04b7751,crvUSD/OP tricrypto,CRV,2026-05-11,241269.55046122315
OP Mainnet,0xd8dd9a8b2aca88e68c46af9008259d0ec04b7751,crvUSD/OP tricrypto,CRV,2026-05-12,241396.9418397345
OP Mainnet,0xd8dd9a8b2aca88e68c46af9008259d0ec04b7751,crvUSD/OP tricrypto,CRV,2026-05-13,244530.10014457474
OP Mainnet,0xd8dd9a8b2aca88e68c46af9008259d0ec04b7751,crvUSD/OP tricrypto,CRV,2026-05-14,243627.5473034386
OP Mainnet,0xd8dd9a8b2aca88e68c46af9008259d0ec04b7751,crvUSD/OP tricrypto,CRV,2026-05-15,250197.34070732197
OP Mainnet,0xd8dd9a8b2aca88e68c46af9008259d0ec04b7751,crvUSD/OP tricrypto,CRV,2026-05-16,256225.4655262777
OP Mainnet,0xd8dd9a8b2aca88e68c46af9008259d0ec04b7751,crvUSD/OP tricrypto,CRV,2026-05-17,258562.81389762496
OP Mainnet,0xd8dd9a8b2aca88e68c46af9008259d0ec04b7751,crvUSD/OP tricrypto,CRV,2026-05-18,255567.8091631759
OP Mainnet,0xd8dd9a8b2aca88e68c46af9008259d0ec04b7751,crvUSD/OP tricrypto,CRV,2026-05-19,255233.49143743236
OP Mainnet,0xd8dd9a8b2aca88e68c46af9008259d0ec04b7751,crvUSD/OP tricrypto,CRV,2026-05-20,256517.8893531081
OP Mainnet,0xd8dd9a8b2aca88e68c46af9008259d0ec04b7751,crvUSD/OP tricrypto,CRV,2026-05-21,255644.60493194146
OP Mainnet,0xd8dd9a8b2aca88e68c46af9008259d0ec04b7751,crvUSD/OP tricrypto,CRV,2026-05-22,259783.99247463932
OP Mainnet,0xd8dd9a8b2aca88e68c46af9008259d0ec04b7751,crvUSD/OP tricrypto,CRV,2026-05-23,258217.70226816513
OP Mainnet,0xd8dd9a8b2aca88e68c46af9008259d0ec04b7751,crvUSD/OP tricrypto,CRV,2026-05-24,259868.20176803373
OP Mainnet,0xd8dd9a8b2aca88e68c46af9008259d0ec04b7751,crvUSD/OP tricrypto,CRV,2026-05-25,267739.55288747686
OP Mainnet,0xd8dd9a8b2aca88e68c46af9008259d0ec04b7751,crvUSD/OP tricrypto,CRV,2026-05-26,267619.21904326114
OP Mainnet,0xd8dd9a8b2aca88e68c46af9008259d0ec04b7751,crvUSD/OP tricrypto,CRV,2026-05-27,267287.5185530815
OP Mainnet,0xd8dd9a8b2aca88e68c46af9008259d0ec04b7751,crvUSD/OP tricrypto,CRV,2026-05-28,267350.88338922476
OP Mainnet,0xd8dd9a8b2aca88e68c46af9008259d0ec04b7751,crvUSD/OP tricrypto,CRV,2026-05-29,265627.1739149639
OP Mainnet,0xd8dd9a8b2aca88e68c46af9008259d0ec04b7751,crvUSD/OP tricrypto,CRV,2026-05-30,266451.9304560286
OP Mainnet,0xd8dd9a8b2aca88e68c46af9008259d0ec04b7751,crvUSD/OP tricrypto,CRV,2026-05-31,264301.925758244
OP Mainnet,0xd8dd9a8b2aca88e68c46af9008259d0ec04b7751,crvUSD/OP tricrypto,CRV,2026-06-01,270662.4506882512
OP Mainnet,0xd8dd9a8b2aca88e68c46af9008259d0ec04b7751,crvUSD/OP tricrypto,CRV,2026-06-02,276563.22175991785
OP Mainnet,0xd8dd9a8b2aca88e68c46af9008259d0ec04b7751,crvUSD/OP tricrypto,CRV,2026-06-03,274637.81141508004
OP Mainnet,0xd8dd9a8b2aca88e68c46af9008259d0ec04b7751,crvUSD/OP tricrypto,CRV,2026-06-04,281739.1716907585
OP Mainnet,0xd8dd9a8b2aca88e68c46af9008259d0ec04b7751,crvUSD/OP tricrypto,CRV,2026-06-05,277654.82016272255
OP Mainnet,0xd8dd9a8b2aca88e68c46af9008259d0ec04b7751,crvUSD/OP tricrypto,CRV,2026-06-06,266745.6237400962
OP Mainnet,0xd8dd9a8b2aca88e68c46af9008259d0ec04b7751,crvUSD/OP tricrypto,CRV,2026-06-07,260658.92352889362
OP Mainnet,0xd8dd9a8b2aca88e68c46af9008259d0ec04b7751,crvUSD/OP tricrypto,CRV,2026-06-08,259631.4252567722
OP Mainnet,0xd8dd9a8b2aca88e68c46af9008259d0ec04b7751,crvUSD/OP tricrypto,CRV,2026-06-09,249550.25200050825
OP Mainnet,0xd8dd9a8b2aca88e68c46af9008259d0ec04b7751,crvUSD/OP tricrypto,CRV,2026-06-10,222167.99839476217
OP Mainnet,0xd8dd9a8b2aca88e68c46af9008259d0ec04b7751,crvUSD/OP tricrypto,CRV,2026-06-11,218392.20988579333
OP Mainnet,0xd8dd9a8b2aca88e68c46af9008259d0ec04b7751,crvUSD/OP tricrypto,CRV,2026-06-12,232469.33685787948
OP Mainnet,0xd8dd9a8b2aca88e68c46af9008259d0ec04b7751,crvUSD/OP tricrypto,CRV,2026-06-13,236559.81245707883
OP Mainnet,0xd8dd9a8b2aca88e68c46af9008259d0ec04b7751,crvUSD/OP tricrypto,CRV,2026-06-14,234917.31206501977
OP Mainnet,0xd8dd9a8b2aca88e68c46af9008259d0ec04b7751,crvUSD/OP tricrypto,CRV,2026-06-15,227536.52179813333
OP Mainnet,0xd8dd9a8b2aca88e68c46af9008259d0ec04b7751,crvUSD/OP tricrypto,CRV,2026-06-16,231238.19722374692
OP Mainnet,0xd8dd9a8b2aca88e68c46af9008259d0ec04b7751,crvUSD/OP tricrypto,CRV,2026-06-17,242482.40711171096
OP Mainnet,0xd8dd9a8b2aca88e68c46af9008259d0ec04b7751,crvUSD/OP tricrypto,CRV,2026-06-18,244018.52785442636
OP Mainnet,0xd8dd9a8b2aca88e68c46af9008259d0ec04b7751,crvUSD/OP tricrypto,CRV,2026-06-19,248968.87840542052
OP Mainnet,0xd8dd9a8b2aca88e68c46af9008259d0ec04b7751,crvUSD/OP tricrypto,CRV,2026-06-20,247101.13524666705
OP Mainnet,0xd8dd9a8b2aca88e68c46af9008259d0ec04b7751,crvUSD/OP tricrypto,CRV,2026-06-21,251403.74501965457
OP Mainnet,0xd8dd9a8b2aca88e68c46af9008259d0ec04b7751,crvUSD/OP tricrypto,CRV,2026-06-22,247704.36115433904
OP Mainnet,0xd8dd9a8b2aca88e68c46af9008259d0ec04b7751,crvUSD/OP tricrypto,CRV,2026-06-23,259018.33150209734
OP Mainnet,0xd8dd9a8b2aca88e68c46af9008259d0ec04b7751,crvUSD/OP tricrypto,CRV,2026-06-24,266951.69529083505
OP Mainnet,0xd8dd9a8b2aca88e68c46af9008259d0ec04b7751,crvUSD/OP tricrypto,CRV,2026-06-25,266250.16110483895
OP Mainnet,0xd8dd9a8b2aca88e68c46af9008259d0ec04b7751,crvUSD/OP tricrypto,CRV,2026-06-26,265954.95531531895
OP Mainnet,0xd8dd9a8b2aca88e68c46af9008259d0ec04b7751,crvUSD/OP tricrypto,CRV,2026-06-27,264870.6399724216
OP Mainnet,0xd8dd9a8b2aca88e68c46af9008259d0ec04b7751,crvUSD/OP tricrypto,CRV,2026-06-28,265785.71865183534
OP Mainnet,0xd8dd9a8b2aca88e68c46af9008259d0ec04b7751,crvUSD/OP tricrypto,CRV,2026-06-29,263890.30194107234
OP Mainnet,0xd8dd9a8b2aca88e68c46af9008259d0ec04b7751,crvUSD/OP tricrypto,CRV,2026-06-30,263529.1315403461
OP Mainnet,0xd8dd9a8b2aca88e68c46af9008259d0ec04b7751,crvUSD/OP tricrypto,CRV,2026-07-01,252313.71764927774
OP Mainnet,0xd8dd9a8b2aca88e68c46af9008259d0ec04b7751,crvUSD/OP tricrypto,CRV,2026-07-02,251621.46178263664
OP Mainnet,0xd8dd9a8b2aca88e68c46af9008259d0ec04b7751,crvUSD/OP tricrypto,CRV,2026-07-03,257667.9361973927
OP Mainnet,0xd8dd9a8b2aca88e68c46af9008259d0ec04b7751,crvUSD/OP tricrypto,CRV,2026-07-04,254520.83002000896
OP Mainnet,0xd8dd9a8b2aca88e68c46af9008259d0ec04b7751,crvUSD/OP tricrypto,CRV,2026-07-05,252886.61211944793
OP Mainnet,0xd8dd9a8b2aca88e68c46af9008259d0ec04b7751,crvUSD/OP tricrypto,CRV,2026-07-06,254204.39074977906
OP Mainnet,0xd8dd9a8b2aca88e68c46af9008259d0ec04b7751,crvUSD/OP tricrypto,CRV,2026-07-07,249645.23207611032
OP Mainnet,0xd8dd9a8b2aca88e68c46af9008259d0ec04b7751,crvUSD/OP tricrypto,CRV,2026-07-08,255053.30718908977
OP Mainnet,0xd8dd9a8b2aca88e68c46af9008259d0ec04b7751,crvUSD/OP tricrypto,CRV,2026-07-09,257000.04722966536
OP Mainnet,0xd8dd9a8b2aca88e68c46af9008259d0ec04b7751,crvUSD/OP tricrypto,CRV,2026-07-10,255337.96881517078
OP Mainnet,0xd8dd9a8b2aca88e68c46af9008259d0ec04b7751,crvUSD/OP tricrypto,CRV,2026-07-11,252645.83149414562
OP Mainnet,0xd8dd9a8b2aca88e68c46af9008259d0ec04b7751,crvUSD/OP tricrypto,CRV,2026-07-12,254456.92895992938
OP Mainnet,0xd8dd9a8b2aca88e68c46af9008259d0ec04b7751,crvUSD/OP tricrypto,CRV,2026-07-13,237688.63565403555
OP Mainnet,0xd8dd9a8b2aca88e68c46af9008259d0ec04b7751,crvUSD/OP tricrypto,CRV,2026-07-14,239933.71658886547
OP Mainnet,0xd8dd9a8b2aca88e68c46af9008259d0ec04b7751,crvUSD/OP tricrypto,CRV,2026-07-15,245111.11648179695
OP Mainnet,0xd8dd9a8b2aca88e68c46af9008259d0ec04b7751,crvUSD/OP tricrypto,CRV,2026-07-16,246303.7513110015
OP Mainnet,0xd8dd9a8b2aca88e68c46af9008259d0ec04b7751,crvUSD/OP tricrypto,CRV,2026-07-17,243094.6484470694
OP Mainnet,0xd8dd9a8b2aca88e68c46af9008259d0ec04b7751,crvUSD/OP tricrypto,CRV,2026-07-18,241175.81168606103
OP Mainnet,0xd8dd9a8b2aca88e68c46af9008259d0ec04b7751,crvUSD/OP tricrypto,CRV,2026-07-19,244721.4147289827
OP Mainnet,0xd8dd9a8b2aca88e68c46af9008259d0ec04b7751,crvUSD/OP tricrypto,CRV,2026-07-20,240639.3998481512
OP Mainnet,0xd8dd9a8b2aca88e68c46af9008259d0ec04b7751,crvUSD/OP tricrypto,CRV,2026-07-21,243098.21396350118
OP Mainnet,0xd8dd9a8b2aca88e68c46af9008259d0ec04b7751,crvUSD/OP tricrypto,CRV,2026-07-22,244011.16242222526
OP Mainnet,0xd8dd9a8b2aca88e68c46af9008259d0ec04b7751,crvUSD/OP tricrypto,CRV,2026-07-23,245426.5631163023
OP Mainnet,0xd8dd9a8b2aca88e68c46af9008259d0ec04b7751,crvUSD/OP tricrypto,CRV,2026-07-24,247007.45654946132
OP Mainnet,0xd8dd9a8b2aca88e68c46af9008259d0ec04b7751,crvUSD/OP tricrypto,CRV,2026-07-25,248208.36188737315
OP Mainnet,0xd8dd9a8b2aca88e68c46af9008259d0ec04b7751,crvUSD/OP tricrypto,CRV,2026-07-26,243842.81041603038
OP Mainnet,0xd8dd9a8b2aca88e68c46af9008259d0ec04b7751,crvUSD/OP tricrypto,CRV,2026-07-27,234613.12436763057
OP Mainnet,0xd8dd9a8b2aca88e68c46af9008259d0ec04b7751,crvUSD/OP tricrypto,CRV,2026-07-28,237428.5020029354
OP Mainnet,0xd8dd9a8b2aca88e68c46af9008259d0ec04b7751,crvUSD/OP tricrypto,CRV,2026-07-29,240088.19898026268
OP Mainnet,0xd8dd9a8b2aca88e68c46af9008259d0ec04b7751,crvUSD/OP tricrypto,CRV,2026-07-30,238064.86210604623
OP Mainnet,0xd8dd9a8b2aca88e68c46af9008259d0ec04b7751,crvUSD/OP tricrypto,CRV,2026-07-31,237630.30911419544
OP Mainnet,0xd8dd9a8b2aca88e68c46af9008259d0ec04b7751,crvUSD/OP tricrypto,CRV,2026-08-01,238586.65282328482
OP Mainnet,0xd8dd9a8b2aca88e68c46af9008259d0ec04b7751,crvUSD/OP tricrypto,CRV,2026-08-02,242829.52604533767
OP Mainnet,0xd8dd9a8b2aca88e68c46af9008259d0ec04b7751,crvUSD/OP tricrypto,CRV,2026-08-03,241069.91780026365
OP Mainnet,0xd8dd9a8b2aca88e68c46af9008259d0ec04b7751,crvUSD/OP tricrypto,CRV,2026-08-04,240355.2102279005
OP Mainnet,0xd8dd9a8b2aca88e68c46af9008259d0ec04b7751,crvUSD/OP tricrypto,CRV,2026-08-05,239147.14330916523
OP Mainnet,0xd8dd9a8b2aca88e68c46af9008259d0ec04b7751,crvUSD/OP tricrypto,CRV,2026-08-06,233341.59775564523
OP Mainnet,0xd8dd9a8b2aca88e68c46af9008259d0ec04b7751,crvUSD/OP tricrypto,CRV,2026-08-07,229272.71743666602
OP Mainnet,0xd8dd9a8b2aca88e68c46af9008259d0ec04b7751,crvUSD/OP tricrypto,CRV,2026-08-08,225664.07214844262
OP Mainnet,0xd8dd9a8b2aca88e68c46af9008259d0ec04b7751,crvUSD/OP tricrypto,CRV,2026-08-09,218963.04738546003
OP Mainnet,0xd8dd9a8b2aca88e68c46af9008259d0ec04b7751,crvUSD/OP tricrypto,CRV,2026-08-10,205659.20232480043
OP Mainnet,0xd8dd9a8b2aca88e68c46af9008259d0ec04b7751,crvUSD/OP tricrypto,CRV,2026-08-11,199917.616888835
OP Mainnet,0xd8dd9a8b2aca88e68c46af9008259d0ec04b7751,crvUSD/OP tricrypto,CRV,2026-08-12,207305.10686593511
OP Mainnet,0xd8dd9a8b2aca88e68c46af9008259d0ec04b7751,crvUSD/OP tricrypto,CRV,2026-08-13,209882.15220309547
OP Mainnet,0xd8dd9a8b2aca88e68c46af9008259d0ec04b7751,crvUSD/OP tricrypto,CRV,2026-08-14,215443.16634091354
OP Mainnet,0xd8dd9a8b2aca88e68c46af9008259d0ec04b7751,crvUSD/OP tricrypto,CRV,2026-08-15,214333.3432002181
OP Mainnet,0xd8dd9a8b2aca88e68c46af9008259d0ec04b7751,crvUSD/OP tricrypto,CRV,2026-08-16,209643.11867778611
OP Mainnet,0xd8dd9a8b2aca88e68c46af9008259d0ec04b7751,crvUSD/OP tricrypto,CRV,2026-08-17,208358.3810511671
OP Mainnet,0xd8dd9a8b2aca88e68c46af9008259d0ec04b7751,crvUSD/OP tricrypto,CRV,2026-08-18,213855.8229481376
OP Mainnet,0xd8dd9a8b2aca88e68c46af9008259d0ec04b7751,crvUSD/OP tricrypto,CRV,2026-08-19,203194.73670628926
OP Mainnet,0xd8dd9a8b2aca88e68c46af9008259d0ec04b7751,crvUSD/OP tricrypto,CRV,2026-08-20,190084.60041924493
OP Mainnet,0xd8dd9a8b2aca88e68c46af9008259d0ec04b7751,crvUSD/OP tricrypto,CRV,2026-08-21,191919.53484895255
OP Mainnet,0xd8dd9a8b2aca88e68c46af9008259d0ec04b7751,crvUSD/OP tricrypto,CRV,2026-08-22,203959.2090711644
OP Mainnet,0xd8dd9a8b2aca88e68c46af9008259d0ec04b7751,crvUSD/OP tricrypto,CRV,2026-08-23,202951.18203612498
OP Mainnet,0xd8dd9a8b2aca88e68c46af9008259d0ec04b7751,crvUSD/OP tricrypto,CRV,2026-08-24,197846.877287946
OP Mainnet,0xd8dd9a8b2aca88e68c46af9008259d0ec04b7751,crvUSD/OP tricrypto,CRV,2026-08-25,200982.48655034168
OP Mainnet,0xd8dd9a8b2aca88e68c46af9008259d0ec04b7751,crvUSD/OP tricrypto,CRV,2026-08-26,194684.97822854266
OP Mainnet,0xd8dd9a8b2aca88e68c46af9008259d0ec04b7751,crvUSD/OP tricrypto,CRV,2026-08-27,194980.7477265217
OP Mainnet,0xd8dd9a8b2aca88e68c46af9008259d0ec04b7751,crvUSD/OP tricrypto,CRV,2026-08-28,197714.53306024475
OP Mainnet,0xd8dd9a8b2aca88e68c46af9008259d0ec04b7751,crvUSD/OP tricrypto,CRV,2026-08-29,200714.37081448582
OP Mainnet,0xd8dd9a8b2aca88e68c46af9008259d0ec04b7751,crvUSD/OP tricrypto,CRV,2026-08-30,197754.22503516485
OP Mainnet,0xd8dd9a8b2aca88e68c46af9008259d0ec04b7751,crvUSD/OP tricrypto,CRV,2026-08-31,182939.75162423548
OP Mainnet,0xd8dd9a8b2aca88e68c46af9008259d0ec04b7751,crvUSD/OP tricrypto,CRV,2026-09-01,175360.71263366734
OP Mainnet,0xd8dd9a8b2aca88e68c46af9008259d0ec04b7751,crvUSD/OP tricrypto,CRV,2026-09-02,183062.34268827233
OP Mainnet,0xd8dd9a8b2aca88e68c46af9008259d0ec04b7751,crvUSD/OP tricrypto,CRV,2026-09-03,179928.42888288086
OP Mainnet,0xd8dd9a8b2aca88e68c46af9008259d0ec04b7751,crvUSD/OP tricrypto,CRV,2026-09-04,185911.27492457753
OP Mainnet,0xd8dd9a8b2aca88e68c46af9008259d0ec04b7751,crvUSD/OP tricrypto,CRV,2026-09-05,183986.82544857298
OP Mainnet,0xd8dd9a8b2aca88e68c46af9008259d0ec04b7751,crvUSD/OP tricrypto,CRV,2026-09-06,183740.7915313054
OP Mainnet,0xd8dd9a8b2aca88e68c46af9008259d0ec04b7751,crvUSD/OP tricrypto,CRV,2026-09-07,190664.8649564608
OP Mainnet,0xd8dd9a8b2aca88e68c46af9008259d0ec04b7751,crvUSD/OP tricrypto,CRV,2026-09-08,185997.664447394
OP Mainnet,0xd8dd9a8b2aca88e68c46af9008259d0ec04b7751,crvUSD/OP tricrypto,CRV,2026-09-09,191246.53117008932
OP Mainnet,0xd8dd9a8b2aca88e68c46af9008259d0ec04b7751,crvUSD/OP tricrypto,CRV,2026-09-10,187675.95286703645
OP Mainnet,0xd8dd9a8b2aca88e68c46af9008259d0ec04b7751,crvUSD/OP tricrypto,CRV,2026-09-11,191773.75219242956
OP Mainnet,0xd8dd9a8b2aca88e68c46af9008259d0ec04b7751,crvUSD/OP tricrypto,CRV,2026-09-12,190317.49495375788
OP Mainnet,0xd8dd9a8b2aca88e68c46af9008259d0ec04b7751,crvUSD/OP tricrypto,CRV,2026-09-13,183580.15666224764
OP Mainnet,0xd8dd9a8b2aca88e68c46af9008259d0ec04b7751,crvUSD/OP tricrypto,CRV,2026-09-14,188538.56442420583
OP Mainnet,0xd8dd9a8b2aca88e68c46af9008259d0ec04b7751,crvUSD/OP tricrypto,CRV,2026-09-15,198700.81994967538
OP Mainnet,0xd8dd9a8b2aca88e68c46af9008259d0ec04b7751,crvUSD/OP tricrypto,CRVUSD,2026-04-17,61333.56633462468
OP Mainnet,0xd8dd9a8b2aca88e68c46af9008259d0ec04b7751,crvUSD/OP tricrypto,CRVUSD,2026-04-18,58550.78866204605
OP Mainnet,0xd8dd9a8b2aca88e68c46af9008259d0ec04b7751,crvUSD/OP tricrypto,CRVUSD,2026-04-19,58146.52137119935
OP Mainnet,0xd8dd9a8b2aca88e68c46af9008259d0ec04b7751,crvUSD/OP tricrypto,CRVUSD,2026-04-20,59404.572018591556
OP Mainnet,0xd8dd9a8b2aca88e68c46af9008259d0ec04b7751,crvUSD/OP tricrypto,CRVUSD,2026-04-21,60364.83479038298
OP Mainnet,0xd8dd9a8b2aca88e68c46af9008259d0ec04b7751,crvUSD/OP tricrypto,CRVUSD,2026-04-22,57860.91201640134
OP Mainnet,0xd8dd9a8b2aca88e68c46af9008259d0ec04b7751,crvUSD/OP tricrypto,CRVUSD,2026-04-23,58255.22385806401
OP Mainnet,0xd8dd9a8b2aca88e68c46af9008259d0ec04b7751,crvUSD/OP tricrypto,CRVUSD,2026-04-24,59847.5050610882
OP Mainnet,0xd8dd9a8b2aca88e68c46af9008259d0ec04b7751,crvUSD/OP tricrypto,CRVUSD,2026-04-25,59007.97139261891
OP Mainnet,0xd8dd9a8b2aca88e68c46af9008259d0ec04b7751,crvUSD/OP tricrypto,CRVUSD,2026-04-26,58955.72752996271
OP Mainnet,0xd8dd9a8b2aca88e68c46af9008259d0ec04b7751,crvUSD/OP tricrypto,CRVUSD,2026-04-27,58924.847239532486
OP Mainnet,0xd8dd9a8b2aca88e68c46af9008259d0ec04b7751,crvUSD/OP tricrypto,CRVUSD,2026-04-28,59385.647191345844
OP Mainnet,0xd8dd9a8b2aca88e68c46af9008259d0ec04b7751,crvUSD/OP tricrypto,CRVUSD,2026-04-29,58178.72352196336
OP Mainnet,0xd8dd9a8b2aca88e68c46af9008259d0ec04b7751,crvUSD/OP tricrypto,CRVUSD,2026-04-30,59157.15538599155
OP Mainnet,0xd8dd9a8b2aca88e68c46af9008259d0ec04b7751,crvUSD/OP tricrypto,CRVUSD,2026-05-01,58570.55078844782
OP Mainnet,0xd8dd9a8b2aca88e68c46af9008259d0ec04b7751,crvUSD/OP tricrypto,CRVUSD,2026-05-02,59188.633154331605
OP Mainnet,0xd8dd9a8b2aca88e68c46af9008259d0ec04b7751,crvUSD/OP tricrypto,CRVUSD,2026-05-03,60783.0279142375
OP Mainnet,0xd8dd9a8b2aca88e68c46af9008259d0ec04b7751,crvUSD/OP tricrypto,CRVUSD,2026-05-04,60520.629305567214
OP Mainnet,0xd8dd9a8b2aca88e68c46af9008259d0ec04b7751,crvUSD/OP tricrypto,CRVUSD,2026-05-05,61705.755020845325
OP Mainnet,0xd8dd9a8b2aca88e68c46af9008259d0ec04b7751,crvUSD/OP tricrypto,CRVUSD,2026-05-06,64556.134954803885
OP Mainnet,0xd8dd9a8b2aca88e68c46af9008259d0ec04b7751,crvUSD/OP tricrypto,CRVUSD,2026-05-07,63534.52590921943
OP Mainnet,0xd8dd9a8b2aca88e68c46af9008259d0ec04b7751,crvUSD/OP tricrypto,CRVUSD,2026-05-08,68038.38457898301
OP Mainnet,0xd8dd9a8b2aca88e68c46af9008259d0ec04b7751,crvUSD/OP tricrypto,CRVUSD,2026-05-09,66672.74278438959
OP Mainnet,0xd8dd9a8b2aca88e68c46af9008259d0ec04b7751,crvUSD/OP tricrypto,CRVUSD,2026-05-10,66755.46719171002
OP Mainnet,0xd8dd9a8b2aca88e68c46af9008259d0ec04b7751,crvUSD/OP tricrypto,CRVUSD,2026-05-11,68416.62026131056
OP Mainnet,0xd8dd9a8b2aca88e68c46af9008259d0ec04b7751,crvUSD/OP tricrypto,CRVUSD,2026-05-12,68085.01439861607
OP Mainnet,0xd8dd9a8b2aca88e68c46af9008259d0ec04b7751,crvUSD/OP tricrypto,CRVUSD,2026-05-13,65867.09731443915
OP Mainnet,0xd8dd9a8b2aca88e68c46af9008259d0ec04b7751,crvUSD/OP tricrypto,CRVUSD,2026-05-14,64363.77450351946
OP Mainnet,0xd8dd9a8b2aca88e68c46af9008259d0ec04b7751,crvUSD/OP tricrypto,CRVUSD,2026-05-15,62517.11499394899
OP Mainnet,0xd8dd9a8b2aca88e68c46af9008259d0ec04b7751,crvUSD/OP tricrypto,CRVUSD,2026-05-16,61279.01266546924
OP Mainnet,0xd8dd9a8b2aca88e68c46af9008259d0ec04b7751,crvUSD/OP tricrypto,CRVUSD,2026-05-17,59680.68026916627
OP Mainnet,0xd8dd9a8b2aca88e68c46af9008259d0ec04b7751,crvUSD/OP tricrypto,CRVUSD,2026-05-18,60479.81687132636
OP Mainnet,0xd8dd9a8b2aca88e68c46af9008259d0ec04b7751,crvUSD/OP tricrypto,CRVUSD,2026-05-19,60209.55607426139
OP Mainnet,0xd8dd9a8b2aca88e68c46af9008259d0ec04b7751,crvUSD/OP tricrypto,CRVUSD,2026-05-20,60326.917488070496
OP Mainnet,0xd8dd9a8b2aca88e68c46af9008259d0ec04b7751,crvUSD/OP tricrypto,CRVUSD,2026-05-21,61470.25481321646
OP Mainnet,0xd8dd9a8b2aca88e68c46af9008259d0ec04b7751,crvUSD/OP tricrypto,CRVUSD,2026-05-22,59292.65019043887
OP Mainnet,0xd8dd9a8b2aca88e68c46af9008259d0ec04b7751,crvUSD/OP tricrypto,CRVUSD,2026-05-23,59903.98691135096
OP Mainnet,0xd8dd9a8b2aca88e68c46af9008259d0ec04b7751,crvUSD/OP tricrypto,CRVUSD,2026-05-24,59652.51034161221
OP Mainnet,0xd8dd9a8b2aca88e68c46af9008259d0ec04b7751,crvUSD/OP tricrypto,CRVUSD,2026-05-25,59407.46057785459
OP Mainnet,0xd8dd9a8b2aca88e68c46af9008259d0ec04b7751,crvUSD/OP tricrypto,CRVUSD,2026-05-26,58877.53519316577
OP Mainnet,0xd8dd9a8b2aca88e68c46af9008259d0ec04b7751,crvUSD/OP tricrypto,CRVUSD,2026-05-27,56232.26027754765
OP Mainnet,0xd8dd9a8b2aca88e68c46af9008259d0ec04b7751,crvUSD/OP tricrypto,CRVUSD,2026-05-28,56725.579593356175
OP Mainnet,0xd8dd9a8b2aca88e68c46af9008259d0ec04b7751,crvUSD/OP tricrypto,CRVUSD,2026-05-29,57590.009482762296
OP Mainnet,0xd8dd9a8b2aca88e68c46af9008259d0ec04b7751,crvUSD/OP tricrypto,CRVUSD,2026-05-30,57258.04830673298
OP Mainnet,0xd8dd9a8b2aca88e68c46af9008259d0ec04b7751,crvUSD/OP tricrypto,CRVUSD,2026-05-31,56788.37171364671
OP Mainnet,0xd8dd9a8b2aca88e68c46af9008259d0ec04b7751,crvUSD/OP tricrypto,CRVUSD,2026-06-01,57124.713538158845
OP Mainnet,0xd8dd9a8b2aca88e68c46af9008259d0ec04b7751,crvUSD/OP tricrypto,CRVUSD,2026-06-02,56998.63350620016
OP Mainnet,0xd8dd9a8b2aca88e68c46af9008259d0ec04b7751,crvUSD/OP tricrypto,CRVUSD,2026-06-03,54159.78494100425
OP Mainnet,0xd8dd9a8b2aca88e68c46af9008259d0ec04b7751,crvUSD/OP tricrypto,CRVUSD,2026-06-04,52362.546719144906
OP Mainnet,0xd8dd9a8b2aca88e68c46af9008259d0ec04b7751,crvUSD/OP tricrypto,CRVUSD,2026-06-05,49976.128822048355
OP Mainnet,0xd8dd9a8b2aca88e68c46af9008259d0ec04b7751,crvUSD/OP tricrypto,CRVUSD,2026-06-06,50722.02690747871
OP Mainnet,0xd8dd9a8b2aca88e68c46af9008259d0ec04b7751,crvUSD/OP tricrypto,CRVUSD,2026-06-07,51616.610774375
OP Mainnet,0xd8dd9a8b2aca88e68c46af9008259d0ec04b7751,crvUSD/OP tricrypto,CRVUSD,2026-06-08,51895.08734580054
OP Mainnet,0xd8dd9a8b2aca88e68c46af9008259d0ec04b7751,crvUSD/OP tricrypto,CRVUSD,2026-06-09,50961.04036515722
OP Mainnet,0xd8dd9a8b2aca88e68c46af9008259d0ec04b7751,crvUSD/OP tricrypto,CRVUSD,2026-06-10,53677.33750916753
OP Mainnet,0xd8dd9a8b2aca88e68c46af9008259d0ec04b7751,crvUSD/OP tricrypto,CRVUSD,2026-06-11,54951.69196237457
OP Mainnet,0xd8dd9a8b2aca88e68c46af9008259d0ec04b7751,crvUSD/OP tricrypto,CRVUSD,2026-06-12,54880.259902722784
OP Mainnet,0xd8dd9a8b2aca88e68c46af9008259d0ec04b7751,crvUSD/OP tricrypto,CRVUSD,2026-06-13,55266.87441452587
OP Mainnet,0xd8dd9a8b2aca88e68c46af9008259d0ec04b7751,crvUSD/OP tricrypto,CRVUSD,2026-06-14,56550.59083299338
OP Mainnet,0xd8dd9a8b2aca88e68c46af9008259d0ec04b7751,crvUSD/OP tricrypto,CRVUSD,2026-06-15,56406.480065298325
OP Mainnet,0xd8dd9a8b2aca88e68c46af9008259d0ec04b7751,crvUSD/OP tricrypto,CRVUSD,2026-06-16,56410.54081490894
OP Mainnet,0xd8dd9a8b2aca88e68c46af9008259d0ec04b7751,crvUSD/OP tricrypto,CRVUSD,2026-06-17,53841.81400771088
OP Mainnet,0xd8dd9a8b2aca88e68c46af9008259d0ec04b7751,crvUSD/OP tricrypto,CRVUSD,2026-06-18,52979.610214230466
OP Mainnet,0xd8dd9a8b2aca88e68c46af9008259d0ec04b7751,crvUSD/OP tricrypto,CRVUSD,2026-06-19,53320.263311771916
OP Mainnet,0xd8dd9a8b2aca88e68c46af9008259d0ec04b7751,crvUSD/OP tricrypto,CRVUSD,2026-06-20,53058.78674396254
OP Mainnet,0xd8dd9a8b2aca88e68c46af9008259d0ec04b7751,crvUSD/OP tricrypto,CRVUSD,2026-06-21,52240.78312910269
OP Mainnet,0xd8dd9a8b2aca88e68c46af9008259d0ec04b7751,crvUSD/OP tricrypto,CRVUSD,2026-06-22,52332.41881844145
OP Mainnet,0xd8dd9a8b2aca88e68c46af9008259d0ec04b7751,crvUSD/OP tricrypto,CRVUSD,2026-06-23,51554.281099478685
OP Mainnet,0xd8dd9a8b2aca88e68c46af9008259d0ec04b7751,crvUSD/OP tricrypto,CRVUSD,2026-06-24,52242.09608969681
OP Mainnet,0xd8dd9a8b2aca88e68c46af9008259d0ec04b7751,crvUSD/OP tricrypto,CRVUSD,2026-06-25,51330.212199509035
OP Mainnet,0xd8dd9a8b2aca88e68c46af9008259d0ec04b7751,crvUSD/OP tricrypto,CRVUSD,2026-06-26,51546.48473627663
OP Mainnet,0xd8dd9a8b2aca88e68c46af9008259d0ec04b7751,crvUSD/OP tricrypto,CRVUSD,2026-06-27,50742.25292399823
OP Mainnet,0xd8dd9a8b2aca88e68c46af9008259d0ec04b7751,crvUSD/OP tricrypto,CRVUSD,2026-06-28,50789.307596655206
OP Mainnet,0xd8dd9a8b2aca88e68c46af9008259d0ec04b7751,crvUSD/OP tricrypto,CRVUSD,2026-06-29,50212.24423664641
OP Mainnet,0xd8dd9a8b2aca88e68c46af9008259d0ec04b7751,crvUSD/OP tricrypto,CRVUSD,2026-06-30,49748.72858020348
OP Mainnet,0xd8dd9a8b2aca88e68c46af9008259d0ec04b7751,crvUSD/OP tricrypto,CRVUSD,2026-07-01,50835.17259034395
OP Mainnet,0xd8dd9a8b2aca88e68c46af9008259d0ec04b7751,crvUSD/OP tricrypto,CRVUSD,2026-07-02,52020.05495702692
OP Mainnet,0xd8dd9a8b2aca88e68c46af9008259d0ec04b7751,crvUSD/OP tricrypto,CRVUSD,2026-07-03,53104.734166603695
OP Mainnet,0xd8dd9a8b2aca88e68c46af9008259d0ec04b7751,crvUSD/OP tricrypto,CRVUSD,2026-07-04,53150.064824119356
OP Mainnet,0xd8dd9a8b2aca88e68c46af9008259d0ec04b7751,crvUSD/OP tricrypto,CRVUSD,2026-07-05,53370.03515669852
OP Mainnet,0xd8dd9a8b2aca88e68c46af9008259d0ec04b7751,crvUSD/OP tricrypto,CRVUSD,2026-07-06,53234.833381166514
OP Mainnet,0xd8dd9a8b2aca88e68c46af9008259d0ec04b7751,crvUSD/OP tricrypto,CRVUSD,2026-07-07,51999.54516870982
OP Mainnet,0xd8dd9a8b2aca88e68c46af9008259d0ec04b7751,crvUSD/OP tricrypto,CRVUSD,2026-07-08,52017.07704569184
OP Mainnet,0xd8dd9a8b2aca88e68c46af9008259d0ec04b7751,crvUSD/OP tricrypto,CRVUSD,2026-07-09,52996.08817443894
OP Mainnet,0xd8dd9a8b2aca88e68c46af9008259d0ec04b7751,crvUSD/OP tricrypto,CRVUSD,2026-07-10,52687.319962773865
OP Mainnet,0xd8dd9a8b2aca88e68c46af9008259d0ec04b7751,crvUSD/OP tricrypto,CRVUSD,2026-07-11,52123.926692785084
OP Mainnet,0xd8dd9a8b2aca88e68c46af9008259d0ec04b7751,crvUSD/OP tricrypto,CRVUSD,2026-07-12,51663.21819388681
OP Mainnet,0xd8dd9a8b2aca88e68c46af9008259d0ec04b7751,crvUSD/OP tricrypto,CRVUSD,2026-07-13,53567.75349148507
OP Mainnet,0xd8dd9a8b2aca88e68c46af9008259d0ec04b7751,crvUSD/OP tricrypto,CRVUSD,2026-07-14,53639.56038228645
OP Mainnet,0xd8dd9a8b2aca88e68c46af9008259d0ec04b7751,crvUSD/OP tricrypto,CRVUSD,2026-07-15,53157.410795167314
OP Mainnet,0xd8dd9a8b2aca88e68c46af9008259d0ec04b7751,crvUSD/OP tricrypto,CRVUSD,2026-07-16,51475.55028097283
OP Mainnet,0xd8dd9a8b2aca88e68c46af9008259d0ec04b7751,crvUSD/OP tricrypto,CRVUSD,2026-07-17,51597.476167715584
OP Mainnet,0xd8dd9a8b2aca88e68c46af9008259d0ec04b7751,crvUSD/OP tricrypto,CRVUSD,2026-07-18,51696.606206591154
OP Mainnet,0xd8dd9a8b2aca88e68c46af9008259d0ec04b7751,crvUSD/OP tricrypto,CRVUSD,2026-07-19,50648.35932021022
OP Mainnet,0xd8dd9a8b2aca88e68c46af9008259d0ec04b7751,crvUSD/OP tricrypto,CRVUSD,2026-07-20,52194.36772631726
OP Mainnet,0xd8dd9a8b2aca88e68c46af9008259d0ec04b7751,crvUSD/OP tricrypto,CRVUSD,2026-07-21,51834.82964760801
OP Mainnet,0xd8dd9a8b2aca88e68c46af9008259d0ec04b7751,crvUSD/OP tricrypto,CRVUSD,2026-07-22,51626.93538069654
OP Mainnet,0xd8dd9a8b2aca88e68c46af9008259d0ec04b7751,crvUSD/OP tricrypto,CRVUSD,2026-07-23,51001.69496842267
OP Mainnet,0xd8dd9a8b2aca88e68c46af9008259d0ec04b7751,crvUSD/OP tricrypto,CRVUSD,2026-07-24,50061.97995276775
OP Mainnet,0xd8dd9a8b2aca88e68c46af9008259d0ec04b7751,crvUSD/OP tricrypto,CRVUSD,2026-07-25,50427.287081612834
OP Mainnet,0xd8dd9a8b2aca88e68c46af9008259d0ec04b7751,crvUSD/OP tricrypto,CRVUSD,2026-07-26,51355.92800900314
OP Mainnet,0xd8dd9a8b2aca88e68c46af9008259d0ec04b7751,crvUSD/OP tricrypto,CRVUSD,2026-07-27,50262.67929103635
OP Mainnet,0xd8dd9a8b2aca88e68c46af9008259d0ec04b7751,crvUSD/OP tricrypto,CRVUSD,2026-07-28,49975.24749988324
OP Mainnet,0xd8dd9a8b2aca88e68c46af9008259d0ec04b7751,crvUSD/OP tricrypto,CRVUSD,2026-07-29,50445.23276684173
OP Mainnet,0xd8dd9a8b2aca88e68c46af9008259d0ec04b7751,crvUSD/OP tricrypto,CRVUSD,2026-07-30,49764.33293875788
OP Mainnet,0xd8dd9a8b2aca88e68c46af9008259d0ec04b7751,crvUSD/OP tricrypto,CRVUSD,2026-07-31,49323.741301801114
OP Mainnet,0xd8dd9a8b2aca88e68c46af9008259d0ec04b7751,crvUSD/OP tricrypto,CRVUSD,2026-08-01,49193.43816231135
OP Mainnet,0xd8dd9a8b2aca88e68c46af9008259d0ec04b7751,crvUSD/OP tricrypto,CRVUSD,2026-08-02,48978.74792145742
OP Mainnet,0xd8dd9a8b2aca88e68c46af9008259d0ec04b7751,crvUSD/OP tricrypto,CRVUSD,2026-08-03,49977.36931657256
OP Mainnet,0xd8dd9a8b2aca88e68c46af9008259d0ec04b7751,crvUSD/OP tricrypto,CRVUSD,2026-08-04,49747.02196050555
OP Mainnet,0xd8dd9a8b2aca88e68c46af9008259d0ec04b7751,crvUSD/OP tricrypto,CRVUSD,2026-08-05,49657.85919303808
OP Mainnet,0xd8dd9a8b2aca88e68c46af9008259d0ec04b7751,crvUSD/OP tricrypto,CRVUSD,2026-08-06,50580.85593370439
OP Mainnet,0xd8dd9a8b2aca88e68c46af9008259d0ec04b7751,crvUSD/OP tricrypto,CRVUSD,2026-08-07,50645.04006848636
OP Mainnet,0xd8dd9a8b2aca88e68c46af9008259d0ec04b7751,crvUSD/OP tricrypto,CRVUSD,2026-08-08,51267.504054973244
OP Mainnet,0xd8dd9a8b2aca88e68c46af9008259d0ec04b7751,crvUSD/OP tricrypto,CRVUSD,2026-08-09,52741.91176938908
OP Mainnet,0xd8dd9a8b2aca88e68c46af9008259d0ec04b7751,crvUSD/OP tricrypto,CRVUSD,2026-08-10,54567.57452652811
OP Mainnet,0xd8dd9a8b2aca88e68c46af9008259d0ec04b7751,crvUSD/OP tricrypto,CRVUSD,2026-08-11,55327.4802863753
OP Mainnet,0xd8dd9a8b2aca88e68c46af9008259d0ec04b7751,crvUSD/OP tricrypto,CRVUSD,2026-08-12,53053.59508639439
OP Mainnet,0xd8dd9a8b2aca88e68c46af9008259d0ec04b7751,crvUSD/OP tricrypto,CRVUSD,2026-08-13,52843.03443129461
OP Mainnet,0xd8dd9a8b2aca88e68c46af9008259d0ec04b7751,crvUSD/OP tricrypto,CRVUSD,2026-08-14,52351.37025627248
OP Mainnet,0xd8dd9a8b2aca88e68c46af9008259d0ec04b7751,crvUSD/OP tricrypto,CRVUSD,2026-08-15,51612.80352371967
OP Mainnet,0xd8dd9a8b2aca88e68c46af9008259d0ec04b7751,crvUSD/OP tricrypto,CRVUSD,2026-08-16,52259.47762336903
OP Mainnet,0xd8dd9a8b2aca88e68c46af9008259d0ec04b7751,crvUSD/OP tricrypto,CRVUSD,2026-08-17,51450.99560306234
OP Mainnet,0xd8dd9a8b2aca88e68c46af9008259d0ec04b7751,crvUSD/OP tricrypto,CRVUSD,2026-08-18,50688.30495717608
OP Mainnet,0xd8dd9a8b2aca88e68c46af9008259d0ec04b7751,crvUSD/OP tricrypto,CRVUSD,2026-08-19,54360.145847704094
OP Mainnet,0xd8dd9a8b2aca88e68c46af9008259d0ec04b7751,crvUSD/OP tricrypto,CRVUSD,2026-08-20,59097.7474798544
OP Mainnet,0xd8dd9a8b2aca88e68c46af9008259d0ec04b7751,crvUSD/OP tricrypto,CRVUSD,2026-08-21,61425.382765114955
OP Mainnet,0xd8dd9a8b2aca88e68c46af9008259d0ec04b7751,crvUSD/OP tricrypto,CRVUSD,2026-08-22,64772.49586321656
OP Mainnet,0xd8dd9a8b2aca88e68c46af9008259d0ec04b7751,crvUSD/OP tricrypto,CRVUSD,2026-08-23,66457.81343415711
OP Mainnet,0xd8dd9a8b2aca88e68c46af9008259d0ec04b7751,crvUSD/OP tricrypto,CRVUSD,2026-08-24,66708.5252307599
OP Mainnet,0xd8dd9a8b2aca88e68c46af9008259d0ec04b7751,crvUSD/OP tricrypto,CRVUSD,2026-08-25,64558.96289909322
OP Mainnet,0xd8dd9a8b2aca88e68c46af9008259d0ec04b7751,crvUSD/OP tricrypto,CRVUSD,2026-08-26,63604.02640040071
OP Mainnet,0xd8dd9a8b2aca88e68c46af9008259d0ec04b7751,crvUSD/OP tricrypto,CRVUSD,2026-08-27,62470.007390277584
OP Mainnet,0xd8dd9a8b2aca88e68c46af9008259d0ec04b7751,crvUSD/OP tricrypto,CRVUSD,2026-08-28,61038.948159050844
OP Mainnet,0xd8dd9a8b2aca88e68c46af9008259d0ec04b7751,crvUSD/OP tricrypto,CRVUSD,2026-08-29,60182.42996613747
OP Mainnet,0xd8dd9a8b2aca88e68c46af9008259d0ec04b7751,crvUSD/OP tricrypto,CRVUSD,2026-08-30,60212.774809144554
OP Mainnet,0xd8dd9a8b2aca88e68c46af9008259d0ec04b7751,crvUSD/OP tricrypto,CRVUSD,2026-08-31,65428.294367750714
OP Mainnet,0xd8dd9a8b2aca88e68c46af9008259d0ec04b7751,crvUSD/OP tricrypto,CRVUSD,2026-09-01,67006.19653814848
OP Mainnet,0xd8dd9a8b2aca88e68c46af9008259d0ec04b7751,crvUSD/OP tricrypto,CRVUSD,2026-09-02,66401.19301686475
OP Mainnet,0xd8dd9a8b2aca88e68c46af9008259d0ec04b7751,crvUSD/OP tricrypto,CRVUSD,2026-09-03,67024.77061304811
OP Mainnet,0xd8dd9a8b2aca88e68c46af9008259d0ec04b7751,crvUSD/OP tricrypto,CRVUSD,2026-09-04,66539.28120090654
OP Mainnet,0xd8dd9a8b2aca88e68c46af9008259d0ec04b7751,crvUSD/OP tricrypto,CRVUSD,2026-09-05,70278.05064833454
OP Mainnet,0xd8dd9a8b2aca88e68c46af9008259d0ec04b7751,crvUSD/OP tricrypto,CRVUSD,2026-09-06,69924.46974236873
OP Mainnet,0xd8dd9a8b2aca88e68c46af9008259d0ec04b7751,crvUSD/OP tricrypto,CRVUSD,2026-09-07,68752.20034664539
OP Mainnet,0xd8dd9a8b2aca88e68c46af9008259d0ec04b7751,crvUSD/OP tricrypto,CRVUSD,2026-09-08,67747.75503109366
OP Mainnet,0xd8dd9a8b2aca88e68c46af9008259d0ec04b7751,crvUSD/OP tricrypto,CRVUSD,2026-09-09,65490.042332869154
OP Mainnet,0xd8dd9a8b2aca88e68c46af9008259d0ec04b7751,crvUSD/OP tricrypto,CRVUSD,2026-09-10,65079.71667158
OP Mainnet,0xd8dd9a8b2aca88e68c46af9008259d0ec04b7751,crvUSD/OP tricrypto,CRVUSD,2026-09-11,64192.17178741635
OP Mainnet,0xd8dd9a8b2aca88e68c46af9008259d0ec04b7751,crvUSD/OP tricrypto,CRVUSD,2026-09-12,64716.787638755966
OP Mainnet,0xd8dd9a8b2aca88e68c46af9008259d0ec04b7751,crvUSD/OP tricrypto,CRVUSD,2026-09-13,65623.52968904731
OP Mainnet,0xd8dd9a8b2aca88e68c46af9008259d0ec04b7751,crvUSD/OP tricrypto,CRVUSD,2026-09-14,66523.11148193791
OP Mainnet,0xd8dd9a8b2aca88e68c46af9008259d0ec04b7751,crvUSD/OP tricrypto,CRVUSD,2026-09-15,62137.84039837538
OP Mainnet,0xd8dd9a8b2aca88e68c46af9008259d0ec04b7751,crvUSD/OP tricrypto,OP,2026-04-17,459777.08628968004
OP Mainnet,0xd8dd9a8b2aca88e68c46af9008259d0ec04b7751,crvUSD/OP tricrypto,OP,2026-04-18,475553.2824113728
OP Mainnet,0xd8dd9a8b2aca88e68c46af9008259d0ec04b7751,crvUSD/OP tricrypto,OP,2026-04-19,479131.7697847729
OP Mainnet,0xd8dd9a8b2aca88e68c46af9008259d0ec04b7751,crvUSD/OP tricrypto,OP,2026-04-20,478171.0079246425
OP Mainnet,0xd8dd9a8b2aca88e68c46af9008259d0ec04b7751,crvUSD/OP tricrypto,OP,2026-04-21,473173.49487204076
OP Mainnet,0xd8dd9a8b2aca88e68c46af9008259d0ec04b7751,crvUSD/OP tricrypto,OP,2026-04-22,485864.7171391197
OP Mainnet,0xd8dd9a8b2aca88e68c46af9008259d0ec04b7751,crvUSD/OP tricrypto,OP,2026-04-23,479637.9218637234
OP Mainnet,0xd8dd9a8b2aca88e68c46af9008259d0ec04b7751,crvUSD/OP tricrypto,OP,2026-04-24,462437.77883725107
OP Mainnet,0xd8dd9a8b2aca88e68c46af9008259d0ec04b7751,crvUSD/OP tricrypto,OP,2026-04-25,469401.20544629934
OP Mainnet,0xd8dd9a8b2aca88e68c46af9008259d0ec04b7751,crvUSD/OP tricrypto,OP,2026-04-26,472739.31486909435
OP Mainnet,0xd8dd9a8b2aca88e68c46af9008259d0ec04b7751,crvUSD/OP tricrypto,OP,2026-04-27,480802.38019840856
OP Mainnet,0xd8dd9a8b2aca88e68c46af9008259d0ec04b7751,crvUSD/OP tricrypto,OP,2026-04-28,478194.9426530729
OP Mainnet,0xd8dd9a8b2aca88e68c46af9008259d0ec04b7751,crvUSD/OP tricrypto,OP,2026-04-29,488385.61222657363
OP Mainnet,0xd8dd9a8b2aca88e68c46af9008259d0ec04b7751,crvUSD/OP tricrypto,OP,2026-04-30,485218.3199353782
OP Mainnet,0xd8dd9a8b2aca88e68c46af9008259d0ec04b7751,crvUSD/OP tricrypto,OP,2026-05-01,488456.8257455952
OP Mainnet,0xd8dd9a8b2aca88e68c46af9008259d0ec04b7751,crvUSD/OP tricrypto,OP,2026-05-02,482866.50431529066
OP Mainnet,0xd8dd9a8b2aca88e68c46af9008259d0ec04b7751,crvUSD/OP tricrypto,OP,2026-05-03,478586.94657369313
OP Mainnet,0xd8dd9a8b2aca88e68c46af9008259d0ec04b7751,crvUSD/OP tricrypto,OP,2026-05-04,473590.49841101986
OP Mainnet,0xd8dd9a8b2aca88e68c46af9008259d0ec04b7751,crvUSD/OP tricrypto,OP,2026-05-05,465635.14638210245
OP Mainnet,0xd8dd9a8b2aca88e68c46af9008259d0ec04b7751,crvUSD/OP tricrypto,OP,2026-05-06,430303.2699582871
OP Mainnet,0xd8dd9a8b2aca88e68c46af9008259d0ec04b7751,crvUSD/OP tricrypto,OP,2026-05-07,431550.9428826009
OP Mainnet,0xd8dd9a8b2aca88e68c46af9008259d0ec04b7751,crvUSD/OP tricrypto,OP,2026-05-08,401810.75041232747
OP Mainnet,0xd8dd9a8b2aca88e68c46af9008259d0ec04b7751,crvUSD/OP tricrypto,OP,2026-05-09,410495.13143946
OP Mainnet,0xd8dd9a8b2aca88e68c46af9008259d0ec04b7751,crvUSD/OP tricrypto,OP,2026-05-10,417977.7795533865
OP Mainnet,0xd8dd9a8b2aca88e68c46af9008259d0ec04b7751,crvUSD/OP tricrypto,OP,2026-05-11,438025.2436970314
OP Mainnet,0xd8dd9a8b2aca88e68c46af9008259d0ec04b7751,crvUSD/OP tricrypto,OP,2026-05-12,440082.7019545799
OP Mainnet,0xd8dd9a8b2aca88e68c46af9008259d0ec04b7751,crvUSD/OP tricrypto,OP,2026-05-13,449247.22401023464
OP Mainnet,0xd8dd9a8b2aca88e68c46af9008259d0ec04b7751,crvUSD/OP tricrypto,OP,2026-05-14,461628.1401873063
OP Mainnet,0xd8dd9a8b2aca88e68c46af9008259d0ec04b7751,crvUSD/OP tricrypto,OP,2026-05-15,462560.4616614468
OP Mainnet,0xd8dd9a8b2aca88e68c46af9008259d0ec04b7751,crvUSD/OP tricrypto,OP,2026-05-16,461059.58979751496
OP Mainnet,0xd8dd9a8b2aca88e68c46af9008259d0ec04b7751,crvUSD/OP tricrypto,OP,2026-05-17,469213.854258499
OP Mainnet,0xd8dd9a8b2aca88e68c46af9008259d0ec04b7751,crvUSD/OP tricrypto,OP,2026-05-18,468434.28575441835
OP Mainnet,0xd8dd9a8b2aca88e68c46af9008259d0ec04b7751,crvUSD/OP tricrypto,OP,2026-05-19,471167.6234750611
OP Mainnet,0xd8dd9a8b2aca88e68c46af9008259d0ec04b7751,crvUSD/OP tricrypto,OP,2026-05-20,467887.9541839189
OP Mainnet,0xd8dd9a8b2aca88e68c46af9008259d0ec04b7751,crvUSD/OP tricrypto,OP,2026-05-21,460723.709411186
OP Mainnet,0xd8dd9a8b2aca88e68c46af9008259d0ec04b7751,crvUSD/OP tricrypto,OP,2026-05-22,470035.65726718004
OP Mainnet,0xd8dd9a8b2aca88e68c46af9008259d0ec04b7751,crvUSD/OP tricrypto,OP,2026-05-23,468366.59030094114
OP Mainnet,0xd8dd9a8b2aca88e68c46af9008259d0ec04b7751,crvUSD/OP tricrypto,OP,2026-05-24,467352.5493678228
OP Mainnet,0xd8dd9a8b2aca88e68c46af9008259d0ec04b7751,crvUSD/OP tricrypto,OP,2026-05-25,455489.1204379126
OP Mainnet,0xd8dd9a8b2aca88e68c46af9008259d0ec04b7751,crvUSD/OP tricrypto,OP,2026-05-26,459809.26597700693
OP Mainnet,0xd8dd9a8b2aca88e68c46af9008259d0ec04b7751,crvUSD/OP tricrypto,OP,2026-05-27,481874.0486781067
OP Mainnet,0xd8dd9a8b2aca88e68c46af9008259d0ec04b7751,crvUSD/OP tricrypto,OP,2026-05-28,477605.5730078383
OP Mainnet,0xd8dd9a8b2aca88e68c46af9008259d0ec04b7751,crvUSD/OP tricrypto,OP,2026-05-29,473512.881839689
OP Mainnet,0xd8dd9a8b2aca88e68c46af9008259d0ec04b7751,crvUSD/OP tricrypto,OP,2026-05-30,475099.5781555776
OP Mainnet,0xd8dd9a8b2aca88e68c46af9008259d0ec04b7751,crvUSD/OP tricrypto,OP,2026-05-31,482928.6781141404
OP Mainnet,0xd8dd9a8b2aca88e68c46af9008259d0ec04b7751,crvUSD/OP tricrypto,OP,2026-06-01,468865.4944816556
OP Mainnet,0xd8dd9a8b2aca88e68c46af9008259d0ec04b7751,crvUSD/OP tricrypto,OP,2026-06-02,460104.0698741128
OP Mainnet,0xd8dd9a8b2aca88e68c46af9008259d0ec04b7751,crvUSD/OP tricrypto,OP,2026-06-03,487853.61532626476
OP Mainnet,0xd8dd9a8b2aca88e68c46af9008259d0ec04b7751,crvUSD/OP tricrypto,OP,2026-06-04,492052.59306301526
OP Mainnet,0xd8dd9a8b2aca88e68c46af9008259d0ec04b7751,crvUSD/OP tricrypto,OP,2026-06-05,523101.00807300693
OP Mainnet,0xd8dd9a8b2aca88e68c46af9008259d0ec04b7751,crvUSD/OP tricrypto,OP,2026-06-06,536601.0207556165
OP Mainnet,0xd8dd9a8b2aca88e68c46af9008259d0ec04b7751,crvUSD/OP tricrypto,OP,2026-06-07,539853.9036177931
OP Mainnet,0xd8dd9a8b2aca88e68c46af9008259d0ec04b7751,crvUSD/OP tricrypto,OP,2026-06-08,539252.8603529938
OP Mainnet,0xd8dd9a8b2aca88e68c46af9008259d0ec04b7751,crvUSD/OP tricrypto,OP,2026-06-09,537735.8946436718
OP Mainnet,0xd8dd9a8b2aca88e68c46af9008259d0ec04b7751,crvUSD/OP tricrypto,OP,2026-06-10,573754.3551481384
OP Mainnet,0xd8dd9a8b2aca88e68c46af9008259d0ec04b7751,crvUSD/OP tricrypto,OP,2026-06-11,570414.8147567209
OP Mainnet,0xd8dd9a8b2aca88e68c46af9008259d0ec04b7751,crvUSD/OP tricrypto,OP,2026-06-12,536763.4523136698
OP Mainnet,0xd8dd9a8b2aca88e68c46af9008259d0ec04b7751,crvUSD/OP tricrypto,OP,2026-06-13,524303.9332123621
OP Mainnet,0xd8dd9a8b2aca88e68c46af9008259d0ec04b7751,crvUSD/OP tricrypto,OP,2026-06-14,508382.4558783402
OP Mainnet,0xd8dd9a8b2aca88e68c46af9008259d0ec04b7751,crvUSD/OP tricrypto,OP,2026-06-15,526319.2057686537
OP Mainnet,0xd8dd9a8b2aca88e68c46af9008259d0ec04b7751,crvUSD/OP tricrypto,OP,2026-06-16,517982.1251355104
OP Mainnet,0xd8dd9a8b2aca88e68c46af9008259d0ec04b7751,crvUSD/OP tricrypto,OP,2026-06-17,517701.2328101944
OP Mainnet,0xd8dd9a8b2aca88e68c46af9008259d0ec04b7751,crvUSD/OP tricrypto,OP,2026-06-18,522990.98304593813
OP Mainnet,0xd8dd9a8b2aca88e68c46af9008259d0ec04b7751,crvUSD/OP tricrypto,OP,2026-06-19,509690.637902592
OP Mainnet,0xd8dd9a8b2aca88e68c46af9008259d0ec04b7751,crvUSD/OP tricrypto,OP,2026-06-20,515816.3839867513
OP Mainnet,0xd8dd9a8b2aca88e68c46af9008259d0ec04b7751,crvUSD/OP tricrypto,OP,2026-06-21,515003.0099358348
OP Mainnet,0xd8dd9a8b2aca88e68c46af9008259d0ec04b7751,crvUSD/OP tricrypto,OP,2026-06-22,521857.3553179568
OP Mainnet,0xd8dd9a8b2aca88e68c46af9008259d0ec04b7751,crvUSD/OP tricrypto,OP,2026-06-23,506740.99118546036
OP Mainnet,0xd8dd9a8b2aca88e68c46af9008259d0ec04b7751,crvUSD/OP tricrypto,OP,2026-06-24,483486.4689933124
OP Mainnet,0xd8dd9a8b2aca88e68c46af9008259d0ec04b7751,crvUSD/OP tricrypto,OP,2026-06-25,493569.3756392598
OP Mainnet,0xd8dd9a8b2aca88e68c46af9008259d0ec04b7751,crvUSD/OP tricrypto,OP,2026-06-26,492336.95413478435
OP Mainnet,0xd8dd9a8b2aca88e68c46af9008259d0ec04b7751,crvUSD/OP tricrypto,OP,2026-06-27,502296.8923433181
OP Mainnet,0xd8dd9a8b2aca88e68c46af9008259d0ec04b7751,crvUSD/OP tricrypto,OP,2026-06-28,500200.4895083182
OP Mainnet,0xd8dd9a8b2aca88e68c46af9008259d0ec04b7751,crvUSD/OP tricrypto,OP,2026-06-29,509661.905450632
OP Mainnet,0xd8dd9a8b2aca88e68c46af9008259d0ec04b7751,crvUSD/OP tricrypto,OP,2026-06-30,515222.8803489543
OP Mainnet,0xd8dd9a8b2aca88e68c46af9008259d0ec04b7751,crvUSD/OP tricrypto,OP,2026-07-01,526781.72853905
OP Mainnet,0xd8dd9a8b2aca88e68c46af9008259d0ec04b7751,crvUSD/OP tricrypto,OP,2026-07-02,516326.6748453459
OP Mainnet,0xd8dd9a8b2aca88e68c46af9008259d0ec04b7751,crvUSD/OP tricrypto,OP,2026-07-03,494065.42956657003
OP Mainnet,0xd8dd9a8b2aca88e68c46af9008259d0ec04b7751,crvUSD/OP tricrypto,OP,2026-07-04,500105.36566517595
OP Mainnet,0xd8dd9a8b2aca88e68c46af9008259d0ec04b7751,crvUSD/OP tricrypto,OP,2026-07-05,501454.9433796183
OP Mainnet,0xd8dd9a8b2aca88e68c46af9008259d0ec04b7751,crvUSD/OP tricrypto,OP,2026-07-06,500285.06091752334
OP Mainnet,0xd8dd9a8b2aca88e68c46af9008259d0ec04b7751,crvUSD/OP tricrypto,OP,2026-07-07,521639.17104186
OP Mainnet,0xd8dd9a8b2aca88e68c46af9008259d0ec04b7751,crvUSD/OP tricrypto,OP,2026-07-08,510554.2039346292
OP Mainnet,0xd8dd9a8b2aca88e68c46af9008259d0ec04b7751,crvUSD/OP tricrypto,OP,2026-07-09,497424.235762653
OP Mainnet,0xd8dd9a8b2aca88e68c46af9008259d0ec04b7751,crvUSD/OP tricrypto,OP,2026-07-10,503869.1672419564
OP Mainnet,0xd8dd9a8b2aca88e68c46af9008259d0ec04b7751,crvUSD/OP tricrypto,OP,2026-07-11,512508.59891428833
OP Mainnet,0xd8dd9a8b2aca88e68c46af9008259d0ec04b7751,crvUSD/OP tricrypto,OP,2026-07-12,513535.848531597
OP Mainnet,0xd8dd9a8b2aca88e68c46af9008259d0ec04b7751,crvUSD/OP tricrypto,OP,2026-07-13,530432.7103578179
OP Mainnet,0xd8dd9a8b2aca88e68c46af9008259d0ec04b7751,crvUSD/OP tricrypto,OP,2026-07-14,524791.9494911041
OP Mainnet,0xd8dd9a8b2aca88e68c46af9008259d0ec04b7751,crvUSD/OP tricrypto,OP,2026-07-15,518607.29432344146
OP Mainnet,0xd8dd9a8b2aca88e68c46af9008259d0ec04b7751,crvUSD/OP tricrypto,OP,2026-07-16,533088.6508301488
OP Mainnet,0xd8dd9a8b2aca88e68c46af9008259d0ec04b7751,crvUSD/OP tricrypto,OP,2026-07-17,538701.3689791552
OP Mainnet,0xd8dd9a8b2aca88e68c46af9008259d0ec04b7751,crvUSD/OP tricrypto,OP,2026-07-18,542277.6561243898
OP Mainnet,0xd8dd9a8b2aca88e68c46af9008259d0ec04b7751,crvUSD/OP tricrypto,OP,2026-07-19,545573.1884857671
OP Mainnet,0xd8dd9a8b2aca88e68c46af9008259d0ec04b7751,crvUSD/OP tricrypto,OP,2026-07-20,538534.5831432123
OP Mainnet,0xd8dd9a8b2aca88e68c46af9008259d0ec04b7751,crvUSD/OP tricrypto,OP,2026-07-21,536896.7332444155
OP Mainnet,0xd8dd9a8b2aca88e68c46af9008259d0ec04b7751,crvUSD/OP tricrypto,OP,2026-07-22,537278.9544320251
OP Mainnet,0xd8dd9a8b2aca88e68c46af9008259d0ec04b7751,crvUSD/OP tricrypto,OP,2026-07-23,540794.2727849376
OP Mainnet,0xd8dd9a8b2aca88e68c46af9008259d0ec04b7751,crvUSD/OP tricrypto,OP,2026-07-24,547745.1019599133
OP Mainnet,0xd8dd9a8b2aca88e68c46af9008259d0ec04b7751,crvUSD/OP tricrypto,OP,2026-07-25,541212.9230197179
OP Mainnet,0xd8dd9a8b2aca88e68c46af9008259d0ec04b7751,crvUSD/OP tricrypto,OP,2026-07-26,541027.4792619689
OP Mainnet,0xd8dd9a8b2aca88e68c46af9008259d0ec04b7751,crvUSD/OP tricrypto,OP,2026-07-27,573748.2722748648
OP Mainnet,0xd8dd9a8b2aca88e68c46af9008259d0ec04b7751,crvUSD/OP tricrypto,OP,2026-07-28,570354.5063913416
OP Mainnet,0xd8dd9a8b2aca88e68c46af9008259d0ec04b7751,crvUSD/OP tricrypto,OP,2026-07-29,558915.837522926
OP Mainnet,0xd8dd9a8b2aca88e68c46af9008259d0ec04b7751,crvUSD/OP tricrypto,OP,2026-07-30,571465.8189937683
OP Mainnet,0xd8dd9a8b2aca88e68c46af9008259d0ec04b7751,crvUSD/OP tricrypto,OP,2026-07-31,577983.5246287759
OP Mainnet,0xd8dd9a8b2aca88e68c46af9008259d0ec04b7751,crvUSD/OP tricrypto,OP,2026-08-01,577287.366889828
OP Mainnet,0xd8dd9a8b2aca88e68c46af9008259d0ec04b7751,crvUSD/OP tricrypto,OP,2026-08-02,565091.5210161993
OP Mainnet,0xd8dd9a8b2aca88e68c46af9008259d0ec04b7751,crvUSD/OP tricrypto,OP,2026-08-03,557932.9615122906
OP Mainnet,0xd8dd9a8b2aca88e68c46af9008259d0ec04b7751,crvUSD/OP tricrypto,OP,2026-08-04,562266.7744395303
OP Mainnet,0xd8dd9a8b2aca88e68c46af9008259d0ec04b7751,crvUSD/OP tricrypto,OP,2026-08-05,566214.0459685246
OP Mainnet,0xd8dd9a8b2aca88e68c46af9008259d0ec04b7751,crvUSD/OP tricrypto,OP,2026-08-06,569411.8860364639
OP Mainnet,0xd8dd9a8b2aca88e68c46af9008259d0ec04b7751,crvUSD/OP tricrypto,OP,2026-08-07,579134.291546727
OP Mainnet,0xd8dd9a8b2aca88e68c46af9008259d0ec04b7751,crvUSD/OP tricrypto,OP,2026-08-08,581380.3231553937
OP Mainnet,0xd8dd9a8b2aca88e68c46af9008259d0ec04b7751,crvUSD/OP tricrypto,OP,2026-08-09,582587.6013342628
OP Mainnet,0xd8dd9a8b2aca88e68c46af9008259d0ec04b7751,crvUSD/OP tricrypto,OP,2026-08-10,599715.8591927608
OP Mainnet,0xd8dd9a8b2aca88e68c46af9008259d0ec04b7751,crvUSD/OP tricrypto,OP,2026-08-11,608706.6545389415
OP Mainnet,0xd8dd9a8b2aca88e68c46af9008259d0ec04b7751,crvUSD/OP tricrypto,OP,2026-08-12,612339.0391138404
OP Mainnet,0xd8dd9a8b2aca88e68c46af9008259d0ec04b7751,crvUSD/OP tricrypto,OP,2026-08-13,607346.834018709
OP Mainnet,0xd8dd9a8b2aca88e68c46af9008259d0ec04b7751,crvUSD/OP tricrypto,OP,2026-08-14,597314.7533473781
OP Mainnet,0xd8dd9a8b2aca88e68c46af9008259d0ec04b7751,crvUSD/OP tricrypto,OP,2026-08-15,609424.377936649
OP Mainnet,0xd8dd9a8b2aca88e68c46af9008259d0ec04b7751,crvUSD/OP tricrypto,OP,2026-08-16,615445.6761425056
OP Mainnet,0xd8dd9a8b2aca88e68c46af9008259d0ec04b7751,crvUSD/OP tricrypto,OP,2026-08-17,629092.9633243773
OP Mainnet,0xd8dd9a8b2aca88e68c46af9008259d0ec04b7751,crvUSD/OP tricrypto,OP,2026-08-18,624005.2663332114
OP Mainnet,0xd8dd9a8b2aca88e68c46af9008259d0ec04b7751,crvUSD/OP tricrypto,OP,2026-08-19,612522.8949454696
OP Mainnet,0xd8dd9a8b2aca88e68c46af9008259d0ec04b7751,crvUSD/OP tricrypto,OP,2026-08-20,602515.9192563059
OP Mainnet,0xd8dd9a8b2aca88e68c46af9008259d0ec04b7751,crvUSD/OP tricrypto,OP,2026-08-21,546792.9145457951
OP Mainnet,0xd8dd9a8b2aca88e68c46af9008259d0ec04b7751,crvUSD/OP tricrypto,OP,2026-08-22,617700.8830251637
OP Mainnet,0xd8dd9a8b2aca88e68c46af9008259d0ec04b7751,crvUSD/OP tricrypto,OP,2026-08-23,605137.3999970093
OP Mainnet,0xd8dd9a8b2aca88e68c46af9008259d0ec04b7751,crvUSD/OP tricrypto,OP,2026-08-24,618586.2808973921
OP Mainnet,0xd8dd9a8b2aca88e68c46af9008259d0ec04b7751,crvUSD/OP tricrypto,OP,2026-08-25,629389.7525969167
OP Mainnet,0xd8dd9a8b2aca88e68c46af9008259d0ec04b7751,crvUSD/OP tricrypto,OP,2026-08-26,659674.2955128688
OP Mainnet,0xd8dd9a8b2aca88e68c46af9008259d0ec04b7751,crvUSD/OP tricrypto,OP,2026-08-27,670396.0579018611
OP Mainnet,0xd8dd9a8b2aca88e68c46af9008259d0ec04b7751,crvUSD/OP tricrypto,OP,2026-08-28,677043.8495950551
OP Mainnet,0xd8dd9a8b2aca88e68c46af9008259d0ec04b7751,crvUSD/OP tricrypto,OP,2026-08-29,676620.7235421157
OP Mainnet,0xd8dd9a8b2aca88e68c46af9008259d0ec04b7751,crvUSD/OP tricrypto,OP,2026-08-30,686565.1167214167
OP Mainnet,0xd8dd9a8b2aca88e68c46af9008259d0ec04b7751,crvUSD/OP tricrypto,OP,2026-08-31,683369.9948576872
OP Mainnet,0xd8dd9a8b2aca88e68c46af9008259d0ec04b7751,crvUSD/OP tricrypto,OP,2026-09-01,696555.5473361778
OP Mainnet,0xd8dd9a8b2aca88e68c46af9008259d0ec04b7751,crvUSD/OP tricrypto,OP,2026-09-02,673579.3930433693
OP Mainnet,0xd8dd9a8b2aca88e68c46af9008259d0ec04b7751,crvUSD/OP tricrypto,OP,2026-09-03,679087.9352954022
OP Mainnet,0xd8dd9a8b2aca88e68c46af9008259d0ec04b7751,crvUSD/OP tricrypto,OP,2026-09-04,662192.3150188867
OP Mainnet,0xd8dd9a8b2aca88e68c46af9008259d0ec04b7751,crvUSD/OP tricrypto,OP,2026-09-05,640025.6320874599
OP Mainnet,0xd8dd9a8b2aca88e68c46af9008259d0ec04b7751,crvUSD/OP tricrypto,OP,2026-09-06,642791.3562050354
OP Mainnet,0xd8dd9a8b2aca88e68c46af9008259d0ec04b7751,crvUSD/OP tricrypto,OP,2026-09-07,630221.0682556612
OP Mainnet,0xd8dd9a8b2aca88e68c46af9008259d0ec04b7751,crvUSD/OP tricrypto,OP,2026-09-08,655775.8458520881
OP Mainnet,0xd8dd9a8b2aca88e68c46af9008259d0ec04b7751,crvUSD/OP tricrypto,OP,2026-09-09,659968.0109174424
OP Mainnet,0xd8dd9a8b2aca88e68c46af9008259d0ec04b7751,crvUSD/OP tricrypto,OP,2026-09-10,676949.731588755
OP Mainnet,0xd8dd9a8b2aca88e68c46af9008259d0ec04b7751,crvUSD/OP tricrypto,OP,2026-09-11,671875.7610346688
OP Mainnet,0xd8dd9a8b2aca88e68c46af9008259d0ec04b7751,crvUSD/OP tricrypto,OP,2026-09-12,671895.4505203967
OP Mainnet,0xd8dd9a8b2aca88e68c46af9008259d0ec04b7751,crvUSD/OP tricrypto,OP,2026-09-13,687140.7614755252
OP Mainnet,0xd8dd9a8b2aca88e68c46af9008259d0ec04b7751,crvUSD/OP tricrypto,OP,2026-09-14,660252.1845079606
OP Mainnet,0xd8dd9a8b2aca88e68c46af9008259d0ec04b7751,crvUSD/OP tricrypto,OP,2026-09-15,670238.9279515198
