date,wallet,usdc
2025-11-17,0x04be52434eb64addf373137310551ac42013677c,0.0
2025-11-17,0x087cdae4009af7974fb808cd4e01414ebf820ab0,0.0
2025-11-17,0x0c560e8b4c179782ab476dfed8a129b0d64e66e8,0.0
2025-11-17,0x218c56f591abc69c40e96a10e7b69c62c2c406ee,0.0
2025-11-17,0x28cd26d85b4ac655a489aa3f259f81283bd1a804,0.0
2025-11-17,0x2bcd8898a678050efa5f41f4c6012045dee1b5c3,0.0
2025-11-17,0x2e5b63b36e7b115229d12c88cd47d471c122eddf,0.0
2025-11-17,0x349dd66d555a26d890f6bb996ef1eadf9f65bdd3,0.0
2025-11-17,0x36df841c8c269300335ed74d7729c66bc9dcb37d,0.0
2025-11-17,0x3787e2720296b4e0119e344e1b64291ed5fea398,0.0
2025-11-17,0x3b63bbf52aa94016b61ee8d6809253f915d61411,0.0
2025-11-17,0x3d9f3cc0d52ea543116dfebdf3c77819766a64e2,0.0
2025-11-17,0x422cb45f4dcb3f798b53835f8671288d424d881f,0.0
2025-11-17,0x4784a9b16ba5ccb9fb384c0a68448b9e70d357a6,0.0
2025-11-17,0x480f54f40e35739b6ed1dd0cb64ff881c392ff64,0.0
2025-11-17,0x4813ffe82fe058134762df947a9bf453229a010f,0.0
2025-11-17,0x4d571d89c5b71f720dbd271ac60f574402e76add,0.0
2025-11-17,0x52512f63bfdc0ca4d15e31da6b395c94eb16d563,0.0
2025-11-17,0x583924a6dfa73f20d7cee1f067f56afeccdda38c,0.0
2025-11-17,0x58c659b1c03d03ab6e7cf1ad6781bfe16a39375d,0.0
2025-11-17,0x5ebd6fc47e018d572695a30406aab2094f5739a5,0.0
2025-11-17,0x60a50be186c8fedeee7eb8e4162e8052bda6ba0e,0.0
2025-11-17,0x6194a13d478ba4de00cace380f51190663fd0de0,0.0
2025-11-17,0x64fbb84b9a101227af977ab5916cdead0de630bb,0.0
2025-11-17,0x657dd0353bbab3c31a15bebaefe5708f91599384,0.0
2025-11-17,0x66f069a1aa1838b8f435459683a82ec5c4175be1,0.0
2025-11-17,0x696361910177b630d7d98beb66db2a87210111ea,0.0
2025-11-17,0x6a70e534e6244e34eca9ca8218640f2d4ee49b42,0.0
2025-11-17,0x6b9cee98a4ca6cff357f576fb2a6cb2b5e43c39f,0.0
2025-11-17,0x6f78bc27fa80f127fadb1897f98dde6cfb3c3f94,0.0
2025-11-17,0x7531543d11be70509fd98599cab5e97745dd04ab,0.0
2025-11-17,0x772ca23497f271c6113fce7c53782f35c304790e,0.0
2025-11-17,0x7743b97525bdf503506288463d39b59b69993cfe,0.0
2025-11-17,0x790d41e2f911b6eecad286c04734036929049793,0.0
2025-11-17,0x7a0222dee3519854468f31154a4349c92814875f,0.0
2025-11-17,0x7d10bd50494ca1094cb706fadee52345b6139cf9,0.0
2025-11-17,0x7df172e521125054caa01d73c4fb4d30360e1079,0.0
2025-11-17,0x7f554a7568293db35a6421759c305fee6b60aa9a,0.0
2025-11-17,0x7f99c1b85c831c60d6f534412e4be78cab94a5e5,0.0
2025-11-17,0x8075c55918a91f5fc1f66fb77a7ca0be67a90233,0.0
2025-11-17,0x84c87d848244e49602f1ce614e46eba81e5f246f,0.0
2025-11-17,0x8633be9e9a5c7c39e9dc9d7ffef0979ce1026e71,0.0
2025-11-17,0x8b6bbe943259e12885529e4d340a0a5822f8d337,0.0
2025-11-17,0x8c298797fb92fb91c1d4a83e5b948f431fe229c6,0.0
2025-11-17,0x8da35b920fe236a757a0fad93d3a3ab8ea0a24cc,0.0
2025-11-17,0x8da66f6ee0eedf4376e471d7a507553296e49c19,0.0
2025-11-17,0x9ab1433913c1014e2166b3c7f039d9528b1fc540,0.0
2025-11-17,0x9e231a8b9c247230cb88befafee97a22ae244ee5,0.0
2025-11-17,0xac82362174a32fbbad61efcb0f02b9016b20c768,0.0
2025-11-17,0xae598104ba092f09470e59e7a4d2349dbbdc3310,0.0
2025-11-17,0xb57d2a1424ff536ef5debb8761662c72f90f9b66,0.0
2025-11-17,0xc32f2f6217d105d17904f8f495aa122baef4a333,0.0
2025-11-17,0xcc18c9473f7117e599b3f2103e794b16ffe7cf44,0.0
2025-11-17,0xcd75160eeafa7227d1eea1dc157f77c3cb0c4688,0.0
2025-11-17,0xd359264dd634edf74d5d00ed06ccc44ab20eeba9,0.0
2025-11-17,0xdf5f43411c47c07ebcf03c16c29f18313e45ca66,0.0
2025-11-17,0xe3abf7f7d29df6d64128794f64ed3d1b15a5e759,0.0
2025-11-17,0xe4922b8eb9bef6f486564a59987f4e1930c53235,0.0
2025-11-17,0xe6cac97e024e8e1d0d01cd5d1c72fcdcfe78be3d,0.0
2025-11-17,0xea8d6a4caaef55c18da4c1efe7303b0f61b0415c,0.0
2025-11-17,0xee2a70532e807259fcfd63274ad4e560dcca2613,0.0
2025-11-17,0xf5397ef04201f76a3e97457bc84f27303df20e80,0.0
2025-11-17,0xf5a89d2608db8fd229a076895f4f8d304e58c3a5,0.0
2025-11-17,0xf9baa2c717f8140d6925d8ff1827abeca1906526,0.0
2025-11-17,0xfaf8dbc45d01261ac417cf3b2843288df47fcacd,0.0
2025-11-17,0xff0034103421a624aa2b2d618fe7602cd6dd3f1d,0.0
2025-11-17,0xff806c084c40bce44d2facba005f8f1887cce7f4,0.0
2025-11-18,0x04be52434eb64addf373137310551ac42013677c,0.0
2025-11-18,0x087cdae4009af7974fb808cd4e01414ebf820ab0,0.0
2025-11-18,0x0c560e8b4c179782ab476dfed8a129b0d64e66e8,0.0
2025-11-18,0x218c56f591abc69c40e96a10e7b69c62c2c406ee,0.0
2025-11-18,0x28cd26d85b4ac655a489aa3f259f81283bd1a804,0.0
2025-11-18,0x2bcd8898a678050efa5f41f4c6012045dee1b5c3,0.0
2025-11-18,0x2e5b63b36e7b115229d12c88cd47d471c122eddf,0.0
2025-11-18,0x349dd66d555a26d890f6bb996ef1eadf9f65bdd3,0.0
2025-11-18,0x36df841c8c269300335ed74d7729c66bc9dcb37d,0.0
2025-11-18,0x3787e2720296b4e0119e344e1b64291ed5fea398,0.0
2025-11-18,0x3b63bbf52aa94016b61ee8d6809253f915d61411,0.0
2025-11-18,0x3d9f3cc0d52ea543116dfebdf3c77819766a64e2,0.0
2025-11-18,0x422cb45f4dcb3f798b53835f8671288d424d881f,0.0
2025-11-18,0x4784a9b16ba5ccb9fb384c0a68448b9e70d357a6,0.0
2025-11-18,0x480f54f40e35739b6ed1dd0cb64ff881c392ff64,0.0
2025-11-18,0x4813ffe82fe058134762df947a9bf453229a010f,0.0
2025-11-18,0x4d571d89c5b71f720dbd271ac60f574402e76add,0.0
2025-11-18,0x52512f63bfdc0ca4d15e31da6b395c94eb16d563,0.0
2025-11-18,0x583924a6dfa73f20d7cee1f067f56afeccdda38c,0.0
2025-11-18,0x58c659b1c03d03ab6e7cf1ad6781bfe16a39375d,0.0
2025-11-18,0x5ebd6fc47e018d572695a30406aab2094f5739a5,0.0
2025-11-18,0x60a50be186c8fedeee7eb8e4162e8052bda6ba0e,0.0
2025-11-18,0x6194a13d478ba4de00cace380f51190663fd0de0,0.0
2025-11-18,0x64fbb84b9a101227af977ab5916cdead0de630bb,0.0
2025-11-18,0x657dd0353bbab3c31a15bebaefe5708f91599384,0.0
2025-11-18,0x66f069a1aa1838b8f435459683a82ec5c4175be1,0.0
2025-11-18,0x696361910177b630d7d98beb66db2a87210111ea,0.0
2025-11-18,0x6a70e534e6244e34eca9ca8218640f2d4ee49b42,0.0
2025-11-18,0x6b9cee98a4ca6cff357f576fb2a6cb2b5e43c39f,0.0
2025-11-18,0x6f78bc27fa80f127fadb1897f98dde6cfb3c3f94,0.0
2025-11-18,0x7531543d11be70509fd98599cab5e97745dd04ab,0.0
2025-11-18,0x772ca23497f271c6113fce7c53782f35c304790e,0.0
2025-11-18,0x7743b97525bdf503506288463d39b59b69993cfe,0.0
2025-11-18,0x790d41e2f911b6eecad286c04734036929049793,0.0
2025-11-18,0x7a0222dee3519854468f31154a4349c92814875f,0.0
2025-11-18,0x7d10bd50494ca1094cb706fadee52345b6139cf9,0.0
2025-11-18,0x7df172e521125054caa01d73c4fb4d30360e1079,0.0
2025-11-18,0x7f554a7568293db35a6421759c305fee6b60aa9a,0.0
2025-11-18,0x7f99c1b85c831c60d6f534412e4be78cab94a5e5,0.0
2025-11-18,0x8075c55918a91f5fc1f66fb77a7ca0be67a90233,0.0
2025-11-18,0x84c87d848244e49602f1ce614e46eba81e5f246f,0.0
2025-11-18,0x8633be9e9a5c7c39e9dc9d7ffef0979ce1026e71,0.0
2025-11-18,0x8b6bbe943259e12885529e4d340a0a5822f8d337,0.0
2025-11-18,0x8c298797fb92fb91c1d4a83e5b948f431fe229c6,0.0
2025-11-18,0x8da35b920fe236a757a0fad93d3a3ab8ea0a24cc,0.0
2025-11-18,0x8da66f6ee0eedf4376e471d7a507553296e49c19,0.0
2025-11-18,0x9ab1433913c1014e2166b3c7f039d9528b1fc540,0.0
2025-11-18,0x9e231a8b9c247230cb88befafee97a22ae244ee5,0.0
2025-11-18,0xac82362174a32fbbad61efcb0f02b9016b20c768,0.0
2025-11-18,0xae598104ba092f09470e59e7a4d2349dbbdc3310,0.0
2025-11-18,0xb57d2a1424ff536ef5debb8761662c72f90f9b66,0.0
2025-11-18,0xc32f2f6217d105d17904f8f495aa122baef4a333,0.0
2025-11-18,0xcc18c9473f7117e599b3f2103e794b16ffe7cf44,0.0
2025-11-18,0xcd75160eeafa7227d1eea1dc157f77c3cb0c4688,0.0
2025-11-18,0xd359264dd634edf74d5d00ed06ccc44ab20eeba9,0.0
2025-11-18,0xdf5f43411c47c07ebcf03c16c29f18313e45ca66,0.0
2025-11-18,0xe3abf7f7d29df6d64128794f64ed3d1b15a5e759,0.0
2025-11-18,0xe4922b8eb9bef6f486564a59987f4e1930c53235,0.0
2025-11-18,0xe6cac97e024e8e1d0d01cd5d1c72fcdcfe78be3d,0.0
2025-11-18,0xea8d6a4caaef55c18da4c1efe7303b0f61b0415c,0.0
2025-11-18,0xee2a70532e807259fcfd63274ad4e560dcca2613,0.0
2025-11-18,0xf5397ef04201f76a3e97457bc84f27303df20e80,0.0
2025-11-18,0xf5a89d2608db8fd229a076895f4f8d304e58c3a5,0.0
2025-11-18,0xf9baa2c717f8140d6925d8ff1827abeca1906526,0.0
2025-11-18,0xfaf8dbc45d01261ac417cf3b2843288df47fcacd,0.0
2025-11-18,0xff0034103421a624aa2b2d618fe7602cd6dd3f1d,0.0
2025-11-18,0xff806c084c40bce44d2facba005f8f1887cce7f4,0.0
2025-11-19,0x04be52434eb64addf373137310551ac42013677c,0.0
2025-11-19,0x087cdae4009af7974fb808cd4e01414ebf820ab0,0.0
2025-11-19,0x0c560e8b4c179782ab476dfed8a129b0d64e66e8,0.0
2025-11-19,0x218c56f591abc69c40e96a10e7b69c62c2c406ee,0.0
2025-11-19,0x28cd26d85b4ac655a489aa3f259f81283bd1a804,0.0
2025-11-19,0x2bcd8898a678050efa5f41f4c6012045dee1b5c3,0.0
2025-11-19,0x2e5b63b36e7b115229d12c88cd47d471c122eddf,0.0
2025-11-19,0x349dd66d555a26d890f6bb996ef1eadf9f65bdd3,0.0
2025-11-19,0x36df841c8c269300335ed74d7729c66bc9dcb37d,0.0
2025-11-19,0x3787e2720296b4e0119e344e1b64291ed5fea398,0.0
2025-11-19,0x3b63bbf52aa94016b61ee8d6809253f915d61411,0.0
2025-11-19,0x3d9f3cc0d52ea543116dfebdf3c77819766a64e2,0.0
2025-11-19,0x422cb45f4dcb3f798b53835f8671288d424d881f,0.0
2025-11-19,0x4784a9b16ba5ccb9fb384c0a68448b9e70d357a6,0.0
2025-11-19,0x480f54f40e35739b6ed1dd0cb64ff881c392ff64,0.0
2025-11-19,0x4813ffe82fe058134762df947a9bf453229a010f,0.0
2025-11-19,0x4d571d89c5b71f720dbd271ac60f574402e76add,0.0
2025-11-19,0x52512f63bfdc0ca4d15e31da6b395c94eb16d563,0.0
2025-11-19,0x583924a6dfa73f20d7cee1f067f56afeccdda38c,0.0
2025-11-19,0x58c659b1c03d03ab6e7cf1ad6781bfe16a39375d,0.0
2025-11-19,0x5ebd6fc47e018d572695a30406aab2094f5739a5,0.0
2025-11-19,0x60a50be186c8fedeee7eb8e4162e8052bda6ba0e,0.0
2025-11-19,0x6194a13d478ba4de00cace380f51190663fd0de0,0.0
2025-11-19,0x64fbb84b9a101227af977ab5916cdead0de630bb,0.0
2025-11-19,0x657dd0353bbab3c31a15bebaefe5708f91599384,0.0
2025-11-19,0x66f069a1aa1838b8f435459683a82ec5c4175be1,0.0
2025-11-19,0x696361910177b630d7d98beb66db2a87210111ea,0.0
2025-11-19,0x6a70e534e6244e34eca9ca8218640f2d4ee49b42,0.0
2025-11-19,0x6b9cee98a4ca6cff357f576fb2a6cb2b5e43c39f,0.0
2025-11-19,0x6f78bc27fa80f127fadb1897f98dde6cfb3c3f94,0.0
2025-11-19,0x7531543d11be70509fd98599cab5e97745dd04ab,0.0
2025-11-19,0x772ca23497f271c6113fce7c53782f35c304790e,0.0
2025-11-19,0x7743b97525bdf503506288463d39b59b69993cfe,0.0
2025-11-19,0x790d41e2f911b6eecad286c04734036929049793,0.0
2025-11-19,0x7a0222dee3519854468f31154a4349c92814875f,0.0
2025-11-19,0x7d10bd50494ca1094cb706fadee52345b6139cf9,0.0
2025-11-19,0x7df172e521125054caa01d73c4fb4d30360e1079,0.0
2025-11-19,0x7f554a7568293db35a6421759c305fee6b60aa9a,0.0
2025-11-19,0x7f99c1b85c831c60d6f534412e4be78cab94a5e5,0.0
2025-11-19,0x8075c55918a91f5fc1f66fb77a7ca0be67a90233,0.0
2025-11-19,0x84c87d848244e49602f1ce614e46eba81e5f246f,0.0
2025-11-19,0x8633be9e9a5c7c39e9dc9d7ffef0979ce1026e71,0.0
2025-11-19,0x8b6bbe943259e12885529e4d340a0a5822f8d337,0.0
2025-11-19,0x8c298797fb92fb91c1d4a83e5b948f431fe229c6,0.0
2025-11-19,0x8da35b920fe236a757a0fad93d3a3ab8ea0a24cc,0.0
2025-11-19,0x8da66f6ee0eedf4376e471d7a507553296e49c19,0.0
2025-11-19,0x9ab1433913c1014e2166b3c7f039d9528b1fc540,0.0
2025-11-19,0x9e231a8b9c247230cb88befafee97a22ae244ee5,0.0
2025-11-19,0xac82362174a32fbbad61efcb0f02b9016b20c768,0.0
2025-11-19,0xae598104ba092f09470e59e7a4d2349dbbdc3310,0.0
2025-11-19,0xb57d2a1424ff536ef5debb8761662c72f90f9b66,0.0
2025-11-19,0xc32f2f6217d105d17904f8f495aa122baef4a333,0.0
2025-11-19,0xcc18c9473f7117e599b3f2103e794b16ffe7cf44,0.0
2025-11-19,0xcd75160eeafa7227d1eea1dc157f77c3cb0c4688,0.0
2025-11-19,0xd359264dd634edf74d5d00ed06ccc44ab20eeba9,0.0
2025-11-19,0xdf5f43411c47c07ebcf03c16c29f18313e45ca66,0.0
2025-11-19,0xe3abf7f7d29df6d64128794f64ed3d1b15a5e759,0.0
2025-11-19,0xe4922b8eb9bef6f486564a59987f4e1930c53235,0.0
2025-11-19,0xe6cac97e024e8e1d0d01cd5d1c72fcdcfe78be3d,0.0
2025-11-19,0xea8d6a4caaef55c18da4c1efe7303b0f61b0415c,0.0
2025-11-19,0xee2a70532e807259fcfd63274ad4e560dcca2613,0.0
2025-11-19,0xf5397ef04201f76a3e97457bc84f27303df20e80,0.0
2025-11-19,0xf5a89d2608db8fd229a076895f4f8d304e58c3a5,0.0
2025-11-19,0xf9baa2c717f8140d6925d8ff1827abeca1906526,0.0
2025-11-19,0xfaf8dbc45d01261ac417cf3b2843288df47fcacd,0.0
2025-11-19,0xff0034103421a624aa2b2d618fe7602cd6dd3f1d,0.0
2025-11-19,0xff806c084c40bce44d2facba005f8f1887cce7f4,0.0
2025-11-20,0x04be52434eb64addf373137310551ac42013677c,0.0
2025-11-20,0x087cdae4009af7974fb808cd4e01414ebf820ab0,0.0
2025-11-20,0x0c560e8b4c179782ab476dfed8a129b0d64e66e8,0.0
2025-11-20,0x218c56f591abc69c40e96a10e7b69c62c2c406ee,0.0
2025-11-20,0x28cd26d85b4ac655a489aa3f259f81283bd1a804,0.0
2025-11-20,0x2bcd8898a678050efa5f41f4c6012045dee1b5c3,0.0
2025-11-20,0x2e5b63b36e7b115229d12c88cd47d471c122eddf,0.0
2025-11-20,0x349dd66d555a26d890f6bb996ef1eadf9f65bdd3,0.0
2025-11-20,0x36df841c8c269300335ed74d7729c66bc9dcb37d,0.0
2025-11-20,0x3787e2720296b4e0119e344e1b64291ed5fea398,0.0
2025-11-20,0x3b63bbf52aa94016b61ee8d6809253f915d61411,0.0
2025-11-20,0x3d9f3cc0d52ea543116dfebdf3c77819766a64e2,0.0
2025-11-20,0x422cb45f4dcb3f798b53835f8671288d424d881f,0.0
2025-11-20,0x4784a9b16ba5ccb9fb384c0a68448b9e70d357a6,0.0
2025-11-20,0x480f54f40e35739b6ed1dd0cb64ff881c392ff64,0.0
2025-11-20,0x4813ffe82fe058134762df947a9bf453229a010f,0.0
2025-11-20,0x4d571d89c5b71f720dbd271ac60f574402e76add,0.0
2025-11-20,0x52512f63bfdc0ca4d15e31da6b395c94eb16d563,0.0
2025-11-20,0x583924a6dfa73f20d7cee1f067f56afeccdda38c,0.0
2025-11-20,0x58c659b1c03d03ab6e7cf1ad6781bfe16a39375d,0.0
2025-11-20,0x5ebd6fc47e018d572695a30406aab2094f5739a5,0.0
2025-11-20,0x60a50be186c8fedeee7eb8e4162e8052bda6ba0e,0.0
2025-11-20,0x6194a13d478ba4de00cace380f51190663fd0de0,0.0
2025-11-20,0x64fbb84b9a101227af977ab5916cdead0de630bb,0.0
2025-11-20,0x657dd0353bbab3c31a15bebaefe5708f91599384,0.0
2025-11-20,0x66f069a1aa1838b8f435459683a82ec5c4175be1,0.0
2025-11-20,0x696361910177b630d7d98beb66db2a87210111ea,0.0
2025-11-20,0x6a70e534e6244e34eca9ca8218640f2d4ee49b42,0.0
2025-11-20,0x6b9cee98a4ca6cff357f576fb2a6cb2b5e43c39f,0.0
2025-11-20,0x6f78bc27fa80f127fadb1897f98dde6cfb3c3f94,0.0
2025-11-20,0x7531543d11be70509fd98599cab5e97745dd04ab,0.0
2025-11-20,0x772ca23497f271c6113fce7c53782f35c304790e,0.0
2025-11-20,0x7743b97525bdf503506288463d39b59b69993cfe,0.0
2025-11-20,0x790d41e2f911b6eecad286c04734036929049793,0.0
2025-11-20,0x7a0222dee3519854468f31154a4349c92814875f,0.0
2025-11-20,0x7d10bd50494ca1094cb706fadee52345b6139cf9,0.0
2025-11-20,0x7df172e521125054caa01d73c4fb4d30360e1079,0.0
2025-11-20,0x7f554a7568293db35a6421759c305fee6b60aa9a,0.0
2025-11-20,0x7f99c1b85c831c60d6f534412e4be78cab94a5e5,0.0
2025-11-20,0x8075c55918a91f5fc1f66fb77a7ca0be67a90233,0.0
2025-11-20,0x84c87d848244e49602f1ce614e46eba81e5f246f,0.0
2025-11-20,0x8633be9e9a5c7c39e9dc9d7ffef0979ce1026e71,0.0
2025-11-20,0x8b6bbe943259e12885529e4d340a0a5822f8d337,0.0
2025-11-20,0x8c298797fb92fb91c1d4a83e5b948f431fe229c6,0.0
2025-11-20,0x8da35b920fe236a757a0fad93d3a3ab8ea0a24cc,0.0
2025-11-20,0x8da66f6ee0eedf4376e471d7a507553296e49c19,0.0
2025-11-20,0x9ab1433913c1014e2166b3c7f039d9528b1fc540,0.0
2025-11-20,0x9e231a8b9c247230cb88befafee97a22ae244ee5,0.0
2025-11-20,0xac82362174a32fbbad61efcb0f02b9016b20c768,0.0
2025-11-20,0xae598104ba092f09470e59e7a4d2349dbbdc3310,0.0
2025-11-20,0xb57d2a1424ff536ef5debb8761662c72f90f9b66,0.0
2025-11-20,0xc32f2f6217d105d17904f8f495aa122baef4a333,0.0
2025-11-20,0xcc18c9473f7117e599b3f2103e794b16ffe7cf44,0.0
2025-11-20,0xcd75160eeafa7227d1eea1dc157f77c3cb0c4688,0.0
2025-11-20,0xd359264dd634edf74d5d00ed06ccc44ab20eeba9,0.0
2025-11-20,0xdf5f43411c47c07ebcf03c16c29f18313e45ca66,0.0
2025-11-20,0xe3abf7f7d29df6d64128794f64ed3d1b15a5e759,0.0
2025-11-20,0xe4922b8eb9bef6f486564a59987f4e1930c53235,0.0
2025-11-20,0xe6cac97e024e8e1d0d01cd5d1c72fcdcfe78be3d,0.0
2025-11-20,0xea8d6a4caaef55c18da4c1efe7303b0f61b0415c,0.0
2025-11-20,0xee2a70532e807259fcfd63274ad4e560dcca2613,0.0
2025-11-20,0xf5397ef04201f76a3e97457bc84f27303df20e80,0.0
2025-11-20,0xf5a89d2608db8fd229a076895f4f8d304e58c3a5,0.0
2025-11-20,0xf9baa2c717f8140d6925d8ff1827abeca1906526,0.0
2025-11-20,0xfaf8dbc45d01261ac417cf3b2843288df47fcacd,0.0
2025-11-20,0xff0034103421a624aa2b2d618fe7602cd6dd3f1d,0.0
2025-11-20,0xff806c084c40bce44d2facba005f8f1887cce7f4,0.0
2025-11-21,0x04be52434eb64addf373137310551ac42013677c,0.0
2025-11-21,0x087cdae4009af7974fb808cd4e01414ebf820ab0,0.0
2025-11-21,0x0c560e8b4c179782ab476dfed8a129b0d64e66e8,0.0
2025-11-21,0x218c56f591abc69c40e96a10e7b69c62c2c406ee,0.0
2025-11-21,0x28cd26d85b4ac655a489aa3f259f81283bd1a804,0.0
2025-11-21,0x2bcd8898a678050efa5f41f4c6012045dee1b5c3,0.0
2025-11-21,0x2e5b63b36e7b115229d12c88cd47d471c122eddf,0.0
2025-11-21,0x349dd66d555a26d890f6bb996ef1eadf9f65bdd3,0.0
2025-11-21,0x36df841c8c269300335ed74d7729c66bc9dcb37d,0.0
2025-11-21,0x3787e2720296b4e0119e344e1b64291ed5fea398,0.0
2025-11-21,0x3b63bbf52aa94016b61ee8d6809253f915d61411,0.0
2025-11-21,0x3d9f3cc0d52ea543116dfebdf3c77819766a64e2,0.0
2025-11-21,0x422cb45f4dcb3f798b53835f8671288d424d881f,0.0
2025-11-21,0x4784a9b16ba5ccb9fb384c0a68448b9e70d357a6,0.0
2025-11-21,0x480f54f40e35739b6ed1dd0cb64ff881c392ff64,0.0
2025-11-21,0x4813ffe82fe058134762df947a9bf453229a010f,0.0
2025-11-21,0x4d571d89c5b71f720dbd271ac60f574402e76add,0.0
2025-11-21,0x52512f63bfdc0ca4d15e31da6b395c94eb16d563,0.0
2025-11-21,0x583924a6dfa73f20d7cee1f067f56afeccdda38c,0.0
2025-11-21,0x58c659b1c03d03ab6e7cf1ad6781bfe16a39375d,0.0
2025-11-21,0x5ebd6fc47e018d572695a30406aab2094f5739a5,0.0
2025-11-21,0x60a50be186c8fedeee7eb8e4162e8052bda6ba0e,0.0
2025-11-21,0x6194a13d478ba4de00cace380f51190663fd0de0,0.0
2025-11-21,0x64fbb84b9a101227af977ab5916cdead0de630bb,0.0
2025-11-21,0x657dd0353bbab3c31a15bebaefe5708f91599384,0.0
2025-11-21,0x66f069a1aa1838b8f435459683a82ec5c4175be1,0.0
2025-11-21,0x696361910177b630d7d98beb66db2a87210111ea,0.0
2025-11-21,0x6a70e534e6244e34eca9ca8218640f2d4ee49b42,0.0
2025-11-21,0x6b9cee98a4ca6cff357f576fb2a6cb2b5e43c39f,0.0
2025-11-21,0x6f78bc27fa80f127fadb1897f98dde6cfb3c3f94,0.0
2025-11-21,0x7531543d11be70509fd98599cab5e97745dd04ab,0.0
2025-11-21,0x772ca23497f271c6113fce7c53782f35c304790e,0.0
2025-11-21,0x7743b97525bdf503506288463d39b59b69993cfe,0.0
2025-11-21,0x790d41e2f911b6eecad286c04734036929049793,0.0
2025-11-21,0x7a0222dee3519854468f31154a4349c92814875f,0.0
2025-11-21,0x7d10bd50494ca1094cb706fadee52345b6139cf9,0.0
2025-11-21,0x7df172e521125054caa01d73c4fb4d30360e1079,0.0
2025-11-21,0x7f554a7568293db35a6421759c305fee6b60aa9a,0.0
2025-11-21,0x7f99c1b85c831c60d6f534412e4be78cab94a5e5,0.0
2025-11-21,0x8075c55918a91f5fc1f66fb77a7ca0be67a90233,0.0
2025-11-21,0x84c87d848244e49602f1ce614e46eba81e5f246f,0.0
2025-11-21,0x8633be9e9a5c7c39e9dc9d7ffef0979ce1026e71,0.0
2025-11-21,0x8b6bbe943259e12885529e4d340a0a5822f8d337,0.0
2025-11-21,0x8c298797fb92fb91c1d4a83e5b948f431fe229c6,0.0
2025-11-21,0x8da35b920fe236a757a0fad93d3a3ab8ea0a24cc,0.0
2025-11-21,0x8da66f6ee0eedf4376e471d7a507553296e49c19,0.0
2025-11-21,0x9ab1433913c1014e2166b3c7f039d9528b1fc540,0.0
2025-11-21,0x9e231a8b9c247230cb88befafee97a22ae244ee5,0.0
2025-11-21,0xac82362174a32fbbad61efcb0f02b9016b20c768,0.0
2025-11-21,0xae598104ba092f09470e59e7a4d2349dbbdc3310,0.0
2025-11-21,0xb57d2a1424ff536ef5debb8761662c72f90f9b66,0.0
2025-11-21,0xc32f2f6217d105d17904f8f495aa122baef4a333,0.0
2025-11-21,0xcc18c9473f7117e599b3f2103e794b16ffe7cf44,0.0
2025-11-21,0xcd75160eeafa7227d1eea1dc157f77c3cb0c4688,0.0
2025-11-21,0xd359264dd634edf74d5d00ed06ccc44ab20eeba9,0.0
2025-11-21,0xdf5f43411c47c07ebcf03c16c29f18313e45ca66,0.0
2025-11-21,0xe3abf7f7d29df6d64128794f64ed3d1b15a5e759,0.0
2025-11-21,0xe4922b8eb9bef6f486564a59987f4e1930c53235,0.0
2025-11-21,0xe6cac97e024e8e1d0d01cd5d1c72fcdcfe78be3d,0.0
2025-11-21,0xea8d6a4caaef55c18da4c1efe7303b0f61b0415c,0.0
2025-11-21,0xee2a70532e807259fcfd63274ad4e560dcca2613,0.0
2025-11-21,0xf5397ef04201f76a3e97457bc84f27303df20e80,0.0
2025-11-21,0xf5a89d2608db8fd229a076895f4f8d304e58c3a5,0.0
2025-11-21,0xf9baa2c717f8140d6925d8ff1827abeca1906526,0.0
2025-11-21,0xfaf8dbc45d01261ac417cf3b2843288df47fcacd,0.0
2025-11-21,0xff0034103421a624aa2b2d618fe7602cd6dd3f1d,0.0
2025-11-21,0xff806c084c40bce44d2facba005f8f1887cce7f4,0.0
2025-11-22,0x04be52434eb64addf373137310551ac42013677c,0.0
2025-11-22,0x087cdae4009af7974fb808cd4e01414ebf820ab0,0.0
2025-11-22,0x0c560e8b4c179782ab476dfed8a129b0d64e66e8,0.0
2025-11-22,0x218c56f591abc69c40e96a10e7b69c62c2c406ee,0.0
2025-11-22,0x28cd26d85b4ac655a489aa3f259f81283bd1a804,0.0
2025-11-22,0x2bcd8898a678050efa5f41f4c6012045dee1b5c3,0.0
2025-11-22,0x2e5b63b36e7b115229d12c88cd47d471c122eddf,0.0
2025-11-22,0x349dd66d555a26d890f6bb996ef1eadf9f65bdd3,0.0
2025-11-22,0x36df841c8c269300335ed74d7729c66bc9dcb37d,0.0
2025-11-22,0x3787e2720296b4e0119e344e1b64291ed5fea398,0.0
2025-11-22,0x3b63bbf52aa94016b61ee8d6809253f915d61411,0.0
2025-11-22,0x3d9f3cc0d52ea543116dfebdf3c77819766a64e2,0.0
2025-11-22,0x422cb45f4dcb3f798b53835f8671288d424d881f,0.0
2025-11-22,0x4784a9b16ba5ccb9fb384c0a68448b9e70d357a6,0.0
2025-11-22,0x480f54f40e35739b6ed1dd0cb64ff881c392ff64,0.0
2025-11-22,0x4813ffe82fe058134762df947a9bf453229a010f,0.0
2025-11-22,0x4d571d89c5b71f720dbd271ac60f574402e76add,0.0
2025-11-22,0x52512f63bfdc0ca4d15e31da6b395c94eb16d563,0.0
2025-11-22,0x583924a6dfa73f20d7cee1f067f56afeccdda38c,0.0
2025-11-22,0x58c659b1c03d03ab6e7cf1ad6781bfe16a39375d,0.0
2025-11-22,0x5ebd6fc47e018d572695a30406aab2094f5739a5,0.0
2025-11-22,0x60a50be186c8fedeee7eb8e4162e8052bda6ba0e,0.0
2025-11-22,0x6194a13d478ba4de00cace380f51190663fd0de0,0.0
2025-11-22,0x64fbb84b9a101227af977ab5916cdead0de630bb,0.0
2025-11-22,0x657dd0353bbab3c31a15bebaefe5708f91599384,0.0
2025-11-22,0x66f069a1aa1838b8f435459683a82ec5c4175be1,0.0
2025-11-22,0x696361910177b630d7d98beb66db2a87210111ea,0.0
2025-11-22,0x6a70e534e6244e34eca9ca8218640f2d4ee49b42,0.0
2025-11-22,0x6b9cee98a4ca6cff357f576fb2a6cb2b5e43c39f,0.0
2025-11-22,0x6f78bc27fa80f127fadb1897f98dde6cfb3c3f94,0.0
2025-11-22,0x7531543d11be70509fd98599cab5e97745dd04ab,0.0
2025-11-22,0x772ca23497f271c6113fce7c53782f35c304790e,0.0
2025-11-22,0x7743b97525bdf503506288463d39b59b69993cfe,0.0
2025-11-22,0x790d41e2f911b6eecad286c04734036929049793,0.0
2025-11-22,0x7a0222dee3519854468f31154a4349c92814875f,0.0
2025-11-22,0x7d10bd50494ca1094cb706fadee52345b6139cf9,0.0
2025-11-22,0x7df172e521125054caa01d73c4fb4d30360e1079,0.0
2025-11-22,0x7f554a7568293db35a6421759c305fee6b60aa9a,0.0
2025-11-22,0x7f99c1b85c831c60d6f534412e4be78cab94a5e5,0.0
2025-11-22,0x8075c55918a91f5fc1f66fb77a7ca0be67a90233,0.0
2025-11-22,0x84c87d848244e49602f1ce614e46eba81e5f246f,0.0
2025-11-22,0x8633be9e9a5c7c39e9dc9d7ffef0979ce1026e71,0.0
2025-11-22,0x8b6bbe943259e12885529e4d340a0a5822f8d337,0.0
2025-11-22,0x8c298797fb92fb91c1d4a83e5b948f431fe229c6,0.0
2025-11-22,0x8da35b920fe236a757a0fad93d3a3ab8ea0a24cc,0.0
2025-11-22,0x8da66f6ee0eedf4376e471d7a507553296e49c19,0.0
2025-11-22,0x9ab1433913c1014e2166b3c7f039d9528b1fc540,0.0
2025-11-22,0x9e231a8b9c247230cb88befafee97a22ae244ee5,0.0
2025-11-22,0xac82362174a32fbbad61efcb0f02b9016b20c768,0.0
2025-11-22,0xae598104ba092f09470e59e7a4d2349dbbdc3310,0.0
2025-11-22,0xb57d2a1424ff536ef5debb8761662c72f90f9b66,0.0
2025-11-22,0xc32f2f6217d105d17904f8f495aa122baef4a333,0.0
2025-11-22,0xcc18c9473f7117e599b3f2103e794b16ffe7cf44,0.0
2025-11-22,0xcd75160eeafa7227d1eea1dc157f77c3cb0c4688,0.0
2025-11-22,0xd359264dd634edf74d5d00ed06ccc44ab20eeba9,0.0
2025-11-22,0xdf5f43411c47c07ebcf03c16c29f18313e45ca66,0.0
2025-11-22,0xe3abf7f7d29df6d64128794f64ed3d1b15a5e759,0.0
2025-11-22,0xe4922b8eb9bef6f486564a59987f4e1930c53235,0.0
2025-11-22,0xe6cac97e024e8e1d0d01cd5d1c72fcdcfe78be3d,0.0
2025-11-22,0xea8d6a4caaef55c18da4c1efe7303b0f61b0415c,0.0
2025-11-22,0xee2a70532e807259fcfd63274ad4e560dcca2613,0.0
2025-11-22,0xf5397ef04201f76a3e97457bc84f27303df20e80,0.0
2025-11-22,0xf5a89d2608db8fd229a076895f4f8d304e58c3a5,0.0
2025-11-22,0xf9baa2c717f8140d6925d8ff1827abeca1906526,0.0
2025-11-22,0xfaf8dbc45d01261ac417cf3b2843288df47fcacd,0.0
2025-11-22,0xff0034103421a624aa2b2d618fe7602cd6dd3f1d,0.0
2025-11-22,0xff806c084c40bce44d2facba005f8f1887cce7f4,0.0
2025-11-23,0x04be52434eb64addf373137310551ac42013677c,0.0
2025-11-23,0x087cdae4009af7974fb808cd4e01414ebf820ab0,0.0
2025-11-23,0x0c560e8b4c179782ab476dfed8a129b0d64e66e8,0.0
2025-11-23,0x218c56f591abc69c40e96a10e7b69c62c2c406ee,0.0
2025-11-23,0x28cd26d85b4ac655a489aa3f259f81283bd1a804,0.0
2025-11-23,0x2bcd8898a678050efa5f41f4c6012045dee1b5c3,0.0
2025-11-23,0x2e5b63b36e7b115229d12c88cd47d471c122eddf,0.0
2025-11-23,0x349dd66d555a26d890f6bb996ef1eadf9f65bdd3,0.0
2025-11-23,0x36df841c8c269300335ed74d7729c66bc9dcb37d,0.0
2025-11-23,0x3787e2720296b4e0119e344e1b64291ed5fea398,0.0
2025-11-23,0x3b63bbf52aa94016b61ee8d6809253f915d61411,0.0
2025-11-23,0x3d9f3cc0d52ea543116dfebdf3c77819766a64e2,0.0
2025-11-23,0x422cb45f4dcb3f798b53835f8671288d424d881f,0.0
2025-11-23,0x4784a9b16ba5ccb9fb384c0a68448b9e70d357a6,0.0
2025-11-23,0x480f54f40e35739b6ed1dd0cb64ff881c392ff64,0.0
2025-11-23,0x4813ffe82fe058134762df947a9bf453229a010f,0.0
2025-11-23,0x4d571d89c5b71f720dbd271ac60f574402e76add,0.0
2025-11-23,0x52512f63bfdc0ca4d15e31da6b395c94eb16d563,0.0
2025-11-23,0x583924a6dfa73f20d7cee1f067f56afeccdda38c,0.0
2025-11-23,0x58c659b1c03d03ab6e7cf1ad6781bfe16a39375d,0.0
2025-11-23,0x5ebd6fc47e018d572695a30406aab2094f5739a5,0.0
2025-11-23,0x60a50be186c8fedeee7eb8e4162e8052bda6ba0e,0.0
2025-11-23,0x6194a13d478ba4de00cace380f51190663fd0de0,0.0
2025-11-23,0x64fbb84b9a101227af977ab5916cdead0de630bb,0.0
2025-11-23,0x657dd0353bbab3c31a15bebaefe5708f91599384,0.0
2025-11-23,0x66f069a1aa1838b8f435459683a82ec5c4175be1,0.0
2025-11-23,0x696361910177b630d7d98beb66db2a87210111ea,0.0
2025-11-23,0x6a70e534e6244e34eca9ca8218640f2d4ee49b42,0.0
2025-11-23,0x6b9cee98a4ca6cff357f576fb2a6cb2b5e43c39f,0.0
2025-11-23,0x6f78bc27fa80f127fadb1897f98dde6cfb3c3f94,0.0
2025-11-23,0x7531543d11be70509fd98599cab5e97745dd04ab,0.0
2025-11-23,0x772ca23497f271c6113fce7c53782f35c304790e,0.0
2025-11-23,0x7743b97525bdf503506288463d39b59b69993cfe,0.0
2025-11-23,0x790d41e2f911b6eecad286c04734036929049793,0.0
2025-11-23,0x7a0222dee3519854468f31154a4349c92814875f,0.0
2025-11-23,0x7d10bd50494ca1094cb706fadee52345b6139cf9,0.0
2025-11-23,0x7df172e521125054caa01d73c4fb4d30360e1079,0.0
2025-11-23,0x7f554a7568293db35a6421759c305fee6b60aa9a,0.0
2025-11-23,0x7f99c1b85c831c60d6f534412e4be78cab94a5e5,0.0
2025-11-23,0x8075c55918a91f5fc1f66fb77a7ca0be67a90233,0.0
2025-11-23,0x84c87d848244e49602f1ce614e46eba81e5f246f,0.0
2025-11-23,0x8633be9e9a5c7c39e9dc9d7ffef0979ce1026e71,0.0
2025-11-23,0x8b6bbe943259e12885529e4d340a0a5822f8d337,0.0
2025-11-23,0x8c298797fb92fb91c1d4a83e5b948f431fe229c6,0.0
2025-11-23,0x8da35b920fe236a757a0fad93d3a3ab8ea0a24cc,0.0
2025-11-23,0x8da66f6ee0eedf4376e471d7a507553296e49c19,0.0
2025-11-23,0x9ab1433913c1014e2166b3c7f039d9528b1fc540,0.0
2025-11-23,0x9e231a8b9c247230cb88befafee97a22ae244ee5,0.0
2025-11-23,0xac82362174a32fbbad61efcb0f02b9016b20c768,0.0
2025-11-23,0xae598104ba092f09470e59e7a4d2349dbbdc3310,0.0
2025-11-23,0xb57d2a1424ff536ef5debb8761662c72f90f9b66,0.0
2025-11-23,0xc32f2f6217d105d17904f8f495aa122baef4a333,0.0
2025-11-23,0xcc18c9473f7117e599b3f2103e794b16ffe7cf44,0.0
2025-11-23,0xcd75160eeafa7227d1eea1dc157f77c3cb0c4688,0.0
2025-11-23,0xd359264dd634edf74d5d00ed06ccc44ab20eeba9,0.0
2025-11-23,0xdf5f43411c47c07ebcf03c16c29f18313e45ca66,0.0
2025-11-23,0xe3abf7f7d29df6d64128794f64ed3d1b15a5e759,0.0
2025-11-23,0xe4922b8eb9bef6f486564a59987f4e1930c53235,0.0
2025-11-23,0xe6cac97e024e8e1d0d01cd5d1c72fcdcfe78be3d,0.0
2025-11-23,0xea8d6a4caaef55c18da4c1efe7303b0f61b0415c,0.0
2025-11-23,0xee2a70532e807259fcfd63274ad4e560dcca2613,0.0
2025-11-23,0xf5397ef04201f76a3e97457bc84f27303df20e80,0.0
2025-11-23,0xf5a89d2608db8fd229a076895f4f8d304e58c3a5,0.0
2025-11-23,0xf9baa2c717f8140d6925d8ff1827abeca1906526,0.0
2025-11-23,0xfaf8dbc45d01261ac417cf3b2843288df47fcacd,0.0
2025-11-23,0xff0034103421a624aa2b2d618fe7602cd6dd3f1d,0.0
2025-11-23,0xff806c084c40bce44d2facba005f8f1887cce7f4,0.0
2025-11-24,0x04be52434eb64addf373137310551ac42013677c,0.0
2025-11-24,0x087cdae4009af7974fb808cd4e01414ebf820ab0,0.0
2025-11-24,0x0c560e8b4c179782ab476dfed8a129b0d64e66e8,0.0
2025-11-24,0x218c56f591abc69c40e96a10e7b69c62c2c406ee,0.0
2025-11-24,0x28cd26d85b4ac655a489aa3f259f81283bd1a804,0.0
2025-11-24,0x2bcd8898a678050efa5f41f4c6012045dee1b5c3,0.0
2025-11-24,0x2e5b63b36e7b115229d12c88cd47d471c122eddf,0.0
2025-11-24,0x349dd66d555a26d890f6bb996ef1eadf9f65bdd3,0.0
2025-11-24,0x36df841c8c269300335ed74d7729c66bc9dcb37d,0.0
2025-11-24,0x3787e2720296b4e0119e344e1b64291ed5fea398,0.0
2025-11-24,0x3b63bbf52aa94016b61ee8d6809253f915d61411,0.0
2025-11-24,0x3d9f3cc0d52ea543116dfebdf3c77819766a64e2,0.0
2025-11-24,0x422cb45f4dcb3f798b53835f8671288d424d881f,0.0
2025-11-24,0x4784a9b16ba5ccb9fb384c0a68448b9e70d357a6,0.0
2025-11-24,0x480f54f40e35739b6ed1dd0cb64ff881c392ff64,0.0
2025-11-24,0x4813ffe82fe058134762df947a9bf453229a010f,0.0
2025-11-24,0x4d571d89c5b71f720dbd271ac60f574402e76add,0.0
2025-11-24,0x52512f63bfdc0ca4d15e31da6b395c94eb16d563,0.0
2025-11-24,0x583924a6dfa73f20d7cee1f067f56afeccdda38c,0.0
2025-11-24,0x58c659b1c03d03ab6e7cf1ad6781bfe16a39375d,0.0
2025-11-24,0x5ebd6fc47e018d572695a30406aab2094f5739a5,0.0
2025-11-24,0x60a50be186c8fedeee7eb8e4162e8052bda6ba0e,0.0
2025-11-24,0x6194a13d478ba4de00cace380f51190663fd0de0,0.0
2025-11-24,0x64fbb84b9a101227af977ab5916cdead0de630bb,0.0
2025-11-24,0x657dd0353bbab3c31a15bebaefe5708f91599384,0.0
2025-11-24,0x66f069a1aa1838b8f435459683a82ec5c4175be1,0.0
2025-11-24,0x696361910177b630d7d98beb66db2a87210111ea,0.0
2025-11-24,0x6a70e534e6244e34eca9ca8218640f2d4ee49b42,0.0
2025-11-24,0x6b9cee98a4ca6cff357f576fb2a6cb2b5e43c39f,0.0
2025-11-24,0x6f78bc27fa80f127fadb1897f98dde6cfb3c3f94,0.0
2025-11-24,0x7531543d11be70509fd98599cab5e97745dd04ab,0.0
2025-11-24,0x772ca23497f271c6113fce7c53782f35c304790e,0.0
2025-11-24,0x7743b97525bdf503506288463d39b59b69993cfe,0.0
2025-11-24,0x790d41e2f911b6eecad286c04734036929049793,0.0
2025-11-24,0x7a0222dee3519854468f31154a4349c92814875f,0.0
2025-11-24,0x7d10bd50494ca1094cb706fadee52345b6139cf9,0.0
2025-11-24,0x7df172e521125054caa01d73c4fb4d30360e1079,0.0
2025-11-24,0x7f554a7568293db35a6421759c305fee6b60aa9a,0.0
2025-11-24,0x7f99c1b85c831c60d6f534412e4be78cab94a5e5,0.0
2025-11-24,0x8075c55918a91f5fc1f66fb77a7ca0be67a90233,0.0
2025-11-24,0x84c87d848244e49602f1ce614e46eba81e5f246f,0.0
2025-11-24,0x8633be9e9a5c7c39e9dc9d7ffef0979ce1026e71,0.0
2025-11-24,0x8b6bbe943259e12885529e4d340a0a5822f8d337,0.0
2025-11-24,0x8c298797fb92fb91c1d4a83e5b948f431fe229c6,0.0
2025-11-24,0x8da35b920fe236a757a0fad93d3a3ab8ea0a24cc,0.0
2025-11-24,0x8da66f6ee0eedf4376e471d7a507553296e49c19,0.0
2025-11-24,0x9ab1433913c1014e2166b3c7f039d9528b1fc540,0.0
2025-11-24,0x9e231a8b9c247230cb88befafee97a22ae244ee5,0.0
2025-11-24,0xac82362174a32fbbad61efcb0f02b9016b20c768,0.0
2025-11-24,0xae598104ba092f09470e59e7a4d2349dbbdc3310,0.0
2025-11-24,0xb57d2a1424ff536ef5debb8761662c72f90f9b66,0.0
2025-11-24,0xc32f2f6217d105d17904f8f495aa122baef4a333,0.0
2025-11-24,0xcc18c9473f7117e599b3f2103e794b16ffe7cf44,0.0
2025-11-24,0xcd75160eeafa7227d1eea1dc157f77c3cb0c4688,0.0
2025-11-24,0xd359264dd634edf74d5d00ed06ccc44ab20eeba9,0.0
2025-11-24,0xdf5f43411c47c07ebcf03c16c29f18313e45ca66,0.0
2025-11-24,0xe3abf7f7d29df6d64128794f64ed3d1b15a5e759,0.0
2025-11-24,0xe4922b8eb9bef6f486564a59987f4e1930c53235,0.0
2025-11-24,0xe6cac97e024e8e1d0d01cd5d1c72fcdcfe78be3d,0.0
2025-11-24,0xea8d6a4caaef55c18da4c1efe7303b0f61b0415c,0.0
2025-11-24,0xee2a70532e807259fcfd63274ad4e560dcca2613,0.0
2025-11-24,0xf5397ef04201f76a3e97457bc84f27303df20e80,0.0
2025-11-24,0xf5a89d2608db8fd229a076895f4f8d304e58c3a5,0.0
2025-11-24,0xf9baa2c717f8140d6925d8ff1827abeca1906526,0.0
2025-11-24,0xfaf8dbc45d01261ac417cf3b2843288df47fcacd,0.0
2025-11-24,0xff0034103421a624aa2b2d618fe7602cd6dd3f1d,0.0
2025-11-24,0xff806c084c40bce44d2facba005f8f1887cce7f4,0.0
2025-11-25,0x04be52434eb64addf373137310551ac42013677c,0.0
2025-11-25,0x087cdae4009af7974fb808cd4e01414ebf820ab0,0.0
2025-11-25,0x0c560e8b4c179782ab476dfed8a129b0d64e66e8,0.0
2025-11-25,0x218c56f591abc69c40e96a10e7b69c62c2c406ee,0.0
2025-11-25,0x28cd26d85b4ac655a489aa3f259f81283bd1a804,500.000575
2025-11-25,0x2bcd8898a678050efa5f41f4c6012045dee1b5c3,0.0
2025-11-25,0x2e5b63b36e7b115229d12c88cd47d471c122eddf,0.0
2025-11-25,0x349dd66d555a26d890f6bb996ef1eadf9f65bdd3,0.0
2025-11-25,0x36df841c8c269300335ed74d7729c66bc9dcb37d,0.0
2025-11-25,0x3787e2720296b4e0119e344e1b64291ed5fea398,0.0
2025-11-25,0x3b63bbf52aa94016b61ee8d6809253f915d61411,0.0
2025-11-25,0x3d9f3cc0d52ea543116dfebdf3c77819766a64e2,0.0
2025-11-25,0x422cb45f4dcb3f798b53835f8671288d424d881f,0.0
2025-11-25,0x4784a9b16ba5ccb9fb384c0a68448b9e70d357a6,0.0
2025-11-25,0x480f54f40e35739b6ed1dd0cb64ff881c392ff64,0.0
2025-11-25,0x4813ffe82fe058134762df947a9bf453229a010f,0.0
2025-11-25,0x4d571d89c5b71f720dbd271ac60f574402e76add,0.0
2025-11-25,0x52512f63bfdc0ca4d15e31da6b395c94eb16d563,0.0
2025-11-25,0x583924a6dfa73f20d7cee1f067f56afeccdda38c,0.0
2025-11-25,0x58c659b1c03d03ab6e7cf1ad6781bfe16a39375d,0.0
2025-11-25,0x5ebd6fc47e018d572695a30406aab2094f5739a5,0.0
2025-11-25,0x60a50be186c8fedeee7eb8e4162e8052bda6ba0e,0.0
2025-11-25,0x6194a13d478ba4de00cace380f51190663fd0de0,0.0
2025-11-25,0x64fbb84b9a101227af977ab5916cdead0de630bb,0.0
2025-11-25,0x657dd0353bbab3c31a15bebaefe5708f91599384,0.0
2025-11-25,0x66f069a1aa1838b8f435459683a82ec5c4175be1,0.0
2025-11-25,0x696361910177b630d7d98beb66db2a87210111ea,0.0
2025-11-25,0x6a70e534e6244e34eca9ca8218640f2d4ee49b42,0.0
2025-11-25,0x6b9cee98a4ca6cff357f576fb2a6cb2b5e43c39f,0.0
2025-11-25,0x6f78bc27fa80f127fadb1897f98dde6cfb3c3f94,0.0
2025-11-25,0x7531543d11be70509fd98599cab5e97745dd04ab,0.0
2025-11-25,0x772ca23497f271c6113fce7c53782f35c304790e,0.0
2025-11-25,0x7743b97525bdf503506288463d39b59b69993cfe,0.0
2025-11-25,0x790d41e2f911b6eecad286c04734036929049793,0.0
2025-11-25,0x7a0222dee3519854468f31154a4349c92814875f,0.0
2025-11-25,0x7d10bd50494ca1094cb706fadee52345b6139cf9,0.0
2025-11-25,0x7df172e521125054caa01d73c4fb4d30360e1079,0.0
2025-11-25,0x7f554a7568293db35a6421759c305fee6b60aa9a,0.0
2025-11-25,0x7f99c1b85c831c60d6f534412e4be78cab94a5e5,0.0
2025-11-25,0x8075c55918a91f5fc1f66fb77a7ca0be67a90233,0.0
2025-11-25,0x84c87d848244e49602f1ce614e46eba81e5f246f,0.0
2025-11-25,0x8633be9e9a5c7c39e9dc9d7ffef0979ce1026e71,0.0
2025-11-25,0x8b6bbe943259e12885529e4d340a0a5822f8d337,0.0
2025-11-25,0x8c298797fb92fb91c1d4a83e5b948f431fe229c6,0.0
2025-11-25,0x8da35b920fe236a757a0fad93d3a3ab8ea0a24cc,0.0
2025-11-25,0x8da66f6ee0eedf4376e471d7a507553296e49c19,0.0
2025-11-25,0x9ab1433913c1014e2166b3c7f039d9528b1fc540,0.0
2025-11-25,0x9e231a8b9c247230cb88befafee97a22ae244ee5,0.0
2025-11-25,0xac82362174a32fbbad61efcb0f02b9016b20c768,0.0
2025-11-25,0xae598104ba092f09470e59e7a4d2349dbbdc3310,0.0
2025-11-25,0xb57d2a1424ff536ef5debb8761662c72f90f9b66,0.0
2025-11-25,0xc32f2f6217d105d17904f8f495aa122baef4a333,0.0
2025-11-25,0xcc18c9473f7117e599b3f2103e794b16ffe7cf44,0.0
2025-11-25,0xcd75160eeafa7227d1eea1dc157f77c3cb0c4688,0.0
2025-11-25,0xd359264dd634edf74d5d00ed06ccc44ab20eeba9,0.0
2025-11-25,0xdf5f43411c47c07ebcf03c16c29f18313e45ca66,0.0
2025-11-25,0xe3abf7f7d29df6d64128794f64ed3d1b15a5e759,0.0
2025-11-25,0xe4922b8eb9bef6f486564a59987f4e1930c53235,0.0
2025-11-25,0xe6cac97e024e8e1d0d01cd5d1c72fcdcfe78be3d,0.0
2025-11-25,0xea8d6a4caaef55c18da4c1efe7303b0f61b0415c,0.0
2025-11-25,0xee2a70532e807259fcfd63274ad4e560dcca2613,0.0
2025-11-25,0xf5397ef04201f76a3e97457bc84f27303df20e80,0.0
2025-11-25,0xf5a89d2608db8fd229a076895f4f8d304e58c3a5,0.0
2025-11-25,0xf9baa2c717f8140d6925d8ff1827abeca1906526,0.0
2025-11-25,0xfaf8dbc45d01261ac417cf3b2843288df47fcacd,0.0
2025-11-25,0xff0034103421a624aa2b2d618fe7602cd6dd3f1d,0.0
2025-11-25,0xff806c084c40bce44d2facba005f8f1887cce7f4,0.0
2025-11-26,0x04be52434eb64addf373137310551ac42013677c,0.0
2025-11-26,0x087cdae4009af7974fb808cd4e01414ebf820ab0,0.0
2025-11-26,0x0c560e8b4c179782ab476dfed8a129b0d64e66e8,0.0
2025-11-26,0x218c56f591abc69c40e96a10e7b69c62c2c406ee,0.0
2025-11-26,0x28cd26d85b4ac655a489aa3f259f81283bd1a804,500.014175
2025-11-26,0x2bcd8898a678050efa5f41f4c6012045dee1b5c3,0.0
2025-11-26,0x2e5b63b36e7b115229d12c88cd47d471c122eddf,0.0
2025-11-26,0x349dd66d555a26d890f6bb996ef1eadf9f65bdd3,0.0
2025-11-26,0x36df841c8c269300335ed74d7729c66bc9dcb37d,0.0
2025-11-26,0x3787e2720296b4e0119e344e1b64291ed5fea398,0.0
2025-11-26,0x3b63bbf52aa94016b61ee8d6809253f915d61411,0.0
2025-11-26,0x3d9f3cc0d52ea543116dfebdf3c77819766a64e2,0.0
2025-11-26,0x422cb45f4dcb3f798b53835f8671288d424d881f,0.0
2025-11-26,0x4784a9b16ba5ccb9fb384c0a68448b9e70d357a6,0.0
2025-11-26,0x480f54f40e35739b6ed1dd0cb64ff881c392ff64,0.0
2025-11-26,0x4813ffe82fe058134762df947a9bf453229a010f,0.0
2025-11-26,0x4d571d89c5b71f720dbd271ac60f574402e76add,0.0
2025-11-26,0x52512f63bfdc0ca4d15e31da6b395c94eb16d563,0.0
2025-11-26,0x583924a6dfa73f20d7cee1f067f56afeccdda38c,0.0
2025-11-26,0x58c659b1c03d03ab6e7cf1ad6781bfe16a39375d,0.0
2025-11-26,0x5ebd6fc47e018d572695a30406aab2094f5739a5,0.0
2025-11-26,0x60a50be186c8fedeee7eb8e4162e8052bda6ba0e,0.0
2025-11-26,0x6194a13d478ba4de00cace380f51190663fd0de0,0.0
2025-11-26,0x64fbb84b9a101227af977ab5916cdead0de630bb,0.0
2025-11-26,0x657dd0353bbab3c31a15bebaefe5708f91599384,0.0
2025-11-26,0x66f069a1aa1838b8f435459683a82ec5c4175be1,0.0
2025-11-26,0x696361910177b630d7d98beb66db2a87210111ea,0.0
2025-11-26,0x6a70e534e6244e34eca9ca8218640f2d4ee49b42,0.0
2025-11-26,0x6b9cee98a4ca6cff357f576fb2a6cb2b5e43c39f,0.0
2025-11-26,0x6f78bc27fa80f127fadb1897f98dde6cfb3c3f94,0.0
2025-11-26,0x7531543d11be70509fd98599cab5e97745dd04ab,0.0
2025-11-26,0x772ca23497f271c6113fce7c53782f35c304790e,0.0
2025-11-26,0x7743b97525bdf503506288463d39b59b69993cfe,0.0
2025-11-26,0x790d41e2f911b6eecad286c04734036929049793,0.0
2025-11-26,0x7a0222dee3519854468f31154a4349c92814875f,0.0
2025-11-26,0x7d10bd50494ca1094cb706fadee52345b6139cf9,0.0
2025-11-26,0x7df172e521125054caa01d73c4fb4d30360e1079,0.0
2025-11-26,0x7f554a7568293db35a6421759c305fee6b60aa9a,0.0
2025-11-26,0x7f99c1b85c831c60d6f534412e4be78cab94a5e5,0.0
2025-11-26,0x8075c55918a91f5fc1f66fb77a7ca0be67a90233,0.0
2025-11-26,0x84c87d848244e49602f1ce614e46eba81e5f246f,0.0
2025-11-26,0x8633be9e9a5c7c39e9dc9d7ffef0979ce1026e71,0.0
2025-11-26,0x8b6bbe943259e12885529e4d340a0a5822f8d337,0.0
2025-11-26,0x8c298797fb92fb91c1d4a83e5b948f431fe229c6,0.0
2025-11-26,0x8da35b920fe236a757a0fad93d3a3ab8ea0a24cc,0.0
2025-11-26,0x8da66f6ee0eedf4376e471d7a507553296e49c19,0.0
2025-11-26,0x9ab1433913c1014e2166b3c7f039d9528b1fc540,0.0
2025-11-26,0x9e231a8b9c247230cb88befafee97a22ae244ee5,0.0
2025-11-26,0xac82362174a32fbbad61efcb0f02b9016b20c768,0.0
2025-11-26,0xae598104ba092f09470e59e7a4d2349dbbdc3310,0.0
2025-11-26,0xb57d2a1424ff536ef5debb8761662c72f90f9b66,0.0
2025-11-26,0xc32f2f6217d105d17904f8f495aa122baef4a333,0.0
2025-11-26,0xcc18c9473f7117e599b3f2103e794b16ffe7cf44,0.0
2025-11-26,0xcd75160eeafa7227d1eea1dc157f77c3cb0c4688,0.0
2025-11-26,0xd359264dd634edf74d5d00ed06ccc44ab20eeba9,0.0
2025-11-26,0xdf5f43411c47c07ebcf03c16c29f18313e45ca66,0.0
2025-11-26,0xe3abf7f7d29df6d64128794f64ed3d1b15a5e759,0.0
2025-11-26,0xe4922b8eb9bef6f486564a59987f4e1930c53235,0.0
2025-11-26,0xe6cac97e024e8e1d0d01cd5d1c72fcdcfe78be3d,0.0
2025-11-26,0xea8d6a4caaef55c18da4c1efe7303b0f61b0415c,0.0
2025-11-26,0xee2a70532e807259fcfd63274ad4e560dcca2613,0.0
2025-11-26,0xf5397ef04201f76a3e97457bc84f27303df20e80,0.0
2025-11-26,0xf5a89d2608db8fd229a076895f4f8d304e58c3a5,0.0
2025-11-26,0xf9baa2c717f8140d6925d8ff1827abeca1906526,0.0
2025-11-26,0xfaf8dbc45d01261ac417cf3b2843288df47fcacd,0.0
2025-11-26,0xff0034103421a624aa2b2d618fe7602cd6dd3f1d,0.0
2025-11-26,0xff806c084c40bce44d2facba005f8f1887cce7f4,0.0
2025-11-27,0x04be52434eb64addf373137310551ac42013677c,0.0
2025-11-27,0x087cdae4009af7974fb808cd4e01414ebf820ab0,0.0
2025-11-27,0x0c560e8b4c179782ab476dfed8a129b0d64e66e8,0.0
2025-11-27,0x218c56f591abc69c40e96a10e7b69c62c2c406ee,0.0
2025-11-27,0x28cd26d85b4ac655a489aa3f259f81283bd1a804,500.023692
2025-11-27,0x2bcd8898a678050efa5f41f4c6012045dee1b5c3,0.0
2025-11-27,0x2e5b63b36e7b115229d12c88cd47d471c122eddf,0.0
2025-11-27,0x349dd66d555a26d890f6bb996ef1eadf9f65bdd3,0.0
2025-11-27,0x36df841c8c269300335ed74d7729c66bc9dcb37d,0.0
2025-11-27,0x3787e2720296b4e0119e344e1b64291ed5fea398,0.0
2025-11-27,0x3b63bbf52aa94016b61ee8d6809253f915d61411,0.0
2025-11-27,0x3d9f3cc0d52ea543116dfebdf3c77819766a64e2,0.0
2025-11-27,0x422cb45f4dcb3f798b53835f8671288d424d881f,0.0
2025-11-27,0x4784a9b16ba5ccb9fb384c0a68448b9e70d357a6,0.0
2025-11-27,0x480f54f40e35739b6ed1dd0cb64ff881c392ff64,0.0
2025-11-27,0x4813ffe82fe058134762df947a9bf453229a010f,0.0
2025-11-27,0x4d571d89c5b71f720dbd271ac60f574402e76add,0.0
2025-11-27,0x52512f63bfdc0ca4d15e31da6b395c94eb16d563,0.0
2025-11-27,0x583924a6dfa73f20d7cee1f067f56afeccdda38c,0.0
2025-11-27,0x58c659b1c03d03ab6e7cf1ad6781bfe16a39375d,0.0
2025-11-27,0x5ebd6fc47e018d572695a30406aab2094f5739a5,0.0
2025-11-27,0x60a50be186c8fedeee7eb8e4162e8052bda6ba0e,0.0
2025-11-27,0x6194a13d478ba4de00cace380f51190663fd0de0,0.0
2025-11-27,0x64fbb84b9a101227af977ab5916cdead0de630bb,0.0
2025-11-27,0x657dd0353bbab3c31a15bebaefe5708f91599384,0.0
2025-11-27,0x66f069a1aa1838b8f435459683a82ec5c4175be1,0.0
2025-11-27,0x696361910177b630d7d98beb66db2a87210111ea,0.0
2025-11-27,0x6a70e534e6244e34eca9ca8218640f2d4ee49b42,0.0
2025-11-27,0x6b9cee98a4ca6cff357f576fb2a6cb2b5e43c39f,0.0
2025-11-27,0x6f78bc27fa80f127fadb1897f98dde6cfb3c3f94,0.0
2025-11-27,0x7531543d11be70509fd98599cab5e97745dd04ab,0.0
2025-11-27,0x772ca23497f271c6113fce7c53782f35c304790e,0.0
2025-11-27,0x7743b97525bdf503506288463d39b59b69993cfe,0.0
2025-11-27,0x790d41e2f911b6eecad286c04734036929049793,0.0
2025-11-27,0x7a0222dee3519854468f31154a4349c92814875f,0.0
2025-11-27,0x7d10bd50494ca1094cb706fadee52345b6139cf9,0.0
2025-11-27,0x7df172e521125054caa01d73c4fb4d30360e1079,0.0
2025-11-27,0x7f554a7568293db35a6421759c305fee6b60aa9a,0.0
2025-11-27,0x7f99c1b85c831c60d6f534412e4be78cab94a5e5,0.0
2025-11-27,0x8075c55918a91f5fc1f66fb77a7ca0be67a90233,0.0
2025-11-27,0x84c87d848244e49602f1ce614e46eba81e5f246f,0.0
2025-11-27,0x8633be9e9a5c7c39e9dc9d7ffef0979ce1026e71,0.0
2025-11-27,0x8b6bbe943259e12885529e4d340a0a5822f8d337,0.0
2025-11-27,0x8c298797fb92fb91c1d4a83e5b948f431fe229c6,0.0
2025-11-27,0x8da35b920fe236a757a0fad93d3a3ab8ea0a24cc,0.0
2025-11-27,0x8da66f6ee0eedf4376e471d7a507553296e49c19,0.0
2025-11-27,0x9ab1433913c1014e2166b3c7f039d9528b1fc540,0.0
2025-11-27,0x9e231a8b9c247230cb88befafee97a22ae244ee5,0.0
2025-11-27,0xac82362174a32fbbad61efcb0f02b9016b20c768,0.0
2025-11-27,0xae598104ba092f09470e59e7a4d2349dbbdc3310,0.0
2025-11-27,0xb57d2a1424ff536ef5debb8761662c72f90f9b66,0.0
2025-11-27,0xc32f2f6217d105d17904f8f495aa122baef4a333,0.0
2025-11-27,0xcc18c9473f7117e599b3f2103e794b16ffe7cf44,0.0
2025-11-27,0xcd75160eeafa7227d1eea1dc157f77c3cb0c4688,0.0
2025-11-27,0xd359264dd634edf74d5d00ed06ccc44ab20eeba9,0.0
2025-11-27,0xdf5f43411c47c07ebcf03c16c29f18313e45ca66,0.0
2025-11-27,0xe3abf7f7d29df6d64128794f64ed3d1b15a5e759,0.0
2025-11-27,0xe4922b8eb9bef6f486564a59987f4e1930c53235,0.0
2025-11-27,0xe6cac97e024e8e1d0d01cd5d1c72fcdcfe78be3d,0.0
2025-11-27,0xea8d6a4caaef55c18da4c1efe7303b0f61b0415c,0.0
2025-11-27,0xee2a70532e807259fcfd63274ad4e560dcca2613,0.0
2025-11-27,0xf5397ef04201f76a3e97457bc84f27303df20e80,0.0
2025-11-27,0xf5a89d2608db8fd229a076895f4f8d304e58c3a5,0.0
2025-11-27,0xf9baa2c717f8140d6925d8ff1827abeca1906526,0.0
2025-11-27,0xfaf8dbc45d01261ac417cf3b2843288df47fcacd,0.0
2025-11-27,0xff0034103421a624aa2b2d618fe7602cd6dd3f1d,0.0
2025-11-27,0xff806c084c40bce44d2facba005f8f1887cce7f4,0.0
2025-11-28,0x04be52434eb64addf373137310551ac42013677c,0.0
2025-11-28,0x087cdae4009af7974fb808cd4e01414ebf820ab0,0.0
2025-11-28,0x0c560e8b4c179782ab476dfed8a129b0d64e66e8,0.0
2025-11-28,0x218c56f591abc69c40e96a10e7b69c62c2c406ee,0.0
2025-11-28,0x28cd26d85b4ac655a489aa3f259f81283bd1a804,500.033626
2025-11-28,0x2bcd8898a678050efa5f41f4c6012045dee1b5c3,0.0
2025-11-28,0x2e5b63b36e7b115229d12c88cd47d471c122eddf,0.0
2025-11-28,0x349dd66d555a26d890f6bb996ef1eadf9f65bdd3,0.0
2025-11-28,0x36df841c8c269300335ed74d7729c66bc9dcb37d,0.0
2025-11-28,0x3787e2720296b4e0119e344e1b64291ed5fea398,0.0
2025-11-28,0x3b63bbf52aa94016b61ee8d6809253f915d61411,0.0
2025-11-28,0x3d9f3cc0d52ea543116dfebdf3c77819766a64e2,0.0
2025-11-28,0x422cb45f4dcb3f798b53835f8671288d424d881f,0.0
2025-11-28,0x4784a9b16ba5ccb9fb384c0a68448b9e70d357a6,0.0
2025-11-28,0x480f54f40e35739b6ed1dd0cb64ff881c392ff64,0.0
2025-11-28,0x4813ffe82fe058134762df947a9bf453229a010f,0.0
2025-11-28,0x4d571d89c5b71f720dbd271ac60f574402e76add,0.0
2025-11-28,0x52512f63bfdc0ca4d15e31da6b395c94eb16d563,0.0
2025-11-28,0x583924a6dfa73f20d7cee1f067f56afeccdda38c,0.0
2025-11-28,0x58c659b1c03d03ab6e7cf1ad6781bfe16a39375d,0.0
2025-11-28,0x5ebd6fc47e018d572695a30406aab2094f5739a5,0.0
2025-11-28,0x60a50be186c8fedeee7eb8e4162e8052bda6ba0e,0.0
2025-11-28,0x6194a13d478ba4de00cace380f51190663fd0de0,0.0
2025-11-28,0x64fbb84b9a101227af977ab5916cdead0de630bb,0.0
2025-11-28,0x657dd0353bbab3c31a15bebaefe5708f91599384,0.0
2025-11-28,0x66f069a1aa1838b8f435459683a82ec5c4175be1,0.0
2025-11-28,0x696361910177b630d7d98beb66db2a87210111ea,0.0
2025-11-28,0x6a70e534e6244e34eca9ca8218640f2d4ee49b42,0.0
2025-11-28,0x6b9cee98a4ca6cff357f576fb2a6cb2b5e43c39f,0.0
2025-11-28,0x6f78bc27fa80f127fadb1897f98dde6cfb3c3f94,0.0
2025-11-28,0x7531543d11be70509fd98599cab5e97745dd04ab,0.0
2025-11-28,0x772ca23497f271c6113fce7c53782f35c304790e,0.0
2025-11-28,0x7743b97525bdf503506288463d39b59b69993cfe,0.0
2025-11-28,0x790d41e2f911b6eecad286c04734036929049793,0.0
2025-11-28,0x7a0222dee3519854468f31154a4349c92814875f,0.0
2025-11-28,0x7d10bd50494ca1094cb706fadee52345b6139cf9,0.0
2025-11-28,0x7df172e521125054caa01d73c4fb4d30360e1079,0.0
2025-11-28,0x7f554a7568293db35a6421759c305fee6b60aa9a,0.0
2025-11-28,0x7f99c1b85c831c60d6f534412e4be78cab94a5e5,0.0
2025-11-28,0x8075c55918a91f5fc1f66fb77a7ca0be67a90233,0.0
2025-11-28,0x84c87d848244e49602f1ce614e46eba81e5f246f,0.0
2025-11-28,0x8633be9e9a5c7c39e9dc9d7ffef0979ce1026e71,0.0
2025-11-28,0x8b6bbe943259e12885529e4d340a0a5822f8d337,0.0
2025-11-28,0x8c298797fb92fb91c1d4a83e5b948f431fe229c6,0.0
2025-11-28,0x8da35b920fe236a757a0fad93d3a3ab8ea0a24cc,0.0
2025-11-28,0x8da66f6ee0eedf4376e471d7a507553296e49c19,0.0
2025-11-28,0x9ab1433913c1014e2166b3c7f039d9528b1fc540,0.0
2025-11-28,0x9e231a8b9c247230cb88befafee97a22ae244ee5,0.0
2025-11-28,0xac82362174a32fbbad61efcb0f02b9016b20c768,0.0
2025-11-28,0xae598104ba092f09470e59e7a4d2349dbbdc3310,0.0
2025-11-28,0xb57d2a1424ff536ef5debb8761662c72f90f9b66,0.0
2025-11-28,0xc32f2f6217d105d17904f8f495aa122baef4a333,0.0
2025-11-28,0xcc18c9473f7117e599b3f2103e794b16ffe7cf44,0.0
2025-11-28,0xcd75160eeafa7227d1eea1dc157f77c3cb0c4688,0.0
2025-11-28,0xd359264dd634edf74d5d00ed06ccc44ab20eeba9,0.0
2025-11-28,0xdf5f43411c47c07ebcf03c16c29f18313e45ca66,0.0
2025-11-28,0xe3abf7f7d29df6d64128794f64ed3d1b15a5e759,0.0
2025-11-28,0xe4922b8eb9bef6f486564a59987f4e1930c53235,0.0
2025-11-28,0xe6cac97e024e8e1d0d01cd5d1c72fcdcfe78be3d,0.0
2025-11-28,0xea8d6a4caaef55c18da4c1efe7303b0f61b0415c,0.0
2025-11-28,0xee2a70532e807259fcfd63274ad4e560dcca2613,0.0
2025-11-28,0xf5397ef04201f76a3e97457bc84f27303df20e80,0.0
2025-11-28,0xf5a89d2608db8fd229a076895f4f8d304e58c3a5,0.0
2025-11-28,0xf9baa2c717f8140d6925d8ff1827abeca1906526,0.0
2025-11-28,0xfaf8dbc45d01261ac417cf3b2843288df47fcacd,0.0
2025-11-28,0xff0034103421a624aa2b2d618fe7602cd6dd3f1d,0.0
2025-11-28,0xff806c084c40bce44d2facba005f8f1887cce7f4,0.0
2025-11-29,0x04be52434eb64addf373137310551ac42013677c,0.0
2025-11-29,0x087cdae4009af7974fb808cd4e01414ebf820ab0,0.0
2025-11-29,0x0c560e8b4c179782ab476dfed8a129b0d64e66e8,0.0
2025-11-29,0x218c56f591abc69c40e96a10e7b69c62c2c406ee,0.0
2025-11-29,0x28cd26d85b4ac655a489aa3f259f81283bd1a804,500.043577
2025-11-29,0x2bcd8898a678050efa5f41f4c6012045dee1b5c3,0.0
2025-11-29,0x2e5b63b36e7b115229d12c88cd47d471c122eddf,0.0
2025-11-29,0x349dd66d555a26d890f6bb996ef1eadf9f65bdd3,0.0
2025-11-29,0x36df841c8c269300335ed74d7729c66bc9dcb37d,0.0
2025-11-29,0x3787e2720296b4e0119e344e1b64291ed5fea398,0.0
2025-11-29,0x3b63bbf52aa94016b61ee8d6809253f915d61411,0.0
2025-11-29,0x3d9f3cc0d52ea543116dfebdf3c77819766a64e2,0.0
2025-11-29,0x422cb45f4dcb3f798b53835f8671288d424d881f,0.0
2025-11-29,0x4784a9b16ba5ccb9fb384c0a68448b9e70d357a6,0.0
2025-11-29,0x480f54f40e35739b6ed1dd0cb64ff881c392ff64,0.0
2025-11-29,0x4813ffe82fe058134762df947a9bf453229a010f,0.0
2025-11-29,0x4d571d89c5b71f720dbd271ac60f574402e76add,0.0
2025-11-29,0x52512f63bfdc0ca4d15e31da6b395c94eb16d563,0.0
2025-11-29,0x583924a6dfa73f20d7cee1f067f56afeccdda38c,0.0
2025-11-29,0x58c659b1c03d03ab6e7cf1ad6781bfe16a39375d,0.0
2025-11-29,0x5ebd6fc47e018d572695a30406aab2094f5739a5,0.0
2025-11-29,0x60a50be186c8fedeee7eb8e4162e8052bda6ba0e,0.0
2025-11-29,0x6194a13d478ba4de00cace380f51190663fd0de0,0.0
2025-11-29,0x64fbb84b9a101227af977ab5916cdead0de630bb,0.0
2025-11-29,0x657dd0353bbab3c31a15bebaefe5708f91599384,0.0
2025-11-29,0x66f069a1aa1838b8f435459683a82ec5c4175be1,0.0
2025-11-29,0x696361910177b630d7d98beb66db2a87210111ea,0.0
2025-11-29,0x6a70e534e6244e34eca9ca8218640f2d4ee49b42,0.0
2025-11-29,0x6b9cee98a4ca6cff357f576fb2a6cb2b5e43c39f,0.0
2025-11-29,0x6f78bc27fa80f127fadb1897f98dde6cfb3c3f94,0.0
2025-11-29,0x7531543d11be70509fd98599cab5e97745dd04ab,0.0
2025-11-29,0x772ca23497f271c6113fce7c53782f35c304790e,0.0
2025-11-29,0x7743b97525bdf503506288463d39b59b69993cfe,0.0
2025-11-29,0x790d41e2f911b6eecad286c04734036929049793,0.0
2025-11-29,0x7a0222dee3519854468f31154a4349c92814875f,0.0
2025-11-29,0x7d10bd50494ca1094cb706fadee52345b6139cf9,0.0
2025-11-29,0x7df172e521125054caa01d73c4fb4d30360e1079,0.0
2025-11-29,0x7f554a7568293db35a6421759c305fee6b60aa9a,0.0
2025-11-29,0x7f99c1b85c831c60d6f534412e4be78cab94a5e5,0.0
2025-11-29,0x8075c55918a91f5fc1f66fb77a7ca0be67a90233,0.0
2025-11-29,0x84c87d848244e49602f1ce614e46eba81e5f246f,0.0
2025-11-29,0x8633be9e9a5c7c39e9dc9d7ffef0979ce1026e71,0.0
2025-11-29,0x8b6bbe943259e12885529e4d340a0a5822f8d337,0.0
2025-11-29,0x8c298797fb92fb91c1d4a83e5b948f431fe229c6,0.0
2025-11-29,0x8da35b920fe236a757a0fad93d3a3ab8ea0a24cc,0.0
2025-11-29,0x8da66f6ee0eedf4376e471d7a507553296e49c19,0.0
2025-11-29,0x9ab1433913c1014e2166b3c7f039d9528b1fc540,0.0
2025-11-29,0x9e231a8b9c247230cb88befafee97a22ae244ee5,0.0
2025-11-29,0xac82362174a32fbbad61efcb0f02b9016b20c768,0.0
2025-11-29,0xae598104ba092f09470e59e7a4d2349dbbdc3310,0.0
2025-11-29,0xb57d2a1424ff536ef5debb8761662c72f90f9b66,0.0
2025-11-29,0xc32f2f6217d105d17904f8f495aa122baef4a333,0.0
2025-11-29,0xcc18c9473f7117e599b3f2103e794b16ffe7cf44,0.0
2025-11-29,0xcd75160eeafa7227d1eea1dc157f77c3cb0c4688,0.0
2025-11-29,0xd359264dd634edf74d5d00ed06ccc44ab20eeba9,0.0
2025-11-29,0xdf5f43411c47c07ebcf03c16c29f18313e45ca66,0.0
2025-11-29,0xe3abf7f7d29df6d64128794f64ed3d1b15a5e759,0.0
2025-11-29,0xe4922b8eb9bef6f486564a59987f4e1930c53235,0.0
2025-11-29,0xe6cac97e024e8e1d0d01cd5d1c72fcdcfe78be3d,0.0
2025-11-29,0xea8d6a4caaef55c18da4c1efe7303b0f61b0415c,0.0
2025-11-29,0xee2a70532e807259fcfd63274ad4e560dcca2613,0.0
2025-11-29,0xf5397ef04201f76a3e97457bc84f27303df20e80,0.0
2025-11-29,0xf5a89d2608db8fd229a076895f4f8d304e58c3a5,0.0
2025-11-29,0xf9baa2c717f8140d6925d8ff1827abeca1906526,0.0
2025-11-29,0xfaf8dbc45d01261ac417cf3b2843288df47fcacd,0.0
2025-11-29,0xff0034103421a624aa2b2d618fe7602cd6dd3f1d,0.0
2025-11-29,0xff806c084c40bce44d2facba005f8f1887cce7f4,0.0
2025-11-30,0x04be52434eb64addf373137310551ac42013677c,0.0
2025-11-30,0x087cdae4009af7974fb808cd4e01414ebf820ab0,0.0
2025-11-30,0x0c560e8b4c179782ab476dfed8a129b0d64e66e8,0.0
2025-11-30,0x218c56f591abc69c40e96a10e7b69c62c2c406ee,0.0
2025-11-30,0x28cd26d85b4ac655a489aa3f259f81283bd1a804,500.055092
2025-11-30,0x2bcd8898a678050efa5f41f4c6012045dee1b5c3,0.0
2025-11-30,0x2e5b63b36e7b115229d12c88cd47d471c122eddf,0.0
2025-11-30,0x349dd66d555a26d890f6bb996ef1eadf9f65bdd3,0.0
2025-11-30,0x36df841c8c269300335ed74d7729c66bc9dcb37d,0.0
2025-11-30,0x3787e2720296b4e0119e344e1b64291ed5fea398,0.0
2025-11-30,0x3b63bbf52aa94016b61ee8d6809253f915d61411,0.0
2025-11-30,0x3d9f3cc0d52ea543116dfebdf3c77819766a64e2,0.0
2025-11-30,0x422cb45f4dcb3f798b53835f8671288d424d881f,0.0
2025-11-30,0x4784a9b16ba5ccb9fb384c0a68448b9e70d357a6,0.0
2025-11-30,0x480f54f40e35739b6ed1dd0cb64ff881c392ff64,0.0
2025-11-30,0x4813ffe82fe058134762df947a9bf453229a010f,0.0
2025-11-30,0x4d571d89c5b71f720dbd271ac60f574402e76add,0.0
2025-11-30,0x52512f63bfdc0ca4d15e31da6b395c94eb16d563,0.0
2025-11-30,0x583924a6dfa73f20d7cee1f067f56afeccdda38c,0.0
2025-11-30,0x58c659b1c03d03ab6e7cf1ad6781bfe16a39375d,0.0
2025-11-30,0x5ebd6fc47e018d572695a30406aab2094f5739a5,0.0
2025-11-30,0x60a50be186c8fedeee7eb8e4162e8052bda6ba0e,0.0
2025-11-30,0x6194a13d478ba4de00cace380f51190663fd0de0,0.0
2025-11-30,0x64fbb84b9a101227af977ab5916cdead0de630bb,0.0
2025-11-30,0x657dd0353bbab3c31a15bebaefe5708f91599384,0.0
2025-11-30,0x66f069a1aa1838b8f435459683a82ec5c4175be1,0.0
2025-11-30,0x696361910177b630d7d98beb66db2a87210111ea,0.0
2025-11-30,0x6a70e534e6244e34eca9ca8218640f2d4ee49b42,0.0
2025-11-30,0x6b9cee98a4ca6cff357f576fb2a6cb2b5e43c39f,0.0
2025-11-30,0x6f78bc27fa80f127fadb1897f98dde6cfb3c3f94,0.0
2025-11-30,0x7531543d11be70509fd98599cab5e97745dd04ab,0.0
2025-11-30,0x772ca23497f271c6113fce7c53782f35c304790e,0.0
2025-11-30,0x7743b97525bdf503506288463d39b59b69993cfe,0.0
2025-11-30,0x790d41e2f911b6eecad286c04734036929049793,0.0
2025-11-30,0x7a0222dee3519854468f31154a4349c92814875f,0.0
2025-11-30,0x7d10bd50494ca1094cb706fadee52345b6139cf9,0.0
2025-11-30,0x7df172e521125054caa01d73c4fb4d30360e1079,0.0
2025-11-30,0x7f554a7568293db35a6421759c305fee6b60aa9a,0.0
2025-11-30,0x7f99c1b85c831c60d6f534412e4be78cab94a5e5,0.0
2025-11-30,0x8075c55918a91f5fc1f66fb77a7ca0be67a90233,0.0
2025-11-30,0x84c87d848244e49602f1ce614e46eba81e5f246f,0.0
2025-11-30,0x8633be9e9a5c7c39e9dc9d7ffef0979ce1026e71,0.0
2025-11-30,0x8b6bbe943259e12885529e4d340a0a5822f8d337,0.0
2025-11-30,0x8c298797fb92fb91c1d4a83e5b948f431fe229c6,0.0
2025-11-30,0x8da35b920fe236a757a0fad93d3a3ab8ea0a24cc,0.0
2025-11-30,0x8da66f6ee0eedf4376e471d7a507553296e49c19,0.0
2025-11-30,0x9ab1433913c1014e2166b3c7f039d9528b1fc540,0.0
2025-11-30,0x9e231a8b9c247230cb88befafee97a22ae244ee5,0.0
2025-11-30,0xac82362174a32fbbad61efcb0f02b9016b20c768,0.0
2025-11-30,0xae598104ba092f09470e59e7a4d2349dbbdc3310,0.0
2025-11-30,0xb57d2a1424ff536ef5debb8761662c72f90f9b66,0.0
2025-11-30,0xc32f2f6217d105d17904f8f495aa122baef4a333,0.0
2025-11-30,0xcc18c9473f7117e599b3f2103e794b16ffe7cf44,0.0
2025-11-30,0xcd75160eeafa7227d1eea1dc157f77c3cb0c4688,0.0
2025-11-30,0xd359264dd634edf74d5d00ed06ccc44ab20eeba9,0.0
2025-11-30,0xdf5f43411c47c07ebcf03c16c29f18313e45ca66,0.0
2025-11-30,0xe3abf7f7d29df6d64128794f64ed3d1b15a5e759,0.0
2025-11-30,0xe4922b8eb9bef6f486564a59987f4e1930c53235,0.0
2025-11-30,0xe6cac97e024e8e1d0d01cd5d1c72fcdcfe78be3d,0.0
2025-11-30,0xea8d6a4caaef55c18da4c1efe7303b0f61b0415c,0.0
2025-11-30,0xee2a70532e807259fcfd63274ad4e560dcca2613,0.0
2025-11-30,0xf5397ef04201f76a3e97457bc84f27303df20e80,0.0
2025-11-30,0xf5a89d2608db8fd229a076895f4f8d304e58c3a5,0.0
2025-11-30,0xf9baa2c717f8140d6925d8ff1827abeca1906526,0.0
2025-11-30,0xfaf8dbc45d01261ac417cf3b2843288df47fcacd,0.0
2025-11-30,0xff0034103421a624aa2b2d618fe7602cd6dd3f1d,0.0
2025-11-30,0xff806c084c40bce44d2facba005f8f1887cce7f4,0.0
2025-12-01,0x04be52434eb64addf373137310551ac42013677c,0.0
2025-12-01,0x087cdae4009af7974fb808cd4e01414ebf820ab0,0.0
2025-12-01,0x0c560e8b4c179782ab476dfed8a129b0d64e66e8,0.0
2025-12-01,0x218c56f591abc69c40e96a10e7b69c62c2c406ee,0.0
2025-12-01,0x28cd26d85b4ac655a489aa3f259f81283bd1a804,500.069113
2025-12-01,0x2bcd8898a678050efa5f41f4c6012045dee1b5c3,0.0
2025-12-01,0x2e5b63b36e7b115229d12c88cd47d471c122eddf,0.0
2025-12-01,0x349dd66d555a26d890f6bb996ef1eadf9f65bdd3,0.0
2025-12-01,0x36df841c8c269300335ed74d7729c66bc9dcb37d,0.0
2025-12-01,0x3787e2720296b4e0119e344e1b64291ed5fea398,0.0
2025-12-01,0x3b63bbf52aa94016b61ee8d6809253f915d61411,0.0
2025-12-01,0x3d9f3cc0d52ea543116dfebdf3c77819766a64e2,0.0
2025-12-01,0x422cb45f4dcb3f798b53835f8671288d424d881f,0.0
2025-12-01,0x4784a9b16ba5ccb9fb384c0a68448b9e70d357a6,0.0
2025-12-01,0x480f54f40e35739b6ed1dd0cb64ff881c392ff64,0.0
2025-12-01,0x4813ffe82fe058134762df947a9bf453229a010f,0.0
2025-12-01,0x4d571d89c5b71f720dbd271ac60f574402e76add,0.0
2025-12-01,0x52512f63bfdc0ca4d15e31da6b395c94eb16d563,0.0
2025-12-01,0x583924a6dfa73f20d7cee1f067f56afeccdda38c,0.0
2025-12-01,0x58c659b1c03d03ab6e7cf1ad6781bfe16a39375d,0.0
2025-12-01,0x5ebd6fc47e018d572695a30406aab2094f5739a5,0.0
2025-12-01,0x60a50be186c8fedeee7eb8e4162e8052bda6ba0e,0.0
2025-12-01,0x6194a13d478ba4de00cace380f51190663fd0de0,0.0
2025-12-01,0x64fbb84b9a101227af977ab5916cdead0de630bb,0.0
2025-12-01,0x657dd0353bbab3c31a15bebaefe5708f91599384,0.0
2025-12-01,0x66f069a1aa1838b8f435459683a82ec5c4175be1,0.0
2025-12-01,0x696361910177b630d7d98beb66db2a87210111ea,0.0
2025-12-01,0x6a70e534e6244e34eca9ca8218640f2d4ee49b42,0.0
2025-12-01,0x6b9cee98a4ca6cff357f576fb2a6cb2b5e43c39f,0.0
2025-12-01,0x6f78bc27fa80f127fadb1897f98dde6cfb3c3f94,0.0
2025-12-01,0x7531543d11be70509fd98599cab5e97745dd04ab,0.0
2025-12-01,0x772ca23497f271c6113fce7c53782f35c304790e,0.0
2025-12-01,0x7743b97525bdf503506288463d39b59b69993cfe,0.0
2025-12-01,0x790d41e2f911b6eecad286c04734036929049793,0.0
2025-12-01,0x7a0222dee3519854468f31154a4349c92814875f,0.0
2025-12-01,0x7d10bd50494ca1094cb706fadee52345b6139cf9,0.0
2025-12-01,0x7df172e521125054caa01d73c4fb4d30360e1079,0.0
2025-12-01,0x7f554a7568293db35a6421759c305fee6b60aa9a,0.0
2025-12-01,0x7f99c1b85c831c60d6f534412e4be78cab94a5e5,0.0
2025-12-01,0x8075c55918a91f5fc1f66fb77a7ca0be67a90233,0.0
2025-12-01,0x84c87d848244e49602f1ce614e46eba81e5f246f,0.0
2025-12-01,0x8633be9e9a5c7c39e9dc9d7ffef0979ce1026e71,0.0
2025-12-01,0x8b6bbe943259e12885529e4d340a0a5822f8d337,0.0
2025-12-01,0x8c298797fb92fb91c1d4a83e5b948f431fe229c6,0.0
2025-12-01,0x8da35b920fe236a757a0fad93d3a3ab8ea0a24cc,0.0
2025-12-01,0x8da66f6ee0eedf4376e471d7a507553296e49c19,0.0
2025-12-01,0x9ab1433913c1014e2166b3c7f039d9528b1fc540,0.0
2025-12-01,0x9e231a8b9c247230cb88befafee97a22ae244ee5,0.0
2025-12-01,0xac82362174a32fbbad61efcb0f02b9016b20c768,0.0
2025-12-01,0xae598104ba092f09470e59e7a4d2349dbbdc3310,0.0
2025-12-01,0xb57d2a1424ff536ef5debb8761662c72f90f9b66,0.0
2025-12-01,0xc32f2f6217d105d17904f8f495aa122baef4a333,0.0
2025-12-01,0xcc18c9473f7117e599b3f2103e794b16ffe7cf44,0.0
2025-12-01,0xcd75160eeafa7227d1eea1dc157f77c3cb0c4688,0.0
2025-12-01,0xd359264dd634edf74d5d00ed06ccc44ab20eeba9,0.0
2025-12-01,0xdf5f43411c47c07ebcf03c16c29f18313e45ca66,0.0
2025-12-01,0xe3abf7f7d29df6d64128794f64ed3d1b15a5e759,0.0
2025-12-01,0xe4922b8eb9bef6f486564a59987f4e1930c53235,0.0
2025-12-01,0xe6cac97e024e8e1d0d01cd5d1c72fcdcfe78be3d,0.0
2025-12-01,0xea8d6a4caaef55c18da4c1efe7303b0f61b0415c,0.0
2025-12-01,0xee2a70532e807259fcfd63274ad4e560dcca2613,0.0
2025-12-01,0xf5397ef04201f76a3e97457bc84f27303df20e80,0.0
2025-12-01,0xf5a89d2608db8fd229a076895f4f8d304e58c3a5,0.0
2025-12-01,0xf9baa2c717f8140d6925d8ff1827abeca1906526,0.0
2025-12-01,0xfaf8dbc45d01261ac417cf3b2843288df47fcacd,0.0
2025-12-01,0xff0034103421a624aa2b2d618fe7602cd6dd3f1d,0.0
2025-12-01,0xff806c084c40bce44d2facba005f8f1887cce7f4,0.0
2025-12-02,0x04be52434eb64addf373137310551ac42013677c,0.0
2025-12-02,0x087cdae4009af7974fb808cd4e01414ebf820ab0,0.0
2025-12-02,0x0c560e8b4c179782ab476dfed8a129b0d64e66e8,0.0
2025-12-02,0x218c56f591abc69c40e96a10e7b69c62c2c406ee,0.0
2025-12-02,0x28cd26d85b4ac655a489aa3f259f81283bd1a804,500.08243
2025-12-02,0x2bcd8898a678050efa5f41f4c6012045dee1b5c3,0.0
2025-12-02,0x2e5b63b36e7b115229d12c88cd47d471c122eddf,0.0
2025-12-02,0x349dd66d555a26d890f6bb996ef1eadf9f65bdd3,0.0
2025-12-02,0x36df841c8c269300335ed74d7729c66bc9dcb37d,0.0
2025-12-02,0x3787e2720296b4e0119e344e1b64291ed5fea398,0.0
2025-12-02,0x3b63bbf52aa94016b61ee8d6809253f915d61411,0.0
2025-12-02,0x3d9f3cc0d52ea543116dfebdf3c77819766a64e2,0.0
2025-12-02,0x422cb45f4dcb3f798b53835f8671288d424d881f,0.0
2025-12-02,0x4784a9b16ba5ccb9fb384c0a68448b9e70d357a6,0.0
2025-12-02,0x480f54f40e35739b6ed1dd0cb64ff881c392ff64,0.0
2025-12-02,0x4813ffe82fe058134762df947a9bf453229a010f,0.0
2025-12-02,0x4d571d89c5b71f720dbd271ac60f574402e76add,0.0
2025-12-02,0x52512f63bfdc0ca4d15e31da6b395c94eb16d563,0.0
2025-12-02,0x583924a6dfa73f20d7cee1f067f56afeccdda38c,0.0
2025-12-02,0x58c659b1c03d03ab6e7cf1ad6781bfe16a39375d,0.0
2025-12-02,0x5ebd6fc47e018d572695a30406aab2094f5739a5,0.0
2025-12-02,0x60a50be186c8fedeee7eb8e4162e8052bda6ba0e,0.0
2025-12-02,0x6194a13d478ba4de00cace380f51190663fd0de0,0.0
2025-12-02,0x64fbb84b9a101227af977ab5916cdead0de630bb,0.0
2025-12-02,0x657dd0353bbab3c31a15bebaefe5708f91599384,0.0
2025-12-02,0x66f069a1aa1838b8f435459683a82ec5c4175be1,0.0
2025-12-02,0x696361910177b630d7d98beb66db2a87210111ea,0.0
2025-12-02,0x6a70e534e6244e34eca9ca8218640f2d4ee49b42,0.0
2025-12-02,0x6b9cee98a4ca6cff357f576fb2a6cb2b5e43c39f,0.0
2025-12-02,0x6f78bc27fa80f127fadb1897f98dde6cfb3c3f94,0.0
2025-12-02,0x7531543d11be70509fd98599cab5e97745dd04ab,0.0
2025-12-02,0x772ca23497f271c6113fce7c53782f35c304790e,0.0
2025-12-02,0x7743b97525bdf503506288463d39b59b69993cfe,0.0
2025-12-02,0x790d41e2f911b6eecad286c04734036929049793,0.0
2025-12-02,0x7a0222dee3519854468f31154a4349c92814875f,0.0
2025-12-02,0x7d10bd50494ca1094cb706fadee52345b6139cf9,0.0
2025-12-02,0x7df172e521125054caa01d73c4fb4d30360e1079,0.0
2025-12-02,0x7f554a7568293db35a6421759c305fee6b60aa9a,0.0
2025-12-02,0x7f99c1b85c831c60d6f534412e4be78cab94a5e5,0.0
2025-12-02,0x8075c55918a91f5fc1f66fb77a7ca0be67a90233,0.0
2025-12-02,0x84c87d848244e49602f1ce614e46eba81e5f246f,0.0
2025-12-02,0x8633be9e9a5c7c39e9dc9d7ffef0979ce1026e71,0.0
2025-12-02,0x8b6bbe943259e12885529e4d340a0a5822f8d337,0.0
2025-12-02,0x8c298797fb92fb91c1d4a83e5b948f431fe229c6,0.0
2025-12-02,0x8da35b920fe236a757a0fad93d3a3ab8ea0a24cc,0.0
2025-12-02,0x8da66f6ee0eedf4376e471d7a507553296e49c19,0.0
2025-12-02,0x9ab1433913c1014e2166b3c7f039d9528b1fc540,0.0
2025-12-02,0x9e231a8b9c247230cb88befafee97a22ae244ee5,0.0
2025-12-02,0xac82362174a32fbbad61efcb0f02b9016b20c768,0.0
2025-12-02,0xae598104ba092f09470e59e7a4d2349dbbdc3310,0.0
2025-12-02,0xb57d2a1424ff536ef5debb8761662c72f90f9b66,0.0
2025-12-02,0xc32f2f6217d105d17904f8f495aa122baef4a333,0.0
2025-12-02,0xcc18c9473f7117e599b3f2103e794b16ffe7cf44,0.0
2025-12-02,0xcd75160eeafa7227d1eea1dc157f77c3cb0c4688,0.0
2025-12-02,0xd359264dd634edf74d5d00ed06ccc44ab20eeba9,0.0
2025-12-02,0xdf5f43411c47c07ebcf03c16c29f18313e45ca66,0.0
2025-12-02,0xe3abf7f7d29df6d64128794f64ed3d1b15a5e759,0.0
2025-12-02,0xe4922b8eb9bef6f486564a59987f4e1930c53235,0.0
2025-12-02,0xe6cac97e024e8e1d0d01cd5d1c72fcdcfe78be3d,0.0
2025-12-02,0xea8d6a4caaef55c18da4c1efe7303b0f61b0415c,0.0
2025-12-02,0xee2a70532e807259fcfd63274ad4e560dcca2613,0.0
2025-12-02,0xf5397ef04201f76a3e97457bc84f27303df20e80,0.0
2025-12-02,0xf5a89d2608db8fd229a076895f4f8d304e58c3a5,0.0
2025-12-02,0xf9baa2c717f8140d6925d8ff1827abeca1906526,0.0
2025-12-02,0xfaf8dbc45d01261ac417cf3b2843288df47fcacd,0.0
2025-12-02,0xff0034103421a624aa2b2d618fe7602cd6dd3f1d,0.0
2025-12-02,0xff806c084c40bce44d2facba005f8f1887cce7f4,0.0
2025-12-03,0x04be52434eb64addf373137310551ac42013677c,0.0
2025-12-03,0x087cdae4009af7974fb808cd4e01414ebf820ab0,0.0
2025-12-03,0x0c560e8b4c179782ab476dfed8a129b0d64e66e8,0.0
2025-12-03,0x218c56f591abc69c40e96a10e7b69c62c2c406ee,0.0
2025-12-03,0x28cd26d85b4ac655a489aa3f259f81283bd1a804,500.097025
2025-12-03,0x2bcd8898a678050efa5f41f4c6012045dee1b5c3,0.0
2025-12-03,0x2e5b63b36e7b115229d12c88cd47d471c122eddf,0.0
2025-12-03,0x349dd66d555a26d890f6bb996ef1eadf9f65bdd3,0.0
2025-12-03,0x36df841c8c269300335ed74d7729c66bc9dcb37d,0.0
2025-12-03,0x3787e2720296b4e0119e344e1b64291ed5fea398,0.0
2025-12-03,0x3b63bbf52aa94016b61ee8d6809253f915d61411,0.0
2025-12-03,0x3d9f3cc0d52ea543116dfebdf3c77819766a64e2,0.0
2025-12-03,0x422cb45f4dcb3f798b53835f8671288d424d881f,0.0
2025-12-03,0x4784a9b16ba5ccb9fb384c0a68448b9e70d357a6,0.0
2025-12-03,0x480f54f40e35739b6ed1dd0cb64ff881c392ff64,0.0
2025-12-03,0x4813ffe82fe058134762df947a9bf453229a010f,0.0
2025-12-03,0x4d571d89c5b71f720dbd271ac60f574402e76add,0.0
2025-12-03,0x52512f63bfdc0ca4d15e31da6b395c94eb16d563,0.0
2025-12-03,0x583924a6dfa73f20d7cee1f067f56afeccdda38c,0.0
2025-12-03,0x58c659b1c03d03ab6e7cf1ad6781bfe16a39375d,0.0
2025-12-03,0x5ebd6fc47e018d572695a30406aab2094f5739a5,0.0
2025-12-03,0x60a50be186c8fedeee7eb8e4162e8052bda6ba0e,0.0
2025-12-03,0x6194a13d478ba4de00cace380f51190663fd0de0,0.0
2025-12-03,0x64fbb84b9a101227af977ab5916cdead0de630bb,0.0
2025-12-03,0x657dd0353bbab3c31a15bebaefe5708f91599384,0.0
2025-12-03,0x66f069a1aa1838b8f435459683a82ec5c4175be1,0.0
2025-12-03,0x696361910177b630d7d98beb66db2a87210111ea,0.0
2025-12-03,0x6a70e534e6244e34eca9ca8218640f2d4ee49b42,0.0
2025-12-03,0x6b9cee98a4ca6cff357f576fb2a6cb2b5e43c39f,0.0
2025-12-03,0x6f78bc27fa80f127fadb1897f98dde6cfb3c3f94,0.0
2025-12-03,0x7531543d11be70509fd98599cab5e97745dd04ab,0.0
2025-12-03,0x772ca23497f271c6113fce7c53782f35c304790e,0.0
2025-12-03,0x7743b97525bdf503506288463d39b59b69993cfe,0.0
2025-12-03,0x790d41e2f911b6eecad286c04734036929049793,0.0
2025-12-03,0x7a0222dee3519854468f31154a4349c92814875f,0.0
2025-12-03,0x7d10bd50494ca1094cb706fadee52345b6139cf9,0.0
2025-12-03,0x7df172e521125054caa01d73c4fb4d30360e1079,0.0
2025-12-03,0x7f554a7568293db35a6421759c305fee6b60aa9a,0.0
2025-12-03,0x7f99c1b85c831c60d6f534412e4be78cab94a5e5,0.0
2025-12-03,0x8075c55918a91f5fc1f66fb77a7ca0be67a90233,0.0
2025-12-03,0x84c87d848244e49602f1ce614e46eba81e5f246f,0.0
2025-12-03,0x8633be9e9a5c7c39e9dc9d7ffef0979ce1026e71,0.0
2025-12-03,0x8b6bbe943259e12885529e4d340a0a5822f8d337,0.0
2025-12-03,0x8c298797fb92fb91c1d4a83e5b948f431fe229c6,0.0
2025-12-03,0x8da35b920fe236a757a0fad93d3a3ab8ea0a24cc,0.0
2025-12-03,0x8da66f6ee0eedf4376e471d7a507553296e49c19,0.0
2025-12-03,0x9ab1433913c1014e2166b3c7f039d9528b1fc540,0.0
2025-12-03,0x9e231a8b9c247230cb88befafee97a22ae244ee5,0.0
2025-12-03,0xac82362174a32fbbad61efcb0f02b9016b20c768,0.0
2025-12-03,0xae598104ba092f09470e59e7a4d2349dbbdc3310,0.0
2025-12-03,0xb57d2a1424ff536ef5debb8761662c72f90f9b66,0.0
2025-12-03,0xc32f2f6217d105d17904f8f495aa122baef4a333,0.0
2025-12-03,0xcc18c9473f7117e599b3f2103e794b16ffe7cf44,0.0
2025-12-03,0xcd75160eeafa7227d1eea1dc157f77c3cb0c4688,0.0
2025-12-03,0xd359264dd634edf74d5d00ed06ccc44ab20eeba9,0.0
2025-12-03,0xdf5f43411c47c07ebcf03c16c29f18313e45ca66,0.0
2025-12-03,0xe3abf7f7d29df6d64128794f64ed3d1b15a5e759,0.0
2025-12-03,0xe4922b8eb9bef6f486564a59987f4e1930c53235,0.0
2025-12-03,0xe6cac97e024e8e1d0d01cd5d1c72fcdcfe78be3d,0.0
2025-12-03,0xea8d6a4caaef55c18da4c1efe7303b0f61b0415c,0.0
2025-12-03,0xee2a70532e807259fcfd63274ad4e560dcca2613,0.0
2025-12-03,0xf5397ef04201f76a3e97457bc84f27303df20e80,0.0
2025-12-03,0xf5a89d2608db8fd229a076895f4f8d304e58c3a5,0.0
2025-12-03,0xf9baa2c717f8140d6925d8ff1827abeca1906526,0.0
2025-12-03,0xfaf8dbc45d01261ac417cf3b2843288df47fcacd,0.0
2025-12-03,0xff0034103421a624aa2b2d618fe7602cd6dd3f1d,0.0
2025-12-03,0xff806c084c40bce44d2facba005f8f1887cce7f4,0.0
2025-12-04,0x04be52434eb64addf373137310551ac42013677c,0.0
2025-12-04,0x087cdae4009af7974fb808cd4e01414ebf820ab0,0.0
2025-12-04,0x0c560e8b4c179782ab476dfed8a129b0d64e66e8,0.0
2025-12-04,0x218c56f591abc69c40e96a10e7b69c62c2c406ee,0.0
2025-12-04,0x28cd26d85b4ac655a489aa3f259f81283bd1a804,500.108286
2025-12-04,0x2bcd8898a678050efa5f41f4c6012045dee1b5c3,0.0
2025-12-04,0x2e5b63b36e7b115229d12c88cd47d471c122eddf,0.0
2025-12-04,0x349dd66d555a26d890f6bb996ef1eadf9f65bdd3,0.0
2025-12-04,0x36df841c8c269300335ed74d7729c66bc9dcb37d,0.0
2025-12-04,0x3787e2720296b4e0119e344e1b64291ed5fea398,0.0
2025-12-04,0x3b63bbf52aa94016b61ee8d6809253f915d61411,0.0
2025-12-04,0x3d9f3cc0d52ea543116dfebdf3c77819766a64e2,0.0
2025-12-04,0x422cb45f4dcb3f798b53835f8671288d424d881f,0.0
2025-12-04,0x4784a9b16ba5ccb9fb384c0a68448b9e70d357a6,0.0
2025-12-04,0x480f54f40e35739b6ed1dd0cb64ff881c392ff64,0.0
2025-12-04,0x4813ffe82fe058134762df947a9bf453229a010f,0.0
2025-12-04,0x4d571d89c5b71f720dbd271ac60f574402e76add,0.0
2025-12-04,0x52512f63bfdc0ca4d15e31da6b395c94eb16d563,0.0
2025-12-04,0x583924a6dfa73f20d7cee1f067f56afeccdda38c,0.0
2025-12-04,0x58c659b1c03d03ab6e7cf1ad6781bfe16a39375d,0.0
2025-12-04,0x5ebd6fc47e018d572695a30406aab2094f5739a5,0.0
2025-12-04,0x60a50be186c8fedeee7eb8e4162e8052bda6ba0e,0.0
2025-12-04,0x6194a13d478ba4de00cace380f51190663fd0de0,0.0
2025-12-04,0x64fbb84b9a101227af977ab5916cdead0de630bb,0.0
2025-12-04,0x657dd0353bbab3c31a15bebaefe5708f91599384,0.0
2025-12-04,0x66f069a1aa1838b8f435459683a82ec5c4175be1,0.0
2025-12-04,0x696361910177b630d7d98beb66db2a87210111ea,0.0
2025-12-04,0x6a70e534e6244e34eca9ca8218640f2d4ee49b42,0.0
2025-12-04,0x6b9cee98a4ca6cff357f576fb2a6cb2b5e43c39f,0.0
2025-12-04,0x6f78bc27fa80f127fadb1897f98dde6cfb3c3f94,0.0
2025-12-04,0x7531543d11be70509fd98599cab5e97745dd04ab,0.0
2025-12-04,0x772ca23497f271c6113fce7c53782f35c304790e,0.0
2025-12-04,0x7743b97525bdf503506288463d39b59b69993cfe,0.0
2025-12-04,0x790d41e2f911b6eecad286c04734036929049793,0.0
2025-12-04,0x7a0222dee3519854468f31154a4349c92814875f,0.0
2025-12-04,0x7d10bd50494ca1094cb706fadee52345b6139cf9,0.0
2025-12-04,0x7df172e521125054caa01d73c4fb4d30360e1079,0.0
2025-12-04,0x7f554a7568293db35a6421759c305fee6b60aa9a,0.0
2025-12-04,0x7f99c1b85c831c60d6f534412e4be78cab94a5e5,0.0
2025-12-04,0x8075c55918a91f5fc1f66fb77a7ca0be67a90233,0.0
2025-12-04,0x84c87d848244e49602f1ce614e46eba81e5f246f,0.0
2025-12-04,0x8633be9e9a5c7c39e9dc9d7ffef0979ce1026e71,0.0
2025-12-04,0x8b6bbe943259e12885529e4d340a0a5822f8d337,0.0
2025-12-04,0x8c298797fb92fb91c1d4a83e5b948f431fe229c6,0.0
2025-12-04,0x8da35b920fe236a757a0fad93d3a3ab8ea0a24cc,0.0
2025-12-04,0x8da66f6ee0eedf4376e471d7a507553296e49c19,0.0
2025-12-04,0x9ab1433913c1014e2166b3c7f039d9528b1fc540,0.0
2025-12-04,0x9e231a8b9c247230cb88befafee97a22ae244ee5,0.0
2025-12-04,0xac82362174a32fbbad61efcb0f02b9016b20c768,0.0
2025-12-04,0xae598104ba092f09470e59e7a4d2349dbbdc3310,0.0
2025-12-04,0xb57d2a1424ff536ef5debb8761662c72f90f9b66,0.0
2025-12-04,0xc32f2f6217d105d17904f8f495aa122baef4a333,0.0
2025-12-04,0xcc18c9473f7117e599b3f2103e794b16ffe7cf44,0.0
2025-12-04,0xcd75160eeafa7227d1eea1dc157f77c3cb0c4688,0.0
2025-12-04,0xd359264dd634edf74d5d00ed06ccc44ab20eeba9,0.0
2025-12-04,0xdf5f43411c47c07ebcf03c16c29f18313e45ca66,0.0
2025-12-04,0xe3abf7f7d29df6d64128794f64ed3d1b15a5e759,0.0
2025-12-04,0xe4922b8eb9bef6f486564a59987f4e1930c53235,0.0
2025-12-04,0xe6cac97e024e8e1d0d01cd5d1c72fcdcfe78be3d,0.0
2025-12-04,0xea8d6a4caaef55c18da4c1efe7303b0f61b0415c,0.0
2025-12-04,0xee2a70532e807259fcfd63274ad4e560dcca2613,0.0
2025-12-04,0xf5397ef04201f76a3e97457bc84f27303df20e80,0.0
2025-12-04,0xf5a89d2608db8fd229a076895f4f8d304e58c3a5,0.0
2025-12-04,0xf9baa2c717f8140d6925d8ff1827abeca1906526,0.0
2025-12-04,0xfaf8dbc45d01261ac417cf3b2843288df47fcacd,0.0
2025-12-04,0xff0034103421a624aa2b2d618fe7602cd6dd3f1d,0.0
2025-12-04,0xff806c084c40bce44d2facba005f8f1887cce7f4,0.0
2025-12-05,0x04be52434eb64addf373137310551ac42013677c,0.0
2025-12-05,0x087cdae4009af7974fb808cd4e01414ebf820ab0,0.0
2025-12-05,0x0c560e8b4c179782ab476dfed8a129b0d64e66e8,0.0
2025-12-05,0x218c56f591abc69c40e96a10e7b69c62c2c406ee,0.0
2025-12-05,0x28cd26d85b4ac655a489aa3f259f81283bd1a804,500.119513
2025-12-05,0x2bcd8898a678050efa5f41f4c6012045dee1b5c3,0.0
2025-12-05,0x2e5b63b36e7b115229d12c88cd47d471c122eddf,0.0
2025-12-05,0x349dd66d555a26d890f6bb996ef1eadf9f65bdd3,0.0
2025-12-05,0x36df841c8c269300335ed74d7729c66bc9dcb37d,0.0
2025-12-05,0x3787e2720296b4e0119e344e1b64291ed5fea398,0.0
2025-12-05,0x3b63bbf52aa94016b61ee8d6809253f915d61411,0.0
2025-12-05,0x3d9f3cc0d52ea543116dfebdf3c77819766a64e2,0.0
2025-12-05,0x422cb45f4dcb3f798b53835f8671288d424d881f,0.0
2025-12-05,0x4784a9b16ba5ccb9fb384c0a68448b9e70d357a6,0.0
2025-12-05,0x480f54f40e35739b6ed1dd0cb64ff881c392ff64,0.0
2025-12-05,0x4813ffe82fe058134762df947a9bf453229a010f,0.0
2025-12-05,0x4d571d89c5b71f720dbd271ac60f574402e76add,0.0
2025-12-05,0x52512f63bfdc0ca4d15e31da6b395c94eb16d563,0.0
2025-12-05,0x583924a6dfa73f20d7cee1f067f56afeccdda38c,0.0
2025-12-05,0x58c659b1c03d03ab6e7cf1ad6781bfe16a39375d,0.0
2025-12-05,0x5ebd6fc47e018d572695a30406aab2094f5739a5,0.0
2025-12-05,0x60a50be186c8fedeee7eb8e4162e8052bda6ba0e,0.0
2025-12-05,0x6194a13d478ba4de00cace380f51190663fd0de0,0.0
2025-12-05,0x64fbb84b9a101227af977ab5916cdead0de630bb,0.0
2025-12-05,0x657dd0353bbab3c31a15bebaefe5708f91599384,0.0
2025-12-05,0x66f069a1aa1838b8f435459683a82ec5c4175be1,0.0
2025-12-05,0x696361910177b630d7d98beb66db2a87210111ea,0.0
2025-12-05,0x6a70e534e6244e34eca9ca8218640f2d4ee49b42,0.0
2025-12-05,0x6b9cee98a4ca6cff357f576fb2a6cb2b5e43c39f,0.0
2025-12-05,0x6f78bc27fa80f127fadb1897f98dde6cfb3c3f94,0.0
2025-12-05,0x7531543d11be70509fd98599cab5e97745dd04ab,0.0
2025-12-05,0x772ca23497f271c6113fce7c53782f35c304790e,0.0
2025-12-05,0x7743b97525bdf503506288463d39b59b69993cfe,0.0
2025-12-05,0x790d41e2f911b6eecad286c04734036929049793,0.0
2025-12-05,0x7a0222dee3519854468f31154a4349c92814875f,0.0
2025-12-05,0x7d10bd50494ca1094cb706fadee52345b6139cf9,0.0
2025-12-05,0x7df172e521125054caa01d73c4fb4d30360e1079,0.0
2025-12-05,0x7f554a7568293db35a6421759c305fee6b60aa9a,0.0
2025-12-05,0x7f99c1b85c831c60d6f534412e4be78cab94a5e5,0.0
2025-12-05,0x8075c55918a91f5fc1f66fb77a7ca0be67a90233,0.0
2025-12-05,0x84c87d848244e49602f1ce614e46eba81e5f246f,0.0
2025-12-05,0x8633be9e9a5c7c39e9dc9d7ffef0979ce1026e71,0.0
2025-12-05,0x8b6bbe943259e12885529e4d340a0a5822f8d337,0.0
2025-12-05,0x8c298797fb92fb91c1d4a83e5b948f431fe229c6,0.0
2025-12-05,0x8da35b920fe236a757a0fad93d3a3ab8ea0a24cc,0.0
2025-12-05,0x8da66f6ee0eedf4376e471d7a507553296e49c19,0.0
2025-12-05,0x9ab1433913c1014e2166b3c7f039d9528b1fc540,0.0
2025-12-05,0x9e231a8b9c247230cb88befafee97a22ae244ee5,0.0
2025-12-05,0xac82362174a32fbbad61efcb0f02b9016b20c768,0.0
2025-12-05,0xae598104ba092f09470e59e7a4d2349dbbdc3310,0.0
2025-12-05,0xb57d2a1424ff536ef5debb8761662c72f90f9b66,0.0
2025-12-05,0xc32f2f6217d105d17904f8f495aa122baef4a333,0.0
2025-12-05,0xcc18c9473f7117e599b3f2103e794b16ffe7cf44,0.0
2025-12-05,0xcd75160eeafa7227d1eea1dc157f77c3cb0c4688,0.0
2025-12-05,0xd359264dd634edf74d5d00ed06ccc44ab20eeba9,0.0
2025-12-05,0xdf5f43411c47c07ebcf03c16c29f18313e45ca66,0.0
2025-12-05,0xe3abf7f7d29df6d64128794f64ed3d1b15a5e759,0.0
2025-12-05,0xe4922b8eb9bef6f486564a59987f4e1930c53235,0.0
2025-12-05,0xe6cac97e024e8e1d0d01cd5d1c72fcdcfe78be3d,0.0
2025-12-05,0xea8d6a4caaef55c18da4c1efe7303b0f61b0415c,0.0
2025-12-05,0xee2a70532e807259fcfd63274ad4e560dcca2613,0.0
2025-12-05,0xf5397ef04201f76a3e97457bc84f27303df20e80,0.0
2025-12-05,0xf5a89d2608db8fd229a076895f4f8d304e58c3a5,0.0
2025-12-05,0xf9baa2c717f8140d6925d8ff1827abeca1906526,0.0
2025-12-05,0xfaf8dbc45d01261ac417cf3b2843288df47fcacd,0.0
2025-12-05,0xff0034103421a624aa2b2d618fe7602cd6dd3f1d,0.0
2025-12-05,0xff806c084c40bce44d2facba005f8f1887cce7f4,0.0
2025-12-06,0x04be52434eb64addf373137310551ac42013677c,0.0
2025-12-06,0x087cdae4009af7974fb808cd4e01414ebf820ab0,0.0
2025-12-06,0x0c560e8b4c179782ab476dfed8a129b0d64e66e8,0.0
2025-12-06,0x218c56f591abc69c40e96a10e7b69c62c2c406ee,0.0
2025-12-06,0x28cd26d85b4ac655a489aa3f259f81283bd1a804,500.13798
2025-12-06,0x2bcd8898a678050efa5f41f4c6012045dee1b5c3,0.0
2025-12-06,0x2e5b63b36e7b115229d12c88cd47d471c122eddf,0.0
2025-12-06,0x349dd66d555a26d890f6bb996ef1eadf9f65bdd3,0.0
2025-12-06,0x36df841c8c269300335ed74d7729c66bc9dcb37d,0.0
2025-12-06,0x3787e2720296b4e0119e344e1b64291ed5fea398,0.0
2025-12-06,0x3b63bbf52aa94016b61ee8d6809253f915d61411,0.0
2025-12-06,0x3d9f3cc0d52ea543116dfebdf3c77819766a64e2,0.0
2025-12-06,0x422cb45f4dcb3f798b53835f8671288d424d881f,0.0
2025-12-06,0x4784a9b16ba5ccb9fb384c0a68448b9e70d357a6,0.0
2025-12-06,0x480f54f40e35739b6ed1dd0cb64ff881c392ff64,0.0
2025-12-06,0x4813ffe82fe058134762df947a9bf453229a010f,0.0
2025-12-06,0x4d571d89c5b71f720dbd271ac60f574402e76add,0.0
2025-12-06,0x52512f63bfdc0ca4d15e31da6b395c94eb16d563,0.0
2025-12-06,0x583924a6dfa73f20d7cee1f067f56afeccdda38c,0.0
2025-12-06,0x58c659b1c03d03ab6e7cf1ad6781bfe16a39375d,0.0
2025-12-06,0x5ebd6fc47e018d572695a30406aab2094f5739a5,0.0
2025-12-06,0x60a50be186c8fedeee7eb8e4162e8052bda6ba0e,0.0
2025-12-06,0x6194a13d478ba4de00cace380f51190663fd0de0,0.0
2025-12-06,0x64fbb84b9a101227af977ab5916cdead0de630bb,0.0
2025-12-06,0x657dd0353bbab3c31a15bebaefe5708f91599384,0.0
2025-12-06,0x66f069a1aa1838b8f435459683a82ec5c4175be1,0.0
2025-12-06,0x696361910177b630d7d98beb66db2a87210111ea,0.0
2025-12-06,0x6a70e534e6244e34eca9ca8218640f2d4ee49b42,0.0
2025-12-06,0x6b9cee98a4ca6cff357f576fb2a6cb2b5e43c39f,0.0
2025-12-06,0x6f78bc27fa80f127fadb1897f98dde6cfb3c3f94,0.0
2025-12-06,0x7531543d11be70509fd98599cab5e97745dd04ab,0.0
2025-12-06,0x772ca23497f271c6113fce7c53782f35c304790e,0.0
2025-12-06,0x7743b97525bdf503506288463d39b59b69993cfe,0.0
2025-12-06,0x790d41e2f911b6eecad286c04734036929049793,0.0
2025-12-06,0x7a0222dee3519854468f31154a4349c92814875f,0.0
2025-12-06,0x7d10bd50494ca1094cb706fadee52345b6139cf9,0.0
2025-12-06,0x7df172e521125054caa01d73c4fb4d30360e1079,0.0
2025-12-06,0x7f554a7568293db35a6421759c305fee6b60aa9a,0.0
2025-12-06,0x7f99c1b85c831c60d6f534412e4be78cab94a5e5,0.0
2025-12-06,0x8075c55918a91f5fc1f66fb77a7ca0be67a90233,0.0
2025-12-06,0x84c87d848244e49602f1ce614e46eba81e5f246f,0.0
2025-12-06,0x8633be9e9a5c7c39e9dc9d7ffef0979ce1026e71,0.0
2025-12-06,0x8b6bbe943259e12885529e4d340a0a5822f8d337,0.0
2025-12-06,0x8c298797fb92fb91c1d4a83e5b948f431fe229c6,0.0
2025-12-06,0x8da35b920fe236a757a0fad93d3a3ab8ea0a24cc,0.0
2025-12-06,0x8da66f6ee0eedf4376e471d7a507553296e49c19,0.0
2025-12-06,0x9ab1433913c1014e2166b3c7f039d9528b1fc540,0.0
2025-12-06,0x9e231a8b9c247230cb88befafee97a22ae244ee5,0.0
2025-12-06,0xac82362174a32fbbad61efcb0f02b9016b20c768,0.0
2025-12-06,0xae598104ba092f09470e59e7a4d2349dbbdc3310,0.0
2025-12-06,0xb57d2a1424ff536ef5debb8761662c72f90f9b66,0.0
2025-12-06,0xc32f2f6217d105d17904f8f495aa122baef4a333,0.0
2025-12-06,0xcc18c9473f7117e599b3f2103e794b16ffe7cf44,0.0
2025-12-06,0xcd75160eeafa7227d1eea1dc157f77c3cb0c4688,0.0
2025-12-06,0xd359264dd634edf74d5d00ed06ccc44ab20eeba9,0.0
2025-12-06,0xdf5f43411c47c07ebcf03c16c29f18313e45ca66,0.0
2025-12-06,0xe3abf7f7d29df6d64128794f64ed3d1b15a5e759,0.0
2025-12-06,0xe4922b8eb9bef6f486564a59987f4e1930c53235,0.0
2025-12-06,0xe6cac97e024e8e1d0d01cd5d1c72fcdcfe78be3d,0.0
2025-12-06,0xea8d6a4caaef55c18da4c1efe7303b0f61b0415c,0.0
2025-12-06,0xee2a70532e807259fcfd63274ad4e560dcca2613,0.0
2025-12-06,0xf5397ef04201f76a3e97457bc84f27303df20e80,0.0
2025-12-06,0xf5a89d2608db8fd229a076895f4f8d304e58c3a5,0.0
2025-12-06,0xf9baa2c717f8140d6925d8ff1827abeca1906526,0.0
2025-12-06,0xfaf8dbc45d01261ac417cf3b2843288df47fcacd,0.0
2025-12-06,0xff0034103421a624aa2b2d618fe7602cd6dd3f1d,0.0
2025-12-06,0xff806c084c40bce44d2facba005f8f1887cce7f4,0.0
2025-12-07,0x04be52434eb64addf373137310551ac42013677c,0.0
2025-12-07,0x087cdae4009af7974fb808cd4e01414ebf820ab0,0.0
2025-12-07,0x0c560e8b4c179782ab476dfed8a129b0d64e66e8,0.0
2025-12-07,0x218c56f591abc69c40e96a10e7b69c62c2c406ee,0.0
2025-12-07,0x28cd26d85b4ac655a489aa3f259f81283bd1a804,500.162976
2025-12-07,0x2bcd8898a678050efa5f41f4c6012045dee1b5c3,0.0
2025-12-07,0x2e5b63b36e7b115229d12c88cd47d471c122eddf,0.0
2025-12-07,0x349dd66d555a26d890f6bb996ef1eadf9f65bdd3,0.0
2025-12-07,0x36df841c8c269300335ed74d7729c66bc9dcb37d,0.0
2025-12-07,0x3787e2720296b4e0119e344e1b64291ed5fea398,0.0
2025-12-07,0x3b63bbf52aa94016b61ee8d6809253f915d61411,0.0
2025-12-07,0x3d9f3cc0d52ea543116dfebdf3c77819766a64e2,0.0
2025-12-07,0x422cb45f4dcb3f798b53835f8671288d424d881f,0.0
2025-12-07,0x4784a9b16ba5ccb9fb384c0a68448b9e70d357a6,0.0
2025-12-07,0x480f54f40e35739b6ed1dd0cb64ff881c392ff64,0.0
2025-12-07,0x4813ffe82fe058134762df947a9bf453229a010f,0.0
2025-12-07,0x4d571d89c5b71f720dbd271ac60f574402e76add,0.0
2025-12-07,0x52512f63bfdc0ca4d15e31da6b395c94eb16d563,0.0
2025-12-07,0x583924a6dfa73f20d7cee1f067f56afeccdda38c,0.0
2025-12-07,0x58c659b1c03d03ab6e7cf1ad6781bfe16a39375d,0.0
2025-12-07,0x5ebd6fc47e018d572695a30406aab2094f5739a5,0.0
2025-12-07,0x60a50be186c8fedeee7eb8e4162e8052bda6ba0e,0.0
2025-12-07,0x6194a13d478ba4de00cace380f51190663fd0de0,0.0
2025-12-07,0x64fbb84b9a101227af977ab5916cdead0de630bb,0.0
2025-12-07,0x657dd0353bbab3c31a15bebaefe5708f91599384,0.0
2025-12-07,0x66f069a1aa1838b8f435459683a82ec5c4175be1,0.0
2025-12-07,0x696361910177b630d7d98beb66db2a87210111ea,0.0
2025-12-07,0x6a70e534e6244e34eca9ca8218640f2d4ee49b42,0.0
2025-12-07,0x6b9cee98a4ca6cff357f576fb2a6cb2b5e43c39f,0.0
2025-12-07,0x6f78bc27fa80f127fadb1897f98dde6cfb3c3f94,0.0
2025-12-07,0x7531543d11be70509fd98599cab5e97745dd04ab,0.0
2025-12-07,0x772ca23497f271c6113fce7c53782f35c304790e,0.0
2025-12-07,0x7743b97525bdf503506288463d39b59b69993cfe,0.0
2025-12-07,0x790d41e2f911b6eecad286c04734036929049793,0.0
2025-12-07,0x7a0222dee3519854468f31154a4349c92814875f,0.0
2025-12-07,0x7d10bd50494ca1094cb706fadee52345b6139cf9,0.0
2025-12-07,0x7df172e521125054caa01d73c4fb4d30360e1079,0.0
2025-12-07,0x7f554a7568293db35a6421759c305fee6b60aa9a,0.0
2025-12-07,0x7f99c1b85c831c60d6f534412e4be78cab94a5e5,0.0
2025-12-07,0x8075c55918a91f5fc1f66fb77a7ca0be67a90233,0.0
2025-12-07,0x84c87d848244e49602f1ce614e46eba81e5f246f,0.0
2025-12-07,0x8633be9e9a5c7c39e9dc9d7ffef0979ce1026e71,0.0
2025-12-07,0x8b6bbe943259e12885529e4d340a0a5822f8d337,0.0
2025-12-07,0x8c298797fb92fb91c1d4a83e5b948f431fe229c6,0.0
2025-12-07,0x8da35b920fe236a757a0fad93d3a3ab8ea0a24cc,0.0
2025-12-07,0x8da66f6ee0eedf4376e471d7a507553296e49c19,0.0
2025-12-07,0x9ab1433913c1014e2166b3c7f039d9528b1fc540,0.0
2025-12-07,0x9e231a8b9c247230cb88befafee97a22ae244ee5,0.0
2025-12-07,0xac82362174a32fbbad61efcb0f02b9016b20c768,0.0
2025-12-07,0xae598104ba092f09470e59e7a4d2349dbbdc3310,0.0
2025-12-07,0xb57d2a1424ff536ef5debb8761662c72f90f9b66,0.0
2025-12-07,0xc32f2f6217d105d17904f8f495aa122baef4a333,0.0
2025-12-07,0xcc18c9473f7117e599b3f2103e794b16ffe7cf44,0.0
2025-12-07,0xcd75160eeafa7227d1eea1dc157f77c3cb0c4688,0.0
2025-12-07,0xd359264dd634edf74d5d00ed06ccc44ab20eeba9,0.0
2025-12-07,0xdf5f43411c47c07ebcf03c16c29f18313e45ca66,0.0
2025-12-07,0xe3abf7f7d29df6d64128794f64ed3d1b15a5e759,0.0
2025-12-07,0xe4922b8eb9bef6f486564a59987f4e1930c53235,0.0
2025-12-07,0xe6cac97e024e8e1d0d01cd5d1c72fcdcfe78be3d,0.0
2025-12-07,0xea8d6a4caaef55c18da4c1efe7303b0f61b0415c,0.0
2025-12-07,0xee2a70532e807259fcfd63274ad4e560dcca2613,0.0
2025-12-07,0xf5397ef04201f76a3e97457bc84f27303df20e80,0.0
2025-12-07,0xf5a89d2608db8fd229a076895f4f8d304e58c3a5,0.0
2025-12-07,0xf9baa2c717f8140d6925d8ff1827abeca1906526,0.0
2025-12-07,0xfaf8dbc45d01261ac417cf3b2843288df47fcacd,0.0
2025-12-07,0xff0034103421a624aa2b2d618fe7602cd6dd3f1d,0.0
2025-12-07,0xff806c084c40bce44d2facba005f8f1887cce7f4,0.0
2025-12-08,0x04be52434eb64addf373137310551ac42013677c,0.0
2025-12-08,0x087cdae4009af7974fb808cd4e01414ebf820ab0,0.0
2025-12-08,0x0c560e8b4c179782ab476dfed8a129b0d64e66e8,0.0
2025-12-08,0x218c56f591abc69c40e96a10e7b69c62c2c406ee,0.0
2025-12-08,0x28cd26d85b4ac655a489aa3f259f81283bd1a804,500.176018
2025-12-08,0x2bcd8898a678050efa5f41f4c6012045dee1b5c3,0.0
2025-12-08,0x2e5b63b36e7b115229d12c88cd47d471c122eddf,0.0
2025-12-08,0x349dd66d555a26d890f6bb996ef1eadf9f65bdd3,0.0
2025-12-08,0x36df841c8c269300335ed74d7729c66bc9dcb37d,0.0
2025-12-08,0x3787e2720296b4e0119e344e1b64291ed5fea398,0.0
2025-12-08,0x3b63bbf52aa94016b61ee8d6809253f915d61411,0.0
2025-12-08,0x3d9f3cc0d52ea543116dfebdf3c77819766a64e2,0.0
2025-12-08,0x422cb45f4dcb3f798b53835f8671288d424d881f,0.0
2025-12-08,0x4784a9b16ba5ccb9fb384c0a68448b9e70d357a6,0.0
2025-12-08,0x480f54f40e35739b6ed1dd0cb64ff881c392ff64,0.0
2025-12-08,0x4813ffe82fe058134762df947a9bf453229a010f,0.0
2025-12-08,0x4d571d89c5b71f720dbd271ac60f574402e76add,0.0
2025-12-08,0x52512f63bfdc0ca4d15e31da6b395c94eb16d563,0.0
2025-12-08,0x583924a6dfa73f20d7cee1f067f56afeccdda38c,0.0
2025-12-08,0x58c659b1c03d03ab6e7cf1ad6781bfe16a39375d,0.0
2025-12-08,0x5ebd6fc47e018d572695a30406aab2094f5739a5,0.0
2025-12-08,0x60a50be186c8fedeee7eb8e4162e8052bda6ba0e,0.0
2025-12-08,0x6194a13d478ba4de00cace380f51190663fd0de0,0.0
2025-12-08,0x64fbb84b9a101227af977ab5916cdead0de630bb,0.0
2025-12-08,0x657dd0353bbab3c31a15bebaefe5708f91599384,0.0
2025-12-08,0x66f069a1aa1838b8f435459683a82ec5c4175be1,0.0
2025-12-08,0x696361910177b630d7d98beb66db2a87210111ea,0.0
2025-12-08,0x6a70e534e6244e34eca9ca8218640f2d4ee49b42,0.0
2025-12-08,0x6b9cee98a4ca6cff357f576fb2a6cb2b5e43c39f,0.0
2025-12-08,0x6f78bc27fa80f127fadb1897f98dde6cfb3c3f94,0.0
2025-12-08,0x7531543d11be70509fd98599cab5e97745dd04ab,0.0
2025-12-08,0x772ca23497f271c6113fce7c53782f35c304790e,0.0
2025-12-08,0x7743b97525bdf503506288463d39b59b69993cfe,0.0
2025-12-08,0x790d41e2f911b6eecad286c04734036929049793,0.0
2025-12-08,0x7a0222dee3519854468f31154a4349c92814875f,0.0
2025-12-08,0x7d10bd50494ca1094cb706fadee52345b6139cf9,0.0
2025-12-08,0x7df172e521125054caa01d73c4fb4d30360e1079,0.0
2025-12-08,0x7f554a7568293db35a6421759c305fee6b60aa9a,0.0
2025-12-08,0x7f99c1b85c831c60d6f534412e4be78cab94a5e5,0.0
2025-12-08,0x8075c55918a91f5fc1f66fb77a7ca0be67a90233,0.0
2025-12-08,0x84c87d848244e49602f1ce614e46eba81e5f246f,0.0
2025-12-08,0x8633be9e9a5c7c39e9dc9d7ffef0979ce1026e71,0.0
2025-12-08,0x8b6bbe943259e12885529e4d340a0a5822f8d337,0.0
2025-12-08,0x8c298797fb92fb91c1d4a83e5b948f431fe229c6,0.0
2025-12-08,0x8da35b920fe236a757a0fad93d3a3ab8ea0a24cc,0.0
2025-12-08,0x8da66f6ee0eedf4376e471d7a507553296e49c19,0.0
2025-12-08,0x9ab1433913c1014e2166b3c7f039d9528b1fc540,0.0
2025-12-08,0x9e231a8b9c247230cb88befafee97a22ae244ee5,0.0
2025-12-08,0xac82362174a32fbbad61efcb0f02b9016b20c768,0.0
2025-12-08,0xae598104ba092f09470e59e7a4d2349dbbdc3310,0.0
2025-12-08,0xb57d2a1424ff536ef5debb8761662c72f90f9b66,0.0
2025-12-08,0xc32f2f6217d105d17904f8f495aa122baef4a333,0.0
2025-12-08,0xcc18c9473f7117e599b3f2103e794b16ffe7cf44,0.0
2025-12-08,0xcd75160eeafa7227d1eea1dc157f77c3cb0c4688,0.0
2025-12-08,0xd359264dd634edf74d5d00ed06ccc44ab20eeba9,0.0
2025-12-08,0xdf5f43411c47c07ebcf03c16c29f18313e45ca66,0.0
2025-12-08,0xe3abf7f7d29df6d64128794f64ed3d1b15a5e759,0.0
2025-12-08,0xe4922b8eb9bef6f486564a59987f4e1930c53235,0.0
2025-12-08,0xe6cac97e024e8e1d0d01cd5d1c72fcdcfe78be3d,0.0
2025-12-08,0xea8d6a4caaef55c18da4c1efe7303b0f61b0415c,0.0
2025-12-08,0xee2a70532e807259fcfd63274ad4e560dcca2613,0.0
2025-12-08,0xf5397ef04201f76a3e97457bc84f27303df20e80,0.0
2025-12-08,0xf5a89d2608db8fd229a076895f4f8d304e58c3a5,0.0
2025-12-08,0xf9baa2c717f8140d6925d8ff1827abeca1906526,0.0
2025-12-08,0xfaf8dbc45d01261ac417cf3b2843288df47fcacd,0.0
2025-12-08,0xff0034103421a624aa2b2d618fe7602cd6dd3f1d,0.0
2025-12-08,0xff806c084c40bce44d2facba005f8f1887cce7f4,0.0
2025-12-09,0x04be52434eb64addf373137310551ac42013677c,0.0
2025-12-09,0x087cdae4009af7974fb808cd4e01414ebf820ab0,0.0
2025-12-09,0x0c560e8b4c179782ab476dfed8a129b0d64e66e8,0.0
2025-12-09,0x218c56f591abc69c40e96a10e7b69c62c2c406ee,0.0
2025-12-09,0x28cd26d85b4ac655a489aa3f259f81283bd1a804,500.204088
2025-12-09,0x2bcd8898a678050efa5f41f4c6012045dee1b5c3,0.0
2025-12-09,0x2e5b63b36e7b115229d12c88cd47d471c122eddf,0.0
2025-12-09,0x349dd66d555a26d890f6bb996ef1eadf9f65bdd3,0.0
2025-12-09,0x36df841c8c269300335ed74d7729c66bc9dcb37d,0.0
2025-12-09,0x3787e2720296b4e0119e344e1b64291ed5fea398,0.0
2025-12-09,0x3b63bbf52aa94016b61ee8d6809253f915d61411,0.0
2025-12-09,0x3d9f3cc0d52ea543116dfebdf3c77819766a64e2,0.0
2025-12-09,0x422cb45f4dcb3f798b53835f8671288d424d881f,0.0
2025-12-09,0x4784a9b16ba5ccb9fb384c0a68448b9e70d357a6,0.0
2025-12-09,0x480f54f40e35739b6ed1dd0cb64ff881c392ff64,0.0
2025-12-09,0x4813ffe82fe058134762df947a9bf453229a010f,0.0
2025-12-09,0x4d571d89c5b71f720dbd271ac60f574402e76add,0.0
2025-12-09,0x52512f63bfdc0ca4d15e31da6b395c94eb16d563,0.0
2025-12-09,0x583924a6dfa73f20d7cee1f067f56afeccdda38c,0.0
2025-12-09,0x58c659b1c03d03ab6e7cf1ad6781bfe16a39375d,0.0
2025-12-09,0x5ebd6fc47e018d572695a30406aab2094f5739a5,0.0
2025-12-09,0x60a50be186c8fedeee7eb8e4162e8052bda6ba0e,0.0
2025-12-09,0x6194a13d478ba4de00cace380f51190663fd0de0,0.0
2025-12-09,0x64fbb84b9a101227af977ab5916cdead0de630bb,0.0
2025-12-09,0x657dd0353bbab3c31a15bebaefe5708f91599384,0.0
2025-12-09,0x66f069a1aa1838b8f435459683a82ec5c4175be1,0.0
2025-12-09,0x696361910177b630d7d98beb66db2a87210111ea,0.0
2025-12-09,0x6a70e534e6244e34eca9ca8218640f2d4ee49b42,0.0
2025-12-09,0x6b9cee98a4ca6cff357f576fb2a6cb2b5e43c39f,0.0
2025-12-09,0x6f78bc27fa80f127fadb1897f98dde6cfb3c3f94,0.0
2025-12-09,0x7531543d11be70509fd98599cab5e97745dd04ab,0.0
2025-12-09,0x772ca23497f271c6113fce7c53782f35c304790e,0.0
2025-12-09,0x7743b97525bdf503506288463d39b59b69993cfe,0.0
2025-12-09,0x790d41e2f911b6eecad286c04734036929049793,0.0
2025-12-09,0x7a0222dee3519854468f31154a4349c92814875f,0.0
2025-12-09,0x7d10bd50494ca1094cb706fadee52345b6139cf9,0.0
2025-12-09,0x7df172e521125054caa01d73c4fb4d30360e1079,0.0
2025-12-09,0x7f554a7568293db35a6421759c305fee6b60aa9a,0.0
2025-12-09,0x7f99c1b85c831c60d6f534412e4be78cab94a5e5,0.0
2025-12-09,0x8075c55918a91f5fc1f66fb77a7ca0be67a90233,0.0
2025-12-09,0x84c87d848244e49602f1ce614e46eba81e5f246f,0.0
2025-12-09,0x8633be9e9a5c7c39e9dc9d7ffef0979ce1026e71,0.0
2025-12-09,0x8b6bbe943259e12885529e4d340a0a5822f8d337,0.0
2025-12-09,0x8c298797fb92fb91c1d4a83e5b948f431fe229c6,0.0
2025-12-09,0x8da35b920fe236a757a0fad93d3a3ab8ea0a24cc,0.0
2025-12-09,0x8da66f6ee0eedf4376e471d7a507553296e49c19,0.0
2025-12-09,0x9ab1433913c1014e2166b3c7f039d9528b1fc540,0.0
2025-12-09,0x9e231a8b9c247230cb88befafee97a22ae244ee5,0.0
2025-12-09,0xac82362174a32fbbad61efcb0f02b9016b20c768,0.0
2025-12-09,0xae598104ba092f09470e59e7a4d2349dbbdc3310,0.0
2025-12-09,0xb57d2a1424ff536ef5debb8761662c72f90f9b66,0.0
2025-12-09,0xc32f2f6217d105d17904f8f495aa122baef4a333,0.0
2025-12-09,0xcc18c9473f7117e599b3f2103e794b16ffe7cf44,0.0
2025-12-09,0xcd75160eeafa7227d1eea1dc157f77c3cb0c4688,0.0
2025-12-09,0xd359264dd634edf74d5d00ed06ccc44ab20eeba9,0.0
2025-12-09,0xdf5f43411c47c07ebcf03c16c29f18313e45ca66,0.0
2025-12-09,0xe3abf7f7d29df6d64128794f64ed3d1b15a5e759,0.0
2025-12-09,0xe4922b8eb9bef6f486564a59987f4e1930c53235,0.0
2025-12-09,0xe6cac97e024e8e1d0d01cd5d1c72fcdcfe78be3d,0.0
2025-12-09,0xea8d6a4caaef55c18da4c1efe7303b0f61b0415c,0.0
2025-12-09,0xee2a70532e807259fcfd63274ad4e560dcca2613,0.0
2025-12-09,0xf5397ef04201f76a3e97457bc84f27303df20e80,0.0
2025-12-09,0xf5a89d2608db8fd229a076895f4f8d304e58c3a5,0.0
2025-12-09,0xf9baa2c717f8140d6925d8ff1827abeca1906526,0.0
2025-12-09,0xfaf8dbc45d01261ac417cf3b2843288df47fcacd,0.0
2025-12-09,0xff0034103421a624aa2b2d618fe7602cd6dd3f1d,0.0
2025-12-09,0xff806c084c40bce44d2facba005f8f1887cce7f4,0.0
2025-12-10,0x04be52434eb64addf373137310551ac42013677c,0.0
2025-12-10,0x087cdae4009af7974fb808cd4e01414ebf820ab0,0.0
2025-12-10,0x0c560e8b4c179782ab476dfed8a129b0d64e66e8,0.0
2025-12-10,0x218c56f591abc69c40e96a10e7b69c62c2c406ee,0.0
2025-12-10,0x28cd26d85b4ac655a489aa3f259f81283bd1a804,500.228074
2025-12-10,0x2bcd8898a678050efa5f41f4c6012045dee1b5c3,0.0
2025-12-10,0x2e5b63b36e7b115229d12c88cd47d471c122eddf,0.0
2025-12-10,0x349dd66d555a26d890f6bb996ef1eadf9f65bdd3,0.0
2025-12-10,0x36df841c8c269300335ed74d7729c66bc9dcb37d,0.0
2025-12-10,0x3787e2720296b4e0119e344e1b64291ed5fea398,0.0
2025-12-10,0x3b63bbf52aa94016b61ee8d6809253f915d61411,0.0
2025-12-10,0x3d9f3cc0d52ea543116dfebdf3c77819766a64e2,0.0
2025-12-10,0x422cb45f4dcb3f798b53835f8671288d424d881f,0.0
2025-12-10,0x4784a9b16ba5ccb9fb384c0a68448b9e70d357a6,0.0
2025-12-10,0x480f54f40e35739b6ed1dd0cb64ff881c392ff64,0.0
2025-12-10,0x4813ffe82fe058134762df947a9bf453229a010f,0.0
2025-12-10,0x4d571d89c5b71f720dbd271ac60f574402e76add,0.0
2025-12-10,0x52512f63bfdc0ca4d15e31da6b395c94eb16d563,0.0
2025-12-10,0x583924a6dfa73f20d7cee1f067f56afeccdda38c,0.0
2025-12-10,0x58c659b1c03d03ab6e7cf1ad6781bfe16a39375d,0.0
2025-12-10,0x5ebd6fc47e018d572695a30406aab2094f5739a5,0.0
2025-12-10,0x60a50be186c8fedeee7eb8e4162e8052bda6ba0e,0.0
2025-12-10,0x6194a13d478ba4de00cace380f51190663fd0de0,0.0
2025-12-10,0x64fbb84b9a101227af977ab5916cdead0de630bb,0.0
2025-12-10,0x657dd0353bbab3c31a15bebaefe5708f91599384,0.0
2025-12-10,0x66f069a1aa1838b8f435459683a82ec5c4175be1,0.0
2025-12-10,0x696361910177b630d7d98beb66db2a87210111ea,0.0
2025-12-10,0x6a70e534e6244e34eca9ca8218640f2d4ee49b42,0.0
2025-12-10,0x6b9cee98a4ca6cff357f576fb2a6cb2b5e43c39f,0.0
2025-12-10,0x6f78bc27fa80f127fadb1897f98dde6cfb3c3f94,0.0
2025-12-10,0x7531543d11be70509fd98599cab5e97745dd04ab,0.0
2025-12-10,0x772ca23497f271c6113fce7c53782f35c304790e,0.0
2025-12-10,0x7743b97525bdf503506288463d39b59b69993cfe,0.0
2025-12-10,0x790d41e2f911b6eecad286c04734036929049793,0.0
2025-12-10,0x7a0222dee3519854468f31154a4349c92814875f,0.0
2025-12-10,0x7d10bd50494ca1094cb706fadee52345b6139cf9,0.0
2025-12-10,0x7df172e521125054caa01d73c4fb4d30360e1079,0.0
2025-12-10,0x7f554a7568293db35a6421759c305fee6b60aa9a,0.0
2025-12-10,0x7f99c1b85c831c60d6f534412e4be78cab94a5e5,0.0
2025-12-10,0x8075c55918a91f5fc1f66fb77a7ca0be67a90233,0.0
2025-12-10,0x84c87d848244e49602f1ce614e46eba81e5f246f,0.0
2025-12-10,0x8633be9e9a5c7c39e9dc9d7ffef0979ce1026e71,0.0
2025-12-10,0x8b6bbe943259e12885529e4d340a0a5822f8d337,0.0
2025-12-10,0x8c298797fb92fb91c1d4a83e5b948f431fe229c6,0.0
2025-12-10,0x8da35b920fe236a757a0fad93d3a3ab8ea0a24cc,0.0
2025-12-10,0x8da66f6ee0eedf4376e471d7a507553296e49c19,0.0
2025-12-10,0x9ab1433913c1014e2166b3c7f039d9528b1fc540,0.0
2025-12-10,0x9e231a8b9c247230cb88befafee97a22ae244ee5,0.0
2025-12-10,0xac82362174a32fbbad61efcb0f02b9016b20c768,0.0
2025-12-10,0xae598104ba092f09470e59e7a4d2349dbbdc3310,0.0
2025-12-10,0xb57d2a1424ff536ef5debb8761662c72f90f9b66,0.0
2025-12-10,0xc32f2f6217d105d17904f8f495aa122baef4a333,0.0
2025-12-10,0xcc18c9473f7117e599b3f2103e794b16ffe7cf44,0.0
2025-12-10,0xcd75160eeafa7227d1eea1dc157f77c3cb0c4688,0.0
2025-12-10,0xd359264dd634edf74d5d00ed06ccc44ab20eeba9,0.0
2025-12-10,0xdf5f43411c47c07ebcf03c16c29f18313e45ca66,0.0
2025-12-10,0xe3abf7f7d29df6d64128794f64ed3d1b15a5e759,0.0
2025-12-10,0xe4922b8eb9bef6f486564a59987f4e1930c53235,0.0
2025-12-10,0xe6cac97e024e8e1d0d01cd5d1c72fcdcfe78be3d,0.0
2025-12-10,0xea8d6a4caaef55c18da4c1efe7303b0f61b0415c,0.0
2025-12-10,0xee2a70532e807259fcfd63274ad4e560dcca2613,0.0
2025-12-10,0xf5397ef04201f76a3e97457bc84f27303df20e80,0.0
2025-12-10,0xf5a89d2608db8fd229a076895f4f8d304e58c3a5,0.0
2025-12-10,0xf9baa2c717f8140d6925d8ff1827abeca1906526,0.0
2025-12-10,0xfaf8dbc45d01261ac417cf3b2843288df47fcacd,0.0
2025-12-10,0xff0034103421a624aa2b2d618fe7602cd6dd3f1d,0.0
2025-12-10,0xff806c084c40bce44d2facba005f8f1887cce7f4,0.0
2025-12-11,0x04be52434eb64addf373137310551ac42013677c,0.0
2025-12-11,0x087cdae4009af7974fb808cd4e01414ebf820ab0,0.0
2025-12-11,0x0c560e8b4c179782ab476dfed8a129b0d64e66e8,0.0
2025-12-11,0x218c56f591abc69c40e96a10e7b69c62c2c406ee,0.0
2025-12-11,0x28cd26d85b4ac655a489aa3f259f81283bd1a804,500.26224
2025-12-11,0x2bcd8898a678050efa5f41f4c6012045dee1b5c3,0.0
2025-12-11,0x2e5b63b36e7b115229d12c88cd47d471c122eddf,0.0
2025-12-11,0x349dd66d555a26d890f6bb996ef1eadf9f65bdd3,0.0
2025-12-11,0x36df841c8c269300335ed74d7729c66bc9dcb37d,0.0
2025-12-11,0x3787e2720296b4e0119e344e1b64291ed5fea398,0.0
2025-12-11,0x3b63bbf52aa94016b61ee8d6809253f915d61411,0.0
2025-12-11,0x3d9f3cc0d52ea543116dfebdf3c77819766a64e2,0.0
2025-12-11,0x422cb45f4dcb3f798b53835f8671288d424d881f,0.0
2025-12-11,0x4784a9b16ba5ccb9fb384c0a68448b9e70d357a6,0.0
2025-12-11,0x480f54f40e35739b6ed1dd0cb64ff881c392ff64,0.0
2025-12-11,0x4813ffe82fe058134762df947a9bf453229a010f,0.0
2025-12-11,0x4d571d89c5b71f720dbd271ac60f574402e76add,0.0
2025-12-11,0x52512f63bfdc0ca4d15e31da6b395c94eb16d563,0.0
2025-12-11,0x583924a6dfa73f20d7cee1f067f56afeccdda38c,0.0
2025-12-11,0x58c659b1c03d03ab6e7cf1ad6781bfe16a39375d,0.0
2025-12-11,0x5ebd6fc47e018d572695a30406aab2094f5739a5,0.0
2025-12-11,0x60a50be186c8fedeee7eb8e4162e8052bda6ba0e,0.0
2025-12-11,0x6194a13d478ba4de00cace380f51190663fd0de0,0.0
2025-12-11,0x64fbb84b9a101227af977ab5916cdead0de630bb,0.0
2025-12-11,0x657dd0353bbab3c31a15bebaefe5708f91599384,0.0
2025-12-11,0x66f069a1aa1838b8f435459683a82ec5c4175be1,0.0
2025-12-11,0x696361910177b630d7d98beb66db2a87210111ea,0.0
2025-12-11,0x6a70e534e6244e34eca9ca8218640f2d4ee49b42,0.0
2025-12-11,0x6b9cee98a4ca6cff357f576fb2a6cb2b5e43c39f,0.0
2025-12-11,0x6f78bc27fa80f127fadb1897f98dde6cfb3c3f94,0.0
2025-12-11,0x7531543d11be70509fd98599cab5e97745dd04ab,0.0
2025-12-11,0x772ca23497f271c6113fce7c53782f35c304790e,0.0
2025-12-11,0x7743b97525bdf503506288463d39b59b69993cfe,0.0
2025-12-11,0x790d41e2f911b6eecad286c04734036929049793,0.0
2025-12-11,0x7a0222dee3519854468f31154a4349c92814875f,0.0
2025-12-11,0x7d10bd50494ca1094cb706fadee52345b6139cf9,0.0
2025-12-11,0x7df172e521125054caa01d73c4fb4d30360e1079,0.0
2025-12-11,0x7f554a7568293db35a6421759c305fee6b60aa9a,0.0
2025-12-11,0x7f99c1b85c831c60d6f534412e4be78cab94a5e5,0.0
2025-12-11,0x8075c55918a91f5fc1f66fb77a7ca0be67a90233,0.0
2025-12-11,0x84c87d848244e49602f1ce614e46eba81e5f246f,0.0
2025-12-11,0x8633be9e9a5c7c39e9dc9d7ffef0979ce1026e71,0.0
2025-12-11,0x8b6bbe943259e12885529e4d340a0a5822f8d337,0.0
2025-12-11,0x8c298797fb92fb91c1d4a83e5b948f431fe229c6,0.0
2025-12-11,0x8da35b920fe236a757a0fad93d3a3ab8ea0a24cc,0.0
2025-12-11,0x8da66f6ee0eedf4376e471d7a507553296e49c19,0.0
2025-12-11,0x9ab1433913c1014e2166b3c7f039d9528b1fc540,0.0
2025-12-11,0x9e231a8b9c247230cb88befafee97a22ae244ee5,0.0
2025-12-11,0xac82362174a32fbbad61efcb0f02b9016b20c768,0.0
2025-12-11,0xae598104ba092f09470e59e7a4d2349dbbdc3310,0.0
2025-12-11,0xb57d2a1424ff536ef5debb8761662c72f90f9b66,0.0
2025-12-11,0xc32f2f6217d105d17904f8f495aa122baef4a333,0.0
2025-12-11,0xcc18c9473f7117e599b3f2103e794b16ffe7cf44,0.0
2025-12-11,0xcd75160eeafa7227d1eea1dc157f77c3cb0c4688,0.0
2025-12-11,0xd359264dd634edf74d5d00ed06ccc44ab20eeba9,0.0
2025-12-11,0xdf5f43411c47c07ebcf03c16c29f18313e45ca66,0.0
2025-12-11,0xe3abf7f7d29df6d64128794f64ed3d1b15a5e759,0.0
2025-12-11,0xe4922b8eb9bef6f486564a59987f4e1930c53235,0.0
2025-12-11,0xe6cac97e024e8e1d0d01cd5d1c72fcdcfe78be3d,0.0
2025-12-11,0xea8d6a4caaef55c18da4c1efe7303b0f61b0415c,0.0
2025-12-11,0xee2a70532e807259fcfd63274ad4e560dcca2613,0.0
2025-12-11,0xf5397ef04201f76a3e97457bc84f27303df20e80,0.0
2025-12-11,0xf5a89d2608db8fd229a076895f4f8d304e58c3a5,0.0
2025-12-11,0xf9baa2c717f8140d6925d8ff1827abeca1906526,0.0
2025-12-11,0xfaf8dbc45d01261ac417cf3b2843288df47fcacd,0.0
2025-12-11,0xff0034103421a624aa2b2d618fe7602cd6dd3f1d,0.0
2025-12-11,0xff806c084c40bce44d2facba005f8f1887cce7f4,0.0
2025-12-12,0x04be52434eb64addf373137310551ac42013677c,0.0
2025-12-12,0x087cdae4009af7974fb808cd4e01414ebf820ab0,0.0
2025-12-12,0x0c560e8b4c179782ab476dfed8a129b0d64e66e8,0.0
2025-12-12,0x218c56f591abc69c40e96a10e7b69c62c2c406ee,0.0
2025-12-12,0x28cd26d85b4ac655a489aa3f259f81283bd1a804,500.285883
2025-12-12,0x2bcd8898a678050efa5f41f4c6012045dee1b5c3,0.0
2025-12-12,0x2e5b63b36e7b115229d12c88cd47d471c122eddf,0.0
2025-12-12,0x349dd66d555a26d890f6bb996ef1eadf9f65bdd3,0.0
2025-12-12,0x36df841c8c269300335ed74d7729c66bc9dcb37d,0.0
2025-12-12,0x3787e2720296b4e0119e344e1b64291ed5fea398,0.0
2025-12-12,0x3b63bbf52aa94016b61ee8d6809253f915d61411,0.0
2025-12-12,0x3d9f3cc0d52ea543116dfebdf3c77819766a64e2,0.0
2025-12-12,0x422cb45f4dcb3f798b53835f8671288d424d881f,0.0
2025-12-12,0x4784a9b16ba5ccb9fb384c0a68448b9e70d357a6,0.0
2025-12-12,0x480f54f40e35739b6ed1dd0cb64ff881c392ff64,0.0
2025-12-12,0x4813ffe82fe058134762df947a9bf453229a010f,0.0
2025-12-12,0x4d571d89c5b71f720dbd271ac60f574402e76add,0.0
2025-12-12,0x52512f63bfdc0ca4d15e31da6b395c94eb16d563,0.0
2025-12-12,0x583924a6dfa73f20d7cee1f067f56afeccdda38c,0.0
2025-12-12,0x58c659b1c03d03ab6e7cf1ad6781bfe16a39375d,0.0
2025-12-12,0x5ebd6fc47e018d572695a30406aab2094f5739a5,0.0
2025-12-12,0x60a50be186c8fedeee7eb8e4162e8052bda6ba0e,0.0
2025-12-12,0x6194a13d478ba4de00cace380f51190663fd0de0,0.0
2025-12-12,0x64fbb84b9a101227af977ab5916cdead0de630bb,0.0
2025-12-12,0x657dd0353bbab3c31a15bebaefe5708f91599384,0.0
2025-12-12,0x66f069a1aa1838b8f435459683a82ec5c4175be1,0.0
2025-12-12,0x696361910177b630d7d98beb66db2a87210111ea,0.0
2025-12-12,0x6a70e534e6244e34eca9ca8218640f2d4ee49b42,0.0
2025-12-12,0x6b9cee98a4ca6cff357f576fb2a6cb2b5e43c39f,0.0
2025-12-12,0x6f78bc27fa80f127fadb1897f98dde6cfb3c3f94,0.0
2025-12-12,0x7531543d11be70509fd98599cab5e97745dd04ab,0.0
2025-12-12,0x772ca23497f271c6113fce7c53782f35c304790e,0.0
2025-12-12,0x7743b97525bdf503506288463d39b59b69993cfe,0.0
2025-12-12,0x790d41e2f911b6eecad286c04734036929049793,0.0
2025-12-12,0x7a0222dee3519854468f31154a4349c92814875f,0.0
2025-12-12,0x7d10bd50494ca1094cb706fadee52345b6139cf9,0.0
2025-12-12,0x7df172e521125054caa01d73c4fb4d30360e1079,0.0
2025-12-12,0x7f554a7568293db35a6421759c305fee6b60aa9a,0.0
2025-12-12,0x7f99c1b85c831c60d6f534412e4be78cab94a5e5,0.0
2025-12-12,0x8075c55918a91f5fc1f66fb77a7ca0be67a90233,0.0
2025-12-12,0x84c87d848244e49602f1ce614e46eba81e5f246f,0.0
2025-12-12,0x8633be9e9a5c7c39e9dc9d7ffef0979ce1026e71,0.0
2025-12-12,0x8b6bbe943259e12885529e4d340a0a5822f8d337,0.0
2025-12-12,0x8c298797fb92fb91c1d4a83e5b948f431fe229c6,0.0
2025-12-12,0x8da35b920fe236a757a0fad93d3a3ab8ea0a24cc,0.0
2025-12-12,0x8da66f6ee0eedf4376e471d7a507553296e49c19,0.0
2025-12-12,0x9ab1433913c1014e2166b3c7f039d9528b1fc540,0.0
2025-12-12,0x9e231a8b9c247230cb88befafee97a22ae244ee5,0.0
2025-12-12,0xac82362174a32fbbad61efcb0f02b9016b20c768,0.0
2025-12-12,0xae598104ba092f09470e59e7a4d2349dbbdc3310,0.0
2025-12-12,0xb57d2a1424ff536ef5debb8761662c72f90f9b66,0.0
2025-12-12,0xc32f2f6217d105d17904f8f495aa122baef4a333,0.0
2025-12-12,0xcc18c9473f7117e599b3f2103e794b16ffe7cf44,0.0
2025-12-12,0xcd75160eeafa7227d1eea1dc157f77c3cb0c4688,0.0
2025-12-12,0xd359264dd634edf74d5d00ed06ccc44ab20eeba9,0.0
2025-12-12,0xdf5f43411c47c07ebcf03c16c29f18313e45ca66,0.0
2025-12-12,0xe3abf7f7d29df6d64128794f64ed3d1b15a5e759,0.0
2025-12-12,0xe4922b8eb9bef6f486564a59987f4e1930c53235,0.0
2025-12-12,0xe6cac97e024e8e1d0d01cd5d1c72fcdcfe78be3d,0.0
2025-12-12,0xea8d6a4caaef55c18da4c1efe7303b0f61b0415c,0.0
2025-12-12,0xee2a70532e807259fcfd63274ad4e560dcca2613,0.0
2025-12-12,0xf5397ef04201f76a3e97457bc84f27303df20e80,0.0
2025-12-12,0xf5a89d2608db8fd229a076895f4f8d304e58c3a5,0.0
2025-12-12,0xf9baa2c717f8140d6925d8ff1827abeca1906526,0.0
2025-12-12,0xfaf8dbc45d01261ac417cf3b2843288df47fcacd,0.0
2025-12-12,0xff0034103421a624aa2b2d618fe7602cd6dd3f1d,0.0
2025-12-12,0xff806c084c40bce44d2facba005f8f1887cce7f4,0.0
2025-12-13,0x04be52434eb64addf373137310551ac42013677c,0.0
2025-12-13,0x087cdae4009af7974fb808cd4e01414ebf820ab0,0.0
2025-12-13,0x0c560e8b4c179782ab476dfed8a129b0d64e66e8,0.0
2025-12-13,0x218c56f591abc69c40e96a10e7b69c62c2c406ee,0.0
2025-12-13,0x28cd26d85b4ac655a489aa3f259f81283bd1a804,500.310827
2025-12-13,0x2bcd8898a678050efa5f41f4c6012045dee1b5c3,0.0
2025-12-13,0x2e5b63b36e7b115229d12c88cd47d471c122eddf,0.0
2025-12-13,0x349dd66d555a26d890f6bb996ef1eadf9f65bdd3,0.0
2025-12-13,0x36df841c8c269300335ed74d7729c66bc9dcb37d,0.0
2025-12-13,0x3787e2720296b4e0119e344e1b64291ed5fea398,0.0
2025-12-13,0x3b63bbf52aa94016b61ee8d6809253f915d61411,0.0
2025-12-13,0x3d9f3cc0d52ea543116dfebdf3c77819766a64e2,0.0
2025-12-13,0x422cb45f4dcb3f798b53835f8671288d424d881f,0.0
2025-12-13,0x4784a9b16ba5ccb9fb384c0a68448b9e70d357a6,0.0
2025-12-13,0x480f54f40e35739b6ed1dd0cb64ff881c392ff64,0.0
2025-12-13,0x4813ffe82fe058134762df947a9bf453229a010f,0.0
2025-12-13,0x4d571d89c5b71f720dbd271ac60f574402e76add,0.0
2025-12-13,0x52512f63bfdc0ca4d15e31da6b395c94eb16d563,0.0
2025-12-13,0x583924a6dfa73f20d7cee1f067f56afeccdda38c,0.0
2025-12-13,0x58c659b1c03d03ab6e7cf1ad6781bfe16a39375d,0.0
2025-12-13,0x5ebd6fc47e018d572695a30406aab2094f5739a5,0.0
2025-12-13,0x60a50be186c8fedeee7eb8e4162e8052bda6ba0e,0.0
2025-12-13,0x6194a13d478ba4de00cace380f51190663fd0de0,0.0
2025-12-13,0x64fbb84b9a101227af977ab5916cdead0de630bb,0.0
2025-12-13,0x657dd0353bbab3c31a15bebaefe5708f91599384,0.0
2025-12-13,0x66f069a1aa1838b8f435459683a82ec5c4175be1,0.0
2025-12-13,0x696361910177b630d7d98beb66db2a87210111ea,0.0
2025-12-13,0x6a70e534e6244e34eca9ca8218640f2d4ee49b42,0.0
2025-12-13,0x6b9cee98a4ca6cff357f576fb2a6cb2b5e43c39f,0.0
2025-12-13,0x6f78bc27fa80f127fadb1897f98dde6cfb3c3f94,0.0
2025-12-13,0x7531543d11be70509fd98599cab5e97745dd04ab,0.0
2025-12-13,0x772ca23497f271c6113fce7c53782f35c304790e,0.0
2025-12-13,0x7743b97525bdf503506288463d39b59b69993cfe,0.0
2025-12-13,0x790d41e2f911b6eecad286c04734036929049793,0.0
2025-12-13,0x7a0222dee3519854468f31154a4349c92814875f,0.0
2025-12-13,0x7d10bd50494ca1094cb706fadee52345b6139cf9,0.0
2025-12-13,0x7df172e521125054caa01d73c4fb4d30360e1079,0.0
2025-12-13,0x7f554a7568293db35a6421759c305fee6b60aa9a,0.0
2025-12-13,0x7f99c1b85c831c60d6f534412e4be78cab94a5e5,0.0
2025-12-13,0x8075c55918a91f5fc1f66fb77a7ca0be67a90233,0.0
2025-12-13,0x84c87d848244e49602f1ce614e46eba81e5f246f,0.0
2025-12-13,0x8633be9e9a5c7c39e9dc9d7ffef0979ce1026e71,0.0
2025-12-13,0x8b6bbe943259e12885529e4d340a0a5822f8d337,0.0
2025-12-13,0x8c298797fb92fb91c1d4a83e5b948f431fe229c6,0.0
2025-12-13,0x8da35b920fe236a757a0fad93d3a3ab8ea0a24cc,0.0
2025-12-13,0x8da66f6ee0eedf4376e471d7a507553296e49c19,0.0
2025-12-13,0x9ab1433913c1014e2166b3c7f039d9528b1fc540,0.0
2025-12-13,0x9e231a8b9c247230cb88befafee97a22ae244ee5,0.0
2025-12-13,0xac82362174a32fbbad61efcb0f02b9016b20c768,0.0
2025-12-13,0xae598104ba092f09470e59e7a4d2349dbbdc3310,0.0
2025-12-13,0xb57d2a1424ff536ef5debb8761662c72f90f9b66,0.0
2025-12-13,0xc32f2f6217d105d17904f8f495aa122baef4a333,0.0
2025-12-13,0xcc18c9473f7117e599b3f2103e794b16ffe7cf44,0.0
2025-12-13,0xcd75160eeafa7227d1eea1dc157f77c3cb0c4688,0.0
2025-12-13,0xd359264dd634edf74d5d00ed06ccc44ab20eeba9,0.0
2025-12-13,0xdf5f43411c47c07ebcf03c16c29f18313e45ca66,0.0
2025-12-13,0xe3abf7f7d29df6d64128794f64ed3d1b15a5e759,0.0
2025-12-13,0xe4922b8eb9bef6f486564a59987f4e1930c53235,0.0
2025-12-13,0xe6cac97e024e8e1d0d01cd5d1c72fcdcfe78be3d,0.0
2025-12-13,0xea8d6a4caaef55c18da4c1efe7303b0f61b0415c,0.0
2025-12-13,0xee2a70532e807259fcfd63274ad4e560dcca2613,0.0
2025-12-13,0xf5397ef04201f76a3e97457bc84f27303df20e80,0.0
2025-12-13,0xf5a89d2608db8fd229a076895f4f8d304e58c3a5,0.0
2025-12-13,0xf9baa2c717f8140d6925d8ff1827abeca1906526,0.0
2025-12-13,0xfaf8dbc45d01261ac417cf3b2843288df47fcacd,0.0
2025-12-13,0xff0034103421a624aa2b2d618fe7602cd6dd3f1d,0.0
2025-12-13,0xff806c084c40bce44d2facba005f8f1887cce7f4,0.0
2025-12-14,0x04be52434eb64addf373137310551ac42013677c,0.0
2025-12-14,0x087cdae4009af7974fb808cd4e01414ebf820ab0,0.0
2025-12-14,0x0c560e8b4c179782ab476dfed8a129b0d64e66e8,0.0
2025-12-14,0x218c56f591abc69c40e96a10e7b69c62c2c406ee,0.0
2025-12-14,0x28cd26d85b4ac655a489aa3f259f81283bd1a804,500.336538
2025-12-14,0x2bcd8898a678050efa5f41f4c6012045dee1b5c3,0.0
2025-12-14,0x2e5b63b36e7b115229d12c88cd47d471c122eddf,0.0
2025-12-14,0x349dd66d555a26d890f6bb996ef1eadf9f65bdd3,0.0
2025-12-14,0x36df841c8c269300335ed74d7729c66bc9dcb37d,0.0
2025-12-14,0x3787e2720296b4e0119e344e1b64291ed5fea398,0.0
2025-12-14,0x3b63bbf52aa94016b61ee8d6809253f915d61411,0.0
2025-12-14,0x3d9f3cc0d52ea543116dfebdf3c77819766a64e2,0.0
2025-12-14,0x422cb45f4dcb3f798b53835f8671288d424d881f,0.0
2025-12-14,0x4784a9b16ba5ccb9fb384c0a68448b9e70d357a6,0.0
2025-12-14,0x480f54f40e35739b6ed1dd0cb64ff881c392ff64,0.0
2025-12-14,0x4813ffe82fe058134762df947a9bf453229a010f,0.0
2025-12-14,0x4d571d89c5b71f720dbd271ac60f574402e76add,0.0
2025-12-14,0x52512f63bfdc0ca4d15e31da6b395c94eb16d563,0.0
2025-12-14,0x583924a6dfa73f20d7cee1f067f56afeccdda38c,0.0
2025-12-14,0x58c659b1c03d03ab6e7cf1ad6781bfe16a39375d,0.0
2025-12-14,0x5ebd6fc47e018d572695a30406aab2094f5739a5,0.0
2025-12-14,0x60a50be186c8fedeee7eb8e4162e8052bda6ba0e,0.0
2025-12-14,0x6194a13d478ba4de00cace380f51190663fd0de0,0.0
2025-12-14,0x64fbb84b9a101227af977ab5916cdead0de630bb,0.0
2025-12-14,0x657dd0353bbab3c31a15bebaefe5708f91599384,0.0
2025-12-14,0x66f069a1aa1838b8f435459683a82ec5c4175be1,0.0
2025-12-14,0x696361910177b630d7d98beb66db2a87210111ea,0.0
2025-12-14,0x6a70e534e6244e34eca9ca8218640f2d4ee49b42,0.0
2025-12-14,0x6b9cee98a4ca6cff357f576fb2a6cb2b5e43c39f,0.0
2025-12-14,0x6f78bc27fa80f127fadb1897f98dde6cfb3c3f94,0.0
2025-12-14,0x7531543d11be70509fd98599cab5e97745dd04ab,0.0
2025-12-14,0x772ca23497f271c6113fce7c53782f35c304790e,0.0
2025-12-14,0x7743b97525bdf503506288463d39b59b69993cfe,0.0
2025-12-14,0x790d41e2f911b6eecad286c04734036929049793,0.0
2025-12-14,0x7a0222dee3519854468f31154a4349c92814875f,0.0
2025-12-14,0x7d10bd50494ca1094cb706fadee52345b6139cf9,0.0
2025-12-14,0x7df172e521125054caa01d73c4fb4d30360e1079,0.0
2025-12-14,0x7f554a7568293db35a6421759c305fee6b60aa9a,0.0
2025-12-14,0x7f99c1b85c831c60d6f534412e4be78cab94a5e5,0.0
2025-12-14,0x8075c55918a91f5fc1f66fb77a7ca0be67a90233,0.0
2025-12-14,0x84c87d848244e49602f1ce614e46eba81e5f246f,0.0
2025-12-14,0x8633be9e9a5c7c39e9dc9d7ffef0979ce1026e71,0.0
2025-12-14,0x8b6bbe943259e12885529e4d340a0a5822f8d337,0.0
2025-12-14,0x8c298797fb92fb91c1d4a83e5b948f431fe229c6,0.0
2025-12-14,0x8da35b920fe236a757a0fad93d3a3ab8ea0a24cc,0.0
2025-12-14,0x8da66f6ee0eedf4376e471d7a507553296e49c19,0.0
2025-12-14,0x9ab1433913c1014e2166b3c7f039d9528b1fc540,0.0
2025-12-14,0x9e231a8b9c247230cb88befafee97a22ae244ee5,0.0
2025-12-14,0xac82362174a32fbbad61efcb0f02b9016b20c768,0.0
2025-12-14,0xae598104ba092f09470e59e7a4d2349dbbdc3310,0.0
2025-12-14,0xb57d2a1424ff536ef5debb8761662c72f90f9b66,0.0
2025-12-14,0xc32f2f6217d105d17904f8f495aa122baef4a333,0.0
2025-12-14,0xcc18c9473f7117e599b3f2103e794b16ffe7cf44,0.0
2025-12-14,0xcd75160eeafa7227d1eea1dc157f77c3cb0c4688,0.0
2025-12-14,0xd359264dd634edf74d5d00ed06ccc44ab20eeba9,0.0
2025-12-14,0xdf5f43411c47c07ebcf03c16c29f18313e45ca66,0.0
2025-12-14,0xe3abf7f7d29df6d64128794f64ed3d1b15a5e759,0.0
2025-12-14,0xe4922b8eb9bef6f486564a59987f4e1930c53235,0.0
2025-12-14,0xe6cac97e024e8e1d0d01cd5d1c72fcdcfe78be3d,0.0
2025-12-14,0xea8d6a4caaef55c18da4c1efe7303b0f61b0415c,0.0
2025-12-14,0xee2a70532e807259fcfd63274ad4e560dcca2613,0.0
2025-12-14,0xf5397ef04201f76a3e97457bc84f27303df20e80,0.0
2025-12-14,0xf5a89d2608db8fd229a076895f4f8d304e58c3a5,0.0
2025-12-14,0xf9baa2c717f8140d6925d8ff1827abeca1906526,0.0
2025-12-14,0xfaf8dbc45d01261ac417cf3b2843288df47fcacd,0.0
2025-12-14,0xff0034103421a624aa2b2d618fe7602cd6dd3f1d,0.0
2025-12-14,0xff806c084c40bce44d2facba005f8f1887cce7f4,0.0
2025-12-15,0x04be52434eb64addf373137310551ac42013677c,0.0
2025-12-15,0x087cdae4009af7974fb808cd4e01414ebf820ab0,0.0
2025-12-15,0x0c560e8b4c179782ab476dfed8a129b0d64e66e8,0.0
2025-12-15,0x218c56f591abc69c40e96a10e7b69c62c2c406ee,0.0
2025-12-15,0x28cd26d85b4ac655a489aa3f259f81283bd1a804,500.362796
2025-12-15,0x2bcd8898a678050efa5f41f4c6012045dee1b5c3,0.0
2025-12-15,0x2e5b63b36e7b115229d12c88cd47d471c122eddf,0.0
2025-12-15,0x349dd66d555a26d890f6bb996ef1eadf9f65bdd3,0.0
2025-12-15,0x36df841c8c269300335ed74d7729c66bc9dcb37d,0.0
2025-12-15,0x3787e2720296b4e0119e344e1b64291ed5fea398,0.0
2025-12-15,0x3b63bbf52aa94016b61ee8d6809253f915d61411,0.0
2025-12-15,0x3d9f3cc0d52ea543116dfebdf3c77819766a64e2,0.0
2025-12-15,0x422cb45f4dcb3f798b53835f8671288d424d881f,0.0
2025-12-15,0x4784a9b16ba5ccb9fb384c0a68448b9e70d357a6,0.0
2025-12-15,0x480f54f40e35739b6ed1dd0cb64ff881c392ff64,0.0
2025-12-15,0x4813ffe82fe058134762df947a9bf453229a010f,0.0
2025-12-15,0x4d571d89c5b71f720dbd271ac60f574402e76add,0.0
2025-12-15,0x52512f63bfdc0ca4d15e31da6b395c94eb16d563,0.0
2025-12-15,0x583924a6dfa73f20d7cee1f067f56afeccdda38c,0.0
2025-12-15,0x58c659b1c03d03ab6e7cf1ad6781bfe16a39375d,0.0
2025-12-15,0x5ebd6fc47e018d572695a30406aab2094f5739a5,0.0
2025-12-15,0x60a50be186c8fedeee7eb8e4162e8052bda6ba0e,0.0
2025-12-15,0x6194a13d478ba4de00cace380f51190663fd0de0,0.0
2025-12-15,0x64fbb84b9a101227af977ab5916cdead0de630bb,0.0
2025-12-15,0x657dd0353bbab3c31a15bebaefe5708f91599384,0.0
2025-12-15,0x66f069a1aa1838b8f435459683a82ec5c4175be1,0.0
2025-12-15,0x696361910177b630d7d98beb66db2a87210111ea,0.0
2025-12-15,0x6a70e534e6244e34eca9ca8218640f2d4ee49b42,0.0
2025-12-15,0x6b9cee98a4ca6cff357f576fb2a6cb2b5e43c39f,0.0
2025-12-15,0x6f78bc27fa80f127fadb1897f98dde6cfb3c3f94,0.0
2025-12-15,0x7531543d11be70509fd98599cab5e97745dd04ab,0.0
2025-12-15,0x772ca23497f271c6113fce7c53782f35c304790e,0.0
2025-12-15,0x7743b97525bdf503506288463d39b59b69993cfe,0.0
2025-12-15,0x790d41e2f911b6eecad286c04734036929049793,0.0
2025-12-15,0x7a0222dee3519854468f31154a4349c92814875f,0.0
2025-12-15,0x7d10bd50494ca1094cb706fadee52345b6139cf9,0.0
2025-12-15,0x7df172e521125054caa01d73c4fb4d30360e1079,0.0
2025-12-15,0x7f554a7568293db35a6421759c305fee6b60aa9a,0.0
2025-12-15,0x7f99c1b85c831c60d6f534412e4be78cab94a5e5,0.0
2025-12-15,0x8075c55918a91f5fc1f66fb77a7ca0be67a90233,0.0
2025-12-15,0x84c87d848244e49602f1ce614e46eba81e5f246f,0.0
2025-12-15,0x8633be9e9a5c7c39e9dc9d7ffef0979ce1026e71,0.0
2025-12-15,0x8b6bbe943259e12885529e4d340a0a5822f8d337,0.0
2025-12-15,0x8c298797fb92fb91c1d4a83e5b948f431fe229c6,0.0
2025-12-15,0x8da35b920fe236a757a0fad93d3a3ab8ea0a24cc,0.0
2025-12-15,0x8da66f6ee0eedf4376e471d7a507553296e49c19,0.0
2025-12-15,0x9ab1433913c1014e2166b3c7f039d9528b1fc540,0.0
2025-12-15,0x9e231a8b9c247230cb88befafee97a22ae244ee5,0.0
2025-12-15,0xac82362174a32fbbad61efcb0f02b9016b20c768,0.0
2025-12-15,0xae598104ba092f09470e59e7a4d2349dbbdc3310,0.0
2025-12-15,0xb57d2a1424ff536ef5debb8761662c72f90f9b66,0.0
2025-12-15,0xc32f2f6217d105d17904f8f495aa122baef4a333,0.0
2025-12-15,0xcc18c9473f7117e599b3f2103e794b16ffe7cf44,0.0
2025-12-15,0xcd75160eeafa7227d1eea1dc157f77c3cb0c4688,0.0
2025-12-15,0xd359264dd634edf74d5d00ed06ccc44ab20eeba9,0.0
2025-12-15,0xdf5f43411c47c07ebcf03c16c29f18313e45ca66,0.0
2025-12-15,0xe3abf7f7d29df6d64128794f64ed3d1b15a5e759,0.0
2025-12-15,0xe4922b8eb9bef6f486564a59987f4e1930c53235,0.0
2025-12-15,0xe6cac97e024e8e1d0d01cd5d1c72fcdcfe78be3d,0.0
2025-12-15,0xea8d6a4caaef55c18da4c1efe7303b0f61b0415c,0.0
2025-12-15,0xee2a70532e807259fcfd63274ad4e560dcca2613,0.0
2025-12-15,0xf5397ef04201f76a3e97457bc84f27303df20e80,0.0
2025-12-15,0xf5a89d2608db8fd229a076895f4f8d304e58c3a5,0.0
2025-12-15,0xf9baa2c717f8140d6925d8ff1827abeca1906526,0.0
2025-12-15,0xfaf8dbc45d01261ac417cf3b2843288df47fcacd,0.0
2025-12-15,0xff0034103421a624aa2b2d618fe7602cd6dd3f1d,0.0
2025-12-15,0xff806c084c40bce44d2facba005f8f1887cce7f4,0.0
2025-12-16,0x04be52434eb64addf373137310551ac42013677c,0.0
2025-12-16,0x087cdae4009af7974fb808cd4e01414ebf820ab0,0.0
2025-12-16,0x0c560e8b4c179782ab476dfed8a129b0d64e66e8,0.0
2025-12-16,0x218c56f591abc69c40e96a10e7b69c62c2c406ee,0.0
2025-12-16,0x28cd26d85b4ac655a489aa3f259f81283bd1a804,500.388194
2025-12-16,0x2bcd8898a678050efa5f41f4c6012045dee1b5c3,0.0
2025-12-16,0x2e5b63b36e7b115229d12c88cd47d471c122eddf,0.0
2025-12-16,0x349dd66d555a26d890f6bb996ef1eadf9f65bdd3,0.0
2025-12-16,0x36df841c8c269300335ed74d7729c66bc9dcb37d,0.0
2025-12-16,0x3787e2720296b4e0119e344e1b64291ed5fea398,0.0
2025-12-16,0x3b63bbf52aa94016b61ee8d6809253f915d61411,0.0
2025-12-16,0x3d9f3cc0d52ea543116dfebdf3c77819766a64e2,0.0
2025-12-16,0x422cb45f4dcb3f798b53835f8671288d424d881f,0.0
2025-12-16,0x4784a9b16ba5ccb9fb384c0a68448b9e70d357a6,0.0
2025-12-16,0x480f54f40e35739b6ed1dd0cb64ff881c392ff64,0.0
2025-12-16,0x4813ffe82fe058134762df947a9bf453229a010f,0.0
2025-12-16,0x4d571d89c5b71f720dbd271ac60f574402e76add,0.0
2025-12-16,0x52512f63bfdc0ca4d15e31da6b395c94eb16d563,0.0
2025-12-16,0x583924a6dfa73f20d7cee1f067f56afeccdda38c,0.0
2025-12-16,0x58c659b1c03d03ab6e7cf1ad6781bfe16a39375d,0.0
2025-12-16,0x5ebd6fc47e018d572695a30406aab2094f5739a5,0.0
2025-12-16,0x60a50be186c8fedeee7eb8e4162e8052bda6ba0e,0.0
2025-12-16,0x6194a13d478ba4de00cace380f51190663fd0de0,0.0
2025-12-16,0x64fbb84b9a101227af977ab5916cdead0de630bb,0.0
2025-12-16,0x657dd0353bbab3c31a15bebaefe5708f91599384,0.0
2025-12-16,0x66f069a1aa1838b8f435459683a82ec5c4175be1,0.0
2025-12-16,0x696361910177b630d7d98beb66db2a87210111ea,0.0
2025-12-16,0x6a70e534e6244e34eca9ca8218640f2d4ee49b42,0.0
2025-12-16,0x6b9cee98a4ca6cff357f576fb2a6cb2b5e43c39f,0.0
2025-12-16,0x6f78bc27fa80f127fadb1897f98dde6cfb3c3f94,0.0
2025-12-16,0x7531543d11be70509fd98599cab5e97745dd04ab,0.0
2025-12-16,0x772ca23497f271c6113fce7c53782f35c304790e,0.0
2025-12-16,0x7743b97525bdf503506288463d39b59b69993cfe,0.0
2025-12-16,0x790d41e2f911b6eecad286c04734036929049793,0.0
2025-12-16,0x7a0222dee3519854468f31154a4349c92814875f,0.0
2025-12-16,0x7d10bd50494ca1094cb706fadee52345b6139cf9,0.0
2025-12-16,0x7df172e521125054caa01d73c4fb4d30360e1079,0.0
2025-12-16,0x7f554a7568293db35a6421759c305fee6b60aa9a,0.0
2025-12-16,0x7f99c1b85c831c60d6f534412e4be78cab94a5e5,0.0
2025-12-16,0x8075c55918a91f5fc1f66fb77a7ca0be67a90233,0.0
2025-12-16,0x84c87d848244e49602f1ce614e46eba81e5f246f,0.0
2025-12-16,0x8633be9e9a5c7c39e9dc9d7ffef0979ce1026e71,0.0
2025-12-16,0x8b6bbe943259e12885529e4d340a0a5822f8d337,0.0
2025-12-16,0x8c298797fb92fb91c1d4a83e5b948f431fe229c6,0.0
2025-12-16,0x8da35b920fe236a757a0fad93d3a3ab8ea0a24cc,0.0
2025-12-16,0x8da66f6ee0eedf4376e471d7a507553296e49c19,0.0
2025-12-16,0x9ab1433913c1014e2166b3c7f039d9528b1fc540,0.0
2025-12-16,0x9e231a8b9c247230cb88befafee97a22ae244ee5,0.0
2025-12-16,0xac82362174a32fbbad61efcb0f02b9016b20c768,0.0
2025-12-16,0xae598104ba092f09470e59e7a4d2349dbbdc3310,0.0
2025-12-16,0xb57d2a1424ff536ef5debb8761662c72f90f9b66,0.0
2025-12-16,0xc32f2f6217d105d17904f8f495aa122baef4a333,0.0
2025-12-16,0xcc18c9473f7117e599b3f2103e794b16ffe7cf44,0.0
2025-12-16,0xcd75160eeafa7227d1eea1dc157f77c3cb0c4688,0.0
2025-12-16,0xd359264dd634edf74d5d00ed06ccc44ab20eeba9,0.0
2025-12-16,0xdf5f43411c47c07ebcf03c16c29f18313e45ca66,0.0
2025-12-16,0xe3abf7f7d29df6d64128794f64ed3d1b15a5e759,0.0
2025-12-16,0xe4922b8eb9bef6f486564a59987f4e1930c53235,0.0
2025-12-16,0xe6cac97e024e8e1d0d01cd5d1c72fcdcfe78be3d,0.0
2025-12-16,0xea8d6a4caaef55c18da4c1efe7303b0f61b0415c,0.0
2025-12-16,0xee2a70532e807259fcfd63274ad4e560dcca2613,0.0
2025-12-16,0xf5397ef04201f76a3e97457bc84f27303df20e80,0.0
2025-12-16,0xf5a89d2608db8fd229a076895f4f8d304e58c3a5,0.0
2025-12-16,0xf9baa2c717f8140d6925d8ff1827abeca1906526,0.0
2025-12-16,0xfaf8dbc45d01261ac417cf3b2843288df47fcacd,0.0
2025-12-16,0xff0034103421a624aa2b2d618fe7602cd6dd3f1d,0.0
2025-12-16,0xff806c084c40bce44d2facba005f8f1887cce7f4,0.0
2025-12-17,0x04be52434eb64addf373137310551ac42013677c,0.0
2025-12-17,0x087cdae4009af7974fb808cd4e01414ebf820ab0,0.0
2025-12-17,0x0c560e8b4c179782ab476dfed8a129b0d64e66e8,0.0
2025-12-17,0x218c56f591abc69c40e96a10e7b69c62c2c406ee,0.0
2025-12-17,0x28cd26d85b4ac655a489aa3f259f81283bd1a804,500.412264
2025-12-17,0x2bcd8898a678050efa5f41f4c6012045dee1b5c3,0.0
2025-12-17,0x2e5b63b36e7b115229d12c88cd47d471c122eddf,0.0
2025-12-17,0x349dd66d555a26d890f6bb996ef1eadf9f65bdd3,0.0
2025-12-17,0x36df841c8c269300335ed74d7729c66bc9dcb37d,0.0
2025-12-17,0x3787e2720296b4e0119e344e1b64291ed5fea398,0.0
2025-12-17,0x3b63bbf52aa94016b61ee8d6809253f915d61411,0.0
2025-12-17,0x3d9f3cc0d52ea543116dfebdf3c77819766a64e2,0.0
2025-12-17,0x422cb45f4dcb3f798b53835f8671288d424d881f,0.0
2025-12-17,0x4784a9b16ba5ccb9fb384c0a68448b9e70d357a6,0.0
2025-12-17,0x480f54f40e35739b6ed1dd0cb64ff881c392ff64,0.0
2025-12-17,0x4813ffe82fe058134762df947a9bf453229a010f,0.0
2025-12-17,0x4d571d89c5b71f720dbd271ac60f574402e76add,0.0
2025-12-17,0x52512f63bfdc0ca4d15e31da6b395c94eb16d563,0.0
2025-12-17,0x583924a6dfa73f20d7cee1f067f56afeccdda38c,0.0
2025-12-17,0x58c659b1c03d03ab6e7cf1ad6781bfe16a39375d,0.0
2025-12-17,0x5ebd6fc47e018d572695a30406aab2094f5739a5,0.0
2025-12-17,0x60a50be186c8fedeee7eb8e4162e8052bda6ba0e,0.0
2025-12-17,0x6194a13d478ba4de00cace380f51190663fd0de0,0.0
2025-12-17,0x64fbb84b9a101227af977ab5916cdead0de630bb,0.0
2025-12-17,0x657dd0353bbab3c31a15bebaefe5708f91599384,0.0
2025-12-17,0x66f069a1aa1838b8f435459683a82ec5c4175be1,0.0
2025-12-17,0x696361910177b630d7d98beb66db2a87210111ea,0.0
2025-12-17,0x6a70e534e6244e34eca9ca8218640f2d4ee49b42,0.0
2025-12-17,0x6b9cee98a4ca6cff357f576fb2a6cb2b5e43c39f,0.0
2025-12-17,0x6f78bc27fa80f127fadb1897f98dde6cfb3c3f94,0.0
2025-12-17,0x7531543d11be70509fd98599cab5e97745dd04ab,0.0
2025-12-17,0x772ca23497f271c6113fce7c53782f35c304790e,0.0
2025-12-17,0x7743b97525bdf503506288463d39b59b69993cfe,0.0
2025-12-17,0x790d41e2f911b6eecad286c04734036929049793,0.0
2025-12-17,0x7a0222dee3519854468f31154a4349c92814875f,0.0
2025-12-17,0x7d10bd50494ca1094cb706fadee52345b6139cf9,0.0
2025-12-17,0x7df172e521125054caa01d73c4fb4d30360e1079,0.0
2025-12-17,0x7f554a7568293db35a6421759c305fee6b60aa9a,0.0
2025-12-17,0x7f99c1b85c831c60d6f534412e4be78cab94a5e5,0.0
2025-12-17,0x8075c55918a91f5fc1f66fb77a7ca0be67a90233,0.0
2025-12-17,0x84c87d848244e49602f1ce614e46eba81e5f246f,0.0
2025-12-17,0x8633be9e9a5c7c39e9dc9d7ffef0979ce1026e71,0.0
2025-12-17,0x8b6bbe943259e12885529e4d340a0a5822f8d337,0.0
2025-12-17,0x8c298797fb92fb91c1d4a83e5b948f431fe229c6,0.0
2025-12-17,0x8da35b920fe236a757a0fad93d3a3ab8ea0a24cc,0.0
2025-12-17,0x8da66f6ee0eedf4376e471d7a507553296e49c19,0.0
2025-12-17,0x9ab1433913c1014e2166b3c7f039d9528b1fc540,0.0
2025-12-17,0x9e231a8b9c247230cb88befafee97a22ae244ee5,0.0
2025-12-17,0xac82362174a32fbbad61efcb0f02b9016b20c768,0.0
2025-12-17,0xae598104ba092f09470e59e7a4d2349dbbdc3310,0.0
2025-12-17,0xb57d2a1424ff536ef5debb8761662c72f90f9b66,0.0
2025-12-17,0xc32f2f6217d105d17904f8f495aa122baef4a333,0.0
2025-12-17,0xcc18c9473f7117e599b3f2103e794b16ffe7cf44,0.0
2025-12-17,0xcd75160eeafa7227d1eea1dc157f77c3cb0c4688,0.0
2025-12-17,0xd359264dd634edf74d5d00ed06ccc44ab20eeba9,0.0
2025-12-17,0xdf5f43411c47c07ebcf03c16c29f18313e45ca66,0.0
2025-12-17,0xe3abf7f7d29df6d64128794f64ed3d1b15a5e759,0.0
2025-12-17,0xe4922b8eb9bef6f486564a59987f4e1930c53235,0.0
2025-12-17,0xe6cac97e024e8e1d0d01cd5d1c72fcdcfe78be3d,0.0
2025-12-17,0xea8d6a4caaef55c18da4c1efe7303b0f61b0415c,0.0
2025-12-17,0xee2a70532e807259fcfd63274ad4e560dcca2613,0.0
2025-12-17,0xf5397ef04201f76a3e97457bc84f27303df20e80,0.0
2025-12-17,0xf5a89d2608db8fd229a076895f4f8d304e58c3a5,0.0
2025-12-17,0xf9baa2c717f8140d6925d8ff1827abeca1906526,0.0
2025-12-17,0xfaf8dbc45d01261ac417cf3b2843288df47fcacd,0.0
2025-12-17,0xff0034103421a624aa2b2d618fe7602cd6dd3f1d,0.0
2025-12-17,0xff806c084c40bce44d2facba005f8f1887cce7f4,0.0
2025-12-18,0x04be52434eb64addf373137310551ac42013677c,0.0
2025-12-18,0x087cdae4009af7974fb808cd4e01414ebf820ab0,0.0
2025-12-18,0x0c560e8b4c179782ab476dfed8a129b0d64e66e8,0.0
2025-12-18,0x218c56f591abc69c40e96a10e7b69c62c2c406ee,0.0
2025-12-18,0x28cd26d85b4ac655a489aa3f259f81283bd1a804,500.435714
2025-12-18,0x2bcd8898a678050efa5f41f4c6012045dee1b5c3,0.0
2025-12-18,0x2e5b63b36e7b115229d12c88cd47d471c122eddf,0.0
2025-12-18,0x349dd66d555a26d890f6bb996ef1eadf9f65bdd3,0.0
2025-12-18,0x36df841c8c269300335ed74d7729c66bc9dcb37d,0.0
2025-12-18,0x3787e2720296b4e0119e344e1b64291ed5fea398,0.0
2025-12-18,0x3b63bbf52aa94016b61ee8d6809253f915d61411,0.0
2025-12-18,0x3d9f3cc0d52ea543116dfebdf3c77819766a64e2,0.0
2025-12-18,0x422cb45f4dcb3f798b53835f8671288d424d881f,0.0
2025-12-18,0x4784a9b16ba5ccb9fb384c0a68448b9e70d357a6,0.0
2025-12-18,0x480f54f40e35739b6ed1dd0cb64ff881c392ff64,0.0
2025-12-18,0x4813ffe82fe058134762df947a9bf453229a010f,0.0
2025-12-18,0x4d571d89c5b71f720dbd271ac60f574402e76add,0.0
2025-12-18,0x52512f63bfdc0ca4d15e31da6b395c94eb16d563,0.0
2025-12-18,0x583924a6dfa73f20d7cee1f067f56afeccdda38c,0.0
2025-12-18,0x58c659b1c03d03ab6e7cf1ad6781bfe16a39375d,0.0
2025-12-18,0x5ebd6fc47e018d572695a30406aab2094f5739a5,0.0
2025-12-18,0x60a50be186c8fedeee7eb8e4162e8052bda6ba0e,0.0
2025-12-18,0x6194a13d478ba4de00cace380f51190663fd0de0,0.0
2025-12-18,0x64fbb84b9a101227af977ab5916cdead0de630bb,0.0
2025-12-18,0x657dd0353bbab3c31a15bebaefe5708f91599384,0.0
2025-12-18,0x66f069a1aa1838b8f435459683a82ec5c4175be1,0.0
2025-12-18,0x696361910177b630d7d98beb66db2a87210111ea,0.0
2025-12-18,0x6a70e534e6244e34eca9ca8218640f2d4ee49b42,0.0
2025-12-18,0x6b9cee98a4ca6cff357f576fb2a6cb2b5e43c39f,0.0
2025-12-18,0x6f78bc27fa80f127fadb1897f98dde6cfb3c3f94,0.0
2025-12-18,0x7531543d11be70509fd98599cab5e97745dd04ab,0.0
2025-12-18,0x772ca23497f271c6113fce7c53782f35c304790e,0.0
2025-12-18,0x7743b97525bdf503506288463d39b59b69993cfe,0.0
2025-12-18,0x790d41e2f911b6eecad286c04734036929049793,0.0
2025-12-18,0x7a0222dee3519854468f31154a4349c92814875f,0.0
2025-12-18,0x7d10bd50494ca1094cb706fadee52345b6139cf9,0.0
2025-12-18,0x7df172e521125054caa01d73c4fb4d30360e1079,0.0
2025-12-18,0x7f554a7568293db35a6421759c305fee6b60aa9a,0.0
2025-12-18,0x7f99c1b85c831c60d6f534412e4be78cab94a5e5,0.0
2025-12-18,0x8075c55918a91f5fc1f66fb77a7ca0be67a90233,0.0
2025-12-18,0x84c87d848244e49602f1ce614e46eba81e5f246f,0.0
2025-12-18,0x8633be9e9a5c7c39e9dc9d7ffef0979ce1026e71,0.0
2025-12-18,0x8b6bbe943259e12885529e4d340a0a5822f8d337,0.0
2025-12-18,0x8c298797fb92fb91c1d4a83e5b948f431fe229c6,0.0
2025-12-18,0x8da35b920fe236a757a0fad93d3a3ab8ea0a24cc,0.0
2025-12-18,0x8da66f6ee0eedf4376e471d7a507553296e49c19,0.0
2025-12-18,0x9ab1433913c1014e2166b3c7f039d9528b1fc540,0.0
2025-12-18,0x9e231a8b9c247230cb88befafee97a22ae244ee5,0.0
2025-12-18,0xac82362174a32fbbad61efcb0f02b9016b20c768,0.0
2025-12-18,0xae598104ba092f09470e59e7a4d2349dbbdc3310,0.0
2025-12-18,0xb57d2a1424ff536ef5debb8761662c72f90f9b66,0.0
2025-12-18,0xc32f2f6217d105d17904f8f495aa122baef4a333,0.0
2025-12-18,0xcc18c9473f7117e599b3f2103e794b16ffe7cf44,0.0
2025-12-18,0xcd75160eeafa7227d1eea1dc157f77c3cb0c4688,0.0
2025-12-18,0xd359264dd634edf74d5d00ed06ccc44ab20eeba9,0.0
2025-12-18,0xdf5f43411c47c07ebcf03c16c29f18313e45ca66,0.0
2025-12-18,0xe3abf7f7d29df6d64128794f64ed3d1b15a5e759,0.0
2025-12-18,0xe4922b8eb9bef6f486564a59987f4e1930c53235,0.0
2025-12-18,0xe6cac97e024e8e1d0d01cd5d1c72fcdcfe78be3d,0.0
2025-12-18,0xea8d6a4caaef55c18da4c1efe7303b0f61b0415c,0.0
2025-12-18,0xee2a70532e807259fcfd63274ad4e560dcca2613,0.0
2025-12-18,0xf5397ef04201f76a3e97457bc84f27303df20e80,0.0
2025-12-18,0xf5a89d2608db8fd229a076895f4f8d304e58c3a5,0.0
2025-12-18,0xf9baa2c717f8140d6925d8ff1827abeca1906526,0.0
2025-12-18,0xfaf8dbc45d01261ac417cf3b2843288df47fcacd,0.0
2025-12-18,0xff0034103421a624aa2b2d618fe7602cd6dd3f1d,0.0
2025-12-18,0xff806c084c40bce44d2facba005f8f1887cce7f4,0.0
2025-12-19,0x04be52434eb64addf373137310551ac42013677c,0.0
2025-12-19,0x087cdae4009af7974fb808cd4e01414ebf820ab0,0.0
2025-12-19,0x0c560e8b4c179782ab476dfed8a129b0d64e66e8,0.0
2025-12-19,0x218c56f591abc69c40e96a10e7b69c62c2c406ee,0.0
2025-12-19,0x28cd26d85b4ac655a489aa3f259f81283bd1a804,500.459904
2025-12-19,0x2bcd8898a678050efa5f41f4c6012045dee1b5c3,0.0
2025-12-19,0x2e5b63b36e7b115229d12c88cd47d471c122eddf,0.0
2025-12-19,0x349dd66d555a26d890f6bb996ef1eadf9f65bdd3,0.0
2025-12-19,0x36df841c8c269300335ed74d7729c66bc9dcb37d,0.0
2025-12-19,0x3787e2720296b4e0119e344e1b64291ed5fea398,0.0
2025-12-19,0x3b63bbf52aa94016b61ee8d6809253f915d61411,0.0
2025-12-19,0x3d9f3cc0d52ea543116dfebdf3c77819766a64e2,0.0
2025-12-19,0x422cb45f4dcb3f798b53835f8671288d424d881f,0.0
2025-12-19,0x4784a9b16ba5ccb9fb384c0a68448b9e70d357a6,0.0
2025-12-19,0x480f54f40e35739b6ed1dd0cb64ff881c392ff64,0.0
2025-12-19,0x4813ffe82fe058134762df947a9bf453229a010f,0.0
2025-12-19,0x4d571d89c5b71f720dbd271ac60f574402e76add,0.0
2025-12-19,0x52512f63bfdc0ca4d15e31da6b395c94eb16d563,0.0
2025-12-19,0x583924a6dfa73f20d7cee1f067f56afeccdda38c,0.0
2025-12-19,0x58c659b1c03d03ab6e7cf1ad6781bfe16a39375d,0.0
2025-12-19,0x5ebd6fc47e018d572695a30406aab2094f5739a5,0.0
2025-12-19,0x60a50be186c8fedeee7eb8e4162e8052bda6ba0e,0.0
2025-12-19,0x6194a13d478ba4de00cace380f51190663fd0de0,0.0
2025-12-19,0x64fbb84b9a101227af977ab5916cdead0de630bb,0.0
2025-12-19,0x657dd0353bbab3c31a15bebaefe5708f91599384,0.0
2025-12-19,0x66f069a1aa1838b8f435459683a82ec5c4175be1,0.0
2025-12-19,0x696361910177b630d7d98beb66db2a87210111ea,0.0
2025-12-19,0x6a70e534e6244e34eca9ca8218640f2d4ee49b42,0.0
2025-12-19,0x6b9cee98a4ca6cff357f576fb2a6cb2b5e43c39f,0.0
2025-12-19,0x6f78bc27fa80f127fadb1897f98dde6cfb3c3f94,0.0
2025-12-19,0x7531543d11be70509fd98599cab5e97745dd04ab,0.0
2025-12-19,0x772ca23497f271c6113fce7c53782f35c304790e,0.0
2025-12-19,0x7743b97525bdf503506288463d39b59b69993cfe,0.0
2025-12-19,0x790d41e2f911b6eecad286c04734036929049793,0.0
2025-12-19,0x7a0222dee3519854468f31154a4349c92814875f,0.0
2025-12-19,0x7d10bd50494ca1094cb706fadee52345b6139cf9,0.0
2025-12-19,0x7df172e521125054caa01d73c4fb4d30360e1079,0.0
2025-12-19,0x7f554a7568293db35a6421759c305fee6b60aa9a,0.0
2025-12-19,0x7f99c1b85c831c60d6f534412e4be78cab94a5e5,0.0
2025-12-19,0x8075c55918a91f5fc1f66fb77a7ca0be67a90233,0.0
2025-12-19,0x84c87d848244e49602f1ce614e46eba81e5f246f,0.0
2025-12-19,0x8633be9e9a5c7c39e9dc9d7ffef0979ce1026e71,0.0
2025-12-19,0x8b6bbe943259e12885529e4d340a0a5822f8d337,0.0
2025-12-19,0x8c298797fb92fb91c1d4a83e5b948f431fe229c6,0.0
2025-12-19,0x8da35b920fe236a757a0fad93d3a3ab8ea0a24cc,0.0
2025-12-19,0x8da66f6ee0eedf4376e471d7a507553296e49c19,0.0
2025-12-19,0x9ab1433913c1014e2166b3c7f039d9528b1fc540,0.0
2025-12-19,0x9e231a8b9c247230cb88befafee97a22ae244ee5,0.0
2025-12-19,0xac82362174a32fbbad61efcb0f02b9016b20c768,0.0
2025-12-19,0xae598104ba092f09470e59e7a4d2349dbbdc3310,0.0
2025-12-19,0xb57d2a1424ff536ef5debb8761662c72f90f9b66,0.0
2025-12-19,0xc32f2f6217d105d17904f8f495aa122baef4a333,0.0
2025-12-19,0xcc18c9473f7117e599b3f2103e794b16ffe7cf44,0.0
2025-12-19,0xcd75160eeafa7227d1eea1dc157f77c3cb0c4688,0.0
2025-12-19,0xd359264dd634edf74d5d00ed06ccc44ab20eeba9,0.0
2025-12-19,0xdf5f43411c47c07ebcf03c16c29f18313e45ca66,0.0
2025-12-19,0xe3abf7f7d29df6d64128794f64ed3d1b15a5e759,0.0
2025-12-19,0xe4922b8eb9bef6f486564a59987f4e1930c53235,0.0
2025-12-19,0xe6cac97e024e8e1d0d01cd5d1c72fcdcfe78be3d,0.0
2025-12-19,0xea8d6a4caaef55c18da4c1efe7303b0f61b0415c,0.0
2025-12-19,0xee2a70532e807259fcfd63274ad4e560dcca2613,0.0
2025-12-19,0xf5397ef04201f76a3e97457bc84f27303df20e80,0.0
2025-12-19,0xf5a89d2608db8fd229a076895f4f8d304e58c3a5,0.0
2025-12-19,0xf9baa2c717f8140d6925d8ff1827abeca1906526,0.0
2025-12-19,0xfaf8dbc45d01261ac417cf3b2843288df47fcacd,0.0
2025-12-19,0xff0034103421a624aa2b2d618fe7602cd6dd3f1d,0.0
2025-12-19,0xff806c084c40bce44d2facba005f8f1887cce7f4,0.0
2025-12-20,0x04be52434eb64addf373137310551ac42013677c,0.0
2025-12-20,0x087cdae4009af7974fb808cd4e01414ebf820ab0,0.0
2025-12-20,0x0c560e8b4c179782ab476dfed8a129b0d64e66e8,0.0
2025-12-20,0x218c56f591abc69c40e96a10e7b69c62c2c406ee,0.0
2025-12-20,0x28cd26d85b4ac655a489aa3f259f81283bd1a804,500.482806
2025-12-20,0x2bcd8898a678050efa5f41f4c6012045dee1b5c3,0.0
2025-12-20,0x2e5b63b36e7b115229d12c88cd47d471c122eddf,0.0
2025-12-20,0x349dd66d555a26d890f6bb996ef1eadf9f65bdd3,0.0
2025-12-20,0x36df841c8c269300335ed74d7729c66bc9dcb37d,0.0
2025-12-20,0x3787e2720296b4e0119e344e1b64291ed5fea398,0.0
2025-12-20,0x3b63bbf52aa94016b61ee8d6809253f915d61411,0.0
2025-12-20,0x3d9f3cc0d52ea543116dfebdf3c77819766a64e2,0.0
2025-12-20,0x422cb45f4dcb3f798b53835f8671288d424d881f,0.0
2025-12-20,0x4784a9b16ba5ccb9fb384c0a68448b9e70d357a6,0.0
2025-12-20,0x480f54f40e35739b6ed1dd0cb64ff881c392ff64,0.0
2025-12-20,0x4813ffe82fe058134762df947a9bf453229a010f,0.0
2025-12-20,0x4d571d89c5b71f720dbd271ac60f574402e76add,0.0
2025-12-20,0x52512f63bfdc0ca4d15e31da6b395c94eb16d563,0.0
2025-12-20,0x583924a6dfa73f20d7cee1f067f56afeccdda38c,0.0
2025-12-20,0x58c659b1c03d03ab6e7cf1ad6781bfe16a39375d,0.0
2025-12-20,0x5ebd6fc47e018d572695a30406aab2094f5739a5,0.0
2025-12-20,0x60a50be186c8fedeee7eb8e4162e8052bda6ba0e,0.0
2025-12-20,0x6194a13d478ba4de00cace380f51190663fd0de0,0.0
2025-12-20,0x64fbb84b9a101227af977ab5916cdead0de630bb,0.0
2025-12-20,0x657dd0353bbab3c31a15bebaefe5708f91599384,0.0
2025-12-20,0x66f069a1aa1838b8f435459683a82ec5c4175be1,0.0
2025-12-20,0x696361910177b630d7d98beb66db2a87210111ea,0.0
2025-12-20,0x6a70e534e6244e34eca9ca8218640f2d4ee49b42,0.0
2025-12-20,0x6b9cee98a4ca6cff357f576fb2a6cb2b5e43c39f,0.0
2025-12-20,0x6f78bc27fa80f127fadb1897f98dde6cfb3c3f94,0.0
2025-12-20,0x7531543d11be70509fd98599cab5e97745dd04ab,0.0
2025-12-20,0x772ca23497f271c6113fce7c53782f35c304790e,0.0
2025-12-20,0x7743b97525bdf503506288463d39b59b69993cfe,0.0
2025-12-20,0x790d41e2f911b6eecad286c04734036929049793,0.0
2025-12-20,0x7a0222dee3519854468f31154a4349c92814875f,0.0
2025-12-20,0x7d10bd50494ca1094cb706fadee52345b6139cf9,0.0
2025-12-20,0x7df172e521125054caa01d73c4fb4d30360e1079,0.0
2025-12-20,0x7f554a7568293db35a6421759c305fee6b60aa9a,0.0
2025-12-20,0x7f99c1b85c831c60d6f534412e4be78cab94a5e5,0.0
2025-12-20,0x8075c55918a91f5fc1f66fb77a7ca0be67a90233,0.0
2025-12-20,0x84c87d848244e49602f1ce614e46eba81e5f246f,0.0
2025-12-20,0x8633be9e9a5c7c39e9dc9d7ffef0979ce1026e71,0.0
2025-12-20,0x8b6bbe943259e12885529e4d340a0a5822f8d337,0.0
2025-12-20,0x8c298797fb92fb91c1d4a83e5b948f431fe229c6,0.0
2025-12-20,0x8da35b920fe236a757a0fad93d3a3ab8ea0a24cc,0.0
2025-12-20,0x8da66f6ee0eedf4376e471d7a507553296e49c19,0.0
2025-12-20,0x9ab1433913c1014e2166b3c7f039d9528b1fc540,0.0
2025-12-20,0x9e231a8b9c247230cb88befafee97a22ae244ee5,0.0
2025-12-20,0xac82362174a32fbbad61efcb0f02b9016b20c768,0.0
2025-12-20,0xae598104ba092f09470e59e7a4d2349dbbdc3310,0.0
2025-12-20,0xb57d2a1424ff536ef5debb8761662c72f90f9b66,0.0
2025-12-20,0xc32f2f6217d105d17904f8f495aa122baef4a333,0.0
2025-12-20,0xcc18c9473f7117e599b3f2103e794b16ffe7cf44,0.0
2025-12-20,0xcd75160eeafa7227d1eea1dc157f77c3cb0c4688,0.0
2025-12-20,0xd359264dd634edf74d5d00ed06ccc44ab20eeba9,0.0
2025-12-20,0xdf5f43411c47c07ebcf03c16c29f18313e45ca66,0.0
2025-12-20,0xe3abf7f7d29df6d64128794f64ed3d1b15a5e759,0.0
2025-12-20,0xe4922b8eb9bef6f486564a59987f4e1930c53235,0.0
2025-12-20,0xe6cac97e024e8e1d0d01cd5d1c72fcdcfe78be3d,0.0
2025-12-20,0xea8d6a4caaef55c18da4c1efe7303b0f61b0415c,0.0
2025-12-20,0xee2a70532e807259fcfd63274ad4e560dcca2613,0.0
2025-12-20,0xf5397ef04201f76a3e97457bc84f27303df20e80,0.0
2025-12-20,0xf5a89d2608db8fd229a076895f4f8d304e58c3a5,0.0
2025-12-20,0xf9baa2c717f8140d6925d8ff1827abeca1906526,0.0
2025-12-20,0xfaf8dbc45d01261ac417cf3b2843288df47fcacd,0.0
2025-12-20,0xff0034103421a624aa2b2d618fe7602cd6dd3f1d,0.0
2025-12-20,0xff806c084c40bce44d2facba005f8f1887cce7f4,0.0
2025-12-21,0x04be52434eb64addf373137310551ac42013677c,0.0
2025-12-21,0x087cdae4009af7974fb808cd4e01414ebf820ab0,0.0
2025-12-21,0x0c560e8b4c179782ab476dfed8a129b0d64e66e8,0.0
2025-12-21,0x218c56f591abc69c40e96a10e7b69c62c2c406ee,0.0
2025-12-21,0x28cd26d85b4ac655a489aa3f259f81283bd1a804,500.505058
2025-12-21,0x2bcd8898a678050efa5f41f4c6012045dee1b5c3,0.0
2025-12-21,0x2e5b63b36e7b115229d12c88cd47d471c122eddf,0.0
2025-12-21,0x349dd66d555a26d890f6bb996ef1eadf9f65bdd3,0.0
2025-12-21,0x36df841c8c269300335ed74d7729c66bc9dcb37d,0.0
2025-12-21,0x3787e2720296b4e0119e344e1b64291ed5fea398,0.0
2025-12-21,0x3b63bbf52aa94016b61ee8d6809253f915d61411,0.0
2025-12-21,0x3d9f3cc0d52ea543116dfebdf3c77819766a64e2,0.0
2025-12-21,0x422cb45f4dcb3f798b53835f8671288d424d881f,0.0
2025-12-21,0x4784a9b16ba5ccb9fb384c0a68448b9e70d357a6,0.0
2025-12-21,0x480f54f40e35739b6ed1dd0cb64ff881c392ff64,0.0
2025-12-21,0x4813ffe82fe058134762df947a9bf453229a010f,0.0
2025-12-21,0x4d571d89c5b71f720dbd271ac60f574402e76add,0.0
2025-12-21,0x52512f63bfdc0ca4d15e31da6b395c94eb16d563,0.0
2025-12-21,0x583924a6dfa73f20d7cee1f067f56afeccdda38c,0.0
2025-12-21,0x58c659b1c03d03ab6e7cf1ad6781bfe16a39375d,0.0
2025-12-21,0x5ebd6fc47e018d572695a30406aab2094f5739a5,0.0
2025-12-21,0x60a50be186c8fedeee7eb8e4162e8052bda6ba0e,0.0
2025-12-21,0x6194a13d478ba4de00cace380f51190663fd0de0,0.0
2025-12-21,0x64fbb84b9a101227af977ab5916cdead0de630bb,0.0
2025-12-21,0x657dd0353bbab3c31a15bebaefe5708f91599384,0.0
2025-12-21,0x66f069a1aa1838b8f435459683a82ec5c4175be1,0.0
2025-12-21,0x696361910177b630d7d98beb66db2a87210111ea,0.0
2025-12-21,0x6a70e534e6244e34eca9ca8218640f2d4ee49b42,0.0
2025-12-21,0x6b9cee98a4ca6cff357f576fb2a6cb2b5e43c39f,0.0
2025-12-21,0x6f78bc27fa80f127fadb1897f98dde6cfb3c3f94,0.0
2025-12-21,0x7531543d11be70509fd98599cab5e97745dd04ab,0.0
2025-12-21,0x772ca23497f271c6113fce7c53782f35c304790e,0.0
2025-12-21,0x7743b97525bdf503506288463d39b59b69993cfe,0.0
2025-12-21,0x790d41e2f911b6eecad286c04734036929049793,0.0
2025-12-21,0x7a0222dee3519854468f31154a4349c92814875f,0.0
2025-12-21,0x7d10bd50494ca1094cb706fadee52345b6139cf9,0.0
2025-12-21,0x7df172e521125054caa01d73c4fb4d30360e1079,0.0
2025-12-21,0x7f554a7568293db35a6421759c305fee6b60aa9a,0.0
2025-12-21,0x7f99c1b85c831c60d6f534412e4be78cab94a5e5,0.0
2025-12-21,0x8075c55918a91f5fc1f66fb77a7ca0be67a90233,0.0
2025-12-21,0x84c87d848244e49602f1ce614e46eba81e5f246f,0.0
2025-12-21,0x8633be9e9a5c7c39e9dc9d7ffef0979ce1026e71,0.0
2025-12-21,0x8b6bbe943259e12885529e4d340a0a5822f8d337,0.0
2025-12-21,0x8c298797fb92fb91c1d4a83e5b948f431fe229c6,0.0
2025-12-21,0x8da35b920fe236a757a0fad93d3a3ab8ea0a24cc,0.0
2025-12-21,0x8da66f6ee0eedf4376e471d7a507553296e49c19,0.0
2025-12-21,0x9ab1433913c1014e2166b3c7f039d9528b1fc540,0.0
2025-12-21,0x9e231a8b9c247230cb88befafee97a22ae244ee5,0.0
2025-12-21,0xac82362174a32fbbad61efcb0f02b9016b20c768,0.0
2025-12-21,0xae598104ba092f09470e59e7a4d2349dbbdc3310,0.0
2025-12-21,0xb57d2a1424ff536ef5debb8761662c72f90f9b66,0.0
2025-12-21,0xc32f2f6217d105d17904f8f495aa122baef4a333,0.0
2025-12-21,0xcc18c9473f7117e599b3f2103e794b16ffe7cf44,0.0
2025-12-21,0xcd75160eeafa7227d1eea1dc157f77c3cb0c4688,0.0
2025-12-21,0xd359264dd634edf74d5d00ed06ccc44ab20eeba9,0.0
2025-12-21,0xdf5f43411c47c07ebcf03c16c29f18313e45ca66,0.0
2025-12-21,0xe3abf7f7d29df6d64128794f64ed3d1b15a5e759,0.0
2025-12-21,0xe4922b8eb9bef6f486564a59987f4e1930c53235,0.0
2025-12-21,0xe6cac97e024e8e1d0d01cd5d1c72fcdcfe78be3d,0.0
2025-12-21,0xea8d6a4caaef55c18da4c1efe7303b0f61b0415c,0.0
2025-12-21,0xee2a70532e807259fcfd63274ad4e560dcca2613,0.0
2025-12-21,0xf5397ef04201f76a3e97457bc84f27303df20e80,0.0
2025-12-21,0xf5a89d2608db8fd229a076895f4f8d304e58c3a5,0.0
2025-12-21,0xf9baa2c717f8140d6925d8ff1827abeca1906526,0.0
2025-12-21,0xfaf8dbc45d01261ac417cf3b2843288df47fcacd,0.0
2025-12-21,0xff0034103421a624aa2b2d618fe7602cd6dd3f1d,0.0
2025-12-21,0xff806c084c40bce44d2facba005f8f1887cce7f4,0.0
2025-12-22,0x04be52434eb64addf373137310551ac42013677c,0.0
2025-12-22,0x087cdae4009af7974fb808cd4e01414ebf820ab0,0.0
2025-12-22,0x0c560e8b4c179782ab476dfed8a129b0d64e66e8,0.0
2025-12-22,0x218c56f591abc69c40e96a10e7b69c62c2c406ee,0.0
2025-12-22,0x28cd26d85b4ac655a489aa3f259f81283bd1a804,500.528239
2025-12-22,0x2bcd8898a678050efa5f41f4c6012045dee1b5c3,0.0
2025-12-22,0x2e5b63b36e7b115229d12c88cd47d471c122eddf,0.0
2025-12-22,0x349dd66d555a26d890f6bb996ef1eadf9f65bdd3,0.0
2025-12-22,0x36df841c8c269300335ed74d7729c66bc9dcb37d,0.0
2025-12-22,0x3787e2720296b4e0119e344e1b64291ed5fea398,0.0
2025-12-22,0x3b63bbf52aa94016b61ee8d6809253f915d61411,0.0
2025-12-22,0x3d9f3cc0d52ea543116dfebdf3c77819766a64e2,0.0
2025-12-22,0x422cb45f4dcb3f798b53835f8671288d424d881f,0.0
2025-12-22,0x4784a9b16ba5ccb9fb384c0a68448b9e70d357a6,0.0
2025-12-22,0x480f54f40e35739b6ed1dd0cb64ff881c392ff64,0.0
2025-12-22,0x4813ffe82fe058134762df947a9bf453229a010f,0.0
2025-12-22,0x4d571d89c5b71f720dbd271ac60f574402e76add,0.0
2025-12-22,0x52512f63bfdc0ca4d15e31da6b395c94eb16d563,0.0
2025-12-22,0x583924a6dfa73f20d7cee1f067f56afeccdda38c,0.0
2025-12-22,0x58c659b1c03d03ab6e7cf1ad6781bfe16a39375d,0.0
2025-12-22,0x5ebd6fc47e018d572695a30406aab2094f5739a5,0.0
2025-12-22,0x60a50be186c8fedeee7eb8e4162e8052bda6ba0e,0.0
2025-12-22,0x6194a13d478ba4de00cace380f51190663fd0de0,0.0
2025-12-22,0x64fbb84b9a101227af977ab5916cdead0de630bb,0.0
2025-12-22,0x657dd0353bbab3c31a15bebaefe5708f91599384,0.0
2025-12-22,0x66f069a1aa1838b8f435459683a82ec5c4175be1,0.0
2025-12-22,0x696361910177b630d7d98beb66db2a87210111ea,0.0
2025-12-22,0x6a70e534e6244e34eca9ca8218640f2d4ee49b42,0.0
2025-12-22,0x6b9cee98a4ca6cff357f576fb2a6cb2b5e43c39f,0.0
2025-12-22,0x6f78bc27fa80f127fadb1897f98dde6cfb3c3f94,0.0
2025-12-22,0x7531543d11be70509fd98599cab5e97745dd04ab,0.0
2025-12-22,0x772ca23497f271c6113fce7c53782f35c304790e,0.0
2025-12-22,0x7743b97525bdf503506288463d39b59b69993cfe,0.0
2025-12-22,0x790d41e2f911b6eecad286c04734036929049793,0.0
2025-12-22,0x7a0222dee3519854468f31154a4349c92814875f,0.0
2025-12-22,0x7d10bd50494ca1094cb706fadee52345b6139cf9,0.0
2025-12-22,0x7df172e521125054caa01d73c4fb4d30360e1079,0.0
2025-12-22,0x7f554a7568293db35a6421759c305fee6b60aa9a,0.0
2025-12-22,0x7f99c1b85c831c60d6f534412e4be78cab94a5e5,0.0
2025-12-22,0x8075c55918a91f5fc1f66fb77a7ca0be67a90233,0.0
2025-12-22,0x84c87d848244e49602f1ce614e46eba81e5f246f,0.0
2025-12-22,0x8633be9e9a5c7c39e9dc9d7ffef0979ce1026e71,0.0
2025-12-22,0x8b6bbe943259e12885529e4d340a0a5822f8d337,0.0
2025-12-22,0x8c298797fb92fb91c1d4a83e5b948f431fe229c6,0.0
2025-12-22,0x8da35b920fe236a757a0fad93d3a3ab8ea0a24cc,0.0
2025-12-22,0x8da66f6ee0eedf4376e471d7a507553296e49c19,0.0
2025-12-22,0x9ab1433913c1014e2166b3c7f039d9528b1fc540,0.0
2025-12-22,0x9e231a8b9c247230cb88befafee97a22ae244ee5,0.0
2025-12-22,0xac82362174a32fbbad61efcb0f02b9016b20c768,0.0
2025-12-22,0xae598104ba092f09470e59e7a4d2349dbbdc3310,0.0
2025-12-22,0xb57d2a1424ff536ef5debb8761662c72f90f9b66,0.0
2025-12-22,0xc32f2f6217d105d17904f8f495aa122baef4a333,0.0
2025-12-22,0xcc18c9473f7117e599b3f2103e794b16ffe7cf44,0.0
2025-12-22,0xcd75160eeafa7227d1eea1dc157f77c3cb0c4688,0.0
2025-12-22,0xd359264dd634edf74d5d00ed06ccc44ab20eeba9,0.0
2025-12-22,0xdf5f43411c47c07ebcf03c16c29f18313e45ca66,0.0
2025-12-22,0xe3abf7f7d29df6d64128794f64ed3d1b15a5e759,0.0
2025-12-22,0xe4922b8eb9bef6f486564a59987f4e1930c53235,0.0
2025-12-22,0xe6cac97e024e8e1d0d01cd5d1c72fcdcfe78be3d,0.0
2025-12-22,0xea8d6a4caaef55c18da4c1efe7303b0f61b0415c,0.0
2025-12-22,0xee2a70532e807259fcfd63274ad4e560dcca2613,0.0
2025-12-22,0xf5397ef04201f76a3e97457bc84f27303df20e80,0.0
2025-12-22,0xf5a89d2608db8fd229a076895f4f8d304e58c3a5,0.0
2025-12-22,0xf9baa2c717f8140d6925d8ff1827abeca1906526,0.0
2025-12-22,0xfaf8dbc45d01261ac417cf3b2843288df47fcacd,0.0
2025-12-22,0xff0034103421a624aa2b2d618fe7602cd6dd3f1d,0.0
2025-12-22,0xff806c084c40bce44d2facba005f8f1887cce7f4,0.0
2025-12-23,0x04be52434eb64addf373137310551ac42013677c,0.0
2025-12-23,0x087cdae4009af7974fb808cd4e01414ebf820ab0,0.0
2025-12-23,0x0c560e8b4c179782ab476dfed8a129b0d64e66e8,0.0
2025-12-23,0x218c56f591abc69c40e96a10e7b69c62c2c406ee,0.0
2025-12-23,0x28cd26d85b4ac655a489aa3f259f81283bd1a804,500.552843
2025-12-23,0x2bcd8898a678050efa5f41f4c6012045dee1b5c3,0.0
2025-12-23,0x2e5b63b36e7b115229d12c88cd47d471c122eddf,0.0
2025-12-23,0x349dd66d555a26d890f6bb996ef1eadf9f65bdd3,0.0
2025-12-23,0x36df841c8c269300335ed74d7729c66bc9dcb37d,0.0
2025-12-23,0x3787e2720296b4e0119e344e1b64291ed5fea398,0.0
2025-12-23,0x3b63bbf52aa94016b61ee8d6809253f915d61411,0.0
2025-12-23,0x3d9f3cc0d52ea543116dfebdf3c77819766a64e2,0.0
2025-12-23,0x422cb45f4dcb3f798b53835f8671288d424d881f,0.0
2025-12-23,0x4784a9b16ba5ccb9fb384c0a68448b9e70d357a6,0.0
2025-12-23,0x480f54f40e35739b6ed1dd0cb64ff881c392ff64,0.0
2025-12-23,0x4813ffe82fe058134762df947a9bf453229a010f,0.0
2025-12-23,0x4d571d89c5b71f720dbd271ac60f574402e76add,0.0
2025-12-23,0x52512f63bfdc0ca4d15e31da6b395c94eb16d563,0.0
2025-12-23,0x583924a6dfa73f20d7cee1f067f56afeccdda38c,0.0
2025-12-23,0x58c659b1c03d03ab6e7cf1ad6781bfe16a39375d,0.0
2025-12-23,0x5ebd6fc47e018d572695a30406aab2094f5739a5,0.0
2025-12-23,0x60a50be186c8fedeee7eb8e4162e8052bda6ba0e,0.0
2025-12-23,0x6194a13d478ba4de00cace380f51190663fd0de0,0.0
2025-12-23,0x64fbb84b9a101227af977ab5916cdead0de630bb,0.0
2025-12-23,0x657dd0353bbab3c31a15bebaefe5708f91599384,0.0
2025-12-23,0x66f069a1aa1838b8f435459683a82ec5c4175be1,0.0
2025-12-23,0x696361910177b630d7d98beb66db2a87210111ea,0.0
2025-12-23,0x6a70e534e6244e34eca9ca8218640f2d4ee49b42,0.0
2025-12-23,0x6b9cee98a4ca6cff357f576fb2a6cb2b5e43c39f,0.0
2025-12-23,0x6f78bc27fa80f127fadb1897f98dde6cfb3c3f94,0.0
2025-12-23,0x7531543d11be70509fd98599cab5e97745dd04ab,0.0
2025-12-23,0x772ca23497f271c6113fce7c53782f35c304790e,0.0
2025-12-23,0x7743b97525bdf503506288463d39b59b69993cfe,0.0
2025-12-23,0x790d41e2f911b6eecad286c04734036929049793,0.0
2025-12-23,0x7a0222dee3519854468f31154a4349c92814875f,0.0
2025-12-23,0x7d10bd50494ca1094cb706fadee52345b6139cf9,0.0
2025-12-23,0x7df172e521125054caa01d73c4fb4d30360e1079,0.0
2025-12-23,0x7f554a7568293db35a6421759c305fee6b60aa9a,0.0
2025-12-23,0x7f99c1b85c831c60d6f534412e4be78cab94a5e5,0.0
2025-12-23,0x8075c55918a91f5fc1f66fb77a7ca0be67a90233,0.0
2025-12-23,0x84c87d848244e49602f1ce614e46eba81e5f246f,0.0
2025-12-23,0x8633be9e9a5c7c39e9dc9d7ffef0979ce1026e71,0.0
2025-12-23,0x8b6bbe943259e12885529e4d340a0a5822f8d337,0.0
2025-12-23,0x8c298797fb92fb91c1d4a83e5b948f431fe229c6,0.0
2025-12-23,0x8da35b920fe236a757a0fad93d3a3ab8ea0a24cc,0.0
2025-12-23,0x8da66f6ee0eedf4376e471d7a507553296e49c19,0.0
2025-12-23,0x9ab1433913c1014e2166b3c7f039d9528b1fc540,0.0
2025-12-23,0x9e231a8b9c247230cb88befafee97a22ae244ee5,0.0
2025-12-23,0xac82362174a32fbbad61efcb0f02b9016b20c768,0.0
2025-12-23,0xae598104ba092f09470e59e7a4d2349dbbdc3310,0.0
2025-12-23,0xb57d2a1424ff536ef5debb8761662c72f90f9b66,0.0
2025-12-23,0xc32f2f6217d105d17904f8f495aa122baef4a333,0.0
2025-12-23,0xcc18c9473f7117e599b3f2103e794b16ffe7cf44,0.0
2025-12-23,0xcd75160eeafa7227d1eea1dc157f77c3cb0c4688,0.0
2025-12-23,0xd359264dd634edf74d5d00ed06ccc44ab20eeba9,0.0
2025-12-23,0xdf5f43411c47c07ebcf03c16c29f18313e45ca66,0.0
2025-12-23,0xe3abf7f7d29df6d64128794f64ed3d1b15a5e759,0.0
2025-12-23,0xe4922b8eb9bef6f486564a59987f4e1930c53235,0.0
2025-12-23,0xe6cac97e024e8e1d0d01cd5d1c72fcdcfe78be3d,0.0
2025-12-23,0xea8d6a4caaef55c18da4c1efe7303b0f61b0415c,0.0
2025-12-23,0xee2a70532e807259fcfd63274ad4e560dcca2613,0.0
2025-12-23,0xf5397ef04201f76a3e97457bc84f27303df20e80,0.0
2025-12-23,0xf5a89d2608db8fd229a076895f4f8d304e58c3a5,0.0
2025-12-23,0xf9baa2c717f8140d6925d8ff1827abeca1906526,0.0
2025-12-23,0xfaf8dbc45d01261ac417cf3b2843288df47fcacd,0.0
2025-12-23,0xff0034103421a624aa2b2d618fe7602cd6dd3f1d,0.0
2025-12-23,0xff806c084c40bce44d2facba005f8f1887cce7f4,0.0
2025-12-24,0x04be52434eb64addf373137310551ac42013677c,0.0
2025-12-24,0x087cdae4009af7974fb808cd4e01414ebf820ab0,0.0
2025-12-24,0x0c560e8b4c179782ab476dfed8a129b0d64e66e8,0.0
2025-12-24,0x218c56f591abc69c40e96a10e7b69c62c2c406ee,0.0
2025-12-24,0x28cd26d85b4ac655a489aa3f259f81283bd1a804,500.583389
2025-12-24,0x2bcd8898a678050efa5f41f4c6012045dee1b5c3,0.0
2025-12-24,0x2e5b63b36e7b115229d12c88cd47d471c122eddf,0.0
2025-12-24,0x349dd66d555a26d890f6bb996ef1eadf9f65bdd3,0.0
2025-12-24,0x36df841c8c269300335ed74d7729c66bc9dcb37d,0.0
2025-12-24,0x3787e2720296b4e0119e344e1b64291ed5fea398,0.0
2025-12-24,0x3b63bbf52aa94016b61ee8d6809253f915d61411,0.0
2025-12-24,0x3d9f3cc0d52ea543116dfebdf3c77819766a64e2,0.0
2025-12-24,0x422cb45f4dcb3f798b53835f8671288d424d881f,0.0
2025-12-24,0x4784a9b16ba5ccb9fb384c0a68448b9e70d357a6,0.0
2025-12-24,0x480f54f40e35739b6ed1dd0cb64ff881c392ff64,0.0
2025-12-24,0x4813ffe82fe058134762df947a9bf453229a010f,0.0
2025-12-24,0x4d571d89c5b71f720dbd271ac60f574402e76add,0.0
2025-12-24,0x52512f63bfdc0ca4d15e31da6b395c94eb16d563,0.0
2025-12-24,0x583924a6dfa73f20d7cee1f067f56afeccdda38c,0.0
2025-12-24,0x58c659b1c03d03ab6e7cf1ad6781bfe16a39375d,0.0
2025-12-24,0x5ebd6fc47e018d572695a30406aab2094f5739a5,0.0
2025-12-24,0x60a50be186c8fedeee7eb8e4162e8052bda6ba0e,0.0
2025-12-24,0x6194a13d478ba4de00cace380f51190663fd0de0,0.0
2025-12-24,0x64fbb84b9a101227af977ab5916cdead0de630bb,0.0
2025-12-24,0x657dd0353bbab3c31a15bebaefe5708f91599384,0.0
2025-12-24,0x66f069a1aa1838b8f435459683a82ec5c4175be1,0.0
2025-12-24,0x696361910177b630d7d98beb66db2a87210111ea,0.0
2025-12-24,0x6a70e534e6244e34eca9ca8218640f2d4ee49b42,0.0
2025-12-24,0x6b9cee98a4ca6cff357f576fb2a6cb2b5e43c39f,0.0
2025-12-24,0x6f78bc27fa80f127fadb1897f98dde6cfb3c3f94,0.0
2025-12-24,0x7531543d11be70509fd98599cab5e97745dd04ab,0.0
2025-12-24,0x772ca23497f271c6113fce7c53782f35c304790e,0.0
2025-12-24,0x7743b97525bdf503506288463d39b59b69993cfe,0.0
2025-12-24,0x790d41e2f911b6eecad286c04734036929049793,0.0
2025-12-24,0x7a0222dee3519854468f31154a4349c92814875f,0.0
2025-12-24,0x7d10bd50494ca1094cb706fadee52345b6139cf9,0.0
2025-12-24,0x7df172e521125054caa01d73c4fb4d30360e1079,0.0
2025-12-24,0x7f554a7568293db35a6421759c305fee6b60aa9a,0.0
2025-12-24,0x7f99c1b85c831c60d6f534412e4be78cab94a5e5,0.0
2025-12-24,0x8075c55918a91f5fc1f66fb77a7ca0be67a90233,0.0
2025-12-24,0x84c87d848244e49602f1ce614e46eba81e5f246f,0.0
2025-12-24,0x8633be9e9a5c7c39e9dc9d7ffef0979ce1026e71,0.0
2025-12-24,0x8b6bbe943259e12885529e4d340a0a5822f8d337,0.0
2025-12-24,0x8c298797fb92fb91c1d4a83e5b948f431fe229c6,0.0
2025-12-24,0x8da35b920fe236a757a0fad93d3a3ab8ea0a24cc,0.0
2025-12-24,0x8da66f6ee0eedf4376e471d7a507553296e49c19,0.0
2025-12-24,0x9ab1433913c1014e2166b3c7f039d9528b1fc540,0.0
2025-12-24,0x9e231a8b9c247230cb88befafee97a22ae244ee5,0.0
2025-12-24,0xac82362174a32fbbad61efcb0f02b9016b20c768,0.0
2025-12-24,0xae598104ba092f09470e59e7a4d2349dbbdc3310,0.0
2025-12-24,0xb57d2a1424ff536ef5debb8761662c72f90f9b66,0.0
2025-12-24,0xc32f2f6217d105d17904f8f495aa122baef4a333,0.0
2025-12-24,0xcc18c9473f7117e599b3f2103e794b16ffe7cf44,0.0
2025-12-24,0xcd75160eeafa7227d1eea1dc157f77c3cb0c4688,0.0
2025-12-24,0xd359264dd634edf74d5d00ed06ccc44ab20eeba9,0.0
2025-12-24,0xdf5f43411c47c07ebcf03c16c29f18313e45ca66,0.0
2025-12-24,0xe3abf7f7d29df6d64128794f64ed3d1b15a5e759,0.0
2025-12-24,0xe4922b8eb9bef6f486564a59987f4e1930c53235,0.0
2025-12-24,0xe6cac97e024e8e1d0d01cd5d1c72fcdcfe78be3d,0.0
2025-12-24,0xea8d6a4caaef55c18da4c1efe7303b0f61b0415c,0.0
2025-12-24,0xee2a70532e807259fcfd63274ad4e560dcca2613,0.0
2025-12-24,0xf5397ef04201f76a3e97457bc84f27303df20e80,0.0
2025-12-24,0xf5a89d2608db8fd229a076895f4f8d304e58c3a5,0.0
2025-12-24,0xf9baa2c717f8140d6925d8ff1827abeca1906526,0.0
2025-12-24,0xfaf8dbc45d01261ac417cf3b2843288df47fcacd,0.0
2025-12-24,0xff0034103421a624aa2b2d618fe7602cd6dd3f1d,0.0
2025-12-24,0xff806c084c40bce44d2facba005f8f1887cce7f4,0.0
2025-12-25,0x04be52434eb64addf373137310551ac42013677c,0.0
2025-12-25,0x087cdae4009af7974fb808cd4e01414ebf820ab0,0.0
2025-12-25,0x0c560e8b4c179782ab476dfed8a129b0d64e66e8,0.0
2025-12-25,0x218c56f591abc69c40e96a10e7b69c62c2c406ee,0.0
2025-12-25,0x28cd26d85b4ac655a489aa3f259f81283bd1a804,500.608254
2025-12-25,0x2bcd8898a678050efa5f41f4c6012045dee1b5c3,0.0
2025-12-25,0x2e5b63b36e7b115229d12c88cd47d471c122eddf,0.0
2025-12-25,0x349dd66d555a26d890f6bb996ef1eadf9f65bdd3,0.0
2025-12-25,0x36df841c8c269300335ed74d7729c66bc9dcb37d,0.0
2025-12-25,0x3787e2720296b4e0119e344e1b64291ed5fea398,0.0
2025-12-25,0x3b63bbf52aa94016b61ee8d6809253f915d61411,0.0
2025-12-25,0x3d9f3cc0d52ea543116dfebdf3c77819766a64e2,0.0
2025-12-25,0x422cb45f4dcb3f798b53835f8671288d424d881f,0.0
2025-12-25,0x4784a9b16ba5ccb9fb384c0a68448b9e70d357a6,0.0
2025-12-25,0x480f54f40e35739b6ed1dd0cb64ff881c392ff64,0.0
2025-12-25,0x4813ffe82fe058134762df947a9bf453229a010f,0.0
2025-12-25,0x4d571d89c5b71f720dbd271ac60f574402e76add,0.0
2025-12-25,0x52512f63bfdc0ca4d15e31da6b395c94eb16d563,0.0
2025-12-25,0x583924a6dfa73f20d7cee1f067f56afeccdda38c,0.0
2025-12-25,0x58c659b1c03d03ab6e7cf1ad6781bfe16a39375d,0.0
2025-12-25,0x5ebd6fc47e018d572695a30406aab2094f5739a5,0.0
2025-12-25,0x60a50be186c8fedeee7eb8e4162e8052bda6ba0e,0.0
2025-12-25,0x6194a13d478ba4de00cace380f51190663fd0de0,0.0
2025-12-25,0x64fbb84b9a101227af977ab5916cdead0de630bb,0.0
2025-12-25,0x657dd0353bbab3c31a15bebaefe5708f91599384,0.0
2025-12-25,0x66f069a1aa1838b8f435459683a82ec5c4175be1,0.0
2025-12-25,0x696361910177b630d7d98beb66db2a87210111ea,0.0
2025-12-25,0x6a70e534e6244e34eca9ca8218640f2d4ee49b42,0.0
2025-12-25,0x6b9cee98a4ca6cff357f576fb2a6cb2b5e43c39f,0.0
2025-12-25,0x6f78bc27fa80f127fadb1897f98dde6cfb3c3f94,0.0
2025-12-25,0x7531543d11be70509fd98599cab5e97745dd04ab,0.0
2025-12-25,0x772ca23497f271c6113fce7c53782f35c304790e,0.0
2025-12-25,0x7743b97525bdf503506288463d39b59b69993cfe,0.0
2025-12-25,0x790d41e2f911b6eecad286c04734036929049793,0.0
2025-12-25,0x7a0222dee3519854468f31154a4349c92814875f,0.0
2025-12-25,0x7d10bd50494ca1094cb706fadee52345b6139cf9,0.0
2025-12-25,0x7df172e521125054caa01d73c4fb4d30360e1079,0.0
2025-12-25,0x7f554a7568293db35a6421759c305fee6b60aa9a,0.0
2025-12-25,0x7f99c1b85c831c60d6f534412e4be78cab94a5e5,0.0
2025-12-25,0x8075c55918a91f5fc1f66fb77a7ca0be67a90233,0.0
2025-12-25,0x84c87d848244e49602f1ce614e46eba81e5f246f,0.0
2025-12-25,0x8633be9e9a5c7c39e9dc9d7ffef0979ce1026e71,0.0
2025-12-25,0x8b6bbe943259e12885529e4d340a0a5822f8d337,0.0
2025-12-25,0x8c298797fb92fb91c1d4a83e5b948f431fe229c6,0.0
2025-12-25,0x8da35b920fe236a757a0fad93d3a3ab8ea0a24cc,0.0
2025-12-25,0x8da66f6ee0eedf4376e471d7a507553296e49c19,0.0
2025-12-25,0x9ab1433913c1014e2166b3c7f039d9528b1fc540,0.0
2025-12-25,0x9e231a8b9c247230cb88befafee97a22ae244ee5,0.0
2025-12-25,0xac82362174a32fbbad61efcb0f02b9016b20c768,0.0
2025-12-25,0xae598104ba092f09470e59e7a4d2349dbbdc3310,0.0
2025-12-25,0xb57d2a1424ff536ef5debb8761662c72f90f9b66,0.0
2025-12-25,0xc32f2f6217d105d17904f8f495aa122baef4a333,0.0
2025-12-25,0xcc18c9473f7117e599b3f2103e794b16ffe7cf44,0.0
2025-12-25,0xcd75160eeafa7227d1eea1dc157f77c3cb0c4688,0.0
2025-12-25,0xd359264dd634edf74d5d00ed06ccc44ab20eeba9,0.0
2025-12-25,0xdf5f43411c47c07ebcf03c16c29f18313e45ca66,0.0
2025-12-25,0xe3abf7f7d29df6d64128794f64ed3d1b15a5e759,0.0
2025-12-25,0xe4922b8eb9bef6f486564a59987f4e1930c53235,0.0
2025-12-25,0xe6cac97e024e8e1d0d01cd5d1c72fcdcfe78be3d,0.0
2025-12-25,0xea8d6a4caaef55c18da4c1efe7303b0f61b0415c,0.0
2025-12-25,0xee2a70532e807259fcfd63274ad4e560dcca2613,0.0
2025-12-25,0xf5397ef04201f76a3e97457bc84f27303df20e80,0.0
2025-12-25,0xf5a89d2608db8fd229a076895f4f8d304e58c3a5,0.0
2025-12-25,0xf9baa2c717f8140d6925d8ff1827abeca1906526,0.0
2025-12-25,0xfaf8dbc45d01261ac417cf3b2843288df47fcacd,0.0
2025-12-25,0xff0034103421a624aa2b2d618fe7602cd6dd3f1d,0.0
2025-12-25,0xff806c084c40bce44d2facba005f8f1887cce7f4,0.0
2025-12-26,0x04be52434eb64addf373137310551ac42013677c,0.0
2025-12-26,0x087cdae4009af7974fb808cd4e01414ebf820ab0,0.0
2025-12-26,0x0c560e8b4c179782ab476dfed8a129b0d64e66e8,0.0
2025-12-26,0x218c56f591abc69c40e96a10e7b69c62c2c406ee,0.0
2025-12-26,0x28cd26d85b4ac655a489aa3f259f81283bd1a804,500.634374
2025-12-26,0x2bcd8898a678050efa5f41f4c6012045dee1b5c3,0.0
2025-12-26,0x2e5b63b36e7b115229d12c88cd47d471c122eddf,0.0
2025-12-26,0x349dd66d555a26d890f6bb996ef1eadf9f65bdd3,0.0
2025-12-26,0x36df841c8c269300335ed74d7729c66bc9dcb37d,0.0
2025-12-26,0x3787e2720296b4e0119e344e1b64291ed5fea398,0.0
2025-12-26,0x3b63bbf52aa94016b61ee8d6809253f915d61411,0.0
2025-12-26,0x3d9f3cc0d52ea543116dfebdf3c77819766a64e2,0.0
2025-12-26,0x422cb45f4dcb3f798b53835f8671288d424d881f,0.0
2025-12-26,0x4784a9b16ba5ccb9fb384c0a68448b9e70d357a6,0.0
2025-12-26,0x480f54f40e35739b6ed1dd0cb64ff881c392ff64,0.0
2025-12-26,0x4813ffe82fe058134762df947a9bf453229a010f,0.0
2025-12-26,0x4d571d89c5b71f720dbd271ac60f574402e76add,0.0
2025-12-26,0x52512f63bfdc0ca4d15e31da6b395c94eb16d563,0.0
2025-12-26,0x583924a6dfa73f20d7cee1f067f56afeccdda38c,0.0
2025-12-26,0x58c659b1c03d03ab6e7cf1ad6781bfe16a39375d,0.0
2025-12-26,0x5ebd6fc47e018d572695a30406aab2094f5739a5,0.0
2025-12-26,0x60a50be186c8fedeee7eb8e4162e8052bda6ba0e,0.0
2025-12-26,0x6194a13d478ba4de00cace380f51190663fd0de0,0.0
2025-12-26,0x64fbb84b9a101227af977ab5916cdead0de630bb,0.0
2025-12-26,0x657dd0353bbab3c31a15bebaefe5708f91599384,0.0
2025-12-26,0x66f069a1aa1838b8f435459683a82ec5c4175be1,0.0
2025-12-26,0x696361910177b630d7d98beb66db2a87210111ea,0.0
2025-12-26,0x6a70e534e6244e34eca9ca8218640f2d4ee49b42,0.0
2025-12-26,0x6b9cee98a4ca6cff357f576fb2a6cb2b5e43c39f,0.0
2025-12-26,0x6f78bc27fa80f127fadb1897f98dde6cfb3c3f94,0.0
2025-12-26,0x7531543d11be70509fd98599cab5e97745dd04ab,0.0
2025-12-26,0x772ca23497f271c6113fce7c53782f35c304790e,0.0
2025-12-26,0x7743b97525bdf503506288463d39b59b69993cfe,0.0
2025-12-26,0x790d41e2f911b6eecad286c04734036929049793,0.0
2025-12-26,0x7a0222dee3519854468f31154a4349c92814875f,0.0
2025-12-26,0x7d10bd50494ca1094cb706fadee52345b6139cf9,0.0
2025-12-26,0x7df172e521125054caa01d73c4fb4d30360e1079,0.0
2025-12-26,0x7f554a7568293db35a6421759c305fee6b60aa9a,0.0
2025-12-26,0x7f99c1b85c831c60d6f534412e4be78cab94a5e5,0.0
2025-12-26,0x8075c55918a91f5fc1f66fb77a7ca0be67a90233,0.0
2025-12-26,0x84c87d848244e49602f1ce614e46eba81e5f246f,0.0
2025-12-26,0x8633be9e9a5c7c39e9dc9d7ffef0979ce1026e71,0.0
2025-12-26,0x8b6bbe943259e12885529e4d340a0a5822f8d337,0.0
2025-12-26,0x8c298797fb92fb91c1d4a83e5b948f431fe229c6,0.0
2025-12-26,0x8da35b920fe236a757a0fad93d3a3ab8ea0a24cc,0.0
2025-12-26,0x8da66f6ee0eedf4376e471d7a507553296e49c19,0.0
2025-12-26,0x9ab1433913c1014e2166b3c7f039d9528b1fc540,0.0
2025-12-26,0x9e231a8b9c247230cb88befafee97a22ae244ee5,0.0
2025-12-26,0xac82362174a32fbbad61efcb0f02b9016b20c768,0.0
2025-12-26,0xae598104ba092f09470e59e7a4d2349dbbdc3310,0.0
2025-12-26,0xb57d2a1424ff536ef5debb8761662c72f90f9b66,0.0
2025-12-26,0xc32f2f6217d105d17904f8f495aa122baef4a333,0.0
2025-12-26,0xcc18c9473f7117e599b3f2103e794b16ffe7cf44,0.0
2025-12-26,0xcd75160eeafa7227d1eea1dc157f77c3cb0c4688,0.0
2025-12-26,0xd359264dd634edf74d5d00ed06ccc44ab20eeba9,0.0
2025-12-26,0xdf5f43411c47c07ebcf03c16c29f18313e45ca66,0.0
2025-12-26,0xe3abf7f7d29df6d64128794f64ed3d1b15a5e759,0.0
2025-12-26,0xe4922b8eb9bef6f486564a59987f4e1930c53235,0.0
2025-12-26,0xe6cac97e024e8e1d0d01cd5d1c72fcdcfe78be3d,0.0
2025-12-26,0xea8d6a4caaef55c18da4c1efe7303b0f61b0415c,0.0
2025-12-26,0xee2a70532e807259fcfd63274ad4e560dcca2613,0.0
2025-12-26,0xf5397ef04201f76a3e97457bc84f27303df20e80,0.0
2025-12-26,0xf5a89d2608db8fd229a076895f4f8d304e58c3a5,0.0
2025-12-26,0xf9baa2c717f8140d6925d8ff1827abeca1906526,0.0
2025-12-26,0xfaf8dbc45d01261ac417cf3b2843288df47fcacd,0.0
2025-12-26,0xff0034103421a624aa2b2d618fe7602cd6dd3f1d,0.0
2025-12-26,0xff806c084c40bce44d2facba005f8f1887cce7f4,0.0
2025-12-27,0x04be52434eb64addf373137310551ac42013677c,0.0
2025-12-27,0x087cdae4009af7974fb808cd4e01414ebf820ab0,0.0
2025-12-27,0x0c560e8b4c179782ab476dfed8a129b0d64e66e8,0.0
2025-12-27,0x218c56f591abc69c40e96a10e7b69c62c2c406ee,0.0
2025-12-27,0x28cd26d85b4ac655a489aa3f259f81283bd1a804,500.66145
2025-12-27,0x2bcd8898a678050efa5f41f4c6012045dee1b5c3,0.0
2025-12-27,0x2e5b63b36e7b115229d12c88cd47d471c122eddf,0.0
2025-12-27,0x349dd66d555a26d890f6bb996ef1eadf9f65bdd3,0.0
2025-12-27,0x36df841c8c269300335ed74d7729c66bc9dcb37d,0.0
2025-12-27,0x3787e2720296b4e0119e344e1b64291ed5fea398,0.0
2025-12-27,0x3b63bbf52aa94016b61ee8d6809253f915d61411,0.0
2025-12-27,0x3d9f3cc0d52ea543116dfebdf3c77819766a64e2,0.0
2025-12-27,0x422cb45f4dcb3f798b53835f8671288d424d881f,0.0
2025-12-27,0x4784a9b16ba5ccb9fb384c0a68448b9e70d357a6,0.0
2025-12-27,0x480f54f40e35739b6ed1dd0cb64ff881c392ff64,0.0
2025-12-27,0x4813ffe82fe058134762df947a9bf453229a010f,0.0
2025-12-27,0x4d571d89c5b71f720dbd271ac60f574402e76add,0.0
2025-12-27,0x52512f63bfdc0ca4d15e31da6b395c94eb16d563,0.0
2025-12-27,0x583924a6dfa73f20d7cee1f067f56afeccdda38c,0.0
2025-12-27,0x58c659b1c03d03ab6e7cf1ad6781bfe16a39375d,0.0
2025-12-27,0x5ebd6fc47e018d572695a30406aab2094f5739a5,0.0
2025-12-27,0x60a50be186c8fedeee7eb8e4162e8052bda6ba0e,0.0
2025-12-27,0x6194a13d478ba4de00cace380f51190663fd0de0,0.0
2025-12-27,0x64fbb84b9a101227af977ab5916cdead0de630bb,0.0
2025-12-27,0x657dd0353bbab3c31a15bebaefe5708f91599384,0.0
2025-12-27,0x66f069a1aa1838b8f435459683a82ec5c4175be1,0.0
2025-12-27,0x696361910177b630d7d98beb66db2a87210111ea,0.0
2025-12-27,0x6a70e534e6244e34eca9ca8218640f2d4ee49b42,0.0
2025-12-27,0x6b9cee98a4ca6cff357f576fb2a6cb2b5e43c39f,0.0
2025-12-27,0x6f78bc27fa80f127fadb1897f98dde6cfb3c3f94,0.0
2025-12-27,0x7531543d11be70509fd98599cab5e97745dd04ab,0.0
2025-12-27,0x772ca23497f271c6113fce7c53782f35c304790e,0.0
2025-12-27,0x7743b97525bdf503506288463d39b59b69993cfe,0.0
2025-12-27,0x790d41e2f911b6eecad286c04734036929049793,0.0
2025-12-27,0x7a0222dee3519854468f31154a4349c92814875f,0.0
2025-12-27,0x7d10bd50494ca1094cb706fadee52345b6139cf9,0.0
2025-12-27,0x7df172e521125054caa01d73c4fb4d30360e1079,0.0
2025-12-27,0x7f554a7568293db35a6421759c305fee6b60aa9a,0.0
2025-12-27,0x7f99c1b85c831c60d6f534412e4be78cab94a5e5,0.0
2025-12-27,0x8075c55918a91f5fc1f66fb77a7ca0be67a90233,0.0
2025-12-27,0x84c87d848244e49602f1ce614e46eba81e5f246f,0.0
2025-12-27,0x8633be9e9a5c7c39e9dc9d7ffef0979ce1026e71,0.0
2025-12-27,0x8b6bbe943259e12885529e4d340a0a5822f8d337,0.0
2025-12-27,0x8c298797fb92fb91c1d4a83e5b948f431fe229c6,0.0
2025-12-27,0x8da35b920fe236a757a0fad93d3a3ab8ea0a24cc,0.0
2025-12-27,0x8da66f6ee0eedf4376e471d7a507553296e49c19,0.0
2025-12-27,0x9ab1433913c1014e2166b3c7f039d9528b1fc540,0.0
2025-12-27,0x9e231a8b9c247230cb88befafee97a22ae244ee5,0.0
2025-12-27,0xac82362174a32fbbad61efcb0f02b9016b20c768,0.0
2025-12-27,0xae598104ba092f09470e59e7a4d2349dbbdc3310,0.0
2025-12-27,0xb57d2a1424ff536ef5debb8761662c72f90f9b66,0.0
2025-12-27,0xc32f2f6217d105d17904f8f495aa122baef4a333,0.0
2025-12-27,0xcc18c9473f7117e599b3f2103e794b16ffe7cf44,0.0
2025-12-27,0xcd75160eeafa7227d1eea1dc157f77c3cb0c4688,0.0
2025-12-27,0xd359264dd634edf74d5d00ed06ccc44ab20eeba9,0.0
2025-12-27,0xdf5f43411c47c07ebcf03c16c29f18313e45ca66,0.0
2025-12-27,0xe3abf7f7d29df6d64128794f64ed3d1b15a5e759,0.0
2025-12-27,0xe4922b8eb9bef6f486564a59987f4e1930c53235,0.0
2025-12-27,0xe6cac97e024e8e1d0d01cd5d1c72fcdcfe78be3d,0.0
2025-12-27,0xea8d6a4caaef55c18da4c1efe7303b0f61b0415c,0.0
2025-12-27,0xee2a70532e807259fcfd63274ad4e560dcca2613,0.0
2025-12-27,0xf5397ef04201f76a3e97457bc84f27303df20e80,0.0
2025-12-27,0xf5a89d2608db8fd229a076895f4f8d304e58c3a5,0.0
2025-12-27,0xf9baa2c717f8140d6925d8ff1827abeca1906526,0.0
2025-12-27,0xfaf8dbc45d01261ac417cf3b2843288df47fcacd,0.0
2025-12-27,0xff0034103421a624aa2b2d618fe7602cd6dd3f1d,0.0
2025-12-27,0xff806c084c40bce44d2facba005f8f1887cce7f4,0.0
2025-12-28,0x04be52434eb64addf373137310551ac42013677c,0.0
2025-12-28,0x087cdae4009af7974fb808cd4e01414ebf820ab0,0.0
2025-12-28,0x0c560e8b4c179782ab476dfed8a129b0d64e66e8,0.0
2025-12-28,0x218c56f591abc69c40e96a10e7b69c62c2c406ee,0.0
2025-12-28,0x28cd26d85b4ac655a489aa3f259f81283bd1a804,500.690803
2025-12-28,0x2bcd8898a678050efa5f41f4c6012045dee1b5c3,0.0
2025-12-28,0x2e5b63b36e7b115229d12c88cd47d471c122eddf,0.0
2025-12-28,0x349dd66d555a26d890f6bb996ef1eadf9f65bdd3,0.0
2025-12-28,0x36df841c8c269300335ed74d7729c66bc9dcb37d,0.0
2025-12-28,0x3787e2720296b4e0119e344e1b64291ed5fea398,0.0
2025-12-28,0x3b63bbf52aa94016b61ee8d6809253f915d61411,0.0
2025-12-28,0x3d9f3cc0d52ea543116dfebdf3c77819766a64e2,0.0
2025-12-28,0x422cb45f4dcb3f798b53835f8671288d424d881f,0.0
2025-12-28,0x4784a9b16ba5ccb9fb384c0a68448b9e70d357a6,0.0
2025-12-28,0x480f54f40e35739b6ed1dd0cb64ff881c392ff64,0.0
2025-12-28,0x4813ffe82fe058134762df947a9bf453229a010f,0.0
2025-12-28,0x4d571d89c5b71f720dbd271ac60f574402e76add,0.0
2025-12-28,0x52512f63bfdc0ca4d15e31da6b395c94eb16d563,0.0
2025-12-28,0x583924a6dfa73f20d7cee1f067f56afeccdda38c,0.0
2025-12-28,0x58c659b1c03d03ab6e7cf1ad6781bfe16a39375d,0.0
2025-12-28,0x5ebd6fc47e018d572695a30406aab2094f5739a5,0.0
2025-12-28,0x60a50be186c8fedeee7eb8e4162e8052bda6ba0e,0.0
2025-12-28,0x6194a13d478ba4de00cace380f51190663fd0de0,0.0
2025-12-28,0x64fbb84b9a101227af977ab5916cdead0de630bb,0.0
2025-12-28,0x657dd0353bbab3c31a15bebaefe5708f91599384,0.0
2025-12-28,0x66f069a1aa1838b8f435459683a82ec5c4175be1,0.0
2025-12-28,0x696361910177b630d7d98beb66db2a87210111ea,0.0
2025-12-28,0x6a70e534e6244e34eca9ca8218640f2d4ee49b42,0.0
2025-12-28,0x6b9cee98a4ca6cff357f576fb2a6cb2b5e43c39f,0.0
2025-12-28,0x6f78bc27fa80f127fadb1897f98dde6cfb3c3f94,0.0
2025-12-28,0x7531543d11be70509fd98599cab5e97745dd04ab,0.0
2025-12-28,0x772ca23497f271c6113fce7c53782f35c304790e,0.0
2025-12-28,0x7743b97525bdf503506288463d39b59b69993cfe,0.0
2025-12-28,0x790d41e2f911b6eecad286c04734036929049793,0.0
2025-12-28,0x7a0222dee3519854468f31154a4349c92814875f,0.0
2025-12-28,0x7d10bd50494ca1094cb706fadee52345b6139cf9,0.0
2025-12-28,0x7df172e521125054caa01d73c4fb4d30360e1079,0.0
2025-12-28,0x7f554a7568293db35a6421759c305fee6b60aa9a,0.0
2025-12-28,0x7f99c1b85c831c60d6f534412e4be78cab94a5e5,0.0
2025-12-28,0x8075c55918a91f5fc1f66fb77a7ca0be67a90233,0.0
2025-12-28,0x84c87d848244e49602f1ce614e46eba81e5f246f,0.0
2025-12-28,0x8633be9e9a5c7c39e9dc9d7ffef0979ce1026e71,0.0
2025-12-28,0x8b6bbe943259e12885529e4d340a0a5822f8d337,0.0
2025-12-28,0x8c298797fb92fb91c1d4a83e5b948f431fe229c6,0.0
2025-12-28,0x8da35b920fe236a757a0fad93d3a3ab8ea0a24cc,0.0
2025-12-28,0x8da66f6ee0eedf4376e471d7a507553296e49c19,0.0
2025-12-28,0x9ab1433913c1014e2166b3c7f039d9528b1fc540,0.0
2025-12-28,0x9e231a8b9c247230cb88befafee97a22ae244ee5,0.0
2025-12-28,0xac82362174a32fbbad61efcb0f02b9016b20c768,0.0
2025-12-28,0xae598104ba092f09470e59e7a4d2349dbbdc3310,0.0
2025-12-28,0xb57d2a1424ff536ef5debb8761662c72f90f9b66,0.0
2025-12-28,0xc32f2f6217d105d17904f8f495aa122baef4a333,0.0
2025-12-28,0xcc18c9473f7117e599b3f2103e794b16ffe7cf44,0.0
2025-12-28,0xcd75160eeafa7227d1eea1dc157f77c3cb0c4688,0.0
2025-12-28,0xd359264dd634edf74d5d00ed06ccc44ab20eeba9,0.0
2025-12-28,0xdf5f43411c47c07ebcf03c16c29f18313e45ca66,0.0
2025-12-28,0xe3abf7f7d29df6d64128794f64ed3d1b15a5e759,0.0
2025-12-28,0xe4922b8eb9bef6f486564a59987f4e1930c53235,0.0
2025-12-28,0xe6cac97e024e8e1d0d01cd5d1c72fcdcfe78be3d,0.0
2025-12-28,0xea8d6a4caaef55c18da4c1efe7303b0f61b0415c,0.0
2025-12-28,0xee2a70532e807259fcfd63274ad4e560dcca2613,0.0
2025-12-28,0xf5397ef04201f76a3e97457bc84f27303df20e80,0.0
2025-12-28,0xf5a89d2608db8fd229a076895f4f8d304e58c3a5,0.0
2025-12-28,0xf9baa2c717f8140d6925d8ff1827abeca1906526,0.0
2025-12-28,0xfaf8dbc45d01261ac417cf3b2843288df47fcacd,0.0
2025-12-28,0xff0034103421a624aa2b2d618fe7602cd6dd3f1d,0.0
2025-12-28,0xff806c084c40bce44d2facba005f8f1887cce7f4,0.0
2025-12-29,0x04be52434eb64addf373137310551ac42013677c,0.0
2025-12-29,0x087cdae4009af7974fb808cd4e01414ebf820ab0,0.0
2025-12-29,0x0c560e8b4c179782ab476dfed8a129b0d64e66e8,0.0
2025-12-29,0x218c56f591abc69c40e96a10e7b69c62c2c406ee,0.0
2025-12-29,0x28cd26d85b4ac655a489aa3f259f81283bd1a804,500.720144
2025-12-29,0x2bcd8898a678050efa5f41f4c6012045dee1b5c3,0.0
2025-12-29,0x2e5b63b36e7b115229d12c88cd47d471c122eddf,0.0
2025-12-29,0x349dd66d555a26d890f6bb996ef1eadf9f65bdd3,0.0
2025-12-29,0x36df841c8c269300335ed74d7729c66bc9dcb37d,0.0
2025-12-29,0x3787e2720296b4e0119e344e1b64291ed5fea398,0.0
2025-12-29,0x3b63bbf52aa94016b61ee8d6809253f915d61411,0.0
2025-12-29,0x3d9f3cc0d52ea543116dfebdf3c77819766a64e2,0.0
2025-12-29,0x422cb45f4dcb3f798b53835f8671288d424d881f,0.0
2025-12-29,0x4784a9b16ba5ccb9fb384c0a68448b9e70d357a6,0.0
2025-12-29,0x480f54f40e35739b6ed1dd0cb64ff881c392ff64,0.0
2025-12-29,0x4813ffe82fe058134762df947a9bf453229a010f,0.0
2025-12-29,0x4d571d89c5b71f720dbd271ac60f574402e76add,0.0
2025-12-29,0x52512f63bfdc0ca4d15e31da6b395c94eb16d563,0.0
2025-12-29,0x583924a6dfa73f20d7cee1f067f56afeccdda38c,0.0
2025-12-29,0x58c659b1c03d03ab6e7cf1ad6781bfe16a39375d,0.0
2025-12-29,0x5ebd6fc47e018d572695a30406aab2094f5739a5,0.0
2025-12-29,0x60a50be186c8fedeee7eb8e4162e8052bda6ba0e,0.0
2025-12-29,0x6194a13d478ba4de00cace380f51190663fd0de0,0.0
2025-12-29,0x64fbb84b9a101227af977ab5916cdead0de630bb,0.0
2025-12-29,0x657dd0353bbab3c31a15bebaefe5708f91599384,0.0
2025-12-29,0x66f069a1aa1838b8f435459683a82ec5c4175be1,0.0
2025-12-29,0x696361910177b630d7d98beb66db2a87210111ea,0.0
2025-12-29,0x6a70e534e6244e34eca9ca8218640f2d4ee49b42,0.0
2025-12-29,0x6b9cee98a4ca6cff357f576fb2a6cb2b5e43c39f,0.0
2025-12-29,0x6f78bc27fa80f127fadb1897f98dde6cfb3c3f94,0.0
2025-12-29,0x7531543d11be70509fd98599cab5e97745dd04ab,0.0
2025-12-29,0x772ca23497f271c6113fce7c53782f35c304790e,0.0
2025-12-29,0x7743b97525bdf503506288463d39b59b69993cfe,0.0
2025-12-29,0x790d41e2f911b6eecad286c04734036929049793,0.0
2025-12-29,0x7a0222dee3519854468f31154a4349c92814875f,0.0
2025-12-29,0x7d10bd50494ca1094cb706fadee52345b6139cf9,0.0
2025-12-29,0x7df172e521125054caa01d73c4fb4d30360e1079,0.0
2025-12-29,0x7f554a7568293db35a6421759c305fee6b60aa9a,0.0
2025-12-29,0x7f99c1b85c831c60d6f534412e4be78cab94a5e5,0.0
2025-12-29,0x8075c55918a91f5fc1f66fb77a7ca0be67a90233,0.0
2025-12-29,0x84c87d848244e49602f1ce614e46eba81e5f246f,0.0
2025-12-29,0x8633be9e9a5c7c39e9dc9d7ffef0979ce1026e71,0.0
2025-12-29,0x8b6bbe943259e12885529e4d340a0a5822f8d337,0.0
2025-12-29,0x8c298797fb92fb91c1d4a83e5b948f431fe229c6,0.0
2025-12-29,0x8da35b920fe236a757a0fad93d3a3ab8ea0a24cc,0.0
2025-12-29,0x8da66f6ee0eedf4376e471d7a507553296e49c19,0.0
2025-12-29,0x9ab1433913c1014e2166b3c7f039d9528b1fc540,0.0
2025-12-29,0x9e231a8b9c247230cb88befafee97a22ae244ee5,0.0
2025-12-29,0xac82362174a32fbbad61efcb0f02b9016b20c768,0.0
2025-12-29,0xae598104ba092f09470e59e7a4d2349dbbdc3310,0.0
2025-12-29,0xb57d2a1424ff536ef5debb8761662c72f90f9b66,0.0
2025-12-29,0xc32f2f6217d105d17904f8f495aa122baef4a333,0.0
2025-12-29,0xcc18c9473f7117e599b3f2103e794b16ffe7cf44,0.0
2025-12-29,0xcd75160eeafa7227d1eea1dc157f77c3cb0c4688,0.0
2025-12-29,0xd359264dd634edf74d5d00ed06ccc44ab20eeba9,0.0
2025-12-29,0xdf5f43411c47c07ebcf03c16c29f18313e45ca66,0.0
2025-12-29,0xe3abf7f7d29df6d64128794f64ed3d1b15a5e759,0.0
2025-12-29,0xe4922b8eb9bef6f486564a59987f4e1930c53235,0.0
2025-12-29,0xe6cac97e024e8e1d0d01cd5d1c72fcdcfe78be3d,0.0
2025-12-29,0xea8d6a4caaef55c18da4c1efe7303b0f61b0415c,0.0
2025-12-29,0xee2a70532e807259fcfd63274ad4e560dcca2613,0.0
2025-12-29,0xf5397ef04201f76a3e97457bc84f27303df20e80,0.0
2025-12-29,0xf5a89d2608db8fd229a076895f4f8d304e58c3a5,0.0
2025-12-29,0xf9baa2c717f8140d6925d8ff1827abeca1906526,0.0
2025-12-29,0xfaf8dbc45d01261ac417cf3b2843288df47fcacd,0.0
2025-12-29,0xff0034103421a624aa2b2d618fe7602cd6dd3f1d,0.0
2025-12-29,0xff806c084c40bce44d2facba005f8f1887cce7f4,0.0
2025-12-30,0x04be52434eb64addf373137310551ac42013677c,0.0
2025-12-30,0x087cdae4009af7974fb808cd4e01414ebf820ab0,0.0
2025-12-30,0x0c560e8b4c179782ab476dfed8a129b0d64e66e8,0.0
2025-12-30,0x218c56f591abc69c40e96a10e7b69c62c2c406ee,0.0
2025-12-30,0x28cd26d85b4ac655a489aa3f259f81283bd1a804,500.74908
2025-12-30,0x2bcd8898a678050efa5f41f4c6012045dee1b5c3,0.0
2025-12-30,0x2e5b63b36e7b115229d12c88cd47d471c122eddf,0.0
2025-12-30,0x349dd66d555a26d890f6bb996ef1eadf9f65bdd3,0.0
2025-12-30,0x36df841c8c269300335ed74d7729c66bc9dcb37d,0.0
2025-12-30,0x3787e2720296b4e0119e344e1b64291ed5fea398,0.0
2025-12-30,0x3b63bbf52aa94016b61ee8d6809253f915d61411,0.0
2025-12-30,0x3d9f3cc0d52ea543116dfebdf3c77819766a64e2,0.0
2025-12-30,0x422cb45f4dcb3f798b53835f8671288d424d881f,0.0
2025-12-30,0x4784a9b16ba5ccb9fb384c0a68448b9e70d357a6,0.0
2025-12-30,0x480f54f40e35739b6ed1dd0cb64ff881c392ff64,0.0
2025-12-30,0x4813ffe82fe058134762df947a9bf453229a010f,0.0
2025-12-30,0x4d571d89c5b71f720dbd271ac60f574402e76add,0.0
2025-12-30,0x52512f63bfdc0ca4d15e31da6b395c94eb16d563,0.0
2025-12-30,0x583924a6dfa73f20d7cee1f067f56afeccdda38c,0.0
2025-12-30,0x58c659b1c03d03ab6e7cf1ad6781bfe16a39375d,0.0
2025-12-30,0x5ebd6fc47e018d572695a30406aab2094f5739a5,0.0
2025-12-30,0x60a50be186c8fedeee7eb8e4162e8052bda6ba0e,0.0
2025-12-30,0x6194a13d478ba4de00cace380f51190663fd0de0,0.0
2025-12-30,0x64fbb84b9a101227af977ab5916cdead0de630bb,0.0
2025-12-30,0x657dd0353bbab3c31a15bebaefe5708f91599384,0.0
2025-12-30,0x66f069a1aa1838b8f435459683a82ec5c4175be1,0.0
2025-12-30,0x696361910177b630d7d98beb66db2a87210111ea,0.0
2025-12-30,0x6a70e534e6244e34eca9ca8218640f2d4ee49b42,0.0
2025-12-30,0x6b9cee98a4ca6cff357f576fb2a6cb2b5e43c39f,0.0
2025-12-30,0x6f78bc27fa80f127fadb1897f98dde6cfb3c3f94,0.0
2025-12-30,0x7531543d11be70509fd98599cab5e97745dd04ab,0.0
2025-12-30,0x772ca23497f271c6113fce7c53782f35c304790e,0.0
2025-12-30,0x7743b97525bdf503506288463d39b59b69993cfe,0.0
2025-12-30,0x790d41e2f911b6eecad286c04734036929049793,0.0
2025-12-30,0x7a0222dee3519854468f31154a4349c92814875f,0.0
2025-12-30,0x7d10bd50494ca1094cb706fadee52345b6139cf9,0.0
2025-12-30,0x7df172e521125054caa01d73c4fb4d30360e1079,0.0
2025-12-30,0x7f554a7568293db35a6421759c305fee6b60aa9a,0.0
2025-12-30,0x7f99c1b85c831c60d6f534412e4be78cab94a5e5,0.0
2025-12-30,0x8075c55918a91f5fc1f66fb77a7ca0be67a90233,0.0
2025-12-30,0x84c87d848244e49602f1ce614e46eba81e5f246f,0.0
2025-12-30,0x8633be9e9a5c7c39e9dc9d7ffef0979ce1026e71,0.0
2025-12-30,0x8b6bbe943259e12885529e4d340a0a5822f8d337,0.0
2025-12-30,0x8c298797fb92fb91c1d4a83e5b948f431fe229c6,0.0
2025-12-30,0x8da35b920fe236a757a0fad93d3a3ab8ea0a24cc,0.0
2025-12-30,0x8da66f6ee0eedf4376e471d7a507553296e49c19,0.0
2025-12-30,0x9ab1433913c1014e2166b3c7f039d9528b1fc540,0.0
2025-12-30,0x9e231a8b9c247230cb88befafee97a22ae244ee5,0.0
2025-12-30,0xac82362174a32fbbad61efcb0f02b9016b20c768,0.0
2025-12-30,0xae598104ba092f09470e59e7a4d2349dbbdc3310,0.0
2025-12-30,0xb57d2a1424ff536ef5debb8761662c72f90f9b66,0.0
2025-12-30,0xc32f2f6217d105d17904f8f495aa122baef4a333,0.0
2025-12-30,0xcc18c9473f7117e599b3f2103e794b16ffe7cf44,0.0
2025-12-30,0xcd75160eeafa7227d1eea1dc157f77c3cb0c4688,0.0
2025-12-30,0xd359264dd634edf74d5d00ed06ccc44ab20eeba9,0.0
2025-12-30,0xdf5f43411c47c07ebcf03c16c29f18313e45ca66,0.0
2025-12-30,0xe3abf7f7d29df6d64128794f64ed3d1b15a5e759,0.0
2025-12-30,0xe4922b8eb9bef6f486564a59987f4e1930c53235,0.0
2025-12-30,0xe6cac97e024e8e1d0d01cd5d1c72fcdcfe78be3d,0.0
2025-12-30,0xea8d6a4caaef55c18da4c1efe7303b0f61b0415c,0.0
2025-12-30,0xee2a70532e807259fcfd63274ad4e560dcca2613,0.0
2025-12-30,0xf5397ef04201f76a3e97457bc84f27303df20e80,0.0
2025-12-30,0xf5a89d2608db8fd229a076895f4f8d304e58c3a5,0.0
2025-12-30,0xf9baa2c717f8140d6925d8ff1827abeca1906526,0.0
2025-12-30,0xfaf8dbc45d01261ac417cf3b2843288df47fcacd,0.0
2025-12-30,0xff0034103421a624aa2b2d618fe7602cd6dd3f1d,0.0
2025-12-30,0xff806c084c40bce44d2facba005f8f1887cce7f4,0.0
2025-12-31,0x04be52434eb64addf373137310551ac42013677c,0.0
2025-12-31,0x087cdae4009af7974fb808cd4e01414ebf820ab0,0.0
2025-12-31,0x0c560e8b4c179782ab476dfed8a129b0d64e66e8,0.0
2025-12-31,0x218c56f591abc69c40e96a10e7b69c62c2c406ee,0.0
2025-12-31,0x28cd26d85b4ac655a489aa3f259f81283bd1a804,500.782504
2025-12-31,0x2bcd8898a678050efa5f41f4c6012045dee1b5c3,0.0
2025-12-31,0x2e5b63b36e7b115229d12c88cd47d471c122eddf,0.0
2025-12-31,0x349dd66d555a26d890f6bb996ef1eadf9f65bdd3,0.0
2025-12-31,0x36df841c8c269300335ed74d7729c66bc9dcb37d,0.0
2025-12-31,0x3787e2720296b4e0119e344e1b64291ed5fea398,0.0
2025-12-31,0x3b63bbf52aa94016b61ee8d6809253f915d61411,0.0
2025-12-31,0x3d9f3cc0d52ea543116dfebdf3c77819766a64e2,0.0
2025-12-31,0x422cb45f4dcb3f798b53835f8671288d424d881f,0.0
2025-12-31,0x4784a9b16ba5ccb9fb384c0a68448b9e70d357a6,0.0
2025-12-31,0x480f54f40e35739b6ed1dd0cb64ff881c392ff64,0.0
2025-12-31,0x4813ffe82fe058134762df947a9bf453229a010f,0.0
2025-12-31,0x4d571d89c5b71f720dbd271ac60f574402e76add,0.0
2025-12-31,0x52512f63bfdc0ca4d15e31da6b395c94eb16d563,0.0
2025-12-31,0x583924a6dfa73f20d7cee1f067f56afeccdda38c,0.0
2025-12-31,0x58c659b1c03d03ab6e7cf1ad6781bfe16a39375d,0.0
2025-12-31,0x5ebd6fc47e018d572695a30406aab2094f5739a5,0.0
2025-12-31,0x60a50be186c8fedeee7eb8e4162e8052bda6ba0e,0.0
2025-12-31,0x6194a13d478ba4de00cace380f51190663fd0de0,0.0
2025-12-31,0x64fbb84b9a101227af977ab5916cdead0de630bb,0.0
2025-12-31,0x657dd0353bbab3c31a15bebaefe5708f91599384,0.0
2025-12-31,0x66f069a1aa1838b8f435459683a82ec5c4175be1,0.0
2025-12-31,0x696361910177b630d7d98beb66db2a87210111ea,0.0
2025-12-31,0x6a70e534e6244e34eca9ca8218640f2d4ee49b42,0.0
2025-12-31,0x6b9cee98a4ca6cff357f576fb2a6cb2b5e43c39f,0.0
2025-12-31,0x6f78bc27fa80f127fadb1897f98dde6cfb3c3f94,0.0
2025-12-31,0x7531543d11be70509fd98599cab5e97745dd04ab,0.0
2025-12-31,0x772ca23497f271c6113fce7c53782f35c304790e,0.0
2025-12-31,0x7743b97525bdf503506288463d39b59b69993cfe,0.0
2025-12-31,0x790d41e2f911b6eecad286c04734036929049793,0.0
2025-12-31,0x7a0222dee3519854468f31154a4349c92814875f,0.0
2025-12-31,0x7d10bd50494ca1094cb706fadee52345b6139cf9,0.0
2025-12-31,0x7df172e521125054caa01d73c4fb4d30360e1079,0.0
2025-12-31,0x7f554a7568293db35a6421759c305fee6b60aa9a,0.0
2025-12-31,0x7f99c1b85c831c60d6f534412e4be78cab94a5e5,0.0
2025-12-31,0x8075c55918a91f5fc1f66fb77a7ca0be67a90233,0.0
2025-12-31,0x84c87d848244e49602f1ce614e46eba81e5f246f,0.0
2025-12-31,0x8633be9e9a5c7c39e9dc9d7ffef0979ce1026e71,0.0
2025-12-31,0x8b6bbe943259e12885529e4d340a0a5822f8d337,0.0
2025-12-31,0x8c298797fb92fb91c1d4a83e5b948f431fe229c6,0.0
2025-12-31,0x8da35b920fe236a757a0fad93d3a3ab8ea0a24cc,0.0
2025-12-31,0x8da66f6ee0eedf4376e471d7a507553296e49c19,0.0
2025-12-31,0x9ab1433913c1014e2166b3c7f039d9528b1fc540,0.0
2025-12-31,0x9e231a8b9c247230cb88befafee97a22ae244ee5,0.0
2025-12-31,0xac82362174a32fbbad61efcb0f02b9016b20c768,0.0
2025-12-31,0xae598104ba092f09470e59e7a4d2349dbbdc3310,0.0
2025-12-31,0xb57d2a1424ff536ef5debb8761662c72f90f9b66,0.0
2025-12-31,0xc32f2f6217d105d17904f8f495aa122baef4a333,0.0
2025-12-31,0xcc18c9473f7117e599b3f2103e794b16ffe7cf44,0.0
2025-12-31,0xcd75160eeafa7227d1eea1dc157f77c3cb0c4688,0.0
2025-12-31,0xd359264dd634edf74d5d00ed06ccc44ab20eeba9,0.0
2025-12-31,0xdf5f43411c47c07ebcf03c16c29f18313e45ca66,0.0
2025-12-31,0xe3abf7f7d29df6d64128794f64ed3d1b15a5e759,0.0
2025-12-31,0xe4922b8eb9bef6f486564a59987f4e1930c53235,0.0
2025-12-31,0xe6cac97e024e8e1d0d01cd5d1c72fcdcfe78be3d,0.0
2025-12-31,0xea8d6a4caaef55c18da4c1efe7303b0f61b0415c,0.0
2025-12-31,0xee2a70532e807259fcfd63274ad4e560dcca2613,0.0
2025-12-31,0xf5397ef04201f76a3e97457bc84f27303df20e80,0.0
2025-12-31,0xf5a89d2608db8fd229a076895f4f8d304e58c3a5,0.0
2025-12-31,0xf9baa2c717f8140d6925d8ff1827abeca1906526,0.0
2025-12-31,0xfaf8dbc45d01261ac417cf3b2843288df47fcacd,0.0
2025-12-31,0xff0034103421a624aa2b2d618fe7602cd6dd3f1d,0.0
2025-12-31,0xff806c084c40bce44d2facba005f8f1887cce7f4,0.0
2026-01-01,0x04be52434eb64addf373137310551ac42013677c,0.0
2026-01-01,0x087cdae4009af7974fb808cd4e01414ebf820ab0,0.0
2026-01-01,0x0c560e8b4c179782ab476dfed8a129b0d64e66e8,0.0
2026-01-01,0x218c56f591abc69c40e96a10e7b69c62c2c406ee,0.0
2026-01-01,0x28cd26d85b4ac655a489aa3f259f81283bd1a804,500.819048
2026-01-01,0x2bcd8898a678050efa5f41f4c6012045dee1b5c3,0.0
2026-01-01,0x2e5b63b36e7b115229d12c88cd47d471c122eddf,0.0
2026-01-01,0x349dd66d555a26d890f6bb996ef1eadf9f65bdd3,0.0
2026-01-01,0x36df841c8c269300335ed74d7729c66bc9dcb37d,0.0
2026-01-01,0x3787e2720296b4e0119e344e1b64291ed5fea398,0.0
2026-01-01,0x3b63bbf52aa94016b61ee8d6809253f915d61411,0.0
2026-01-01,0x3d9f3cc0d52ea543116dfebdf3c77819766a64e2,0.0
2026-01-01,0x422cb45f4dcb3f798b53835f8671288d424d881f,0.0
2026-01-01,0x4784a9b16ba5ccb9fb384c0a68448b9e70d357a6,0.0
2026-01-01,0x480f54f40e35739b6ed1dd0cb64ff881c392ff64,0.0
2026-01-01,0x4813ffe82fe058134762df947a9bf453229a010f,0.0
2026-01-01,0x4d571d89c5b71f720dbd271ac60f574402e76add,0.0
2026-01-01,0x52512f63bfdc0ca4d15e31da6b395c94eb16d563,0.0
2026-01-01,0x583924a6dfa73f20d7cee1f067f56afeccdda38c,0.0
2026-01-01,0x58c659b1c03d03ab6e7cf1ad6781bfe16a39375d,0.0
2026-01-01,0x5ebd6fc47e018d572695a30406aab2094f5739a5,0.0
2026-01-01,0x60a50be186c8fedeee7eb8e4162e8052bda6ba0e,0.0
2026-01-01,0x6194a13d478ba4de00cace380f51190663fd0de0,0.0
2026-01-01,0x64fbb84b9a101227af977ab5916cdead0de630bb,0.0
2026-01-01,0x657dd0353bbab3c31a15bebaefe5708f91599384,0.0
2026-01-01,0x66f069a1aa1838b8f435459683a82ec5c4175be1,0.0
2026-01-01,0x696361910177b630d7d98beb66db2a87210111ea,0.0
2026-01-01,0x6a70e534e6244e34eca9ca8218640f2d4ee49b42,0.0
2026-01-01,0x6b9cee98a4ca6cff357f576fb2a6cb2b5e43c39f,0.0
2026-01-01,0x6f78bc27fa80f127fadb1897f98dde6cfb3c3f94,0.0
2026-01-01,0x7531543d11be70509fd98599cab5e97745dd04ab,0.0
2026-01-01,0x772ca23497f271c6113fce7c53782f35c304790e,0.0
2026-01-01,0x7743b97525bdf503506288463d39b59b69993cfe,0.0
2026-01-01,0x790d41e2f911b6eecad286c04734036929049793,0.0
2026-01-01,0x7a0222dee3519854468f31154a4349c92814875f,0.0
2026-01-01,0x7d10bd50494ca1094cb706fadee52345b6139cf9,0.0
2026-01-01,0x7df172e521125054caa01d73c4fb4d30360e1079,0.0
2026-01-01,0x7f554a7568293db35a6421759c305fee6b60aa9a,0.0
2026-01-01,0x7f99c1b85c831c60d6f534412e4be78cab94a5e5,0.0
2026-01-01,0x8075c55918a91f5fc1f66fb77a7ca0be67a90233,0.0
2026-01-01,0x84c87d848244e49602f1ce614e46eba81e5f246f,0.0
2026-01-01,0x8633be9e9a5c7c39e9dc9d7ffef0979ce1026e71,0.0
2026-01-01,0x8b6bbe943259e12885529e4d340a0a5822f8d337,0.0
2026-01-01,0x8c298797fb92fb91c1d4a83e5b948f431fe229c6,0.0
2026-01-01,0x8da35b920fe236a757a0fad93d3a3ab8ea0a24cc,0.0
2026-01-01,0x8da66f6ee0eedf4376e471d7a507553296e49c19,0.0
2026-01-01,0x9ab1433913c1014e2166b3c7f039d9528b1fc540,0.0
2026-01-01,0x9e231a8b9c247230cb88befafee97a22ae244ee5,0.0
2026-01-01,0xac82362174a32fbbad61efcb0f02b9016b20c768,0.0
2026-01-01,0xae598104ba092f09470e59e7a4d2349dbbdc3310,0.0
2026-01-01,0xb57d2a1424ff536ef5debb8761662c72f90f9b66,0.0
2026-01-01,0xc32f2f6217d105d17904f8f495aa122baef4a333,0.0
2026-01-01,0xcc18c9473f7117e599b3f2103e794b16ffe7cf44,0.0
2026-01-01,0xcd75160eeafa7227d1eea1dc157f77c3cb0c4688,0.0
2026-01-01,0xd359264dd634edf74d5d00ed06ccc44ab20eeba9,0.0
2026-01-01,0xdf5f43411c47c07ebcf03c16c29f18313e45ca66,0.0
2026-01-01,0xe3abf7f7d29df6d64128794f64ed3d1b15a5e759,0.0
2026-01-01,0xe4922b8eb9bef6f486564a59987f4e1930c53235,0.0
2026-01-01,0xe6cac97e024e8e1d0d01cd5d1c72fcdcfe78be3d,0.0
2026-01-01,0xea8d6a4caaef55c18da4c1efe7303b0f61b0415c,0.0
2026-01-01,0xee2a70532e807259fcfd63274ad4e560dcca2613,0.0
2026-01-01,0xf5397ef04201f76a3e97457bc84f27303df20e80,0.0
2026-01-01,0xf5a89d2608db8fd229a076895f4f8d304e58c3a5,0.0
2026-01-01,0xf9baa2c717f8140d6925d8ff1827abeca1906526,0.0
2026-01-01,0xfaf8dbc45d01261ac417cf3b2843288df47fcacd,0.0
2026-01-01,0xff0034103421a624aa2b2d618fe7602cd6dd3f1d,0.0
2026-01-01,0xff806c084c40bce44d2facba005f8f1887cce7f4,0.0
2026-01-02,0x04be52434eb64addf373137310551ac42013677c,0.0
2026-01-02,0x087cdae4009af7974fb808cd4e01414ebf820ab0,0.0
2026-01-02,0x0c560e8b4c179782ab476dfed8a129b0d64e66e8,0.0
2026-01-02,0x218c56f591abc69c40e96a10e7b69c62c2c406ee,0.0
2026-01-02,0x28cd26d85b4ac655a489aa3f259f81283bd1a804,500.847086
2026-01-02,0x2bcd8898a678050efa5f41f4c6012045dee1b5c3,0.0
2026-01-02,0x2e5b63b36e7b115229d12c88cd47d471c122eddf,0.0
2026-01-02,0x349dd66d555a26d890f6bb996ef1eadf9f65bdd3,0.0
2026-01-02,0x36df841c8c269300335ed74d7729c66bc9dcb37d,0.0
2026-01-02,0x3787e2720296b4e0119e344e1b64291ed5fea398,0.0
2026-01-02,0x3b63bbf52aa94016b61ee8d6809253f915d61411,0.0
2026-01-02,0x3d9f3cc0d52ea543116dfebdf3c77819766a64e2,0.0
2026-01-02,0x422cb45f4dcb3f798b53835f8671288d424d881f,0.0
2026-01-02,0x4784a9b16ba5ccb9fb384c0a68448b9e70d357a6,0.0
2026-01-02,0x480f54f40e35739b6ed1dd0cb64ff881c392ff64,0.0
2026-01-02,0x4813ffe82fe058134762df947a9bf453229a010f,0.0
2026-01-02,0x4d571d89c5b71f720dbd271ac60f574402e76add,0.0
2026-01-02,0x52512f63bfdc0ca4d15e31da6b395c94eb16d563,0.0
2026-01-02,0x583924a6dfa73f20d7cee1f067f56afeccdda38c,0.0
2026-01-02,0x58c659b1c03d03ab6e7cf1ad6781bfe16a39375d,0.0
2026-01-02,0x5ebd6fc47e018d572695a30406aab2094f5739a5,0.0
2026-01-02,0x60a50be186c8fedeee7eb8e4162e8052bda6ba0e,0.0
2026-01-02,0x6194a13d478ba4de00cace380f51190663fd0de0,0.0
2026-01-02,0x64fbb84b9a101227af977ab5916cdead0de630bb,0.0
2026-01-02,0x657dd0353bbab3c31a15bebaefe5708f91599384,0.0
2026-01-02,0x66f069a1aa1838b8f435459683a82ec5c4175be1,0.0
2026-01-02,0x696361910177b630d7d98beb66db2a87210111ea,0.0
2026-01-02,0x6a70e534e6244e34eca9ca8218640f2d4ee49b42,0.0
2026-01-02,0x6b9cee98a4ca6cff357f576fb2a6cb2b5e43c39f,0.0
2026-01-02,0x6f78bc27fa80f127fadb1897f98dde6cfb3c3f94,0.0
2026-01-02,0x7531543d11be70509fd98599cab5e97745dd04ab,0.0
2026-01-02,0x772ca23497f271c6113fce7c53782f35c304790e,0.0
2026-01-02,0x7743b97525bdf503506288463d39b59b69993cfe,0.0
2026-01-02,0x790d41e2f911b6eecad286c04734036929049793,0.0
2026-01-02,0x7a0222dee3519854468f31154a4349c92814875f,0.0
2026-01-02,0x7d10bd50494ca1094cb706fadee52345b6139cf9,0.0
2026-01-02,0x7df172e521125054caa01d73c4fb4d30360e1079,0.0
2026-01-02,0x7f554a7568293db35a6421759c305fee6b60aa9a,0.0
2026-01-02,0x7f99c1b85c831c60d6f534412e4be78cab94a5e5,0.0
2026-01-02,0x8075c55918a91f5fc1f66fb77a7ca0be67a90233,0.0
2026-01-02,0x84c87d848244e49602f1ce614e46eba81e5f246f,0.0
2026-01-02,0x8633be9e9a5c7c39e9dc9d7ffef0979ce1026e71,0.0
2026-01-02,0x8b6bbe943259e12885529e4d340a0a5822f8d337,0.0
2026-01-02,0x8c298797fb92fb91c1d4a83e5b948f431fe229c6,0.0
2026-01-02,0x8da35b920fe236a757a0fad93d3a3ab8ea0a24cc,0.0
2026-01-02,0x8da66f6ee0eedf4376e471d7a507553296e49c19,0.0
2026-01-02,0x9ab1433913c1014e2166b3c7f039d9528b1fc540,0.0
2026-01-02,0x9e231a8b9c247230cb88befafee97a22ae244ee5,0.0
2026-01-02,0xac82362174a32fbbad61efcb0f02b9016b20c768,0.0
2026-01-02,0xae598104ba092f09470e59e7a4d2349dbbdc3310,0.0
2026-01-02,0xb57d2a1424ff536ef5debb8761662c72f90f9b66,0.0
2026-01-02,0xc32f2f6217d105d17904f8f495aa122baef4a333,0.0
2026-01-02,0xcc18c9473f7117e599b3f2103e794b16ffe7cf44,0.0
2026-01-02,0xcd75160eeafa7227d1eea1dc157f77c3cb0c4688,0.0
2026-01-02,0xd359264dd634edf74d5d00ed06ccc44ab20eeba9,0.0
2026-01-02,0xdf5f43411c47c07ebcf03c16c29f18313e45ca66,0.0
2026-01-02,0xe3abf7f7d29df6d64128794f64ed3d1b15a5e759,0.0
2026-01-02,0xe4922b8eb9bef6f486564a59987f4e1930c53235,0.0
2026-01-02,0xe6cac97e024e8e1d0d01cd5d1c72fcdcfe78be3d,0.0
2026-01-02,0xea8d6a4caaef55c18da4c1efe7303b0f61b0415c,0.0
2026-01-02,0xee2a70532e807259fcfd63274ad4e560dcca2613,0.0
2026-01-02,0xf5397ef04201f76a3e97457bc84f27303df20e80,0.0
2026-01-02,0xf5a89d2608db8fd229a076895f4f8d304e58c3a5,0.0
2026-01-02,0xf9baa2c717f8140d6925d8ff1827abeca1906526,0.0
2026-01-02,0xfaf8dbc45d01261ac417cf3b2843288df47fcacd,0.0
2026-01-02,0xff0034103421a624aa2b2d618fe7602cd6dd3f1d,0.0
2026-01-02,0xff806c084c40bce44d2facba005f8f1887cce7f4,0.0
2026-01-03,0x04be52434eb64addf373137310551ac42013677c,0.0
2026-01-03,0x087cdae4009af7974fb808cd4e01414ebf820ab0,0.0
2026-01-03,0x0c560e8b4c179782ab476dfed8a129b0d64e66e8,0.0
2026-01-03,0x218c56f591abc69c40e96a10e7b69c62c2c406ee,0.0
2026-01-03,0x28cd26d85b4ac655a489aa3f259f81283bd1a804,500.875871
2026-01-03,0x2bcd8898a678050efa5f41f4c6012045dee1b5c3,0.0
2026-01-03,0x2e5b63b36e7b115229d12c88cd47d471c122eddf,0.0
2026-01-03,0x349dd66d555a26d890f6bb996ef1eadf9f65bdd3,0.0
2026-01-03,0x36df841c8c269300335ed74d7729c66bc9dcb37d,0.0
2026-01-03,0x3787e2720296b4e0119e344e1b64291ed5fea398,0.0
2026-01-03,0x3b63bbf52aa94016b61ee8d6809253f915d61411,0.0
2026-01-03,0x3d9f3cc0d52ea543116dfebdf3c77819766a64e2,0.0
2026-01-03,0x422cb45f4dcb3f798b53835f8671288d424d881f,0.0
2026-01-03,0x4784a9b16ba5ccb9fb384c0a68448b9e70d357a6,0.0
2026-01-03,0x480f54f40e35739b6ed1dd0cb64ff881c392ff64,0.0
2026-01-03,0x4813ffe82fe058134762df947a9bf453229a010f,0.0
2026-01-03,0x4d571d89c5b71f720dbd271ac60f574402e76add,0.0
2026-01-03,0x52512f63bfdc0ca4d15e31da6b395c94eb16d563,0.0
2026-01-03,0x583924a6dfa73f20d7cee1f067f56afeccdda38c,0.0
2026-01-03,0x58c659b1c03d03ab6e7cf1ad6781bfe16a39375d,0.0
2026-01-03,0x5ebd6fc47e018d572695a30406aab2094f5739a5,0.0
2026-01-03,0x60a50be186c8fedeee7eb8e4162e8052bda6ba0e,0.0
2026-01-03,0x6194a13d478ba4de00cace380f51190663fd0de0,0.0
2026-01-03,0x64fbb84b9a101227af977ab5916cdead0de630bb,0.0
2026-01-03,0x657dd0353bbab3c31a15bebaefe5708f91599384,0.0
2026-01-03,0x66f069a1aa1838b8f435459683a82ec5c4175be1,0.0
2026-01-03,0x696361910177b630d7d98beb66db2a87210111ea,0.0
2026-01-03,0x6a70e534e6244e34eca9ca8218640f2d4ee49b42,0.0
2026-01-03,0x6b9cee98a4ca6cff357f576fb2a6cb2b5e43c39f,0.0
2026-01-03,0x6f78bc27fa80f127fadb1897f98dde6cfb3c3f94,0.0
2026-01-03,0x7531543d11be70509fd98599cab5e97745dd04ab,0.0
2026-01-03,0x772ca23497f271c6113fce7c53782f35c304790e,0.0
2026-01-03,0x7743b97525bdf503506288463d39b59b69993cfe,0.0
2026-01-03,0x790d41e2f911b6eecad286c04734036929049793,0.0
2026-01-03,0x7a0222dee3519854468f31154a4349c92814875f,0.0
2026-01-03,0x7d10bd50494ca1094cb706fadee52345b6139cf9,0.0
2026-01-03,0x7df172e521125054caa01d73c4fb4d30360e1079,0.0
2026-01-03,0x7f554a7568293db35a6421759c305fee6b60aa9a,0.0
2026-01-03,0x7f99c1b85c831c60d6f534412e4be78cab94a5e5,0.0
2026-01-03,0x8075c55918a91f5fc1f66fb77a7ca0be67a90233,0.0
2026-01-03,0x84c87d848244e49602f1ce614e46eba81e5f246f,0.0
2026-01-03,0x8633be9e9a5c7c39e9dc9d7ffef0979ce1026e71,0.0
2026-01-03,0x8b6bbe943259e12885529e4d340a0a5822f8d337,0.0
2026-01-03,0x8c298797fb92fb91c1d4a83e5b948f431fe229c6,0.0
2026-01-03,0x8da35b920fe236a757a0fad93d3a3ab8ea0a24cc,0.0
2026-01-03,0x8da66f6ee0eedf4376e471d7a507553296e49c19,0.0
2026-01-03,0x9ab1433913c1014e2166b3c7f039d9528b1fc540,0.0
2026-01-03,0x9e231a8b9c247230cb88befafee97a22ae244ee5,0.0
2026-01-03,0xac82362174a32fbbad61efcb0f02b9016b20c768,0.0
2026-01-03,0xae598104ba092f09470e59e7a4d2349dbbdc3310,0.0
2026-01-03,0xb57d2a1424ff536ef5debb8761662c72f90f9b66,0.0
2026-01-03,0xc32f2f6217d105d17904f8f495aa122baef4a333,0.0
2026-01-03,0xcc18c9473f7117e599b3f2103e794b16ffe7cf44,0.0
2026-01-03,0xcd75160eeafa7227d1eea1dc157f77c3cb0c4688,0.0
2026-01-03,0xd359264dd634edf74d5d00ed06ccc44ab20eeba9,0.0
2026-01-03,0xdf5f43411c47c07ebcf03c16c29f18313e45ca66,0.0
2026-01-03,0xe3abf7f7d29df6d64128794f64ed3d1b15a5e759,0.0
2026-01-03,0xe4922b8eb9bef6f486564a59987f4e1930c53235,0.0
2026-01-03,0xe6cac97e024e8e1d0d01cd5d1c72fcdcfe78be3d,0.0
2026-01-03,0xea8d6a4caaef55c18da4c1efe7303b0f61b0415c,0.0
2026-01-03,0xee2a70532e807259fcfd63274ad4e560dcca2613,0.0
2026-01-03,0xf5397ef04201f76a3e97457bc84f27303df20e80,0.0
2026-01-03,0xf5a89d2608db8fd229a076895f4f8d304e58c3a5,0.0
2026-01-03,0xf9baa2c717f8140d6925d8ff1827abeca1906526,0.0
2026-01-03,0xfaf8dbc45d01261ac417cf3b2843288df47fcacd,0.0
2026-01-03,0xff0034103421a624aa2b2d618fe7602cd6dd3f1d,0.0
2026-01-03,0xff806c084c40bce44d2facba005f8f1887cce7f4,0.0
2026-01-04,0x04be52434eb64addf373137310551ac42013677c,0.0
2026-01-04,0x087cdae4009af7974fb808cd4e01414ebf820ab0,0.0
2026-01-04,0x0c560e8b4c179782ab476dfed8a129b0d64e66e8,0.0
2026-01-04,0x218c56f591abc69c40e96a10e7b69c62c2c406ee,0.0
2026-01-04,0x28cd26d85b4ac655a489aa3f259f81283bd1a804,500.904167
2026-01-04,0x2bcd8898a678050efa5f41f4c6012045dee1b5c3,0.0
2026-01-04,0x2e5b63b36e7b115229d12c88cd47d471c122eddf,0.0
2026-01-04,0x349dd66d555a26d890f6bb996ef1eadf9f65bdd3,0.0
2026-01-04,0x36df841c8c269300335ed74d7729c66bc9dcb37d,0.0
2026-01-04,0x3787e2720296b4e0119e344e1b64291ed5fea398,0.0
2026-01-04,0x3b63bbf52aa94016b61ee8d6809253f915d61411,0.0
2026-01-04,0x3d9f3cc0d52ea543116dfebdf3c77819766a64e2,0.0
2026-01-04,0x422cb45f4dcb3f798b53835f8671288d424d881f,0.0
2026-01-04,0x4784a9b16ba5ccb9fb384c0a68448b9e70d357a6,0.0
2026-01-04,0x480f54f40e35739b6ed1dd0cb64ff881c392ff64,0.0
2026-01-04,0x4813ffe82fe058134762df947a9bf453229a010f,0.0
2026-01-04,0x4d571d89c5b71f720dbd271ac60f574402e76add,0.0
2026-01-04,0x52512f63bfdc0ca4d15e31da6b395c94eb16d563,0.0
2026-01-04,0x583924a6dfa73f20d7cee1f067f56afeccdda38c,0.0
2026-01-04,0x58c659b1c03d03ab6e7cf1ad6781bfe16a39375d,0.0
2026-01-04,0x5ebd6fc47e018d572695a30406aab2094f5739a5,0.0
2026-01-04,0x60a50be186c8fedeee7eb8e4162e8052bda6ba0e,0.0
2026-01-04,0x6194a13d478ba4de00cace380f51190663fd0de0,0.0
2026-01-04,0x64fbb84b9a101227af977ab5916cdead0de630bb,0.0
2026-01-04,0x657dd0353bbab3c31a15bebaefe5708f91599384,0.0
2026-01-04,0x66f069a1aa1838b8f435459683a82ec5c4175be1,0.0
2026-01-04,0x696361910177b630d7d98beb66db2a87210111ea,0.0
2026-01-04,0x6a70e534e6244e34eca9ca8218640f2d4ee49b42,0.0
2026-01-04,0x6b9cee98a4ca6cff357f576fb2a6cb2b5e43c39f,0.0
2026-01-04,0x6f78bc27fa80f127fadb1897f98dde6cfb3c3f94,0.0
2026-01-04,0x7531543d11be70509fd98599cab5e97745dd04ab,0.0
2026-01-04,0x772ca23497f271c6113fce7c53782f35c304790e,0.0
2026-01-04,0x7743b97525bdf503506288463d39b59b69993cfe,0.0
2026-01-04,0x790d41e2f911b6eecad286c04734036929049793,0.0
2026-01-04,0x7a0222dee3519854468f31154a4349c92814875f,0.0
2026-01-04,0x7d10bd50494ca1094cb706fadee52345b6139cf9,0.0
2026-01-04,0x7df172e521125054caa01d73c4fb4d30360e1079,0.0
2026-01-04,0x7f554a7568293db35a6421759c305fee6b60aa9a,0.0
2026-01-04,0x7f99c1b85c831c60d6f534412e4be78cab94a5e5,0.0
2026-01-04,0x8075c55918a91f5fc1f66fb77a7ca0be67a90233,0.0
2026-01-04,0x84c87d848244e49602f1ce614e46eba81e5f246f,0.0
2026-01-04,0x8633be9e9a5c7c39e9dc9d7ffef0979ce1026e71,0.0
2026-01-04,0x8b6bbe943259e12885529e4d340a0a5822f8d337,0.0
2026-01-04,0x8c298797fb92fb91c1d4a83e5b948f431fe229c6,0.0
2026-01-04,0x8da35b920fe236a757a0fad93d3a3ab8ea0a24cc,0.0
2026-01-04,0x8da66f6ee0eedf4376e471d7a507553296e49c19,0.0
2026-01-04,0x9ab1433913c1014e2166b3c7f039d9528b1fc540,0.0
2026-01-04,0x9e231a8b9c247230cb88befafee97a22ae244ee5,0.0
2026-01-04,0xac82362174a32fbbad61efcb0f02b9016b20c768,0.0
2026-01-04,0xae598104ba092f09470e59e7a4d2349dbbdc3310,0.0
2026-01-04,0xb57d2a1424ff536ef5debb8761662c72f90f9b66,0.0
2026-01-04,0xc32f2f6217d105d17904f8f495aa122baef4a333,0.0
2026-01-04,0xcc18c9473f7117e599b3f2103e794b16ffe7cf44,0.0
2026-01-04,0xcd75160eeafa7227d1eea1dc157f77c3cb0c4688,0.0
2026-01-04,0xd359264dd634edf74d5d00ed06ccc44ab20eeba9,0.0
2026-01-04,0xdf5f43411c47c07ebcf03c16c29f18313e45ca66,0.0
2026-01-04,0xe3abf7f7d29df6d64128794f64ed3d1b15a5e759,0.0
2026-01-04,0xe4922b8eb9bef6f486564a59987f4e1930c53235,0.0
2026-01-04,0xe6cac97e024e8e1d0d01cd5d1c72fcdcfe78be3d,0.0
2026-01-04,0xea8d6a4caaef55c18da4c1efe7303b0f61b0415c,0.0
2026-01-04,0xee2a70532e807259fcfd63274ad4e560dcca2613,0.0
2026-01-04,0xf5397ef04201f76a3e97457bc84f27303df20e80,0.0
2026-01-04,0xf5a89d2608db8fd229a076895f4f8d304e58c3a5,0.0
2026-01-04,0xf9baa2c717f8140d6925d8ff1827abeca1906526,0.0
2026-01-04,0xfaf8dbc45d01261ac417cf3b2843288df47fcacd,0.0
2026-01-04,0xff0034103421a624aa2b2d618fe7602cd6dd3f1d,0.0
2026-01-04,0xff806c084c40bce44d2facba005f8f1887cce7f4,0.0
2026-01-05,0x04be52434eb64addf373137310551ac42013677c,0.0
2026-01-05,0x087cdae4009af7974fb808cd4e01414ebf820ab0,0.0
2026-01-05,0x0c560e8b4c179782ab476dfed8a129b0d64e66e8,0.0
2026-01-05,0x218c56f591abc69c40e96a10e7b69c62c2c406ee,0.0
2026-01-05,0x28cd26d85b4ac655a489aa3f259f81283bd1a804,500.931781
2026-01-05,0x2bcd8898a678050efa5f41f4c6012045dee1b5c3,0.0
2026-01-05,0x2e5b63b36e7b115229d12c88cd47d471c122eddf,0.0
2026-01-05,0x349dd66d555a26d890f6bb996ef1eadf9f65bdd3,0.0
2026-01-05,0x36df841c8c269300335ed74d7729c66bc9dcb37d,0.0
2026-01-05,0x3787e2720296b4e0119e344e1b64291ed5fea398,0.0
2026-01-05,0x3b63bbf52aa94016b61ee8d6809253f915d61411,0.0
2026-01-05,0x3d9f3cc0d52ea543116dfebdf3c77819766a64e2,0.0
2026-01-05,0x422cb45f4dcb3f798b53835f8671288d424d881f,0.0
2026-01-05,0x4784a9b16ba5ccb9fb384c0a68448b9e70d357a6,0.0
2026-01-05,0x480f54f40e35739b6ed1dd0cb64ff881c392ff64,0.0
2026-01-05,0x4813ffe82fe058134762df947a9bf453229a010f,0.0
2026-01-05,0x4d571d89c5b71f720dbd271ac60f574402e76add,0.0
2026-01-05,0x52512f63bfdc0ca4d15e31da6b395c94eb16d563,0.0
2026-01-05,0x583924a6dfa73f20d7cee1f067f56afeccdda38c,0.0
2026-01-05,0x58c659b1c03d03ab6e7cf1ad6781bfe16a39375d,0.0
2026-01-05,0x5ebd6fc47e018d572695a30406aab2094f5739a5,0.0
2026-01-05,0x60a50be186c8fedeee7eb8e4162e8052bda6ba0e,0.0
2026-01-05,0x6194a13d478ba4de00cace380f51190663fd0de0,0.0
2026-01-05,0x64fbb84b9a101227af977ab5916cdead0de630bb,0.0
2026-01-05,0x657dd0353bbab3c31a15bebaefe5708f91599384,0.0
2026-01-05,0x66f069a1aa1838b8f435459683a82ec5c4175be1,0.0
2026-01-05,0x696361910177b630d7d98beb66db2a87210111ea,0.0
2026-01-05,0x6a70e534e6244e34eca9ca8218640f2d4ee49b42,0.0
2026-01-05,0x6b9cee98a4ca6cff357f576fb2a6cb2b5e43c39f,0.0
2026-01-05,0x6f78bc27fa80f127fadb1897f98dde6cfb3c3f94,0.0
2026-01-05,0x7531543d11be70509fd98599cab5e97745dd04ab,0.0
2026-01-05,0x772ca23497f271c6113fce7c53782f35c304790e,0.0
2026-01-05,0x7743b97525bdf503506288463d39b59b69993cfe,0.0
2026-01-05,0x790d41e2f911b6eecad286c04734036929049793,0.0
2026-01-05,0x7a0222dee3519854468f31154a4349c92814875f,0.0
2026-01-05,0x7d10bd50494ca1094cb706fadee52345b6139cf9,0.0
2026-01-05,0x7df172e521125054caa01d73c4fb4d30360e1079,0.0
2026-01-05,0x7f554a7568293db35a6421759c305fee6b60aa9a,0.0
2026-01-05,0x7f99c1b85c831c60d6f534412e4be78cab94a5e5,0.0
2026-01-05,0x8075c55918a91f5fc1f66fb77a7ca0be67a90233,0.0
2026-01-05,0x84c87d848244e49602f1ce614e46eba81e5f246f,0.0
2026-01-05,0x8633be9e9a5c7c39e9dc9d7ffef0979ce1026e71,0.0
2026-01-05,0x8b6bbe943259e12885529e4d340a0a5822f8d337,0.0
2026-01-05,0x8c298797fb92fb91c1d4a83e5b948f431fe229c6,0.0
2026-01-05,0x8da35b920fe236a757a0fad93d3a3ab8ea0a24cc,0.0
2026-01-05,0x8da66f6ee0eedf4376e471d7a507553296e49c19,0.0
2026-01-05,0x9ab1433913c1014e2166b3c7f039d9528b1fc540,0.0
2026-01-05,0x9e231a8b9c247230cb88befafee97a22ae244ee5,0.0
2026-01-05,0xac82362174a32fbbad61efcb0f02b9016b20c768,0.0
2026-01-05,0xae598104ba092f09470e59e7a4d2349dbbdc3310,0.0
2026-01-05,0xb57d2a1424ff536ef5debb8761662c72f90f9b66,0.0
2026-01-05,0xc32f2f6217d105d17904f8f495aa122baef4a333,0.0
2026-01-05,0xcc18c9473f7117e599b3f2103e794b16ffe7cf44,0.0
2026-01-05,0xcd75160eeafa7227d1eea1dc157f77c3cb0c4688,0.0
2026-01-05,0xd359264dd634edf74d5d00ed06ccc44ab20eeba9,0.0
2026-01-05,0xdf5f43411c47c07ebcf03c16c29f18313e45ca66,0.0
2026-01-05,0xe3abf7f7d29df6d64128794f64ed3d1b15a5e759,0.0
2026-01-05,0xe4922b8eb9bef6f486564a59987f4e1930c53235,0.0
2026-01-05,0xe6cac97e024e8e1d0d01cd5d1c72fcdcfe78be3d,0.0
2026-01-05,0xea8d6a4caaef55c18da4c1efe7303b0f61b0415c,0.0
2026-01-05,0xee2a70532e807259fcfd63274ad4e560dcca2613,0.0
2026-01-05,0xf5397ef04201f76a3e97457bc84f27303df20e80,0.0
2026-01-05,0xf5a89d2608db8fd229a076895f4f8d304e58c3a5,0.0
2026-01-05,0xf9baa2c717f8140d6925d8ff1827abeca1906526,0.0
2026-01-05,0xfaf8dbc45d01261ac417cf3b2843288df47fcacd,0.0
2026-01-05,0xff0034103421a624aa2b2d618fe7602cd6dd3f1d,0.0
2026-01-05,0xff806c084c40bce44d2facba005f8f1887cce7f4,0.0
2026-01-06,0x04be52434eb64addf373137310551ac42013677c,0.0
2026-01-06,0x087cdae4009af7974fb808cd4e01414ebf820ab0,0.0
2026-01-06,0x0c560e8b4c179782ab476dfed8a129b0d64e66e8,0.0
2026-01-06,0x218c56f591abc69c40e96a10e7b69c62c2c406ee,0.0
2026-01-06,0x28cd26d85b4ac655a489aa3f259f81283bd1a804,500.959063
2026-01-06,0x2bcd8898a678050efa5f41f4c6012045dee1b5c3,0.0
2026-01-06,0x2e5b63b36e7b115229d12c88cd47d471c122eddf,0.0
2026-01-06,0x349dd66d555a26d890f6bb996ef1eadf9f65bdd3,0.0
2026-01-06,0x36df841c8c269300335ed74d7729c66bc9dcb37d,0.0
2026-01-06,0x3787e2720296b4e0119e344e1b64291ed5fea398,0.0
2026-01-06,0x3b63bbf52aa94016b61ee8d6809253f915d61411,0.0
2026-01-06,0x3d9f3cc0d52ea543116dfebdf3c77819766a64e2,0.0
2026-01-06,0x422cb45f4dcb3f798b53835f8671288d424d881f,0.0
2026-01-06,0x4784a9b16ba5ccb9fb384c0a68448b9e70d357a6,0.0
2026-01-06,0x480f54f40e35739b6ed1dd0cb64ff881c392ff64,0.0
2026-01-06,0x4813ffe82fe058134762df947a9bf453229a010f,0.0
2026-01-06,0x4d571d89c5b71f720dbd271ac60f574402e76add,0.0
2026-01-06,0x52512f63bfdc0ca4d15e31da6b395c94eb16d563,0.0
2026-01-06,0x583924a6dfa73f20d7cee1f067f56afeccdda38c,0.0
2026-01-06,0x58c659b1c03d03ab6e7cf1ad6781bfe16a39375d,0.0
2026-01-06,0x5ebd6fc47e018d572695a30406aab2094f5739a5,0.0
2026-01-06,0x60a50be186c8fedeee7eb8e4162e8052bda6ba0e,0.0
2026-01-06,0x6194a13d478ba4de00cace380f51190663fd0de0,0.0
2026-01-06,0x64fbb84b9a101227af977ab5916cdead0de630bb,0.0
2026-01-06,0x657dd0353bbab3c31a15bebaefe5708f91599384,0.0
2026-01-06,0x66f069a1aa1838b8f435459683a82ec5c4175be1,0.0
2026-01-06,0x696361910177b630d7d98beb66db2a87210111ea,0.0
2026-01-06,0x6a70e534e6244e34eca9ca8218640f2d4ee49b42,0.0
2026-01-06,0x6b9cee98a4ca6cff357f576fb2a6cb2b5e43c39f,0.0
2026-01-06,0x6f78bc27fa80f127fadb1897f98dde6cfb3c3f94,0.0
2026-01-06,0x7531543d11be70509fd98599cab5e97745dd04ab,0.0
2026-01-06,0x772ca23497f271c6113fce7c53782f35c304790e,0.0
2026-01-06,0x7743b97525bdf503506288463d39b59b69993cfe,0.0
2026-01-06,0x790d41e2f911b6eecad286c04734036929049793,0.0
2026-01-06,0x7a0222dee3519854468f31154a4349c92814875f,0.0
2026-01-06,0x7d10bd50494ca1094cb706fadee52345b6139cf9,0.0
2026-01-06,0x7df172e521125054caa01d73c4fb4d30360e1079,0.0
2026-01-06,0x7f554a7568293db35a6421759c305fee6b60aa9a,0.0
2026-01-06,0x7f99c1b85c831c60d6f534412e4be78cab94a5e5,0.0
2026-01-06,0x8075c55918a91f5fc1f66fb77a7ca0be67a90233,0.0
2026-01-06,0x84c87d848244e49602f1ce614e46eba81e5f246f,0.0
2026-01-06,0x8633be9e9a5c7c39e9dc9d7ffef0979ce1026e71,0.0
2026-01-06,0x8b6bbe943259e12885529e4d340a0a5822f8d337,0.0
2026-01-06,0x8c298797fb92fb91c1d4a83e5b948f431fe229c6,0.0
2026-01-06,0x8da35b920fe236a757a0fad93d3a3ab8ea0a24cc,0.0
2026-01-06,0x8da66f6ee0eedf4376e471d7a507553296e49c19,0.0
2026-01-06,0x9ab1433913c1014e2166b3c7f039d9528b1fc540,0.0
2026-01-06,0x9e231a8b9c247230cb88befafee97a22ae244ee5,0.0
2026-01-06,0xac82362174a32fbbad61efcb0f02b9016b20c768,0.0
2026-01-06,0xae598104ba092f09470e59e7a4d2349dbbdc3310,0.0
2026-01-06,0xb57d2a1424ff536ef5debb8761662c72f90f9b66,0.0
2026-01-06,0xc32f2f6217d105d17904f8f495aa122baef4a333,0.0
2026-01-06,0xcc18c9473f7117e599b3f2103e794b16ffe7cf44,0.0
2026-01-06,0xcd75160eeafa7227d1eea1dc157f77c3cb0c4688,0.0
2026-01-06,0xd359264dd634edf74d5d00ed06ccc44ab20eeba9,0.0
2026-01-06,0xdf5f43411c47c07ebcf03c16c29f18313e45ca66,0.0
2026-01-06,0xe3abf7f7d29df6d64128794f64ed3d1b15a5e759,0.0
2026-01-06,0xe4922b8eb9bef6f486564a59987f4e1930c53235,0.0
2026-01-06,0xe6cac97e024e8e1d0d01cd5d1c72fcdcfe78be3d,0.0
2026-01-06,0xea8d6a4caaef55c18da4c1efe7303b0f61b0415c,0.0
2026-01-06,0xee2a70532e807259fcfd63274ad4e560dcca2613,0.0
2026-01-06,0xf5397ef04201f76a3e97457bc84f27303df20e80,0.0
2026-01-06,0xf5a89d2608db8fd229a076895f4f8d304e58c3a5,0.0
2026-01-06,0xf9baa2c717f8140d6925d8ff1827abeca1906526,0.0
2026-01-06,0xfaf8dbc45d01261ac417cf3b2843288df47fcacd,0.0
2026-01-06,0xff0034103421a624aa2b2d618fe7602cd6dd3f1d,0.0
2026-01-06,0xff806c084c40bce44d2facba005f8f1887cce7f4,0.0
2026-01-07,0x04be52434eb64addf373137310551ac42013677c,0.0
2026-01-07,0x087cdae4009af7974fb808cd4e01414ebf820ab0,0.0
2026-01-07,0x0c560e8b4c179782ab476dfed8a129b0d64e66e8,0.0
2026-01-07,0x218c56f591abc69c40e96a10e7b69c62c2c406ee,0.0
2026-01-07,0x28cd26d85b4ac655a489aa3f259f81283bd1a804,500.985162
2026-01-07,0x2bcd8898a678050efa5f41f4c6012045dee1b5c3,0.0
2026-01-07,0x2e5b63b36e7b115229d12c88cd47d471c122eddf,0.0
2026-01-07,0x349dd66d555a26d890f6bb996ef1eadf9f65bdd3,0.0
2026-01-07,0x36df841c8c269300335ed74d7729c66bc9dcb37d,0.0
2026-01-07,0x3787e2720296b4e0119e344e1b64291ed5fea398,0.0
2026-01-07,0x3b63bbf52aa94016b61ee8d6809253f915d61411,0.0
2026-01-07,0x3d9f3cc0d52ea543116dfebdf3c77819766a64e2,0.0
2026-01-07,0x422cb45f4dcb3f798b53835f8671288d424d881f,0.0
2026-01-07,0x4784a9b16ba5ccb9fb384c0a68448b9e70d357a6,0.0
2026-01-07,0x480f54f40e35739b6ed1dd0cb64ff881c392ff64,0.0
2026-01-07,0x4813ffe82fe058134762df947a9bf453229a010f,0.0
2026-01-07,0x4d571d89c5b71f720dbd271ac60f574402e76add,0.0
2026-01-07,0x52512f63bfdc0ca4d15e31da6b395c94eb16d563,0.0
2026-01-07,0x583924a6dfa73f20d7cee1f067f56afeccdda38c,0.0
2026-01-07,0x58c659b1c03d03ab6e7cf1ad6781bfe16a39375d,0.0
2026-01-07,0x5ebd6fc47e018d572695a30406aab2094f5739a5,0.0
2026-01-07,0x60a50be186c8fedeee7eb8e4162e8052bda6ba0e,0.0
2026-01-07,0x6194a13d478ba4de00cace380f51190663fd0de0,0.0
2026-01-07,0x64fbb84b9a101227af977ab5916cdead0de630bb,0.0
2026-01-07,0x657dd0353bbab3c31a15bebaefe5708f91599384,0.0
2026-01-07,0x66f069a1aa1838b8f435459683a82ec5c4175be1,0.0
2026-01-07,0x696361910177b630d7d98beb66db2a87210111ea,0.0
2026-01-07,0x6a70e534e6244e34eca9ca8218640f2d4ee49b42,0.0
2026-01-07,0x6b9cee98a4ca6cff357f576fb2a6cb2b5e43c39f,0.0
2026-01-07,0x6f78bc27fa80f127fadb1897f98dde6cfb3c3f94,0.0
2026-01-07,0x7531543d11be70509fd98599cab5e97745dd04ab,0.0
2026-01-07,0x772ca23497f271c6113fce7c53782f35c304790e,0.0
2026-01-07,0x7743b97525bdf503506288463d39b59b69993cfe,0.0
2026-01-07,0x790d41e2f911b6eecad286c04734036929049793,0.0
2026-01-07,0x7a0222dee3519854468f31154a4349c92814875f,0.0
2026-01-07,0x7d10bd50494ca1094cb706fadee52345b6139cf9,0.0
2026-01-07,0x7df172e521125054caa01d73c4fb4d30360e1079,0.0
2026-01-07,0x7f554a7568293db35a6421759c305fee6b60aa9a,0.0
2026-01-07,0x7f99c1b85c831c60d6f534412e4be78cab94a5e5,0.0
2026-01-07,0x8075c55918a91f5fc1f66fb77a7ca0be67a90233,0.0
2026-01-07,0x84c87d848244e49602f1ce614e46eba81e5f246f,0.0
2026-01-07,0x8633be9e9a5c7c39e9dc9d7ffef0979ce1026e71,0.0
2026-01-07,0x8b6bbe943259e12885529e4d340a0a5822f8d337,0.0
2026-01-07,0x8c298797fb92fb91c1d4a83e5b948f431fe229c6,0.0
2026-01-07,0x8da35b920fe236a757a0fad93d3a3ab8ea0a24cc,0.0
2026-01-07,0x8da66f6ee0eedf4376e471d7a507553296e49c19,0.0
2026-01-07,0x9ab1433913c1014e2166b3c7f039d9528b1fc540,0.0
2026-01-07,0x9e231a8b9c247230cb88befafee97a22ae244ee5,0.0
2026-01-07,0xac82362174a32fbbad61efcb0f02b9016b20c768,0.0
2026-01-07,0xae598104ba092f09470e59e7a4d2349dbbdc3310,0.0
2026-01-07,0xb57d2a1424ff536ef5debb8761662c72f90f9b66,0.0
2026-01-07,0xc32f2f6217d105d17904f8f495aa122baef4a333,0.0
2026-01-07,0xcc18c9473f7117e599b3f2103e794b16ffe7cf44,0.0
2026-01-07,0xcd75160eeafa7227d1eea1dc157f77c3cb0c4688,0.0
2026-01-07,0xd359264dd634edf74d5d00ed06ccc44ab20eeba9,0.0
2026-01-07,0xdf5f43411c47c07ebcf03c16c29f18313e45ca66,0.0
2026-01-07,0xe3abf7f7d29df6d64128794f64ed3d1b15a5e759,0.0
2026-01-07,0xe4922b8eb9bef6f486564a59987f4e1930c53235,0.0
2026-01-07,0xe6cac97e024e8e1d0d01cd5d1c72fcdcfe78be3d,0.0
2026-01-07,0xea8d6a4caaef55c18da4c1efe7303b0f61b0415c,0.0
2026-01-07,0xee2a70532e807259fcfd63274ad4e560dcca2613,0.0
2026-01-07,0xf5397ef04201f76a3e97457bc84f27303df20e80,0.0
2026-01-07,0xf5a89d2608db8fd229a076895f4f8d304e58c3a5,0.0
2026-01-07,0xf9baa2c717f8140d6925d8ff1827abeca1906526,0.0
2026-01-07,0xfaf8dbc45d01261ac417cf3b2843288df47fcacd,0.0
2026-01-07,0xff0034103421a624aa2b2d618fe7602cd6dd3f1d,0.0
2026-01-07,0xff806c084c40bce44d2facba005f8f1887cce7f4,0.0
2026-01-08,0x04be52434eb64addf373137310551ac42013677c,0.0
2026-01-08,0x087cdae4009af7974fb808cd4e01414ebf820ab0,0.0
2026-01-08,0x0c560e8b4c179782ab476dfed8a129b0d64e66e8,0.0
2026-01-08,0x218c56f591abc69c40e96a10e7b69c62c2c406ee,0.0
2026-01-08,0x28cd26d85b4ac655a489aa3f259f81283bd1a804,501.01123
2026-01-08,0x2bcd8898a678050efa5f41f4c6012045dee1b5c3,0.0
2026-01-08,0x2e5b63b36e7b115229d12c88cd47d471c122eddf,0.0
2026-01-08,0x349dd66d555a26d890f6bb996ef1eadf9f65bdd3,0.0
2026-01-08,0x36df841c8c269300335ed74d7729c66bc9dcb37d,0.0
2026-01-08,0x3787e2720296b4e0119e344e1b64291ed5fea398,0.0
2026-01-08,0x3b63bbf52aa94016b61ee8d6809253f915d61411,0.0
2026-01-08,0x3d9f3cc0d52ea543116dfebdf3c77819766a64e2,0.0
2026-01-08,0x422cb45f4dcb3f798b53835f8671288d424d881f,0.0
2026-01-08,0x4784a9b16ba5ccb9fb384c0a68448b9e70d357a6,0.0
2026-01-08,0x480f54f40e35739b6ed1dd0cb64ff881c392ff64,0.0
2026-01-08,0x4813ffe82fe058134762df947a9bf453229a010f,0.0
2026-01-08,0x4d571d89c5b71f720dbd271ac60f574402e76add,0.0
2026-01-08,0x52512f63bfdc0ca4d15e31da6b395c94eb16d563,0.0
2026-01-08,0x583924a6dfa73f20d7cee1f067f56afeccdda38c,0.0
2026-01-08,0x58c659b1c03d03ab6e7cf1ad6781bfe16a39375d,0.0
2026-01-08,0x5ebd6fc47e018d572695a30406aab2094f5739a5,0.0
2026-01-08,0x60a50be186c8fedeee7eb8e4162e8052bda6ba0e,0.0
2026-01-08,0x6194a13d478ba4de00cace380f51190663fd0de0,0.0
2026-01-08,0x64fbb84b9a101227af977ab5916cdead0de630bb,0.0
2026-01-08,0x657dd0353bbab3c31a15bebaefe5708f91599384,0.0
2026-01-08,0x66f069a1aa1838b8f435459683a82ec5c4175be1,0.0
2026-01-08,0x696361910177b630d7d98beb66db2a87210111ea,0.0
2026-01-08,0x6a70e534e6244e34eca9ca8218640f2d4ee49b42,0.0
2026-01-08,0x6b9cee98a4ca6cff357f576fb2a6cb2b5e43c39f,0.0
2026-01-08,0x6f78bc27fa80f127fadb1897f98dde6cfb3c3f94,0.0
2026-01-08,0x7531543d11be70509fd98599cab5e97745dd04ab,0.0
2026-01-08,0x772ca23497f271c6113fce7c53782f35c304790e,0.0
2026-01-08,0x7743b97525bdf503506288463d39b59b69993cfe,0.0
2026-01-08,0x790d41e2f911b6eecad286c04734036929049793,0.0
2026-01-08,0x7a0222dee3519854468f31154a4349c92814875f,0.0
2026-01-08,0x7d10bd50494ca1094cb706fadee52345b6139cf9,0.0
2026-01-08,0x7df172e521125054caa01d73c4fb4d30360e1079,0.0
2026-01-08,0x7f554a7568293db35a6421759c305fee6b60aa9a,0.0
2026-01-08,0x7f99c1b85c831c60d6f534412e4be78cab94a5e5,0.0
2026-01-08,0x8075c55918a91f5fc1f66fb77a7ca0be67a90233,0.0
2026-01-08,0x84c87d848244e49602f1ce614e46eba81e5f246f,0.0
2026-01-08,0x8633be9e9a5c7c39e9dc9d7ffef0979ce1026e71,0.0
2026-01-08,0x8b6bbe943259e12885529e4d340a0a5822f8d337,0.0
2026-01-08,0x8c298797fb92fb91c1d4a83e5b948f431fe229c6,0.0
2026-01-08,0x8da35b920fe236a757a0fad93d3a3ab8ea0a24cc,0.0
2026-01-08,0x8da66f6ee0eedf4376e471d7a507553296e49c19,0.0
2026-01-08,0x9ab1433913c1014e2166b3c7f039d9528b1fc540,0.0
2026-01-08,0x9e231a8b9c247230cb88befafee97a22ae244ee5,0.0
2026-01-08,0xac82362174a32fbbad61efcb0f02b9016b20c768,0.0
2026-01-08,0xae598104ba092f09470e59e7a4d2349dbbdc3310,0.0
2026-01-08,0xb57d2a1424ff536ef5debb8761662c72f90f9b66,0.0
2026-01-08,0xc32f2f6217d105d17904f8f495aa122baef4a333,0.0
2026-01-08,0xcc18c9473f7117e599b3f2103e794b16ffe7cf44,0.0
2026-01-08,0xcd75160eeafa7227d1eea1dc157f77c3cb0c4688,0.0
2026-01-08,0xd359264dd634edf74d5d00ed06ccc44ab20eeba9,0.0
2026-01-08,0xdf5f43411c47c07ebcf03c16c29f18313e45ca66,0.0
2026-01-08,0xe3abf7f7d29df6d64128794f64ed3d1b15a5e759,0.0
2026-01-08,0xe4922b8eb9bef6f486564a59987f4e1930c53235,0.0
2026-01-08,0xe6cac97e024e8e1d0d01cd5d1c72fcdcfe78be3d,0.0
2026-01-08,0xea8d6a4caaef55c18da4c1efe7303b0f61b0415c,0.0
2026-01-08,0xee2a70532e807259fcfd63274ad4e560dcca2613,0.0
2026-01-08,0xf5397ef04201f76a3e97457bc84f27303df20e80,0.0
2026-01-08,0xf5a89d2608db8fd229a076895f4f8d304e58c3a5,0.0
2026-01-08,0xf9baa2c717f8140d6925d8ff1827abeca1906526,0.0
2026-01-08,0xfaf8dbc45d01261ac417cf3b2843288df47fcacd,0.0
2026-01-08,0xff0034103421a624aa2b2d618fe7602cd6dd3f1d,0.0
2026-01-08,0xff806c084c40bce44d2facba005f8f1887cce7f4,0.0
2026-01-09,0x04be52434eb64addf373137310551ac42013677c,0.0
2026-01-09,0x087cdae4009af7974fb808cd4e01414ebf820ab0,0.0
2026-01-09,0x0c560e8b4c179782ab476dfed8a129b0d64e66e8,0.0
2026-01-09,0x218c56f591abc69c40e96a10e7b69c62c2c406ee,0.0
2026-01-09,0x28cd26d85b4ac655a489aa3f259f81283bd1a804,501.036995
2026-01-09,0x2bcd8898a678050efa5f41f4c6012045dee1b5c3,0.0
2026-01-09,0x2e5b63b36e7b115229d12c88cd47d471c122eddf,0.0
2026-01-09,0x349dd66d555a26d890f6bb996ef1eadf9f65bdd3,0.0
2026-01-09,0x36df841c8c269300335ed74d7729c66bc9dcb37d,0.0
2026-01-09,0x3787e2720296b4e0119e344e1b64291ed5fea398,0.0
2026-01-09,0x3b63bbf52aa94016b61ee8d6809253f915d61411,0.0
2026-01-09,0x3d9f3cc0d52ea543116dfebdf3c77819766a64e2,0.0
2026-01-09,0x422cb45f4dcb3f798b53835f8671288d424d881f,0.0
2026-01-09,0x4784a9b16ba5ccb9fb384c0a68448b9e70d357a6,0.0
2026-01-09,0x480f54f40e35739b6ed1dd0cb64ff881c392ff64,0.0
2026-01-09,0x4813ffe82fe058134762df947a9bf453229a010f,0.0
2026-01-09,0x4d571d89c5b71f720dbd271ac60f574402e76add,0.0
2026-01-09,0x52512f63bfdc0ca4d15e31da6b395c94eb16d563,0.0
2026-01-09,0x583924a6dfa73f20d7cee1f067f56afeccdda38c,0.0
2026-01-09,0x58c659b1c03d03ab6e7cf1ad6781bfe16a39375d,0.0
2026-01-09,0x5ebd6fc47e018d572695a30406aab2094f5739a5,0.0
2026-01-09,0x60a50be186c8fedeee7eb8e4162e8052bda6ba0e,0.0
2026-01-09,0x6194a13d478ba4de00cace380f51190663fd0de0,0.0
2026-01-09,0x64fbb84b9a101227af977ab5916cdead0de630bb,0.0
2026-01-09,0x657dd0353bbab3c31a15bebaefe5708f91599384,0.0
2026-01-09,0x66f069a1aa1838b8f435459683a82ec5c4175be1,0.0
2026-01-09,0x696361910177b630d7d98beb66db2a87210111ea,0.0
2026-01-09,0x6a70e534e6244e34eca9ca8218640f2d4ee49b42,0.0
2026-01-09,0x6b9cee98a4ca6cff357f576fb2a6cb2b5e43c39f,0.0
2026-01-09,0x6f78bc27fa80f127fadb1897f98dde6cfb3c3f94,0.0
2026-01-09,0x7531543d11be70509fd98599cab5e97745dd04ab,0.0
2026-01-09,0x772ca23497f271c6113fce7c53782f35c304790e,0.0
2026-01-09,0x7743b97525bdf503506288463d39b59b69993cfe,0.0
2026-01-09,0x790d41e2f911b6eecad286c04734036929049793,0.0
2026-01-09,0x7a0222dee3519854468f31154a4349c92814875f,0.0
2026-01-09,0x7d10bd50494ca1094cb706fadee52345b6139cf9,0.0
2026-01-09,0x7df172e521125054caa01d73c4fb4d30360e1079,0.0
2026-01-09,0x7f554a7568293db35a6421759c305fee6b60aa9a,0.0
2026-01-09,0x7f99c1b85c831c60d6f534412e4be78cab94a5e5,0.0
2026-01-09,0x8075c55918a91f5fc1f66fb77a7ca0be67a90233,0.0
2026-01-09,0x84c87d848244e49602f1ce614e46eba81e5f246f,0.0
2026-01-09,0x8633be9e9a5c7c39e9dc9d7ffef0979ce1026e71,0.0
2026-01-09,0x8b6bbe943259e12885529e4d340a0a5822f8d337,0.0
2026-01-09,0x8c298797fb92fb91c1d4a83e5b948f431fe229c6,0.0
2026-01-09,0x8da35b920fe236a757a0fad93d3a3ab8ea0a24cc,0.0
2026-01-09,0x8da66f6ee0eedf4376e471d7a507553296e49c19,0.0
2026-01-09,0x9ab1433913c1014e2166b3c7f039d9528b1fc540,0.0
2026-01-09,0x9e231a8b9c247230cb88befafee97a22ae244ee5,0.0
2026-01-09,0xac82362174a32fbbad61efcb0f02b9016b20c768,0.0
2026-01-09,0xae598104ba092f09470e59e7a4d2349dbbdc3310,0.0
2026-01-09,0xb57d2a1424ff536ef5debb8761662c72f90f9b66,0.0
2026-01-09,0xc32f2f6217d105d17904f8f495aa122baef4a333,0.0
2026-01-09,0xcc18c9473f7117e599b3f2103e794b16ffe7cf44,0.0
2026-01-09,0xcd75160eeafa7227d1eea1dc157f77c3cb0c4688,0.0
2026-01-09,0xd359264dd634edf74d5d00ed06ccc44ab20eeba9,0.0
2026-01-09,0xdf5f43411c47c07ebcf03c16c29f18313e45ca66,0.0
2026-01-09,0xe3abf7f7d29df6d64128794f64ed3d1b15a5e759,0.0
2026-01-09,0xe4922b8eb9bef6f486564a59987f4e1930c53235,0.0
2026-01-09,0xe6cac97e024e8e1d0d01cd5d1c72fcdcfe78be3d,0.0
2026-01-09,0xea8d6a4caaef55c18da4c1efe7303b0f61b0415c,0.0
2026-01-09,0xee2a70532e807259fcfd63274ad4e560dcca2613,0.0
2026-01-09,0xf5397ef04201f76a3e97457bc84f27303df20e80,0.0
2026-01-09,0xf5a89d2608db8fd229a076895f4f8d304e58c3a5,0.0
2026-01-09,0xf9baa2c717f8140d6925d8ff1827abeca1906526,0.0
2026-01-09,0xfaf8dbc45d01261ac417cf3b2843288df47fcacd,0.0
2026-01-09,0xff0034103421a624aa2b2d618fe7602cd6dd3f1d,0.0
2026-01-09,0xff806c084c40bce44d2facba005f8f1887cce7f4,0.0
2026-01-10,0x04be52434eb64addf373137310551ac42013677c,0.0
2026-01-10,0x087cdae4009af7974fb808cd4e01414ebf820ab0,0.0
2026-01-10,0x0c560e8b4c179782ab476dfed8a129b0d64e66e8,0.0
2026-01-10,0x218c56f591abc69c40e96a10e7b69c62c2c406ee,0.0
2026-01-10,0x28cd26d85b4ac655a489aa3f259f81283bd1a804,501.062159
2026-01-10,0x2bcd8898a678050efa5f41f4c6012045dee1b5c3,0.0
2026-01-10,0x2e5b63b36e7b115229d12c88cd47d471c122eddf,0.0
2026-01-10,0x349dd66d555a26d890f6bb996ef1eadf9f65bdd3,0.0
2026-01-10,0x36df841c8c269300335ed74d7729c66bc9dcb37d,0.0
2026-01-10,0x3787e2720296b4e0119e344e1b64291ed5fea398,0.0
2026-01-10,0x3b63bbf52aa94016b61ee8d6809253f915d61411,0.0
2026-01-10,0x3d9f3cc0d52ea543116dfebdf3c77819766a64e2,0.0
2026-01-10,0x422cb45f4dcb3f798b53835f8671288d424d881f,0.0
2026-01-10,0x4784a9b16ba5ccb9fb384c0a68448b9e70d357a6,0.0
2026-01-10,0x480f54f40e35739b6ed1dd0cb64ff881c392ff64,0.0
2026-01-10,0x4813ffe82fe058134762df947a9bf453229a010f,0.0
2026-01-10,0x4d571d89c5b71f720dbd271ac60f574402e76add,0.0
2026-01-10,0x52512f63bfdc0ca4d15e31da6b395c94eb16d563,0.0
2026-01-10,0x583924a6dfa73f20d7cee1f067f56afeccdda38c,0.0
2026-01-10,0x58c659b1c03d03ab6e7cf1ad6781bfe16a39375d,0.0
2026-01-10,0x5ebd6fc47e018d572695a30406aab2094f5739a5,0.0
2026-01-10,0x60a50be186c8fedeee7eb8e4162e8052bda6ba0e,0.0
2026-01-10,0x6194a13d478ba4de00cace380f51190663fd0de0,0.0
2026-01-10,0x64fbb84b9a101227af977ab5916cdead0de630bb,0.0
2026-01-10,0x657dd0353bbab3c31a15bebaefe5708f91599384,0.0
2026-01-10,0x66f069a1aa1838b8f435459683a82ec5c4175be1,0.0
2026-01-10,0x696361910177b630d7d98beb66db2a87210111ea,0.0
2026-01-10,0x6a70e534e6244e34eca9ca8218640f2d4ee49b42,0.0
2026-01-10,0x6b9cee98a4ca6cff357f576fb2a6cb2b5e43c39f,0.0
2026-01-10,0x6f78bc27fa80f127fadb1897f98dde6cfb3c3f94,0.0
2026-01-10,0x7531543d11be70509fd98599cab5e97745dd04ab,0.0
2026-01-10,0x772ca23497f271c6113fce7c53782f35c304790e,0.0
2026-01-10,0x7743b97525bdf503506288463d39b59b69993cfe,0.0
2026-01-10,0x790d41e2f911b6eecad286c04734036929049793,0.0
2026-01-10,0x7a0222dee3519854468f31154a4349c92814875f,0.0
2026-01-10,0x7d10bd50494ca1094cb706fadee52345b6139cf9,0.0
2026-01-10,0x7df172e521125054caa01d73c4fb4d30360e1079,0.0
2026-01-10,0x7f554a7568293db35a6421759c305fee6b60aa9a,0.0
2026-01-10,0x7f99c1b85c831c60d6f534412e4be78cab94a5e5,0.0
2026-01-10,0x8075c55918a91f5fc1f66fb77a7ca0be67a90233,0.0
2026-01-10,0x84c87d848244e49602f1ce614e46eba81e5f246f,0.0
2026-01-10,0x8633be9e9a5c7c39e9dc9d7ffef0979ce1026e71,0.0
2026-01-10,0x8b6bbe943259e12885529e4d340a0a5822f8d337,0.0
2026-01-10,0x8c298797fb92fb91c1d4a83e5b948f431fe229c6,0.0
2026-01-10,0x8da35b920fe236a757a0fad93d3a3ab8ea0a24cc,0.0
2026-01-10,0x8da66f6ee0eedf4376e471d7a507553296e49c19,0.0
2026-01-10,0x9ab1433913c1014e2166b3c7f039d9528b1fc540,0.0
2026-01-10,0x9e231a8b9c247230cb88befafee97a22ae244ee5,0.0
2026-01-10,0xac82362174a32fbbad61efcb0f02b9016b20c768,0.0
2026-01-10,0xae598104ba092f09470e59e7a4d2349dbbdc3310,0.0
2026-01-10,0xb57d2a1424ff536ef5debb8761662c72f90f9b66,0.0
2026-01-10,0xc32f2f6217d105d17904f8f495aa122baef4a333,0.0
2026-01-10,0xcc18c9473f7117e599b3f2103e794b16ffe7cf44,0.0
2026-01-10,0xcd75160eeafa7227d1eea1dc157f77c3cb0c4688,0.0
2026-01-10,0xd359264dd634edf74d5d00ed06ccc44ab20eeba9,0.0
2026-01-10,0xdf5f43411c47c07ebcf03c16c29f18313e45ca66,0.0
2026-01-10,0xe3abf7f7d29df6d64128794f64ed3d1b15a5e759,0.0
2026-01-10,0xe4922b8eb9bef6f486564a59987f4e1930c53235,0.0
2026-01-10,0xe6cac97e024e8e1d0d01cd5d1c72fcdcfe78be3d,0.0
2026-01-10,0xea8d6a4caaef55c18da4c1efe7303b0f61b0415c,0.0
2026-01-10,0xee2a70532e807259fcfd63274ad4e560dcca2613,0.0
2026-01-10,0xf5397ef04201f76a3e97457bc84f27303df20e80,0.0
2026-01-10,0xf5a89d2608db8fd229a076895f4f8d304e58c3a5,0.0
2026-01-10,0xf9baa2c717f8140d6925d8ff1827abeca1906526,0.0
2026-01-10,0xfaf8dbc45d01261ac417cf3b2843288df47fcacd,0.0
2026-01-10,0xff0034103421a624aa2b2d618fe7602cd6dd3f1d,0.0
2026-01-10,0xff806c084c40bce44d2facba005f8f1887cce7f4,0.0
2026-01-11,0x04be52434eb64addf373137310551ac42013677c,0.0
2026-01-11,0x087cdae4009af7974fb808cd4e01414ebf820ab0,0.0
2026-01-11,0x0c560e8b4c179782ab476dfed8a129b0d64e66e8,0.0
2026-01-11,0x218c56f591abc69c40e96a10e7b69c62c2c406ee,0.0
2026-01-11,0x28cd26d85b4ac655a489aa3f259f81283bd1a804,501.087058
2026-01-11,0x2bcd8898a678050efa5f41f4c6012045dee1b5c3,0.0
2026-01-11,0x2e5b63b36e7b115229d12c88cd47d471c122eddf,0.0
2026-01-11,0x349dd66d555a26d890f6bb996ef1eadf9f65bdd3,0.0
2026-01-11,0x36df841c8c269300335ed74d7729c66bc9dcb37d,0.0
2026-01-11,0x3787e2720296b4e0119e344e1b64291ed5fea398,0.0
2026-01-11,0x3b63bbf52aa94016b61ee8d6809253f915d61411,0.0
2026-01-11,0x3d9f3cc0d52ea543116dfebdf3c77819766a64e2,0.0
2026-01-11,0x422cb45f4dcb3f798b53835f8671288d424d881f,0.0
2026-01-11,0x4784a9b16ba5ccb9fb384c0a68448b9e70d357a6,0.0
2026-01-11,0x480f54f40e35739b6ed1dd0cb64ff881c392ff64,0.0
2026-01-11,0x4813ffe82fe058134762df947a9bf453229a010f,0.0
2026-01-11,0x4d571d89c5b71f720dbd271ac60f574402e76add,0.0
2026-01-11,0x52512f63bfdc0ca4d15e31da6b395c94eb16d563,0.0
2026-01-11,0x583924a6dfa73f20d7cee1f067f56afeccdda38c,0.0
2026-01-11,0x58c659b1c03d03ab6e7cf1ad6781bfe16a39375d,0.0
2026-01-11,0x5ebd6fc47e018d572695a30406aab2094f5739a5,0.0
2026-01-11,0x60a50be186c8fedeee7eb8e4162e8052bda6ba0e,0.0
2026-01-11,0x6194a13d478ba4de00cace380f51190663fd0de0,0.0
2026-01-11,0x64fbb84b9a101227af977ab5916cdead0de630bb,0.0
2026-01-11,0x657dd0353bbab3c31a15bebaefe5708f91599384,0.0
2026-01-11,0x66f069a1aa1838b8f435459683a82ec5c4175be1,0.0
2026-01-11,0x696361910177b630d7d98beb66db2a87210111ea,0.0
2026-01-11,0x6a70e534e6244e34eca9ca8218640f2d4ee49b42,0.0
2026-01-11,0x6b9cee98a4ca6cff357f576fb2a6cb2b5e43c39f,0.0
2026-01-11,0x6f78bc27fa80f127fadb1897f98dde6cfb3c3f94,0.0
2026-01-11,0x7531543d11be70509fd98599cab5e97745dd04ab,0.0
2026-01-11,0x772ca23497f271c6113fce7c53782f35c304790e,0.0
2026-01-11,0x7743b97525bdf503506288463d39b59b69993cfe,0.0
2026-01-11,0x790d41e2f911b6eecad286c04734036929049793,0.0
2026-01-11,0x7a0222dee3519854468f31154a4349c92814875f,0.0
2026-01-11,0x7d10bd50494ca1094cb706fadee52345b6139cf9,0.0
2026-01-11,0x7df172e521125054caa01d73c4fb4d30360e1079,0.0
2026-01-11,0x7f554a7568293db35a6421759c305fee6b60aa9a,0.0
2026-01-11,0x7f99c1b85c831c60d6f534412e4be78cab94a5e5,0.0
2026-01-11,0x8075c55918a91f5fc1f66fb77a7ca0be67a90233,0.0
2026-01-11,0x84c87d848244e49602f1ce614e46eba81e5f246f,0.0
2026-01-11,0x8633be9e9a5c7c39e9dc9d7ffef0979ce1026e71,0.0
2026-01-11,0x8b6bbe943259e12885529e4d340a0a5822f8d337,0.0
2026-01-11,0x8c298797fb92fb91c1d4a83e5b948f431fe229c6,0.0
2026-01-11,0x8da35b920fe236a757a0fad93d3a3ab8ea0a24cc,0.0
2026-01-11,0x8da66f6ee0eedf4376e471d7a507553296e49c19,0.0
2026-01-11,0x9ab1433913c1014e2166b3c7f039d9528b1fc540,0.0
2026-01-11,0x9e231a8b9c247230cb88befafee97a22ae244ee5,0.0
2026-01-11,0xac82362174a32fbbad61efcb0f02b9016b20c768,0.0
2026-01-11,0xae598104ba092f09470e59e7a4d2349dbbdc3310,0.0
2026-01-11,0xb57d2a1424ff536ef5debb8761662c72f90f9b66,0.0
2026-01-11,0xc32f2f6217d105d17904f8f495aa122baef4a333,0.0
2026-01-11,0xcc18c9473f7117e599b3f2103e794b16ffe7cf44,0.0
2026-01-11,0xcd75160eeafa7227d1eea1dc157f77c3cb0c4688,0.0
2026-01-11,0xd359264dd634edf74d5d00ed06ccc44ab20eeba9,0.0
2026-01-11,0xdf5f43411c47c07ebcf03c16c29f18313e45ca66,0.0
2026-01-11,0xe3abf7f7d29df6d64128794f64ed3d1b15a5e759,0.0
2026-01-11,0xe4922b8eb9bef6f486564a59987f4e1930c53235,0.0
2026-01-11,0xe6cac97e024e8e1d0d01cd5d1c72fcdcfe78be3d,0.0
2026-01-11,0xea8d6a4caaef55c18da4c1efe7303b0f61b0415c,0.0
2026-01-11,0xee2a70532e807259fcfd63274ad4e560dcca2613,0.0
2026-01-11,0xf5397ef04201f76a3e97457bc84f27303df20e80,0.0
2026-01-11,0xf5a89d2608db8fd229a076895f4f8d304e58c3a5,0.0
2026-01-11,0xf9baa2c717f8140d6925d8ff1827abeca1906526,0.0
2026-01-11,0xfaf8dbc45d01261ac417cf3b2843288df47fcacd,0.0
2026-01-11,0xff0034103421a624aa2b2d618fe7602cd6dd3f1d,0.0
2026-01-11,0xff806c084c40bce44d2facba005f8f1887cce7f4,0.0
2026-01-12,0x04be52434eb64addf373137310551ac42013677c,0.0
2026-01-12,0x087cdae4009af7974fb808cd4e01414ebf820ab0,0.0
2026-01-12,0x0c560e8b4c179782ab476dfed8a129b0d64e66e8,0.0
2026-01-12,0x218c56f591abc69c40e96a10e7b69c62c2c406ee,0.0
2026-01-12,0x28cd26d85b4ac655a489aa3f259f81283bd1a804,501.112865
2026-01-12,0x2bcd8898a678050efa5f41f4c6012045dee1b5c3,0.0
2026-01-12,0x2e5b63b36e7b115229d12c88cd47d471c122eddf,0.0
2026-01-12,0x349dd66d555a26d890f6bb996ef1eadf9f65bdd3,0.0
2026-01-12,0x36df841c8c269300335ed74d7729c66bc9dcb37d,0.0
2026-01-12,0x3787e2720296b4e0119e344e1b64291ed5fea398,0.0
2026-01-12,0x3b63bbf52aa94016b61ee8d6809253f915d61411,0.0
2026-01-12,0x3d9f3cc0d52ea543116dfebdf3c77819766a64e2,0.0
2026-01-12,0x422cb45f4dcb3f798b53835f8671288d424d881f,0.0
2026-01-12,0x4784a9b16ba5ccb9fb384c0a68448b9e70d357a6,0.0
2026-01-12,0x480f54f40e35739b6ed1dd0cb64ff881c392ff64,0.0
2026-01-12,0x4813ffe82fe058134762df947a9bf453229a010f,0.0
2026-01-12,0x4d571d89c5b71f720dbd271ac60f574402e76add,0.0
2026-01-12,0x52512f63bfdc0ca4d15e31da6b395c94eb16d563,0.0
2026-01-12,0x583924a6dfa73f20d7cee1f067f56afeccdda38c,0.0
2026-01-12,0x58c659b1c03d03ab6e7cf1ad6781bfe16a39375d,0.0
2026-01-12,0x5ebd6fc47e018d572695a30406aab2094f5739a5,0.0
2026-01-12,0x60a50be186c8fedeee7eb8e4162e8052bda6ba0e,0.0
2026-01-12,0x6194a13d478ba4de00cace380f51190663fd0de0,0.0
2026-01-12,0x64fbb84b9a101227af977ab5916cdead0de630bb,0.0
2026-01-12,0x657dd0353bbab3c31a15bebaefe5708f91599384,0.0
2026-01-12,0x66f069a1aa1838b8f435459683a82ec5c4175be1,0.0
2026-01-12,0x696361910177b630d7d98beb66db2a87210111ea,0.0
2026-01-12,0x6a70e534e6244e34eca9ca8218640f2d4ee49b42,0.0
2026-01-12,0x6b9cee98a4ca6cff357f576fb2a6cb2b5e43c39f,0.0
2026-01-12,0x6f78bc27fa80f127fadb1897f98dde6cfb3c3f94,0.0
2026-01-12,0x7531543d11be70509fd98599cab5e97745dd04ab,0.0
2026-01-12,0x772ca23497f271c6113fce7c53782f35c304790e,0.0
2026-01-12,0x7743b97525bdf503506288463d39b59b69993cfe,0.0
2026-01-12,0x790d41e2f911b6eecad286c04734036929049793,0.0
2026-01-12,0x7a0222dee3519854468f31154a4349c92814875f,0.0
2026-01-12,0x7d10bd50494ca1094cb706fadee52345b6139cf9,0.0
2026-01-12,0x7df172e521125054caa01d73c4fb4d30360e1079,0.0
2026-01-12,0x7f554a7568293db35a6421759c305fee6b60aa9a,0.0
2026-01-12,0x7f99c1b85c831c60d6f534412e4be78cab94a5e5,0.0
2026-01-12,0x8075c55918a91f5fc1f66fb77a7ca0be67a90233,0.0
2026-01-12,0x84c87d848244e49602f1ce614e46eba81e5f246f,0.0
2026-01-12,0x8633be9e9a5c7c39e9dc9d7ffef0979ce1026e71,0.0
2026-01-12,0x8b6bbe943259e12885529e4d340a0a5822f8d337,0.0
2026-01-12,0x8c298797fb92fb91c1d4a83e5b948f431fe229c6,0.0
2026-01-12,0x8da35b920fe236a757a0fad93d3a3ab8ea0a24cc,0.0
2026-01-12,0x8da66f6ee0eedf4376e471d7a507553296e49c19,0.0
2026-01-12,0x9ab1433913c1014e2166b3c7f039d9528b1fc540,0.0
2026-01-12,0x9e231a8b9c247230cb88befafee97a22ae244ee5,0.0
2026-01-12,0xac82362174a32fbbad61efcb0f02b9016b20c768,0.0
2026-01-12,0xae598104ba092f09470e59e7a4d2349dbbdc3310,0.0
2026-01-12,0xb57d2a1424ff536ef5debb8761662c72f90f9b66,0.0
2026-01-12,0xc32f2f6217d105d17904f8f495aa122baef4a333,0.0
2026-01-12,0xcc18c9473f7117e599b3f2103e794b16ffe7cf44,0.0
2026-01-12,0xcd75160eeafa7227d1eea1dc157f77c3cb0c4688,0.0
2026-01-12,0xd359264dd634edf74d5d00ed06ccc44ab20eeba9,0.0
2026-01-12,0xdf5f43411c47c07ebcf03c16c29f18313e45ca66,0.0
2026-01-12,0xe3abf7f7d29df6d64128794f64ed3d1b15a5e759,0.0
2026-01-12,0xe4922b8eb9bef6f486564a59987f4e1930c53235,0.0
2026-01-12,0xe6cac97e024e8e1d0d01cd5d1c72fcdcfe78be3d,0.0
2026-01-12,0xea8d6a4caaef55c18da4c1efe7303b0f61b0415c,0.0
2026-01-12,0xee2a70532e807259fcfd63274ad4e560dcca2613,0.0
2026-01-12,0xf5397ef04201f76a3e97457bc84f27303df20e80,0.0
2026-01-12,0xf5a89d2608db8fd229a076895f4f8d304e58c3a5,0.0
2026-01-12,0xf9baa2c717f8140d6925d8ff1827abeca1906526,0.0
2026-01-12,0xfaf8dbc45d01261ac417cf3b2843288df47fcacd,0.0
2026-01-12,0xff0034103421a624aa2b2d618fe7602cd6dd3f1d,0.0
2026-01-12,0xff806c084c40bce44d2facba005f8f1887cce7f4,0.0
2026-01-13,0x04be52434eb64addf373137310551ac42013677c,520.453392
2026-01-13,0x087cdae4009af7974fb808cd4e01414ebf820ab0,0.0
2026-01-13,0x0c560e8b4c179782ab476dfed8a129b0d64e66e8,0.0
2026-01-13,0x218c56f591abc69c40e96a10e7b69c62c2c406ee,0.0
2026-01-13,0x28cd26d85b4ac655a489aa3f259f81283bd1a804,501.138502
2026-01-13,0x2bcd8898a678050efa5f41f4c6012045dee1b5c3,0.0
2026-01-13,0x2e5b63b36e7b115229d12c88cd47d471c122eddf,578.481231
2026-01-13,0x349dd66d555a26d890f6bb996ef1eadf9f65bdd3,0.0
2026-01-13,0x36df841c8c269300335ed74d7729c66bc9dcb37d,579.507065
2026-01-13,0x3787e2720296b4e0119e344e1b64291ed5fea398,0.0
2026-01-13,0x3b63bbf52aa94016b61ee8d6809253f915d61411,578.489461
2026-01-13,0x3d9f3cc0d52ea543116dfebdf3c77819766a64e2,0.0
2026-01-13,0x422cb45f4dcb3f798b53835f8671288d424d881f,0.0
2026-01-13,0x4784a9b16ba5ccb9fb384c0a68448b9e70d357a6,0.0
2026-01-13,0x480f54f40e35739b6ed1dd0cb64ff881c392ff64,0.0
2026-01-13,0x4813ffe82fe058134762df947a9bf453229a010f,0.0
2026-01-13,0x4d571d89c5b71f720dbd271ac60f574402e76add,0.0
2026-01-13,0x52512f63bfdc0ca4d15e31da6b395c94eb16d563,0.0
2026-01-13,0x583924a6dfa73f20d7cee1f067f56afeccdda38c,0.0
2026-01-13,0x58c659b1c03d03ab6e7cf1ad6781bfe16a39375d,0.0
2026-01-13,0x5ebd6fc47e018d572695a30406aab2094f5739a5,0.0
2026-01-13,0x60a50be186c8fedeee7eb8e4162e8052bda6ba0e,0.0
2026-01-13,0x6194a13d478ba4de00cace380f51190663fd0de0,0.0
2026-01-13,0x64fbb84b9a101227af977ab5916cdead0de630bb,0.0
2026-01-13,0x657dd0353bbab3c31a15bebaefe5708f91599384,0.0
2026-01-13,0x66f069a1aa1838b8f435459683a82ec5c4175be1,0.0
2026-01-13,0x696361910177b630d7d98beb66db2a87210111ea,0.0
2026-01-13,0x6a70e534e6244e34eca9ca8218640f2d4ee49b42,0.0
2026-01-13,0x6b9cee98a4ca6cff357f576fb2a6cb2b5e43c39f,0.0
2026-01-13,0x6f78bc27fa80f127fadb1897f98dde6cfb3c3f94,0.0
2026-01-13,0x7531543d11be70509fd98599cab5e97745dd04ab,0.0
2026-01-13,0x772ca23497f271c6113fce7c53782f35c304790e,0.0
2026-01-13,0x7743b97525bdf503506288463d39b59b69993cfe,0.0
2026-01-13,0x790d41e2f911b6eecad286c04734036929049793,0.0
2026-01-13,0x7a0222dee3519854468f31154a4349c92814875f,0.0
2026-01-13,0x7d10bd50494ca1094cb706fadee52345b6139cf9,0.0
2026-01-13,0x7df172e521125054caa01d73c4fb4d30360e1079,0.0
2026-01-13,0x7f554a7568293db35a6421759c305fee6b60aa9a,0.0
2026-01-13,0x7f99c1b85c831c60d6f534412e4be78cab94a5e5,0.0
2026-01-13,0x8075c55918a91f5fc1f66fb77a7ca0be67a90233,0.0
2026-01-13,0x84c87d848244e49602f1ce614e46eba81e5f246f,0.0
2026-01-13,0x8633be9e9a5c7c39e9dc9d7ffef0979ce1026e71,0.0
2026-01-13,0x8b6bbe943259e12885529e4d340a0a5822f8d337,0.0
2026-01-13,0x8c298797fb92fb91c1d4a83e5b948f431fe229c6,0.0
2026-01-13,0x8da35b920fe236a757a0fad93d3a3ab8ea0a24cc,0.0
2026-01-13,0x8da66f6ee0eedf4376e471d7a507553296e49c19,0.0
2026-01-13,0x9ab1433913c1014e2166b3c7f039d9528b1fc540,0.0
2026-01-13,0x9e231a8b9c247230cb88befafee97a22ae244ee5,0.0
2026-01-13,0xac82362174a32fbbad61efcb0f02b9016b20c768,0.0
2026-01-13,0xae598104ba092f09470e59e7a4d2349dbbdc3310,501.007689
2026-01-13,0xb57d2a1424ff536ef5debb8761662c72f90f9b66,0.0
2026-01-13,0xc32f2f6217d105d17904f8f495aa122baef4a333,0.0
2026-01-13,0xcc18c9473f7117e599b3f2103e794b16ffe7cf44,0.0
2026-01-13,0xcd75160eeafa7227d1eea1dc157f77c3cb0c4688,0.0
2026-01-13,0xd359264dd634edf74d5d00ed06ccc44ab20eeba9,0.0
2026-01-13,0xdf5f43411c47c07ebcf03c16c29f18313e45ca66,520.39188
2026-01-13,0xe3abf7f7d29df6d64128794f64ed3d1b15a5e759,0.0
2026-01-13,0xe4922b8eb9bef6f486564a59987f4e1930c53235,0.0
2026-01-13,0xe6cac97e024e8e1d0d01cd5d1c72fcdcfe78be3d,0.0
2026-01-13,0xea8d6a4caaef55c18da4c1efe7303b0f61b0415c,0.0
2026-01-13,0xee2a70532e807259fcfd63274ad4e560dcca2613,0.0
2026-01-13,0xf5397ef04201f76a3e97457bc84f27303df20e80,0.0
2026-01-13,0xf5a89d2608db8fd229a076895f4f8d304e58c3a5,0.0
2026-01-13,0xf9baa2c717f8140d6925d8ff1827abeca1906526,0.0
2026-01-13,0xfaf8dbc45d01261ac417cf3b2843288df47fcacd,0.0
2026-01-13,0xff0034103421a624aa2b2d618fe7602cd6dd3f1d,0.0
2026-01-13,0xff806c084c40bce44d2facba005f8f1887cce7f4,0.0
2026-01-14,0x04be52434eb64addf373137310551ac42013677c,520.478822
2026-01-14,0x087cdae4009af7974fb808cd4e01414ebf820ab0,500.001562
2026-01-14,0x0c560e8b4c179782ab476dfed8a129b0d64e66e8,1156.92618
2026-01-14,0x218c56f591abc69c40e96a10e7b69c62c2c406ee,0.0
2026-01-14,0x28cd26d85b4ac655a489aa3f259f81283bd1a804,501.162987
2026-01-14,0x2bcd8898a678050efa5f41f4c6012045dee1b5c3,0.0
2026-01-14,0x2e5b63b36e7b115229d12c88cd47d471c122eddf,578.509496
2026-01-14,0x349dd66d555a26d890f6bb996ef1eadf9f65bdd3,520.271953
2026-01-14,0x36df841c8c269300335ed74d7729c66bc9dcb37d,579.535379
2026-01-14,0x3787e2720296b4e0119e344e1b64291ed5fea398,0.0
2026-01-14,0x3b63bbf52aa94016b61ee8d6809253f915d61411,578.517726
2026-01-14,0x3d9f3cc0d52ea543116dfebdf3c77819766a64e2,0.0
2026-01-14,0x422cb45f4dcb3f798b53835f8671288d424d881f,0.0
2026-01-14,0x4784a9b16ba5ccb9fb384c0a68448b9e70d357a6,0.0
2026-01-14,0x480f54f40e35739b6ed1dd0cb64ff881c392ff64,0.0
2026-01-14,0x4813ffe82fe058134762df947a9bf453229a010f,0.0
2026-01-14,0x4d571d89c5b71f720dbd271ac60f574402e76add,0.0
2026-01-14,0x52512f63bfdc0ca4d15e31da6b395c94eb16d563,0.0
2026-01-14,0x583924a6dfa73f20d7cee1f067f56afeccdda38c,0.0
2026-01-14,0x58c659b1c03d03ab6e7cf1ad6781bfe16a39375d,0.0
2026-01-14,0x5ebd6fc47e018d572695a30406aab2094f5739a5,0.0
2026-01-14,0x60a50be186c8fedeee7eb8e4162e8052bda6ba0e,0.0
2026-01-14,0x6194a13d478ba4de00cace380f51190663fd0de0,0.0
2026-01-14,0x64fbb84b9a101227af977ab5916cdead0de630bb,504.407944
2026-01-14,0x657dd0353bbab3c31a15bebaefe5708f91599384,0.0
2026-01-14,0x66f069a1aa1838b8f435459683a82ec5c4175be1,0.0
2026-01-14,0x696361910177b630d7d98beb66db2a87210111ea,571.078257
2026-01-14,0x6a70e534e6244e34eca9ca8218640f2d4ee49b42,0.0
2026-01-14,0x6b9cee98a4ca6cff357f576fb2a6cb2b5e43c39f,578.625906
2026-01-14,0x6f78bc27fa80f127fadb1897f98dde6cfb3c3f94,0.0
2026-01-14,0x7531543d11be70509fd98599cab5e97745dd04ab,0.0
2026-01-14,0x772ca23497f271c6113fce7c53782f35c304790e,0.0
2026-01-14,0x7743b97525bdf503506288463d39b59b69993cfe,0.0
2026-01-14,0x790d41e2f911b6eecad286c04734036929049793,0.0
2026-01-14,0x7a0222dee3519854468f31154a4349c92814875f,0.0
2026-01-14,0x7d10bd50494ca1094cb706fadee52345b6139cf9,0.0
2026-01-14,0x7df172e521125054caa01d73c4fb4d30360e1079,500.002664
2026-01-14,0x7f554a7568293db35a6421759c305fee6b60aa9a,0.0
2026-01-14,0x7f99c1b85c831c60d6f534412e4be78cab94a5e5,0.0
2026-01-14,0x8075c55918a91f5fc1f66fb77a7ca0be67a90233,0.0
2026-01-14,0x84c87d848244e49602f1ce614e46eba81e5f246f,0.0
2026-01-14,0x8633be9e9a5c7c39e9dc9d7ffef0979ce1026e71,0.0
2026-01-14,0x8b6bbe943259e12885529e4d340a0a5822f8d337,0.0
2026-01-14,0x8c298797fb92fb91c1d4a83e5b948f431fe229c6,0.0
2026-01-14,0x8da35b920fe236a757a0fad93d3a3ab8ea0a24cc,0.0
2026-01-14,0x8da66f6ee0eedf4376e471d7a507553296e49c19,0.0
2026-01-14,0x9ab1433913c1014e2166b3c7f039d9528b1fc540,0.0
2026-01-14,0x9e231a8b9c247230cb88befafee97a22ae244ee5,0.0
2026-01-14,0xac82362174a32fbbad61efcb0f02b9016b20c768,578.353627
2026-01-14,0xae598104ba092f09470e59e7a4d2349dbbdc3310,501.032168
2026-01-14,0xb57d2a1424ff536ef5debb8761662c72f90f9b66,0.0
2026-01-14,0xc32f2f6217d105d17904f8f495aa122baef4a333,510.938385
2026-01-14,0xcc18c9473f7117e599b3f2103e794b16ffe7cf44,578.281131
2026-01-14,0xcd75160eeafa7227d1eea1dc157f77c3cb0c4688,0.0
2026-01-14,0xd359264dd634edf74d5d00ed06ccc44ab20eeba9,0.0
2026-01-14,0xdf5f43411c47c07ebcf03c16c29f18313e45ca66,520.417306
2026-01-14,0xe3abf7f7d29df6d64128794f64ed3d1b15a5e759,0.0
2026-01-14,0xe4922b8eb9bef6f486564a59987f4e1930c53235,0.0
2026-01-14,0xe6cac97e024e8e1d0d01cd5d1c72fcdcfe78be3d,0.0
2026-01-14,0xea8d6a4caaef55c18da4c1efe7303b0f61b0415c,0.0
2026-01-14,0xee2a70532e807259fcfd63274ad4e560dcca2613,0.0
2026-01-14,0xf5397ef04201f76a3e97457bc84f27303df20e80,0.0
2026-01-14,0xf5a89d2608db8fd229a076895f4f8d304e58c3a5,0.0
2026-01-14,0xf9baa2c717f8140d6925d8ff1827abeca1906526,0.0
2026-01-14,0xfaf8dbc45d01261ac417cf3b2843288df47fcacd,0.0
2026-01-14,0xff0034103421a624aa2b2d618fe7602cd6dd3f1d,0.0
2026-01-14,0xff806c084c40bce44d2facba005f8f1887cce7f4,0.0
2026-01-15,0x04be52434eb64addf373137310551ac42013677c,520.503975
2026-01-15,0x087cdae4009af7974fb808cd4e01414ebf820ab0,500.025726
2026-01-15,0x0c560e8b4c179782ab476dfed8a129b0d64e66e8,1156.982091
2026-01-15,0x218c56f591abc69c40e96a10e7b69c62c2c406ee,0.0
2026-01-15,0x28cd26d85b4ac655a489aa3f259f81283bd1a804,501.187207
2026-01-15,0x2bcd8898a678050efa5f41f4c6012045dee1b5c3,0.0
2026-01-15,0x2e5b63b36e7b115229d12c88cd47d471c122eddf,578.537454
2026-01-15,0x349dd66d555a26d890f6bb996ef1eadf9f65bdd3,520.297096
2026-01-15,0x36df841c8c269300335ed74d7729c66bc9dcb37d,579.563387
2026-01-15,0x3787e2720296b4e0119e344e1b64291ed5fea398,0.0
2026-01-15,0x3b63bbf52aa94016b61ee8d6809253f915d61411,578.545684
2026-01-15,0x3d9f3cc0d52ea543116dfebdf3c77819766a64e2,0.0
2026-01-15,0x422cb45f4dcb3f798b53835f8671288d424d881f,0.0
2026-01-15,0x4784a9b16ba5ccb9fb384c0a68448b9e70d357a6,0.0
2026-01-15,0x480f54f40e35739b6ed1dd0cb64ff881c392ff64,0.0
2026-01-15,0x4813ffe82fe058134762df947a9bf453229a010f,0.0
2026-01-15,0x4d571d89c5b71f720dbd271ac60f574402e76add,518.954947
2026-01-15,0x52512f63bfdc0ca4d15e31da6b395c94eb16d563,0.0
2026-01-15,0x583924a6dfa73f20d7cee1f067f56afeccdda38c,600.012203
2026-01-15,0x58c659b1c03d03ab6e7cf1ad6781bfe16a39375d,0.0
2026-01-15,0x5ebd6fc47e018d572695a30406aab2094f5739a5,0.0
2026-01-15,0x60a50be186c8fedeee7eb8e4162e8052bda6ba0e,0.0
2026-01-15,0x6194a13d478ba4de00cace380f51190663fd0de0,0.0
2026-01-15,0x64fbb84b9a101227af977ab5916cdead0de630bb,504.43232
2026-01-15,0x657dd0353bbab3c31a15bebaefe5708f91599384,0.0
2026-01-15,0x66f069a1aa1838b8f435459683a82ec5c4175be1,0.0
2026-01-15,0x696361910177b630d7d98beb66db2a87210111ea,1089.702949
2026-01-15,0x6a70e534e6244e34eca9ca8218640f2d4ee49b42,0.0
2026-01-15,0x6b9cee98a4ca6cff357f576fb2a6cb2b5e43c39f,578.653869
2026-01-15,0x6f78bc27fa80f127fadb1897f98dde6cfb3c3f94,0.0
2026-01-15,0x7531543d11be70509fd98599cab5e97745dd04ab,513.656159
2026-01-15,0x772ca23497f271c6113fce7c53782f35c304790e,0.0
2026-01-15,0x7743b97525bdf503506288463d39b59b69993cfe,0.0
2026-01-15,0x790d41e2f911b6eecad286c04734036929049793,0.0
2026-01-15,0x7a0222dee3519854468f31154a4349c92814875f,0.0
2026-01-15,0x7d10bd50494ca1094cb706fadee52345b6139cf9,0.0
2026-01-15,0x7df172e521125054caa01d73c4fb4d30360e1079,500.026828
2026-01-15,0x7f554a7568293db35a6421759c305fee6b60aa9a,0.0
2026-01-15,0x7f99c1b85c831c60d6f534412e4be78cab94a5e5,0.0
2026-01-15,0x8075c55918a91f5fc1f66fb77a7ca0be67a90233,0.0
2026-01-15,0x84c87d848244e49602f1ce614e46eba81e5f246f,0.0
2026-01-15,0x8633be9e9a5c7c39e9dc9d7ffef0979ce1026e71,0.0
2026-01-15,0x8b6bbe943259e12885529e4d340a0a5822f8d337,0.0
2026-01-15,0x8c298797fb92fb91c1d4a83e5b948f431fe229c6,0.0
2026-01-15,0x8da35b920fe236a757a0fad93d3a3ab8ea0a24cc,501.279606
2026-01-15,0x8da66f6ee0eedf4376e471d7a507553296e49c19,0.0
2026-01-15,0x9ab1433913c1014e2166b3c7f039d9528b1fc540,0.0
2026-01-15,0x9e231a8b9c247230cb88befafee97a22ae244ee5,0.0
2026-01-15,0xac82362174a32fbbad61efcb0f02b9016b20c768,578.381577
2026-01-15,0xae598104ba092f09470e59e7a4d2349dbbdc3310,501.056382
2026-01-15,0xb57d2a1424ff536ef5debb8761662c72f90f9b66,0.0
2026-01-15,0xc32f2f6217d105d17904f8f495aa122baef4a333,510.963077
2026-01-15,0xcc18c9473f7117e599b3f2103e794b16ffe7cf44,578.309078
2026-01-15,0xcd75160eeafa7227d1eea1dc157f77c3cb0c4688,0.0
2026-01-15,0xd359264dd634edf74d5d00ed06ccc44ab20eeba9,0.0
2026-01-15,0xdf5f43411c47c07ebcf03c16c29f18313e45ca66,520.442457
2026-01-15,0xe3abf7f7d29df6d64128794f64ed3d1b15a5e759,0.0
2026-01-15,0xe4922b8eb9bef6f486564a59987f4e1930c53235,0.0
2026-01-15,0xe6cac97e024e8e1d0d01cd5d1c72fcdcfe78be3d,0.0
2026-01-15,0xea8d6a4caaef55c18da4c1efe7303b0f61b0415c,0.0
2026-01-15,0xee2a70532e807259fcfd63274ad4e560dcca2613,0.0
2026-01-15,0xf5397ef04201f76a3e97457bc84f27303df20e80,518.954624
2026-01-15,0xf5a89d2608db8fd229a076895f4f8d304e58c3a5,0.0
2026-01-15,0xf9baa2c717f8140d6925d8ff1827abeca1906526,0.0
2026-01-15,0xfaf8dbc45d01261ac417cf3b2843288df47fcacd,0.0
2026-01-15,0xff0034103421a624aa2b2d618fe7602cd6dd3f1d,518.592344
2026-01-15,0xff806c084c40bce44d2facba005f8f1887cce7f4,0.0
2026-01-16,0x04be52434eb64addf373137310551ac42013677c,520.528985
2026-01-16,0x087cdae4009af7974fb808cd4e01414ebf820ab0,500.049752
2026-01-16,0x0c560e8b4c179782ab476dfed8a129b0d64e66e8,1157.037683
2026-01-16,0x218c56f591abc69c40e96a10e7b69c62c2c406ee,514.375182
2026-01-16,0x28cd26d85b4ac655a489aa3f259f81283bd1a804,501.211289
2026-01-16,0x2bcd8898a678050efa5f41f4c6012045dee1b5c3,576.14866
2026-01-16,0x2e5b63b36e7b115229d12c88cd47d471c122eddf,578.565252
2026-01-16,0x349dd66d555a26d890f6bb996ef1eadf9f65bdd3,520.322096
2026-01-16,0x36df841c8c269300335ed74d7729c66bc9dcb37d,579.591234
2026-01-16,0x3787e2720296b4e0119e344e1b64291ed5fea398,0.0
2026-01-16,0x3b63bbf52aa94016b61ee8d6809253f915d61411,578.573483
2026-01-16,0x3d9f3cc0d52ea543116dfebdf3c77819766a64e2,0.0
2026-01-16,0x422cb45f4dcb3f798b53835f8671288d424d881f,0.0
2026-01-16,0x4784a9b16ba5ccb9fb384c0a68448b9e70d357a6,0.0
2026-01-16,0x480f54f40e35739b6ed1dd0cb64ff881c392ff64,0.0
2026-01-16,0x4813ffe82fe058134762df947a9bf453229a010f,0.0
2026-01-16,0x4d571d89c5b71f720dbd271ac60f574402e76add,518.979883
2026-01-16,0x52512f63bfdc0ca4d15e31da6b395c94eb16d563,0.0
2026-01-16,0x583924a6dfa73f20d7cee1f067f56afeccdda38c,600.041033
2026-01-16,0x58c659b1c03d03ab6e7cf1ad6781bfe16a39375d,0.0
2026-01-16,0x5ebd6fc47e018d572695a30406aab2094f5739a5,0.0
2026-01-16,0x60a50be186c8fedeee7eb8e4162e8052bda6ba0e,725.818411
2026-01-16,0x6194a13d478ba4de00cace380f51190663fd0de0,0.0
2026-01-16,0x64fbb84b9a101227af977ab5916cdead0de630bb,504.456558
2026-01-16,0x657dd0353bbab3c31a15bebaefe5708f91599384,0.0
2026-01-16,0x66f069a1aa1838b8f435459683a82ec5c4175be1,0.0
2026-01-16,0x696361910177b630d7d98beb66db2a87210111ea,1089.755309
2026-01-16,0x6a70e534e6244e34eca9ca8218640f2d4ee49b42,0.0
2026-01-16,0x6b9cee98a4ca6cff357f576fb2a6cb2b5e43c39f,578.681673
2026-01-16,0x6f78bc27fa80f127fadb1897f98dde6cfb3c3f94,0.0
2026-01-16,0x7531543d11be70509fd98599cab5e97745dd04ab,513.68084
2026-01-16,0x772ca23497f271c6113fce7c53782f35c304790e,0.0
2026-01-16,0x7743b97525bdf503506288463d39b59b69993cfe,0.0
2026-01-16,0x790d41e2f911b6eecad286c04734036929049793,0.0
2026-01-16,0x7a0222dee3519854468f31154a4349c92814875f,522.520706
2026-01-16,0x7d10bd50494ca1094cb706fadee52345b6139cf9,0.0
2026-01-16,0x7df172e521125054caa01d73c4fb4d30360e1079,500.050854
2026-01-16,0x7f554a7568293db35a6421759c305fee6b60aa9a,0.0
2026-01-16,0x7f99c1b85c831c60d6f534412e4be78cab94a5e5,0.0
2026-01-16,0x8075c55918a91f5fc1f66fb77a7ca0be67a90233,503.005284
2026-01-16,0x84c87d848244e49602f1ce614e46eba81e5f246f,0.0
2026-01-16,0x8633be9e9a5c7c39e9dc9d7ffef0979ce1026e71,0.0
2026-01-16,0x8b6bbe943259e12885529e4d340a0a5822f8d337,0.0
2026-01-16,0x8c298797fb92fb91c1d4a83e5b948f431fe229c6,0.0
2026-01-16,0x8da35b920fe236a757a0fad93d3a3ab8ea0a24cc,501.303692
2026-01-16,0x8da66f6ee0eedf4376e471d7a507553296e49c19,0.0
2026-01-16,0x9ab1433913c1014e2166b3c7f039d9528b1fc540,0.0
2026-01-16,0x9e231a8b9c247230cb88befafee97a22ae244ee5,0.0
2026-01-16,0xac82362174a32fbbad61efcb0f02b9016b20c768,578.409368
2026-01-16,0xae598104ba092f09470e59e7a4d2349dbbdc3310,501.080457
2026-01-16,0xb57d2a1424ff536ef5debb8761662c72f90f9b66,0.0
2026-01-16,0xc32f2f6217d105d17904f8f495aa122baef4a333,510.987629
2026-01-16,0xcc18c9473f7117e599b3f2103e794b16ffe7cf44,578.336865
2026-01-16,0xcd75160eeafa7227d1eea1dc157f77c3cb0c4688,0.0
2026-01-16,0xd359264dd634edf74d5d00ed06ccc44ab20eeba9,0.0
2026-01-16,0xdf5f43411c47c07ebcf03c16c29f18313e45ca66,520.467464
2026-01-16,0xe3abf7f7d29df6d64128794f64ed3d1b15a5e759,0.0
2026-01-16,0xe4922b8eb9bef6f486564a59987f4e1930c53235,0.0
2026-01-16,0xe6cac97e024e8e1d0d01cd5d1c72fcdcfe78be3d,0.0
2026-01-16,0xea8d6a4caaef55c18da4c1efe7303b0f61b0415c,531.00075
2026-01-16,0xee2a70532e807259fcfd63274ad4e560dcca2613,0.0
2026-01-16,0xf5397ef04201f76a3e97457bc84f27303df20e80,518.97956
2026-01-16,0xf5a89d2608db8fd229a076895f4f8d304e58c3a5,0.0
2026-01-16,0xf9baa2c717f8140d6925d8ff1827abeca1906526,0.0
2026-01-16,0xfaf8dbc45d01261ac417cf3b2843288df47fcacd,0.0
2026-01-16,0xff0034103421a624aa2b2d618fe7602cd6dd3f1d,518.617262
2026-01-16,0xff806c084c40bce44d2facba005f8f1887cce7f4,0.0
2026-01-17,0x04be52434eb64addf373137310551ac42013677c,520.553768
2026-01-17,0x087cdae4009af7974fb808cd4e01414ebf820ab0,500.07356
2026-01-17,0x0c560e8b4c179782ab476dfed8a129b0d64e66e8,1157.092772
2026-01-17,0x218c56f591abc69c40e96a10e7b69c62c2c406ee,514.399673
2026-01-17,0x28cd26d85b4ac655a489aa3f259f81283bd1a804,501.235153
2026-01-17,0x2bcd8898a678050efa5f41f4c6012045dee1b5c3,576.176092
2026-01-17,0x2e5b63b36e7b115229d12c88cd47d471c122eddf,578.592799
2026-01-17,0x349dd66d555a26d890f6bb996ef1eadf9f65bdd3,520.34687
2026-01-17,0x36df841c8c269300335ed74d7729c66bc9dcb37d,579.61883
2026-01-17,0x3787e2720296b4e0119e344e1b64291ed5fea398,0.0
2026-01-17,0x3b63bbf52aa94016b61ee8d6809253f915d61411,578.60103
2026-01-17,0x3d9f3cc0d52ea543116dfebdf3c77819766a64e2,0.0
2026-01-17,0x422cb45f4dcb3f798b53835f8671288d424d881f,0.0
2026-01-17,0x4784a9b16ba5ccb9fb384c0a68448b9e70d357a6,0.0
2026-01-17,0x480f54f40e35739b6ed1dd0cb64ff881c392ff64,0.0
2026-01-17,0x4813ffe82fe058134762df947a9bf453229a010f,0.0
2026-01-17,0x4d571d89c5b71f720dbd271ac60f574402e76add,519.004592
2026-01-17,0x52512f63bfdc0ca4d15e31da6b395c94eb16d563,0.0
2026-01-17,0x583924a6dfa73f20d7cee1f067f56afeccdda38c,600.069602
2026-01-17,0x58c659b1c03d03ab6e7cf1ad6781bfe16a39375d,0.0
2026-01-17,0x5ebd6fc47e018d572695a30406aab2094f5739a5,512.768068
2026-01-17,0x60a50be186c8fedeee7eb8e4162e8052bda6ba0e,725.852969
2026-01-17,0x6194a13d478ba4de00cace380f51190663fd0de0,512.768236
2026-01-17,0x64fbb84b9a101227af977ab5916cdead0de630bb,504.480576
2026-01-17,0x657dd0353bbab3c31a15bebaefe5708f91599384,0.0
2026-01-17,0x66f069a1aa1838b8f435459683a82ec5c4175be1,0.0
2026-01-17,0x696361910177b630d7d98beb66db2a87210111ea,1089.807194
2026-01-17,0x6a70e534e6244e34eca9ca8218640f2d4ee49b42,510.007748
2026-01-17,0x6b9cee98a4ca6cff357f576fb2a6cb2b5e43c39f,578.709226
2026-01-17,0x6f78bc27fa80f127fadb1897f98dde6cfb3c3f94,0.0
2026-01-17,0x7531543d11be70509fd98599cab5e97745dd04ab,513.705297
2026-01-17,0x772ca23497f271c6113fce7c53782f35c304790e,0.0
2026-01-17,0x7743b97525bdf503506288463d39b59b69993cfe,0.0
2026-01-17,0x790d41e2f911b6eecad286c04734036929049793,0.0
2026-01-17,0x7a0222dee3519854468f31154a4349c92814875f,522.545585
2026-01-17,0x7d10bd50494ca1094cb706fadee52345b6139cf9,0.0
2026-01-17,0x7df172e521125054caa01d73c4fb4d30360e1079,500.074662
2026-01-17,0x7f554a7568293db35a6421759c305fee6b60aa9a,0.0
2026-01-17,0x7f99c1b85c831c60d6f534412e4be78cab94a5e5,0.0
2026-01-17,0x8075c55918a91f5fc1f66fb77a7ca0be67a90233,503.029233
2026-01-17,0x84c87d848244e49602f1ce614e46eba81e5f246f,0.0
2026-01-17,0x8633be9e9a5c7c39e9dc9d7ffef0979ce1026e71,0.0
2026-01-17,0x8b6bbe943259e12885529e4d340a0a5822f8d337,0.0
2026-01-17,0x8c298797fb92fb91c1d4a83e5b948f431fe229c6,577.443441
2026-01-17,0x8da35b920fe236a757a0fad93d3a3ab8ea0a24cc,501.32756
2026-01-17,0x8da66f6ee0eedf4376e471d7a507553296e49c19,0.0
2026-01-17,0x9ab1433913c1014e2166b3c7f039d9528b1fc540,0.0
2026-01-17,0x9e231a8b9c247230cb88befafee97a22ae244ee5,0.0
2026-01-17,0xac82362174a32fbbad61efcb0f02b9016b20c768,578.436907
2026-01-17,0xae598104ba092f09470e59e7a4d2349dbbdc3310,501.104314
2026-01-17,0xb57d2a1424ff536ef5debb8761662c72f90f9b66,0.0
2026-01-17,0xc32f2f6217d105d17904f8f495aa122baef4a333,511.011958
2026-01-17,0xcc18c9473f7117e599b3f2103e794b16ffe7cf44,578.364401
2026-01-17,0xcd75160eeafa7227d1eea1dc157f77c3cb0c4688,0.0
2026-01-17,0xd359264dd634edf74d5d00ed06ccc44ab20eeba9,0.0
2026-01-17,0xdf5f43411c47c07ebcf03c16c29f18313e45ca66,520.492244
2026-01-17,0xe3abf7f7d29df6d64128794f64ed3d1b15a5e759,0.0
2026-01-17,0xe4922b8eb9bef6f486564a59987f4e1930c53235,0.0
2026-01-17,0xe6cac97e024e8e1d0d01cd5d1c72fcdcfe78be3d,0.0
2026-01-17,0xea8d6a4caaef55c18da4c1efe7303b0f61b0415c,531.026032
2026-01-17,0xee2a70532e807259fcfd63274ad4e560dcca2613,0.0
2026-01-17,0xf5397ef04201f76a3e97457bc84f27303df20e80,519.004269
2026-01-17,0xf5a89d2608db8fd229a076895f4f8d304e58c3a5,0.0
2026-01-17,0xf9baa2c717f8140d6925d8ff1827abeca1906526,0.0
2026-01-17,0xfaf8dbc45d01261ac417cf3b2843288df47fcacd,0.0
2026-01-17,0xff0034103421a624aa2b2d618fe7602cd6dd3f1d,518.641955
2026-01-17,0xff806c084c40bce44d2facba005f8f1887cce7f4,0.0
2026-01-18,0x04be52434eb64addf373137310551ac42013677c,520.576889
2026-01-18,0x087cdae4009af7974fb808cd4e01414ebf820ab0,500.095771
2026-01-18,0x0c560e8b4c179782ab476dfed8a129b0d64e66e8,1157.144165
2026-01-18,0x218c56f591abc69c40e96a10e7b69c62c2c406ee,514.42252
2026-01-18,0x28cd26d85b4ac655a489aa3f259f81283bd1a804,501.257415
2026-01-18,0x2bcd8898a678050efa5f41f4c6012045dee1b5c3,576.201683
2026-01-18,0x2e5b63b36e7b115229d12c88cd47d471c122eddf,578.618497
2026-01-18,0x349dd66d555a26d890f6bb996ef1eadf9f65bdd3,520.369981
2026-01-18,0x36df841c8c269300335ed74d7729c66bc9dcb37d,579.644574
2026-01-18,0x3787e2720296b4e0119e344e1b64291ed5fea398,0.0
2026-01-18,0x3b63bbf52aa94016b61ee8d6809253f915d61411,578.626728
2026-01-18,0x3d9f3cc0d52ea543116dfebdf3c77819766a64e2,0.0
2026-01-18,0x422cb45f4dcb3f798b53835f8671288d424d881f,0.0
2026-01-18,0x4784a9b16ba5ccb9fb384c0a68448b9e70d357a6,0.0
2026-01-18,0x480f54f40e35739b6ed1dd0cb64ff881c392ff64,0.0
2026-01-18,0x4813ffe82fe058134762df947a9bf453229a010f,0.0
2026-01-18,0x4d571d89c5b71f720dbd271ac60f574402e76add,519.027644
2026-01-18,0x52512f63bfdc0ca4d15e31da6b395c94eb16d563,0.0
2026-01-18,0x583924a6dfa73f20d7cee1f067f56afeccdda38c,600.096255
2026-01-18,0x58c659b1c03d03ab6e7cf1ad6781bfe16a39375d,0.0
2026-01-18,0x5ebd6fc47e018d572695a30406aab2094f5739a5,512.790843
2026-01-18,0x60a50be186c8fedeee7eb8e4162e8052bda6ba0e,725.885208
2026-01-18,0x6194a13d478ba4de00cace380f51190663fd0de0,512.791011
2026-01-18,0x64fbb84b9a101227af977ab5916cdead0de630bb,504.502983
2026-01-18,0x657dd0353bbab3c31a15bebaefe5708f91599384,0.0
2026-01-18,0x66f069a1aa1838b8f435459683a82ec5c4175be1,0.0
2026-01-18,0x696361910177b630d7d98beb66db2a87210111ea,1089.855599
2026-01-18,0x6a70e534e6244e34eca9ca8218640f2d4ee49b42,510.0304
2026-01-18,0x6b9cee98a4ca6cff357f576fb2a6cb2b5e43c39f,578.734929
2026-01-18,0x6f78bc27fa80f127fadb1897f98dde6cfb3c3f94,0.0
2026-01-18,0x7531543d11be70509fd98599cab5e97745dd04ab,513.728114
2026-01-18,0x772ca23497f271c6113fce7c53782f35c304790e,501.35654
2026-01-18,0x7743b97525bdf503506288463d39b59b69993cfe,0.0
2026-01-18,0x790d41e2f911b6eecad286c04734036929049793,0.0
2026-01-18,0x7a0222dee3519854468f31154a4349c92814875f,522.568794
2026-01-18,0x7d10bd50494ca1094cb706fadee52345b6139cf9,0.0
2026-01-18,0x7df172e521125054caa01d73c4fb4d30360e1079,500.096873
2026-01-18,0x7f554a7568293db35a6421759c305fee6b60aa9a,0.0
2026-01-18,0x7f99c1b85c831c60d6f534412e4be78cab94a5e5,0.0
2026-01-18,0x8075c55918a91f5fc1f66fb77a7ca0be67a90233,503.051575
2026-01-18,0x84c87d848244e49602f1ce614e46eba81e5f246f,0.0
2026-01-18,0x8633be9e9a5c7c39e9dc9d7ffef0979ce1026e71,0.0
2026-01-18,0x8b6bbe943259e12885529e4d340a0a5822f8d337,0.0
2026-01-18,0x8c298797fb92fb91c1d4a83e5b948f431fe229c6,577.469089
2026-01-18,0x8da35b920fe236a757a0fad93d3a3ab8ea0a24cc,501.349827
2026-01-18,0x8da66f6ee0eedf4376e471d7a507553296e49c19,0.0
2026-01-18,0x9ab1433913c1014e2166b3c7f039d9528b1fc540,0.0
2026-01-18,0x9e231a8b9c247230cb88befafee97a22ae244ee5,0.0
2026-01-18,0xac82362174a32fbbad61efcb0f02b9016b20c768,578.462598
2026-01-18,0xae598104ba092f09470e59e7a4d2349dbbdc3310,501.126571
2026-01-18,0xb57d2a1424ff536ef5debb8761662c72f90f9b66,0.0
2026-01-18,0xc32f2f6217d105d17904f8f495aa122baef4a333,1014.559004
2026-01-18,0xcc18c9473f7117e599b3f2103e794b16ffe7cf44,578.390089
2026-01-18,0xcd75160eeafa7227d1eea1dc157f77c3cb0c4688,0.0
2026-01-18,0xd359264dd634edf74d5d00ed06ccc44ab20eeba9,0.0
2026-01-18,0xdf5f43411c47c07ebcf03c16c29f18313e45ca66,520.515362
2026-01-18,0xe3abf7f7d29df6d64128794f64ed3d1b15a5e759,0.0
2026-01-18,0xe4922b8eb9bef6f486564a59987f4e1930c53235,0.0
2026-01-18,0xe6cac97e024e8e1d0d01cd5d1c72fcdcfe78be3d,0.0
2026-01-18,0xea8d6a4caaef55c18da4c1efe7303b0f61b0415c,531.049618
2026-01-18,0xee2a70532e807259fcfd63274ad4e560dcca2613,0.0
2026-01-18,0xf5397ef04201f76a3e97457bc84f27303df20e80,519.027321
2026-01-18,0xf5a89d2608db8fd229a076895f4f8d304e58c3a5,0.0
2026-01-18,0xf9baa2c717f8140d6925d8ff1827abeca1906526,0.0
2026-01-18,0xfaf8dbc45d01261ac417cf3b2843288df47fcacd,0.0
2026-01-18,0xff0034103421a624aa2b2d618fe7602cd6dd3f1d,518.66499
2026-01-18,0xff806c084c40bce44d2facba005f8f1887cce7f4,0.0
2026-01-19,0x04be52434eb64addf373137310551ac42013677c,520.599381
2026-01-19,0x087cdae4009af7974fb808cd4e01414ebf820ab0,500.117378
2026-01-19,0x0c560e8b4c179782ab476dfed8a129b0d64e66e8,1157.19416
2026-01-19,0x218c56f591abc69c40e96a10e7b69c62c2c406ee,514.444746
2026-01-19,0x28cd26d85b4ac655a489aa3f259f81283bd1a804,501.279072
2026-01-19,0x2bcd8898a678050efa5f41f4c6012045dee1b5c3,576.226578
2026-01-19,0x2e5b63b36e7b115229d12c88cd47d471c122eddf,578.643497
2026-01-19,0x349dd66d555a26d890f6bb996ef1eadf9f65bdd3,520.392464
2026-01-19,0x36df841c8c269300335ed74d7729c66bc9dcb37d,579.669618
2026-01-19,0x3787e2720296b4e0119e344e1b64291ed5fea398,0.0
2026-01-19,0x3b63bbf52aa94016b61ee8d6809253f915d61411,578.651728
2026-01-19,0x3d9f3cc0d52ea543116dfebdf3c77819766a64e2,508.924718
2026-01-19,0x422cb45f4dcb3f798b53835f8671288d424d881f,0.0
2026-01-19,0x4784a9b16ba5ccb9fb384c0a68448b9e70d357a6,0.0
2026-01-19,0x480f54f40e35739b6ed1dd0cb64ff881c392ff64,0.0
2026-01-19,0x4813ffe82fe058134762df947a9bf453229a010f,0.0
2026-01-19,0x4d571d89c5b71f720dbd271ac60f574402e76add,519.050069
2026-01-19,0x52512f63bfdc0ca4d15e31da6b395c94eb16d563,0.0
2026-01-19,0x583924a6dfa73f20d7cee1f067f56afeccdda38c,600.122182
2026-01-19,0x58c659b1c03d03ab6e7cf1ad6781bfe16a39375d,0.0
2026-01-19,0x5ebd6fc47e018d572695a30406aab2094f5739a5,512.812998
2026-01-19,0x60a50be186c8fedeee7eb8e4162e8052bda6ba0e,725.91657
2026-01-19,0x6194a13d478ba4de00cace380f51190663fd0de0,512.813166
2026-01-19,0x64fbb84b9a101227af977ab5916cdead0de630bb,504.52478
2026-01-19,0x657dd0353bbab3c31a15bebaefe5708f91599384,0.0
2026-01-19,0x66f069a1aa1838b8f435459683a82ec5c4175be1,0.0
2026-01-19,0x696361910177b630d7d98beb66db2a87210111ea,1089.902686
2026-01-19,0x6a70e534e6244e34eca9ca8218640f2d4ee49b42,510.052436
2026-01-19,0x6b9cee98a4ca6cff357f576fb2a6cb2b5e43c39f,578.759934
2026-01-19,0x6f78bc27fa80f127fadb1897f98dde6cfb3c3f94,0.0
2026-01-19,0x7531543d11be70509fd98599cab5e97745dd04ab,513.750309
2026-01-19,0x772ca23497f271c6113fce7c53782f35c304790e,501.378201
2026-01-19,0x7743b97525bdf503506288463d39b59b69993cfe,0.0
2026-01-19,0x790d41e2f911b6eecad286c04734036929049793,0.0
2026-01-19,0x7a0222dee3519854468f31154a4349c92814875f,522.591372
2026-01-19,0x7d10bd50494ca1094cb706fadee52345b6139cf9,500.69647
2026-01-19,0x7df172e521125054caa01d73c4fb4d30360e1079,500.11848
2026-01-19,0x7f554a7568293db35a6421759c305fee6b60aa9a,0.0
2026-01-19,0x7f99c1b85c831c60d6f534412e4be78cab94a5e5,0.0
2026-01-19,0x8075c55918a91f5fc1f66fb77a7ca0be67a90233,503.07331
2026-01-19,0x84c87d848244e49602f1ce614e46eba81e5f246f,0.0
2026-01-19,0x8633be9e9a5c7c39e9dc9d7ffef0979ce1026e71,0.0
2026-01-19,0x8b6bbe943259e12885529e4d340a0a5822f8d337,0.0
2026-01-19,0x8c298797fb92fb91c1d4a83e5b948f431fe229c6,577.494039
2026-01-19,0x8da35b920fe236a757a0fad93d3a3ab8ea0a24cc,501.371488
2026-01-19,0x8da66f6ee0eedf4376e471d7a507553296e49c19,0.0
2026-01-19,0x9ab1433913c1014e2166b3c7f039d9528b1fc540,0.0
2026-01-19,0x9e231a8b9c247230cb88befafee97a22ae244ee5,0.0
2026-01-19,0xac82362174a32fbbad61efcb0f02b9016b20c768,578.487591
2026-01-19,0xae598104ba092f09470e59e7a4d2349dbbdc3310,501.148223
2026-01-19,0xb57d2a1424ff536ef5debb8761662c72f90f9b66,0.0
2026-01-19,0xc32f2f6217d105d17904f8f495aa122baef4a333,1014.602838
2026-01-19,0xcc18c9473f7117e599b3f2103e794b16ffe7cf44,578.415079
2026-01-19,0xcd75160eeafa7227d1eea1dc157f77c3cb0c4688,0.0
2026-01-19,0xd359264dd634edf74d5d00ed06ccc44ab20eeba9,0.0
2026-01-19,0xdf5f43411c47c07ebcf03c16c29f18313e45ca66,520.537851
2026-01-19,0xe3abf7f7d29df6d64128794f64ed3d1b15a5e759,0.0
2026-01-19,0xe4922b8eb9bef6f486564a59987f4e1930c53235,0.0
2026-01-19,0xe6cac97e024e8e1d0d01cd5d1c72fcdcfe78be3d,502.887406
2026-01-19,0xea8d6a4caaef55c18da4c1efe7303b0f61b0415c,531.072562
2026-01-19,0xee2a70532e807259fcfd63274ad4e560dcca2613,0.0
2026-01-19,0xf5397ef04201f76a3e97457bc84f27303df20e80,519.049746
2026-01-19,0xf5a89d2608db8fd229a076895f4f8d304e58c3a5,515.097158
2026-01-19,0xf9baa2c717f8140d6925d8ff1827abeca1906526,0.0
2026-01-19,0xfaf8dbc45d01261ac417cf3b2843288df47fcacd,756.400038
2026-01-19,0xff0034103421a624aa2b2d618fe7602cd6dd3f1d,518.6874
2026-01-19,0xff806c084c40bce44d2facba005f8f1887cce7f4,0.0
2026-01-20,0x04be52434eb64addf373137310551ac42013677c,520.62211
2026-01-20,0x087cdae4009af7974fb808cd4e01414ebf820ab0,500.139214
2026-01-20,0x0c560e8b4c179782ab476dfed8a129b0d64e66e8,1157.244683
2026-01-20,0x218c56f591abc69c40e96a10e7b69c62c2c406ee,514.467207
2026-01-20,0x28cd26d85b4ac655a489aa3f259f81283bd1a804,501.300958
2026-01-20,0x2bcd8898a678050efa5f41f4c6012045dee1b5c3,576.251736
2026-01-20,0x2e5b63b36e7b115229d12c88cd47d471c122eddf,578.668761
2026-01-20,0x349dd66d555a26d890f6bb996ef1eadf9f65bdd3,520.415185
2026-01-20,0x36df841c8c269300335ed74d7729c66bc9dcb37d,579.694926
2026-01-20,0x3787e2720296b4e0119e344e1b64291ed5fea398,0.0
2026-01-20,0x3b63bbf52aa94016b61ee8d6809253f915d61411,578.676992
2026-01-20,0x3d9f3cc0d52ea543116dfebdf3c77819766a64e2,508.946937
2026-01-20,0x422cb45f4dcb3f798b53835f8671288d424d881f,0.0
2026-01-20,0x4784a9b16ba5ccb9fb384c0a68448b9e70d357a6,0.0
2026-01-20,0x480f54f40e35739b6ed1dd0cb64ff881c392ff64,0.0
2026-01-20,0x4813ffe82fe058134762df947a9bf453229a010f,0.0
2026-01-20,0x4d571d89c5b71f720dbd271ac60f574402e76add,519.072731
2026-01-20,0x52512f63bfdc0ca4d15e31da6b395c94eb16d563,500.006178
2026-01-20,0x583924a6dfa73f20d7cee1f067f56afeccdda38c,600.148384
2026-01-20,0x58c659b1c03d03ab6e7cf1ad6781bfe16a39375d,0.0
2026-01-20,0x5ebd6fc47e018d572695a30406aab2094f5739a5,512.835388
2026-01-20,0x60a50be186c8fedeee7eb8e4162e8052bda6ba0e,725.948264
2026-01-20,0x6194a13d478ba4de00cace380f51190663fd0de0,512.835556
2026-01-20,0x64fbb84b9a101227af977ab5916cdead0de630bb,504.546808
2026-01-20,0x657dd0353bbab3c31a15bebaefe5708f91599384,0.0
2026-01-20,0x66f069a1aa1838b8f435459683a82ec5c4175be1,505.036977
2026-01-20,0x696361910177b630d7d98beb66db2a87210111ea,1089.950272
2026-01-20,0x6a70e534e6244e34eca9ca8218640f2d4ee49b42,510.074705
2026-01-20,0x6b9cee98a4ca6cff357f576fb2a6cb2b5e43c39f,578.785203
2026-01-20,0x6f78bc27fa80f127fadb1897f98dde6cfb3c3f94,0.0
2026-01-20,0x7531543d11be70509fd98599cab5e97745dd04ab,513.77274
2026-01-20,0x772ca23497f271c6113fce7c53782f35c304790e,501.400092
2026-01-20,0x7743b97525bdf503506288463d39b59b69993cfe,0.0
2026-01-20,0x790d41e2f911b6eecad286c04734036929049793,0.0
2026-01-20,0x7a0222dee3519854468f31154a4349c92814875f,522.614188
2026-01-20,0x7d10bd50494ca1094cb706fadee52345b6139cf9,500.718331
2026-01-20,0x7df172e521125054caa01d73c4fb4d30360e1079,500.140316
2026-01-20,0x7f554a7568293db35a6421759c305fee6b60aa9a,0.0
2026-01-20,0x7f99c1b85c831c60d6f534412e4be78cab94a5e5,0.0
2026-01-20,0x8075c55918a91f5fc1f66fb77a7ca0be67a90233,503.095274
2026-01-20,0x84c87d848244e49602f1ce614e46eba81e5f246f,0.0
2026-01-20,0x8633be9e9a5c7c39e9dc9d7ffef0979ce1026e71,0.0
2026-01-20,0x8b6bbe943259e12885529e4d340a0a5822f8d337,0.0
2026-01-20,0x8c298797fb92fb91c1d4a83e5b948f431fe229c6,577.519252
2026-01-20,0x8da35b920fe236a757a0fad93d3a3ab8ea0a24cc,501.393378
2026-01-20,0x8da66f6ee0eedf4376e471d7a507553296e49c19,0.0
2026-01-20,0x9ab1433913c1014e2166b3c7f039d9528b1fc540,0.0
2026-01-20,0x9e231a8b9c247230cb88befafee97a22ae244ee5,505.710585
2026-01-20,0xac82362174a32fbbad61efcb0f02b9016b20c768,578.512848
2026-01-20,0xae598104ba092f09470e59e7a4d2349dbbdc3310,501.170103
2026-01-20,0xb57d2a1424ff536ef5debb8761662c72f90f9b66,0.0
2026-01-20,0xc32f2f6217d105d17904f8f495aa122baef4a333,1014.647137
2026-01-20,0xcc18c9473f7117e599b3f2103e794b16ffe7cf44,578.440333
2026-01-20,0xcd75160eeafa7227d1eea1dc157f77c3cb0c4688,0.0
2026-01-20,0xd359264dd634edf74d5d00ed06ccc44ab20eeba9,0.0
2026-01-20,0xdf5f43411c47c07ebcf03c16c29f18313e45ca66,520.560578
2026-01-20,0xe3abf7f7d29df6d64128794f64ed3d1b15a5e759,0.0
2026-01-20,0xe4922b8eb9bef6f486564a59987f4e1930c53235,0.0
2026-01-20,0xe6cac97e024e8e1d0d01cd5d1c72fcdcfe78be3d,502.909362
2026-01-20,0xea8d6a4caaef55c18da4c1efe7303b0f61b0415c,531.095749
2026-01-20,0xee2a70532e807259fcfd63274ad4e560dcca2613,0.0
2026-01-20,0xf5397ef04201f76a3e97457bc84f27303df20e80,519.072408
2026-01-20,0xf5a89d2608db8fd229a076895f4f8d304e58c3a5,515.119647
2026-01-20,0xf9baa2c717f8140d6925d8ff1827abeca1906526,512.194219
2026-01-20,0xfaf8dbc45d01261ac417cf3b2843288df47fcacd,756.433063
2026-01-20,0xff0034103421a624aa2b2d618fe7602cd6dd3f1d,518.710046
2026-01-20,0xff806c084c40bce44d2facba005f8f1887cce7f4,0.0
2026-01-21,0x04be52434eb64addf373137310551ac42013677c,520.656993
2026-01-21,0x087cdae4009af7974fb808cd4e01414ebf820ab0,500.172724
2026-01-21,0x0c560e8b4c179782ab476dfed8a129b0d64e66e8,1157.322221
2026-01-21,0x218c56f591abc69c40e96a10e7b69c62c2c406ee,514.501677
2026-01-21,0x28cd26d85b4ac655a489aa3f259f81283bd1a804,501.334546
2026-01-21,0x2bcd8898a678050efa5f41f4c6012045dee1b5c3,576.290346
2026-01-21,0x2e5b63b36e7b115229d12c88cd47d471c122eddf,578.707532
2026-01-21,0x349dd66d555a26d890f6bb996ef1eadf9f65bdd3,520.450053
2026-01-21,0x36df841c8c269300335ed74d7729c66bc9dcb37d,579.733767
2026-01-21,0x3787e2720296b4e0119e344e1b64291ed5fea398,581.847382
2026-01-21,0x3b63bbf52aa94016b61ee8d6809253f915d61411,578.715765
2026-01-21,0x3d9f3cc0d52ea543116dfebdf3c77819766a64e2,508.981038
2026-01-21,0x422cb45f4dcb3f798b53835f8671288d424d881f,0.0
2026-01-21,0x4784a9b16ba5ccb9fb384c0a68448b9e70d357a6,0.0
2026-01-21,0x480f54f40e35739b6ed1dd0cb64ff881c392ff64,0.0
2026-01-21,0x4813ffe82fe058134762df947a9bf453229a010f,0.0
2026-01-21,0x4d571d89c5b71f720dbd271ac60f574402e76add,519.10751
2026-01-21,0x52512f63bfdc0ca4d15e31da6b395c94eb16d563,500.039679
2026-01-21,0x583924a6dfa73f20d7cee1f067f56afeccdda38c,600.188595
2026-01-21,0x58c659b1c03d03ab6e7cf1ad6781bfe16a39375d,0.0
2026-01-21,0x5ebd6fc47e018d572695a30406aab2094f5739a5,512.869749
2026-01-21,0x60a50be186c8fedeee7eb8e4162e8052bda6ba0e,725.996904
2026-01-21,0x6194a13d478ba4de00cace380f51190663fd0de0,512.869917
2026-01-21,0x64fbb84b9a101227af977ab5916cdead0de630bb,504.580614
2026-01-21,0x657dd0353bbab3c31a15bebaefe5708f91599384,511.241995
2026-01-21,0x66f069a1aa1838b8f435459683a82ec5c4175be1,505.070815
2026-01-21,0x696361910177b630d7d98beb66db2a87210111ea,1090.023301
2026-01-21,0x6a70e534e6244e34eca9ca8218640f2d4ee49b42,510.108881
2026-01-21,0x6b9cee98a4ca6cff357f576fb2a6cb2b5e43c39f,578.823982
2026-01-21,0x6f78bc27fa80f127fadb1897f98dde6cfb3c3f94,0.0
2026-01-21,0x7531543d11be70509fd98599cab5e97745dd04ab,513.807164
2026-01-21,0x772ca23497f271c6113fce7c53782f35c304790e,501.433686
2026-01-21,0x7743b97525bdf503506288463d39b59b69993cfe,0.0
2026-01-21,0x790d41e2f911b6eecad286c04734036929049793,0.0
2026-01-21,0x7a0222dee3519854468f31154a4349c92814875f,522.649204
2026-01-21,0x7d10bd50494ca1094cb706fadee52345b6139cf9,500.751844
2026-01-21,0x7df172e521125054caa01d73c4fb4d30360e1079,500.173826
2026-01-21,0x7f554a7568293db35a6421759c305fee6b60aa9a,510.741178
2026-01-21,0x7f99c1b85c831c60d6f534412e4be78cab94a5e5,0.0
2026-01-21,0x8075c55918a91f5fc1f66fb77a7ca0be67a90233,503.128982
2026-01-21,0x84c87d848244e49602f1ce614e46eba81e5f246f,0.0
2026-01-21,0x8633be9e9a5c7c39e9dc9d7ffef0979ce1026e71,0.0
2026-01-21,0x8b6bbe943259e12885529e4d340a0a5822f8d337,0.0
2026-01-21,0x8c298797fb92fb91c1d4a83e5b948f431fe229c6,577.557947
2026-01-21,0x8da35b920fe236a757a0fad93d3a3ab8ea0a24cc,501.426972
2026-01-21,0x8da66f6ee0eedf4376e471d7a507553296e49c19,0.0
2026-01-21,0x9ab1433913c1014e2166b3c7f039d9528b1fc540,0.0
2026-01-21,0x9e231a8b9c247230cb88befafee97a22ae244ee5,505.744469
2026-01-21,0xac82362174a32fbbad61efcb0f02b9016b20c768,578.55161
2026-01-21,0xae598104ba092f09470e59e7a4d2349dbbdc3310,501.203682
2026-01-21,0xb57d2a1424ff536ef5debb8761662c72f90f9b66,0.0
2026-01-21,0xc32f2f6217d105d17904f8f495aa122baef4a333,1014.71512
2026-01-21,0xcc18c9473f7117e599b3f2103e794b16ffe7cf44,578.479089
2026-01-21,0xcd75160eeafa7227d1eea1dc157f77c3cb0c4688,0.0
2026-01-21,0xd359264dd634edf74d5d00ed06ccc44ab20eeba9,503.007411
2026-01-21,0xdf5f43411c47c07ebcf03c16c29f18313e45ca66,520.595456
2026-01-21,0xe3abf7f7d29df6d64128794f64ed3d1b15a5e759,0.0
2026-01-21,0xe4922b8eb9bef6f486564a59987f4e1930c53235,0.0
2026-01-21,0xe6cac97e024e8e1d0d01cd5d1c72fcdcfe78be3d,502.943058
2026-01-21,0xea8d6a4caaef55c18da4c1efe7303b0f61b0415c,531.131333
2026-01-21,0xee2a70532e807259fcfd63274ad4e560dcca2613,511.428311
2026-01-21,0xf5397ef04201f76a3e97457bc84f27303df20e80,519.107187
2026-01-21,0xf5a89d2608db8fd229a076895f4f8d304e58c3a5,515.154161
2026-01-21,0xf9baa2c717f8140d6925d8ff1827abeca1906526,512.228537
2026-01-21,0xfaf8dbc45d01261ac417cf3b2843288df47fcacd,756.483745
2026-01-21,0xff0034103421a624aa2b2d618fe7602cd6dd3f1d,518.7448
2026-01-21,0xff806c084c40bce44d2facba005f8f1887cce7f4,0.0
2026-01-22,0x04be52434eb64addf373137310551ac42013677c,520.704143
2026-01-22,0x087cdae4009af7974fb808cd4e01414ebf820ab0,500.218019
2026-01-22,0x0c560e8b4c179782ab476dfed8a129b0d64e66e8,1157.427027
2026-01-22,0x218c56f591abc69c40e96a10e7b69c62c2c406ee,514.54827
2026-01-22,0x28cd26d85b4ac655a489aa3f259f81283bd1a804,501.379947
2026-01-22,0x2bcd8898a678050efa5f41f4c6012045dee1b5c3,576.342535
2026-01-22,0x2e5b63b36e7b115229d12c88cd47d471c122eddf,1162.453231
2026-01-22,0x349dd66d555a26d890f6bb996ef1eadf9f65bdd3,520.497185
2026-01-22,0x36df841c8c269300335ed74d7729c66bc9dcb37d,579.786267
2026-01-22,0x3787e2720296b4e0119e344e1b64291ed5fea398,581.900074
2026-01-22,0x3b63bbf52aa94016b61ee8d6809253f915d61411,578.768173
2026-01-22,0x3d9f3cc0d52ea543116dfebdf3c77819766a64e2,509.027131
2026-01-22,0x422cb45f4dcb3f798b53835f8671288d424d881f,0.0
2026-01-22,0x4784a9b16ba5ccb9fb384c0a68448b9e70d357a6,0.0
2026-01-22,0x480f54f40e35739b6ed1dd0cb64ff881c392ff64,0.0
2026-01-22,0x4813ffe82fe058134762df947a9bf453229a010f,0.0
2026-01-22,0x4d571d89c5b71f720dbd271ac60f574402e76add,519.15452
2026-01-22,0x52512f63bfdc0ca4d15e31da6b395c94eb16d563,500.084962
2026-01-22,0x583924a6dfa73f20d7cee1f067f56afeccdda38c,600.242947
2026-01-22,0x58c659b1c03d03ab6e7cf1ad6781bfe16a39375d,0.0
2026-01-22,0x5ebd6fc47e018d572695a30406aab2094f5739a5,512.916194
2026-01-22,0x60a50be186c8fedeee7eb8e4162e8052bda6ba0e,726.06265
2026-01-22,0x6194a13d478ba4de00cace380f51190663fd0de0,512.916362
2026-01-22,0x64fbb84b9a101227af977ab5916cdead0de630bb,504.626308
2026-01-22,0x657dd0353bbab3c31a15bebaefe5708f91599384,511.288292
2026-01-22,0x66f069a1aa1838b8f435459683a82ec5c4175be1,505.116554
2026-01-22,0x696361910177b630d7d98beb66db2a87210111ea,1090.122012
2026-01-22,0x6a70e534e6244e34eca9ca8218640f2d4ee49b42,510.155076
2026-01-22,0x6b9cee98a4ca6cff357f576fb2a6cb2b5e43c39f,578.8764
2026-01-22,0x6f78bc27fa80f127fadb1897f98dde6cfb3c3f94,0.0
2026-01-22,0x7531543d11be70509fd98599cab5e97745dd04ab,513.853694
2026-01-22,0x772ca23497f271c6113fce7c53782f35c304790e,501.479096
2026-01-22,0x7743b97525bdf503506288463d39b59b69993cfe,0.0
2026-01-22,0x790d41e2f911b6eecad286c04734036929049793,0.0
2026-01-22,0x7a0222dee3519854468f31154a4349c92814875f,522.696535
2026-01-22,0x7d10bd50494ca1094cb706fadee52345b6139cf9,500.797192
2026-01-22,0x7df172e521125054caa01d73c4fb4d30360e1079,500.219121
2026-01-22,0x7f554a7568293db35a6421759c305fee6b60aa9a,510.78743
2026-01-22,0x7f99c1b85c831c60d6f534412e4be78cab94a5e5,0.0
2026-01-22,0x8075c55918a91f5fc1f66fb77a7ca0be67a90233,503.174545
2026-01-22,0x84c87d848244e49602f1ce614e46eba81e5f246f,0.0
2026-01-22,0x8633be9e9a5c7c39e9dc9d7ffef0979ce1026e71,524.291322
2026-01-22,0x8b6bbe943259e12885529e4d340a0a5822f8d337,0.0
2026-01-22,0x8c298797fb92fb91c1d4a83e5b948f431fe229c6,577.61025
2026-01-22,0x8da35b920fe236a757a0fad93d3a3ab8ea0a24cc,501.472381
2026-01-22,0x8da66f6ee0eedf4376e471d7a507553296e49c19,0.0
2026-01-22,0x9ab1433913c1014e2166b3c7f039d9528b1fc540,0.0
2026-01-22,0x9e231a8b9c247230cb88befafee97a22ae244ee5,505.790268
2026-01-22,0xac82362174a32fbbad61efcb0f02b9016b20c768,578.604003
2026-01-22,0xae598104ba092f09470e59e7a4d2349dbbdc3310,501.249071
2026-01-22,0xb57d2a1424ff536ef5debb8761662c72f90f9b66,0.0
2026-01-22,0xc32f2f6217d105d17904f8f495aa122baef4a333,1014.807012
2026-01-22,0xcc18c9473f7117e599b3f2103e794b16ffe7cf44,578.531476
2026-01-22,0xcd75160eeafa7227d1eea1dc157f77c3cb0c4688,0.0
2026-01-22,0xd359264dd634edf74d5d00ed06ccc44ab20eeba9,503.052963
2026-01-22,0xdf5f43411c47c07ebcf03c16c29f18313e45ca66,520.642601
2026-01-22,0xe3abf7f7d29df6d64128794f64ed3d1b15a5e759,0.0
2026-01-22,0xe4922b8eb9bef6f486564a59987f4e1930c53235,526.13205
2026-01-22,0xe6cac97e024e8e1d0d01cd5d1c72fcdcfe78be3d,502.988604
2026-01-22,0xea8d6a4caaef55c18da4c1efe7303b0f61b0415c,531.179432
2026-01-22,0xee2a70532e807259fcfd63274ad4e560dcca2613,511.474625
2026-01-22,0xf5397ef04201f76a3e97457bc84f27303df20e80,519.154197
2026-01-22,0xf5a89d2608db8fd229a076895f4f8d304e58c3a5,515.200813
2026-01-22,0xf9baa2c717f8140d6925d8ff1827abeca1906526,512.274924
2026-01-22,0xfaf8dbc45d01261ac417cf3b2843288df47fcacd,756.552252
2026-01-22,0xff0034103421a624aa2b2d618fe7602cd6dd3f1d,518.791777
2026-01-22,0xff806c084c40bce44d2facba005f8f1887cce7f4,0.0
2026-01-23,0x04be52434eb64addf373137310551ac42013677c,520.7391
2026-01-23,0x087cdae4009af7974fb808cd4e01414ebf820ab0,500.251601
2026-01-23,0x0c560e8b4c179782ab476dfed8a129b0d64e66e8,1157.50473
2026-01-23,0x218c56f591abc69c40e96a10e7b69c62c2c406ee,514.582814
2026-01-23,0x28cd26d85b4ac655a489aa3f259f81283bd1a804,501.413607
2026-01-23,0x2bcd8898a678050efa5f41f4c6012045dee1b5c3,576.381227
2026-01-23,0x2e5b63b36e7b115229d12c88cd47d471c122eddf,1162.531272
2026-01-23,0x349dd66d555a26d890f6bb996ef1eadf9f65bdd3,520.532128
2026-01-23,0x36df841c8c269300335ed74d7729c66bc9dcb37d,579.825191
2026-01-23,0x3787e2720296b4e0119e344e1b64291ed5fea398,581.93914
2026-01-23,0x3b63bbf52aa94016b61ee8d6809253f915d61411,578.807028
2026-01-23,0x3d9f3cc0d52ea543116dfebdf3c77819766a64e2,509.061304
2026-01-23,0x422cb45f4dcb3f798b53835f8671288d424d881f,0.0
2026-01-23,0x4784a9b16ba5ccb9fb384c0a68448b9e70d357a6,502.39136
2026-01-23,0x480f54f40e35739b6ed1dd0cb64ff881c392ff64,510.526302
2026-01-23,0x4813ffe82fe058134762df947a9bf453229a010f,585.280605
2026-01-23,0x4d571d89c5b71f720dbd271ac60f574402e76add,519.189373
2026-01-23,0x52512f63bfdc0ca4d15e31da6b395c94eb16d563,500.118535
2026-01-23,0x583924a6dfa73f20d7cee1f067f56afeccdda38c,600.283244
2026-01-23,0x58c659b1c03d03ab6e7cf1ad6781bfe16a39375d,0.0
2026-01-23,0x5ebd6fc47e018d572695a30406aab2094f5739a5,512.950628
2026-01-23,0x60a50be186c8fedeee7eb8e4162e8052bda6ba0e,726.111394
2026-01-23,0x6194a13d478ba4de00cace380f51190663fd0de0,512.950796
2026-01-23,0x64fbb84b9a101227af977ab5916cdead0de630bb,504.660186
2026-01-23,0x657dd0353bbab3c31a15bebaefe5708f91599384,511.322618
2026-01-23,0x66f069a1aa1838b8f435459683a82ec5c4175be1,505.150465
2026-01-23,0x696361910177b630d7d98beb66db2a87210111ea,1090.195197
2026-01-23,0x6a70e534e6244e34eca9ca8218640f2d4ee49b42,510.189325
2026-01-23,0x6b9cee98a4ca6cff357f576fb2a6cb2b5e43c39f,578.915263
2026-01-23,0x6f78bc27fa80f127fadb1897f98dde6cfb3c3f94,509.865519
2026-01-23,0x7531543d11be70509fd98599cab5e97745dd04ab,513.888191
2026-01-23,0x772ca23497f271c6113fce7c53782f35c304790e,501.512762
2026-01-23,0x7743b97525bdf503506288463d39b59b69993cfe,0.0
2026-01-23,0x790d41e2f911b6eecad286c04734036929049793,513.459541
2026-01-23,0x7a0222dee3519854468f31154a4349c92814875f,522.731626
2026-01-23,0x7d10bd50494ca1094cb706fadee52345b6139cf9,500.830813
2026-01-23,0x7df172e521125054caa01d73c4fb4d30360e1079,500.252703
2026-01-23,0x7f554a7568293db35a6421759c305fee6b60aa9a,510.821722
2026-01-23,0x7f99c1b85c831c60d6f534412e4be78cab94a5e5,509.387721
2026-01-23,0x8075c55918a91f5fc1f66fb77a7ca0be67a90233,503.208326
2026-01-23,0x84c87d848244e49602f1ce614e46eba81e5f246f,507.685447
2026-01-23,0x8633be9e9a5c7c39e9dc9d7ffef0979ce1026e71,524.32652
2026-01-23,0x8b6bbe943259e12885529e4d340a0a5822f8d337,0.0
2026-01-23,0x8c298797fb92fb91c1d4a83e5b948f431fe229c6,577.649028
2026-01-23,0x8da35b920fe236a757a0fad93d3a3ab8ea0a24cc,501.506047
2026-01-23,0x8da66f6ee0eedf4376e471d7a507553296e49c19,0.0
2026-01-23,0x9ab1433913c1014e2166b3c7f039d9528b1fc540,520.018626
2026-01-23,0x9e231a8b9c247230cb88befafee97a22ae244ee5,505.824224
2026-01-23,0xac82362174a32fbbad61efcb0f02b9016b20c768,578.642847
2026-01-23,0xae598104ba092f09470e59e7a4d2349dbbdc3310,501.282722
2026-01-23,0xb57d2a1424ff536ef5debb8761662c72f90f9b66,0.0
2026-01-23,0xc32f2f6217d105d17904f8f495aa122baef4a333,1014.87514
2026-01-23,0xcc18c9473f7117e599b3f2103e794b16ffe7cf44,578.570315
2026-01-23,0xcd75160eeafa7227d1eea1dc157f77c3cb0c4688,511.642028
2026-01-23,0xd359264dd634edf74d5d00ed06ccc44ab20eeba9,503.086735
2026-01-23,0xdf5f43411c47c07ebcf03c16c29f18313e45ca66,520.677554
2026-01-23,0xe3abf7f7d29df6d64128794f64ed3d1b15a5e759,0.0
2026-01-23,0xe4922b8eb9bef6f486564a59987f4e1930c53235,526.167372
2026-01-23,0xe6cac97e024e8e1d0d01cd5d1c72fcdcfe78be3d,503.022372
2026-01-23,0xea8d6a4caaef55c18da4c1efe7303b0f61b0415c,531.215092
2026-01-23,0xee2a70532e807259fcfd63274ad4e560dcca2613,511.508963
2026-01-23,0xf5397ef04201f76a3e97457bc84f27303df20e80,519.18905
2026-01-23,0xf5a89d2608db8fd229a076895f4f8d304e58c3a5,515.235401
2026-01-23,0xf9baa2c717f8140d6925d8ff1827abeca1906526,512.309315
2026-01-23,0xfaf8dbc45d01261ac417cf3b2843288df47fcacd,756.603043
2026-01-23,0xff0034103421a624aa2b2d618fe7602cd6dd3f1d,518.826606
2026-01-23,0xff806c084c40bce44d2facba005f8f1887cce7f4,0.0
2026-01-24,0x04be52434eb64addf373137310551ac42013677c,520.77333
2026-01-24,0x087cdae4009af7974fb808cd4e01414ebf820ab0,500.284484
2026-01-24,0x0c560e8b4c179782ab476dfed8a129b0d64e66e8,1157.580817
2026-01-24,0x218c56f591abc69c40e96a10e7b69c62c2c406ee,514.616639
2026-01-24,0x28cd26d85b4ac655a489aa3f259f81283bd1a804,501.446566
2026-01-24,0x2bcd8898a678050efa5f41f4c6012045dee1b5c3,576.419115
2026-01-24,0x2e5b63b36e7b115229d12c88cd47d471c122eddf,1162.607689
2026-01-24,0x349dd66d555a26d890f6bb996ef1eadf9f65bdd3,520.566345
2026-01-24,0x36df841c8c269300335ed74d7729c66bc9dcb37d,579.863305
2026-01-24,0x3787e2720296b4e0119e344e1b64291ed5fea398,581.977393
2026-01-24,0x3b63bbf52aa94016b61ee8d6809253f915d61411,578.845075
2026-01-24,0x3d9f3cc0d52ea543116dfebdf3c77819766a64e2,509.094766
2026-01-24,0x422cb45f4dcb3f798b53835f8671288d424d881f,561.987395
2026-01-24,0x4784a9b16ba5ccb9fb384c0a68448b9e70d357a6,502.424384
2026-01-24,0x480f54f40e35739b6ed1dd0cb64ff881c392ff64,510.559861
2026-01-24,0x4813ffe82fe058134762df947a9bf453229a010f,585.319077
2026-01-24,0x4d571d89c5b71f720dbd271ac60f574402e76add,519.223501
2026-01-24,0x52512f63bfdc0ca4d15e31da6b395c94eb16d563,500.15141
2026-01-24,0x583924a6dfa73f20d7cee1f067f56afeccdda38c,600.322703
2026-01-24,0x58c659b1c03d03ab6e7cf1ad6781bfe16a39375d,0.0
2026-01-24,0x5ebd6fc47e018d572695a30406aab2094f5739a5,512.984346
2026-01-24,0x60a50be186c8fedeee7eb8e4162e8052bda6ba0e,726.159123
2026-01-24,0x6194a13d478ba4de00cace380f51190663fd0de0,512.984514
2026-01-24,0x64fbb84b9a101227af977ab5916cdead0de630bb,504.693359
2026-01-24,0x657dd0353bbab3c31a15bebaefe5708f91599384,511.356229
2026-01-24,0x66f069a1aa1838b8f435459683a82ec5c4175be1,505.18367
2026-01-24,0x696361910177b630d7d98beb66db2a87210111ea,1090.26686
2026-01-24,0x6a70e534e6244e34eca9ca8218640f2d4ee49b42,510.222862
2026-01-24,0x6b9cee98a4ca6cff357f576fb2a6cb2b5e43c39f,578.953317
2026-01-24,0x6f78bc27fa80f127fadb1897f98dde6cfb3c3f94,509.899034
2026-01-24,0x7531543d11be70509fd98599cab5e97745dd04ab,513.921971
2026-01-24,0x772ca23497f271c6113fce7c53782f35c304790e,501.545729
2026-01-24,0x7743b97525bdf503506288463d39b59b69993cfe,0.0
2026-01-24,0x790d41e2f911b6eecad286c04734036929049793,513.493293
2026-01-24,0x7a0222dee3519854468f31154a4349c92814875f,522.765987
2026-01-24,0x7d10bd50494ca1094cb706fadee52345b6139cf9,500.863734
2026-01-24,0x7df172e521125054caa01d73c4fb4d30360e1079,500.285587
2026-01-24,0x7f554a7568293db35a6421759c305fee6b60aa9a,510.8553
2026-01-24,0x7f99c1b85c831c60d6f534412e4be78cab94a5e5,509.421205
2026-01-24,0x8075c55918a91f5fc1f66fb77a7ca0be67a90233,503.241403
2026-01-24,0x84c87d848244e49602f1ce614e46eba81e5f246f,507.718819
2026-01-24,0x8633be9e9a5c7c39e9dc9d7ffef0979ce1026e71,524.360986
2026-01-24,0x8b6bbe943259e12885529e4d340a0a5822f8d337,0.0
2026-01-24,0x8c298797fb92fb91c1d4a83e5b948f431fe229c6,577.686999
2026-01-24,0x8da35b920fe236a757a0fad93d3a3ab8ea0a24cc,501.539013
2026-01-24,0x8da66f6ee0eedf4376e471d7a507553296e49c19,0.0
2026-01-24,0x9ab1433913c1014e2166b3c7f039d9528b1fc540,520.052808
2026-01-24,0x9e231a8b9c247230cb88befafee97a22ae244ee5,505.857474
2026-01-24,0xac82362174a32fbbad61efcb0f02b9016b20c768,578.680883
2026-01-24,0xae598104ba092f09470e59e7a4d2349dbbdc3310,501.315673
2026-01-24,0xb57d2a1424ff536ef5debb8761662c72f90f9b66,0.0
2026-01-24,0xc32f2f6217d105d17904f8f495aa122baef4a333,1014.941852
2026-01-24,0xcc18c9473f7117e599b3f2103e794b16ffe7cf44,578.608347
2026-01-24,0xcd75160eeafa7227d1eea1dc157f77c3cb0c4688,511.67566
2026-01-24,0xd359264dd634edf74d5d00ed06ccc44ab20eeba9,503.119805
2026-01-24,0xdf5f43411c47c07ebcf03c16c29f18313e45ca66,520.71178
2026-01-24,0xe3abf7f7d29df6d64128794f64ed3d1b15a5e759,0.0
2026-01-24,0xe4922b8eb9bef6f486564a59987f4e1930c53235,526.201959
2026-01-24,0xe6cac97e024e8e1d0d01cd5d1c72fcdcfe78be3d,503.055438
2026-01-24,0xea8d6a4caaef55c18da4c1efe7303b0f61b0415c,531.250011
2026-01-24,0xee2a70532e807259fcfd63274ad4e560dcca2613,511.542586
2026-01-24,0xf5397ef04201f76a3e97457bc84f27303df20e80,519.223178
2026-01-24,0xf5a89d2608db8fd229a076895f4f8d304e58c3a5,515.269269
2026-01-24,0xf9baa2c717f8140d6925d8ff1827abeca1906526,512.342991
2026-01-24,0xfaf8dbc45d01261ac417cf3b2843288df47fcacd,756.652777
2026-01-24,0xff0034103421a624aa2b2d618fe7602cd6dd3f1d,518.860711
2026-01-24,0xff806c084c40bce44d2facba005f8f1887cce7f4,0.0
2026-01-25,0x04be52434eb64addf373137310551ac42013677c,520.808814
2026-01-25,0x087cdae4009af7974fb808cd4e01414ebf820ab0,500.318572
2026-01-25,0x0c560e8b4c179782ab476dfed8a129b0d64e66e8,1157.65969
2026-01-25,0x218c56f591abc69c40e96a10e7b69c62c2c406ee,514.651703
2026-01-25,0x28cd26d85b4ac655a489aa3f259f81283bd1a804,501.480733
2026-01-25,0x2bcd8898a678050efa5f41f4c6012045dee1b5c3,576.45839
2026-01-25,0x2e5b63b36e7b115229d12c88cd47d471c122eddf,1162.686905
2026-01-25,0x349dd66d555a26d890f6bb996ef1eadf9f65bdd3,520.601814
2026-01-25,0x36df841c8c269300335ed74d7729c66bc9dcb37d,579.902814
2026-01-25,0x3787e2720296b4e0119e344e1b64291ed5fea398,582.017046
2026-01-25,0x3b63bbf52aa94016b61ee8d6809253f915d61411,578.884515
2026-01-25,0x3d9f3cc0d52ea543116dfebdf3c77819766a64e2,509.129454
2026-01-25,0x422cb45f4dcb3f798b53835f8671288d424d881f,562.025686
2026-01-25,0x4784a9b16ba5ccb9fb384c0a68448b9e70d357a6,502.458617
2026-01-25,0x480f54f40e35739b6ed1dd0cb64ff881c392ff64,510.594648
2026-01-25,0x4813ffe82fe058134762df947a9bf453229a010f,585.358959
2026-01-25,0x4d571d89c5b71f720dbd271ac60f574402e76add,519.258879
2026-01-25,0x52512f63bfdc0ca4d15e31da6b395c94eb16d563,500.185488
2026-01-25,0x583924a6dfa73f20d7cee1f067f56afeccdda38c,600.363607
2026-01-25,0x58c659b1c03d03ab6e7cf1ad6781bfe16a39375d,0.0
2026-01-25,0x5ebd6fc47e018d572695a30406aab2094f5739a5,513.019299
2026-01-25,0x60a50be186c8fedeee7eb8e4162e8052bda6ba0e,726.208601
2026-01-25,0x6194a13d478ba4de00cace380f51190663fd0de0,513.019467
2026-01-25,0x64fbb84b9a101227af977ab5916cdead0de630bb,504.727747
2026-01-25,0x657dd0353bbab3c31a15bebaefe5708f91599384,511.39107
2026-01-25,0x66f069a1aa1838b8f435459683a82ec5c4175be1,505.218091
2026-01-25,0x696361910177b630d7d98beb66db2a87210111ea,1090.341146
2026-01-25,0x6a70e534e6244e34eca9ca8218640f2d4ee49b42,510.257626
2026-01-25,0x6b9cee98a4ca6cff357f576fb2a6cb2b5e43c39f,578.992764
2026-01-25,0x6f78bc27fa80f127fadb1897f98dde6cfb3c3f94,509.933777
2026-01-25,0x7531543d11be70509fd98599cab5e97745dd04ab,513.956987
2026-01-25,0x772ca23497f271c6113fce7c53782f35c304790e,501.579902
2026-01-25,0x7743b97525bdf503506288463d39b59b69993cfe,0.0
2026-01-25,0x790d41e2f911b6eecad286c04734036929049793,513.52828
2026-01-25,0x7a0222dee3519854468f31154a4349c92814875f,522.801606
2026-01-25,0x7d10bd50494ca1094cb706fadee52345b6139cf9,500.897861
2026-01-25,0x7df172e521125054caa01d73c4fb4d30360e1079,500.319674
2026-01-25,0x7f554a7568293db35a6421759c305fee6b60aa9a,510.890108
2026-01-25,0x7f99c1b85c831c60d6f534412e4be78cab94a5e5,509.455914
2026-01-25,0x8075c55918a91f5fc1f66fb77a7ca0be67a90233,503.275692
2026-01-25,0x84c87d848244e49602f1ce614e46eba81e5f246f,507.753413
2026-01-25,0x8633be9e9a5c7c39e9dc9d7ffef0979ce1026e71,524.396714
2026-01-25,0x8b6bbe943259e12885529e4d340a0a5822f8d337,0.0
2026-01-25,0x8c298797fb92fb91c1d4a83e5b948f431fe229c6,577.72636
2026-01-25,0x8da35b920fe236a757a0fad93d3a3ab8ea0a24cc,501.573186
2026-01-25,0x8da66f6ee0eedf4376e471d7a507553296e49c19,0.0
2026-01-25,0x9ab1433913c1014e2166b3c7f039d9528b1fc540,520.088242
2026-01-25,0x9e231a8b9c247230cb88befafee97a22ae244ee5,505.891941
2026-01-25,0xac82362174a32fbbad61efcb0f02b9016b20c768,578.720312
2026-01-25,0xae598104ba092f09470e59e7a4d2349dbbdc3310,501.349831
2026-01-25,0xb57d2a1424ff536ef5debb8761662c72f90f9b66,0.0
2026-01-25,0xc32f2f6217d105d17904f8f495aa122baef4a333,1015.011005
2026-01-25,0xcc18c9473f7117e599b3f2103e794b16ffe7cf44,578.647771
2026-01-25,0xcd75160eeafa7227d1eea1dc157f77c3cb0c4688,511.710523
2026-01-25,0xd359264dd634edf74d5d00ed06ccc44ab20eeba9,503.154085
2026-01-25,0xdf5f43411c47c07ebcf03c16c29f18313e45ca66,520.747259
2026-01-25,0xe3abf7f7d29df6d64128794f64ed3d1b15a5e759,510.71009
2026-01-25,0xe4922b8eb9bef6f486564a59987f4e1930c53235,526.237812
2026-01-25,0xe6cac97e024e8e1d0d01cd5d1c72fcdcfe78be3d,503.089714
2026-01-25,0xea8d6a4caaef55c18da4c1efe7303b0f61b0415c,531.286208
2026-01-25,0xee2a70532e807259fcfd63274ad4e560dcca2613,511.577441
2026-01-25,0xf5397ef04201f76a3e97457bc84f27303df20e80,519.258556
2026-01-25,0xf5a89d2608db8fd229a076895f4f8d304e58c3a5,515.304377
2026-01-25,0xf9baa2c717f8140d6925d8ff1827abeca1906526,512.3779
2026-01-25,0xfaf8dbc45d01261ac417cf3b2843288df47fcacd,756.704332
2026-01-25,0xff0034103421a624aa2b2d618fe7602cd6dd3f1d,518.896064
2026-01-25,0xff806c084c40bce44d2facba005f8f1887cce7f4,0.0
2026-01-26,0x04be52434eb64addf373137310551ac42013677c,520.843453
2026-01-26,0x087cdae4009af7974fb808cd4e01414ebf820ab0,500.351848
2026-01-26,0x0c560e8b4c179782ab476dfed8a129b0d64e66e8,1157.736687
2026-01-26,0x218c56f591abc69c40e96a10e7b69c62c2c406ee,514.685933
2026-01-26,0x28cd26d85b4ac655a489aa3f259f81283bd1a804,501.514087
2026-01-26,0x2bcd8898a678050efa5f41f4c6012045dee1b5c3,576.49673
2026-01-26,0x2e5b63b36e7b115229d12c88cd47d471c122eddf,1162.764236
2026-01-26,0x349dd66d555a26d890f6bb996ef1eadf9f65bdd3,520.636439
2026-01-26,0x36df841c8c269300335ed74d7729c66bc9dcb37d,579.941384
2026-01-26,0x3787e2720296b4e0119e344e1b64291ed5fea398,582.055756
2026-01-26,0x3b63bbf52aa94016b61ee8d6809253f915d61411,578.923017
2026-01-26,0x3d9f3cc0d52ea543116dfebdf3c77819766a64e2,509.163317
2026-01-26,0x422cb45f4dcb3f798b53835f8671288d424d881f,562.063067
2026-01-26,0x4784a9b16ba5ccb9fb384c0a68448b9e70d357a6,502.492036
2026-01-26,0x480f54f40e35739b6ed1dd0cb64ff881c392ff64,510.628608
2026-01-26,0x4813ffe82fe058134762df947a9bf453229a010f,585.397891
2026-01-26,0x4d571d89c5b71f720dbd271ac60f574402e76add,519.293415
2026-01-26,0x52512f63bfdc0ca4d15e31da6b395c94eb16d563,500.218756
2026-01-26,0x583924a6dfa73f20d7cee1f067f56afeccdda38c,600.403537
2026-01-26,0x58c659b1c03d03ab6e7cf1ad6781bfe16a39375d,512.607174
2026-01-26,0x5ebd6fc47e018d572695a30406aab2094f5739a5,513.05342
2026-01-26,0x60a50be186c8fedeee7eb8e4162e8052bda6ba0e,726.256902
2026-01-26,0x6194a13d478ba4de00cace380f51190663fd0de0,513.053588
2026-01-26,0x64fbb84b9a101227af977ab5916cdead0de630bb,504.761317
2026-01-26,0x657dd0353bbab3c31a15bebaefe5708f91599384,511.425083
2026-01-26,0x66f069a1aa1838b8f435459683a82ec5c4175be1,505.251694
2026-01-26,0x696361910177b630d7d98beb66db2a87210111ea,1090.413665
2026-01-26,0x6a70e534e6244e34eca9ca8218640f2d4ee49b42,510.291564
2026-01-26,0x6b9cee98a4ca6cff357f576fb2a6cb2b5e43c39f,579.031274
2026-01-26,0x6f78bc27fa80f127fadb1897f98dde6cfb3c3f94,509.967693
2026-01-26,0x7531543d11be70509fd98599cab5e97745dd04ab,513.991171
2026-01-26,0x772ca23497f271c6113fce7c53782f35c304790e,501.613262
2026-01-26,0x7743b97525bdf503506288463d39b59b69993cfe,500.60824
2026-01-26,0x790d41e2f911b6eecad286c04734036929049793,513.562435
2026-01-26,0x7a0222dee3519854468f31154a4349c92814875f,522.836378
2026-01-26,0x7d10bd50494ca1094cb706fadee52345b6139cf9,500.931176
2026-01-26,0x7df172e521125054caa01d73c4fb4d30360e1079,500.352951
2026-01-26,0x7f554a7568293db35a6421759c305fee6b60aa9a,510.924087
2026-01-26,0x7f99c1b85c831c60d6f534412e4be78cab94a5e5,509.489799
2026-01-26,0x8075c55918a91f5fc1f66fb77a7ca0be67a90233,503.309166
2026-01-26,0x84c87d848244e49602f1ce614e46eba81e5f246f,507.787184
2026-01-26,0x8633be9e9a5c7c39e9dc9d7ffef0979ce1026e71,524.431592
2026-01-26,0x8b6bbe943259e12885529e4d340a0a5822f8d337,0.0
2026-01-26,0x8c298797fb92fb91c1d4a83e5b948f431fe229c6,577.764785
2026-01-26,0x8da35b920fe236a757a0fad93d3a3ab8ea0a24cc,501.606546
2026-01-26,0x8da66f6ee0eedf4376e471d7a507553296e49c19,0.0
2026-01-26,0x9ab1433913c1014e2166b3c7f039d9528b1fc540,520.122834
2026-01-26,0x9e231a8b9c247230cb88befafee97a22ae244ee5,505.925588
2026-01-26,0xac82362174a32fbbad61efcb0f02b9016b20c768,578.758803
2026-01-26,0xae598104ba092f09470e59e7a4d2349dbbdc3310,501.383176
2026-01-26,0xb57d2a1424ff536ef5debb8761662c72f90f9b66,511.09758
2026-01-26,0xc32f2f6217d105d17904f8f495aa122baef4a333,1015.078515
2026-01-26,0xcc18c9473f7117e599b3f2103e794b16ffe7cf44,578.686257
2026-01-26,0xcd75160eeafa7227d1eea1dc157f77c3cb0c4688,511.744557
2026-01-26,0xd359264dd634edf74d5d00ed06ccc44ab20eeba9,503.187551
2026-01-26,0xdf5f43411c47c07ebcf03c16c29f18313e45ca66,520.781895
2026-01-26,0xe3abf7f7d29df6d64128794f64ed3d1b15a5e759,510.744057
2026-01-26,0xe4922b8eb9bef6f486564a59987f4e1930c53235,526.272812
2026-01-26,0xe6cac97e024e8e1d0d01cd5d1c72fcdcfe78be3d,503.123175
2026-01-26,0xea8d6a4caaef55c18da4c1efe7303b0f61b0415c,531.321545
2026-01-26,0xee2a70532e807259fcfd63274ad4e560dcca2613,511.611466
2026-01-26,0xf5397ef04201f76a3e97457bc84f27303df20e80,519.293092
2026-01-26,0xf5a89d2608db8fd229a076895f4f8d304e58c3a5,515.338651
2026-01-26,0xf9baa2c717f8140d6925d8ff1827abeca1906526,512.411979
2026-01-26,0xfaf8dbc45d01261ac417cf3b2843288df47fcacd,756.754661
2026-01-26,0xff0034103421a624aa2b2d618fe7602cd6dd3f1d,518.930576
2026-01-26,0xff806c084c40bce44d2facba005f8f1887cce7f4,511.351151
2026-01-27,0x04be52434eb64addf373137310551ac42013677c,520.876635
2026-01-27,0x087cdae4009af7974fb808cd4e01414ebf820ab0,500.383725
2026-01-27,0x0c560e8b4c179782ab476dfed8a129b0d64e66e8,1157.810444
2026-01-27,0x218c56f591abc69c40e96a10e7b69c62c2c406ee,514.718723
2026-01-27,0x28cd26d85b4ac655a489aa3f259f81283bd1a804,501.546037
2026-01-27,0x2bcd8898a678050efa5f41f4c6012045dee1b5c3,576.533458
2026-01-27,0x2e5b63b36e7b115229d12c88cd47d471c122eddf,1162.838314
2026-01-27,0x349dd66d555a26d890f6bb996ef1eadf9f65bdd3,520.669608
2026-01-27,0x36df841c8c269300335ed74d7729c66bc9dcb37d,579.978331
2026-01-27,0x3787e2720296b4e0119e344e1b64291ed5fea398,582.092838
2026-01-27,0x3b63bbf52aa94016b61ee8d6809253f915d61411,578.9599
2026-01-27,0x3d9f3cc0d52ea543116dfebdf3c77819766a64e2,509.195755
2026-01-27,0x422cb45f4dcb3f798b53835f8671288d424d881f,562.098875
2026-01-27,0x4784a9b16ba5ccb9fb384c0a68448b9e70d357a6,502.524049
2026-01-27,0x480f54f40e35739b6ed1dd0cb64ff881c392ff64,510.66114
2026-01-27,0x4813ffe82fe058134762df947a9bf453229a010f,585.435186
2026-01-27,0x4d571d89c5b71f720dbd271ac60f574402e76add,519.326498
2026-01-27,0x52512f63bfdc0ca4d15e31da6b395c94eb16d563,500.250624
2026-01-27,0x583924a6dfa73f20d7cee1f067f56afeccdda38c,600.441788
2026-01-27,0x58c659b1c03d03ab6e7cf1ad6781bfe16a39375d,512.639831
2026-01-27,0x5ebd6fc47e018d572695a30406aab2094f5739a5,513.086106
2026-01-27,0x60a50be186c8fedeee7eb8e4162e8052bda6ba0e,726.30317
2026-01-27,0x6194a13d478ba4de00cace380f51190663fd0de0,513.086274
2026-01-27,0x64fbb84b9a101227af977ab5916cdead0de630bb,504.793474
2026-01-27,0x657dd0353bbab3c31a15bebaefe5708f91599384,511.457665
2026-01-27,0x66f069a1aa1838b8f435459683a82ec5c4175be1,505.283882
2026-01-27,0x696361910177b630d7d98beb66db2a87210111ea,1090.483134
2026-01-27,0x6a70e534e6244e34eca9ca8218640f2d4ee49b42,510.324074
2026-01-27,0x6b9cee98a4ca6cff357f576fb2a6cb2b5e43c39f,579.068163
2026-01-27,0x6f78bc27fa80f127fadb1897f98dde6cfb3c3f94,510.000182
2026-01-27,0x7531543d11be70509fd98599cab5e97745dd04ab,514.023916
2026-01-27,0x772ca23497f271c6113fce7c53782f35c304790e,501.645219
2026-01-27,0x7743b97525bdf503506288463d39b59b69993cfe,500.640133
2026-01-27,0x790d41e2f911b6eecad286c04734036929049793,513.595154
2026-01-27,0x7a0222dee3519854468f31154a4349c92814875f,522.869687
2026-01-27,0x7d10bd50494ca1094cb706fadee52345b6139cf9,500.96309
2026-01-27,0x7df172e521125054caa01d73c4fb4d30360e1079,500.384827
2026-01-27,0x7f554a7568293db35a6421759c305fee6b60aa9a,510.956637
2026-01-27,0x7f99c1b85c831c60d6f534412e4be78cab94a5e5,509.522257
2026-01-27,0x8075c55918a91f5fc1f66fb77a7ca0be67a90233,503.34123
2026-01-27,0x84c87d848244e49602f1ce614e46eba81e5f246f,507.819534
2026-01-27,0x8633be9e9a5c7c39e9dc9d7ffef0979ce1026e71,524.465003
2026-01-27,0x8b6bbe943259e12885529e4d340a0a5822f8d337,508.723169
2026-01-27,0x8c298797fb92fb91c1d4a83e5b948f431fe229c6,577.801594
2026-01-27,0x8da35b920fe236a757a0fad93d3a3ab8ea0a24cc,501.638503
2026-01-27,0x8da66f6ee0eedf4376e471d7a507553296e49c19,0.0
2026-01-27,0x9ab1433913c1014e2166b3c7f039d9528b1fc540,520.15597
2026-01-27,0x9e231a8b9c247230cb88befafee97a22ae244ee5,505.95782
2026-01-27,0xac82362174a32fbbad61efcb0f02b9016b20c768,578.795675
2026-01-27,0xae598104ba092f09470e59e7a4d2349dbbdc3310,501.415118
2026-01-27,0xb57d2a1424ff536ef5debb8761662c72f90f9b66,511.130141
2026-01-27,0xc32f2f6217d105d17904f8f495aa122baef4a333,1015.143184
2026-01-27,0xcc18c9473f7117e599b3f2103e794b16ffe7cf44,578.723124
2026-01-27,0xcd75160eeafa7227d1eea1dc157f77c3cb0c4688,511.77716
2026-01-27,0xd359264dd634edf74d5d00ed06ccc44ab20eeba9,503.219608
2026-01-27,0xdf5f43411c47c07ebcf03c16c29f18313e45ca66,520.815073
2026-01-27,0xe3abf7f7d29df6d64128794f64ed3d1b15a5e759,510.776596
2026-01-27,0xe4922b8eb9bef6f486564a59987f4e1930c53235,526.30634
2026-01-27,0xe6cac97e024e8e1d0d01cd5d1c72fcdcfe78be3d,503.155228
2026-01-27,0xea8d6a4caaef55c18da4c1efe7303b0f61b0415c,531.355394
2026-01-27,0xee2a70532e807259fcfd63274ad4e560dcca2613,511.64406
2026-01-27,0xf5397ef04201f76a3e97457bc84f27303df20e80,519.326175
2026-01-27,0xf5a89d2608db8fd229a076895f4f8d304e58c3a5,515.371482
2026-01-27,0xf9baa2c717f8140d6925d8ff1827abeca1906526,512.444624
2026-01-27,0xfaf8dbc45d01261ac417cf3b2843288df47fcacd,756.802873
2026-01-27,0xff0034103421a624aa2b2d618fe7602cd6dd3f1d,518.963636
2026-01-27,0xff806c084c40bce44d2facba005f8f1887cce7f4,511.383728
2026-01-28,0x04be52434eb64addf373137310551ac42013677c,520.901791
2026-01-28,0x087cdae4009af7974fb808cd4e01414ebf820ab0,500.407891
2026-01-28,0x0c560e8b4c179782ab476dfed8a129b0d64e66e8,1157.866361
2026-01-28,0x218c56f591abc69c40e96a10e7b69c62c2c406ee,514.743581
2026-01-28,0x28cd26d85b4ac655a489aa3f259f81283bd1a804,501.57026
2026-01-28,0x2bcd8898a678050efa5f41f4c6012045dee1b5c3,576.561302
2026-01-28,0x2e5b63b36e7b115229d12c88cd47d471c122eddf,1162.894473
2026-01-28,0x349dd66d555a26d890f6bb996ef1eadf9f65bdd3,520.694754
2026-01-28,0x36df841c8c269300335ed74d7729c66bc9dcb37d,580.006341
2026-01-28,0x3787e2720296b4e0119e344e1b64291ed5fea398,582.12095
2026-01-28,0x3b63bbf52aa94016b61ee8d6809253f915d61411,578.98786
2026-01-28,0x3d9f3cc0d52ea543116dfebdf3c77819766a64e2,509.220346
2026-01-28,0x422cb45f4dcb3f798b53835f8671288d424d881f,562.126022
2026-01-28,0x4784a9b16ba5ccb9fb384c0a68448b9e70d357a6,502.548318
2026-01-28,0x480f54f40e35739b6ed1dd0cb64ff881c392ff64,510.685802
2026-01-28,0x4813ffe82fe058134762df947a9bf453229a010f,585.463459
2026-01-28,0x4d571d89c5b71f720dbd271ac60f574402e76add,519.351579
2026-01-28,0x52512f63bfdc0ca4d15e31da6b395c94eb16d563,500.274783
2026-01-28,0x583924a6dfa73f20d7cee1f067f56afeccdda38c,600.470786
2026-01-28,0x58c659b1c03d03ab6e7cf1ad6781bfe16a39375d,512.664589
2026-01-28,0x5ebd6fc47e018d572695a30406aab2094f5739a5,513.110886
2026-01-28,0x60a50be186c8fedeee7eb8e4162e8052bda6ba0e,726.338247
2026-01-28,0x6194a13d478ba4de00cace380f51190663fd0de0,513.111054
2026-01-28,0x64fbb84b9a101227af977ab5916cdead0de630bb,504.817853
2026-01-28,0x657dd0353bbab3c31a15bebaefe5708f91599384,511.482366
2026-01-28,0x66f069a1aa1838b8f435459683a82ec5c4175be1,505.308285
2026-01-28,0x696361910177b630d7d98beb66db2a87210111ea,1090.535798
2026-01-28,0x6a70e534e6244e34eca9ca8218640f2d4ee49b42,510.34872
2026-01-28,0x6b9cee98a4ca6cff357f576fb2a6cb2b5e43c39f,579.096129
2026-01-28,0x6f78bc27fa80f127fadb1897f98dde6cfb3c3f94,510.024812
2026-01-28,0x7531543d11be70509fd98599cab5e97745dd04ab,514.048741
2026-01-28,0x772ca23497f271c6113fce7c53782f35c304790e,501.669446
2026-01-28,0x7743b97525bdf503506288463d39b59b69993cfe,500.664312
2026-01-28,0x790d41e2f911b6eecad286c04734036929049793,513.619958
2026-01-28,0x7a0222dee3519854468f31154a4349c92814875f,522.894939
2026-01-28,0x7d10bd50494ca1094cb706fadee52345b6139cf9,500.987284
2026-01-28,0x7df172e521125054caa01d73c4fb4d30360e1079,500.408993
2026-01-28,0x7f554a7568293db35a6421759c305fee6b60aa9a,510.981314
2026-01-28,0x7f99c1b85c831c60d6f534412e4be78cab94a5e5,509.546865
2026-01-28,0x8075c55918a91f5fc1f66fb77a7ca0be67a90233,503.365539
2026-01-28,0x84c87d848244e49602f1ce614e46eba81e5f246f,507.84406
2026-01-28,0x8633be9e9a5c7c39e9dc9d7ffef0979ce1026e71,524.490332
2026-01-28,0x8b6bbe943259e12885529e4d340a0a5822f8d337,508.747738
2026-01-28,0x8c298797fb92fb91c1d4a83e5b948f431fe229c6,577.829498
2026-01-28,0x8da35b920fe236a757a0fad93d3a3ab8ea0a24cc,501.662729
2026-01-28,0x8da66f6ee0eedf4376e471d7a507553296e49c19,0.0
2026-01-28,0x9ab1433913c1014e2166b3c7f039d9528b1fc540,520.181091
2026-01-28,0x9e231a8b9c247230cb88befafee97a22ae244ee5,505.982255
2026-01-28,0xac82362174a32fbbad61efcb0f02b9016b20c768,578.823628
2026-01-28,0xae598104ba092f09470e59e7a4d2349dbbdc3310,501.439334
2026-01-28,0xb57d2a1424ff536ef5debb8761662c72f90f9b66,511.154826
2026-01-28,0xc32f2f6217d105d17904f8f495aa122baef4a333,1015.19221
2026-01-28,0xcc18c9473f7117e599b3f2103e794b16ffe7cf44,578.751074
2026-01-28,0xcd75160eeafa7227d1eea1dc157f77c3cb0c4688,511.801876
2026-01-28,0xd359264dd634edf74d5d00ed06ccc44ab20eeba9,503.243911
2026-01-28,0xdf5f43411c47c07ebcf03c16c29f18313e45ca66,520.840226
2026-01-28,0xe3abf7f7d29df6d64128794f64ed3d1b15a5e759,510.801264
2026-01-28,0xe4922b8eb9bef6f486564a59987f4e1930c53235,526.331758
2026-01-28,0xe6cac97e024e8e1d0d01cd5d1c72fcdcfe78be3d,503.179528
2026-01-28,0xea8d6a4caaef55c18da4c1efe7303b0f61b0415c,531.381056
2026-01-28,0xee2a70532e807259fcfd63274ad4e560dcca2613,511.66877
2026-01-28,0xf5397ef04201f76a3e97457bc84f27303df20e80,519.351256
2026-01-28,0xf5a89d2608db8fd229a076895f4f8d304e58c3a5,515.396372
2026-01-28,0xf9baa2c717f8140d6925d8ff1827abeca1906526,512.469372
2026-01-28,0xfaf8dbc45d01261ac417cf3b2843288df47fcacd,756.839422
2026-01-28,0xff0034103421a624aa2b2d618fe7602cd6dd3f1d,518.988699
2026-01-28,0xff806c084c40bce44d2facba005f8f1887cce7f4,511.408425
2026-01-29,0x04be52434eb64addf373137310551ac42013677c,520.929676
2026-01-29,0x087cdae4009af7974fb808cd4e01414ebf820ab0,500.434678
2026-01-29,0x0c560e8b4c179782ab476dfed8a129b0d64e66e8,1157.928343
2026-01-29,0x218c56f591abc69c40e96a10e7b69c62c2c406ee,514.771136
2026-01-29,0x28cd26d85b4ac655a489aa3f259f81283bd1a804,501.597109
2026-01-29,0x2bcd8898a678050efa5f41f4c6012045dee1b5c3,576.592166
2026-01-29,0x2e5b63b36e7b115229d12c88cd47d471c122eddf,1162.956724
2026-01-29,0x349dd66d555a26d890f6bb996ef1eadf9f65bdd3,520.722628
2026-01-29,0x36df841c8c269300335ed74d7729c66bc9dcb37d,580.03739
2026-01-29,0x3787e2720296b4e0119e344e1b64291ed5fea398,582.152112
2026-01-29,0x3b63bbf52aa94016b61ee8d6809253f915d61411,579.018855
2026-01-29,0x3d9f3cc0d52ea543116dfebdf3c77819766a64e2,509.247605
2026-01-29,0x422cb45f4dcb3f798b53835f8671288d424d881f,562.156113
2026-01-29,0x4784a9b16ba5ccb9fb384c0a68448b9e70d357a6,502.575221
2026-01-29,0x480f54f40e35739b6ed1dd0cb64ff881c392ff64,510.71314
2026-01-29,0x4813ffe82fe058134762df947a9bf453229a010f,585.4948
2026-01-29,0x4d571d89c5b71f720dbd271ac60f574402e76add,519.379381
2026-01-29,0x52512f63bfdc0ca4d15e31da6b395c94eb16d563,500.301564
2026-01-29,0x583924a6dfa73f20d7cee1f067f56afeccdda38c,600.50293
2026-01-29,0x58c659b1c03d03ab6e7cf1ad6781bfe16a39375d,512.692033
2026-01-29,0x5ebd6fc47e018d572695a30406aab2094f5739a5,513.138353
2026-01-29,0x60a50be186c8fedeee7eb8e4162e8052bda6ba0e,726.377129
2026-01-29,0x6194a13d478ba4de00cace380f51190663fd0de0,513.138521
2026-01-29,0x64fbb84b9a101227af977ab5916cdead0de630bb,504.844877
2026-01-29,0x657dd0353bbab3c31a15bebaefe5708f91599384,511.509747
2026-01-29,0x66f069a1aa1838b8f435459683a82ec5c4175be1,505.335335
2026-01-29,0x696361910177b630d7d98beb66db2a87210111ea,1090.594177
2026-01-29,0x6a70e534e6244e34eca9ca8218640f2d4ee49b42,510.37604
2026-01-29,0x6b9cee98a4ca6cff357f576fb2a6cb2b5e43c39f,579.127129
2026-01-29,0x6f78bc27fa80f127fadb1897f98dde6cfb3c3f94,510.052115
2026-01-29,0x7531543d11be70509fd98599cab5e97745dd04ab,514.076259
2026-01-29,0x772ca23497f271c6113fce7c53782f35c304790e,501.696301
2026-01-29,0x7743b97525bdf503506288463d39b59b69993cfe,500.691113
2026-01-29,0x790d41e2f911b6eecad286c04734036929049793,513.647453
2026-01-29,0x7a0222dee3519854468f31154a4349c92814875f,522.92293
2026-01-29,0x7d10bd50494ca1094cb706fadee52345b6139cf9,501.014102
2026-01-29,0x7df172e521125054caa01d73c4fb4d30360e1079,500.435781
2026-01-29,0x7f554a7568293db35a6421759c305fee6b60aa9a,511.008668
2026-01-29,0x7f99c1b85c831c60d6f534412e4be78cab94a5e5,509.574142
2026-01-29,0x8075c55918a91f5fc1f66fb77a7ca0be67a90233,503.392485
2026-01-29,0x84c87d848244e49602f1ce614e46eba81e5f246f,507.871245
2026-01-29,0x8633be9e9a5c7c39e9dc9d7ffef0979ce1026e71,524.518408
2026-01-29,0x8b6bbe943259e12885529e4d340a0a5822f8d337,508.774972
2026-01-29,0x8c298797fb92fb91c1d4a83e5b948f431fe229c6,577.860431
2026-01-29,0x8da35b920fe236a757a0fad93d3a3ab8ea0a24cc,501.689584
2026-01-29,0x8da66f6ee0eedf4376e471d7a507553296e49c19,0.0
2026-01-29,0x9ab1433913c1014e2166b3c7f039d9528b1fc540,520.208937
2026-01-29,0x9e231a8b9c247230cb88befafee97a22ae244ee5,506.009341
2026-01-29,0xac82362174a32fbbad61efcb0f02b9016b20c768,578.854613
2026-01-29,0xae598104ba092f09470e59e7a4d2349dbbdc3310,501.466177
2026-01-29,0xb57d2a1424ff536ef5debb8761662c72f90f9b66,511.182189
2026-01-29,0xc32f2f6217d105d17904f8f495aa122baef4a333,1015.246555
2026-01-29,0xcc18c9473f7117e599b3f2103e794b16ffe7cf44,578.782055
2026-01-29,0xcd75160eeafa7227d1eea1dc157f77c3cb0c4688,511.829274
2026-01-29,0xd359264dd634edf74d5d00ed06ccc44ab20eeba9,503.27085
2026-01-29,0xdf5f43411c47c07ebcf03c16c29f18313e45ca66,520.868107
2026-01-29,0xe3abf7f7d29df6d64128794f64ed3d1b15a5e759,510.828608
2026-01-29,0xe4922b8eb9bef6f486564a59987f4e1930c53235,526.359933
2026-01-29,0xe6cac97e024e8e1d0d01cd5d1c72fcdcfe78be3d,503.206464
2026-01-29,0xea8d6a4caaef55c18da4c1efe7303b0f61b0415c,531.409502
2026-01-29,0xee2a70532e807259fcfd63274ad4e560dcca2613,511.69616
2026-01-29,0xf5397ef04201f76a3e97457bc84f27303df20e80,519.379058
2026-01-29,0xf5a89d2608db8fd229a076895f4f8d304e58c3a5,515.423962
2026-01-29,0xf9baa2c717f8140d6925d8ff1827abeca1906526,512.496806
2026-01-29,0xfaf8dbc45d01261ac417cf3b2843288df47fcacd,756.879937
2026-01-29,0xff0034103421a624aa2b2d618fe7602cd6dd3f1d,519.016482
2026-01-29,0xff806c084c40bce44d2facba005f8f1887cce7f4,511.435802
2026-01-30,0x04be52434eb64addf373137310551ac42013677c,520.958585
2026-01-30,0x087cdae4009af7974fb808cd4e01414ebf820ab0,500.46245
2026-01-30,0x0c560e8b4c179782ab476dfed8a129b0d64e66e8,1157.992602
2026-01-30,0x218c56f591abc69c40e96a10e7b69c62c2c406ee,514.799703
2026-01-30,0x28cd26d85b4ac655a489aa3f259f81283bd1a804,501.624946
2026-01-30,0x2bcd8898a678050efa5f41f4c6012045dee1b5c3,576.624164
2026-01-30,0x2e5b63b36e7b115229d12c88cd47d471c122eddf,1163.021263
2026-01-30,0x349dd66d555a26d890f6bb996ef1eadf9f65bdd3,520.751525
2026-01-30,0x36df841c8c269300335ed74d7729c66bc9dcb37d,580.069579
2026-01-30,0x3787e2720296b4e0119e344e1b64291ed5fea398,582.184419
2026-01-30,0x3b63bbf52aa94016b61ee8d6809253f915d61411,579.050987
2026-01-30,0x3d9f3cc0d52ea543116dfebdf3c77819766a64e2,509.275866
2026-01-30,0x422cb45f4dcb3f798b53835f8671288d424d881f,562.18731
2026-01-30,0x4784a9b16ba5ccb9fb384c0a68448b9e70d357a6,502.603111
2026-01-30,0x480f54f40e35739b6ed1dd0cb64ff881c392ff64,510.741482
2026-01-30,0x4813ffe82fe058134762df947a9bf453229a010f,585.527292
2026-01-30,0x4d571d89c5b71f720dbd271ac60f574402e76add,519.408204
2026-01-30,0x52512f63bfdc0ca4d15e31da6b395c94eb16d563,500.329328
2026-01-30,0x583924a6dfa73f20d7cee1f067f56afeccdda38c,600.536255
2026-01-30,0x58c659b1c03d03ab6e7cf1ad6781bfe16a39375d,512.720485
2026-01-30,0x5ebd6fc47e018d572695a30406aab2094f5739a5,513.16683
2026-01-30,0x60a50be186c8fedeee7eb8e4162e8052bda6ba0e,726.417439
2026-01-30,0x6194a13d478ba4de00cace380f51190663fd0de0,513.166998
2026-01-30,0x64fbb84b9a101227af977ab5916cdead0de630bb,504.872893
2026-01-30,0x657dd0353bbab3c31a15bebaefe5708f91599384,511.538133
2026-01-30,0x66f069a1aa1838b8f435459683a82ec5c4175be1,505.363379
2026-01-30,0x696361910177b630d7d98beb66db2a87210111ea,1090.654699
2026-01-30,0x6a70e534e6244e34eca9ca8218640f2d4ee49b42,510.404363
2026-01-30,0x6b9cee98a4ca6cff357f576fb2a6cb2b5e43c39f,579.159267
2026-01-30,0x6f78bc27fa80f127fadb1897f98dde6cfb3c3f94,510.08042
2026-01-30,0x7531543d11be70509fd98599cab5e97745dd04ab,514.104788
2026-01-30,0x772ca23497f271c6113fce7c53782f35c304790e,501.724143
2026-01-30,0x7743b97525bdf503506288463d39b59b69993cfe,500.718899
2026-01-30,0x790d41e2f911b6eecad286c04734036929049793,513.675957
2026-01-30,0x7a0222dee3519854468f31154a4349c92814875f,522.95195
2026-01-30,0x7d10bd50494ca1094cb706fadee52345b6139cf9,501.041906
2026-01-30,0x7df172e521125054caa01d73c4fb4d30360e1079,500.463553
2026-01-30,0x7f554a7568293db35a6421759c305fee6b60aa9a,511.037026
2026-01-30,0x7f99c1b85c831c60d6f534412e4be78cab94a5e5,509.60242
2026-01-30,0x8075c55918a91f5fc1f66fb77a7ca0be67a90233,503.420421
2026-01-30,0x84c87d848244e49602f1ce614e46eba81e5f246f,507.89943
2026-01-30,0x8633be9e9a5c7c39e9dc9d7ffef0979ce1026e71,524.547517
2026-01-30,0x8b6bbe943259e12885529e4d340a0a5822f8d337,508.803207
2026-01-30,0x8c298797fb92fb91c1d4a83e5b948f431fe229c6,577.892499
2026-01-30,0x8da35b920fe236a757a0fad93d3a3ab8ea0a24cc,501.717425
2026-01-30,0x8da66f6ee0eedf4376e471d7a507553296e49c19,0.0
2026-01-30,0x9ab1433913c1014e2166b3c7f039d9528b1fc540,520.237806
2026-01-30,0x9e231a8b9c247230cb88befafee97a22ae244ee5,506.037422
2026-01-30,0xac82362174a32fbbad61efcb0f02b9016b20c768,578.886737
2026-01-30,0xae598104ba092f09470e59e7a4d2349dbbdc3310,501.494006
2026-01-30,0xb57d2a1424ff536ef5debb8761662c72f90f9b66,511.210557
2026-01-30,0xc32f2f6217d105d17904f8f495aa122baef4a333,1015.302896
2026-01-30,0xcc18c9473f7117e599b3f2103e794b16ffe7cf44,578.814175
2026-01-30,0xcd75160eeafa7227d1eea1dc157f77c3cb0c4688,511.857678
2026-01-30,0xd359264dd634edf74d5d00ed06ccc44ab20eeba9,503.298779
2026-01-30,0xdf5f43411c47c07ebcf03c16c29f18313e45ca66,520.897013
2026-01-30,0xe3abf7f7d29df6d64128794f64ed3d1b15a5e759,510.856956
2026-01-30,0xe4922b8eb9bef6f486564a59987f4e1930c53235,526.389144
2026-01-30,0xe6cac97e024e8e1d0d01cd5d1c72fcdcfe78be3d,503.234389
2026-01-30,0xea8d6a4caaef55c18da4c1efe7303b0f61b0415c,531.438992
2026-01-30,0xee2a70532e807259fcfd63274ad4e560dcca2613,511.724557
2026-01-30,0xf5397ef04201f76a3e97457bc84f27303df20e80,519.407881
2026-01-30,0xf5a89d2608db8fd229a076895f4f8d304e58c3a5,515.452565
2026-01-30,0xf9baa2c717f8140d6925d8ff1827abeca1906526,512.525247
2026-01-30,0xfaf8dbc45d01261ac417cf3b2843288df47fcacd,756.92194
2026-01-30,0xff0034103421a624aa2b2d618fe7602cd6dd3f1d,519.045284
2026-01-30,0xff806c084c40bce44d2facba005f8f1887cce7f4,511.464184
2026-01-31,0x04be52434eb64addf373137310551ac42013677c,520.987494
2026-01-31,0x087cdae4009af7974fb808cd4e01414ebf820ab0,500.490222
2026-01-31,0x0c560e8b4c179782ab476dfed8a129b0d64e66e8,1158.056864
2026-01-31,0x218c56f591abc69c40e96a10e7b69c62c2c406ee,514.828271
2026-01-31,0x28cd26d85b4ac655a489aa3f259f81283bd1a804,501.652782
2026-01-31,0x2bcd8898a678050efa5f41f4c6012045dee1b5c3,576.656163
2026-01-31,0x2e5b63b36e7b115229d12c88cd47d471c122eddf,1163.085803
2026-01-31,0x349dd66d555a26d890f6bb996ef1eadf9f65bdd3,520.780423
2026-01-31,0x36df841c8c269300335ed74d7729c66bc9dcb37d,580.101769
2026-01-31,0x3787e2720296b4e0119e344e1b64291ed5fea398,582.216726
2026-01-31,0x3b63bbf52aa94016b61ee8d6809253f915d61411,579.083121
2026-01-31,0x3d9f3cc0d52ea543116dfebdf3c77819766a64e2,509.304128
2026-01-31,0x422cb45f4dcb3f798b53835f8671288d424d881f,562.218508
2026-01-31,0x4784a9b16ba5ccb9fb384c0a68448b9e70d357a6,502.631002
2026-01-31,0x480f54f40e35739b6ed1dd0cb64ff881c392ff64,510.769825
2026-01-31,0x4813ffe82fe058134762df947a9bf453229a010f,585.559785
2026-01-31,0x4d571d89c5b71f720dbd271ac60f574402e76add,519.437028
2026-01-31,0x52512f63bfdc0ca4d15e31da6b395c94eb16d563,500.357093
2026-01-31,0x583924a6dfa73f20d7cee1f067f56afeccdda38c,600.569581
2026-01-31,0x58c659b1c03d03ab6e7cf1ad6781bfe16a39375d,512.748937
2026-01-31,0x5ebd6fc47e018d572695a30406aab2094f5739a5,513.195307
2026-01-31,0x60a50be186c8fedeee7eb8e4162e8052bda6ba0e,726.457751
2026-01-31,0x6194a13d478ba4de00cace380f51190663fd0de0,513.195475
2026-01-31,0x64fbb84b9a101227af977ab5916cdead0de630bb,504.90091
2026-01-31,0x657dd0353bbab3c31a15bebaefe5708f91599384,511.56652
2026-01-31,0x66f069a1aa1838b8f435459683a82ec5c4175be1,505.391423
2026-01-31,0x696361910177b630d7d98beb66db2a87210111ea,1090.715223
2026-01-31,0x6a70e534e6244e34eca9ca8218640f2d4ee49b42,510.432687
2026-01-31,0x6b9cee98a4ca6cff357f576fb2a6cb2b5e43c39f,579.191407
2026-01-31,0x6f78bc27fa80f127fadb1897f98dde6cfb3c3f94,510.108726
2026-01-31,0x7531543d11be70509fd98599cab5e97745dd04ab,514.133317
2026-01-31,0x772ca23497f271c6113fce7c53782f35c304790e,501.751986
2026-01-31,0x7743b97525bdf503506288463d39b59b69993cfe,500.746686
2026-01-31,0x790d41e2f911b6eecad286c04734036929049793,513.704463
2026-01-31,0x7a0222dee3519854468f31154a4349c92814875f,522.98097
2026-01-31,0x7d10bd50494ca1094cb706fadee52345b6139cf9,501.069711
2026-01-31,0x7df172e521125054caa01d73c4fb4d30360e1079,500.491325
2026-01-31,0x7f554a7568293db35a6421759c305fee6b60aa9a,511.065385
2026-01-31,0x7f99c1b85c831c60d6f534412e4be78cab94a5e5,509.6307
2026-01-31,0x8075c55918a91f5fc1f66fb77a7ca0be67a90233,503.448358
2026-01-31,0x84c87d848244e49602f1ce614e46eba81e5f246f,507.927615
2026-01-31,0x8633be9e9a5c7c39e9dc9d7ffef0979ce1026e71,524.576625
2026-01-31,0x8b6bbe943259e12885529e4d340a0a5822f8d337,508.831442
2026-01-31,0x8c298797fb92fb91c1d4a83e5b948f431fe229c6,577.924568
2026-01-31,0x8da35b920fe236a757a0fad93d3a3ab8ea0a24cc,501.745267
2026-01-31,0x8da66f6ee0eedf4376e471d7a507553296e49c19,0.0
2026-01-31,0x9ab1433913c1014e2166b3c7f039d9528b1fc540,520.266676
2026-01-31,0x9e231a8b9c247230cb88befafee97a22ae244ee5,506.065504
2026-01-31,0xac82362174a32fbbad61efcb0f02b9016b20c768,578.918861
2026-01-31,0xae598104ba092f09470e59e7a4d2349dbbdc3310,501.521835
2026-01-31,0xb57d2a1424ff536ef5debb8761662c72f90f9b66,511.238926
2026-01-31,0xc32f2f6217d105d17904f8f495aa122baef4a333,1015.359239
2026-01-31,0xcc18c9473f7117e599b3f2103e794b16ffe7cf44,578.846295
2026-01-31,0xcd75160eeafa7227d1eea1dc157f77c3cb0c4688,511.886082
2026-01-31,0xd359264dd634edf74d5d00ed06ccc44ab20eeba9,503.326709
2026-01-31,0xdf5f43411c47c07ebcf03c16c29f18313e45ca66,520.925919
2026-01-31,0xe3abf7f7d29df6d64128794f64ed3d1b15a5e759,510.885306
2026-01-31,0xe4922b8eb9bef6f486564a59987f4e1930c53235,526.418355
2026-01-31,0xe6cac97e024e8e1d0d01cd5d1c72fcdcfe78be3d,503.262315
2026-01-31,0xea8d6a4caaef55c18da4c1efe7303b0f61b0415c,531.468484
2026-01-31,0xee2a70532e807259fcfd63274ad4e560dcca2613,511.752954
2026-01-31,0xf5397ef04201f76a3e97457bc84f27303df20e80,519.436704
2026-01-31,0xf5a89d2608db8fd229a076895f4f8d304e58c3a5,515.481169
2026-01-31,0xf9baa2c717f8140d6925d8ff1827abeca1906526,512.553688
2026-01-31,0xfaf8dbc45d01261ac417cf3b2843288df47fcacd,756.963945
2026-01-31,0xff0034103421a624aa2b2d618fe7602cd6dd3f1d,519.074088
2026-01-31,0xff806c084c40bce44d2facba005f8f1887cce7f4,511.492567
2026-02-01,0x04be52434eb64addf373137310551ac42013677c,521.01527
2026-02-01,0x087cdae4009af7974fb808cd4e01414ebf820ab0,500.516905
2026-02-01,0x0c560e8b4c179782ab476dfed8a129b0d64e66e8,1158.118603
2026-02-01,0x218c56f591abc69c40e96a10e7b69c62c2c406ee,514.855718
2026-02-01,0x28cd26d85b4ac655a489aa3f259f81283bd1a804,501.679527
2026-02-01,0x2bcd8898a678050efa5f41f4c6012045dee1b5c3,576.686906
2026-02-01,0x2e5b63b36e7b115229d12c88cd47d471c122eddf,1163.14781
2026-02-01,0x349dd66d555a26d890f6bb996ef1eadf9f65bdd3,520.808188
2026-02-01,0x36df841c8c269300335ed74d7729c66bc9dcb37d,580.132696
2026-02-01,0x3787e2720296b4e0119e344e1b64291ed5fea398,582.247766
2026-02-01,0x3b63bbf52aa94016b61ee8d6809253f915d61411,579.113993
2026-02-01,0x3d9f3cc0d52ea543116dfebdf3c77819766a64e2,509.33128
2026-02-01,0x422cb45f4dcb3f798b53835f8671288d424d881f,562.248481
2026-02-01,0x4784a9b16ba5ccb9fb384c0a68448b9e70d357a6,502.657799
2026-02-01,0x480f54f40e35739b6ed1dd0cb64ff881c392ff64,510.797055
2026-02-01,0x4813ffe82fe058134762df947a9bf453229a010f,585.591003
2026-02-01,0x4d571d89c5b71f720dbd271ac60f574402e76add,519.46472
2026-02-01,0x52512f63bfdc0ca4d15e31da6b395c94eb16d563,500.383769
2026-02-01,0x583924a6dfa73f20d7cee1f067f56afeccdda38c,600.601599
2026-02-01,0x58c659b1c03d03ab6e7cf1ad6781bfe16a39375d,512.776273
2026-02-01,0x5ebd6fc47e018d572695a30406aab2094f5739a5,513.222667
2026-02-01,0x60a50be186c8fedeee7eb8e4162e8052bda6ba0e,726.49648
2026-02-01,0x6194a13d478ba4de00cace380f51190663fd0de0,513.222835
2026-02-01,0x64fbb84b9a101227af977ab5916cdead0de630bb,504.927828
2026-02-01,0x657dd0353bbab3c31a15bebaefe5708f91599384,511.593793
2026-02-01,0x66f069a1aa1838b8f435459683a82ec5c4175be1,505.418367
2026-02-01,0x696361910177b630d7d98beb66db2a87210111ea,590.759915
2026-02-01,0x6a70e534e6244e34eca9ca8218640f2d4ee49b42,510.4599
2026-02-01,0x6b9cee98a4ca6cff357f576fb2a6cb2b5e43c39f,579.222285
2026-02-01,0x6f78bc27fa80f127fadb1897f98dde6cfb3c3f94,510.135922
2026-02-01,0x7531543d11be70509fd98599cab5e97745dd04ab,514.160727
2026-02-01,0x772ca23497f271c6113fce7c53782f35c304790e,501.778735
2026-02-01,0x7743b97525bdf503506288463d39b59b69993cfe,500.773382
2026-02-01,0x790d41e2f911b6eecad286c04734036929049793,513.73185
2026-02-01,0x7a0222dee3519854468f31154a4349c92814875f,523.008852
2026-02-01,0x7d10bd50494ca1094cb706fadee52345b6139cf9,501.096424
2026-02-01,0x7df172e521125054caa01d73c4fb4d30360e1079,500.518008
2026-02-01,0x7f554a7568293db35a6421759c305fee6b60aa9a,511.092632
2026-02-01,0x7f99c1b85c831c60d6f534412e4be78cab94a5e5,509.65787
2026-02-01,0x8075c55918a91f5fc1f66fb77a7ca0be67a90233,503.475198
2026-02-01,0x84c87d848244e49602f1ce614e46eba81e5f246f,507.954694
2026-02-01,0x8633be9e9a5c7c39e9dc9d7ffef0979ce1026e71,524.604592
2026-02-01,0x8b6bbe943259e12885529e4d340a0a5822f8d337,508.858569
2026-02-01,0x8c298797fb92fb91c1d4a83e5b948f431fe229c6,577.955379
2026-02-01,0x8da35b920fe236a757a0fad93d3a3ab8ea0a24cc,501.772017
2026-02-01,0x8da66f6ee0eedf4376e471d7a507553296e49c19,0.0
2026-02-01,0x9ab1433913c1014e2166b3c7f039d9528b1fc540,520.294413
2026-02-01,0x9e231a8b9c247230cb88befafee97a22ae244ee5,506.092484
2026-02-01,0xac82362174a32fbbad61efcb0f02b9016b20c768,578.949725
2026-02-01,0xae598104ba092f09470e59e7a4d2349dbbdc3310,501.548573
2026-02-01,0xb57d2a1424ff536ef5debb8761662c72f90f9b66,511.266182
2026-02-01,0xc32f2f6217d105d17904f8f495aa122baef4a333,1015.41337
2026-02-01,0xcc18c9473f7117e599b3f2103e794b16ffe7cf44,578.877155
2026-02-01,0xcd75160eeafa7227d1eea1dc157f77c3cb0c4688,511.913372
2026-02-01,0xd359264dd634edf74d5d00ed06ccc44ab20eeba9,503.353543
2026-02-01,0xdf5f43411c47c07ebcf03c16c29f18313e45ca66,520.953691
2026-02-01,0xe3abf7f7d29df6d64128794f64ed3d1b15a5e759,510.912542
2026-02-01,0xe4922b8eb9bef6f486564a59987f4e1930c53235,526.44642
2026-02-01,0xe6cac97e024e8e1d0d01cd5d1c72fcdcfe78be3d,503.289146
2026-02-01,0xea8d6a4caaef55c18da4c1efe7303b0f61b0415c,531.496818
2026-02-01,0xee2a70532e807259fcfd63274ad4e560dcca2613,511.780237
2026-02-01,0xf5397ef04201f76a3e97457bc84f27303df20e80,519.464397
2026-02-01,0xf5a89d2608db8fd229a076895f4f8d304e58c3a5,515.508651
2026-02-01,0xf9baa2c717f8140d6925d8ff1827abeca1906526,512.581014
2026-02-01,0xfaf8dbc45d01261ac417cf3b2843288df47fcacd,757.004301
2026-02-01,0xff0034103421a624aa2b2d618fe7602cd6dd3f1d,519.101761
2026-02-01,0xff806c084c40bce44d2facba005f8f1887cce7f4,511.519836
2026-02-02,0x04be52434eb64addf373137310551ac42013677c,521.042508
2026-02-02,0x087cdae4009af7974fb808cd4e01414ebf820ab0,500.543072
2026-02-02,0x0c560e8b4c179782ab476dfed8a129b0d64e66e8,1158.179149
2026-02-02,0x218c56f591abc69c40e96a10e7b69c62c2c406ee,514.882635
2026-02-02,0x28cd26d85b4ac655a489aa3f259f81283bd1a804,501.705755
2026-02-02,0x2bcd8898a678050efa5f41f4c6012045dee1b5c3,576.717055
2026-02-02,0x2e5b63b36e7b115229d12c88cd47d471c122eddf,1163.208619
2026-02-02,0x349dd66d555a26d890f6bb996ef1eadf9f65bdd3,520.835416
2026-02-02,0x36df841c8c269300335ed74d7729c66bc9dcb37d,580.163025
2026-02-02,0x3787e2720296b4e0119e344e1b64291ed5fea398,582.278206
2026-02-02,0x3b63bbf52aa94016b61ee8d6809253f915d61411,579.144269
2026-02-02,0x3d9f3cc0d52ea543116dfebdf3c77819766a64e2,509.357908
2026-02-02,0x422cb45f4dcb3f798b53835f8671288d424d881f,562.277876
2026-02-02,0x4784a9b16ba5ccb9fb384c0a68448b9e70d357a6,502.684078
2026-02-02,0x480f54f40e35739b6ed1dd0cb64ff881c392ff64,510.82376
2026-02-02,0x4813ffe82fe058134762df947a9bf453229a010f,585.621618
2026-02-02,0x4d571d89c5b71f720dbd271ac60f574402e76add,519.491878
2026-02-02,0x52512f63bfdc0ca4d15e31da6b395c94eb16d563,500.409929
2026-02-02,0x583924a6dfa73f20d7cee1f067f56afeccdda38c,600.632999
2026-02-02,0x58c659b1c03d03ab6e7cf1ad6781bfe16a39375d,512.803081
2026-02-02,0x5ebd6fc47e018d572695a30406aab2094f5739a5,513.249498
2026-02-02,0x60a50be186c8fedeee7eb8e4162e8052bda6ba0e,726.534462
2026-02-02,0x6194a13d478ba4de00cace380f51190663fd0de0,513.249667
2026-02-02,0x64fbb84b9a101227af977ab5916cdead0de630bb,504.954226
2026-02-02,0x657dd0353bbab3c31a15bebaefe5708f91599384,511.620539
2026-02-02,0x66f069a1aa1838b8f435459683a82ec5c4175be1,505.44479
2026-02-02,0x696361910177b630d7d98beb66db2a87210111ea,590.7908
2026-02-02,0x6a70e534e6244e34eca9ca8218640f2d4ee49b42,510.486587
2026-02-02,0x6b9cee98a4ca6cff357f576fb2a6cb2b5e43c39f,579.252567
2026-02-02,0x6f78bc27fa80f127fadb1897f98dde6cfb3c3f94,510.162591
2026-02-02,0x7531543d11be70509fd98599cab5e97745dd04ab,514.187607
2026-02-02,0x772ca23497f271c6113fce7c53782f35c304790e,501.804968
2026-02-02,0x7743b97525bdf503506288463d39b59b69993cfe,500.799562
2026-02-02,0x790d41e2f911b6eecad286c04734036929049793,513.758708
2026-02-02,0x7a0222dee3519854468f31154a4349c92814875f,523.036195
2026-02-02,0x7d10bd50494ca1094cb706fadee52345b6139cf9,501.122621
2026-02-02,0x7df172e521125054caa01d73c4fb4d30360e1079,500.544175
2026-02-02,0x7f554a7568293db35a6421759c305fee6b60aa9a,511.119352
2026-02-02,0x7f99c1b85c831c60d6f534412e4be78cab94a5e5,509.684515
2026-02-02,0x8075c55918a91f5fc1f66fb77a7ca0be67a90233,503.50152
2026-02-02,0x84c87d848244e49602f1ce614e46eba81e5f246f,507.98125
2026-02-02,0x8633be9e9a5c7c39e9dc9d7ffef0979ce1026e71,524.632018
2026-02-02,0x8b6bbe943259e12885529e4d340a0a5822f8d337,508.885172
2026-02-02,0x8c298797fb92fb91c1d4a83e5b948f431fe229c6,577.985594
2026-02-02,0x8da35b920fe236a757a0fad93d3a3ab8ea0a24cc,501.798249
2026-02-02,0x8da66f6ee0eedf4376e471d7a507553296e49c19,0.0
2026-02-02,0x9ab1433913c1014e2166b3c7f039d9528b1fc540,520.321614
2026-02-02,0x9e231a8b9c247230cb88befafee97a22ae244ee5,506.118942
2026-02-02,0xac82362174a32fbbad61efcb0f02b9016b20c768,578.979993
2026-02-02,0xae598104ba092f09470e59e7a4d2349dbbdc3310,501.574794
2026-02-02,0xb57d2a1424ff536ef5debb8761662c72f90f9b66,511.292911
2026-02-02,0xc32f2f6217d105d17904f8f495aa122baef4a333,1015.466456
2026-02-02,0xcc18c9473f7117e599b3f2103e794b16ffe7cf44,578.907419
2026-02-02,0xcd75160eeafa7227d1eea1dc157f77c3cb0c4688,511.940135
2026-02-02,0xd359264dd634edf74d5d00ed06ccc44ab20eeba9,503.379858
2026-02-02,0xdf5f43411c47c07ebcf03c16c29f18313e45ca66,520.980926
2026-02-02,0xe3abf7f7d29df6d64128794f64ed3d1b15a5e759,510.939253
2026-02-02,0xe4922b8eb9bef6f486564a59987f4e1930c53235,526.473942
2026-02-02,0xe6cac97e024e8e1d0d01cd5d1c72fcdcfe78be3d,503.315458
2026-02-02,0xea8d6a4caaef55c18da4c1efe7303b0f61b0415c,531.524604
2026-02-02,0xee2a70532e807259fcfd63274ad4e560dcca2613,511.806993
2026-02-02,0xf5397ef04201f76a3e97457bc84f27303df20e80,519.491555
2026-02-02,0xf5a89d2608db8fd229a076895f4f8d304e58c3a5,515.535602
2026-02-02,0xf9baa2c717f8140d6925d8ff1827abeca1906526,512.607812
2026-02-02,0xfaf8dbc45d01261ac417cf3b2843288df47fcacd,757.043877
2026-02-02,0xff0034103421a624aa2b2d618fe7602cd6dd3f1d,519.1289
2026-02-02,0xff806c084c40bce44d2facba005f8f1887cce7f4,511.546578
2026-02-03,0x04be52434eb64addf373137310551ac42013677c,521.082149
2026-02-03,0x087cdae4009af7974fb808cd4e01414ebf820ab0,500.581153
2026-02-03,0x0c560e8b4c179782ab476dfed8a129b0d64e66e8,1158.267263
2026-02-03,0x218c56f591abc69c40e96a10e7b69c62c2c406ee,514.921807
2026-02-03,0x28cd26d85b4ac655a489aa3f259f81283bd1a804,501.743925
2026-02-03,0x2bcd8898a678050efa5f41f4c6012045dee1b5c3,576.760932
2026-02-03,0x2e5b63b36e7b115229d12c88cd47d471c122eddf,1163.297117
2026-02-03,0x349dd66d555a26d890f6bb996ef1eadf9f65bdd3,520.875041
2026-02-03,0x36df841c8c269300335ed74d7729c66bc9dcb37d,580.207164
2026-02-03,0x3787e2720296b4e0119e344e1b64291ed5fea398,582.322505
2026-02-03,0x3b63bbf52aa94016b61ee8d6809253f915d61411,579.188331
2026-02-03,0x3d9f3cc0d52ea543116dfebdf3c77819766a64e2,509.39666
2026-02-03,0x422cb45f4dcb3f798b53835f8671288d424d881f,562.320654
2026-02-03,0x4784a9b16ba5ccb9fb384c0a68448b9e70d357a6,502.722322
2026-02-03,0x480f54f40e35739b6ed1dd0cb64ff881c392ff64,510.862623
2026-02-03,0x4813ffe82fe058134762df947a9bf453229a010f,585.666172
2026-02-03,0x4d571d89c5b71f720dbd271ac60f574402e76add,519.531401
2026-02-03,0x52512f63bfdc0ca4d15e31da6b395c94eb16d563,500.448
2026-02-03,0x583924a6dfa73f20d7cee1f067f56afeccdda38c,600.678695
2026-02-03,0x58c659b1c03d03ab6e7cf1ad6781bfe16a39375d,512.842095
2026-02-03,0x5ebd6fc47e018d572695a30406aab2094f5739a5,513.288546
2026-02-03,0x60a50be186c8fedeee7eb8e4162e8052bda6ba0e,726.589736
2026-02-03,0x6194a13d478ba4de00cace380f51190663fd0de0,513.288715
2026-02-03,0x64fbb84b9a101227af977ab5916cdead0de630bb,504.992643
2026-02-03,0x657dd0353bbab3c31a15bebaefe5708f91599384,511.659463
2026-02-03,0x66f069a1aa1838b8f435459683a82ec5c4175be1,505.483244
2026-02-03,0x696361910177b630d7d98beb66db2a87210111ea,590.835748
2026-02-03,0x6a70e534e6244e34eca9ca8218640f2d4ee49b42,510.525424
2026-02-03,0x6b9cee98a4ca6cff357f576fb2a6cb2b5e43c39f,579.296637
2026-02-03,0x6f78bc27fa80f127fadb1897f98dde6cfb3c3f94,510.201405
2026-02-03,0x7531543d11be70509fd98599cab5e97745dd04ab,514.226727
2026-02-03,0x772ca23497f271c6113fce7c53782f35c304790e,62331.08726
2026-02-03,0x7743b97525bdf503506288463d39b59b69993cfe,500.837663
2026-02-03,0x790d41e2f911b6eecad286c04734036929049793,513.797795
2026-02-03,0x7a0222dee3519854468f31154a4349c92814875f,523.075988
2026-02-03,0x7d10bd50494ca1094cb706fadee52345b6139cf9,501.160747
2026-02-03,0x7df172e521125054caa01d73c4fb4d30360e1079,500.582256
2026-02-03,0x7f554a7568293db35a6421759c305fee6b60aa9a,511.158238
2026-02-03,0x7f99c1b85c831c60d6f534412e4be78cab94a5e5,509.723292
2026-02-03,0x8075c55918a91f5fc1f66fb77a7ca0be67a90233,503.539826
2026-02-03,0x84c87d848244e49602f1ce614e46eba81e5f246f,508.019897
2026-02-03,0x8633be9e9a5c7c39e9dc9d7ffef0979ce1026e71,524.671932
2026-02-03,0x8b6bbe943259e12885529e4d340a0a5822f8d337,508.923888
2026-02-03,0x8c298797fb92fb91c1d4a83e5b948f431fe229c6,578.029568
2026-02-03,0x8da35b920fe236a757a0fad93d3a3ab8ea0a24cc,501.836426
2026-02-03,0x8da66f6ee0eedf4376e471d7a507553296e49c19,0.0
2026-02-03,0x9ab1433913c1014e2166b3c7f039d9528b1fc540,520.3612
2026-02-03,0x9e231a8b9c247230cb88befafee97a22ae244ee5,506.157448
2026-02-03,0xac82362174a32fbbad61efcb0f02b9016b20c768,579.024041
2026-02-03,0xae598104ba092f09470e59e7a4d2349dbbdc3310,501.612954
2026-02-03,0xb57d2a1424ff536ef5debb8761662c72f90f9b66,511.33181
2026-02-03,0xc32f2f6217d105d17904f8f495aa122baef4a333,1015.543713
2026-02-03,0xcc18c9473f7117e599b3f2103e794b16ffe7cf44,578.951462
2026-02-03,0xcd75160eeafa7227d1eea1dc157f77c3cb0c4688,511.979084
2026-02-03,0xd359264dd634edf74d5d00ed06ccc44ab20eeba9,503.418155
2026-02-03,0xdf5f43411c47c07ebcf03c16c29f18313e45ca66,521.020563
2026-02-03,0xe3abf7f7d29df6d64128794f64ed3d1b15a5e759,510.978125
2026-02-03,0xe4922b8eb9bef6f486564a59987f4e1930c53235,526.513997
2026-02-03,0xe6cac97e024e8e1d0d01cd5d1c72fcdcfe78be3d,503.35375
2026-02-03,0xea8d6a4caaef55c18da4c1efe7303b0f61b0415c,531.565043
2026-02-03,0xee2a70532e807259fcfd63274ad4e560dcca2613,511.845932
2026-02-03,0xf5397ef04201f76a3e97457bc84f27303df20e80,519.531078
2026-02-03,0xf5a89d2608db8fd229a076895f4f8d304e58c3a5,515.574824
2026-02-03,0xf9baa2c717f8140d6925d8ff1827abeca1906526,512.646811
2026-02-03,0xfaf8dbc45d01261ac417cf3b2843288df47fcacd,757.101473
2026-02-03,0xff0034103421a624aa2b2d618fe7602cd6dd3f1d,519.168395
2026-02-03,0xff806c084c40bce44d2facba005f8f1887cce7f4,511.585497
2026-02-04,0x04be52434eb64addf373137310551ac42013677c,521.118446
2026-02-04,0x087cdae4009af7974fb808cd4e01414ebf820ab0,500.616022
2026-02-04,0x0c560e8b4c179782ab476dfed8a129b0d64e66e8,1158.347944
2026-02-04,0x218c56f591abc69c40e96a10e7b69c62c2c406ee,514.957674
2026-02-04,0x28cd26d85b4ac655a489aa3f259f81283bd1a804,501.778874
2026-02-04,0x2bcd8898a678050efa5f41f4c6012045dee1b5c3,576.801107
2026-02-04,0x2e5b63b36e7b115229d12c88cd47d471c122eddf,1163.378147
2026-02-04,0x349dd66d555a26d890f6bb996ef1eadf9f65bdd3,520.911323
2026-02-04,0x36df841c8c269300335ed74d7729c66bc9dcb37d,580.247579
2026-02-04,0x3787e2720296b4e0119e344e1b64291ed5fea398,582.363068
2026-02-04,0x3b63bbf52aa94016b61ee8d6809253f915d61411,579.228675
2026-02-04,0x3d9f3cc0d52ea543116dfebdf3c77819766a64e2,509.432142
2026-02-04,0x422cb45f4dcb3f798b53835f8671288d424d881f,562.359823
2026-02-04,0x4784a9b16ba5ccb9fb384c0a68448b9e70d357a6,502.75734
2026-02-04,0x480f54f40e35739b6ed1dd0cb64ff881c392ff64,510.898208
2026-02-04,0x4813ffe82fe058134762df947a9bf453229a010f,585.706967
2026-02-04,0x4d571d89c5b71f720dbd271ac60f574402e76add,519.567589
2026-02-04,0x52512f63bfdc0ca4d15e31da6b395c94eb16d563,500.482859
2026-02-04,0x583924a6dfa73f20d7cee1f067f56afeccdda38c,600.720536
2026-02-04,0x58c659b1c03d03ab6e7cf1ad6781bfe16a39375d,512.877818
2026-02-04,0x5ebd6fc47e018d572695a30406aab2094f5739a5,513.3243
2026-02-04,0x60a50be186c8fedeee7eb8e4162e8052bda6ba0e,726.640348
2026-02-04,0x6194a13d478ba4de00cace380f51190663fd0de0,513.324468
2026-02-04,0x64fbb84b9a101227af977ab5916cdead0de630bb,505.027818
2026-02-04,0x657dd0353bbab3c31a15bebaefe5708f91599384,511.695103
2026-02-04,0x66f069a1aa1838b8f435459683a82ec5c4175be1,505.518454
2026-02-04,0x696361910177b630d7d98beb66db2a87210111ea,590.876903
2026-02-04,0x6a70e534e6244e34eca9ca8218640f2d4ee49b42,510.560986
2026-02-04,0x6b9cee98a4ca6cff357f576fb2a6cb2b5e43c39f,579.336988
2026-02-04,0x6f78bc27fa80f127fadb1897f98dde6cfb3c3f94,510.236943
2026-02-04,0x7531543d11be70509fd98599cab5e97745dd04ab,514.262546
2026-02-04,0x772ca23497f271c6113fce7c53782f35c304790e,62335.428985
2026-02-04,0x7743b97525bdf503506288463d39b59b69993cfe,500.872549
2026-02-04,0x790d41e2f911b6eecad286c04734036929049793,513.833584
2026-02-04,0x7a0222dee3519854468f31154a4349c92814875f,523.112423
2026-02-04,0x7d10bd50494ca1094cb706fadee52345b6139cf9,501.195656
2026-02-04,0x7df172e521125054caa01d73c4fb4d30360e1079,500.617125
2026-02-04,0x7f554a7568293db35a6421759c305fee6b60aa9a,511.193843
2026-02-04,0x7f99c1b85c831c60d6f534412e4be78cab94a5e5,509.758797
2026-02-04,0x8075c55918a91f5fc1f66fb77a7ca0be67a90233,503.5749
2026-02-04,0x84c87d848244e49602f1ce614e46eba81e5f246f,508.055283
2026-02-04,0x8633be9e9a5c7c39e9dc9d7ffef0979ce1026e71,524.708479
2026-02-04,0x8b6bbe943259e12885529e4d340a0a5822f8d337,508.959338
2026-02-04,0x8c298797fb92fb91c1d4a83e5b948f431fe229c6,578.069831
2026-02-04,0x8da35b920fe236a757a0fad93d3a3ab8ea0a24cc,501.871382
2026-02-04,0x8da66f6ee0eedf4376e471d7a507553296e49c19,0.0
2026-02-04,0x9ab1433913c1014e2166b3c7f039d9528b1fc540,520.397446
2026-02-04,0x9e231a8b9c247230cb88befafee97a22ae244ee5,506.192705
2026-02-04,0xac82362174a32fbbad61efcb0f02b9016b20c768,579.064374
2026-02-04,0xae598104ba092f09470e59e7a4d2349dbbdc3310,501.647894
2026-02-04,0xb57d2a1424ff536ef5debb8761662c72f90f9b66,511.367427
2026-02-04,0xc32f2f6217d105d17904f8f495aa122baef4a333,1015.614451
2026-02-04,0xcc18c9473f7117e599b3f2103e794b16ffe7cf44,578.991789
2026-02-04,0xcd75160eeafa7227d1eea1dc157f77c3cb0c4688,512.014746
2026-02-04,0xd359264dd634edf74d5d00ed06ccc44ab20eeba9,503.453221
2026-02-04,0xdf5f43411c47c07ebcf03c16c29f18313e45ca66,521.056855
2026-02-04,0xe3abf7f7d29df6d64128794f64ed3d1b15a5e759,511.013718
2026-02-04,0xe4922b8eb9bef6f486564a59987f4e1930c53235,526.550671
2026-02-04,0xe6cac97e024e8e1d0d01cd5d1c72fcdcfe78be3d,503.388812
2026-02-04,0xea8d6a4caaef55c18da4c1efe7303b0f61b0415c,531.602069
2026-02-04,0xee2a70532e807259fcfd63274ad4e560dcca2613,511.881585
2026-02-04,0xf5397ef04201f76a3e97457bc84f27303df20e80,519.567266
2026-02-04,0xf5a89d2608db8fd229a076895f4f8d304e58c3a5,515.610737
2026-02-04,0xf9baa2c717f8140d6925d8ff1827abeca1906526,512.68252
2026-02-04,0xfaf8dbc45d01261ac417cf3b2843288df47fcacd,757.154209
2026-02-04,0xff0034103421a624aa2b2d618fe7602cd6dd3f1d,519.204558
2026-02-04,0xff806c084c40bce44d2facba005f8f1887cce7f4,511.621131
2026-02-05,0x04be52434eb64addf373137310551ac42013677c,521.152248
2026-02-05,0x087cdae4009af7974fb808cd4e01414ebf820ab0,500.648494
2026-02-05,0x0c560e8b4c179782ab476dfed8a129b0d64e66e8,1158.42308
2026-02-05,0x218c56f591abc69c40e96a10e7b69c62c2c406ee,514.991077
2026-02-05,0x28cd26d85b4ac655a489aa3f259f81283bd1a804,501.811422
2026-02-05,0x2bcd8898a678050efa5f41f4c6012045dee1b5c3,576.838521
2026-02-05,0x2e5b63b36e7b115229d12c88cd47d471c122eddf,1163.453609
2026-02-05,0x349dd66d555a26d890f6bb996ef1eadf9f65bdd3,520.945112
2026-02-05,0x36df841c8c269300335ed74d7729c66bc9dcb37d,580.285217
2026-02-05,0x3787e2720296b4e0119e344e1b64291ed5fea398,582.400843
2026-02-05,0x3b63bbf52aa94016b61ee8d6809253f915d61411,579.266246
2026-02-05,0x3d9f3cc0d52ea543116dfebdf3c77819766a64e2,509.465187
2026-02-05,0x422cb45f4dcb3f798b53835f8671288d424d881f,562.3963
2026-02-05,0x4784a9b16ba5ccb9fb384c0a68448b9e70d357a6,502.789951
2026-02-05,0x480f54f40e35739b6ed1dd0cb64ff881c392ff64,510.931347
2026-02-05,0x4813ffe82fe058134762df947a9bf453229a010f,585.744959
2026-02-05,0x4d571d89c5b71f720dbd271ac60f574402e76add,519.601291
2026-02-05,0x52512f63bfdc0ca4d15e31da6b395c94eb16d563,500.515323
2026-02-05,0x583924a6dfa73f20d7cee1f067f56afeccdda38c,600.759501
2026-02-05,0x58c659b1c03d03ab6e7cf1ad6781bfe16a39375d,512.911086
2026-02-05,0x5ebd6fc47e018d572695a30406aab2094f5739a5,513.357597
2026-02-05,0x60a50be186c8fedeee7eb8e4162e8052bda6ba0e,726.687481
2026-02-05,0x6194a13d478ba4de00cace380f51190663fd0de0,513.357765
2026-02-05,0x64fbb84b9a101227af977ab5916cdead0de630bb,505.060577
2026-02-05,0x657dd0353bbab3c31a15bebaefe5708f91599384,511.728294
2026-02-05,0x66f069a1aa1838b8f435459683a82ec5c4175be1,505.551245
2026-02-05,0x696361910177b630d7d98beb66db2a87210111ea,590.91523
2026-02-05,0x6a70e534e6244e34eca9ca8218640f2d4ee49b42,510.594103
2026-02-05,0x6b9cee98a4ca6cff357f576fb2a6cb2b5e43c39f,579.374567
2026-02-05,0x6f78bc27fa80f127fadb1897f98dde6cfb3c3f94,510.27004
2026-02-05,0x7531543d11be70509fd98599cab5e97745dd04ab,514.295903
2026-02-05,0x772ca23497f271c6113fce7c53782f35c304790e,62339.472364
2026-02-05,0x7743b97525bdf503506288463d39b59b69993cfe,500.905038
2026-02-05,0x790d41e2f911b6eecad286c04734036929049793,513.866914
2026-02-05,0x7a0222dee3519854468f31154a4349c92814875f,523.146354
2026-02-05,0x7d10bd50494ca1094cb706fadee52345b6139cf9,501.228166
2026-02-05,0x7df172e521125054caa01d73c4fb4d30360e1079,500.649597
2026-02-05,0x7f554a7568293db35a6421759c305fee6b60aa9a,511.227001
2026-02-05,0x7f99c1b85c831c60d6f534412e4be78cab94a5e5,509.791862
2026-02-05,0x8075c55918a91f5fc1f66fb77a7ca0be67a90233,503.607565
2026-02-05,0x84c87d848244e49602f1ce614e46eba81e5f246f,508.088238
2026-02-05,0x8633be9e9a5c7c39e9dc9d7ffef0979ce1026e71,524.742514
2026-02-05,0x8b6bbe943259e12885529e4d340a0a5822f8d337,508.992351
2026-02-05,0x8c298797fb92fb91c1d4a83e5b948f431fe229c6,578.107327
2026-02-05,0x8da35b920fe236a757a0fad93d3a3ab8ea0a24cc,501.903936
2026-02-05,0x8da66f6ee0eedf4376e471d7a507553296e49c19,0.0
2026-02-05,0x9ab1433913c1014e2166b3c7f039d9528b1fc540,520.431202
2026-02-05,0x9e231a8b9c247230cb88befafee97a22ae244ee5,506.225539
2026-02-05,0xac82362174a32fbbad61efcb0f02b9016b20c768,579.101935
2026-02-05,0xae598104ba092f09470e59e7a4d2349dbbdc3310,501.680433
2026-02-05,0xb57d2a1424ff536ef5debb8761662c72f90f9b66,511.400597
2026-02-05,0xc32f2f6217d105d17904f8f495aa122baef4a333,1015.680329
2026-02-05,0xcc18c9473f7117e599b3f2103e794b16ffe7cf44,579.029346
2026-02-05,0xcd75160eeafa7227d1eea1dc157f77c3cb0c4688,512.047958
2026-02-05,0xd359264dd634edf74d5d00ed06ccc44ab20eeba9,503.485878
2026-02-05,0xdf5f43411c47c07ebcf03c16c29f18313e45ca66,521.090653
2026-02-05,0xe3abf7f7d29df6d64128794f64ed3d1b15a5e759,511.046865
2026-02-05,0xe4922b8eb9bef6f486564a59987f4e1930c53235,526.584826
2026-02-05,0xe6cac97e024e8e1d0d01cd5d1c72fcdcfe78be3d,503.421464
2026-02-05,0xea8d6a4caaef55c18da4c1efe7303b0f61b0415c,531.636552
2026-02-05,0xee2a70532e807259fcfd63274ad4e560dcca2613,511.914788
2026-02-05,0xf5397ef04201f76a3e97457bc84f27303df20e80,519.600968
2026-02-05,0xf5a89d2608db8fd229a076895f4f8d304e58c3a5,515.644182
2026-02-05,0xf9baa2c717f8140d6925d8ff1827abeca1906526,512.715775
2026-02-05,0xfaf8dbc45d01261ac417cf3b2843288df47fcacd,757.203322
2026-02-05,0xff0034103421a624aa2b2d618fe7602cd6dd3f1d,519.238237
2026-02-05,0xff806c084c40bce44d2facba005f8f1887cce7f4,511.654318
2026-02-06,0x04be52434eb64addf373137310551ac42013677c,521.18292
2026-02-06,0x087cdae4009af7974fb808cd4e01414ebf820ab0,500.677959
2026-02-06,0x0c560e8b4c179782ab476dfed8a129b0d64e66e8,1158.491257
2026-02-06,0x218c56f591abc69c40e96a10e7b69c62c2c406ee,515.021386
2026-02-06,0x28cd26d85b4ac655a489aa3f259f81283bd1a804,501.840955
2026-02-06,0x2bcd8898a678050efa5f41f4c6012045dee1b5c3,576.872469
2026-02-06,0x2e5b63b36e7b115229d12c88cd47d471c122eddf,1163.522082
2026-02-06,0x349dd66d555a26d890f6bb996ef1eadf9f65bdd3,520.975771
2026-02-06,0x36df841c8c269300335ed74d7729c66bc9dcb37d,580.319368
2026-02-06,0x3787e2720296b4e0119e344e1b64291ed5fea398,582.435119
2026-02-06,0x3b63bbf52aa94016b61ee8d6809253f915d61411,579.300338
2026-02-06,0x3d9f3cc0d52ea543116dfebdf3c77819766a64e2,509.49517
2026-02-06,0x422cb45f4dcb3f798b53835f8671288d424d881f,562.429399
2026-02-06,0x4784a9b16ba5ccb9fb384c0a68448b9e70d357a6,502.819542
2026-02-06,0x480f54f40e35739b6ed1dd0cb64ff881c392ff64,510.961417
2026-02-06,0x4813ffe82fe058134762df947a9bf453229a010f,585.779432
2026-02-06,0x4d571d89c5b71f720dbd271ac60f574402e76add,519.631871
2026-02-06,0x52512f63bfdc0ca4d15e31da6b395c94eb16d563,500.54478
2026-02-06,0x583924a6dfa73f20d7cee1f067f56afeccdda38c,600.794858
2026-02-06,0x58c659b1c03d03ab6e7cf1ad6781bfe16a39375d,512.941272
2026-02-06,0x5ebd6fc47e018d572695a30406aab2094f5739a5,513.387809
2026-02-06,0x60a50be186c8fedeee7eb8e4162e8052bda6ba0e,726.730249
2026-02-06,0x6194a13d478ba4de00cace380f51190663fd0de0,513.387978
2026-02-06,0x64fbb84b9a101227af977ab5916cdead0de630bb,505.090301
2026-02-06,0x657dd0353bbab3c31a15bebaefe5708f91599384,511.758411
2026-02-06,0x66f069a1aa1838b8f435459683a82ec5c4175be1,505.580998
2026-02-06,0x696361910177b630d7d98beb66db2a87210111ea,590.950007
2026-02-06,0x6a70e534e6244e34eca9ca8218640f2d4ee49b42,510.624153
2026-02-06,0x6b9cee98a4ca6cff357f576fb2a6cb2b5e43c39f,579.408665
2026-02-06,0x6f78bc27fa80f127fadb1897f98dde6cfb3c3f94,510.300071
2026-02-06,0x7531543d11be70509fd98599cab5e97745dd04ab,514.326171
2026-02-06,0x772ca23497f271c6113fce7c53782f35c304790e,62343.141249
2026-02-06,0x7743b97525bdf503506288463d39b59b69993cfe,500.934518
2026-02-06,0x790d41e2f911b6eecad286c04734036929049793,513.897156
2026-02-06,0x7a0222dee3519854468f31154a4349c92814875f,523.177143
2026-02-06,0x7d10bd50494ca1094cb706fadee52345b6139cf9,501.257665
2026-02-06,0x7df172e521125054caa01d73c4fb4d30360e1079,500.679062
2026-02-06,0x7f554a7568293db35a6421759c305fee6b60aa9a,511.257089
2026-02-06,0x7f99c1b85c831c60d6f534412e4be78cab94a5e5,509.821865
2026-02-06,0x8075c55918a91f5fc1f66fb77a7ca0be67a90233,503.637204
2026-02-06,0x84c87d848244e49602f1ce614e46eba81e5f246f,508.118141
2026-02-06,0x8633be9e9a5c7c39e9dc9d7ffef0979ce1026e71,524.773397
2026-02-06,0x8b6bbe943259e12885529e4d340a0a5822f8d337,509.022307
2026-02-06,0x8c298797fb92fb91c1d4a83e5b948f431fe229c6,578.141351
2026-02-06,0x8da35b920fe236a757a0fad93d3a3ab8ea0a24cc,501.933475
2026-02-06,0x8da66f6ee0eedf4376e471d7a507553296e49c19,0.0
2026-02-06,0x9ab1433913c1014e2166b3c7f039d9528b1fc540,520.461831
2026-02-06,0x9e231a8b9c247230cb88befafee97a22ae244ee5,506.255332
2026-02-06,0xac82362174a32fbbad61efcb0f02b9016b20c768,579.136017
2026-02-06,0xae598104ba092f09470e59e7a4d2349dbbdc3310,501.709959
2026-02-06,0xb57d2a1424ff536ef5debb8761662c72f90f9b66,511.430694
2026-02-06,0xc32f2f6217d105d17904f8f495aa122baef4a333,1015.740105
2026-02-06,0xcc18c9473f7117e599b3f2103e794b16ffe7cf44,579.063423
2026-02-06,0xcd75160eeafa7227d1eea1dc157f77c3cb0c4688,512.078094
2026-02-06,0xd359264dd634edf74d5d00ed06ccc44ab20eeba9,503.515509
2026-02-06,0xdf5f43411c47c07ebcf03c16c29f18313e45ca66,521.121321
2026-02-06,0xe3abf7f7d29df6d64128794f64ed3d1b15a5e759,511.076941
2026-02-06,0xe4922b8eb9bef6f486564a59987f4e1930c53235,526.615817
2026-02-06,0xe6cac97e024e8e1d0d01cd5d1c72fcdcfe78be3d,503.451092
2026-02-06,0xea8d6a4caaef55c18da4c1efe7303b0f61b0415c,531.66784
2026-02-06,0xee2a70532e807259fcfd63274ad4e560dcca2613,511.944916
2026-02-06,0xf5397ef04201f76a3e97457bc84f27303df20e80,519.631548
2026-02-06,0xf5a89d2608db8fd229a076895f4f8d304e58c3a5,515.674529
2026-02-06,0xf9baa2c717f8140d6925d8ff1827abeca1906526,512.74595
2026-02-06,0xfaf8dbc45d01261ac417cf3b2843288df47fcacd,757.247886
2026-02-06,0xff0034103421a624aa2b2d618fe7602cd6dd3f1d,519.268795
2026-02-06,0xff806c084c40bce44d2facba005f8f1887cce7f4,511.68443
2026-02-07,0x04be52434eb64addf373137310551ac42013677c,521.214166
2026-02-07,0x087cdae4009af7974fb808cd4e01414ebf820ab0,500.707976
2026-02-07,0x0c560e8b4c179782ab476dfed8a129b0d64e66e8,1158.560713
2026-02-07,0x218c56f591abc69c40e96a10e7b69c62c2c406ee,515.052263
2026-02-07,0x28cd26d85b4ac655a489aa3f259f81283bd1a804,501.871042
2026-02-07,0x2bcd8898a678050efa5f41f4c6012045dee1b5c3,576.907055
2026-02-07,0x2e5b63b36e7b115229d12c88cd47d471c122eddf,1163.59184
2026-02-07,0x349dd66d555a26d890f6bb996ef1eadf9f65bdd3,521.007005
2026-02-07,0x36df841c8c269300335ed74d7729c66bc9dcb37d,580.354161
2026-02-07,0x3787e2720296b4e0119e344e1b64291ed5fea398,582.470038
2026-02-07,0x3b63bbf52aa94016b61ee8d6809253f915d61411,579.335069
2026-02-07,0x3d9f3cc0d52ea543116dfebdf3c77819766a64e2,509.525717
2026-02-07,0x422cb45f4dcb3f798b53835f8671288d424d881f,562.463119
2026-02-07,0x4784a9b16ba5ccb9fb384c0a68448b9e70d357a6,502.849688
2026-02-07,0x480f54f40e35739b6ed1dd0cb64ff881c392ff64,510.992051
2026-02-07,0x4813ffe82fe058134762df947a9bf453229a010f,585.814552
2026-02-07,0x4d571d89c5b71f720dbd271ac60f574402e76add,519.663025
2026-02-07,0x52512f63bfdc0ca4d15e31da6b395c94eb16d563,500.574789
2026-02-07,0x583924a6dfa73f20d7cee1f067f56afeccdda38c,600.830878
2026-02-07,0x58c659b1c03d03ab6e7cf1ad6781bfe16a39375d,512.972025
2026-02-07,0x5ebd6fc47e018d572695a30406aab2094f5739a5,513.418589
2026-02-07,0x60a50be186c8fedeee7eb8e4162e8052bda6ba0e,726.773819
2026-02-07,0x6194a13d478ba4de00cace380f51190663fd0de0,513.418757
2026-02-07,0x64fbb84b9a101227af977ab5916cdead0de630bb,505.120583
2026-02-07,0x657dd0353bbab3c31a15bebaefe5708f91599384,511.789093
2026-02-07,0x66f069a1aa1838b8f435459683a82ec5c4175be1,505.611309
2026-02-07,0x696361910177b630d7d98beb66db2a87210111ea,590.985437
2026-02-07,0x6a70e534e6244e34eca9ca8218640f2d4ee49b42,510.654767
2026-02-07,0x6b9cee98a4ca6cff357f576fb2a6cb2b5e43c39f,579.443402
2026-02-07,0x6f78bc27fa80f127fadb1897f98dde6cfb3c3f94,510.330665
2026-02-07,0x7531543d11be70509fd98599cab5e97745dd04ab,514.357007
2026-02-07,0x772ca23497f271c6113fce7c53782f35c304790e,62346.878955
2026-02-07,0x7743b97525bdf503506288463d39b59b69993cfe,500.964551
2026-02-07,0x790d41e2f911b6eecad286c04734036929049793,513.927966
2026-02-07,0x7a0222dee3519854468f31154a4349c92814875f,523.20851
2026-02-07,0x7d10bd50494ca1094cb706fadee52345b6139cf9,501.287717
2026-02-07,0x7df172e521125054caa01d73c4fb4d30360e1079,500.70908
2026-02-07,0x7f554a7568293db35a6421759c305fee6b60aa9a,511.28774
2026-02-07,0x7f99c1b85c831c60d6f534412e4be78cab94a5e5,509.852431
2026-02-07,0x8075c55918a91f5fc1f66fb77a7ca0be67a90233,503.667399
2026-02-07,0x84c87d848244e49602f1ce614e46eba81e5f246f,508.148605
2026-02-07,0x8633be9e9a5c7c39e9dc9d7ffef0979ce1026e71,524.804859
2026-02-07,0x8b6bbe943259e12885529e4d340a0a5822f8d337,509.052825
2026-02-07,0x8c298797fb92fb91c1d4a83e5b948f431fe229c6,578.176013
2026-02-07,0x8da35b920fe236a757a0fad93d3a3ab8ea0a24cc,501.963567
2026-02-07,0x8da66f6ee0eedf4376e471d7a507553296e49c19,0.0
2026-02-07,0x9ab1433913c1014e2166b3c7f039d9528b1fc540,520.493034
2026-02-07,0x9e231a8b9c247230cb88befafee97a22ae244ee5,506.285684
2026-02-07,0xac82362174a32fbbad61efcb0f02b9016b20c768,579.170738
2026-02-07,0xae598104ba092f09470e59e7a4d2349dbbdc3310,501.740038
2026-02-07,0xb57d2a1424ff536ef5debb8761662c72f90f9b66,511.461357
2026-02-07,0xc32f2f6217d105d17904f8f495aa122baef4a333,1015.801003
2026-02-07,0xcc18c9473f7117e599b3f2103e794b16ffe7cf44,579.09814
2026-02-07,0xcd75160eeafa7227d1eea1dc157f77c3cb0c4688,512.108795
2026-02-07,0xd359264dd634edf74d5d00ed06ccc44ab20eeba9,503.545697
2026-02-07,0xdf5f43411c47c07ebcf03c16c29f18313e45ca66,521.152564
2026-02-07,0xe3abf7f7d29df6d64128794f64ed3d1b15a5e759,511.107582
2026-02-07,0xe4922b8eb9bef6f486564a59987f4e1930c53235,526.64739
2026-02-07,0xe6cac97e024e8e1d0d01cd5d1c72fcdcfe78be3d,503.481276
2026-02-07,0xea8d6a4caaef55c18da4c1efe7303b0f61b0415c,531.699716
2026-02-07,0xee2a70532e807259fcfd63274ad4e560dcca2613,511.975609
2026-02-07,0xf5397ef04201f76a3e97457bc84f27303df20e80,519.662702
2026-02-07,0xf5a89d2608db8fd229a076895f4f8d304e58c3a5,515.705446
2026-02-07,0xf9baa2c717f8140d6925d8ff1827abeca1906526,512.776691
2026-02-07,0xfaf8dbc45d01261ac417cf3b2843288df47fcacd,757.293286
2026-02-07,0xff0034103421a624aa2b2d618fe7602cd6dd3f1d,519.299928
2026-02-07,0xff806c084c40bce44d2facba005f8f1887cce7f4,511.715108
2026-02-08,0x04be52434eb64addf373137310551ac42013677c,521.244727
2026-02-08,0x087cdae4009af7974fb808cd4e01414ebf820ab0,500.737335
2026-02-08,0x0c560e8b4c179782ab476dfed8a129b0d64e66e8,1158.628643
2026-02-08,0x218c56f591abc69c40e96a10e7b69c62c2c406ee,515.082463
2026-02-08,0x28cd26d85b4ac655a489aa3f259f81283bd1a804,501.900469
2026-02-08,0x2bcd8898a678050efa5f41f4c6012045dee1b5c3,576.940881
2026-02-08,0x2e5b63b36e7b115229d12c88cd47d471c122eddf,1163.660066
2026-02-08,0x349dd66d555a26d890f6bb996ef1eadf9f65bdd3,521.037554
2026-02-08,0x36df841c8c269300335ed74d7729c66bc9dcb37d,580.388189
2026-02-08,0x3787e2720296b4e0119e344e1b64291ed5fea398,582.50419
2026-02-08,0x3b63bbf52aa94016b61ee8d6809253f915d61411,579.369038
2026-02-08,0x3d9f3cc0d52ea543116dfebdf3c77819766a64e2,509.555592
2026-02-08,0x422cb45f4dcb3f798b53835f8671288d424d881f,562.496098
2026-02-08,0x4784a9b16ba5ccb9fb384c0a68448b9e70d357a6,502.879172
2026-02-08,0x480f54f40e35739b6ed1dd0cb64ff881c392ff64,511.022012
2026-02-08,0x4813ffe82fe058134762df947a9bf453229a010f,585.8489
2026-02-08,0x4d571d89c5b71f720dbd271ac60f574402e76add,519.693495
2026-02-08,0x52512f63bfdc0ca4d15e31da6b395c94eb16d563,500.60414
2026-02-08,0x583924a6dfa73f20d7cee1f067f56afeccdda38c,600.866107
2026-02-08,0x58c659b1c03d03ab6e7cf1ad6781bfe16a39375d,513.002102
2026-02-08,0x5ebd6fc47e018d572695a30406aab2094f5739a5,513.448693
2026-02-08,0x60a50be186c8fedeee7eb8e4162e8052bda6ba0e,726.816433
2026-02-08,0x6194a13d478ba4de00cace380f51190663fd0de0,513.448861
2026-02-08,0x64fbb84b9a101227af977ab5916cdead0de630bb,505.1502
2026-02-08,0x657dd0353bbab3c31a15bebaefe5708f91599384,511.819101
2026-02-08,0x66f069a1aa1838b8f435459683a82ec5c4175be1,505.640955
2026-02-08,0x696361910177b630d7d98beb66db2a87210111ea,591.020089
2026-02-08,0x6a70e534e6244e34eca9ca8218640f2d4ee49b42,510.684709
2026-02-08,0x6b9cee98a4ca6cff357f576fb2a6cb2b5e43c39f,579.477377
2026-02-08,0x6f78bc27fa80f127fadb1897f98dde6cfb3c3f94,510.360588
2026-02-08,0x7531543d11be70509fd98599cab5e97745dd04ab,514.387166
2026-02-08,0x772ca23497f271c6113fce7c53782f35c304790e,62350.534581
2026-02-08,0x7743b97525bdf503506288463d39b59b69993cfe,500.993925
2026-02-08,0x790d41e2f911b6eecad286c04734036929049793,513.9581
2026-02-08,0x7a0222dee3519854468f31154a4349c92814875f,523.239187
2026-02-08,0x7d10bd50494ca1094cb706fadee52345b6139cf9,501.317109
2026-02-08,0x7df172e521125054caa01d73c4fb4d30360e1079,500.738438
2026-02-08,0x7f554a7568293db35a6421759c305fee6b60aa9a,511.317719
2026-02-08,0x7f99c1b85c831c60d6f534412e4be78cab94a5e5,509.882325
2026-02-08,0x8075c55918a91f5fc1f66fb77a7ca0be67a90233,503.696931
2026-02-08,0x84c87d848244e49602f1ce614e46eba81e5f246f,508.178399
2026-02-08,0x8633be9e9a5c7c39e9dc9d7ffef0979ce1026e71,524.83563
2026-02-08,0x8b6bbe943259e12885529e4d340a0a5822f8d337,509.082673
2026-02-08,0x8c298797fb92fb91c1d4a83e5b948f431fe229c6,578.209913
2026-02-08,0x8da35b920fe236a757a0fad93d3a3ab8ea0a24cc,501.992999
2026-02-08,0x8da66f6ee0eedf4376e471d7a507553296e49c19,0.0
2026-02-08,0x9ab1433913c1014e2166b3c7f039d9528b1fc540,520.523553
2026-02-08,0x9e231a8b9c247230cb88befafee97a22ae244ee5,506.315369
2026-02-08,0xac82362174a32fbbad61efcb0f02b9016b20c768,579.204697
2026-02-08,0xae598104ba092f09470e59e7a4d2349dbbdc3310,501.769457
2026-02-08,0xb57d2a1424ff536ef5debb8761662c72f90f9b66,511.491346
2026-02-08,0xc32f2f6217d105d17904f8f495aa122baef4a333,1015.860563
2026-02-08,0xcc18c9473f7117e599b3f2103e794b16ffe7cf44,579.132095
2026-02-08,0xcd75160eeafa7227d1eea1dc157f77c3cb0c4688,512.138821
2026-02-08,0xd359264dd634edf74d5d00ed06ccc44ab20eeba9,503.575222
2026-02-08,0xdf5f43411c47c07ebcf03c16c29f18313e45ca66,521.183121
2026-02-08,0xe3abf7f7d29df6d64128794f64ed3d1b15a5e759,511.137551
2026-02-08,0xe4922b8eb9bef6f486564a59987f4e1930c53235,526.678269
2026-02-08,0xe6cac97e024e8e1d0d01cd5d1c72fcdcfe78be3d,503.510797
2026-02-08,0xea8d6a4caaef55c18da4c1efe7303b0f61b0415c,531.730891
2026-02-08,0xee2a70532e807259fcfd63274ad4e560dcca2613,512.005628
2026-02-08,0xf5397ef04201f76a3e97457bc84f27303df20e80,519.693171
2026-02-08,0xf5a89d2608db8fd229a076895f4f8d304e58c3a5,515.735683
2026-02-08,0xf9baa2c717f8140d6925d8ff1827abeca1906526,512.806757
2026-02-08,0xfaf8dbc45d01261ac417cf3b2843288df47fcacd,757.337689
2026-02-08,0xff0034103421a624aa2b2d618fe7602cd6dd3f1d,519.330376
2026-02-08,0xff806c084c40bce44d2facba005f8f1887cce7f4,511.745111
2026-02-09,0x04be52434eb64addf373137310551ac42013677c,521.274592
2026-02-09,0x087cdae4009af7974fb808cd4e01414ebf820ab0,500.766025
2026-02-09,0x0c560e8b4c179782ab476dfed8a129b0d64e66e8,1158.695027
2026-02-09,0x218c56f591abc69c40e96a10e7b69c62c2c406ee,515.111975
2026-02-09,0x28cd26d85b4ac655a489aa3f259f81283bd1a804,501.929225
2026-02-09,0x2bcd8898a678050efa5f41f4c6012045dee1b5c3,576.973937
2026-02-09,0x2e5b63b36e7b115229d12c88cd47d471c122eddf,1163.726738
2026-02-09,0x349dd66d555a26d890f6bb996ef1eadf9f65bdd3,521.067407
2026-02-09,0x36df841c8c269300335ed74d7729c66bc9dcb37d,580.421442
2026-02-09,0x3787e2720296b4e0119e344e1b64291ed5fea398,582.537565
2026-02-09,0x3b63bbf52aa94016b61ee8d6809253f915d61411,579.402233
2026-02-09,0x3d9f3cc0d52ea543116dfebdf3c77819766a64e2,509.584787
2026-02-09,0x422cb45f4dcb3f798b53835f8671288d424d881f,562.528326
2026-02-09,0x4784a9b16ba5ccb9fb384c0a68448b9e70d357a6,502.907984
2026-02-09,0x480f54f40e35739b6ed1dd0cb64ff881c392ff64,511.051292
2026-02-09,0x4813ffe82fe058134762df947a9bf453229a010f,585.882466
2026-02-09,0x4d571d89c5b71f720dbd271ac60f574402e76add,519.723271
2026-02-09,0x52512f63bfdc0ca4d15e31da6b395c94eb16d563,500.632822
2026-02-09,0x583924a6dfa73f20d7cee1f067f56afeccdda38c,600.900534
2026-02-09,0x58c659b1c03d03ab6e7cf1ad6781bfe16a39375d,513.031495
2026-02-09,0x5ebd6fc47e018d572695a30406aab2094f5739a5,513.478111
2026-02-09,0x60a50be186c8fedeee7eb8e4162e8052bda6ba0e,726.858076
2026-02-09,0x6194a13d478ba4de00cace380f51190663fd0de0,513.478279
2026-02-09,0x64fbb84b9a101227af977ab5916cdead0de630bb,505.179143
2026-02-09,0x657dd0353bbab3c31a15bebaefe5708f91599384,511.848426
2026-02-09,0x66f069a1aa1838b8f435459683a82ec5c4175be1,505.669926
2026-02-09,0x696361910177b630d7d98beb66db2a87210111ea,591.053951
2026-02-09,0x6a70e534e6244e34eca9ca8218640f2d4ee49b42,510.713968
2026-02-09,0x6b9cee98a4ca6cff357f576fb2a6cb2b5e43c39f,579.510579
2026-02-09,0x6f78bc27fa80f127fadb1897f98dde6cfb3c3f94,510.389829
2026-02-09,0x7531543d11be70509fd98599cab5e97745dd04ab,514.416638
2026-02-09,0x772ca23497f271c6113fce7c53782f35c304790e,62354.106967
2026-02-09,0x7743b97525bdf503506288463d39b59b69993cfe,501.022629
2026-02-09,0x790d41e2f911b6eecad286c04734036929049793,513.987547
2026-02-09,0x7a0222dee3519854468f31154a4349c92814875f,523.269166
2026-02-09,0x7d10bd50494ca1094cb706fadee52345b6139cf9,501.345832
2026-02-09,0x7df172e521125054caa01d73c4fb4d30360e1079,500.767128
2026-02-09,0x7f554a7568293db35a6421759c305fee6b60aa9a,511.347015
2026-02-09,0x7f99c1b85c831c60d6f534412e4be78cab94a5e5,509.911539
2026-02-09,0x8075c55918a91f5fc1f66fb77a7ca0be67a90233,503.72579
2026-02-09,0x84c87d848244e49602f1ce614e46eba81e5f246f,508.207515
2026-02-09,0x8633be9e9a5c7c39e9dc9d7ffef0979ce1026e71,524.865701
2026-02-09,0x8b6bbe943259e12885529e4d340a0a5822f8d337,509.111841
2026-02-09,0x8c298797fb92fb91c1d4a83e5b948f431fe229c6,578.243042
2026-02-09,0x8da35b920fe236a757a0fad93d3a3ab8ea0a24cc,502.021761
2026-02-09,0x8da66f6ee0eedf4376e471d7a507553296e49c19,0.0
2026-02-09,0x9ab1433913c1014e2166b3c7f039d9528b1fc540,520.553376
2026-02-09,0x9e231a8b9c247230cb88befafee97a22ae244ee5,506.344379
2026-02-09,0xac82362174a32fbbad61efcb0f02b9016b20c768,579.237883
2026-02-09,0xae598104ba092f09470e59e7a4d2349dbbdc3310,501.798206
2026-02-09,0xb57d2a1424ff536ef5debb8761662c72f90f9b66,511.520652
2026-02-09,0xc32f2f6217d105d17904f8f495aa122baef4a333,1015.918767
2026-02-09,0xcc18c9473f7117e599b3f2103e794b16ffe7cf44,579.165277
2026-02-09,0xcd75160eeafa7227d1eea1dc157f77c3cb0c4688,512.168164
2026-02-09,0xd359264dd634edf74d5d00ed06ccc44ab20eeba9,503.604074
2026-02-09,0xdf5f43411c47c07ebcf03c16c29f18313e45ca66,521.212983
2026-02-09,0xe3abf7f7d29df6d64128794f64ed3d1b15a5e759,511.166836
2026-02-09,0xe4922b8eb9bef6f486564a59987f4e1930c53235,526.708445
2026-02-09,0xe6cac97e024e8e1d0d01cd5d1c72fcdcfe78be3d,503.539645
2026-02-09,0xea8d6a4caaef55c18da4c1efe7303b0f61b0415c,531.761357
2026-02-09,0xee2a70532e807259fcfd63274ad4e560dcca2613,512.034963
2026-02-09,0xf5397ef04201f76a3e97457bc84f27303df20e80,519.722947
2026-02-09,0xf5a89d2608db8fd229a076895f4f8d304e58c3a5,515.765233
2026-02-09,0xf9baa2c717f8140d6925d8ff1827abeca1906526,512.836138
2026-02-09,0xfaf8dbc45d01261ac417cf3b2843288df47fcacd,757.38108
2026-02-09,0xff0034103421a624aa2b2d618fe7602cd6dd3f1d,519.360131
2026-02-09,0xff806c084c40bce44d2facba005f8f1887cce7f4,511.774432
2026-02-10,0x04be52434eb64addf373137310551ac42013677c,521.304797
2026-02-10,0x087cdae4009af7974fb808cd4e01414ebf820ab0,500.795042
2026-02-10,0x0c560e8b4c179782ab476dfed8a129b0d64e66e8,1158.762168
2026-02-10,0x218c56f591abc69c40e96a10e7b69c62c2c406ee,515.141823
2026-02-10,0x28cd26d85b4ac655a489aa3f259f81283bd1a804,501.95831
2026-02-10,0x2bcd8898a678050efa5f41f4c6012045dee1b5c3,577.00737
2026-02-10,0x2e5b63b36e7b115229d12c88cd47d471c122eddf,1163.79417
2026-02-10,0x349dd66d555a26d890f6bb996ef1eadf9f65bdd3,521.0976
2026-02-10,0x36df841c8c269300335ed74d7729c66bc9dcb37d,580.455075
2026-02-10,0x3787e2720296b4e0119e344e1b64291ed5fea398,582.57132
2026-02-10,0x3b63bbf52aa94016b61ee8d6809253f915d61411,579.435806
2026-02-10,0x3d9f3cc0d52ea543116dfebdf3c77819766a64e2,509.614315
2026-02-10,0x422cb45f4dcb3f798b53835f8671288d424d881f,562.560922
2026-02-10,0x4784a9b16ba5ccb9fb384c0a68448b9e70d357a6,502.937125
2026-02-10,0x480f54f40e35739b6ed1dd0cb64ff881c392ff64,511.080904
2026-02-10,0x4813ffe82fe058134762df947a9bf453229a010f,585.916415
2026-02-10,0x4d571d89c5b71f720dbd271ac60f574402e76add,519.753386
2026-02-10,0x52512f63bfdc0ca4d15e31da6b395c94eb16d563,500.661831
2026-02-10,0x583924a6dfa73f20d7cee1f067f56afeccdda38c,600.935353
2026-02-10,0x58c659b1c03d03ab6e7cf1ad6781bfe16a39375d,513.061223
2026-02-10,0x5ebd6fc47e018d572695a30406aab2094f5739a5,513.507864
2026-02-10,0x60a50be186c8fedeee7eb8e4162e8052bda6ba0e,726.900194
2026-02-10,0x6194a13d478ba4de00cace380f51190663fd0de0,513.508033
2026-02-10,0x64fbb84b9a101227af977ab5916cdead0de630bb,505.208416
2026-02-10,0x657dd0353bbab3c31a15bebaefe5708f91599384,511.878085
2026-02-10,0x66f069a1aa1838b8f435459683a82ec5c4175be1,505.699227
2026-02-10,0x696361910177b630d7d98beb66db2a87210111ea,591.0882
2026-02-10,0x6a70e534e6244e34eca9ca8218640f2d4ee49b42,510.743562
2026-02-10,0x6b9cee98a4ca6cff357f576fb2a6cb2b5e43c39f,579.544159
2026-02-10,0x6f78bc27fa80f127fadb1897f98dde6cfb3c3f94,510.419404
2026-02-10,0x7531543d11be70509fd98599cab5e97745dd04ab,514.446446
2026-02-10,0x772ca23497f271c6113fce7c53782f35c304790e,62357.720089
2026-02-10,0x7743b97525bdf503506288463d39b59b69993cfe,501.051661
2026-02-10,0x790d41e2f911b6eecad286c04734036929049793,514.01733
2026-02-10,0x7a0222dee3519854468f31154a4349c92814875f,523.299487
2026-02-10,0x7d10bd50494ca1094cb706fadee52345b6139cf9,501.374883
2026-02-10,0x7df172e521125054caa01d73c4fb4d30360e1079,500.796145
2026-02-10,0x7f554a7568293db35a6421759c305fee6b60aa9a,511.376645
2026-02-10,0x7f99c1b85c831c60d6f534412e4be78cab94a5e5,509.941086
2026-02-10,0x8075c55918a91f5fc1f66fb77a7ca0be67a90233,503.754978
2026-02-10,0x84c87d848244e49602f1ce614e46eba81e5f246f,508.236964
2026-02-10,0x8633be9e9a5c7c39e9dc9d7ffef0979ce1026e71,524.896114
2026-02-10,0x8b6bbe943259e12885529e4d340a0a5822f8d337,509.141341
2026-02-10,0x8c298797fb92fb91c1d4a83e5b948f431fe229c6,578.276548
2026-02-10,0x8da35b920fe236a757a0fad93d3a3ab8ea0a24cc,502.050851
2026-02-10,0x8da66f6ee0eedf4376e471d7a507553296e49c19,0.0
2026-02-10,0x9ab1433913c1014e2166b3c7f039d9528b1fc540,520.58354
2026-02-10,0x9e231a8b9c247230cb88befafee97a22ae244ee5,506.373719
2026-02-10,0xac82362174a32fbbad61efcb0f02b9016b20c768,579.271447
2026-02-10,0xae598104ba092f09470e59e7a4d2349dbbdc3310,501.827283
2026-02-10,0xb57d2a1424ff536ef5debb8761662c72f90f9b66,511.550292
2026-02-10,0xc32f2f6217d105d17904f8f495aa122baef4a333,1015.977634
2026-02-10,0xcc18c9473f7117e599b3f2103e794b16ffe7cf44,579.198836
2026-02-10,0xcd75160eeafa7227d1eea1dc157f77c3cb0c4688,512.197842
2026-02-10,0xd359264dd634edf74d5d00ed06ccc44ab20eeba9,503.633256
2026-02-10,0xdf5f43411c47c07ebcf03c16c29f18313e45ca66,521.243184
2026-02-10,0xe3abf7f7d29df6d64128794f64ed3d1b15a5e759,511.196456
2026-02-10,0xe4922b8eb9bef6f486564a59987f4e1930c53235,526.738966
2026-02-10,0xe6cac97e024e8e1d0d01cd5d1c72fcdcfe78be3d,503.568823
2026-02-10,0xea8d6a4caaef55c18da4c1efe7303b0f61b0415c,531.79217
2026-02-10,0xee2a70532e807259fcfd63274ad4e560dcca2613,512.064633
2026-02-10,0xf5397ef04201f76a3e97457bc84f27303df20e80,519.753063
2026-02-10,0xf5a89d2608db8fd229a076895f4f8d304e58c3a5,515.795119
2026-02-10,0xf9baa2c717f8140d6925d8ff1827abeca1906526,512.865855
2026-02-10,0xfaf8dbc45d01261ac417cf3b2843288df47fcacd,757.424967
2026-02-10,0xff0034103421a624aa2b2d618fe7602cd6dd3f1d,519.390226
2026-02-10,0xff806c084c40bce44d2facba005f8f1887cce7f4,511.804087
2026-02-11,0x04be52434eb64addf373137310551ac42013677c,521.33345
2026-02-11,0x087cdae4009af7974fb808cd4e01414ebf820ab0,500.822567
2026-02-11,0x0c560e8b4c179782ab476dfed8a129b0d64e66e8,1158.825858
2026-02-11,0x218c56f591abc69c40e96a10e7b69c62c2c406ee,515.170137
2026-02-11,0x28cd26d85b4ac655a489aa3f259f81283bd1a804,501.985899
2026-02-11,0x2bcd8898a678050efa5f41f4c6012045dee1b5c3,577.039085
2026-02-11,0x2e5b63b36e7b115229d12c88cd47d471c122eddf,1163.858137
2026-02-11,0x349dd66d555a26d890f6bb996ef1eadf9f65bdd3,521.126242
2026-02-11,0x36df841c8c269300335ed74d7729c66bc9dcb37d,580.486979
2026-02-11,0x3787e2720296b4e0119e344e1b64291ed5fea398,582.603341
2026-02-11,0x3b63bbf52aa94016b61ee8d6809253f915d61411,579.467654
2026-02-11,0x3d9f3cc0d52ea543116dfebdf3c77819766a64e2,509.642325
2026-02-11,0x422cb45f4dcb3f798b53835f8671288d424d881f,562.591843
2026-02-11,0x4784a9b16ba5ccb9fb384c0a68448b9e70d357a6,502.964769
2026-02-11,0x480f54f40e35739b6ed1dd0cb64ff881c392ff64,511.108996
2026-02-11,0x4813ffe82fe058134762df947a9bf453229a010f,585.94862
2026-02-11,0x4d571d89c5b71f720dbd271ac60f574402e76add,519.781954
2026-02-11,0x52512f63bfdc0ca4d15e31da6b395c94eb16d563,500.68935
2026-02-11,0x583924a6dfa73f20d7cee1f067f56afeccdda38c,600.968383
2026-02-11,0x58c659b1c03d03ab6e7cf1ad6781bfe16a39375d,513.089422
2026-02-11,0x5ebd6fc47e018d572695a30406aab2094f5739a5,513.536089
2026-02-11,0x60a50be186c8fedeee7eb8e4162e8052bda6ba0e,726.940147
2026-02-11,0x6194a13d478ba4de00cace380f51190663fd0de0,513.536257
2026-02-11,0x64fbb84b9a101227af977ab5916cdead0de630bb,505.236184
2026-02-11,0x657dd0353bbab3c31a15bebaefe5708f91599384,511.90622
2026-02-11,0x66f069a1aa1838b8f435459683a82ec5c4175be1,505.727023
2026-02-11,0x696361910177b630d7d98beb66db2a87210111ea,591.120688
2026-02-11,0x6a70e534e6244e34eca9ca8218640f2d4ee49b42,510.771634
2026-02-11,0x6b9cee98a4ca6cff357f576fb2a6cb2b5e43c39f,579.576013
2026-02-11,0x6f78bc27fa80f127fadb1897f98dde6cfb3c3f94,510.447458
2026-02-11,0x7531543d11be70509fd98599cab5e97745dd04ab,514.474722
2026-02-11,0x772ca23497f271c6113fce7c53782f35c304790e,62361.147516
2026-02-11,0x7743b97525bdf503506288463d39b59b69993cfe,501.079201
2026-02-11,0x790d41e2f911b6eecad286c04734036929049793,514.045583
2026-02-11,0x7a0222dee3519854468f31154a4349c92814875f,523.32825
2026-02-11,0x7d10bd50494ca1094cb706fadee52345b6139cf9,501.40244
2026-02-11,0x7df172e521125054caa01d73c4fb4d30360e1079,500.823671
2026-02-11,0x7f554a7568293db35a6421759c305fee6b60aa9a,511.404753
2026-02-11,0x7f99c1b85c831c60d6f534412e4be78cab94a5e5,509.969115
2026-02-11,0x8075c55918a91f5fc1f66fb77a7ca0be67a90233,503.782667
2026-02-11,0x84c87d848244e49602f1ce614e46eba81e5f246f,508.264898
2026-02-11,0x8633be9e9a5c7c39e9dc9d7ffef0979ce1026e71,524.924965
2026-02-11,0x8b6bbe943259e12885529e4d340a0a5822f8d337,509.169326
2026-02-11,0x8c298797fb92fb91c1d4a83e5b948f431fe229c6,578.308333
2026-02-11,0x8da35b920fe236a757a0fad93d3a3ab8ea0a24cc,502.078446
2026-02-11,0x8da66f6ee0eedf4376e471d7a507553296e49c19,0.0
2026-02-11,0x9ab1433913c1014e2166b3c7f039d9528b1fc540,520.612153
2026-02-11,0x9e231a8b9c247230cb88befafee97a22ae244ee5,506.401551
2026-02-11,0xac82362174a32fbbad61efcb0f02b9016b20c768,579.303286
2026-02-11,0xae598104ba092f09470e59e7a4d2349dbbdc3310,501.854865
2026-02-11,0xb57d2a1424ff536ef5debb8761662c72f90f9b66,511.578409
2026-02-11,0xc32f2f6217d105d17904f8f495aa122baef4a333,1016.033476
2026-02-11,0xcc18c9473f7117e599b3f2103e794b16ffe7cf44,579.230671
2026-02-11,0xcd75160eeafa7227d1eea1dc157f77c3cb0c4688,512.225995
2026-02-11,0xd359264dd634edf74d5d00ed06ccc44ab20eeba9,503.660937
2026-02-11,0xdf5f43411c47c07ebcf03c16c29f18313e45ca66,521.271834
2026-02-11,0xe3abf7f7d29df6d64128794f64ed3d1b15a5e759,511.224553
2026-02-11,0xe4922b8eb9bef6f486564a59987f4e1930c53235,526.767917
2026-02-11,0xe6cac97e024e8e1d0d01cd5d1c72fcdcfe78be3d,503.596501
2026-02-11,0xea8d6a4caaef55c18da4c1efe7303b0f61b0415c,531.821399
2026-02-11,0xee2a70532e807259fcfd63274ad4e560dcca2613,512.092778
2026-02-11,0xf5397ef04201f76a3e97457bc84f27303df20e80,519.78163
2026-02-11,0xf5a89d2608db8fd229a076895f4f8d304e58c3a5,515.823469
2026-02-11,0xf9baa2c717f8140d6925d8ff1827abeca1906526,512.894044
2026-02-11,0xfaf8dbc45d01261ac417cf3b2843288df47fcacd,757.466598
2026-02-11,0xff0034103421a624aa2b2d618fe7602cd6dd3f1d,519.418773
2026-02-11,0xff806c084c40bce44d2facba005f8f1887cce7f4,511.832218
2026-02-12,0x04be52434eb64addf373137310551ac42013677c,521.361831
2026-02-12,0x087cdae4009af7974fb808cd4e01414ebf820ab0,500.849832
2026-02-12,0x0c560e8b4c179782ab476dfed8a129b0d64e66e8,1158.888944
2026-02-12,0x218c56f591abc69c40e96a10e7b69c62c2c406ee,515.198183
2026-02-12,0x28cd26d85b4ac655a489aa3f259f81283bd1a804,502.013227
2026-02-12,0x2bcd8898a678050efa5f41f4c6012045dee1b5c3,577.070498
2026-02-12,0x2e5b63b36e7b115229d12c88cd47d471c122eddf,1163.921497
2026-02-12,0x349dd66d555a26d890f6bb996ef1eadf9f65bdd3,521.154612
2026-02-12,0x36df841c8c269300335ed74d7729c66bc9dcb37d,580.51858
2026-02-12,0x3787e2720296b4e0119e344e1b64291ed5fea398,582.635057
2026-02-12,0x3b63bbf52aa94016b61ee8d6809253f915d61411,579.4992
2026-02-12,0x3d9f3cc0d52ea543116dfebdf3c77819766a64e2,509.67007
2026-02-12,0x422cb45f4dcb3f798b53835f8671288d424d881f,562.62247
2026-02-12,0x4784a9b16ba5ccb9fb384c0a68448b9e70d357a6,502.99215
2026-02-12,0x480f54f40e35739b6ed1dd0cb64ff881c392ff64,511.13682
2026-02-12,0x4813ffe82fe058134762df947a9bf453229a010f,585.980518
2026-02-12,0x4d571d89c5b71f720dbd271ac60f574402e76add,519.810251
2026-02-12,0x52512f63bfdc0ca4d15e31da6b395c94eb16d563,500.716607
2026-02-12,0x583924a6dfa73f20d7cee1f067f56afeccdda38c,601.001099
2026-02-12,0x58c659b1c03d03ab6e7cf1ad6781bfe16a39375d,513.117355
2026-02-12,0x5ebd6fc47e018d572695a30406aab2094f5739a5,513.564045
2026-02-12,0x60a50be186c8fedeee7eb8e4162e8052bda6ba0e,726.979721
2026-02-12,0x6194a13d478ba4de00cace380f51190663fd0de0,513.564214
2026-02-12,0x64fbb84b9a101227af977ab5916cdead0de630bb,505.263689
2026-02-12,0x657dd0353bbab3c31a15bebaefe5708f91599384,511.934088
2026-02-12,0x66f069a1aa1838b8f435459683a82ec5c4175be1,505.754554
2026-02-12,0x696361910177b630d7d98beb66db2a87210111ea,591.152869
2026-02-12,0x6a70e534e6244e34eca9ca8218640f2d4ee49b42,510.79944
2026-02-12,0x6b9cee98a4ca6cff357f576fb2a6cb2b5e43c39f,579.607564
2026-02-12,0x6f78bc27fa80f127fadb1897f98dde6cfb3c3f94,510.475247
2026-02-12,0x7531543d11be70509fd98599cab5e97745dd04ab,514.502729
2026-02-12,0x772ca23497f271c6113fce7c53782f35c304790e,62364.542412
2026-02-12,0x7743b97525bdf503506288463d39b59b69993cfe,501.106479
2026-02-12,0x790d41e2f911b6eecad286c04734036929049793,514.073567
2026-02-12,0x7a0222dee3519854468f31154a4349c92814875f,523.35674
2026-02-12,0x7d10bd50494ca1094cb706fadee52345b6139cf9,501.429736
2026-02-12,0x7df172e521125054caa01d73c4fb4d30360e1079,500.850935
2026-02-12,0x7f554a7568293db35a6421759c305fee6b60aa9a,511.432593
2026-02-12,0x7f99c1b85c831c60d6f534412e4be78cab94a5e5,509.996877
2026-02-12,0x8075c55918a91f5fc1f66fb77a7ca0be67a90233,503.810092
2026-02-12,0x84c87d848244e49602f1ce614e46eba81e5f246f,508.292568
2026-02-12,0x8633be9e9a5c7c39e9dc9d7ffef0979ce1026e71,524.953541
2026-02-12,0x8b6bbe943259e12885529e4d340a0a5822f8d337,509.197045
2026-02-12,0x8c298797fb92fb91c1d4a83e5b948f431fe229c6,578.339815
2026-02-12,0x8da35b920fe236a757a0fad93d3a3ab8ea0a24cc,502.105778
2026-02-12,0x8da66f6ee0eedf4376e471d7a507553296e49c19,0.0
2026-02-12,0x9ab1433913c1014e2166b3c7f039d9528b1fc540,520.640495
2026-02-12,0x9e231a8b9c247230cb88befafee97a22ae244ee5,506.429119
2026-02-12,0xac82362174a32fbbad61efcb0f02b9016b20c768,579.334823
2026-02-12,0xae598104ba092f09470e59e7a4d2349dbbdc3310,501.882186
2026-02-12,0xb57d2a1424ff536ef5debb8761662c72f90f9b66,511.606258
2026-02-12,0xc32f2f6217d105d17904f8f495aa122baef4a333,1016.088789
2026-02-12,0xcc18c9473f7117e599b3f2103e794b16ffe7cf44,579.262204
2026-02-12,0xcd75160eeafa7227d1eea1dc157f77c3cb0c4688,512.25388
2026-02-12,0xd359264dd634edf74d5d00ed06ccc44ab20eeba9,503.688356
2026-02-12,0xdf5f43411c47c07ebcf03c16c29f18313e45ca66,521.300212
2026-02-12,0xe3abf7f7d29df6d64128794f64ed3d1b15a5e759,511.252384
2026-02-12,0xe4922b8eb9bef6f486564a59987f4e1930c53235,526.796594
2026-02-12,0xe6cac97e024e8e1d0d01cd5d1c72fcdcfe78be3d,503.623917
2026-02-12,0xea8d6a4caaef55c18da4c1efe7303b0f61b0415c,531.850351
2026-02-12,0xee2a70532e807259fcfd63274ad4e560dcca2613,512.120656
2026-02-12,0xf5397ef04201f76a3e97457bc84f27303df20e80,519.809927
2026-02-12,0xf5a89d2608db8fd229a076895f4f8d304e58c3a5,515.85155
2026-02-12,0xf9baa2c717f8140d6925d8ff1827abeca1906526,512.921966
2026-02-12,0xfaf8dbc45d01261ac417cf3b2843288df47fcacd,757.507834
2026-02-12,0xff0034103421a624aa2b2d618fe7602cd6dd3f1d,519.44705
2026-02-12,0xff806c084c40bce44d2facba005f8f1887cce7f4,511.860081
2026-02-13,0x04be52434eb64addf373137310551ac42013677c,521.391756
2026-02-13,0x087cdae4009af7974fb808cd4e01414ebf820ab0,500.878579
2026-02-13,0x0c560e8b4c179782ab476dfed8a129b0d64e66e8,1158.955461
2026-02-13,0x218c56f591abc69c40e96a10e7b69c62c2c406ee,515.227753
2026-02-13,0x28cd26d85b4ac655a489aa3f259f81283bd1a804,502.042041
2026-02-13,0x2bcd8898a678050efa5f41f4c6012045dee1b5c3,577.103621
2026-02-13,0x2e5b63b36e7b115229d12c88cd47d471c122eddf,1163.988302
2026-02-13,0x349dd66d555a26d890f6bb996ef1eadf9f65bdd3,521.184524
2026-02-13,0x36df841c8c269300335ed74d7729c66bc9dcb37d,580.5519
2026-02-13,0x3787e2720296b4e0119e344e1b64291ed5fea398,582.668499
2026-02-13,0x3b63bbf52aa94016b61ee8d6809253f915d61411,579.532462
2026-02-13,0x3d9f3cc0d52ea543116dfebdf3c77819766a64e2,509.699324
2026-02-13,0x422cb45f4dcb3f798b53835f8671288d424d881f,562.654763
2026-02-13,0x4784a9b16ba5ccb9fb384c0a68448b9e70d357a6,503.02102
2026-02-13,0x480f54f40e35739b6ed1dd0cb64ff881c392ff64,511.166158
2026-02-13,0x4813ffe82fe058134762df947a9bf453229a010f,586.014152
2026-02-13,0x4d571d89c5b71f720dbd271ac60f574402e76add,519.840086
2026-02-13,0x52512f63bfdc0ca4d15e31da6b395c94eb16d563,500.745347
2026-02-13,0x583924a6dfa73f20d7cee1f067f56afeccdda38c,601.035595
2026-02-13,0x58c659b1c03d03ab6e7cf1ad6781bfe16a39375d,513.146806
2026-02-13,0x5ebd6fc47e018d572695a30406aab2094f5739a5,513.593522
2026-02-13,0x60a50be186c8fedeee7eb8e4162e8052bda6ba0e,727.021448
2026-02-13,0x6194a13d478ba4de00cace380f51190663fd0de0,513.593691
2026-02-13,0x64fbb84b9a101227af977ab5916cdead0de630bb,505.292689
2026-02-13,0x657dd0353bbab3c31a15bebaefe5708f91599384,511.963471
2026-02-13,0x66f069a1aa1838b8f435459683a82ec5c4175be1,505.783583
2026-02-13,0x696361910177b630d7d98beb66db2a87210111ea,591.186799
2026-02-13,0x6a70e534e6244e34eca9ca8218640f2d4ee49b42,510.828759
2026-02-13,0x6b9cee98a4ca6cff357f576fb2a6cb2b5e43c39f,579.640832
2026-02-13,0x6f78bc27fa80f127fadb1897f98dde6cfb3c3f94,510.504546
2026-02-13,0x7531543d11be70509fd98599cab5e97745dd04ab,514.53226
2026-02-13,0x772ca23497f271c6113fce7c53782f35c304790e,62368.121954
2026-02-13,0x7743b97525bdf503506288463d39b59b69993cfe,501.135241
2026-02-13,0x790d41e2f911b6eecad286c04734036929049793,514.103073
2026-02-13,0x7a0222dee3519854468f31154a4349c92814875f,523.386779
2026-02-13,0x7d10bd50494ca1094cb706fadee52345b6139cf9,501.458517
2026-02-13,0x7df172e521125054caa01d73c4fb4d30360e1079,500.879683
2026-02-13,0x7f554a7568293db35a6421759c305fee6b60aa9a,511.461948
2026-02-13,0x7f99c1b85c831c60d6f534412e4be78cab94a5e5,510.026149
2026-02-13,0x8075c55918a91f5fc1f66fb77a7ca0be67a90233,503.83901
2026-02-13,0x84c87d848244e49602f1ce614e46eba81e5f246f,508.321742
2026-02-13,0x8633be9e9a5c7c39e9dc9d7ffef0979ce1026e71,524.983672
2026-02-13,0x8b6bbe943259e12885529e4d340a0a5822f8d337,509.226271
2026-02-13,0x8c298797fb92fb91c1d4a83e5b948f431fe229c6,578.37301
2026-02-13,0x8da35b920fe236a757a0fad93d3a3ab8ea0a24cc,502.134598
2026-02-13,0x8da66f6ee0eedf4376e471d7a507553296e49c19,0.0
2026-02-13,0x9ab1433913c1014e2166b3c7f039d9528b1fc540,520.670378
2026-02-13,0x9e231a8b9c247230cb88befafee97a22ae244ee5,506.458187
2026-02-13,0xac82362174a32fbbad61efcb0f02b9016b20c768,579.368075
2026-02-13,0xae598104ba092f09470e59e7a4d2349dbbdc3310,501.910992
2026-02-13,0xb57d2a1424ff536ef5debb8761662c72f90f9b66,511.635623
2026-02-13,0xc32f2f6217d105d17904f8f495aa122baef4a333,1016.147109
2026-02-13,0xcc18c9473f7117e599b3f2103e794b16ffe7cf44,579.295452
2026-02-13,0xcd75160eeafa7227d1eea1dc157f77c3cb0c4688,512.283282
2026-02-13,0xd359264dd634edf74d5d00ed06ccc44ab20eeba9,503.717267
2026-02-13,0xdf5f43411c47c07ebcf03c16c29f18313e45ca66,521.330133
2026-02-13,0xe3abf7f7d29df6d64128794f64ed3d1b15a5e759,511.281728
2026-02-13,0xe4922b8eb9bef6f486564a59987f4e1930c53235,526.826831
2026-02-13,0xe6cac97e024e8e1d0d01cd5d1c72fcdcfe78be3d,503.652823
2026-02-13,0xea8d6a4caaef55c18da4c1efe7303b0f61b0415c,531.880878
2026-02-13,0xee2a70532e807259fcfd63274ad4e560dcca2613,512.15005
2026-02-13,0xf5397ef04201f76a3e97457bc84f27303df20e80,519.839763
2026-02-13,0xf5a89d2608db8fd229a076895f4f8d304e58c3a5,515.881158
2026-02-13,0xf9baa2c717f8140d6925d8ff1827abeca1906526,512.951406
2026-02-13,0xfaf8dbc45d01261ac417cf3b2843288df47fcacd,757.551313
2026-02-13,0xff0034103421a624aa2b2d618fe7602cd6dd3f1d,519.476865
2026-02-13,0xff806c084c40bce44d2facba005f8f1887cce7f4,511.889461
2026-02-14,0x04be52434eb64addf373137310551ac42013677c,521.42153
2026-02-14,0x087cdae4009af7974fb808cd4e01414ebf820ab0,500.907182
2026-02-14,0x0c560e8b4c179782ab476dfed8a129b0d64e66e8,1159.021643
2026-02-14,0x218c56f591abc69c40e96a10e7b69c62c2c406ee,515.257176
2026-02-14,0x28cd26d85b4ac655a489aa3f259f81283bd1a804,502.07071
2026-02-14,0x2bcd8898a678050efa5f41f4c6012045dee1b5c3,577.136576
2026-02-14,0x2e5b63b36e7b115229d12c88cd47d471c122eddf,1164.054772
2026-02-14,0x349dd66d555a26d890f6bb996ef1eadf9f65bdd3,521.214287
2026-02-14,0x36df841c8c269300335ed74d7729c66bc9dcb37d,580.585053
2026-02-14,0x3787e2720296b4e0119e344e1b64291ed5fea398,582.701772
2026-02-14,0x3b63bbf52aa94016b61ee8d6809253f915d61411,579.565556
2026-02-14,0x3d9f3cc0d52ea543116dfebdf3c77819766a64e2,509.72843
2026-02-14,0x422cb45f4dcb3f798b53835f8671288d424d881f,562.686893
2026-02-14,0x4784a9b16ba5ccb9fb384c0a68448b9e70d357a6,503.049745
2026-02-14,0x480f54f40e35739b6ed1dd0cb64ff881c392ff64,511.195348
2026-02-14,0x4813ffe82fe058134762df947a9bf453229a010f,586.047616
2026-02-14,0x4d571d89c5b71f720dbd271ac60f574402e76add,519.869772
2026-02-14,0x52512f63bfdc0ca4d15e31da6b395c94eb16d563,500.773942
2026-02-14,0x583924a6dfa73f20d7cee1f067f56afeccdda38c,601.069917
2026-02-14,0x58c659b1c03d03ab6e7cf1ad6781bfe16a39375d,513.176109
2026-02-14,0x5ebd6fc47e018d572695a30406aab2094f5739a5,513.622851
2026-02-14,0x60a50be186c8fedeee7eb8e4162e8052bda6ba0e,727.062964
2026-02-14,0x6194a13d478ba4de00cace380f51190663fd0de0,513.623019
2026-02-14,0x64fbb84b9a101227af977ab5916cdead0de630bb,505.321544
2026-02-14,0x657dd0353bbab3c31a15bebaefe5708f91599384,511.992707
2026-02-14,0x66f069a1aa1838b8f435459683a82ec5c4175be1,505.812466
2026-02-14,0x696361910177b630d7d98beb66db2a87210111ea,591.220559
2026-02-14,0x6a70e534e6244e34eca9ca8218640f2d4ee49b42,510.85793
2026-02-14,0x6b9cee98a4ca6cff357f576fb2a6cb2b5e43c39f,579.673932
2026-02-14,0x6f78bc27fa80f127fadb1897f98dde6cfb3c3f94,510.533699
2026-02-14,0x7531543d11be70509fd98599cab5e97745dd04ab,514.561643
2026-02-14,0x772ca23497f271c6113fce7c53782f35c304790e,62371.683489
2026-02-14,0x7743b97525bdf503506288463d39b59b69993cfe,501.163859
2026-02-14,0x790d41e2f911b6eecad286c04734036929049793,514.132431
2026-02-14,0x7a0222dee3519854468f31154a4349c92814875f,523.416667
2026-02-14,0x7d10bd50494ca1094cb706fadee52345b6139cf9,501.487153
2026-02-14,0x7df172e521125054caa01d73c4fb4d30360e1079,500.908286
2026-02-14,0x7f554a7568293db35a6421759c305fee6b60aa9a,511.491155
2026-02-14,0x7f99c1b85c831c60d6f534412e4be78cab94a5e5,510.055274
2026-02-14,0x8075c55918a91f5fc1f66fb77a7ca0be67a90233,503.867781
2026-02-14,0x84c87d848244e49602f1ce614e46eba81e5f246f,508.35077
2026-02-14,0x8633be9e9a5c7c39e9dc9d7ffef0979ce1026e71,525.013651
2026-02-14,0x8b6bbe943259e12885529e4d340a0a5822f8d337,509.25535
2026-02-14,0x8c298797fb92fb91c1d4a83e5b948f431fe229c6,578.406038
2026-02-14,0x8da35b920fe236a757a0fad93d3a3ab8ea0a24cc,502.163272
2026-02-14,0x8da66f6ee0eedf4376e471d7a507553296e49c19,0.0
2026-02-14,0x9ab1433913c1014e2166b3c7f039d9528b1fc540,520.700111
2026-02-14,0x9e231a8b9c247230cb88befafee97a22ae244ee5,506.487108
2026-02-14,0xac82362174a32fbbad61efcb0f02b9016b20c768,579.40116
2026-02-14,0xae598104ba092f09470e59e7a4d2349dbbdc3310,501.939654
2026-02-14,0xb57d2a1424ff536ef5debb8761662c72f90f9b66,511.66484
2026-02-14,0xc32f2f6217d105d17904f8f495aa122baef4a333,1016.205136
2026-02-14,0xcc18c9473f7117e599b3f2103e794b16ffe7cf44,579.328533
2026-02-14,0xcd75160eeafa7227d1eea1dc157f77c3cb0c4688,512.312536
2026-02-14,0xd359264dd634edf74d5d00ed06ccc44ab20eeba9,503.746031
2026-02-14,0xdf5f43411c47c07ebcf03c16c29f18313e45ca66,521.359903
2026-02-14,0xe3abf7f7d29df6d64128794f64ed3d1b15a5e759,511.310925
2026-02-14,0xe4922b8eb9bef6f486564a59987f4e1930c53235,526.856915
2026-02-14,0xe6cac97e024e8e1d0d01cd5d1c72fcdcfe78be3d,503.681584
2026-02-14,0xea8d6a4caaef55c18da4c1efe7303b0f61b0415c,531.911251
2026-02-14,0xee2a70532e807259fcfd63274ad4e560dcca2613,512.179297
2026-02-14,0xf5397ef04201f76a3e97457bc84f27303df20e80,519.869448
2026-02-14,0xf5a89d2608db8fd229a076895f4f8d304e58c3a5,515.910618
2026-02-14,0xf9baa2c717f8140d6925d8ff1827abeca1906526,512.980698
2026-02-14,0xfaf8dbc45d01261ac417cf3b2843288df47fcacd,757.594573
2026-02-14,0xff0034103421a624aa2b2d618fe7602cd6dd3f1d,519.50653
2026-02-14,0xff806c084c40bce44d2facba005f8f1887cce7f4,511.918692
2026-02-15,0x04be52434eb64addf373137310551ac42013677c,521.451173
2026-02-15,0x087cdae4009af7974fb808cd4e01414ebf820ab0,500.935659
2026-02-15,0x0c560e8b4c179782ab476dfed8a129b0d64e66e8,1159.087534
2026-02-15,0x218c56f591abc69c40e96a10e7b69c62c2c406ee,515.286468
2026-02-15,0x28cd26d85b4ac655a489aa3f259f81283bd1a804,502.099253
2026-02-15,0x2bcd8898a678050efa5f41f4c6012045dee1b5c3,577.169387
2026-02-15,0x2e5b63b36e7b115229d12c88cd47d471c122eddf,1164.120949
2026-02-15,0x349dd66d555a26d890f6bb996ef1eadf9f65bdd3,521.243918
2026-02-15,0x36df841c8c269300335ed74d7729c66bc9dcb37d,580.61806
2026-02-15,0x3787e2720296b4e0119e344e1b64291ed5fea398,582.734899
2026-02-15,0x3b63bbf52aa94016b61ee8d6809253f915d61411,579.598505
2026-02-15,0x3d9f3cc0d52ea543116dfebdf3c77819766a64e2,509.757408
2026-02-15,0x422cb45f4dcb3f798b53835f8671288d424d881f,562.718882
2026-02-15,0x4784a9b16ba5ccb9fb384c0a68448b9e70d357a6,503.078344
2026-02-15,0x480f54f40e35739b6ed1dd0cb64ff881c392ff64,511.22441
2026-02-15,0x4813ffe82fe058134762df947a9bf453229a010f,586.080933
2026-02-15,0x4d571d89c5b71f720dbd271ac60f574402e76add,519.899327
2026-02-15,0x52512f63bfdc0ca4d15e31da6b395c94eb16d563,500.802411
2026-02-15,0x583924a6dfa73f20d7cee1f067f56afeccdda38c,601.104088
2026-02-15,0x58c659b1c03d03ab6e7cf1ad6781bfe16a39375d,513.205284
2026-02-15,0x5ebd6fc47e018d572695a30406aab2094f5739a5,513.652051
2026-02-15,0x60a50be186c8fedeee7eb8e4162e8052bda6ba0e,727.104298
2026-02-15,0x6194a13d478ba4de00cace380f51190663fd0de0,513.652219
2026-02-15,0x64fbb84b9a101227af977ab5916cdead0de630bb,505.350272
2026-02-15,0x657dd0353bbab3c31a15bebaefe5708f91599384,512.021814
2026-02-15,0x66f069a1aa1838b8f435459683a82ec5c4175be1,505.841221
2026-02-15,0x696361910177b630d7d98beb66db2a87210111ea,591.25417
2026-02-15,0x6a70e534e6244e34eca9ca8218640f2d4ee49b42,510.886972
2026-02-15,0x6b9cee98a4ca6cff357f576fb2a6cb2b5e43c39f,579.706887
2026-02-15,0x6f78bc27fa80f127fadb1897f98dde6cfb3c3f94,510.562723
2026-02-15,0x7531543d11be70509fd98599cab5e97745dd04ab,514.590896
2026-02-15,0x772ca23497f271c6113fce7c53782f35c304790e,62375.229359
2026-02-15,0x7743b97525bdf503506288463d39b59b69993cfe,501.19235
2026-02-15,0x790d41e2f911b6eecad286c04734036929049793,514.16166
2026-02-15,0x7a0222dee3519854468f31154a4349c92814875f,523.446423
2026-02-15,0x7d10bd50494ca1094cb706fadee52345b6139cf9,501.515663
2026-02-15,0x7df172e521125054caa01d73c4fb4d30360e1079,500.936763
2026-02-15,0x7f554a7568293db35a6421759c305fee6b60aa9a,511.520234
2026-02-15,0x7f99c1b85c831c60d6f534412e4be78cab94a5e5,510.084271
2026-02-15,0x8075c55918a91f5fc1f66fb77a7ca0be67a90233,503.896427
2026-02-15,0x84c87d848244e49602f1ce614e46eba81e5f246f,508.37967
2026-02-15,0x8633be9e9a5c7c39e9dc9d7ffef0979ce1026e71,525.043499
2026-02-15,0x8b6bbe943259e12885529e4d340a0a5822f8d337,509.284302
2026-02-15,0x8c298797fb92fb91c1d4a83e5b948f431fe229c6,578.438921
2026-02-15,0x8da35b920fe236a757a0fad93d3a3ab8ea0a24cc,502.191821
2026-02-15,0x8da66f6ee0eedf4376e471d7a507553296e49c19,0.0
2026-02-15,0x9ab1433913c1014e2166b3c7f039d9528b1fc540,520.729713
2026-02-15,0x9e231a8b9c247230cb88befafee97a22ae244ee5,506.515902
2026-02-15,0xac82362174a32fbbad61efcb0f02b9016b20c768,579.434099
2026-02-15,0xae598104ba092f09470e59e7a4d2349dbbdc3310,501.96819
2026-02-15,0xb57d2a1424ff536ef5debb8761662c72f90f9b66,511.693929
2026-02-15,0xc32f2f6217d105d17904f8f495aa122baef4a333,1016.262908
2026-02-15,0xcc18c9473f7117e599b3f2103e794b16ffe7cf44,579.361468
2026-02-15,0xcd75160eeafa7227d1eea1dc157f77c3cb0c4688,512.341661
2026-02-15,0xd359264dd634edf74d5d00ed06ccc44ab20eeba9,503.77467
2026-02-15,0xdf5f43411c47c07ebcf03c16c29f18313e45ca66,521.389543
2026-02-15,0xe3abf7f7d29df6d64128794f64ed3d1b15a5e759,511.339994
2026-02-15,0xe4922b8eb9bef6f486564a59987f4e1930c53235,526.886867
2026-02-15,0xe6cac97e024e8e1d0d01cd5d1c72fcdcfe78be3d,503.710219
2026-02-15,0xea8d6a4caaef55c18da4c1efe7303b0f61b0415c,531.94149
2026-02-15,0xee2a70532e807259fcfd63274ad4e560dcca2613,512.208414
2026-02-15,0xf5397ef04201f76a3e97457bc84f27303df20e80,519.899003
2026-02-15,0xf5a89d2608db8fd229a076895f4f8d304e58c3a5,515.939948
2026-02-15,0xf9baa2c717f8140d6925d8ff1827abeca1906526,513.009861
2026-02-15,0xfaf8dbc45d01261ac417cf3b2843288df47fcacd,757.637642
2026-02-15,0xff0034103421a624aa2b2d618fe7602cd6dd3f1d,519.536064
2026-02-15,0xff806c084c40bce44d2facba005f8f1887cce7f4,511.947795
2026-02-16,0x04be52434eb64addf373137310551ac42013677c,521.484433
2026-02-16,0x087cdae4009af7974fb808cd4e01414ebf820ab0,500.96761
2026-02-16,0x0c560e8b4c179782ab476dfed8a129b0d64e66e8,1159.161464
2026-02-16,0x218c56f591abc69c40e96a10e7b69c62c2c406ee,515.319335
2026-02-16,0x28cd26d85b4ac655a489aa3f259f81283bd1a804,502.131279
2026-02-16,0x2bcd8898a678050efa5f41f4c6012045dee1b5c3,577.2062
2026-02-16,0x2e5b63b36e7b115229d12c88cd47d471c122eddf,1164.1952
2026-02-16,0x349dd66d555a26d890f6bb996ef1eadf9f65bdd3,521.277165
2026-02-16,0x36df841c8c269300335ed74d7729c66bc9dcb37d,580.655093
2026-02-16,0x3787e2720296b4e0119e344e1b64291ed5fea398,582.772068
2026-02-16,0x3b63bbf52aa94016b61ee8d6809253f915d61411,579.635473
2026-02-16,0x3d9f3cc0d52ea543116dfebdf3c77819766a64e2,509.789922
2026-02-16,0x422cb45f4dcb3f798b53835f8671288d424d881f,562.754774
2026-02-16,0x4784a9b16ba5ccb9fb384c0a68448b9e70d357a6,503.110432
2026-02-16,0x480f54f40e35739b6ed1dd0cb64ff881c392ff64,511.257017
2026-02-16,0x4813ffe82fe058134762df947a9bf453229a010f,586.118316
2026-02-16,0x4d571d89c5b71f720dbd271ac60f574402e76add,519.932487
2026-02-16,0x52512f63bfdc0ca4d15e31da6b395c94eb16d563,500.834354
2026-02-16,0x583924a6dfa73f20d7cee1f067f56afeccdda38c,601.142428
2026-02-16,0x58c659b1c03d03ab6e7cf1ad6781bfe16a39375d,513.238018
2026-02-16,0x5ebd6fc47e018d572695a30406aab2094f5739a5,513.684813
2026-02-16,0x60a50be186c8fedeee7eb8e4162e8052bda6ba0e,727.150675
2026-02-16,0x6194a13d478ba4de00cace380f51190663fd0de0,513.684982
2026-02-16,0x64fbb84b9a101227af977ab5916cdead0de630bb,505.382505
2026-02-16,0x657dd0353bbab3c31a15bebaefe5708f91599384,512.054472
2026-02-16,0x66f069a1aa1838b8f435459683a82ec5c4175be1,505.873486
2026-02-16,0x696361910177b630d7d98beb66db2a87210111ea,591.291882
2026-02-16,0x6a70e534e6244e34eca9ca8218640f2d4ee49b42,510.919558
2026-02-16,0x6b9cee98a4ca6cff357f576fb2a6cb2b5e43c39f,579.743863
2026-02-16,0x6f78bc27fa80f127fadb1897f98dde6cfb3c3f94,510.595288
2026-02-16,0x7531543d11be70509fd98599cab5e97745dd04ab,514.623718
2026-02-16,0x772ca23497f271c6113fce7c53782f35c304790e,62379.207855
2026-02-16,0x7743b97525bdf503506288463d39b59b69993cfe,501.224318
2026-02-16,0x790d41e2f911b6eecad286c04734036929049793,514.194455
2026-02-16,0x7a0222dee3519854468f31154a4349c92814875f,523.479811
2026-02-16,0x7d10bd50494ca1094cb706fadee52345b6139cf9,501.547651
2026-02-16,0x7df172e521125054caa01d73c4fb4d30360e1079,500.968714
2026-02-16,0x7f554a7568293db35a6421759c305fee6b60aa9a,511.55286
2026-02-16,0x7f99c1b85c831c60d6f534412e4be78cab94a5e5,510.116806
2026-02-16,0x8075c55918a91f5fc1f66fb77a7ca0be67a90233,503.928567
2026-02-16,0x84c87d848244e49602f1ce614e46eba81e5f246f,508.412096
2026-02-16,0x8633be9e9a5c7c39e9dc9d7ffef0979ce1026e71,525.076988
2026-02-16,0x8b6bbe943259e12885529e4d340a0a5822f8d337,509.316786
2026-02-16,0x8c298797fb92fb91c1d4a83e5b948f431fe229c6,578.475816
2026-02-16,0x8da35b920fe236a757a0fad93d3a3ab8ea0a24cc,502.223852
2026-02-16,0x8da66f6ee0eedf4376e471d7a507553296e49c19,0.0
2026-02-16,0x9ab1433913c1014e2166b3c7f039d9528b1fc540,520.762927
2026-02-16,0x9e231a8b9c247230cb88befafee97a22ae244ee5,506.54821
2026-02-16,0xac82362174a32fbbad61efcb0f02b9016b20c768,579.471057
2026-02-16,0xae598104ba092f09470e59e7a4d2349dbbdc3310,502.000207
2026-02-16,0xb57d2a1424ff536ef5debb8761662c72f90f9b66,511.726566
2026-02-16,0xc32f2f6217d105d17904f8f495aa122baef4a333,1016.327729
2026-02-16,0xcc18c9473f7117e599b3f2103e794b16ffe7cf44,579.398422
2026-02-16,0xcd75160eeafa7227d1eea1dc157f77c3cb0c4688,512.37434
2026-02-16,0xd359264dd634edf74d5d00ed06ccc44ab20eeba9,503.806802
2026-02-16,0xdf5f43411c47c07ebcf03c16c29f18313e45ca66,521.422799
2026-02-16,0xe3abf7f7d29df6d64128794f64ed3d1b15a5e759,511.372608
2026-02-16,0xe4922b8eb9bef6f486564a59987f4e1930c53235,526.920474
2026-02-16,0xe6cac97e024e8e1d0d01cd5d1c72fcdcfe78be3d,503.742347
2026-02-16,0xea8d6a4caaef55c18da4c1efe7303b0f61b0415c,531.975419
2026-02-16,0xee2a70532e807259fcfd63274ad4e560dcca2613,512.241085
2026-02-16,0xf5397ef04201f76a3e97457bc84f27303df20e80,519.932164
2026-02-16,0xf5a89d2608db8fd229a076895f4f8d304e58c3a5,515.972856
2026-02-16,0xf9baa2c717f8140d6925d8ff1827abeca1906526,513.042583
2026-02-16,0xfaf8dbc45d01261ac417cf3b2843288df47fcacd,757.685967
2026-02-16,0xff0034103421a624aa2b2d618fe7602cd6dd3f1d,519.569202
2026-02-16,0xff806c084c40bce44d2facba005f8f1887cce7f4,511.980449
2026-02-17,0x04be52434eb64addf373137310551ac42013677c,521.526472
2026-02-17,0x087cdae4009af7974fb808cd4e01414ebf820ab0,501.007995
2026-02-17,0x0c560e8b4c179782ab476dfed8a129b0d64e66e8,1159.254908
2026-02-17,0x218c56f591abc69c40e96a10e7b69c62c2c406ee,515.360877
2026-02-17,0x28cd26d85b4ac655a489aa3f259f81283bd1a804,502.171757
2026-02-17,0x2bcd8898a678050efa5f41f4c6012045dee1b5c3,577.252731
2026-02-17,0x2e5b63b36e7b115229d12c88cd47d471c122eddf,1164.28905
2026-02-17,0x349dd66d555a26d890f6bb996ef1eadf9f65bdd3,521.319187
2026-02-17,0x36df841c8c269300335ed74d7729c66bc9dcb37d,580.701902
2026-02-17,0x3787e2720296b4e0119e344e1b64291ed5fea398,582.819047
2026-02-17,0x3b63bbf52aa94016b61ee8d6809253f915d61411,579.6822
2026-02-17,0x3d9f3cc0d52ea543116dfebdf3c77819766a64e2,509.831018
2026-02-17,0x422cb45f4dcb3f798b53835f8671288d424d881f,562.80014
2026-02-17,0x4784a9b16ba5ccb9fb384c0a68448b9e70d357a6,503.150989
2026-02-17,0x480f54f40e35739b6ed1dd0cb64ff881c392ff64,511.298231
2026-02-17,0x4813ffe82fe058134762df947a9bf453229a010f,586.165565
2026-02-17,0x4d571d89c5b71f720dbd271ac60f574402e76add,519.974401
2026-02-17,0x52512f63bfdc0ca4d15e31da6b395c94eb16d563,500.874728
2026-02-17,0x583924a6dfa73f20d7cee1f067f56afeccdda38c,601.190889
2026-02-17,0x58c659b1c03d03ab6e7cf1ad6781bfe16a39375d,513.279392
2026-02-17,0x5ebd6fc47e018d572695a30406aab2094f5739a5,513.726223
2026-02-17,0x60a50be186c8fedeee7eb8e4162e8052bda6ba0e,727.209293
2026-02-17,0x6194a13d478ba4de00cace380f51190663fd0de0,513.726392
2026-02-17,0x64fbb84b9a101227af977ab5916cdead0de630bb,505.423246
2026-02-17,0x657dd0353bbab3c31a15bebaefe5708f91599384,512.095751
2026-02-17,0x66f069a1aa1838b8f435459683a82ec5c4175be1,505.914266
2026-02-17,0x696361910177b630d7d98beb66db2a87210111ea,591.339548
2026-02-17,0x6a70e534e6244e34eca9ca8218640f2d4ee49b42,510.960745
2026-02-17,0x6b9cee98a4ca6cff357f576fb2a6cb2b5e43c39f,579.790598
2026-02-17,0x6f78bc27fa80f127fadb1897f98dde6cfb3c3f94,510.636449
2026-02-17,0x7531543d11be70509fd98599cab5e97745dd04ab,514.665204
2026-02-17,0x772ca23497f271c6113fce7c53782f35c304790e,62384.236458
2026-02-17,0x7743b97525bdf503506288463d39b59b69993cfe,501.264723
2026-02-17,0x790d41e2f911b6eecad286c04734036929049793,514.235906
2026-02-17,0x7a0222dee3519854468f31154a4349c92814875f,523.52201
2026-02-17,0x7d10bd50494ca1094cb706fadee52345b6139cf9,501.588083
2026-02-17,0x7df172e521125054caa01d73c4fb4d30360e1079,501.009099
2026-02-17,0x7f554a7568293db35a6421759c305fee6b60aa9a,511.594098
2026-02-17,0x7f99c1b85c831c60d6f534412e4be78cab94a5e5,510.157928
2026-02-17,0x8075c55918a91f5fc1f66fb77a7ca0be67a90233,503.96919
2026-02-17,0x84c87d848244e49602f1ce614e46eba81e5f246f,508.453081
2026-02-17,0x8633be9e9a5c7c39e9dc9d7ffef0979ce1026e71,525.119316
2026-02-17,0x8b6bbe943259e12885529e4d340a0a5822f8d337,509.357843
2026-02-17,0x8c298797fb92fb91c1d4a83e5b948f431fe229c6,578.522449
2026-02-17,0x8da35b920fe236a757a0fad93d3a3ab8ea0a24cc,502.264338
2026-02-17,0x8da66f6ee0eedf4376e471d7a507553296e49c19,0.0
2026-02-17,0x9ab1433913c1014e2166b3c7f039d9528b1fc540,520.804908
2026-02-17,0x9e231a8b9c247230cb88befafee97a22ae244ee5,506.589044
2026-02-17,0xac82362174a32fbbad61efcb0f02b9016b20c768,579.51777
2026-02-17,0xae598104ba092f09470e59e7a4d2349dbbdc3310,502.040675
2026-02-17,0xb57d2a1424ff536ef5debb8761662c72f90f9b66,511.767818
2026-02-17,0xc32f2f6217d105d17904f8f495aa122baef4a333,1016.409658
2026-02-17,0xcc18c9473f7117e599b3f2103e794b16ffe7cf44,579.445129
2026-02-17,0xcd75160eeafa7227d1eea1dc157f77c3cb0c4688,512.415644
2026-02-17,0xd359264dd634edf74d5d00ed06ccc44ab20eeba9,503.847416
2026-02-17,0xdf5f43411c47c07ebcf03c16c29f18313e45ca66,521.464833
2026-02-17,0xe3abf7f7d29df6d64128794f64ed3d1b15a5e759,511.413832
2026-02-17,0xe4922b8eb9bef6f486564a59987f4e1930c53235,526.962951
2026-02-17,0xe6cac97e024e8e1d0d01cd5d1c72fcdcfe78be3d,503.782956
2026-02-17,0xea8d6a4caaef55c18da4c1efe7303b0f61b0415c,532.018304
2026-02-17,0xee2a70532e807259fcfd63274ad4e560dcca2613,512.282378
2026-02-17,0xf5397ef04201f76a3e97457bc84f27303df20e80,519.974077
2026-02-17,0xf5a89d2608db8fd229a076895f4f8d304e58c3a5,516.01445
2026-02-17,0xf9baa2c717f8140d6925d8ff1827abeca1906526,513.083941
2026-02-17,0xfaf8dbc45d01261ac417cf3b2843288df47fcacd,757.747047
2026-02-17,0xff0034103421a624aa2b2d618fe7602cd6dd3f1d,519.611086
2026-02-17,0xff806c084c40bce44d2facba005f8f1887cce7f4,512.021721
2026-02-18,0x04be52434eb64addf373137310551ac42013677c,521.568804
2026-02-18,0x087cdae4009af7974fb808cd4e01414ebf820ab0,501.048661
2026-02-18,0x0c560e8b4c179782ab476dfed8a129b0d64e66e8,1159.349005
2026-02-18,0x218c56f591abc69c40e96a10e7b69c62c2c406ee,515.402708
2026-02-18,0x28cd26d85b4ac655a489aa3f259f81283bd1a804,502.212518
2026-02-18,0x2bcd8898a678050efa5f41f4c6012045dee1b5c3,577.299586
2026-02-18,0x2e5b63b36e7b115229d12c88cd47d471c122eddf,1164.383555
2026-02-18,0x349dd66d555a26d890f6bb996ef1eadf9f65bdd3,521.361502
2026-02-18,0x36df841c8c269300335ed74d7729c66bc9dcb37d,580.749037
2026-02-18,0x3787e2720296b4e0119e344e1b64291ed5fea398,582.866354
2026-02-18,0x3b63bbf52aa94016b61ee8d6809253f915d61411,579.729252
2026-02-18,0x3d9f3cc0d52ea543116dfebdf3c77819766a64e2,509.872401
2026-02-18,0x422cb45f4dcb3f798b53835f8671288d424d881f,562.845822
2026-02-18,0x4784a9b16ba5ccb9fb384c0a68448b9e70d357a6,503.19183
2026-02-18,0x480f54f40e35739b6ed1dd0cb64ff881c392ff64,511.339733
2026-02-18,0x4813ffe82fe058134762df947a9bf453229a010f,586.213143
2026-02-18,0x4d571d89c5b71f720dbd271ac60f574402e76add,520.016607
2026-02-18,0x52512f63bfdc0ca4d15e31da6b395c94eb16d563,500.915384
2026-02-18,0x583924a6dfa73f20d7cee1f067f56afeccdda38c,601.239687
2026-02-18,0x58c659b1c03d03ab6e7cf1ad6781bfe16a39375d,513.321054
2026-02-18,0x5ebd6fc47e018d572695a30406aab2094f5739a5,513.767922
2026-02-18,0x60a50be186c8fedeee7eb8e4162e8052bda6ba0e,727.268321
2026-02-18,0x6194a13d478ba4de00cace380f51190663fd0de0,513.768091
2026-02-18,0x64fbb84b9a101227af977ab5916cdead0de630bb,505.464271
2026-02-18,0x657dd0353bbab3c31a15bebaefe5708f91599384,512.137318
2026-02-18,0x66f069a1aa1838b8f435459683a82ec5c4175be1,505.955331
2026-02-18,0x696361910177b630d7d98beb66db2a87210111ea,591.387547
2026-02-18,0x6a70e534e6244e34eca9ca8218640f2d4ee49b42,511.00222
2026-02-18,0x6b9cee98a4ca6cff357f576fb2a6cb2b5e43c39f,579.837659
2026-02-18,0x6f78bc27fa80f127fadb1897f98dde6cfb3c3f94,510.677897
2026-02-18,0x7531543d11be70509fd98599cab5e97745dd04ab,514.706979
2026-02-18,0x772ca23497f271c6113fce7c53782f35c304790e,62389.300161
2026-02-18,0x7743b97525bdf503506288463d39b59b69993cfe,501.305411
2026-02-18,0x790d41e2f911b6eecad286c04734036929049793,514.277646
2026-02-18,0x7a0222dee3519854468f31154a4349c92814875f,523.564504
2026-02-18,0x7d10bd50494ca1094cb706fadee52345b6139cf9,501.628796
2026-02-18,0x7df172e521125054caa01d73c4fb4d30360e1079,501.049765
2026-02-18,0x7f554a7568293db35a6421759c305fee6b60aa9a,511.635624
2026-02-18,0x7f99c1b85c831c60d6f534412e4be78cab94a5e5,510.199338
2026-02-18,0x8075c55918a91f5fc1f66fb77a7ca0be67a90233,504.010097
2026-02-18,0x84c87d848244e49602f1ce614e46eba81e5f246f,508.494352
2026-02-18,0x8633be9e9a5c7c39e9dc9d7ffef0979ce1026e71,525.16194
2026-02-18,0x8b6bbe943259e12885529e4d340a0a5822f8d337,509.399188
2026-02-18,0x8c298797fb92fb91c1d4a83e5b948f431fe229c6,578.569407
2026-02-18,0x8da35b920fe236a757a0fad93d3a3ab8ea0a24cc,502.305107
2026-02-18,0x8da66f6ee0eedf4376e471d7a507553296e49c19,0.0
2026-02-18,0x9ab1433913c1014e2166b3c7f039d9528b1fc540,520.847181
2026-02-18,0x9e231a8b9c247230cb88befafee97a22ae244ee5,506.630164
2026-02-18,0xac82362174a32fbbad61efcb0f02b9016b20c768,579.56481
2026-02-18,0xae598104ba092f09470e59e7a4d2349dbbdc3310,502.081425
2026-02-18,0xb57d2a1424ff536ef5debb8761662c72f90f9b66,511.809358
2026-02-18,0xc32f2f6217d105d17904f8f495aa122baef4a333,1016.49216
2026-02-18,0xcc18c9473f7117e599b3f2103e794b16ffe7cf44,579.492162
2026-02-18,0xcd75160eeafa7227d1eea1dc157f77c3cb0c4688,512.457237
2026-02-18,0xd359264dd634edf74d5d00ed06ccc44ab20eeba9,503.888313
2026-02-18,0xdf5f43411c47c07ebcf03c16c29f18313e45ca66,521.50716
2026-02-18,0xe3abf7f7d29df6d64128794f64ed3d1b15a5e759,511.455343
2026-02-18,0xe4922b8eb9bef6f486564a59987f4e1930c53235,527.005724
2026-02-18,0xe6cac97e024e8e1d0d01cd5d1c72fcdcfe78be3d,503.823847
2026-02-18,0xea8d6a4caaef55c18da4c1efe7303b0f61b0415c,532.061488
2026-02-18,0xee2a70532e807259fcfd63274ad4e560dcca2613,512.32396
2026-02-18,0xf5397ef04201f76a3e97457bc84f27303df20e80,520.016283
2026-02-18,0xf5a89d2608db8fd229a076895f4f8d304e58c3a5,516.056335
2026-02-18,0xf9baa2c717f8140d6925d8ff1827abeca1906526,513.125588
2026-02-18,0xfaf8dbc45d01261ac417cf3b2843288df47fcacd,757.808553
2026-02-18,0xff0034103421a624aa2b2d618fe7602cd6dd3f1d,519.653262
2026-02-18,0xff806c084c40bce44d2facba005f8f1887cce7f4,512.063282
2026-02-19,0x04be52434eb64addf373137310551ac42013677c,521.607881
2026-02-19,0x087cdae4009af7974fb808cd4e01414ebf820ab0,501.086201
2026-02-19,0x0c560e8b4c179782ab476dfed8a129b0d64e66e8,1159.435866
2026-02-19,0x218c56f591abc69c40e96a10e7b69c62c2c406ee,515.441324
2026-02-19,0x28cd26d85b4ac655a489aa3f259f81283bd1a804,502.250146
2026-02-19,0x2bcd8898a678050efa5f41f4c6012045dee1b5c3,577.342839
2026-02-19,0x2e5b63b36e7b115229d12c88cd47d471c122eddf,1164.470794
2026-02-19,0x349dd66d555a26d890f6bb996ef1eadf9f65bdd3,521.400564
2026-02-19,0x36df841c8c269300335ed74d7729c66bc9dcb37d,580.792549
2026-02-19,0x3787e2720296b4e0119e344e1b64291ed5fea398,582.910024
2026-02-19,0x3b63bbf52aa94016b61ee8d6809253f915d61411,579.772687
2026-02-19,0x3d9f3cc0d52ea543116dfebdf3c77819766a64e2,509.910602
2026-02-19,0x422cb45f4dcb3f798b53835f8671288d424d881f,562.887992
2026-02-19,0x4784a9b16ba5ccb9fb384c0a68448b9e70d357a6,503.22953
2026-02-19,0x480f54f40e35739b6ed1dd0cb64ff881c392ff64,511.378044
2026-02-19,0x4813ffe82fe058134762df947a9bf453229a010f,586.257064
2026-02-19,0x4d571d89c5b71f720dbd271ac60f574402e76add,520.055568
2026-02-19,0x52512f63bfdc0ca4d15e31da6b395c94eb16d563,500.952914
2026-02-19,0x583924a6dfa73f20d7cee1f067f56afeccdda38c,601.284734
2026-02-19,0x58c659b1c03d03ab6e7cf1ad6781bfe16a39375d,513.359514
2026-02-19,0x5ebd6fc47e018d572695a30406aab2094f5739a5,513.806415
2026-02-19,0x60a50be186c8fedeee7eb8e4162e8052bda6ba0e,727.32281
2026-02-19,0x6194a13d478ba4de00cace380f51190663fd0de0,513.806583
2026-02-19,0x64fbb84b9a101227af977ab5916cdead0de630bb,505.502141
2026-02-19,0x657dd0353bbab3c31a15bebaefe5708f91599384,512.175688
2026-02-19,0x66f069a1aa1838b8f435459683a82ec5c4175be1,505.993238
2026-02-19,0x696361910177b630d7d98beb66db2a87210111ea,591.431855
2026-02-19,0x6a70e534e6244e34eca9ca8218640f2d4ee49b42,511.040505
2026-02-19,0x6b9cee98a4ca6cff357f576fb2a6cb2b5e43c39f,579.881102
2026-02-19,0x6f78bc27fa80f127fadb1897f98dde6cfb3c3f94,510.716159
2026-02-19,0x7531543d11be70509fd98599cab5e97745dd04ab,514.745542
2026-02-19,0x772ca23497f271c6113fce7c53782f35c304790e,62393.974539
2026-02-19,0x7743b97525bdf503506288463d39b59b69993cfe,501.34297
2026-02-19,0x790d41e2f911b6eecad286c04734036929049793,514.316177
2026-02-19,0x7a0222dee3519854468f31154a4349c92814875f,523.603731
2026-02-19,0x7d10bd50494ca1094cb706fadee52345b6139cf9,501.66638
2026-02-19,0x7df172e521125054caa01d73c4fb4d30360e1079,501.087305
2026-02-19,0x7f554a7568293db35a6421759c305fee6b60aa9a,511.673957
2026-02-19,0x7f99c1b85c831c60d6f534412e4be78cab94a5e5,510.237563
2026-02-19,0x8075c55918a91f5fc1f66fb77a7ca0be67a90233,504.047859
2026-02-19,0x84c87d848244e49602f1ce614e46eba81e5f246f,508.53245
2026-02-19,0x8633be9e9a5c7c39e9dc9d7ffef0979ce1026e71,525.201286
2026-02-19,0x8b6bbe943259e12885529e4d340a0a5822f8d337,509.437353
2026-02-19,0x8c298797fb92fb91c1d4a83e5b948f431fe229c6,578.612755
2026-02-19,0x8da35b920fe236a757a0fad93d3a3ab8ea0a24cc,502.342741
2026-02-19,0x8da66f6ee0eedf4376e471d7a507553296e49c19,0.0
2026-02-19,0x9ab1433913c1014e2166b3c7f039d9528b1fc540,520.886204
2026-02-19,0x9e231a8b9c247230cb88befafee97a22ae244ee5,506.668122
2026-02-19,0xac82362174a32fbbad61efcb0f02b9016b20c768,579.608232
2026-02-19,0xae598104ba092f09470e59e7a4d2349dbbdc3310,502.119043
2026-02-19,0xb57d2a1424ff536ef5debb8761662c72f90f9b66,511.847704
2026-02-19,0xc32f2f6217d105d17904f8f495aa122baef4a333,1016.568318
2026-02-19,0xcc18c9473f7117e599b3f2103e794b16ffe7cf44,579.53558
2026-02-19,0xcd75160eeafa7227d1eea1dc157f77c3cb0c4688,512.495631
2026-02-19,0xd359264dd634edf74d5d00ed06ccc44ab20eeba9,503.926065
2026-02-19,0xdf5f43411c47c07ebcf03c16c29f18313e45ca66,521.546233
2026-02-19,0xe3abf7f7d29df6d64128794f64ed3d1b15a5e759,511.493663
2026-02-19,0xe4922b8eb9bef6f486564a59987f4e1930c53235,527.045209
2026-02-19,0xe6cac97e024e8e1d0d01cd5d1c72fcdcfe78be3d,503.861595
2026-02-19,0xea8d6a4caaef55c18da4c1efe7303b0f61b0415c,532.101351
2026-02-19,0xee2a70532e807259fcfd63274ad4e560dcca2613,512.362345
2026-02-19,0xf5397ef04201f76a3e97457bc84f27303df20e80,520.055244
2026-02-19,0xf5a89d2608db8fd229a076895f4f8d304e58c3a5,516.094999
2026-02-19,0xf9baa2c717f8140d6925d8ff1827abeca1906526,513.164032
2026-02-19,0xfaf8dbc45d01261ac417cf3b2843288df47fcacd,757.86533
2026-02-19,0xff0034103421a624aa2b2d618fe7602cd6dd3f1d,519.692196
2026-02-19,0xff806c084c40bce44d2facba005f8f1887cce7f4,512.101647
2026-02-20,0x04be52434eb64addf373137310551ac42013677c,521.645684
2026-02-20,0x087cdae4009af7974fb808cd4e01414ebf820ab0,501.122517
2026-02-20,0x0c560e8b4c179782ab476dfed8a129b0d64e66e8,1159.519895
2026-02-20,0x218c56f591abc69c40e96a10e7b69c62c2c406ee,515.478679
2026-02-20,0x28cd26d85b4ac655a489aa3f259f81283bd1a804,502.286546
2026-02-20,0x2bcd8898a678050efa5f41f4c6012045dee1b5c3,577.384681
2026-02-20,0x2e5b63b36e7b115229d12c88cd47d471c122eddf,1164.555187
2026-02-20,0x349dd66d555a26d890f6bb996ef1eadf9f65bdd3,521.438351
2026-02-20,0x36df841c8c269300335ed74d7729c66bc9dcb37d,580.834641
2026-02-20,0x3787e2720296b4e0119e344e1b64291ed5fea398,582.95227
2026-02-20,0x3b63bbf52aa94016b61ee8d6809253f915d61411,579.814706
2026-02-20,0x3d9f3cc0d52ea543116dfebdf3c77819766a64e2,509.947557
2026-02-20,0x422cb45f4dcb3f798b53835f8671288d424d881f,562.928787
2026-02-20,0x4784a9b16ba5ccb9fb384c0a68448b9e70d357a6,503.266001
2026-02-20,0x480f54f40e35739b6ed1dd0cb64ff881c392ff64,511.415106
2026-02-20,0x4813ffe82fe058134762df947a9bf453229a010f,586.299552
2026-02-20,0x4d571d89c5b71f720dbd271ac60f574402e76add,520.093258
2026-02-20,0x52512f63bfdc0ca4d15e31da6b395c94eb16d563,500.989219
2026-02-20,0x583924a6dfa73f20d7cee1f067f56afeccdda38c,601.328311
2026-02-20,0x58c659b1c03d03ab6e7cf1ad6781bfe16a39375d,513.396719
2026-02-20,0x5ebd6fc47e018d572695a30406aab2094f5739a5,513.843653
2026-02-20,0x60a50be186c8fedeee7eb8e4162e8052bda6ba0e,727.375521
2026-02-20,0x6194a13d478ba4de00cace380f51190663fd0de0,513.843821
2026-02-20,0x64fbb84b9a101227af977ab5916cdead0de630bb,505.538777
2026-02-20,0x657dd0353bbab3c31a15bebaefe5708f91599384,512.212808
2026-02-20,0x66f069a1aa1838b8f435459683a82ec5c4175be1,506.029909
2026-02-20,0x696361910177b630d7d98beb66db2a87210111ea,591.474719
2026-02-20,0x6a70e534e6244e34eca9ca8218640f2d4ee49b42,511.077542
2026-02-20,0x6b9cee98a4ca6cff357f576fb2a6cb2b5e43c39f,579.923129
2026-02-20,0x6f78bc27fa80f127fadb1897f98dde6cfb3c3f94,510.753172
2026-02-20,0x7531543d11be70509fd98599cab5e97745dd04ab,514.782848
2026-02-20,0x772ca23497f271c6113fce7c53782f35c304790e,62398.496456
2026-02-20,0x7743b97525bdf503506288463d39b59b69993cfe,501.379304
2026-02-20,0x790d41e2f911b6eecad286c04734036929049793,514.353452
2026-02-20,0x7a0222dee3519854468f31154a4349c92814875f,523.641678
2026-02-20,0x7d10bd50494ca1094cb706fadee52345b6139cf9,501.702737
2026-02-20,0x7df172e521125054caa01d73c4fb4d30360e1079,501.123621
2026-02-20,0x7f554a7568293db35a6421759c305fee6b60aa9a,511.71104
2026-02-20,0x7f99c1b85c831c60d6f534412e4be78cab94a5e5,510.274542
2026-02-20,0x8075c55918a91f5fc1f66fb77a7ca0be67a90233,504.084389
2026-02-20,0x84c87d848244e49602f1ce614e46eba81e5f246f,508.569305
2026-02-20,0x8633be9e9a5c7c39e9dc9d7ffef0979ce1026e71,525.239349
2026-02-20,0x8b6bbe943259e12885529e4d340a0a5822f8d337,509.474274
2026-02-20,0x8c298797fb92fb91c1d4a83e5b948f431fe229c6,578.654689
2026-02-20,0x8da35b920fe236a757a0fad93d3a3ab8ea0a24cc,502.379147
2026-02-20,0x8da66f6ee0eedf4376e471d7a507553296e49c19,0.0
2026-02-20,0x9ab1433913c1014e2166b3c7f039d9528b1fc540,520.923955
2026-02-20,0x9e231a8b9c247230cb88befafee97a22ae244ee5,506.704842
2026-02-20,0xac82362174a32fbbad61efcb0f02b9016b20c768,579.650239
2026-02-20,0xae598104ba092f09470e59e7a4d2349dbbdc3310,502.155433
2026-02-20,0xb57d2a1424ff536ef5debb8761662c72f90f9b66,511.8848
2026-02-20,0xc32f2f6217d105d17904f8f495aa122baef4a333,1016.641993
2026-02-20,0xcc18c9473f7117e599b3f2103e794b16ffe7cf44,579.577581
2026-02-20,0xcd75160eeafa7227d1eea1dc157f77c3cb0c4688,512.532774
2026-02-20,0xd359264dd634edf74d5d00ed06ccc44ab20eeba9,503.962587
2026-02-20,0xdf5f43411c47c07ebcf03c16c29f18313e45ca66,521.584031
2026-02-20,0xe3abf7f7d29df6d64128794f64ed3d1b15a5e759,511.530733
2026-02-20,0xe4922b8eb9bef6f486564a59987f4e1930c53235,527.083406
2026-02-20,0xe6cac97e024e8e1d0d01cd5d1c72fcdcfe78be3d,503.898112
2026-02-20,0xea8d6a4caaef55c18da4c1efe7303b0f61b0415c,532.139914
2026-02-20,0xee2a70532e807259fcfd63274ad4e560dcca2613,512.399477
2026-02-20,0xf5397ef04201f76a3e97457bc84f27303df20e80,520.092935
2026-02-20,0xf5a89d2608db8fd229a076895f4f8d304e58c3a5,516.132403
2026-02-20,0xf9baa2c717f8140d6925d8ff1827abeca1906526,513.201223
2026-02-20,0xfaf8dbc45d01261ac417cf3b2843288df47fcacd,757.920255
2026-02-20,0xff0034103421a624aa2b2d618fe7602cd6dd3f1d,519.72986
2026-02-20,0xff806c084c40bce44d2facba005f8f1887cce7f4,512.138761
2026-02-21,0x04be52434eb64addf373137310551ac42013677c,521.68274
2026-02-21,0x087cdae4009af7974fb808cd4e01414ebf820ab0,501.158115
2026-02-21,0x0c560e8b4c179782ab476dfed8a129b0d64e66e8,1159.602264
2026-02-21,0x218c56f591abc69c40e96a10e7b69c62c2c406ee,515.515298
2026-02-21,0x28cd26d85b4ac655a489aa3f259f81283bd1a804,502.322227
2026-02-21,0x2bcd8898a678050efa5f41f4c6012045dee1b5c3,577.425697
2026-02-21,0x2e5b63b36e7b115229d12c88cd47d471c122eddf,1164.637914
2026-02-21,0x349dd66d555a26d890f6bb996ef1eadf9f65bdd3,521.475393
2026-02-21,0x36df841c8c269300335ed74d7729c66bc9dcb37d,580.875902
2026-02-21,0x3787e2720296b4e0119e344e1b64291ed5fea398,582.993681
2026-02-21,0x3b63bbf52aa94016b61ee8d6809253f915d61411,579.855894
2026-02-21,0x3d9f3cc0d52ea543116dfebdf3c77819766a64e2,509.983782
2026-02-21,0x422cb45f4dcb3f798b53835f8671288d424d881f,562.968776
2026-02-21,0x4784a9b16ba5ccb9fb384c0a68448b9e70d357a6,503.301752
2026-02-21,0x480f54f40e35739b6ed1dd0cb64ff881c392ff64,511.451435
2026-02-21,0x4813ffe82fe058134762df947a9bf453229a010f,586.341201
2026-02-21,0x4d571d89c5b71f720dbd271ac60f574402e76add,520.130205
2026-02-21,0x52512f63bfdc0ca4d15e31da6b395c94eb16d563,501.024808
2026-02-21,0x583924a6dfa73f20d7cee1f067f56afeccdda38c,601.371028
2026-02-21,0x58c659b1c03d03ab6e7cf1ad6781bfe16a39375d,513.433189
2026-02-21,0x5ebd6fc47e018d572695a30406aab2094f5739a5,513.880155
2026-02-21,0x60a50be186c8fedeee7eb8e4162e8052bda6ba0e,727.427192
2026-02-21,0x6194a13d478ba4de00cace380f51190663fd0de0,513.880323
2026-02-21,0x64fbb84b9a101227af977ab5916cdead0de630bb,505.574689
2026-02-21,0x657dd0353bbab3c31a15bebaefe5708f91599384,512.249194
2026-02-21,0x66f069a1aa1838b8f435459683a82ec5c4175be1,506.065856
2026-02-21,0x696361910177b630d7d98beb66db2a87210111ea,591.516735
2026-02-21,0x6a70e534e6244e34eca9ca8218640f2d4ee49b42,511.113848
2026-02-21,0x6b9cee98a4ca6cff357f576fb2a6cb2b5e43c39f,579.964325
2026-02-21,0x6f78bc27fa80f127fadb1897f98dde6cfb3c3f94,510.789455
2026-02-21,0x7531543d11be70509fd98599cab5e97745dd04ab,514.819416
2026-02-21,0x772ca23497f271c6113fce7c53782f35c304790e,62402.929079
2026-02-21,0x7743b97525bdf503506288463d39b59b69993cfe,501.414921
2026-02-21,0x790d41e2f911b6eecad286c04734036929049793,514.38999
2026-02-21,0x7a0222dee3519854468f31154a4349c92814875f,523.678877
2026-02-21,0x7d10bd50494ca1094cb706fadee52345b6139cf9,501.738377
2026-02-21,0x7df172e521125054caa01d73c4fb4d30360e1079,501.15922
2026-02-21,0x7f554a7568293db35a6421759c305fee6b60aa9a,511.74739
2026-02-21,0x7f99c1b85c831c60d6f534412e4be78cab94a5e5,510.310791
2026-02-21,0x8075c55918a91f5fc1f66fb77a7ca0be67a90233,504.120198
2026-02-21,0x84c87d848244e49602f1ce614e46eba81e5f246f,508.605433
2026-02-21,0x8633be9e9a5c7c39e9dc9d7ffef0979ce1026e71,525.276661
2026-02-21,0x8b6bbe943259e12885529e4d340a0a5822f8d337,509.510466
2026-02-21,0x8c298797fb92fb91c1d4a83e5b948f431fe229c6,578.695795
2026-02-21,0x8da35b920fe236a757a0fad93d3a3ab8ea0a24cc,502.414835
2026-02-21,0x8da66f6ee0eedf4376e471d7a507553296e49c19,0.0
2026-02-21,0x9ab1433913c1014e2166b3c7f039d9528b1fc540,520.96096
2026-02-21,0x9e231a8b9c247230cb88befafee97a22ae244ee5,506.740837
2026-02-21,0xac82362174a32fbbad61efcb0f02b9016b20c768,579.691415
2026-02-21,0xae598104ba092f09470e59e7a4d2349dbbdc3310,502.191105
2026-02-21,0xb57d2a1424ff536ef5debb8761662c72f90f9b66,511.921163
2026-02-21,0xc32f2f6217d105d17904f8f495aa122baef4a333,1016.714212
2026-02-21,0xcc18c9473f7117e599b3f2103e794b16ffe7cf44,579.618752
2026-02-21,0xcd75160eeafa7227d1eea1dc157f77c3cb0c4688,512.569183
2026-02-21,0xd359264dd634edf74d5d00ed06ccc44ab20eeba9,503.998387
2026-02-21,0xdf5f43411c47c07ebcf03c16c29f18313e45ca66,521.621083
2026-02-21,0xe3abf7f7d29df6d64128794f64ed3d1b15a5e759,511.56707
2026-02-21,0xe4922b8eb9bef6f486564a59987f4e1930c53235,527.120848
2026-02-21,0xe6cac97e024e8e1d0d01cd5d1c72fcdcfe78be3d,503.933908
2026-02-21,0xea8d6a4caaef55c18da4c1efe7303b0f61b0415c,532.177716
2026-02-21,0xee2a70532e807259fcfd63274ad4e560dcca2613,512.435877
2026-02-21,0xf5397ef04201f76a3e97457bc84f27303df20e80,520.129881
2026-02-21,0xf5a89d2608db8fd229a076895f4f8d304e58c3a5,516.169067
2026-02-21,0xf9baa2c717f8140d6925d8ff1827abeca1906526,513.23768
2026-02-21,0xfaf8dbc45d01261ac417cf3b2843288df47fcacd,757.974096
2026-02-21,0xff0034103421a624aa2b2d618fe7602cd6dd3f1d,519.766781
2026-02-21,0xff806c084c40bce44d2facba005f8f1887cce7f4,512.175142
2026-02-22,0x04be52434eb64addf373137310551ac42013677c,521.716517
2026-02-22,0x087cdae4009af7974fb808cd4e01414ebf820ab0,501.190563
2026-02-22,0x0c560e8b4c179782ab476dfed8a129b0d64e66e8,1159.677344
2026-02-22,0x218c56f591abc69c40e96a10e7b69c62c2c406ee,515.548675
2026-02-22,0x28cd26d85b4ac655a489aa3f259f81283bd1a804,502.35475
2026-02-22,0x2bcd8898a678050efa5f41f4c6012045dee1b5c3,577.463083
2026-02-22,0x2e5b63b36e7b115229d12c88cd47d471c122eddf,1164.71332
2026-02-22,0x349dd66d555a26d890f6bb996ef1eadf9f65bdd3,521.509157
2026-02-22,0x36df841c8c269300335ed74d7729c66bc9dcb37d,580.913511
2026-02-22,0x3787e2720296b4e0119e344e1b64291ed5fea398,583.031428
2026-02-22,0x3b63bbf52aa94016b61ee8d6809253f915d61411,579.893438
2026-02-22,0x3d9f3cc0d52ea543116dfebdf3c77819766a64e2,510.016802
2026-02-22,0x422cb45f4dcb3f798b53835f8671288d424d881f,563.005226
2026-02-22,0x4784a9b16ba5ccb9fb384c0a68448b9e70d357a6,503.334339
2026-02-22,0x480f54f40e35739b6ed1dd0cb64ff881c392ff64,511.48455
2026-02-22,0x4813ffe82fe058134762df947a9bf453229a010f,586.379165
2026-02-22,0x4d571d89c5b71f720dbd271ac60f574402e76add,520.163881
2026-02-22,0x52512f63bfdc0ca4d15e31da6b395c94eb16d563,501.057248
2026-02-22,0x583924a6dfa73f20d7cee1f067f56afeccdda38c,601.409964
2026-02-22,0x58c659b1c03d03ab6e7cf1ad6781bfe16a39375d,513.466432
2026-02-22,0x5ebd6fc47e018d572695a30406aab2094f5739a5,513.913427
2026-02-22,0x60a50be186c8fedeee7eb8e4162e8052bda6ba0e,727.47429
2026-02-22,0x6194a13d478ba4de00cace380f51190663fd0de0,513.913595
2026-02-22,0x64fbb84b9a101227af977ab5916cdead0de630bb,505.607423
2026-02-22,0x657dd0353bbab3c31a15bebaefe5708f91599384,512.28236
2026-02-22,0x66f069a1aa1838b8f435459683a82ec5c4175be1,506.098622
2026-02-22,0x696361910177b630d7d98beb66db2a87210111ea,591.555034
2026-02-22,0x6a70e534e6244e34eca9ca8218640f2d4ee49b42,511.146941
2026-02-22,0x6b9cee98a4ca6cff357f576fb2a6cb2b5e43c39f,580.001875
2026-02-22,0x6f78bc27fa80f127fadb1897f98dde6cfb3c3f94,510.822526
2026-02-22,0x7531543d11be70509fd98599cab5e97745dd04ab,514.852749
2026-02-22,0x772ca23497f271c6113fce7c53782f35c304790e,62406.969447
2026-02-22,0x7743b97525bdf503506288463d39b59b69993cfe,501.447385
2026-02-22,0x790d41e2f911b6eecad286c04734036929049793,514.423295
2026-02-22,0x7a0222dee3519854468f31154a4349c92814875f,523.712783
2026-02-22,0x7d10bd50494ca1094cb706fadee52345b6139cf9,501.770863
2026-02-22,0x7df172e521125054caa01d73c4fb4d30360e1079,501.191668
2026-02-22,0x7f554a7568293db35a6421759c305fee6b60aa9a,511.780524
2026-02-22,0x7f99c1b85c831c60d6f534412e4be78cab94a5e5,510.343831
2026-02-22,0x8075c55918a91f5fc1f66fb77a7ca0be67a90233,504.152838
2026-02-22,0x84c87d848244e49602f1ce614e46eba81e5f246f,508.638363
2026-02-22,0x8633be9e9a5c7c39e9dc9d7ffef0979ce1026e71,525.310671
2026-02-22,0x8b6bbe943259e12885529e4d340a0a5822f8d337,509.543455
2026-02-22,0x8c298797fb92fb91c1d4a83e5b948f431fe229c6,578.733264
2026-02-22,0x8da35b920fe236a757a0fad93d3a3ab8ea0a24cc,502.447364
2026-02-22,0x8da66f6ee0eedf4376e471d7a507553296e49c19,0.0
2026-02-22,0x9ab1433913c1014e2166b3c7f039d9528b1fc540,520.99469
2026-02-22,0x9e231a8b9c247230cb88befafee97a22ae244ee5,506.773647
2026-02-22,0xac82362174a32fbbad61efcb0f02b9016b20c768,579.728948
2026-02-22,0xae598104ba092f09470e59e7a4d2349dbbdc3310,502.22362
2026-02-22,0xb57d2a1424ff536ef5debb8761662c72f90f9b66,511.954308
2026-02-22,0xc32f2f6217d105d17904f8f495aa122baef4a333,1016.780041
2026-02-22,0xcc18c9473f7117e599b3f2103e794b16ffe7cf44,579.65628
2026-02-22,0xcd75160eeafa7227d1eea1dc157f77c3cb0c4688,512.60237
2026-02-22,0xd359264dd634edf74d5d00ed06ccc44ab20eeba9,504.031019
2026-02-22,0xdf5f43411c47c07ebcf03c16c29f18313e45ca66,521.654856
2026-02-22,0xe3abf7f7d29df6d64128794f64ed3d1b15a5e759,511.600193
2026-02-22,0xe4922b8eb9bef6f486564a59987f4e1930c53235,527.154978
2026-02-22,0xe6cac97e024e8e1d0d01cd5d1c72fcdcfe78be3d,503.966535
2026-02-22,0xea8d6a4caaef55c18da4c1efe7303b0f61b0415c,532.212173
2026-02-22,0xee2a70532e807259fcfd63274ad4e560dcca2613,512.469055
2026-02-22,0xf5397ef04201f76a3e97457bc84f27303df20e80,520.163557
2026-02-22,0xf5a89d2608db8fd229a076895f4f8d304e58c3a5,516.202487
2026-02-22,0xf9baa2c717f8140d6925d8ff1827abeca1906526,513.27091
2026-02-22,0xfaf8dbc45d01261ac417cf3b2843288df47fcacd,758.023172
2026-02-22,0xff0034103421a624aa2b2d618fe7602cd6dd3f1d,519.800434
2026-02-22,0xff806c084c40bce44d2facba005f8f1887cce7f4,512.208303
2026-02-23,0x04be52434eb64addf373137310551ac42013677c,521.751392
2026-02-23,0x087cdae4009af7974fb808cd4e01414ebf820ab0,501.224066
2026-02-23,0x0c560e8b4c179782ab476dfed8a129b0d64e66e8,1159.754863
2026-02-23,0x218c56f591abc69c40e96a10e7b69c62c2c406ee,515.583138
2026-02-23,0x28cd26d85b4ac655a489aa3f259f81283bd1a804,502.38833
2026-02-23,0x2bcd8898a678050efa5f41f4c6012045dee1b5c3,577.501684
2026-02-23,0x2e5b63b36e7b115229d12c88cd47d471c122eddf,1164.791176
2026-02-23,0x349dd66d555a26d890f6bb996ef1eadf9f65bdd3,521.544017
2026-02-23,0x36df841c8c269300335ed74d7729c66bc9dcb37d,580.952343
2026-02-23,0x3787e2720296b4e0119e344e1b64291ed5fea398,583.070401
2026-02-23,0x3b63bbf52aa94016b61ee8d6809253f915d61411,579.932201
2026-02-23,0x3d9f3cc0d52ea543116dfebdf3c77819766a64e2,510.050894
2026-02-23,0x422cb45f4dcb3f798b53835f8671288d424d881f,563.04286
2026-02-23,0x4784a9b16ba5ccb9fb384c0a68448b9e70d357a6,503.367984
2026-02-23,0x480f54f40e35739b6ed1dd0cb64ff881c392ff64,511.51874
2026-02-23,0x4813ffe82fe058134762df947a9bf453229a010f,586.418362
2026-02-23,0x4d571d89c5b71f720dbd271ac60f574402e76add,520.198652
2026-02-23,0x52512f63bfdc0ca4d15e31da6b395c94eb16d563,501.090741
2026-02-23,0x583924a6dfa73f20d7cee1f067f56afeccdda38c,601.450166
2026-02-23,0x58c659b1c03d03ab6e7cf1ad6781bfe16a39375d,513.500755
2026-02-23,0x5ebd6fc47e018d572695a30406aab2094f5739a5,513.947779
2026-02-23,0x60a50be186c8fedeee7eb8e4162e8052bda6ba0e,727.522919
2026-02-23,0x6194a13d478ba4de00cace380f51190663fd0de0,513.947948
2026-02-23,0x64fbb84b9a101227af977ab5916cdead0de630bb,505.641221
2026-02-23,0x657dd0353bbab3c31a15bebaefe5708f91599384,512.316604
2026-02-23,0x66f069a1aa1838b8f435459683a82ec5c4175be1,506.132453
2026-02-23,0x696361910177b630d7d98beb66db2a87210111ea,591.594577
2026-02-23,0x6a70e534e6244e34eca9ca8218640f2d4ee49b42,511.181109
2026-02-23,0x6b9cee98a4ca6cff357f576fb2a6cb2b5e43c39f,580.040646
2026-02-23,0x6f78bc27fa80f127fadb1897f98dde6cfb3c3f94,510.856673
2026-02-23,0x7531543d11be70509fd98599cab5e97745dd04ab,514.887165
2026-02-23,0x772ca23497f271c6113fce7c53782f35c304790e,62411.141073
2026-02-23,0x7743b97525bdf503506288463d39b59b69993cfe,501.480905
2026-02-23,0x790d41e2f911b6eecad286c04734036929049793,514.457682
2026-02-23,0x7a0222dee3519854468f31154a4349c92814875f,523.747791
2026-02-23,0x7d10bd50494ca1094cb706fadee52345b6139cf9,501.804404
2026-02-23,0x7df172e521125054caa01d73c4fb4d30360e1079,501.22517
2026-02-23,0x7f554a7568293db35a6421759c305fee6b60aa9a,511.814735
2026-02-23,0x7f99c1b85c831c60d6f534412e4be78cab94a5e5,510.377946
2026-02-23,0x8075c55918a91f5fc1f66fb77a7ca0be67a90233,504.186538
2026-02-23,0x84c87d848244e49602f1ce614e46eba81e5f246f,508.672363
2026-02-23,0x8633be9e9a5c7c39e9dc9d7ffef0979ce1026e71,525.345785
2026-02-23,0x8b6bbe943259e12885529e4d340a0a5822f8d337,509.577516
2026-02-23,0x8c298797fb92fb91c1d4a83e5b948f431fe229c6,578.77195
2026-02-23,0x8da35b920fe236a757a0fad93d3a3ab8ea0a24cc,502.480951
2026-02-23,0x8da66f6ee0eedf4376e471d7a507553296e49c19,0.0
2026-02-23,0x9ab1433913c1014e2166b3c7f039d9528b1fc540,521.029517
2026-02-23,0x9e231a8b9c247230cb88befafee97a22ae244ee5,506.807522
2026-02-23,0xac82362174a32fbbad61efcb0f02b9016b20c768,579.767701
2026-02-23,0xae598104ba092f09470e59e7a4d2349dbbdc3310,502.257191
2026-02-23,0xb57d2a1424ff536ef5debb8761662c72f90f9b66,511.98853
2026-02-23,0xc32f2f6217d105d17904f8f495aa122baef4a333,1016.848008
2026-02-23,0xcc18c9473f7117e599b3f2103e794b16ffe7cf44,579.695028
2026-02-23,0xcd75160eeafa7227d1eea1dc157f77c3cb0c4688,512.636635
2026-02-23,0xd359264dd634edf74d5d00ed06ccc44ab20eeba9,504.064711
2026-02-23,0xdf5f43411c47c07ebcf03c16c29f18313e45ca66,521.689726
2026-02-23,0xe3abf7f7d29df6d64128794f64ed3d1b15a5e759,511.634391
2026-02-23,0xe4922b8eb9bef6f486564a59987f4e1930c53235,527.190215
2026-02-23,0xe6cac97e024e8e1d0d01cd5d1c72fcdcfe78be3d,504.000223
2026-02-23,0xea8d6a4caaef55c18da4c1efe7303b0f61b0415c,532.247749
2026-02-23,0xee2a70532e807259fcfd63274ad4e560dcca2613,512.503312
2026-02-23,0xf5397ef04201f76a3e97457bc84f27303df20e80,520.198328
2026-02-23,0xf5a89d2608db8fd229a076895f4f8d304e58c3a5,516.236993
2026-02-23,0xf9baa2c717f8140d6925d8ff1827abeca1906526,513.30522
2026-02-23,0xfaf8dbc45d01261ac417cf3b2843288df47fcacd,758.073842
2026-02-23,0xff0034103421a624aa2b2d618fe7602cd6dd3f1d,519.83518
2026-02-23,0xff806c084c40bce44d2facba005f8f1887cce7f4,512.242542
2026-02-24,0x04be52434eb64addf373137310551ac42013677c,521.786437
2026-02-24,0x087cdae4009af7974fb808cd4e01414ebf820ab0,501.257732
2026-02-24,0x0c560e8b4c179782ab476dfed8a129b0d64e66e8,1159.832763
2026-02-24,0x218c56f591abc69c40e96a10e7b69c62c2c406ee,515.617769
2026-02-24,0x28cd26d85b4ac655a489aa3f259f81283bd1a804,502.422075
2026-02-24,0x2bcd8898a678050efa5f41f4c6012045dee1b5c3,577.540475
2026-02-24,0x2e5b63b36e7b115229d12c88cd47d471c122eddf,1164.869414
2026-02-24,0x349dd66d555a26d890f6bb996ef1eadf9f65bdd3,521.579049
2026-02-24,0x36df841c8c269300335ed74d7729c66bc9dcb37d,580.991365
2026-02-24,0x3787e2720296b4e0119e344e1b64291ed5fea398,583.109565
2026-02-24,0x3b63bbf52aa94016b61ee8d6809253f915d61411,579.971154
2026-02-24,0x3d9f3cc0d52ea543116dfebdf3c77819766a64e2,510.085154
2026-02-24,0x422cb45f4dcb3f798b53835f8671288d424d881f,563.080679
2026-02-24,0x4784a9b16ba5ccb9fb384c0a68448b9e70d357a6,503.401795
2026-02-24,0x480f54f40e35739b6ed1dd0cb64ff881c392ff64,511.553099
2026-02-24,0x4813ffe82fe058134762df947a9bf453229a010f,586.457751
2026-02-24,0x4d571d89c5b71f720dbd271ac60f574402e76add,520.233593
2026-02-24,0x52512f63bfdc0ca4d15e31da6b395c94eb16d563,501.124399
2026-02-24,0x583924a6dfa73f20d7cee1f067f56afeccdda38c,601.490565
2026-02-24,0x58c659b1c03d03ab6e7cf1ad6781bfe16a39375d,513.535246
2026-02-24,0x5ebd6fc47e018d572695a30406aab2094f5739a5,513.982301
2026-02-24,0x60a50be186c8fedeee7eb8e4162e8052bda6ba0e,727.571786
2026-02-24,0x6194a13d478ba4de00cace380f51190663fd0de0,513.982469
2026-02-24,0x64fbb84b9a101227af977ab5916cdead0de630bb,505.675184
2026-02-24,0x657dd0353bbab3c31a15bebaefe5708f91599384,512.351016
2026-02-24,0x66f069a1aa1838b8f435459683a82ec5c4175be1,506.166449
2026-02-24,0x696361910177b630d7d98beb66db2a87210111ea,591.634314
2026-02-24,0x6a70e534e6244e34eca9ca8218640f2d4ee49b42,511.215444
2026-02-24,0x6b9cee98a4ca6cff357f576fb2a6cb2b5e43c39f,580.079607
2026-02-24,0x6f78bc27fa80f127fadb1897f98dde6cfb3c3f94,510.890986
2026-02-24,0x7531543d11be70509fd98599cab5e97745dd04ab,514.921749
2026-02-24,0x772ca23497f271c6113fce7c53782f35c304790e,62415.333174
2026-02-24,0x7743b97525bdf503506288463d39b59b69993cfe,501.514589
2026-02-24,0x790d41e2f911b6eecad286c04734036929049793,514.492237
2026-02-24,0x7a0222dee3519854468f31154a4349c92814875f,523.78297
2026-02-24,0x7d10bd50494ca1094cb706fadee52345b6139cf9,501.838109
2026-02-24,0x7df172e521125054caa01d73c4fb4d30360e1079,501.258837
2026-02-24,0x7f554a7568293db35a6421759c305fee6b60aa9a,511.849113
2026-02-24,0x7f99c1b85c831c60d6f534412e4be78cab94a5e5,510.412227
2026-02-24,0x8075c55918a91f5fc1f66fb77a7ca0be67a90233,504.220404
2026-02-24,0x84c87d848244e49602f1ce614e46eba81e5f246f,508.70653
2026-02-24,0x8633be9e9a5c7c39e9dc9d7ffef0979ce1026e71,525.381072
2026-02-24,0x8b6bbe943259e12885529e4d340a0a5822f8d337,509.611743
2026-02-24,0x8c298797fb92fb91c1d4a83e5b948f431fe229c6,578.810825
2026-02-24,0x8da35b920fe236a757a0fad93d3a3ab8ea0a24cc,502.514702
2026-02-24,0x8da66f6ee0eedf4376e471d7a507553296e49c19,0.0
2026-02-24,0x9ab1433913c1014e2166b3c7f039d9528b1fc540,521.064514
2026-02-24,0x9e231a8b9c247230cb88befafee97a22ae244ee5,506.841564
2026-02-24,0xac82362174a32fbbad61efcb0f02b9016b20c768,579.806643
2026-02-24,0xae598104ba092f09470e59e7a4d2349dbbdc3310,502.290927
2026-02-24,0xb57d2a1424ff536ef5debb8761662c72f90f9b66,512.022919
2026-02-24,0xc32f2f6217d105d17904f8f495aa122baef4a333,1016.916309
2026-02-24,0xcc18c9473f7117e599b3f2103e794b16ffe7cf44,579.733965
2026-02-24,0xcd75160eeafa7227d1eea1dc157f77c3cb0c4688,512.671068
2026-02-24,0xd359264dd634edf74d5d00ed06ccc44ab20eeba9,504.098569
2026-02-24,0xdf5f43411c47c07ebcf03c16c29f18313e45ca66,521.724768
2026-02-24,0xe3abf7f7d29df6d64128794f64ed3d1b15a5e759,511.668757
2026-02-24,0xe4922b8eb9bef6f486564a59987f4e1930c53235,527.225626
2026-02-24,0xe6cac97e024e8e1d0d01cd5d1c72fcdcfe78be3d,504.034077
2026-02-24,0xea8d6a4caaef55c18da4c1efe7303b0f61b0415c,532.283499
2026-02-24,0xee2a70532e807259fcfd63274ad4e560dcca2613,512.537736
2026-02-24,0xf5397ef04201f76a3e97457bc84f27303df20e80,520.233269
2026-02-24,0xf5a89d2608db8fd229a076895f4f8d304e58c3a5,516.271668
2026-02-24,0xf9baa2c717f8140d6925d8ff1827abeca1906526,513.339698
2026-02-24,0xfaf8dbc45d01261ac417cf3b2843288df47fcacd,758.124761
2026-02-24,0xff0034103421a624aa2b2d618fe7602cd6dd3f1d,519.870097
2026-02-24,0xff806c084c40bce44d2facba005f8f1887cce7f4,512.276949
2026-02-25,0x04be52434eb64addf373137310551ac42013677c,521.821631
2026-02-25,0x087cdae4009af7974fb808cd4e01414ebf820ab0,501.291542
2026-02-25,0x0c560e8b4c179782ab476dfed8a129b0d64e66e8,1159.910993
2026-02-25,0x218c56f591abc69c40e96a10e7b69c62c2c406ee,515.652547
2026-02-25,0x28cd26d85b4ac655a489aa3f259f81283bd1a804,0.0
2026-02-25,0x2bcd8898a678050efa5f41f4c6012045dee1b5c3,577.579429
2026-02-25,0x2e5b63b36e7b115229d12c88cd47d471c122eddf,1164.947984
2026-02-25,0x349dd66d555a26d890f6bb996ef1eadf9f65bdd3,521.614229
2026-02-25,0x36df841c8c269300335ed74d7729c66bc9dcb37d,581.030552
2026-02-25,0x3787e2720296b4e0119e344e1b64291ed5fea398,583.148896
2026-02-25,0x3b63bbf52aa94016b61ee8d6809253f915d61411,580.010273
2026-02-25,0x3d9f3cc0d52ea543116dfebdf3c77819766a64e2,510.119559
2026-02-25,0x422cb45f4dcb3f798b53835f8671288d424d881f,563.118659
2026-02-25,0x4784a9b16ba5ccb9fb384c0a68448b9e70d357a6,503.435749
2026-02-25,0x480f54f40e35739b6ed1dd0cb64ff881c392ff64,511.587602
2026-02-25,0x4813ffe82fe058134762df947a9bf453229a010f,586.497307
2026-02-25,0x4d571d89c5b71f720dbd271ac60f574402e76add,520.268682
2026-02-25,0x52512f63bfdc0ca4d15e31da6b395c94eb16d563,501.1582
2026-02-25,0x583924a6dfa73f20d7cee1f067f56afeccdda38c,601.531135
2026-02-25,0x58c659b1c03d03ab6e7cf1ad6781bfe16a39375d,513.569884
2026-02-25,0x5ebd6fc47e018d572695a30406aab2094f5739a5,514.016968
2026-02-25,0x60a50be186c8fedeee7eb8e4162e8052bda6ba0e,727.62086
2026-02-25,0x6194a13d478ba4de00cace380f51190663fd0de0,514.017137
2026-02-25,0x64fbb84b9a101227af977ab5916cdead0de630bb,505.709292
2026-02-25,0x657dd0353bbab3c31a15bebaefe5708f91599384,512.385573
2026-02-25,0x66f069a1aa1838b8f435459683a82ec5c4175be1,506.20059
2026-02-25,0x696361910177b630d7d98beb66db2a87210111ea,591.674219
2026-02-25,0x6a70e534e6244e34eca9ca8218640f2d4ee49b42,511.249925
2026-02-25,0x6b9cee98a4ca6cff357f576fb2a6cb2b5e43c39f,580.118733
2026-02-25,0x6f78bc27fa80f127fadb1897f98dde6cfb3c3f94,510.925446
2026-02-25,0x7531543d11be70509fd98599cab5e97745dd04ab,514.95648
2026-02-25,0x772ca23497f271c6113fce7c53782f35c304790e,62419.543037
2026-02-25,0x7743b97525bdf503506288463d39b59b69993cfe,501.548416
2026-02-25,0x790d41e2f911b6eecad286c04734036929049793,514.52694
2026-02-25,0x7a0222dee3519854468f31154a4349c92814875f,523.818299
2026-02-25,0x7d10bd50494ca1094cb706fadee52345b6139cf9,501.871958
2026-02-25,0x7df172e521125054caa01d73c4fb4d30360e1079,501.292647
2026-02-25,0x7f554a7568293db35a6421759c305fee6b60aa9a,511.883636
2026-02-25,0x7f99c1b85c831c60d6f534412e4be78cab94a5e5,510.446654
2026-02-25,0x8075c55918a91f5fc1f66fb77a7ca0be67a90233,504.254413
2026-02-25,0x84c87d848244e49602f1ce614e46eba81e5f246f,508.740842
2026-02-25,0x8633be9e9a5c7c39e9dc9d7ffef0979ce1026e71,525.416509
2026-02-25,0x8b6bbe943259e12885529e4d340a0a5822f8d337,509.646116
2026-02-25,0x8c298797fb92fb91c1d4a83e5b948f431fe229c6,578.849866
2026-02-25,0x8da35b920fe236a757a0fad93d3a3ab8ea0a24cc,502.548596
2026-02-25,0x8da66f6ee0eedf4376e471d7a507553296e49c19,0.0
2026-02-25,0x9ab1433913c1014e2166b3c7f039d9528b1fc540,521.099659
2026-02-25,0x9e231a8b9c247230cb88befafee97a22ae244ee5,506.87575
2026-02-25,0xac82362174a32fbbad61efcb0f02b9016b20c768,579.845751
2026-02-25,0xae598104ba092f09470e59e7a4d2349dbbdc3310,502.324807
2026-02-25,0xb57d2a1424ff536ef5debb8761662c72f90f9b66,512.057455
2026-02-25,0xc32f2f6217d105d17904f8f495aa122baef4a333,1016.984899
2026-02-25,0xcc18c9473f7117e599b3f2103e794b16ffe7cf44,579.773068
2026-02-25,0xcd75160eeafa7227d1eea1dc157f77c3cb0c4688,512.705647
2026-02-25,0xd359264dd634edf74d5d00ed06ccc44ab20eeba9,504.13257
2026-02-25,0xdf5f43411c47c07ebcf03c16c29f18313e45ca66,521.759958
2026-02-25,0xe3abf7f7d29df6d64128794f64ed3d1b15a5e759,511.703268
2026-02-25,0xe4922b8eb9bef6f486564a59987f4e1930c53235,527.261187
2026-02-25,0xe6cac97e024e8e1d0d01cd5d1c72fcdcfe78be3d,504.068073
2026-02-25,0xea8d6a4caaef55c18da4c1efe7303b0f61b0415c,532.319401
2026-02-25,0xee2a70532e807259fcfd63274ad4e560dcca2613,512.572306
2026-02-25,0xf5397ef04201f76a3e97457bc84f27303df20e80,520.268358
2026-02-25,0xf5a89d2608db8fd229a076895f4f8d304e58c3a5,516.306491
2026-02-25,0xf9baa2c717f8140d6925d8ff1827abeca1906526,513.374322
2026-02-25,0xfaf8dbc45d01261ac417cf3b2843288df47fcacd,758.175896
2026-02-25,0xff0034103421a624aa2b2d618fe7602cd6dd3f1d,519.905162
2026-02-25,0xff806c084c40bce44d2facba005f8f1887cce7f4,512.311502
2026-02-26,0x04be52434eb64addf373137310551ac42013677c,521.856582
2026-02-26,0x087cdae4009af7974fb808cd4e01414ebf820ab0,501.325117
2026-02-26,0x0c560e8b4c179782ab476dfed8a129b0d64e66e8,1159.98868
2026-02-26,0x218c56f591abc69c40e96a10e7b69c62c2c406ee,515.687084
2026-02-26,0x28cd26d85b4ac655a489aa3f259f81283bd1a804,0.0
2026-02-26,0x2bcd8898a678050efa5f41f4c6012045dee1b5c3,577.618114
2026-02-26,0x2e5b63b36e7b115229d12c88cd47d471c122eddf,1165.026009
2026-02-26,0x349dd66d555a26d890f6bb996ef1eadf9f65bdd3,521.649165
2026-02-26,0x36df841c8c269300335ed74d7729c66bc9dcb37d,581.069468
2026-02-26,0x3787e2720296b4e0119e344e1b64291ed5fea398,583.187953
2026-02-26,0x3b63bbf52aa94016b61ee8d6809253f915d61411,580.04912
2026-02-26,0x3d9f3cc0d52ea543116dfebdf3c77819766a64e2,510.153725
2026-02-26,0x422cb45f4dcb3f798b53835f8671288d424d881f,563.156375
2026-02-26,0x4784a9b16ba5ccb9fb384c0a68448b9e70d357a6,503.469468
2026-02-26,0x480f54f40e35739b6ed1dd0cb64ff881c392ff64,511.621867
2026-02-26,0x4813ffe82fe058134762df947a9bf453229a010f,586.536589
2026-02-26,0x4d571d89c5b71f720dbd271ac60f574402e76add,520.303528
2026-02-26,0x52512f63bfdc0ca4d15e31da6b395c94eb16d563,501.191766
2026-02-26,0x583924a6dfa73f20d7cee1f067f56afeccdda38c,601.571423
2026-02-26,0x58c659b1c03d03ab6e7cf1ad6781bfe16a39375d,513.604281
2026-02-26,0x5ebd6fc47e018d572695a30406aab2094f5739a5,514.051396
2026-02-26,0x60a50be186c8fedeee7eb8e4162e8052bda6ba0e,727.669594
2026-02-26,0x6194a13d478ba4de00cace380f51190663fd0de0,514.051564
2026-02-26,0x64fbb84b9a101227af977ab5916cdead0de630bb,505.743163
2026-02-26,0x657dd0353bbab3c31a15bebaefe5708f91599384,512.419891
2026-02-26,0x66f069a1aa1838b8f435459683a82ec5c4175be1,506.234494
2026-02-26,0x696361910177b630d7d98beb66db2a87210111ea,591.713848
2026-02-26,0x6a70e534e6244e34eca9ca8218640f2d4ee49b42,511.284167
2026-02-26,0x6b9cee98a4ca6cff357f576fb2a6cb2b5e43c39f,580.157587
2026-02-26,0x6f78bc27fa80f127fadb1897f98dde6cfb3c3f94,510.959666
2026-02-26,0x7531543d11be70509fd98599cab5e97745dd04ab,514.99097
2026-02-26,0x772ca23497f271c6113fce7c53782f35c304790e,62423.723714
2026-02-26,0x7743b97525bdf503506288463d39b59b69993cfe,501.582008
2026-02-26,0x790d41e2f911b6eecad286c04734036929049793,514.561401
2026-02-26,0x7a0222dee3519854468f31154a4349c92814875f,523.853383
2026-02-26,0x7d10bd50494ca1094cb706fadee52345b6139cf9,501.905572
2026-02-26,0x7df172e521125054caa01d73c4fb4d30360e1079,501.326222
2026-02-26,0x7f554a7568293db35a6421759c305fee6b60aa9a,511.917921
2026-02-26,0x7f99c1b85c831c60d6f534412e4be78cab94a5e5,510.480842
2026-02-26,0x8075c55918a91f5fc1f66fb77a7ca0be67a90233,504.288187
2026-02-26,0x84c87d848244e49602f1ce614e46eba81e5f246f,508.774916
2026-02-26,0x8633be9e9a5c7c39e9dc9d7ffef0979ce1026e71,525.4517
2026-02-26,0x8b6bbe943259e12885529e4d340a0a5822f8d337,509.680251
2026-02-26,0x8c298797fb92fb91c1d4a83e5b948f431fe229c6,578.888635
2026-02-26,0x8da35b920fe236a757a0fad93d3a3ab8ea0a24cc,502.582255
2026-02-26,0x8da66f6ee0eedf4376e471d7a507553296e49c19,0.0
2026-02-26,0x9ab1433913c1014e2166b3c7f039d9528b1fc540,521.134561
2026-02-26,0x9e231a8b9c247230cb88befafee97a22ae244ee5,506.909699
2026-02-26,0xac82362174a32fbbad61efcb0f02b9016b20c768,579.884587
2026-02-26,0xae598104ba092f09470e59e7a4d2349dbbdc3310,502.358451
2026-02-26,0xb57d2a1424ff536ef5debb8761662c72f90f9b66,512.091751
2026-02-26,0xc32f2f6217d105d17904f8f495aa122baef4a333,1017.053014
2026-02-26,0xcc18c9473f7117e599b3f2103e794b16ffe7cf44,579.8119
2026-02-26,0xcd75160eeafa7227d1eea1dc157f77c3cb0c4688,512.739987
2026-02-26,0xd359264dd634edf74d5d00ed06ccc44ab20eeba9,504.166335
2026-02-26,0xdf5f43411c47c07ebcf03c16c29f18313e45ca66,521.794903
2026-02-26,0xe3abf7f7d29df6d64128794f64ed3d1b15a5e759,511.737541
2026-02-26,0xe4922b8eb9bef6f486564a59987f4e1930c53235,527.296502
2026-02-26,0xe6cac97e024e8e1d0d01cd5d1c72fcdcfe78be3d,504.101834
2026-02-26,0xea8d6a4caaef55c18da4c1efe7303b0f61b0415c,532.355055
2026-02-26,0xee2a70532e807259fcfd63274ad4e560dcca2613,512.606637
2026-02-26,0xf5397ef04201f76a3e97457bc84f27303df20e80,520.303205
2026-02-26,0xf5a89d2608db8fd229a076895f4f8d304e58c3a5,516.341071
2026-02-26,0xf9baa2c717f8140d6925d8ff1827abeca1906526,513.408707
2026-02-26,0xfaf8dbc45d01261ac417cf3b2843288df47fcacd,758.226677
2026-02-26,0xff0034103421a624aa2b2d618fe7602cd6dd3f1d,519.939983
2026-02-26,0xff806c084c40bce44d2facba005f8f1887cce7f4,512.345815
2026-02-27,0x04be52434eb64addf373137310551ac42013677c,521.892235
2026-02-27,0x087cdae4009af7974fb808cd4e01414ebf820ab0,501.359368
2026-02-27,0x0c560e8b4c179782ab476dfed8a129b0d64e66e8,1160.067931
2026-02-27,0x218c56f591abc69c40e96a10e7b69c62c2c406ee,515.722316
2026-02-27,0x28cd26d85b4ac655a489aa3f259f81283bd1a804,0.0
2026-02-27,0x2bcd8898a678050efa5f41f4c6012045dee1b5c3,577.657577
2026-02-27,0x2e5b63b36e7b115229d12c88cd47d471c122eddf,1165.105604
2026-02-27,0x349dd66d555a26d890f6bb996ef1eadf9f65bdd3,521.684805
2026-02-27,0x36df841c8c269300335ed74d7729c66bc9dcb37d,581.109167
2026-02-27,0x3787e2720296b4e0119e344e1b64291ed5fea398,583.227797
2026-02-27,0x3b63bbf52aa94016b61ee8d6809253f915d61411,580.08875
2026-02-27,0x3d9f3cc0d52ea543116dfebdf3c77819766a64e2,510.188579
2026-02-27,0x422cb45f4dcb3f798b53835f8671288d424d881f,563.19485
2026-02-27,0x4784a9b16ba5ccb9fb384c0a68448b9e70d357a6,503.503865
2026-02-27,0x480f54f40e35739b6ed1dd0cb64ff881c392ff64,511.656821
2026-02-27,0x4813ffe82fe058134762df947a9bf453229a010f,586.576661
2026-02-27,0x4d571d89c5b71f720dbd271ac60f574402e76add,520.339076
2026-02-27,0x52512f63bfdc0ca4d15e31da6b395c94eb16d563,501.226007
2026-02-27,0x583924a6dfa73f20d7cee1f067f56afeccdda38c,601.612523
2026-02-27,0x58c659b1c03d03ab6e7cf1ad6781bfe16a39375d,513.639371
2026-02-27,0x5ebd6fc47e018d572695a30406aab2094f5739a5,514.086516
2026-02-27,0x60a50be186c8fedeee7eb8e4162e8052bda6ba0e,727.719309
2026-02-27,0x6194a13d478ba4de00cace380f51190663fd0de0,514.086684
2026-02-27,0x64fbb84b9a101227af977ab5916cdead0de630bb,505.777715
2026-02-27,0x657dd0353bbab3c31a15bebaefe5708f91599384,512.4549
2026-02-27,0x66f069a1aa1838b8f435459683a82ec5c4175be1,506.26908
2026-02-27,0x696361910177b630d7d98beb66db2a87210111ea,591.754274
2026-02-27,0x6a70e534e6244e34eca9ca8218640f2d4ee49b42,511.319098
2026-02-27,0x6b9cee98a4ca6cff357f576fb2a6cb2b5e43c39f,580.197224
2026-02-27,0x6f78bc27fa80f127fadb1897f98dde6cfb3c3f94,510.994575
2026-02-27,0x7531543d11be70509fd98599cab5e97745dd04ab,515.026155
2026-02-27,0x772ca23497f271c6113fce7c53782f35c304790e,62427.988535
2026-02-27,0x7743b97525bdf503506288463d39b59b69993cfe,501.616276
2026-02-27,0x790d41e2f911b6eecad286c04734036929049793,514.596556
2026-02-27,0x7a0222dee3519854468f31154a4349c92814875f,523.889173
2026-02-27,0x7d10bd50494ca1094cb706fadee52345b6139cf9,501.939862
2026-02-27,0x7df172e521125054caa01d73c4fb4d30360e1079,501.360473
2026-02-27,0x7f554a7568293db35a6421759c305fee6b60aa9a,511.952895
2026-02-27,0x7f99c1b85c831c60d6f534412e4be78cab94a5e5,510.515719
2026-02-27,0x8075c55918a91f5fc1f66fb77a7ca0be67a90233,504.32264
2026-02-27,0x84c87d848244e49602f1ce614e46eba81e5f246f,508.809676
2026-02-27,0x8633be9e9a5c7c39e9dc9d7ffef0979ce1026e71,525.487599
2026-02-27,0x8b6bbe943259e12885529e4d340a0a5822f8d337,509.715073
2026-02-27,0x8c298797fb92fb91c1d4a83e5b948f431fe229c6,578.928185
2026-02-27,0x8da35b920fe236a757a0fad93d3a3ab8ea0a24cc,502.616592
2026-02-27,0x8da66f6ee0eedf4376e471d7a507553296e49c19,0.0
2026-02-27,0x9ab1433913c1014e2166b3c7f039d9528b1fc540,521.170165
2026-02-27,0x9e231a8b9c247230cb88befafee97a22ae244ee5,506.944331
2026-02-27,0xac82362174a32fbbad61efcb0f02b9016b20c768,579.924205
2026-02-27,0xae598104ba092f09470e59e7a4d2349dbbdc3310,502.392772
2026-02-27,0xb57d2a1424ff536ef5debb8761662c72f90f9b66,512.126737
2026-02-27,0xc32f2f6217d105d17904f8f495aa122baef4a333,1017.122499
2026-02-27,0xcc18c9473f7117e599b3f2103e794b16ffe7cf44,579.851513
2026-02-27,0xcd75160eeafa7227d1eea1dc157f77c3cb0c4688,512.775018
2026-02-27,0xd359264dd634edf74d5d00ed06ccc44ab20eeba9,504.20078
2026-02-27,0xdf5f43411c47c07ebcf03c16c29f18313e45ca66,521.830553
2026-02-27,0xe3abf7f7d29df6d64128794f64ed3d1b15a5e759,511.772503
2026-02-27,0xe4922b8eb9bef6f486564a59987f4e1930c53235,527.332527
2026-02-27,0xe6cac97e024e8e1d0d01cd5d1c72fcdcfe78be3d,504.136275
2026-02-27,0xea8d6a4caaef55c18da4c1efe7303b0f61b0415c,532.391425
2026-02-27,0xee2a70532e807259fcfd63274ad4e560dcca2613,512.641658
2026-02-27,0xf5397ef04201f76a3e97457bc84f27303df20e80,520.338752
2026-02-27,0xf5a89d2608db8fd229a076895f4f8d304e58c3a5,516.376348
2026-02-27,0xf9baa2c717f8140d6925d8ff1827abeca1906526,513.443783
2026-02-27,0xfaf8dbc45d01261ac417cf3b2843288df47fcacd,758.278479
2026-02-27,0xff0034103421a624aa2b2d618fe7602cd6dd3f1d,519.975506
2026-02-27,0xff806c084c40bce44d2facba005f8f1887cce7f4,512.380819
