chain,contract,label,token,date,quantity
OP Mainnet,0x4dca8e9159ff294dd7a384ce446721719b491d5075b3bee9c57f6899043562c9,WBTC/DCA,DCA,2025-11-16,104.20632494426007
OP Mainnet,0x4dca8e9159ff294dd7a384ce446721719b491d5075b3bee9c57f6899043562c9,WBTC/DCA,DCA,2025-11-17,104.20632494426007
OP Mainnet,0x4dca8e9159ff294dd7a384ce446721719b491d5075b3bee9c57f6899043562c9,WBTC/DCA,DCA,2025-11-18,1368.9427764705379
OP Mainnet,0x4dca8e9159ff294dd7a384ce446721719b491d5075b3bee9c57f6899043562c9,WBTC/DCA,DCA,2025-11-19,1368.9427764705379
OP Mainnet,0x4dca8e9159ff294dd7a384ce446721719b491d5075b3bee9c57f6899043562c9,WBTC/DCA,DCA,2025-11-20,1173.1960543014584
OP Mainnet,0x4dca8e9159ff294dd7a384ce446721719b491d5075b3bee9c57f6899043562c9,WBTC/DCA,DCA,2025-11-21,1226.7369543409263
OP Mainnet,0x4dca8e9159ff294dd7a384ce446721719b491d5075b3bee9c57f6899043562c9,WBTC/DCA,DCA,2025-11-22,1350.0562004864598
OP Mainnet,0x4dca8e9159ff294dd7a384ce446721719b491d5075b3bee9c57f6899043562c9,WBTC/DCA,DCA,2025-11-23,1352.2203289086078
OP Mainnet,0x4dca8e9159ff294dd7a384ce446721719b491d5075b3bee9c57f6899043562c9,WBTC/DCA,DCA,2025-11-24,1463.5061896978882
OP Mainnet,0x4dca8e9159ff294dd7a384ce446721719b491d5075b3bee9c57f6899043562c9,WBTC/DCA,DCA,2025-11-25,1455.432370945951
OP Mainnet,0x4dca8e9159ff294dd7a384ce446721719b491d5075b3bee9c57f6899043562c9,WBTC/DCA,DCA,2025-11-26,1470.2892223236988
OP Mainnet,0x4dca8e9159ff294dd7a384ce446721719b491d5075b3bee9c57f6899043562c9,WBTC/DCA,DCA,2025-11-27,1462.1151938733078
OP Mainnet,0x4dca8e9159ff294dd7a384ce446721719b491d5075b3bee9c57f6899043562c9,WBTC/DCA,DCA,2025-11-28,1466.0932997389982
OP Mainnet,0x4dca8e9159ff294dd7a384ce446721719b491d5075b3bee9c57f6899043562c9,WBTC/DCA,DCA,2025-11-29,1470.5792825493388
OP Mainnet,0x4dca8e9159ff294dd7a384ce446721719b491d5075b3bee9c57f6899043562c9,WBTC/DCA,DCA,2025-11-30,1475.139125994981
OP Mainnet,0x4dca8e9159ff294dd7a384ce446721719b491d5075b3bee9c57f6899043562c9,WBTC/DCA,DCA,2025-12-01,1491.355662302036
OP Mainnet,0x4dca8e9159ff294dd7a384ce446721719b491d5075b3bee9c57f6899043562c9,WBTC/DCA,DCA,2025-12-02,1484.8306550920252
OP Mainnet,0x4dca8e9159ff294dd7a384ce446721719b491d5075b3bee9c57f6899043562c9,WBTC/DCA,DCA,2025-12-03,1467.0264562209218
OP Mainnet,0x4dca8e9159ff294dd7a384ce446721719b491d5075b3bee9c57f6899043562c9,WBTC/DCA,DCA,2025-12-04,1460.8353782187235
OP Mainnet,0x4dca8e9159ff294dd7a384ce446721719b491d5075b3bee9c57f6899043562c9,WBTC/DCA,DCA,2025-12-05,1478.4470366607952
OP Mainnet,0x4dca8e9159ff294dd7a384ce446721719b491d5075b3bee9c57f6899043562c9,WBTC/DCA,DCA,2025-12-06,1460.8716798878283
OP Mainnet,0x4dca8e9159ff294dd7a384ce446721719b491d5075b3bee9c57f6899043562c9,WBTC/DCA,DCA,2025-12-07,1466.6550823177743
OP Mainnet,0x4dca8e9159ff294dd7a384ce446721719b491d5075b3bee9c57f6899043562c9,WBTC/DCA,DCA,2025-12-08,1461.052080916661
OP Mainnet,0x4dca8e9159ff294dd7a384ce446721719b491d5075b3bee9c57f6899043562c9,WBTC/DCA,DCA,2025-12-09,1431.7670823929725
OP Mainnet,0x4dca8e9159ff294dd7a384ce446721719b491d5075b3bee9c57f6899043562c9,WBTC/DCA,DCA,2025-12-10,1438.4563275636299
OP Mainnet,0x4dca8e9159ff294dd7a384ce446721719b491d5075b3bee9c57f6899043562c9,WBTC/DCA,DCA,2025-12-11,1457.4761824044272
OP Mainnet,0x4dca8e9159ff294dd7a384ce446721719b491d5075b3bee9c57f6899043562c9,WBTC/DCA,DCA,2025-12-12,1486.0830889196063
OP Mainnet,0x4dca8e9159ff294dd7a384ce446721719b491d5075b3bee9c57f6899043562c9,WBTC/DCA,DCA,2025-12-13,1470.820698456752
OP Mainnet,0x4dca8e9159ff294dd7a384ce446721719b491d5075b3bee9c57f6899043562c9,WBTC/DCA,DCA,2025-12-14,1482.5586971869272
OP Mainnet,0x4dca8e9159ff294dd7a384ce446721719b491d5075b3bee9c57f6899043562c9,WBTC/DCA,DCA,2025-12-15,2003.9327431403506
OP Mainnet,0x4dca8e9159ff294dd7a384ce446721719b491d5075b3bee9c57f6899043562c9,WBTC/DCA,DCA,2025-12-16,2007.6448163015534
OP Mainnet,0x4dca8e9159ff294dd7a384ce446721719b491d5075b3bee9c57f6899043562c9,WBTC/DCA,DCA,2025-12-17,2058.3208686065104
OP Mainnet,0x4dca8e9159ff294dd7a384ce446721719b491d5075b3bee9c57f6899043562c9,WBTC/DCA,DCA,2025-12-18,2074.4006962119706
OP Mainnet,0x4dca8e9159ff294dd7a384ce446721719b491d5075b3bee9c57f6899043562c9,WBTC/DCA,DCA,2025-12-19,2047.4366710270435
OP Mainnet,0x4dca8e9159ff294dd7a384ce446721719b491d5075b3bee9c57f6899043562c9,WBTC/DCA,DCA,2025-12-20,2051.4914352918845
OP Mainnet,0x4dca8e9159ff294dd7a384ce446721719b491d5075b3bee9c57f6899043562c9,WBTC/DCA,DCA,2025-12-21,2058.097415723311
OP Mainnet,0x4dca8e9159ff294dd7a384ce446721719b491d5075b3bee9c57f6899043562c9,WBTC/DCA,DCA,2025-12-22,2061.4944608905494
OP Mainnet,0x4dca8e9159ff294dd7a384ce446721719b491d5075b3bee9c57f6899043562c9,WBTC/DCA,DCA,2025-12-23,2065.170518440288
OP Mainnet,0x4dca8e9159ff294dd7a384ce446721719b491d5075b3bee9c57f6899043562c9,WBTC/DCA,DCA,2025-12-24,2083.0788426883582
OP Mainnet,0x4dca8e9159ff294dd7a384ce446721719b491d5075b3bee9c57f6899043562c9,WBTC/DCA,DCA,2025-12-25,2098.561958576871
OP Mainnet,0x4dca8e9159ff294dd7a384ce446721719b491d5075b3bee9c57f6899043562c9,WBTC/DCA,DCA,2025-12-26,2084.611757885123
OP Mainnet,0x4dca8e9159ff294dd7a384ce446721719b491d5075b3bee9c57f6899043562c9,WBTC/DCA,DCA,2025-12-27,2075.094704612296
OP Mainnet,0x4dca8e9159ff294dd7a384ce446721719b491d5075b3bee9c57f6899043562c9,WBTC/DCA,DCA,2025-12-28,2081.1699105943435
OP Mainnet,0x4dca8e9159ff294dd7a384ce446721719b491d5075b3bee9c57f6899043562c9,WBTC/DCA,DCA,2025-12-29,2091.558238004982
OP Mainnet,0x4dca8e9159ff294dd7a384ce446721719b491d5075b3bee9c57f6899043562c9,WBTC/DCA,DCA,2025-12-30,1957.395300238468
OP Mainnet,0x4dca8e9159ff294dd7a384ce446721719b491d5075b3bee9c57f6899043562c9,WBTC/DCA,DCA,2025-12-31,1954.547760170824
OP Mainnet,0x4dca8e9159ff294dd7a384ce446721719b491d5075b3bee9c57f6899043562c9,WBTC/DCA,DCA,2026-01-01,1937.3552523023836
OP Mainnet,0x4dca8e9159ff294dd7a384ce446721719b491d5075b3bee9c57f6899043562c9,WBTC/DCA,DCA,2026-01-02,1884.3794009909484
OP Mainnet,0x4dca8e9159ff294dd7a384ce446721719b491d5075b3bee9c57f6899043562c9,WBTC/DCA,DCA,2026-01-03,1890.0176804551652
OP Mainnet,0x4dca8e9159ff294dd7a384ce446721719b491d5075b3bee9c57f6899043562c9,WBTC/DCA,DCA,2026-01-04,1893.42910326986
OP Mainnet,0x4dca8e9159ff294dd7a384ce446721719b491d5075b3bee9c57f6899043562c9,WBTC/DCA,DCA,2026-01-05,1910.8134471480719
OP Mainnet,0x4dca8e9159ff294dd7a384ce446721719b491d5075b3bee9c57f6899043562c9,WBTC/DCA,DCA,2026-01-06,1895.4854852109224
OP Mainnet,0x4dca8e9159ff294dd7a384ce446721719b491d5075b3bee9c57f6899043562c9,WBTC/DCA,DCA,2026-01-07,1903.6435636303133
OP Mainnet,0x4dca8e9159ff294dd7a384ce446721719b491d5075b3bee9c57f6899043562c9,WBTC/DCA,DCA,2026-01-08,1911.319910964042
OP Mainnet,0x4dca8e9159ff294dd7a384ce446721719b491d5075b3bee9c57f6899043562c9,WBTC/DCA,DCA,2026-01-09,1913.1246734640765
OP Mainnet,0x4dca8e9159ff294dd7a384ce446721719b491d5075b3bee9c57f6899043562c9,WBTC/DCA,DCA,2026-01-10,1910.5526418687268
OP Mainnet,0x4dca8e9159ff294dd7a384ce446721719b491d5075b3bee9c57f6899043562c9,WBTC/DCA,DCA,2026-01-11,1907.9232214258493
OP Mainnet,0x4dca8e9159ff294dd7a384ce446721719b491d5075b3bee9c57f6899043562c9,WBTC/DCA,DCA,2026-01-12,1923.8280354647002
OP Mainnet,0x4dca8e9159ff294dd7a384ce446721719b491d5075b3bee9c57f6899043562c9,WBTC/DCA,DCA,2026-01-13,1894.6112133713912
OP Mainnet,0x4dca8e9159ff294dd7a384ce446721719b491d5075b3bee9c57f6899043562c9,WBTC/DCA,DCA,2026-01-14,1958.5392993120815
OP Mainnet,0x4dca8e9159ff294dd7a384ce446721719b491d5075b3bee9c57f6899043562c9,WBTC/DCA,DCA,2026-01-15,1968.6058006159178
OP Mainnet,0x4dca8e9159ff294dd7a384ce446721719b491d5075b3bee9c57f6899043562c9,WBTC/DCA,DCA,2026-01-16,1973.8426257325134
OP Mainnet,0x4dca8e9159ff294dd7a384ce446721719b491d5075b3bee9c57f6899043562c9,WBTC/DCA,DCA,2026-01-17,1965.083598064359
OP Mainnet,0x4dca8e9159ff294dd7a384ce446721719b491d5075b3bee9c57f6899043562c9,WBTC/DCA,DCA,2026-01-18,1980.3025295206103
OP Mainnet,0x4dca8e9159ff294dd7a384ce446721719b491d5075b3bee9c57f6899043562c9,WBTC/DCA,DCA,2026-01-19,1984.443380223538
OP Mainnet,0x4dca8e9159ff294dd7a384ce446721719b491d5075b3bee9c57f6899043562c9,WBTC/DCA,DCA,2026-01-20,2001.0300955066657
OP Mainnet,0x4dca8e9159ff294dd7a384ce446721719b491d5075b3bee9c57f6899043562c9,WBTC/DCA,DCA,2026-01-21,1987.8805437315111
OP Mainnet,0x4dca8e9159ff294dd7a384ce446721719b491d5075b3bee9c57f6899043562c9,WBTC/DCA,DCA,2026-01-22,2001.3012083872181
OP Mainnet,0x4dca8e9159ff294dd7a384ce446721719b491d5075b3bee9c57f6899043562c9,WBTC/DCA,DCA,2026-01-23,2052.053822157966
OP Mainnet,0x4dca8e9159ff294dd7a384ce446721719b491d5075b3bee9c57f6899043562c9,WBTC/DCA,DCA,2026-01-24,2046.0215707421346
OP Mainnet,0x4dca8e9159ff294dd7a384ce446721719b491d5075b3bee9c57f6899043562c9,WBTC/DCA,DCA,2026-01-25,2052.7638439284046
OP Mainnet,0x4dca8e9159ff294dd7a384ce446721719b491d5075b3bee9c57f6899043562c9,WBTC/DCA,DCA,2026-01-26,2045.2995869054698
OP Mainnet,0x4dca8e9159ff294dd7a384ce446721719b491d5075b3bee9c57f6899043562c9,WBTC/DCA,DCA,2026-01-27,2039.9006889827444
OP Mainnet,0x4dca8e9159ff294dd7a384ce446721719b491d5075b3bee9c57f6899043562c9,WBTC/DCA,DCA,2026-01-28,2045.6159996253493
OP Mainnet,0x4dca8e9159ff294dd7a384ce446721719b491d5075b3bee9c57f6899043562c9,WBTC/DCA,DCA,2026-01-29,2030.520259453979
OP Mainnet,0x4dca8e9159ff294dd7a384ce446721719b491d5075b3bee9c57f6899043562c9,WBTC/DCA,DCA,2026-01-30,2059.4938546769276
OP Mainnet,0x4dca8e9159ff294dd7a384ce446721719b491d5075b3bee9c57f6899043562c9,WBTC/DCA,DCA,2026-01-31,2077.247693554384
OP Mainnet,0x4dca8e9159ff294dd7a384ce446721719b491d5075b3bee9c57f6899043562c9,WBTC/DCA,DCA,2026-02-01,2151.392700547991
OP Mainnet,0x4dca8e9159ff294dd7a384ce446721719b491d5075b3bee9c57f6899043562c9,WBTC/DCA,DCA,2026-02-02,2168.344429177777
OP Mainnet,0x4dca8e9159ff294dd7a384ce446721719b491d5075b3bee9c57f6899043562c9,WBTC/DCA,DCA,2026-02-03,2170.276647849603
OP Mainnet,0x4dca8e9159ff294dd7a384ce446721719b491d5075b3bee9c57f6899043562c9,WBTC/DCA,DCA,2026-02-04,2157.3053914303605
OP Mainnet,0x4dca8e9159ff294dd7a384ce446721719b491d5075b3bee9c57f6899043562c9,WBTC/DCA,DCA,2026-02-05,2194.3770906562877
OP Mainnet,0x4dca8e9159ff294dd7a384ce446721719b491d5075b3bee9c57f6899043562c9,WBTC/DCA,DCA,2026-02-06,2206.085514871065
OP Mainnet,0x4dca8e9159ff294dd7a384ce446721719b491d5075b3bee9c57f6899043562c9,WBTC/DCA,DCA,2026-02-07,2197.658246457607
OP Mainnet,0x4dca8e9159ff294dd7a384ce446721719b491d5075b3bee9c57f6899043562c9,WBTC/DCA,DCA,2026-02-08,2233.9589694848623
OP Mainnet,0x4dca8e9159ff294dd7a384ce446721719b491d5075b3bee9c57f6899043562c9,WBTC/DCA,DCA,2026-02-09,2219.170432245745
OP Mainnet,0x4dca8e9159ff294dd7a384ce446721719b491d5075b3bee9c57f6899043562c9,WBTC/DCA,DCA,2026-02-10,2242.4005560403084
OP Mainnet,0x4dca8e9159ff294dd7a384ce446721719b491d5075b3bee9c57f6899043562c9,WBTC/DCA,DCA,2026-02-11,2244.3032483619286
OP Mainnet,0x4dca8e9159ff294dd7a384ce446721719b491d5075b3bee9c57f6899043562c9,WBTC/DCA,DCA,2026-02-12,2236.701709934203
OP Mainnet,0x4dca8e9159ff294dd7a384ce446721719b491d5075b3bee9c57f6899043562c9,WBTC/DCA,DCA,2026-02-13,2232.108196070985
OP Mainnet,0x4dca8e9159ff294dd7a384ce446721719b491d5075b3bee9c57f6899043562c9,WBTC/DCA,DCA,2026-02-14,2280.849874318153
OP Mainnet,0x4dca8e9159ff294dd7a384ce446721719b491d5075b3bee9c57f6899043562c9,WBTC/DCA,DCA,2026-02-15,2307.1210760788313
OP Mainnet,0x4dca8e9159ff294dd7a384ce446721719b491d5075b3bee9c57f6899043562c9,WBTC/DCA,DCA,2026-02-16,2298.2170184939564
OP Mainnet,0x4dca8e9159ff294dd7a384ce446721719b491d5075b3bee9c57f6899043562c9,WBTC/DCA,DCA,2026-02-17,2218.6188693297563
OP Mainnet,0x4dca8e9159ff294dd7a384ce446721719b491d5075b3bee9c57f6899043562c9,WBTC/DCA,DCA,2026-02-18,2311.5535396079777
OP Mainnet,0x4dca8e9159ff294dd7a384ce446721719b491d5075b3bee9c57f6899043562c9,WBTC/DCA,DCA,2026-02-19,2432.406797857734
OP Mainnet,0x4dca8e9159ff294dd7a384ce446721719b491d5075b3bee9c57f6899043562c9,WBTC/DCA,DCA,2026-02-20,2446.5801706441025
OP Mainnet,0x4dca8e9159ff294dd7a384ce446721719b491d5075b3bee9c57f6899043562c9,WBTC/DCA,DCA,2026-02-21,2505.2118681561983
OP Mainnet,0x4dca8e9159ff294dd7a384ce446721719b491d5075b3bee9c57f6899043562c9,WBTC/DCA,DCA,2026-02-22,2512.1595604499316
OP Mainnet,0x4dca8e9159ff294dd7a384ce446721719b491d5075b3bee9c57f6899043562c9,WBTC/DCA,DCA,2026-02-23,2498.688438940629
OP Mainnet,0x4dca8e9159ff294dd7a384ce446721719b491d5075b3bee9c57f6899043562c9,WBTC/DCA,DCA,2026-02-24,2495.9068551125956
OP Mainnet,0x4dca8e9159ff294dd7a384ce446721719b491d5075b3bee9c57f6899043562c9,WBTC/DCA,DCA,2026-02-25,2489.833360824461
OP Mainnet,0x4dca8e9159ff294dd7a384ce446721719b491d5075b3bee9c57f6899043562c9,WBTC/DCA,DCA,2026-02-26,2504.9161943222716
OP Mainnet,0x4dca8e9159ff294dd7a384ce446721719b491d5075b3bee9c57f6899043562c9,WBTC/DCA,DCA,2026-02-27,2525.671454615071
OP Mainnet,0x4dca8e9159ff294dd7a384ce446721719b491d5075b3bee9c57f6899043562c9,WBTC/DCA,DCA,2026-02-28,2500.700602302571
OP Mainnet,0x4dca8e9159ff294dd7a384ce446721719b491d5075b3bee9c57f6899043562c9,WBTC/DCA,DCA,2026-03-01,2513.4355933409156
OP Mainnet,0x4dca8e9159ff294dd7a384ce446721719b491d5075b3bee9c57f6899043562c9,WBTC/DCA,DCA,2026-03-02,2527.5180260720135
OP Mainnet,0x4dca8e9159ff294dd7a384ce446721719b491d5075b3bee9c57f6899043562c9,WBTC/DCA,DCA,2026-03-03,2542.8302004408783
OP Mainnet,0x4dca8e9159ff294dd7a384ce446721719b491d5075b3bee9c57f6899043562c9,WBTC/DCA,DCA,2026-03-04,2552.164921464926
OP Mainnet,0x4dca8e9159ff294dd7a384ce446721719b491d5075b3bee9c57f6899043562c9,WBTC/DCA,DCA,2026-03-05,2576.834565564281
OP Mainnet,0x4dca8e9159ff294dd7a384ce446721719b491d5075b3bee9c57f6899043562c9,WBTC/DCA,DCA,2026-03-06,2576.864984433748
OP Mainnet,0x4dca8e9159ff294dd7a384ce446721719b491d5075b3bee9c57f6899043562c9,WBTC/DCA,DCA,2026-03-07,2613.8992744301872
OP Mainnet,0x4dca8e9159ff294dd7a384ce446721719b491d5075b3bee9c57f6899043562c9,WBTC/DCA,DCA,2026-03-08,2560.0446636383986
OP Mainnet,0x4dca8e9159ff294dd7a384ce446721719b491d5075b3bee9c57f6899043562c9,WBTC/DCA,DCA,2026-03-09,3112.505376992907
OP Mainnet,0x4dca8e9159ff294dd7a384ce446721719b491d5075b3bee9c57f6899043562c9,WBTC/DCA,DCA,2026-03-10,2630.871134344089
OP Mainnet,0x4dca8e9159ff294dd7a384ce446721719b491d5075b3bee9c57f6899043562c9,WBTC/DCA,DCA,2026-03-11,4396.013424395243
OP Mainnet,0x4dca8e9159ff294dd7a384ce446721719b491d5075b3bee9c57f6899043562c9,WBTC/DCA,DCA,2026-03-12,3886.301299213107
OP Mainnet,0x4dca8e9159ff294dd7a384ce446721719b491d5075b3bee9c57f6899043562c9,WBTC/DCA,DCA,2026-03-13,3903.6317829761138
OP Mainnet,0x4dca8e9159ff294dd7a384ce446721719b491d5075b3bee9c57f6899043562c9,WBTC/DCA,DCA,2026-03-14,3900.9899833482
OP Mainnet,0x4dca8e9159ff294dd7a384ce446721719b491d5075b3bee9c57f6899043562c9,WBTC/DCA,DCA,2026-03-15,3899.6278838846624
OP Mainnet,0x4dca8e9159ff294dd7a384ce446721719b491d5075b3bee9c57f6899043562c9,WBTC/DCA,DCA,2026-03-16,3863.66186791605
OP Mainnet,0x4dca8e9159ff294dd7a384ce446721719b491d5075b3bee9c57f6899043562c9,WBTC/DCA,DCA,2026-03-17,3861.463128501602
OP Mainnet,0x4dca8e9159ff294dd7a384ce446721719b491d5075b3bee9c57f6899043562c9,WBTC/DCA,DCA,2026-03-18,3878.4341080815084
OP Mainnet,0x4dca8e9159ff294dd7a384ce446721719b491d5075b3bee9c57f6899043562c9,WBTC/DCA,DCA,2026-03-19,3896.610098819773
OP Mainnet,0x4dca8e9159ff294dd7a384ce446721719b491d5075b3bee9c57f6899043562c9,WBTC/DCA,DCA,2026-03-20,3903.7075351363283
OP Mainnet,0x4dca8e9159ff294dd7a384ce446721719b491d5075b3bee9c57f6899043562c9,WBTC/DCA,DCA,2026-03-21,3901.5182846326925
OP Mainnet,0x4dca8e9159ff294dd7a384ce446721719b491d5075b3bee9c57f6899043562c9,WBTC/DCA,DCA,2026-03-22,2666.353963655827
OP Mainnet,0x4dca8e9159ff294dd7a384ce446721719b491d5075b3bee9c57f6899043562c9,WBTC/DCA,DCA,2026-03-23,2664.319903860659
OP Mainnet,0x4dca8e9159ff294dd7a384ce446721719b491d5075b3bee9c57f6899043562c9,WBTC/DCA,DCA,2026-03-24,2669.239322055451
OP Mainnet,0x4dca8e9159ff294dd7a384ce446721719b491d5075b3bee9c57f6899043562c9,WBTC/DCA,DCA,2026-03-25,2668.1518343272887
OP Mainnet,0x4dca8e9159ff294dd7a384ce446721719b491d5075b3bee9c57f6899043562c9,WBTC/DCA,DCA,2026-03-26,2684.336829731661
OP Mainnet,0x4dca8e9159ff294dd7a384ce446721719b491d5075b3bee9c57f6899043562c9,WBTC/DCA,DCA,2026-03-27,2673.9704026905456
OP Mainnet,0x4dca8e9159ff294dd7a384ce446721719b491d5075b3bee9c57f6899043562c9,WBTC/DCA,DCA,2026-03-28,2671.85496764069
OP Mainnet,0x4dca8e9159ff294dd7a384ce446721719b491d5075b3bee9c57f6899043562c9,WBTC/DCA,DCA,2026-03-29,2672.1812825108377
OP Mainnet,0x4dca8e9159ff294dd7a384ce446721719b491d5075b3bee9c57f6899043562c9,WBTC/DCA,DCA,2026-03-30,2659.666495018843
OP Mainnet,0x4dca8e9159ff294dd7a384ce446721719b491d5075b3bee9c57f6899043562c9,WBTC/DCA,DCA,2026-03-31,2649.078418343261
OP Mainnet,0x4dca8e9159ff294dd7a384ce446721719b491d5075b3bee9c57f6899043562c9,WBTC/DCA,DCA,2026-04-01,2643.9268578176093
OP Mainnet,0x4dca8e9159ff294dd7a384ce446721719b491d5075b3bee9c57f6899043562c9,WBTC/DCA,DCA,2026-04-02,2649.9737043042146
OP Mainnet,0x4dca8e9159ff294dd7a384ce446721719b491d5075b3bee9c57f6899043562c9,WBTC/DCA,DCA,2026-04-03,2650.0677499877675
OP Mainnet,0x4dca8e9159ff294dd7a384ce446721719b491d5075b3bee9c57f6899043562c9,WBTC/DCA,DCA,2026-04-04,2650.8346223006524
OP Mainnet,0x4dca8e9159ff294dd7a384ce446721719b491d5075b3bee9c57f6899043562c9,WBTC/DCA,DCA,2026-04-05,2658.8088462279584
OP Mainnet,0x4dca8e9159ff294dd7a384ce446721719b491d5075b3bee9c57f6899043562c9,WBTC/DCA,DCA,2026-04-06,2664.4550121110897
OP Mainnet,0x4dca8e9159ff294dd7a384ce446721719b491d5075b3bee9c57f6899043562c9,WBTC/DCA,DCA,2026-04-07,2652.750586718766
OP Mainnet,0x4dca8e9159ff294dd7a384ce446721719b491d5075b3bee9c57f6899043562c9,WBTC/DCA,DCA,2026-04-08,2667.556392208442
OP Mainnet,0x4dca8e9159ff294dd7a384ce446721719b491d5075b3bee9c57f6899043562c9,WBTC/DCA,DCA,2026-04-09,2687.5290688069203
OP Mainnet,0x4dca8e9159ff294dd7a384ce446721719b491d5075b3bee9c57f6899043562c9,WBTC/DCA,DCA,2026-04-10,2682.4180097949998
OP Mainnet,0x4dca8e9159ff294dd7a384ce446721719b491d5075b3bee9c57f6899043562c9,WBTC/DCA,DCA,2026-04-11,2680.137886751525
OP Mainnet,0x4dca8e9159ff294dd7a384ce446721719b491d5075b3bee9c57f6899043562c9,WBTC/DCA,WBTC,2025-11-16,0.00025265
OP Mainnet,0x4dca8e9159ff294dd7a384ce446721719b491d5075b3bee9c57f6899043562c9,WBTC/DCA,WBTC,2025-11-17,0.00025265
OP Mainnet,0x4dca8e9159ff294dd7a384ce446721719b491d5075b3bee9c57f6899043562c9,WBTC/DCA,WBTC,2025-11-18,0.00376924
OP Mainnet,0x4dca8e9159ff294dd7a384ce446721719b491d5075b3bee9c57f6899043562c9,WBTC/DCA,WBTC,2025-11-19,0.00376924
OP Mainnet,0x4dca8e9159ff294dd7a384ce446721719b491d5075b3bee9c57f6899043562c9,WBTC/DCA,WBTC,2025-11-20,0.00439814
OP Mainnet,0x4dca8e9159ff294dd7a384ce446721719b491d5075b3bee9c57f6899043562c9,WBTC/DCA,WBTC,2025-11-21,0.00420618
OP Mainnet,0x4dca8e9159ff294dd7a384ce446721719b491d5075b3bee9c57f6899043562c9,WBTC/DCA,WBTC,2025-11-22,0.00382197
OP Mainnet,0x4dca8e9159ff294dd7a384ce446721719b491d5075b3bee9c57f6899043562c9,WBTC/DCA,WBTC,2025-11-23,0.00381585
OP Mainnet,0x4dca8e9159ff294dd7a384ce446721719b491d5075b3bee9c57f6899043562c9,WBTC/DCA,WBTC,2025-11-24,0.00455283
OP Mainnet,0x4dca8e9159ff294dd7a384ce446721719b491d5075b3bee9c57f6899043562c9,WBTC/DCA,WBTC,2025-11-25,0.00457638
OP Mainnet,0x4dca8e9159ff294dd7a384ce446721719b491d5075b3bee9c57f6899043562c9,WBTC/DCA,WBTC,2025-11-26,0.00453314
OP Mainnet,0x4dca8e9159ff294dd7a384ce446721719b491d5075b3bee9c57f6899043562c9,WBTC/DCA,WBTC,2025-11-27,0.00455688
OP Mainnet,0x4dca8e9159ff294dd7a384ce446721719b491d5075b3bee9c57f6899043562c9,WBTC/DCA,WBTC,2025-11-28,0.00454531
OP Mainnet,0x4dca8e9159ff294dd7a384ce446721719b491d5075b3bee9c57f6899043562c9,WBTC/DCA,WBTC,2025-11-29,0.0045323
OP Mainnet,0x4dca8e9159ff294dd7a384ce446721719b491d5075b3bee9c57f6899043562c9,WBTC/DCA,WBTC,2025-11-30,0.00451912
OP Mainnet,0x4dca8e9159ff294dd7a384ce446721719b491d5075b3bee9c57f6899043562c9,WBTC/DCA,WBTC,2025-12-01,0.00447255
OP Mainnet,0x4dca8e9159ff294dd7a384ce446721719b491d5075b3bee9c57f6899043562c9,WBTC/DCA,WBTC,2025-12-02,0.00449123
OP Mainnet,0x4dca8e9159ff294dd7a384ce446721719b491d5075b3bee9c57f6899043562c9,WBTC/DCA,WBTC,2025-12-03,0.0045426
OP Mainnet,0x4dca8e9159ff294dd7a384ce446721719b491d5075b3bee9c57f6899043562c9,WBTC/DCA,WBTC,2025-12-04,0.00456061
OP Mainnet,0x4dca8e9159ff294dd7a384ce446721719b491d5075b3bee9c57f6899043562c9,WBTC/DCA,WBTC,2025-12-05,0.00450958
OP Mainnet,0x4dca8e9159ff294dd7a384ce446721719b491d5075b3bee9c57f6899043562c9,WBTC/DCA,WBTC,2025-12-06,0.0045605
OP Mainnet,0x4dca8e9159ff294dd7a384ce446721719b491d5075b3bee9c57f6899043562c9,WBTC/DCA,WBTC,2025-12-07,0.00454368
OP Mainnet,0x4dca8e9159ff294dd7a384ce446721719b491d5075b3bee9c57f6899043562c9,WBTC/DCA,WBTC,2025-12-08,0.00455998
OP Mainnet,0x4dca8e9159ff294dd7a384ce446721719b491d5075b3bee9c57f6899043562c9,WBTC/DCA,WBTC,2025-12-09,0.00464613
OP Mainnet,0x4dca8e9159ff294dd7a384ce446721719b491d5075b3bee9c57f6899043562c9,WBTC/DCA,WBTC,2025-12-10,0.00462631
OP Mainnet,0x4dca8e9159ff294dd7a384ce446721719b491d5075b3bee9c57f6899043562c9,WBTC/DCA,WBTC,2025-12-11,0.00457041
OP Mainnet,0x4dca8e9159ff294dd7a384ce446721719b491d5075b3bee9c57f6899043562c9,WBTC/DCA,WBTC,2025-12-12,0.00454366
OP Mainnet,0x4dca8e9159ff294dd7a384ce446721719b491d5075b3bee9c57f6899043562c9,WBTC/DCA,WBTC,2025-12-13,0.00458791
OP Mainnet,0x4dca8e9159ff294dd7a384ce446721719b491d5075b3bee9c57f6899043562c9,WBTC/DCA,WBTC,2025-12-14,0.00455384
OP Mainnet,0x4dca8e9159ff294dd7a384ce446721719b491d5075b3bee9c57f6899043562c9,WBTC/DCA,WBTC,2025-12-15,0.00605742
OP Mainnet,0x4dca8e9159ff294dd7a384ce446721719b491d5075b3bee9c57f6899043562c9,WBTC/DCA,WBTC,2025-12-16,0.0060467
OP Mainnet,0x4dca8e9159ff294dd7a384ce446721719b491d5075b3bee9c57f6899043562c9,WBTC/DCA,WBTC,2025-12-17,0.00590256
OP Mainnet,0x4dca8e9159ff294dd7a384ce446721719b491d5075b3bee9c57f6899043562c9,WBTC/DCA,WBTC,2025-12-18,0.00585765
OP Mainnet,0x4dca8e9159ff294dd7a384ce446721719b491d5075b3bee9c57f6899043562c9,WBTC/DCA,WBTC,2025-12-19,0.00596418
OP Mainnet,0x4dca8e9159ff294dd7a384ce446721719b491d5075b3bee9c57f6899043562c9,WBTC/DCA,WBTC,2025-12-20,0.00595567
OP Mainnet,0x4dca8e9159ff294dd7a384ce446721719b491d5075b3bee9c57f6899043562c9,WBTC/DCA,WBTC,2025-12-21,0.00595461
OP Mainnet,0x4dca8e9159ff294dd7a384ce446721719b491d5075b3bee9c57f6899043562c9,WBTC/DCA,WBTC,2025-12-22,0.00594504
OP Mainnet,0x4dca8e9159ff294dd7a384ce446721719b491d5075b3bee9c57f6899043562c9,WBTC/DCA,WBTC,2025-12-23,0.00593471
OP Mainnet,0x4dca8e9159ff294dd7a384ce446721719b491d5075b3bee9c57f6899043562c9,WBTC/DCA,WBTC,2025-12-24,0.00589122
OP Mainnet,0x4dca8e9159ff294dd7a384ce446721719b491d5075b3bee9c57f6899043562c9,WBTC/DCA,WBTC,2025-12-25,0.00584831
OP Mainnet,0x4dca8e9159ff294dd7a384ce446721719b491d5075b3bee9c57f6899043562c9,WBTC/DCA,WBTC,2025-12-26,0.00592661
OP Mainnet,0x4dca8e9159ff294dd7a384ce446721719b491d5075b3bee9c57f6899043562c9,WBTC/DCA,WBTC,2025-12-27,0.00601817
OP Mainnet,0x4dca8e9159ff294dd7a384ce446721719b491d5075b3bee9c57f6899043562c9,WBTC/DCA,WBTC,2025-12-28,0.00600104
OP Mainnet,0x4dca8e9159ff294dd7a384ce446721719b491d5075b3bee9c57f6899043562c9,WBTC/DCA,WBTC,2025-12-29,0.00599913
OP Mainnet,0x4dca8e9159ff294dd7a384ce446721719b491d5075b3bee9c57f6899043562c9,WBTC/DCA,WBTC,2025-12-30,0.0054436
OP Mainnet,0x4dca8e9159ff294dd7a384ce446721719b491d5075b3bee9c57f6899043562c9,WBTC/DCA,WBTC,2025-12-31,0.00547516
OP Mainnet,0x4dca8e9159ff294dd7a384ce446721719b491d5075b3bee9c57f6899043562c9,WBTC/DCA,WBTC,2026-01-01,0.00555412
OP Mainnet,0x4dca8e9159ff294dd7a384ce446721719b491d5075b3bee9c57f6899043562c9,WBTC/DCA,WBTC,2026-01-02,0.00540383
OP Mainnet,0x4dca8e9159ff294dd7a384ce446721719b491d5075b3bee9c57f6899043562c9,WBTC/DCA,WBTC,2026-01-03,0.00538771
OP Mainnet,0x4dca8e9159ff294dd7a384ce446721719b491d5075b3bee9c57f6899043562c9,WBTC/DCA,WBTC,2026-01-04,0.005378
OP Mainnet,0x4dca8e9159ff294dd7a384ce446721719b491d5075b3bee9c57f6899043562c9,WBTC/DCA,WBTC,2026-01-05,0.00532907
OP Mainnet,0x4dca8e9159ff294dd7a384ce446721719b491d5075b3bee9c57f6899043562c9,WBTC/DCA,WBTC,2026-01-06,0.00537217
OP Mainnet,0x4dca8e9159ff294dd7a384ce446721719b491d5075b3bee9c57f6899043562c9,WBTC/DCA,WBTC,2026-01-07,0.00534915
OP Mainnet,0x4dca8e9159ff294dd7a384ce446721719b491d5075b3bee9c57f6899043562c9,WBTC/DCA,WBTC,2026-01-08,0.00532766
OP Mainnet,0x4dca8e9159ff294dd7a384ce446721719b491d5075b3bee9c57f6899043562c9,WBTC/DCA,WBTC,2026-01-09,0.00532264
OP Mainnet,0x4dca8e9159ff294dd7a384ce446721719b491d5075b3bee9c57f6899043562c9,WBTC/DCA,WBTC,2026-01-10,0.0053298
OP Mainnet,0x4dca8e9159ff294dd7a384ce446721719b491d5075b3bee9c57f6899043562c9,WBTC/DCA,WBTC,2026-01-11,0.00533715
OP Mainnet,0x4dca8e9159ff294dd7a384ce446721719b491d5075b3bee9c57f6899043562c9,WBTC/DCA,WBTC,2026-01-12,0.00529302
OP Mainnet,0x4dca8e9159ff294dd7a384ce446721719b491d5075b3bee9c57f6899043562c9,WBTC/DCA,WBTC,2026-01-13,0.00537465
OP Mainnet,0x4dca8e9159ff294dd7a384ce446721719b491d5075b3bee9c57f6899043562c9,WBTC/DCA,WBTC,2026-01-14,0.00519921
OP Mainnet,0x4dca8e9159ff294dd7a384ce446721719b491d5075b3bee9c57f6899043562c9,WBTC/DCA,WBTC,2026-01-15,0.00517263
OP Mainnet,0x4dca8e9159ff294dd7a384ce446721719b491d5075b3bee9c57f6899043562c9,WBTC/DCA,WBTC,2026-01-16,0.0051589
OP Mainnet,0x4dca8e9159ff294dd7a384ce446721719b491d5075b3bee9c57f6899043562c9,WBTC/DCA,WBTC,2026-01-17,0.0051819
OP Mainnet,0x4dca8e9159ff294dd7a384ce446721719b491d5075b3bee9c57f6899043562c9,WBTC/DCA,WBTC,2026-01-18,0.00514208
OP Mainnet,0x4dca8e9159ff294dd7a384ce446721719b491d5075b3bee9c57f6899043562c9,WBTC/DCA,WBTC,2026-01-19,0.00513135
OP Mainnet,0x4dca8e9159ff294dd7a384ce446721719b491d5075b3bee9c57f6899043562c9,WBTC/DCA,WBTC,2026-01-20,0.00508881
OP Mainnet,0x4dca8e9159ff294dd7a384ce446721719b491d5075b3bee9c57f6899043562c9,WBTC/DCA,WBTC,2026-01-21,0.00512247
OP Mainnet,0x4dca8e9159ff294dd7a384ce446721719b491d5075b3bee9c57f6899043562c9,WBTC/DCA,WBTC,2026-01-22,0.00508812
OP Mainnet,0x4dca8e9159ff294dd7a384ce446721719b491d5075b3bee9c57f6899043562c9,WBTC/DCA,WBTC,2026-01-23,0.00517282
OP Mainnet,0x4dca8e9159ff294dd7a384ce446721719b491d5075b3bee9c57f6899043562c9,WBTC/DCA,WBTC,2026-01-24,0.00518807
OP Mainnet,0x4dca8e9159ff294dd7a384ce446721719b491d5075b3bee9c57f6899043562c9,WBTC/DCA,WBTC,2026-01-25,0.00517103
OP Mainnet,0x4dca8e9159ff294dd7a384ce446721719b491d5075b3bee9c57f6899043562c9,WBTC/DCA,WBTC,2026-01-26,0.0051899
OP Mainnet,0x4dca8e9159ff294dd7a384ce446721719b491d5075b3bee9c57f6899043562c9,WBTC/DCA,WBTC,2026-01-27,0.00520363
OP Mainnet,0x4dca8e9159ff294dd7a384ce446721719b491d5075b3bee9c57f6899043562c9,WBTC/DCA,WBTC,2026-01-28,0.0051891
OP Mainnet,0x4dca8e9159ff294dd7a384ce446721719b491d5075b3bee9c57f6899043562c9,WBTC/DCA,WBTC,2026-01-29,0.0050149
OP Mainnet,0x4dca8e9159ff294dd7a384ce446721719b491d5075b3bee9c57f6899043562c9,WBTC/DCA,WBTC,2026-01-30,0.00494435
OP Mainnet,0x4dca8e9159ff294dd7a384ce446721719b491d5075b3bee9c57f6899043562c9,WBTC/DCA,WBTC,2026-01-31,0.0049021
OP Mainnet,0x4dca8e9159ff294dd7a384ce446721719b491d5075b3bee9c57f6899043562c9,WBTC/DCA,WBTC,2026-02-01,0.00503452
OP Mainnet,0x4dca8e9159ff294dd7a384ce446721719b491d5075b3bee9c57f6899043562c9,WBTC/DCA,WBTC,2026-02-02,0.00499516
OP Mainnet,0x4dca8e9159ff294dd7a384ce446721719b491d5075b3bee9c57f6899043562c9,WBTC/DCA,WBTC,2026-02-03,0.00499072
OP Mainnet,0x4dca8e9159ff294dd7a384ce446721719b491d5075b3bee9c57f6899043562c9,WBTC/DCA,WBTC,2026-02-04,0.00502072
OP Mainnet,0x4dca8e9159ff294dd7a384ce446721719b491d5075b3bee9c57f6899043562c9,WBTC/DCA,WBTC,2026-02-05,0.0049359
OP Mainnet,0x4dca8e9159ff294dd7a384ce446721719b491d5075b3bee9c57f6899043562c9,WBTC/DCA,WBTC,2026-02-06,0.00490971
OP Mainnet,0x4dca8e9159ff294dd7a384ce446721719b491d5075b3bee9c57f6899043562c9,WBTC/DCA,WBTC,2026-02-07,0.00492853
OP Mainnet,0x4dca8e9159ff294dd7a384ce446721719b491d5075b3bee9c57f6899043562c9,WBTC/DCA,WBTC,2026-02-08,0.00484845
OP Mainnet,0x4dca8e9159ff294dd7a384ce446721719b491d5075b3bee9c57f6899043562c9,WBTC/DCA,WBTC,2026-02-09,0.00488076
OP Mainnet,0x4dca8e9159ff294dd7a384ce446721719b491d5075b3bee9c57f6899043562c9,WBTC/DCA,WBTC,2026-02-10,0.0048302
OP Mainnet,0x4dca8e9159ff294dd7a384ce446721719b491d5075b3bee9c57f6899043562c9,WBTC/DCA,WBTC,2026-02-11,0.0048261
OP Mainnet,0x4dca8e9159ff294dd7a384ce446721719b491d5075b3bee9c57f6899043562c9,WBTC/DCA,WBTC,2026-02-12,0.0048425
OP Mainnet,0x4dca8e9159ff294dd7a384ce446721719b491d5075b3bee9c57f6899043562c9,WBTC/DCA,WBTC,2026-02-13,0.00485247
OP Mainnet,0x4dca8e9159ff294dd7a384ce446721719b491d5075b3bee9c57f6899043562c9,WBTC/DCA,WBTC,2026-02-14,0.00474877
OP Mainnet,0x4dca8e9159ff294dd7a384ce446721719b491d5075b3bee9c57f6899043562c9,WBTC/DCA,WBTC,2026-02-15,0.0046947
OP Mainnet,0x4dca8e9159ff294dd7a384ce446721719b491d5075b3bee9c57f6899043562c9,WBTC/DCA,WBTC,2026-02-16,0.00471289
OP Mainnet,0x4dca8e9159ff294dd7a384ce446721719b491d5075b3bee9c57f6899043562c9,WBTC/DCA,WBTC,2026-02-17,0.00458973
OP Mainnet,0x4dca8e9159ff294dd7a384ce446721719b491d5075b3bee9c57f6899043562c9,WBTC/DCA,WBTC,2026-02-18,0.0044052
OP Mainnet,0x4dca8e9159ff294dd7a384ce446721719b491d5075b3bee9c57f6899043562c9,WBTC/DCA,WBTC,2026-02-19,0.00418633
OP Mainnet,0x4dca8e9159ff294dd7a384ce446721719b491d5075b3bee9c57f6899043562c9,WBTC/DCA,WBTC,2026-02-20,0.00416208
OP Mainnet,0x4dca8e9159ff294dd7a384ce446721719b491d5075b3bee9c57f6899043562c9,WBTC/DCA,WBTC,2026-02-21,0.00421931
OP Mainnet,0x4dca8e9159ff294dd7a384ce446721719b491d5075b3bee9c57f6899043562c9,WBTC/DCA,WBTC,2026-02-22,0.00420769
OP Mainnet,0x4dca8e9159ff294dd7a384ce446721719b491d5075b3bee9c57f6899043562c9,WBTC/DCA,WBTC,2026-02-23,0.00423028
OP Mainnet,0x4dca8e9159ff294dd7a384ce446721719b491d5075b3bee9c57f6899043562c9,WBTC/DCA,WBTC,2026-02-24,0.00423497
OP Mainnet,0x4dca8e9159ff294dd7a384ce446721719b491d5075b3bee9c57f6899043562c9,WBTC/DCA,WBTC,2026-02-25,0.00426696
OP Mainnet,0x4dca8e9159ff294dd7a384ce446721719b491d5075b3bee9c57f6899043562c9,WBTC/DCA,WBTC,2026-02-26,0.00424141
OP Mainnet,0x4dca8e9159ff294dd7a384ce446721719b491d5075b3bee9c57f6899043562c9,WBTC/DCA,WBTC,2026-02-27,0.00420669
OP Mainnet,0x4dca8e9159ff294dd7a384ce446721719b491d5075b3bee9c57f6899043562c9,WBTC/DCA,WBTC,2026-02-28,0.00432135
OP Mainnet,0x4dca8e9159ff294dd7a384ce446721719b491d5075b3bee9c57f6899043562c9,WBTC/DCA,WBTC,2026-03-01,0.00428122
OP Mainnet,0x4dca8e9159ff294dd7a384ce446721719b491d5075b3bee9c57f6899043562c9,WBTC/DCA,WBTC,2026-03-02,0.00425751
OP Mainnet,0x4dca8e9159ff294dd7a384ce446721719b491d5075b3bee9c57f6899043562c9,WBTC/DCA,WBTC,2026-03-03,0.00423199
OP Mainnet,0x4dca8e9159ff294dd7a384ce446721719b491d5075b3bee9c57f6899043562c9,WBTC/DCA,WBTC,2026-03-04,0.00421656
OP Mainnet,0x4dca8e9159ff294dd7a384ce446721719b491d5075b3bee9c57f6899043562c9,WBTC/DCA,WBTC,2026-03-05,0.00417625
OP Mainnet,0x4dca8e9159ff294dd7a384ce446721719b491d5075b3bee9c57f6899043562c9,WBTC/DCA,WBTC,2026-03-06,0.0041762
OP Mainnet,0x4dca8e9159ff294dd7a384ce446721719b491d5075b3bee9c57f6899043562c9,WBTC/DCA,WBTC,2026-03-07,0.00423044
OP Mainnet,0x4dca8e9159ff294dd7a384ce446721719b491d5075b3bee9c57f6899043562c9,WBTC/DCA,WBTC,2026-03-08,0.00420361
OP Mainnet,0x4dca8e9159ff294dd7a384ce446721719b491d5075b3bee9c57f6899043562c9,WBTC/DCA,WBTC,2026-03-09,0.00411911
OP Mainnet,0x4dca8e9159ff294dd7a384ce446721719b491d5075b3bee9c57f6899043562c9,WBTC/DCA,WBTC,2026-03-10,0.00409021
OP Mainnet,0x4dca8e9159ff294dd7a384ce446721719b491d5075b3bee9c57f6899043562c9,WBTC/DCA,WBTC,2026-03-11,0.00411479
OP Mainnet,0x4dca8e9159ff294dd7a384ce446721719b491d5075b3bee9c57f6899043562c9,WBTC/DCA,WBTC,2026-03-12,0.004087
OP Mainnet,0x4dca8e9159ff294dd7a384ce446721719b491d5075b3bee9c57f6899043562c9,WBTC/DCA,WBTC,2026-03-13,0.00406009
OP Mainnet,0x4dca8e9159ff294dd7a384ce446721719b491d5075b3bee9c57f6899043562c9,WBTC/DCA,WBTC,2026-03-14,0.00406417
OP Mainnet,0x4dca8e9159ff294dd7a384ce446721719b491d5075b3bee9c57f6899043562c9,WBTC/DCA,WBTC,2026-03-15,0.00406628
OP Mainnet,0x4dca8e9159ff294dd7a384ce446721719b491d5075b3bee9c57f6899043562c9,WBTC/DCA,WBTC,2026-03-16,0.0041225
OP Mainnet,0x4dca8e9159ff294dd7a384ce446721719b491d5075b3bee9c57f6899043562c9,WBTC/DCA,WBTC,2026-03-17,0.00412597
OP Mainnet,0x4dca8e9159ff294dd7a384ce446721719b491d5075b3bee9c57f6899043562c9,WBTC/DCA,WBTC,2026-03-18,0.00409929
OP Mainnet,0x4dca8e9159ff294dd7a384ce446721719b491d5075b3bee9c57f6899043562c9,WBTC/DCA,WBTC,2026-03-19,0.00407096
OP Mainnet,0x4dca8e9159ff294dd7a384ce446721719b491d5075b3bee9c57f6899043562c9,WBTC/DCA,WBTC,2026-03-20,0.00405997
OP Mainnet,0x4dca8e9159ff294dd7a384ce446721719b491d5075b3bee9c57f6899043562c9,WBTC/DCA,WBTC,2026-03-21,0.00406336
OP Mainnet,0x4dca8e9159ff294dd7a384ce446721719b491d5075b3bee9c57f6899043562c9,WBTC/DCA,WBTC,2026-03-22,0.00403535
OP Mainnet,0x4dca8e9159ff294dd7a384ce446721719b491d5075b3bee9c57f6899043562c9,WBTC/DCA,WBTC,2026-03-23,0.00403846
OP Mainnet,0x4dca8e9159ff294dd7a384ce446721719b491d5075b3bee9c57f6899043562c9,WBTC/DCA,WBTC,2026-03-24,0.00403095
OP Mainnet,0x4dca8e9159ff294dd7a384ce446721719b491d5075b3bee9c57f6899043562c9,WBTC/DCA,WBTC,2026-03-25,0.00403261
OP Mainnet,0x4dca8e9159ff294dd7a384ce446721719b491d5075b3bee9c57f6899043562c9,WBTC/DCA,WBTC,2026-03-26,0.00400803
OP Mainnet,0x4dca8e9159ff294dd7a384ce446721719b491d5075b3bee9c57f6899043562c9,WBTC/DCA,WBTC,2026-03-27,0.00402374
OP Mainnet,0x4dca8e9159ff294dd7a384ce446721719b491d5075b3bee9c57f6899043562c9,WBTC/DCA,WBTC,2026-03-28,0.00402696
OP Mainnet,0x4dca8e9159ff294dd7a384ce446721719b491d5075b3bee9c57f6899043562c9,WBTC/DCA,WBTC,2026-03-29,0.00402646
OP Mainnet,0x4dca8e9159ff294dd7a384ce446721719b491d5075b3bee9c57f6899043562c9,WBTC/DCA,WBTC,2026-03-30,0.0040456
OP Mainnet,0x4dca8e9159ff294dd7a384ce446721719b491d5075b3bee9c57f6899043562c9,WBTC/DCA,WBTC,2026-03-31,0.00406191
OP Mainnet,0x4dca8e9159ff294dd7a384ce446721719b491d5075b3bee9c57f6899043562c9,WBTC/DCA,WBTC,2026-04-01,0.00406988
OP Mainnet,0x4dca8e9159ff294dd7a384ce446721719b491d5075b3bee9c57f6899043562c9,WBTC/DCA,WBTC,2026-04-02,0.00406052
OP Mainnet,0x4dca8e9159ff294dd7a384ce446721719b491d5075b3bee9c57f6899043562c9,WBTC/DCA,WBTC,2026-04-03,0.00406038
OP Mainnet,0x4dca8e9159ff294dd7a384ce446721719b491d5075b3bee9c57f6899043562c9,WBTC/DCA,WBTC,2026-04-04,0.00405919
OP Mainnet,0x4dca8e9159ff294dd7a384ce446721719b491d5075b3bee9c57f6899043562c9,WBTC/DCA,WBTC,2026-04-05,0.00404691
OP Mainnet,0x4dca8e9159ff294dd7a384ce446721719b491d5075b3bee9c57f6899043562c9,WBTC/DCA,WBTC,2026-04-06,0.00403826
OP Mainnet,0x4dca8e9159ff294dd7a384ce446721719b491d5075b3bee9c57f6899043562c9,WBTC/DCA,WBTC,2026-04-07,0.00405624
OP Mainnet,0x4dca8e9159ff294dd7a384ce446721719b491d5075b3bee9c57f6899043562c9,WBTC/DCA,WBTC,2026-04-08,0.00403352
OP Mainnet,0x4dca8e9159ff294dd7a384ce446721719b491d5075b3bee9c57f6899043562c9,WBTC/DCA,WBTC,2026-04-09,0.00400321
OP Mainnet,0x4dca8e9159ff294dd7a384ce446721719b491d5075b3bee9c57f6899043562c9,WBTC/DCA,WBTC,2026-04-10,0.00401093
OP Mainnet,0x4dca8e9159ff294dd7a384ce446721719b491d5075b3bee9c57f6899043562c9,WBTC/DCA,WBTC,2026-04-11,0.00401438
OP Mainnet,0x8b3156a785bcf477d92f2f2a9d7827585d9d551525abb512b0769fbec34e9d22,ETH/DCA,DCA,2025-11-16,312.54885092962155
OP Mainnet,0x8b3156a785bcf477d92f2f2a9d7827585d9d551525abb512b0769fbec34e9d22,ETH/DCA,DCA,2025-11-17,312.54885092962155
OP Mainnet,0x8b3156a785bcf477d92f2f2a9d7827585d9d551525abb512b0769fbec34e9d22,ETH/DCA,DCA,2025-11-18,660.3470117737162
OP Mainnet,0x8b3156a785bcf477d92f2f2a9d7827585d9d551525abb512b0769fbec34e9d22,ETH/DCA,DCA,2025-11-19,660.3470117737162
OP Mainnet,0x8b3156a785bcf477d92f2f2a9d7827585d9d551525abb512b0769fbec34e9d22,ETH/DCA,DCA,2025-11-20,660.3470117737162
OP Mainnet,0x8b3156a785bcf477d92f2f2a9d7827585d9d551525abb512b0769fbec34e9d22,ETH/DCA,DCA,2025-11-21,918.1501857107633
OP Mainnet,0x8b3156a785bcf477d92f2f2a9d7827585d9d551525abb512b0769fbec34e9d22,ETH/DCA,DCA,2025-11-22,2859.5966572883362
OP Mainnet,0x8b3156a785bcf477d92f2f2a9d7827585d9d551525abb512b0769fbec34e9d22,ETH/DCA,DCA,2025-11-23,2863.729350092832
OP Mainnet,0x8b3156a785bcf477d92f2f2a9d7827585d9d551525abb512b0769fbec34e9d22,ETH/DCA,DCA,2025-11-24,2901.270857073933
OP Mainnet,0x8b3156a785bcf477d92f2f2a9d7827585d9d551525abb512b0769fbec34e9d22,ETH/DCA,DCA,2025-11-25,2909.9189604645935
OP Mainnet,0x8b3156a785bcf477d92f2f2a9d7827585d9d551525abb512b0769fbec34e9d22,ETH/DCA,DCA,2025-11-26,2918.2444055792616
OP Mainnet,0x8b3156a785bcf477d92f2f2a9d7827585d9d551525abb512b0769fbec34e9d22,ETH/DCA,DCA,2025-11-27,2915.16872763713
OP Mainnet,0x8b3156a785bcf477d92f2f2a9d7827585d9d551525abb512b0769fbec34e9d22,ETH/DCA,DCA,2025-11-28,2901.977237345774
OP Mainnet,0x8b3156a785bcf477d92f2f2a9d7827585d9d551525abb512b0769fbec34e9d22,ETH/DCA,DCA,2025-11-29,2946.6395668385726
OP Mainnet,0x8b3156a785bcf477d92f2f2a9d7827585d9d551525abb512b0769fbec34e9d22,ETH/DCA,DCA,2025-11-30,3035.937830837195
OP Mainnet,0x8b3156a785bcf477d92f2f2a9d7827585d9d551525abb512b0769fbec34e9d22,ETH/DCA,DCA,2025-12-01,3036.2382423667555
OP Mainnet,0x8b3156a785bcf477d92f2f2a9d7827585d9d551525abb512b0769fbec34e9d22,ETH/DCA,DCA,2025-12-02,3047.839463648543
OP Mainnet,0x8b3156a785bcf477d92f2f2a9d7827585d9d551525abb512b0769fbec34e9d22,ETH/DCA,DCA,2025-12-03,3083.0261971717227
OP Mainnet,0x8b3156a785bcf477d92f2f2a9d7827585d9d551525abb512b0769fbec34e9d22,ETH/DCA,DCA,2025-12-04,3094.9045895456857
OP Mainnet,0x8b3156a785bcf477d92f2f2a9d7827585d9d551525abb512b0769fbec34e9d22,ETH/DCA,DCA,2025-12-05,3083.6962599073013
OP Mainnet,0x8b3156a785bcf477d92f2f2a9d7827585d9d551525abb512b0769fbec34e9d22,ETH/DCA,DCA,2025-12-06,4452.44356461799
OP Mainnet,0x8b3156a785bcf477d92f2f2a9d7827585d9d551525abb512b0769fbec34e9d22,ETH/DCA,DCA,2025-12-07,4730.408416853964
OP Mainnet,0x8b3156a785bcf477d92f2f2a9d7827585d9d551525abb512b0769fbec34e9d22,ETH/DCA,DCA,2025-12-08,4713.107377547811
OP Mainnet,0x8b3156a785bcf477d92f2f2a9d7827585d9d551525abb512b0769fbec34e9d22,ETH/DCA,DCA,2025-12-09,4766.735725875675
OP Mainnet,0x8b3156a785bcf477d92f2f2a9d7827585d9d551525abb512b0769fbec34e9d22,ETH/DCA,DCA,2025-12-10,4784.524375829892
OP Mainnet,0x8b3156a785bcf477d92f2f2a9d7827585d9d551525abb512b0769fbec34e9d22,ETH/DCA,DCA,2025-12-11,4790.620968983223
OP Mainnet,0x8b3156a785bcf477d92f2f2a9d7827585d9d551525abb512b0769fbec34e9d22,ETH/DCA,DCA,2025-12-12,4725.194954135669
OP Mainnet,0x8b3156a785bcf477d92f2f2a9d7827585d9d551525abb512b0769fbec34e9d22,ETH/DCA,DCA,2025-12-13,4837.758334412904
OP Mainnet,0x8b3156a785bcf477d92f2f2a9d7827585d9d551525abb512b0769fbec34e9d22,ETH/DCA,DCA,2025-12-14,4868.187055364204
OP Mainnet,0x8b3156a785bcf477d92f2f2a9d7827585d9d551525abb512b0769fbec34e9d22,ETH/DCA,DCA,2025-12-15,7957.099496763243
OP Mainnet,0x8b3156a785bcf477d92f2f2a9d7827585d9d551525abb512b0769fbec34e9d22,ETH/DCA,DCA,2025-12-16,7906.089571692545
OP Mainnet,0x8b3156a785bcf477d92f2f2a9d7827585d9d551525abb512b0769fbec34e9d22,ETH/DCA,DCA,2025-12-17,7928.603710406838
OP Mainnet,0x8b3156a785bcf477d92f2f2a9d7827585d9d551525abb512b0769fbec34e9d22,ETH/DCA,DCA,2025-12-18,7987.650553082068
OP Mainnet,0x8b3156a785bcf477d92f2f2a9d7827585d9d551525abb512b0769fbec34e9d22,ETH/DCA,DCA,2025-12-19,7986.031896264622
OP Mainnet,0x8b3156a785bcf477d92f2f2a9d7827585d9d551525abb512b0769fbec34e9d22,ETH/DCA,DCA,2025-12-20,7996.033909136952
OP Mainnet,0x8b3156a785bcf477d92f2f2a9d7827585d9d551525abb512b0769fbec34e9d22,ETH/DCA,DCA,2025-12-21,8018.212720000019
OP Mainnet,0x8b3156a785bcf477d92f2f2a9d7827585d9d551525abb512b0769fbec34e9d22,ETH/DCA,DCA,2025-12-22,8016.112635699677
OP Mainnet,0x8b3156a785bcf477d92f2f2a9d7827585d9d551525abb512b0769fbec34e9d22,ETH/DCA,DCA,2025-12-23,7990.564336477824
OP Mainnet,0x8b3156a785bcf477d92f2f2a9d7827585d9d551525abb512b0769fbec34e9d22,ETH/DCA,DCA,2025-12-24,8020.760755171984
OP Mainnet,0x8b3156a785bcf477d92f2f2a9d7827585d9d551525abb512b0769fbec34e9d22,ETH/DCA,DCA,2025-12-25,8026.336724248092
OP Mainnet,0x8b3156a785bcf477d92f2f2a9d7827585d9d551525abb512b0769fbec34e9d22,ETH/DCA,DCA,2025-12-26,8041.821096842984
OP Mainnet,0x8b3156a785bcf477d92f2f2a9d7827585d9d551525abb512b0769fbec34e9d22,ETH/DCA,DCA,2025-12-27,8006.364119268834
OP Mainnet,0x8b3156a785bcf477d92f2f2a9d7827585d9d551525abb512b0769fbec34e9d22,ETH/DCA,DCA,2025-12-28,8049.878737271886
OP Mainnet,0x8b3156a785bcf477d92f2f2a9d7827585d9d551525abb512b0769fbec34e9d22,ETH/DCA,DCA,2025-12-29,8176.074958304026
OP Mainnet,0x8b3156a785bcf477d92f2f2a9d7827585d9d551525abb512b0769fbec34e9d22,ETH/DCA,DCA,2025-12-30,8054.429785590142
OP Mainnet,0x8b3156a785bcf477d92f2f2a9d7827585d9d551525abb512b0769fbec34e9d22,ETH/DCA,DCA,2025-12-31,8087.472186890199
OP Mainnet,0x8b3156a785bcf477d92f2f2a9d7827585d9d551525abb512b0769fbec34e9d22,ETH/DCA,DCA,2026-01-01,9012.940119331794
OP Mainnet,0x8b3156a785bcf477d92f2f2a9d7827585d9d551525abb512b0769fbec34e9d22,ETH/DCA,DCA,2026-01-02,9097.04027277043
OP Mainnet,0x8b3156a785bcf477d92f2f2a9d7827585d9d551525abb512b0769fbec34e9d22,ETH/DCA,DCA,2026-01-03,9109.736099127134
OP Mainnet,0x8b3156a785bcf477d92f2f2a9d7827585d9d551525abb512b0769fbec34e9d22,ETH/DCA,DCA,2026-01-04,9125.7500394345
OP Mainnet,0x8b3156a785bcf477d92f2f2a9d7827585d9d551525abb512b0769fbec34e9d22,ETH/DCA,DCA,2026-01-05,8938.334856455067
OP Mainnet,0x8b3156a785bcf477d92f2f2a9d7827585d9d551525abb512b0769fbec34e9d22,ETH/DCA,DCA,2026-01-06,8990.13186977733
OP Mainnet,0x8b3156a785bcf477d92f2f2a9d7827585d9d551525abb512b0769fbec34e9d22,ETH/DCA,DCA,2026-01-07,8952.538927716361
OP Mainnet,0x8b3156a785bcf477d92f2f2a9d7827585d9d551525abb512b0769fbec34e9d22,ETH/DCA,DCA,2026-01-08,8929.291882585074
OP Mainnet,0x8b3156a785bcf477d92f2f2a9d7827585d9d551525abb512b0769fbec34e9d22,ETH/DCA,DCA,2026-01-09,8923.647730499786
OP Mainnet,0x8b3156a785bcf477d92f2f2a9d7827585d9d551525abb512b0769fbec34e9d22,ETH/DCA,DCA,2026-01-10,8918.139750764545
OP Mainnet,0x8b3156a785bcf477d92f2f2a9d7827585d9d551525abb512b0769fbec34e9d22,ETH/DCA,DCA,2026-01-11,8941.093137938591
OP Mainnet,0x8b3156a785bcf477d92f2f2a9d7827585d9d551525abb512b0769fbec34e9d22,ETH/DCA,DCA,2026-01-12,8979.22817002312
OP Mainnet,0x8b3156a785bcf477d92f2f2a9d7827585d9d551525abb512b0769fbec34e9d22,ETH/DCA,DCA,2026-01-13,8964.300359494413
OP Mainnet,0x8b3156a785bcf477d92f2f2a9d7827585d9d551525abb512b0769fbec34e9d22,ETH/DCA,DCA,2026-01-14,5977.5412259751265
OP Mainnet,0x8b3156a785bcf477d92f2f2a9d7827585d9d551525abb512b0769fbec34e9d22,ETH/DCA,DCA,2026-01-15,6046.425337270814
OP Mainnet,0x8b3156a785bcf477d92f2f2a9d7827585d9d551525abb512b0769fbec34e9d22,ETH/DCA,DCA,2026-01-16,6054.980871673059
OP Mainnet,0x8b3156a785bcf477d92f2f2a9d7827585d9d551525abb512b0769fbec34e9d22,ETH/DCA,DCA,2026-01-17,6065.369157195565
OP Mainnet,0x8b3156a785bcf477d92f2f2a9d7827585d9d551525abb512b0769fbec34e9d22,ETH/DCA,DCA,2026-01-18,6092.174636321148
OP Mainnet,0x8b3156a785bcf477d92f2f2a9d7827585d9d551525abb512b0769fbec34e9d22,ETH/DCA,DCA,2026-01-19,6098.148884999905
OP Mainnet,0x8b3156a785bcf477d92f2f2a9d7827585d9d551525abb512b0769fbec34e9d22,ETH/DCA,DCA,2026-01-20,6022.005037854139
OP Mainnet,0x8b3156a785bcf477d92f2f2a9d7827585d9d551525abb512b0769fbec34e9d22,ETH/DCA,DCA,2026-01-21,6020.204713379033
OP Mainnet,0x8b3156a785bcf477d92f2f2a9d7827585d9d551525abb512b0769fbec34e9d22,ETH/DCA,DCA,2026-01-22,6005.356860617453
OP Mainnet,0x8b3156a785bcf477d92f2f2a9d7827585d9d551525abb512b0769fbec34e9d22,ETH/DCA,DCA,2026-01-23,6020.528297392757
OP Mainnet,0x8b3156a785bcf477d92f2f2a9d7827585d9d551525abb512b0769fbec34e9d22,ETH/DCA,DCA,2026-01-24,6027.776407332272
OP Mainnet,0x8b3156a785bcf477d92f2f2a9d7827585d9d551525abb512b0769fbec34e9d22,ETH/DCA,DCA,2026-01-25,6017.146769046783
OP Mainnet,0x8b3156a785bcf477d92f2f2a9d7827585d9d551525abb512b0769fbec34e9d22,ETH/DCA,DCA,2026-01-26,6031.280456534345
OP Mainnet,0x8b3156a785bcf477d92f2f2a9d7827585d9d551525abb512b0769fbec34e9d22,ETH/DCA,DCA,2026-01-27,6064.56902387188
OP Mainnet,0x8b3156a785bcf477d92f2f2a9d7827585d9d551525abb512b0769fbec34e9d22,ETH/DCA,DCA,2026-01-28,6066.616468107962
OP Mainnet,0x8b3156a785bcf477d92f2f2a9d7827585d9d551525abb512b0769fbec34e9d22,ETH/DCA,DCA,2026-01-29,6109.242800378548
OP Mainnet,0x8b3156a785bcf477d92f2f2a9d7827585d9d551525abb512b0769fbec34e9d22,ETH/DCA,DCA,2026-01-30,6098.754376065061
OP Mainnet,0x8b3156a785bcf477d92f2f2a9d7827585d9d551525abb512b0769fbec34e9d22,ETH/DCA,DCA,2026-01-31,6042.357270853059
OP Mainnet,0x8b3156a785bcf477d92f2f2a9d7827585d9d551525abb512b0769fbec34e9d22,ETH/DCA,DCA,2026-02-01,5930.655167438192
OP Mainnet,0x8b3156a785bcf477d92f2f2a9d7827585d9d551525abb512b0769fbec34e9d22,ETH/DCA,DCA,2026-02-02,5996.38265488873
OP Mainnet,0x8b3156a785bcf477d92f2f2a9d7827585d9d551525abb512b0769fbec34e9d22,ETH/DCA,DCA,2026-02-03,6005.117199785469
OP Mainnet,0x8b3156a785bcf477d92f2f2a9d7827585d9d551525abb512b0769fbec34e9d22,ETH/DCA,DCA,2026-02-04,6372.386383792885
OP Mainnet,0x8b3156a785bcf477d92f2f2a9d7827585d9d551525abb512b0769fbec34e9d22,ETH/DCA,DCA,2026-02-05,6491.4792792887565
OP Mainnet,0x8b3156a785bcf477d92f2f2a9d7827585d9d551525abb512b0769fbec34e9d22,ETH/DCA,DCA,2026-02-06,6519.203550060398
OP Mainnet,0x8b3156a785bcf477d92f2f2a9d7827585d9d551525abb512b0769fbec34e9d22,ETH/DCA,DCA,2026-02-07,6530.101226914537
OP Mainnet,0x8b3156a785bcf477d92f2f2a9d7827585d9d551525abb512b0769fbec34e9d22,ETH/DCA,DCA,2026-02-08,6547.2731812909415
OP Mainnet,0x8b3156a785bcf477d92f2f2a9d7827585d9d551525abb512b0769fbec34e9d22,ETH/DCA,DCA,2026-02-09,6565.869237829605
OP Mainnet,0x8b3156a785bcf477d92f2f2a9d7827585d9d551525abb512b0769fbec34e9d22,ETH/DCA,DCA,2026-02-10,7912.408601861959
OP Mainnet,0x8b3156a785bcf477d92f2f2a9d7827585d9d551525abb512b0769fbec34e9d22,ETH/DCA,DCA,2026-02-11,7894.930967860038
OP Mainnet,0x8b3156a785bcf477d92f2f2a9d7827585d9d551525abb512b0769fbec34e9d22,ETH/DCA,DCA,2026-02-12,7876.048175759642
OP Mainnet,0x8b3156a785bcf477d92f2f2a9d7827585d9d551525abb512b0769fbec34e9d22,ETH/DCA,DCA,2026-02-13,7938.252539477593
OP Mainnet,0x8b3156a785bcf477d92f2f2a9d7827585d9d551525abb512b0769fbec34e9d22,ETH/DCA,DCA,2026-02-14,8086.479093568259
OP Mainnet,0x8b3156a785bcf477d92f2f2a9d7827585d9d551525abb512b0769fbec34e9d22,ETH/DCA,DCA,2026-02-15,8016.286289124833
OP Mainnet,0x8b3156a785bcf477d92f2f2a9d7827585d9d551525abb512b0769fbec34e9d22,ETH/DCA,DCA,2026-02-16,8032.297771337017
OP Mainnet,0x8b3156a785bcf477d92f2f2a9d7827585d9d551525abb512b0769fbec34e9d22,ETH/DCA,DCA,2026-02-17,8053.420430879911
OP Mainnet,0x8b3156a785bcf477d92f2f2a9d7827585d9d551525abb512b0769fbec34e9d22,ETH/DCA,DCA,2026-02-18,8318.910062433839
OP Mainnet,0x8b3156a785bcf477d92f2f2a9d7827585d9d551525abb512b0769fbec34e9d22,ETH/DCA,DCA,2026-02-19,8495.519390619334
OP Mainnet,0x8b3156a785bcf477d92f2f2a9d7827585d9d551525abb512b0769fbec34e9d22,ETH/DCA,DCA,2026-02-20,8491.300220361612
OP Mainnet,0x8b3156a785bcf477d92f2f2a9d7827585d9d551525abb512b0769fbec34e9d22,ETH/DCA,DCA,2026-02-21,8535.45130414818
OP Mainnet,0x8b3156a785bcf477d92f2f2a9d7827585d9d551525abb512b0769fbec34e9d22,ETH/DCA,DCA,2026-02-22,8640.623108342543
OP Mainnet,0x8b3156a785bcf477d92f2f2a9d7827585d9d551525abb512b0769fbec34e9d22,ETH/DCA,DCA,2026-02-23,8583.865218991545
OP Mainnet,0x8b3156a785bcf477d92f2f2a9d7827585d9d551525abb512b0769fbec34e9d22,ETH/DCA,DCA,2026-02-24,8680.600392261176
OP Mainnet,0x8b3156a785bcf477d92f2f2a9d7827585d9d551525abb512b0769fbec34e9d22,ETH/DCA,DCA,2026-02-25,8768.503450000548
OP Mainnet,0x8b3156a785bcf477d92f2f2a9d7827585d9d551525abb512b0769fbec34e9d22,ETH/DCA,DCA,2026-02-26,8760.202450487583
OP Mainnet,0x8b3156a785bcf477d92f2f2a9d7827585d9d551525abb512b0769fbec34e9d22,ETH/DCA,DCA,2026-02-27,8620.491404048182
OP Mainnet,0x8b3156a785bcf477d92f2f2a9d7827585d9d551525abb512b0769fbec34e9d22,ETH/DCA,DCA,2026-02-28,8734.46945635813
OP Mainnet,0x8b3156a785bcf477d92f2f2a9d7827585d9d551525abb512b0769fbec34e9d22,ETH/DCA,DCA,2026-03-01,8771.220882832857
OP Mainnet,0x8b3156a785bcf477d92f2f2a9d7827585d9d551525abb512b0769fbec34e9d22,ETH/DCA,DCA,2026-03-02,8765.812132684307
OP Mainnet,0x8b3156a785bcf477d92f2f2a9d7827585d9d551525abb512b0769fbec34e9d22,ETH/DCA,DCA,2026-03-03,8705.643262549738
OP Mainnet,0x8b3156a785bcf477d92f2f2a9d7827585d9d551525abb512b0769fbec34e9d22,ETH/DCA,DCA,2026-03-04,7504.332024904789
OP Mainnet,0x8b3156a785bcf477d92f2f2a9d7827585d9d551525abb512b0769fbec34e9d22,ETH/DCA,DCA,2026-03-05,7525.3516301621075
OP Mainnet,0x8b3156a785bcf477d92f2f2a9d7827585d9d551525abb512b0769fbec34e9d22,ETH/DCA,DCA,2026-03-06,7470.821665014056
OP Mainnet,0x8b3156a785bcf477d92f2f2a9d7827585d9d551525abb512b0769fbec34e9d22,ETH/DCA,DCA,2026-03-07,7479.403897004403
OP Mainnet,0x8b3156a785bcf477d92f2f2a9d7827585d9d551525abb512b0769fbec34e9d22,ETH/DCA,DCA,2026-03-08,7532.069266013048
OP Mainnet,0x8b3156a785bcf477d92f2f2a9d7827585d9d551525abb512b0769fbec34e9d22,ETH/DCA,DCA,2026-03-09,7056.116193944475
OP Mainnet,0x8b3156a785bcf477d92f2f2a9d7827585d9d551525abb512b0769fbec34e9d22,ETH/DCA,DCA,2026-03-10,7578.804409331463
OP Mainnet,0x8b3156a785bcf477d92f2f2a9d7827585d9d551525abb512b0769fbec34e9d22,ETH/DCA,DCA,2026-03-11,7080.42628350267
OP Mainnet,0x8b3156a785bcf477d92f2f2a9d7827585d9d551525abb512b0769fbec34e9d22,ETH/DCA,DCA,2026-03-12,7640.560146526774
OP Mainnet,0x8b3156a785bcf477d92f2f2a9d7827585d9d551525abb512b0769fbec34e9d22,ETH/DCA,DCA,2026-03-13,7354.244329863655
OP Mainnet,0x8b3156a785bcf477d92f2f2a9d7827585d9d551525abb512b0769fbec34e9d22,ETH/DCA,DCA,2026-03-14,7345.134346702709
OP Mainnet,0x8b3156a785bcf477d92f2f2a9d7827585d9d551525abb512b0769fbec34e9d22,ETH/DCA,DCA,2026-03-15,7450.787339931167
OP Mainnet,0x8b3156a785bcf477d92f2f2a9d7827585d9d551525abb512b0769fbec34e9d22,ETH/DCA,DCA,2026-03-16,8459.999055478644
OP Mainnet,0x8b3156a785bcf477d92f2f2a9d7827585d9d551525abb512b0769fbec34e9d22,ETH/DCA,DCA,2026-03-17,8470.013499451625
OP Mainnet,0x8b3156a785bcf477d92f2f2a9d7827585d9d551525abb512b0769fbec34e9d22,ETH/DCA,DCA,2026-03-18,8409.502242972188
OP Mainnet,0x8b3156a785bcf477d92f2f2a9d7827585d9d551525abb512b0769fbec34e9d22,ETH/DCA,DCA,2026-03-19,8370.556468410934
OP Mainnet,0x8b3156a785bcf477d92f2f2a9d7827585d9d551525abb512b0769fbec34e9d22,ETH/DCA,DCA,2026-03-20,8371.828072065628
OP Mainnet,0x8b3156a785bcf477d92f2f2a9d7827585d9d551525abb512b0769fbec34e9d22,ETH/DCA,DCA,2026-03-21,8362.107141472172
OP Mainnet,0x8b3156a785bcf477d92f2f2a9d7827585d9d551525abb512b0769fbec34e9d22,ETH/DCA,DCA,2026-03-22,8361.14655643867
OP Mainnet,0x8b3156a785bcf477d92f2f2a9d7827585d9d551525abb512b0769fbec34e9d22,ETH/DCA,DCA,2026-03-23,8481.92685760951
OP Mainnet,0x8b3156a785bcf477d92f2f2a9d7827585d9d551525abb512b0769fbec34e9d22,ETH/DCA,DCA,2026-03-24,8492.373687950174
OP Mainnet,0x8b3156a785bcf477d92f2f2a9d7827585d9d551525abb512b0769fbec34e9d22,ETH/DCA,DCA,2026-03-25,8472.537882350874
OP Mainnet,0x8b3156a785bcf477d92f2f2a9d7827585d9d551525abb512b0769fbec34e9d22,ETH/DCA,DCA,2026-03-26,8414.123912694897
OP Mainnet,0x8b3156a785bcf477d92f2f2a9d7827585d9d551525abb512b0769fbec34e9d22,ETH/DCA,DCA,2026-03-27,8425.108685031853
OP Mainnet,0x8b3156a785bcf477d92f2f2a9d7827585d9d551525abb512b0769fbec34e9d22,ETH/DCA,DCA,2026-03-28,8434.286009131107
OP Mainnet,0x8b3156a785bcf477d92f2f2a9d7827585d9d551525abb512b0769fbec34e9d22,ETH/DCA,DCA,2026-03-29,8445.40001902382
OP Mainnet,0x8b3156a785bcf477d92f2f2a9d7827585d9d551525abb512b0769fbec34e9d22,ETH/DCA,DCA,2026-03-30,8466.105954737875
OP Mainnet,0x8b3156a785bcf477d92f2f2a9d7827585d9d551525abb512b0769fbec34e9d22,ETH/DCA,DCA,2026-03-31,8496.979108398726
OP Mainnet,0x8b3156a785bcf477d92f2f2a9d7827585d9d551525abb512b0769fbec34e9d22,ETH/DCA,DCA,2026-04-01,8467.560914946846
OP Mainnet,0x8b3156a785bcf477d92f2f2a9d7827585d9d551525abb512b0769fbec34e9d22,ETH/DCA,DCA,2026-04-02,8474.729551165203
OP Mainnet,0x8b3156a785bcf477d92f2f2a9d7827585d9d551525abb512b0769fbec34e9d22,ETH/DCA,DCA,2026-04-03,8438.776002579987
OP Mainnet,0x8b3156a785bcf477d92f2f2a9d7827585d9d551525abb512b0769fbec34e9d22,ETH/DCA,DCA,2026-04-04,8447.80457534792
OP Mainnet,0x8b3156a785bcf477d92f2f2a9d7827585d9d551525abb512b0769fbec34e9d22,ETH/DCA,DCA,2026-04-05,8498.55696394321
OP Mainnet,0x8b3156a785bcf477d92f2f2a9d7827585d9d551525abb512b0769fbec34e9d22,ETH/DCA,DCA,2026-04-06,8487.73932472812
OP Mainnet,0x8b3156a785bcf477d92f2f2a9d7827585d9d551525abb512b0769fbec34e9d22,ETH/DCA,DCA,2026-04-07,8520.959518166477
OP Mainnet,0x8b3156a785bcf477d92f2f2a9d7827585d9d551525abb512b0769fbec34e9d22,ETH/DCA,DCA,2026-04-08,8511.957421940788
OP Mainnet,0x8b3156a785bcf477d92f2f2a9d7827585d9d551525abb512b0769fbec34e9d22,ETH/DCA,DCA,2026-04-09,8506.748753039234
OP Mainnet,0x8b3156a785bcf477d92f2f2a9d7827585d9d551525abb512b0769fbec34e9d22,ETH/DCA,DCA,2026-04-10,8538.857156400421
OP Mainnet,0x8b3156a785bcf477d92f2f2a9d7827585d9d551525abb512b0769fbec34e9d22,ETH/DCA,DCA,2026-04-11,8552.004266275955
OP Mainnet,0x8b3156a785bcf477d92f2f2a9d7827585d9d551525abb512b0769fbec34e9d22,ETH/DCA,ETH,2025-11-16,0.023378483624566515
OP Mainnet,0x8b3156a785bcf477d92f2f2a9d7827585d9d551525abb512b0769fbec34e9d22,ETH/DCA,ETH,2025-11-17,0.023378483624566515
OP Mainnet,0x8b3156a785bcf477d92f2f2a9d7827585d9d551525abb512b0769fbec34e9d22,ETH/DCA,ETH,2025-11-18,0.04939359641018006
OP Mainnet,0x8b3156a785bcf477d92f2f2a9d7827585d9d551525abb512b0769fbec34e9d22,ETH/DCA,ETH,2025-11-19,0.04939359641018006
OP Mainnet,0x8b3156a785bcf477d92f2f2a9d7827585d9d551525abb512b0769fbec34e9d22,ETH/DCA,ETH,2025-11-20,0.04939359641018006
OP Mainnet,0x8b3156a785bcf477d92f2f2a9d7827585d9d551525abb512b0769fbec34e9d22,ETH/DCA,ETH,2025-11-21,0.06850949550935227
OP Mainnet,0x8b3156a785bcf477d92f2f2a9d7827585d9d551525abb512b0769fbec34e9d22,ETH/DCA,ETH,2025-11-22,0.09848160010644731
OP Mainnet,0x8b3156a785bcf477d92f2f2a9d7827585d9d551525abb512b0769fbec34e9d22,ETH/DCA,ETH,2025-11-23,0.09811595809165737
OP Mainnet,0x8b3156a785bcf477d92f2f2a9d7827585d9d551525abb512b0769fbec34e9d22,ETH/DCA,ETH,2025-11-24,0.09986045403717536
OP Mainnet,0x8b3156a785bcf477d92f2f2a9d7827585d9d551525abb512b0769fbec34e9d22,ETH/DCA,ETH,2025-11-25,0.09910335626633593
OP Mainnet,0x8b3156a785bcf477d92f2f2a9d7827585d9d551525abb512b0769fbec34e9d22,ETH/DCA,ETH,2025-11-26,0.09837874485282919
OP Mainnet,0x8b3156a785bcf477d92f2f2a9d7827585d9d551525abb512b0769fbec34e9d22,ETH/DCA,ETH,2025-11-27,0.09864595673384531
OP Mainnet,0x8b3156a785bcf477d92f2f2a9d7827585d9d551525abb512b0769fbec34e9d22,ETH/DCA,ETH,2025-11-28,0.09979844477717498
OP Mainnet,0x8b3156a785bcf477d92f2f2a9d7827585d9d551525abb512b0769fbec34e9d22,ETH/DCA,ETH,2025-11-29,0.10385719524421902
OP Mainnet,0x8b3156a785bcf477d92f2f2a9d7827585d9d551525abb512b0769fbec34e9d22,ETH/DCA,ETH,2025-11-30,0.1116594746681489
OP Mainnet,0x8b3156a785bcf477d92f2f2a9d7827585d9d551525abb512b0769fbec34e9d22,ETH/DCA,ETH,2025-12-01,0.11163310189888007
OP Mainnet,0x8b3156a785bcf477d92f2f2a9d7827585d9d551525abb512b0769fbec34e9d22,ETH/DCA,ETH,2025-12-02,0.11061862155863024
OP Mainnet,0x8b3156a785bcf477d92f2f2a9d7827585d9d551525abb512b0769fbec34e9d22,ETH/DCA,ETH,2025-12-03,0.10758837820322004
OP Mainnet,0x8b3156a785bcf477d92f2f2a9d7827585d9d551525abb512b0769fbec34e9d22,ETH/DCA,ETH,2025-12-04,0.10658098029292483
OP Mainnet,0x8b3156a785bcf477d92f2f2a9d7827585d9d551525abb512b0769fbec34e9d22,ETH/DCA,ETH,2025-12-05,0.10753134411334907
OP Mainnet,0x8b3156a785bcf477d92f2f2a9d7827585d9d551525abb512b0769fbec34e9d22,ETH/DCA,ETH,2025-12-06,0.22837410057572305
OP Mainnet,0x8b3156a785bcf477d92f2f2a9d7827585d9d551525abb512b0769fbec34e9d22,ETH/DCA,ETH,2025-12-07,0.24477744773366794
OP Mainnet,0x8b3156a785bcf477d92f2f2a9d7827585d9d551525abb512b0769fbec34e9d22,ETH/DCA,ETH,2025-12-08,0.2462445545585724
OP Mainnet,0x8b3156a785bcf477d92f2f2a9d7827585d9d551525abb512b0769fbec34e9d22,ETH/DCA,ETH,2025-12-09,0.24173159408121062
OP Mainnet,0x8b3156a785bcf477d92f2f2a9d7827585d9d551525abb512b0769fbec34e9d22,ETH/DCA,ETH,2025-12-10,0.2402569790363536
OP Mainnet,0x8b3156a785bcf477d92f2f2a9d7827585d9d551525abb512b0769fbec34e9d22,ETH/DCA,ETH,2025-12-11,0.23975411317978815
OP Mainnet,0x8b3156a785bcf477d92f2f2a9d7827585d9d551525abb512b0769fbec34e9d22,ETH/DCA,ETH,2025-12-12,0.24521841202223207
OP Mainnet,0x8b3156a785bcf477d92f2f2a9d7827585d9d551525abb512b0769fbec34e9d22,ETH/DCA,ETH,2025-12-13,0.2536887164103137
OP Mainnet,0x8b3156a785bcf477d92f2f2a9d7827585d9d551525abb512b0769fbec34e9d22,ETH/DCA,ETH,2025-12-14,0.2511348961786476
OP Mainnet,0x8b3156a785bcf477d92f2f2a9d7827585d9d551525abb512b0769fbec34e9d22,ETH/DCA,ETH,2025-12-15,0.5160005764926889
OP Mainnet,0x8b3156a785bcf477d92f2f2a9d7827585d9d551525abb512b0769fbec34e9d22,ETH/DCA,ETH,2025-12-16,0.5203291372331058
OP Mainnet,0x8b3156a785bcf477d92f2f2a9d7827585d9d551525abb512b0769fbec34e9d22,ETH/DCA,ETH,2025-12-17,0.5184117834915922
OP Mainnet,0x8b3156a785bcf477d92f2f2a9d7827585d9d551525abb512b0769fbec34e9d22,ETH/DCA,ETH,2025-12-18,0.5134345700954986
OP Mainnet,0x8b3156a785bcf477d92f2f2a9d7827585d9d551525abb512b0769fbec34e9d22,ETH/DCA,ETH,2025-12-19,0.5135700297716099
OP Mainnet,0x8b3156a785bcf477d92f2f2a9d7827585d9d551525abb512b0769fbec34e9d22,ETH/DCA,ETH,2025-12-20,0.5127338741942002
OP Mainnet,0x8b3156a785bcf477d92f2f2a9d7827585d9d551525abb512b0769fbec34e9d22,ETH/DCA,ETH,2025-12-21,0.510887195213837
OP Mainnet,0x8b3156a785bcf477d92f2f2a9d7827585d9d551525abb512b0769fbec34e9d22,ETH/DCA,ETH,2025-12-22,0.5110616169853586
OP Mainnet,0x8b3156a785bcf477d92f2f2a9d7827585d9d551525abb512b0769fbec34e9d22,ETH/DCA,ETH,2025-12-23,0.5131908641614317
OP Mainnet,0x8b3156a785bcf477d92f2f2a9d7827585d9d551525abb512b0769fbec34e9d22,ETH/DCA,ETH,2025-12-24,0.5106756916780982
OP Mainnet,0x8b3156a785bcf477d92f2f2a9d7827585d9d551525abb512b0769fbec34e9d22,ETH/DCA,ETH,2025-12-25,0.5102133183561245
OP Mainnet,0x8b3156a785bcf477d92f2f2a9d7827585d9d551525abb512b0769fbec34e9d22,ETH/DCA,ETH,2025-12-26,0.5139921094942879
OP Mainnet,0x8b3156a785bcf477d92f2f2a9d7827585d9d551525abb512b0769fbec34e9d22,ETH/DCA,ETH,2025-12-27,0.5169751041703926
OP Mainnet,0x8b3156a785bcf477d92f2f2a9d7827585d9d551525abb512b0769fbec34e9d22,ETH/DCA,ETH,2025-12-28,0.5133178363061597
OP Mainnet,0x8b3156a785bcf477d92f2f2a9d7827585d9d551525abb512b0769fbec34e9d22,ETH/DCA,ETH,2025-12-29,0.5260991581513379
OP Mainnet,0x8b3156a785bcf477d92f2f2a9d7827585d9d551525abb512b0769fbec34e9d22,ETH/DCA,ETH,2025-12-30,0.5129375873158966
OP Mainnet,0x8b3156a785bcf477d92f2f2a9d7827585d9d551525abb512b0769fbec34e9d22,ETH/DCA,ETH,2025-12-31,0.5101894939406156
OP Mainnet,0x8b3156a785bcf477d92f2f2a9d7827585d9d551525abb512b0769fbec34e9d22,ETH/DCA,ETH,2026-01-01,0.6015094967480128
OP Mainnet,0x8b3156a785bcf477d92f2f2a9d7827585d9d551525abb512b0769fbec34e9d22,ETH/DCA,ETH,2026-01-02,0.5944729015987336
OP Mainnet,0x8b3156a785bcf477d92f2f2a9d7827585d9d551525abb512b0769fbec34e9d22,ETH/DCA,ETH,2026-01-03,0.5934218063416535
OP Mainnet,0x8b3156a785bcf477d92f2f2a9d7827585d9d551525abb512b0769fbec34e9d22,ETH/DCA,ETH,2026-01-04,0.5921001246182082
OP Mainnet,0x8b3156a785bcf477d92f2f2a9d7827585d9d551525abb512b0769fbec34e9d22,ETH/DCA,ETH,2026-01-05,0.5718494053057481
OP Mainnet,0x8b3156a785bcf477d92f2f2a9d7827585d9d551525abb512b0769fbec34e9d22,ETH/DCA,ETH,2026-01-06,0.5676337708244292
OP Mainnet,0x8b3156a785bcf477d92f2f2a9d7827585d9d551525abb512b0769fbec34e9d22,ETH/DCA,ETH,2026-01-07,0.5706885055695141
OP Mainnet,0x8b3156a785bcf477d92f2f2a9d7827585d9d551525abb512b0769fbec34e9d22,ETH/DCA,ETH,2026-01-08,0.5725903894091211
OP Mainnet,0x8b3156a785bcf477d92f2f2a9d7827585d9d551525abb512b0769fbec34e9d22,ETH/DCA,ETH,2026-01-09,0.5730536250788906
OP Mainnet,0x8b3156a785bcf477d92f2f2a9d7827585d9d551525abb512b0769fbec34e9d22,ETH/DCA,ETH,2026-01-10,0.5735062431361397
OP Mainnet,0x8b3156a785bcf477d92f2f2a9d7827585d9d551525abb512b0769fbec34e9d22,ETH/DCA,ETH,2026-01-11,0.5716236856137592
OP Mainnet,0x8b3156a785bcf477d92f2f2a9d7827585d9d551525abb512b0769fbec34e9d22,ETH/DCA,ETH,2026-01-12,0.5685171343215534
OP Mainnet,0x8b3156a785bcf477d92f2f2a9d7827585d9d551525abb512b0769fbec34e9d22,ETH/DCA,ETH,2026-01-13,0.5697300200082419
OP Mainnet,0x8b3156a785bcf477d92f2f2a9d7827585d9d551525abb512b0769fbec34e9d22,ETH/DCA,ETH,2026-01-14,0.306942868247831
OP Mainnet,0x8b3156a785bcf477d92f2f2a9d7827585d9d551525abb512b0769fbec34e9d22,ETH/DCA,ETH,2026-01-15,0.30162794632894585
OP Mainnet,0x8b3156a785bcf477d92f2f2a9d7827585d9d551525abb512b0769fbec34e9d22,ETH/DCA,ETH,2026-01-16,0.30097635147088364
OP Mainnet,0x8b3156a785bcf477d92f2f2a9d7827585d9d551525abb512b0769fbec34e9d22,ETH/DCA,ETH,2026-01-17,0.3001876692527095
OP Mainnet,0x8b3156a785bcf477d92f2f2a9d7827585d9d551525abb512b0769fbec34e9d22,ETH/DCA,ETH,2026-01-18,0.29816513792041516
OP Mainnet,0x8b3156a785bcf477d92f2f2a9d7827585d9d551525abb512b0769fbec34e9d22,ETH/DCA,ETH,2026-01-19,0.297716815420504
OP Mainnet,0x8b3156a785bcf477d92f2f2a9d7827585d9d551525abb512b0769fbec34e9d22,ETH/DCA,ETH,2026-01-20,0.3034981000154594
OP Mainnet,0x8b3156a785bcf477d92f2f2a9d7827585d9d551525abb512b0769fbec34e9d22,ETH/DCA,ETH,2026-01-21,0.30363657896686636
OP Mainnet,0x8b3156a785bcf477d92f2f2a9d7827585d9d551525abb512b0769fbec34e9d22,ETH/DCA,ETH,2026-01-22,0.3047818577594483
OP Mainnet,0x8b3156a785bcf477d92f2f2a9d7827585d9d551525abb512b0769fbec34e9d22,ETH/DCA,ETH,2026-01-23,0.3036116830779037
OP Mainnet,0x8b3156a785bcf477d92f2f2a9d7827585d9d551525abb512b0769fbec34e9d22,ETH/DCA,ETH,2026-01-24,0.303054736029293
OP Mainnet,0x8b3156a785bcf477d92f2f2a9d7827585d9d551525abb512b0769fbec34e9d22,ETH/DCA,ETH,2026-01-25,0.30387198448841124
OP Mainnet,0x8b3156a785bcf477d92f2f2a9d7827585d9d551525abb512b0769fbec34e9d22,ETH/DCA,ETH,2026-01-26,0.3027859686833975
OP Mainnet,0x8b3156a785bcf477d92f2f2a9d7827585d9d551525abb512b0769fbec34e9d22,ETH/DCA,ETH,2026-01-27,0.30024831863621454
OP Mainnet,0x8b3156a785bcf477d92f2f2a9d7827585d9d551525abb512b0769fbec34e9d22,ETH/DCA,ETH,2026-01-28,0.30009315644341
OP Mainnet,0x8b3156a785bcf477d92f2f2a9d7827585d9d551525abb512b0769fbec34e9d22,ETH/DCA,ETH,2026-01-29,0.29688664968593065
OP Mainnet,0x8b3156a785bcf477d92f2f2a9d7827585d9d551525abb512b0769fbec34e9d22,ETH/DCA,ETH,2026-01-30,0.2976714273781178
OP Mainnet,0x8b3156a785bcf477d92f2f2a9d7827585d9d551525abb512b0769fbec34e9d22,ETH/DCA,ETH,2026-01-31,0.3019384266854141
OP Mainnet,0x8b3156a785bcf477d92f2f2a9d7827585d9d551525abb512b0769fbec34e9d22,ETH/DCA,ETH,2026-02-01,0.31063182683775215
OP Mainnet,0x8b3156a785bcf477d92f2f2a9d7827585d9d551525abb512b0769fbec34e9d22,ETH/DCA,ETH,2026-02-02,0.30547685507599087
OP Mainnet,0x8b3156a785bcf477d92f2f2a9d7827585d9d551525abb512b0769fbec34e9d22,ETH/DCA,ETH,2026-02-03,0.30480039075168675
OP Mainnet,0x8b3156a785bcf477d92f2f2a9d7827585d9d551525abb512b0769fbec34e9d22,ETH/DCA,ETH,2026-02-04,0.31683099930803915
OP Mainnet,0x8b3156a785bcf477d92f2f2a9d7827585d9d551525abb512b0769fbec34e9d22,ETH/DCA,ETH,2026-02-05,0.3005518265779493
OP Mainnet,0x8b3156a785bcf477d92f2f2a9d7827585d9d551525abb512b0769fbec34e9d22,ETH/DCA,ETH,2026-02-06,0.29845694806576684
OP Mainnet,0x8b3156a785bcf477d92f2f2a9d7827585d9d551525abb512b0769fbec34e9d22,ETH/DCA,ETH,2026-02-07,0.2976412785901662
OP Mainnet,0x8b3156a785bcf477d92f2f2a9d7827585d9d551525abb512b0769fbec34e9d22,ETH/DCA,ETH,2026-02-08,0.29524912174678875
OP Mainnet,0x8b3156a785bcf477d92f2f2a9d7827585d9d551525abb512b0769fbec34e9d22,ETH/DCA,ETH,2026-02-09,0.2938850843692053
OP Mainnet,0x8b3156a785bcf477d92f2f2a9d7827585d9d551525abb512b0769fbec34e9d22,ETH/DCA,ETH,2026-02-10,0.2941401878466386
OP Mainnet,0x8b3156a785bcf477d92f2f2a9d7827585d9d551525abb512b0769fbec34e9d22,ETH/DCA,ETH,2026-02-11,0.2954301568833366
OP Mainnet,0x8b3156a785bcf477d92f2f2a9d7827585d9d551525abb512b0769fbec34e9d22,ETH/DCA,ETH,2026-02-12,0.29682682938656507
OP Mainnet,0x8b3156a785bcf477d92f2f2a9d7827585d9d551525abb512b0769fbec34e9d22,ETH/DCA,ETH,2026-02-13,0.2922413827360433
OP Mainnet,0x8b3156a785bcf477d92f2f2a9d7827585d9d551525abb512b0769fbec34e9d22,ETH/DCA,ETH,2026-02-14,0.2816531530900798
OP Mainnet,0x8b3156a785bcf477d92f2f2a9d7827585d9d551525abb512b0769fbec34e9d22,ETH/DCA,ETH,2026-02-15,0.2866040007850649
OP Mainnet,0x8b3156a785bcf477d92f2f2a9d7827585d9d551525abb512b0769fbec34e9d22,ETH/DCA,ETH,2026-02-16,0.2854648162154459
OP Mainnet,0x8b3156a785bcf477d92f2f2a9d7827585d9d551525abb512b0769fbec34e9d22,ETH/DCA,ETH,2026-02-17,0.28397094461078703
OP Mainnet,0x8b3156a785bcf477d92f2f2a9d7827585d9d551525abb512b0769fbec34e9d22,ETH/DCA,ETH,2026-02-18,0.26659327976104846
OP Mainnet,0x8b3156a785bcf477d92f2f2a9d7827585d9d551525abb512b0769fbec34e9d22,ETH/DCA,ETH,2026-02-19,0.25572695614444607
OP Mainnet,0x8b3156a785bcf477d92f2f2a9d7827585d9d551525abb512b0769fbec34e9d22,ETH/DCA,ETH,2026-02-20,0.2559762126251269
OP Mainnet,0x8b3156a785bcf477d92f2f2a9d7827585d9d551525abb512b0769fbec34e9d22,ETH/DCA,ETH,2026-02-21,0.253391711814718
OP Mainnet,0x8b3156a785bcf477d92f2f2a9d7827585d9d551525abb512b0769fbec34e9d22,ETH/DCA,ETH,2026-02-22,0.25633689813769794
OP Mainnet,0x8b3156a785bcf477d92f2f2a9d7827585d9d551525abb512b0769fbec34e9d22,ETH/DCA,ETH,2026-02-23,0.2596636567082688
OP Mainnet,0x8b3156a785bcf477d92f2f2a9d7827585d9d551525abb512b0769fbec34e9d22,ETH/DCA,ETH,2026-02-24,0.2540025210162001
OP Mainnet,0x8b3156a785bcf477d92f2f2a9d7827585d9d551525abb512b0769fbec34e9d22,ETH/DCA,ETH,2026-02-25,0.24898534786315646
OP Mainnet,0x8b3156a785bcf477d92f2f2a9d7827585d9d551525abb512b0769fbec34e9d22,ETH/DCA,ETH,2026-02-26,0.24945819388000473
OP Mainnet,0x8b3156a785bcf477d92f2f2a9d7827585d9d551525abb512b0769fbec34e9d22,ETH/DCA,ETH,2026-02-27,0.2573580357563188
OP Mainnet,0x8b3156a785bcf477d92f2f2a9d7827585d9d551525abb512b0769fbec34e9d22,ETH/DCA,ETH,2026-02-28,0.2652698248003883
OP Mainnet,0x8b3156a785bcf477d92f2f2a9d7827585d9d551525abb512b0769fbec34e9d22,ETH/DCA,ETH,2026-03-01,0.26141722983864796
OP Mainnet,0x8b3156a785bcf477d92f2f2a9d7827585d9d551525abb512b0769fbec34e9d22,ETH/DCA,ETH,2026-03-02,0.2617266684538088
OP Mainnet,0x8b3156a785bcf477d92f2f2a9d7827585d9d551525abb512b0769fbec34e9d22,ETH/DCA,ETH,2026-03-03,0.26517866983587385
OP Mainnet,0x8b3156a785bcf477d92f2f2a9d7827585d9d551525abb512b0769fbec34e9d22,ETH/DCA,ETH,2026-03-04,0.2567023757767616
OP Mainnet,0x8b3156a785bcf477d92f2f2a9d7827585d9d551525abb512b0769fbec34e9d22,ETH/DCA,ETH,2026-03-05,0.2555251801045563
OP Mainnet,0x8b3156a785bcf477d92f2f2a9d7827585d9d551525abb512b0769fbec34e9d22,ETH/DCA,ETH,2026-03-06,0.2585647299811408
OP Mainnet,0x8b3156a785bcf477d92f2f2a9d7827585d9d551525abb512b0769fbec34e9d22,ETH/DCA,ETH,2026-03-07,0.2580854847642705
OP Mainnet,0x8b3156a785bcf477d92f2f2a9d7827585d9d551525abb512b0769fbec34e9d22,ETH/DCA,ETH,2026-03-08,0.25515163237324273
OP Mainnet,0x8b3156a785bcf477d92f2f2a9d7827585d9d551525abb512b0769fbec34e9d22,ETH/DCA,ETH,2026-03-09,0.25116703333906903
OP Mainnet,0x8b3156a785bcf477d92f2f2a9d7827585d9d551525abb512b0769fbec34e9d22,ETH/DCA,ETH,2026-03-10,0.25156107454276394
OP Mainnet,0x8b3156a785bcf477d92f2f2a9d7827585d9d551525abb512b0769fbec34e9d22,ETH/DCA,ETH,2026-03-11,0.24986094164830008
OP Mainnet,0x8b3156a785bcf477d92f2f2a9d7827585d9d551525abb512b0769fbec34e9d22,ETH/DCA,ETH,2026-03-12,0.2484696978723486
OP Mainnet,0x8b3156a785bcf477d92f2f2a9d7827585d9d551525abb512b0769fbec34e9d22,ETH/DCA,ETH,2026-03-13,0.2482021123738427
OP Mainnet,0x8b3156a785bcf477d92f2f2a9d7827585d9d551525abb512b0769fbec34e9d22,ETH/DCA,ETH,2026-03-14,0.24868402219645896
OP Mainnet,0x8b3156a785bcf477d92f2f2a9d7827585d9d551525abb512b0769fbec34e9d22,ETH/DCA,ETH,2026-03-15,0.24320033746086728
OP Mainnet,0x8b3156a785bcf477d92f2f2a9d7827585d9d551525abb512b0769fbec34e9d22,ETH/DCA,ETH,2026-03-16,0.2427324871381117
OP Mainnet,0x8b3156a785bcf477d92f2f2a9d7827585d9d551525abb512b0769fbec34e9d22,ETH/DCA,ETH,2026-03-17,0.24222668602299335
OP Mainnet,0x8b3156a785bcf477d92f2f2a9d7827585d9d551525abb512b0769fbec34e9d22,ETH/DCA,ETH,2026-03-18,0.24528923977041933
OP Mainnet,0x8b3156a785bcf477d92f2f2a9d7827585d9d551525abb512b0769fbec34e9d22,ETH/DCA,ETH,2026-03-19,0.2472680849534841
OP Mainnet,0x8b3156a785bcf477d92f2f2a9d7827585d9d551525abb512b0769fbec34e9d22,ETH/DCA,ETH,2026-03-20,0.24720337859860594
OP Mainnet,0x8b3156a785bcf477d92f2f2a9d7827585d9d551525abb512b0769fbec34e9d22,ETH/DCA,ETH,2026-03-21,0.2476981989033557
OP Mainnet,0x8b3156a785bcf477d92f2f2a9d7827585d9d551525abb512b0769fbec34e9d22,ETH/DCA,ETH,2026-03-22,0.24774711571726124
OP Mainnet,0x8b3156a785bcf477d92f2f2a9d7827585d9d551525abb512b0769fbec34e9d22,ETH/DCA,ETH,2026-03-23,0.24162700032652057
OP Mainnet,0x8b3156a785bcf477d92f2f2a9d7827585d9d551525abb512b0769fbec34e9d22,ETH/DCA,ETH,2026-03-24,0.2411034110714359
OP Mainnet,0x8b3156a785bcf477d92f2f2a9d7827585d9d551525abb512b0769fbec34e9d22,ETH/DCA,ETH,2026-03-25,0.24209938376008783
OP Mainnet,0x8b3156a785bcf477d92f2f2a9d7827585d9d551525abb512b0769fbec34e9d22,ETH/DCA,ETH,2026-03-26,0.24505481362812218
OP Mainnet,0x8b3156a785bcf477d92f2f2a9d7827585d9d551525abb512b0769fbec34e9d22,ETH/DCA,ETH,2026-03-27,0.24449797183306374
OP Mainnet,0x8b3156a785bcf477d92f2f2a9d7827585d9d551525abb512b0769fbec34e9d22,ETH/DCA,ETH,2026-03-28,0.24403312186985998
OP Mainnet,0x8b3156a785bcf477d92f2f2a9d7827585d9d551525abb512b0769fbec34e9d22,ETH/DCA,ETH,2026-03-29,0.24347062329927988
OP Mainnet,0x8b3156a785bcf477d92f2f2a9d7827585d9d551525abb512b0769fbec34e9d22,ETH/DCA,ETH,2026-03-30,0.24242396937794988
OP Mainnet,0x8b3156a785bcf477d92f2f2a9d7827585d9d551525abb512b0769fbec34e9d22,ETH/DCA,ETH,2026-03-31,0.24087326174549065
OP Mainnet,0x8b3156a785bcf477d92f2f2a9d7827585d9d551525abb512b0769fbec34e9d22,ETH/DCA,ETH,2026-04-01,0.24235048725416328
OP Mainnet,0x8b3156a785bcf477d92f2f2a9d7827585d9d551525abb512b0769fbec34e9d22,ETH/DCA,ETH,2026-04-02,0.24198896117043292
OP Mainnet,0x8b3156a785bcf477d92f2f2a9d7827585d9d551525abb512b0769fbec34e9d22,ETH/DCA,ETH,2026-04-03,0.24380581670709472
OP Mainnet,0x8b3156a785bcf477d92f2f2a9d7827585d9d551525abb512b0769fbec34e9d22,ETH/DCA,ETH,2026-04-04,0.24334898927400386
OP Mainnet,0x8b3156a785bcf477d92f2f2a9d7827585d9d551525abb512b0769fbec34e9d22,ETH/DCA,ETH,2026-04-05,0.24079450490074988
OP Mainnet,0x8b3156a785bcf477d92f2f2a9d7827585d9d551525abb512b0769fbec34e9d22,ETH/DCA,ETH,2026-04-06,0.24133542124997256
OP Mainnet,0x8b3156a785bcf477d92f2f2a9d7827585d9d551525abb512b0769fbec34e9d22,ETH/DCA,ETH,2026-04-07,0.23968146776634416
OP Mainnet,0x8b3156a785bcf477d92f2f2a9d7827585d9d551525abb512b0769fbec34e9d22,ETH/DCA,ETH,2026-04-08,0.2401275678918581
OP Mainnet,0x8b3156a785bcf477d92f2f2a9d7827585d9d551525abb512b0769fbec34e9d22,ETH/DCA,ETH,2026-04-09,0.24038639205978132
OP Mainnet,0x8b3156a785bcf477d92f2f2a9d7827585d9d551525abb512b0769fbec34e9d22,ETH/DCA,ETH,2026-04-10,0.23879912358729588
OP Mainnet,0x8b3156a785bcf477d92f2f2a9d7827585d9d551525abb512b0769fbec34e9d22,ETH/DCA,ETH,2026-04-11,0.2381548274102131
OP Mainnet,0xd6821af358d804a37fd82b956d80b2fcf74e6463069e7d8b2ffe86138087da36,OP/DCA,DCA,2025-11-16,40.07427718459508
OP Mainnet,0xd6821af358d804a37fd82b956d80b2fcf74e6463069e7d8b2ffe86138087da36,OP/DCA,DCA,2025-11-17,40.07427718459508
OP Mainnet,0xd6821af358d804a37fd82b956d80b2fcf74e6463069e7d8b2ffe86138087da36,OP/DCA,DCA,2025-11-18,2302.9067450406014
OP Mainnet,0xd6821af358d804a37fd82b956d80b2fcf74e6463069e7d8b2ffe86138087da36,OP/DCA,DCA,2025-11-19,2302.9067450406014
OP Mainnet,0xd6821af358d804a37fd82b956d80b2fcf74e6463069e7d8b2ffe86138087da36,OP/DCA,DCA,2025-11-20,2302.9067450406014
OP Mainnet,0xd6821af358d804a37fd82b956d80b2fcf74e6463069e7d8b2ffe86138087da36,OP/DCA,DCA,2025-11-21,2209.8190342347098
OP Mainnet,0xd6821af358d804a37fd82b956d80b2fcf74e6463069e7d8b2ffe86138087da36,OP/DCA,DCA,2025-11-22,2080.592941002726
OP Mainnet,0xd6821af358d804a37fd82b956d80b2fcf74e6463069e7d8b2ffe86138087da36,OP/DCA,DCA,2025-11-23,2082.7501802045226
OP Mainnet,0xd6821af358d804a37fd82b956d80b2fcf74e6463069e7d8b2ffe86138087da36,OP/DCA,DCA,2025-11-24,2170.2694079572893
OP Mainnet,0xd6821af358d804a37fd82b956d80b2fcf74e6463069e7d8b2ffe86138087da36,OP/DCA,DCA,2025-11-25,2173.5993176381007
OP Mainnet,0xd6821af358d804a37fd82b956d80b2fcf74e6463069e7d8b2ffe86138087da36,OP/DCA,DCA,2025-11-26,2165.4138514198476
OP Mainnet,0xd6821af358d804a37fd82b956d80b2fcf74e6463069e7d8b2ffe86138087da36,OP/DCA,DCA,2025-11-27,2179.724639365371
OP Mainnet,0xd6821af358d804a37fd82b956d80b2fcf74e6463069e7d8b2ffe86138087da36,OP/DCA,DCA,2025-11-28,2183.6875509928154
OP Mainnet,0xd6821af358d804a37fd82b956d80b2fcf74e6463069e7d8b2ffe86138087da36,OP/DCA,DCA,2025-11-29,2176.729794563438
OP Mainnet,0xd6821af358d804a37fd82b956d80b2fcf74e6463069e7d8b2ffe86138087da36,OP/DCA,DCA,2025-11-30,2123.652352498342
OP Mainnet,0xd6821af358d804a37fd82b956d80b2fcf74e6463069e7d8b2ffe86138087da36,OP/DCA,DCA,2025-12-01,2105.555407398965
OP Mainnet,0xd6821af358d804a37fd82b956d80b2fcf74e6463069e7d8b2ffe86138087da36,OP/DCA,DCA,2025-12-02,2144.8476277694117
OP Mainnet,0xd6821af358d804a37fd82b956d80b2fcf74e6463069e7d8b2ffe86138087da36,OP/DCA,DCA,2025-12-03,2339.126306738606
OP Mainnet,0xd6821af358d804a37fd82b956d80b2fcf74e6463069e7d8b2ffe86138087da36,OP/DCA,DCA,2025-12-04,2405.1284561424095
OP Mainnet,0xd6821af358d804a37fd82b956d80b2fcf74e6463069e7d8b2ffe86138087da36,OP/DCA,DCA,2025-12-05,2363.6204487251152
OP Mainnet,0xd6821af358d804a37fd82b956d80b2fcf74e6463069e7d8b2ffe86138087da36,OP/DCA,DCA,2025-12-06,2732.481649093362
OP Mainnet,0xd6821af358d804a37fd82b956d80b2fcf74e6463069e7d8b2ffe86138087da36,OP/DCA,DCA,2025-12-07,2703.5661834679436
OP Mainnet,0xd6821af358d804a37fd82b956d80b2fcf74e6463069e7d8b2ffe86138087da36,OP/DCA,DCA,2025-12-08,2732.6953334206846
OP Mainnet,0xd6821af358d804a37fd82b956d80b2fcf74e6463069e7d8b2ffe86138087da36,OP/DCA,DCA,2025-12-09,2566.083070661961
OP Mainnet,0xd6821af358d804a37fd82b956d80b2fcf74e6463069e7d8b2ffe86138087da36,OP/DCA,DCA,2025-12-10,2486.2698198161556
OP Mainnet,0xd6821af358d804a37fd82b956d80b2fcf74e6463069e7d8b2ffe86138087da36,OP/DCA,DCA,2025-12-11,2479.6306337445694
OP Mainnet,0xd6821af358d804a37fd82b956d80b2fcf74e6463069e7d8b2ffe86138087da36,OP/DCA,DCA,2025-12-12,2497.140754358346
OP Mainnet,0xd6821af358d804a37fd82b956d80b2fcf74e6463069e7d8b2ffe86138087da36,OP/DCA,DCA,2025-12-13,2901.262115509513
OP Mainnet,0xd6821af358d804a37fd82b956d80b2fcf74e6463069e7d8b2ffe86138087da36,OP/DCA,DCA,2025-12-14,3027.856799737828
OP Mainnet,0xd6821af358d804a37fd82b956d80b2fcf74e6463069e7d8b2ffe86138087da36,OP/DCA,DCA,2025-12-15,3298.3341441906555
OP Mainnet,0xd6821af358d804a37fd82b956d80b2fcf74e6463069e7d8b2ffe86138087da36,OP/DCA,DCA,2025-12-16,3307.8495837319724
OP Mainnet,0xd6821af358d804a37fd82b956d80b2fcf74e6463069e7d8b2ffe86138087da36,OP/DCA,DCA,2025-12-17,3207.404652518764
OP Mainnet,0xd6821af358d804a37fd82b956d80b2fcf74e6463069e7d8b2ffe86138087da36,OP/DCA,DCA,2025-12-18,3130.8057922887206
OP Mainnet,0xd6821af358d804a37fd82b956d80b2fcf74e6463069e7d8b2ffe86138087da36,OP/DCA,DCA,2025-12-19,3306.1014514834656
OP Mainnet,0xd6821af358d804a37fd82b956d80b2fcf74e6463069e7d8b2ffe86138087da36,OP/DCA,DCA,2025-12-20,3289.1858727320723
OP Mainnet,0xd6821af358d804a37fd82b956d80b2fcf74e6463069e7d8b2ffe86138087da36,OP/DCA,DCA,2025-12-21,3247.108958698954
OP Mainnet,0xd6821af358d804a37fd82b956d80b2fcf74e6463069e7d8b2ffe86138087da36,OP/DCA,DCA,2025-12-22,3241.0773489280027
OP Mainnet,0xd6821af358d804a37fd82b956d80b2fcf74e6463069e7d8b2ffe86138087da36,OP/DCA,DCA,2025-12-23,3247.180886077211
OP Mainnet,0xd6821af358d804a37fd82b956d80b2fcf74e6463069e7d8b2ffe86138087da36,OP/DCA,DCA,2025-12-24,3589.3296910356516
OP Mainnet,0xd6821af358d804a37fd82b956d80b2fcf74e6463069e7d8b2ffe86138087da36,OP/DCA,DCA,2025-12-25,3678.957088450665
OP Mainnet,0xd6821af358d804a37fd82b956d80b2fcf74e6463069e7d8b2ffe86138087da36,OP/DCA,DCA,2025-12-26,3745.196387673478
OP Mainnet,0xd6821af358d804a37fd82b956d80b2fcf74e6463069e7d8b2ffe86138087da36,OP/DCA,DCA,2025-12-27,3908.7826588825064
OP Mainnet,0xd6821af358d804a37fd82b956d80b2fcf74e6463069e7d8b2ffe86138087da36,OP/DCA,DCA,2025-12-28,3882.825131941534
OP Mainnet,0xd6821af358d804a37fd82b956d80b2fcf74e6463069e7d8b2ffe86138087da36,OP/DCA,DCA,2025-12-29,3979.0598955604355
OP Mainnet,0xd6821af358d804a37fd82b956d80b2fcf74e6463069e7d8b2ffe86138087da36,OP/DCA,DCA,2025-12-30,3970.050701587016
OP Mainnet,0xd6821af358d804a37fd82b956d80b2fcf74e6463069e7d8b2ffe86138087da36,OP/DCA,DCA,2025-12-31,3929.1399443981095
OP Mainnet,0xd6821af358d804a37fd82b956d80b2fcf74e6463069e7d8b2ffe86138087da36,OP/DCA,DCA,2026-01-01,4235.0930478376595
OP Mainnet,0xd6821af358d804a37fd82b956d80b2fcf74e6463069e7d8b2ffe86138087da36,OP/DCA,DCA,2026-01-02,4250.4447217541265
OP Mainnet,0xd6821af358d804a37fd82b956d80b2fcf74e6463069e7d8b2ffe86138087da36,OP/DCA,DCA,2026-01-03,4438.053405382186
OP Mainnet,0xd6821af358d804a37fd82b956d80b2fcf74e6463069e7d8b2ffe86138087da36,OP/DCA,DCA,2026-01-04,4474.916674364452
OP Mainnet,0xd6821af358d804a37fd82b956d80b2fcf74e6463069e7d8b2ffe86138087da36,OP/DCA,DCA,2026-01-05,4561.192154270325
OP Mainnet,0xd6821af358d804a37fd82b956d80b2fcf74e6463069e7d8b2ffe86138087da36,OP/DCA,DCA,2026-01-06,4646.403854309731
OP Mainnet,0xd6821af358d804a37fd82b956d80b2fcf74e6463069e7d8b2ffe86138087da36,OP/DCA,DCA,2026-01-07,4641.521595301131
OP Mainnet,0xd6821af358d804a37fd82b956d80b2fcf74e6463069e7d8b2ffe86138087da36,OP/DCA,DCA,2026-01-08,4654.729284685788
OP Mainnet,0xd6821af358d804a37fd82b956d80b2fcf74e6463069e7d8b2ffe86138087da36,OP/DCA,DCA,2026-01-09,5001.255464720931
OP Mainnet,0xd6821af358d804a37fd82b956d80b2fcf74e6463069e7d8b2ffe86138087da36,OP/DCA,DCA,2026-01-10,5045.0823413426
OP Mainnet,0xd6821af358d804a37fd82b956d80b2fcf74e6463069e7d8b2ffe86138087da36,OP/DCA,DCA,2026-01-11,5196.462595532957
OP Mainnet,0xd6821af358d804a37fd82b956d80b2fcf74e6463069e7d8b2ffe86138087da36,OP/DCA,DCA,2026-01-12,5124.077048755734
OP Mainnet,0xd6821af358d804a37fd82b956d80b2fcf74e6463069e7d8b2ffe86138087da36,OP/DCA,DCA,2026-01-13,4259.5618536206675
OP Mainnet,0xd6821af358d804a37fd82b956d80b2fcf74e6463069e7d8b2ffe86138087da36,OP/DCA,DCA,2026-01-14,3685.678394666351
OP Mainnet,0xd6821af358d804a37fd82b956d80b2fcf74e6463069e7d8b2ffe86138087da36,OP/DCA,DCA,2026-01-15,3625.768990114559
OP Mainnet,0xd6821af358d804a37fd82b956d80b2fcf74e6463069e7d8b2ffe86138087da36,OP/DCA,DCA,2026-01-16,3644.135782116025
OP Mainnet,0xd6821af358d804a37fd82b956d80b2fcf74e6463069e7d8b2ffe86138087da36,OP/DCA,DCA,2026-01-17,3647.3035334039723
OP Mainnet,0xd6821af358d804a37fd82b956d80b2fcf74e6463069e7d8b2ffe86138087da36,OP/DCA,DCA,2026-01-18,3543.3745411305854
OP Mainnet,0xd6821af358d804a37fd82b956d80b2fcf74e6463069e7d8b2ffe86138087da36,OP/DCA,DCA,2026-01-19,3607.0311788884455
OP Mainnet,0xd6821af358d804a37fd82b956d80b2fcf74e6463069e7d8b2ffe86138087da36,OP/DCA,DCA,2026-01-20,3637.098671160168
OP Mainnet,0xd6821af358d804a37fd82b956d80b2fcf74e6463069e7d8b2ffe86138087da36,OP/DCA,DCA,2026-01-21,4897.096270642366
OP Mainnet,0xd6821af358d804a37fd82b956d80b2fcf74e6463069e7d8b2ffe86138087da36,OP/DCA,DCA,2026-01-22,3651.9736562733033
OP Mainnet,0xd6821af358d804a37fd82b956d80b2fcf74e6463069e7d8b2ffe86138087da36,OP/DCA,DCA,2026-01-23,3616.963964785992
OP Mainnet,0xd6821af358d804a37fd82b956d80b2fcf74e6463069e7d8b2ffe86138087da36,OP/DCA,DCA,2026-01-24,3606.653530260665
OP Mainnet,0xd6821af358d804a37fd82b956d80b2fcf74e6463069e7d8b2ffe86138087da36,OP/DCA,DCA,2026-01-25,3570.405358427668
OP Mainnet,0xd6821af358d804a37fd82b956d80b2fcf74e6463069e7d8b2ffe86138087da36,OP/DCA,DCA,2026-01-26,3592.791467526909
OP Mainnet,0xd6821af358d804a37fd82b956d80b2fcf74e6463069e7d8b2ffe86138087da36,OP/DCA,DCA,2026-01-27,3582.332245652868
OP Mainnet,0xd6821af358d804a37fd82b956d80b2fcf74e6463069e7d8b2ffe86138087da36,OP/DCA,DCA,2026-01-28,3545.713072115753
OP Mainnet,0xd6821af358d804a37fd82b956d80b2fcf74e6463069e7d8b2ffe86138087da36,OP/DCA,DCA,2026-01-29,3542.3333209996326
OP Mainnet,0xd6821af358d804a37fd82b956d80b2fcf74e6463069e7d8b2ffe86138087da36,OP/DCA,DCA,2026-01-30,3552.857032847743
OP Mainnet,0xd6821af358d804a37fd82b956d80b2fcf74e6463069e7d8b2ffe86138087da36,OP/DCA,DCA,2026-01-31,3508.5184018260647
OP Mainnet,0xd6821af358d804a37fd82b956d80b2fcf74e6463069e7d8b2ffe86138087da36,OP/DCA,DCA,2026-02-01,4538.261355417088
OP Mainnet,0xd6821af358d804a37fd82b956d80b2fcf74e6463069e7d8b2ffe86138087da36,OP/DCA,DCA,2026-02-02,4516.13565136655
OP Mainnet,0xd6821af358d804a37fd82b956d80b2fcf74e6463069e7d8b2ffe86138087da36,OP/DCA,DCA,2026-02-03,4478.068532703407
OP Mainnet,0xd6821af358d804a37fd82b956d80b2fcf74e6463069e7d8b2ffe86138087da36,OP/DCA,DCA,2026-02-04,4090.7767381924536
OP Mainnet,0xd6821af358d804a37fd82b956d80b2fcf74e6463069e7d8b2ffe86138087da36,OP/DCA,DCA,2026-02-05,3818.348285073587
OP Mainnet,0xd6821af358d804a37fd82b956d80b2fcf74e6463069e7d8b2ffe86138087da36,OP/DCA,DCA,2026-02-06,3865.8597065362173
OP Mainnet,0xd6821af358d804a37fd82b956d80b2fcf74e6463069e7d8b2ffe86138087da36,OP/DCA,DCA,2026-02-07,3856.5216112251496
OP Mainnet,0xd6821af358d804a37fd82b956d80b2fcf74e6463069e7d8b2ffe86138087da36,OP/DCA,DCA,2026-02-08,3878.389463434009
OP Mainnet,0xd6821af358d804a37fd82b956d80b2fcf74e6463069e7d8b2ffe86138087da36,OP/DCA,DCA,2026-02-09,3841.8497392315767
OP Mainnet,0xd6821af358d804a37fd82b956d80b2fcf74e6463069e7d8b2ffe86138087da36,OP/DCA,DCA,2026-02-10,3887.13227498126
OP Mainnet,0xd6821af358d804a37fd82b956d80b2fcf74e6463069e7d8b2ffe86138087da36,OP/DCA,DCA,2026-02-11,3898.741253119784
OP Mainnet,0xd6821af358d804a37fd82b956d80b2fcf74e6463069e7d8b2ffe86138087da36,OP/DCA,DCA,2026-02-12,3916.11873839945
OP Mainnet,0xd6821af358d804a37fd82b956d80b2fcf74e6463069e7d8b2ffe86138087da36,OP/DCA,DCA,2026-02-13,3658.9046643832776
OP Mainnet,0xd6821af358d804a37fd82b956d80b2fcf74e6463069e7d8b2ffe86138087da36,OP/DCA,DCA,2026-02-14,3774.553637863486
OP Mainnet,0xd6821af358d804a37fd82b956d80b2fcf74e6463069e7d8b2ffe86138087da36,OP/DCA,DCA,2026-02-15,3757.4170066717957
OP Mainnet,0xd6821af358d804a37fd82b956d80b2fcf74e6463069e7d8b2ffe86138087da36,OP/DCA,DCA,2026-02-16,3754.5115935079866
OP Mainnet,0xd6821af358d804a37fd82b956d80b2fcf74e6463069e7d8b2ffe86138087da36,OP/DCA,DCA,2026-02-17,3749.8383443416546
OP Mainnet,0xd6821af358d804a37fd82b956d80b2fcf74e6463069e7d8b2ffe86138087da36,OP/DCA,DCA,2026-02-18,3536.843389101713
OP Mainnet,0xd6821af358d804a37fd82b956d80b2fcf74e6463069e7d8b2ffe86138087da36,OP/DCA,DCA,2026-02-19,3094.577117792623
OP Mainnet,0xd6821af358d804a37fd82b956d80b2fcf74e6463069e7d8b2ffe86138087da36,OP/DCA,DCA,2026-02-20,3106.9082806849738
OP Mainnet,0xd6821af358d804a37fd82b956d80b2fcf74e6463069e7d8b2ffe86138087da36,OP/DCA,DCA,2026-02-21,3016.931186827679
OP Mainnet,0xd6821af358d804a37fd82b956d80b2fcf74e6463069e7d8b2ffe86138087da36,OP/DCA,DCA,2026-02-22,2978.5663241970265
OP Mainnet,0xd6821af358d804a37fd82b956d80b2fcf74e6463069e7d8b2ffe86138087da36,OP/DCA,DCA,2026-02-23,3019.3959832615346
OP Mainnet,0xd6821af358d804a37fd82b956d80b2fcf74e6463069e7d8b2ffe86138087da36,OP/DCA,DCA,2026-02-24,2972.7758879292114
OP Mainnet,0xd6821af358d804a37fd82b956d80b2fcf74e6463069e7d8b2ffe86138087da36,OP/DCA,DCA,2026-02-25,2992.384895193375
OP Mainnet,0xd6821af358d804a37fd82b956d80b2fcf74e6463069e7d8b2ffe86138087da36,OP/DCA,DCA,2026-02-26,2968.4425969071044
OP Mainnet,0xd6821af358d804a37fd82b956d80b2fcf74e6463069e7d8b2ffe86138087da36,OP/DCA,DCA,2026-02-27,2997.880239243263
OP Mainnet,0xd6821af358d804a37fd82b956d80b2fcf74e6463069e7d8b2ffe86138087da36,OP/DCA,DCA,2026-02-28,3000.8101100781055
OP Mainnet,0xd6821af358d804a37fd82b956d80b2fcf74e6463069e7d8b2ffe86138087da36,OP/DCA,DCA,2026-03-01,3013.141671761243
OP Mainnet,0xd6821af358d804a37fd82b956d80b2fcf74e6463069e7d8b2ffe86138087da36,OP/DCA,DCA,2026-03-02,3026.519637266504
OP Mainnet,0xd6821af358d804a37fd82b956d80b2fcf74e6463069e7d8b2ffe86138087da36,OP/DCA,DCA,2026-03-03,3047.436248203282
OP Mainnet,0xd6821af358d804a37fd82b956d80b2fcf74e6463069e7d8b2ffe86138087da36,OP/DCA,DCA,2026-03-04,2988.835242707526
OP Mainnet,0xd6821af358d804a37fd82b956d80b2fcf74e6463069e7d8b2ffe86138087da36,OP/DCA,DCA,2026-03-05,3014.901690727498
OP Mainnet,0xd6821af358d804a37fd82b956d80b2fcf74e6463069e7d8b2ffe86138087da36,OP/DCA,DCA,2026-03-06,2999.315707538145
OP Mainnet,0xd6821af358d804a37fd82b956d80b2fcf74e6463069e7d8b2ffe86138087da36,OP/DCA,DCA,2026-03-07,2957.9320647808026
OP Mainnet,0xd6821af358d804a37fd82b956d80b2fcf74e6463069e7d8b2ffe86138087da36,OP/DCA,DCA,2026-03-08,2968.9074427462974
OP Mainnet,0xd6821af358d804a37fd82b956d80b2fcf74e6463069e7d8b2ffe86138087da36,OP/DCA,DCA,2026-03-09,3675.88775920997
OP Mainnet,0xd6821af358d804a37fd82b956d80b2fcf74e6463069e7d8b2ffe86138087da36,OP/DCA,DCA,2026-03-10,3678.689879498758
OP Mainnet,0xd6821af358d804a37fd82b956d80b2fcf74e6463069e7d8b2ffe86138087da36,OP/DCA,DCA,2026-03-11,3791.7891319908213
OP Mainnet,0xd6821af358d804a37fd82b956d80b2fcf74e6463069e7d8b2ffe86138087da36,OP/DCA,DCA,2026-03-12,3811.0097185635777
OP Mainnet,0xd6821af358d804a37fd82b956d80b2fcf74e6463069e7d8b2ffe86138087da36,OP/DCA,DCA,2026-03-13,3051.6467694737094
OP Mainnet,0xd6821af358d804a37fd82b956d80b2fcf74e6463069e7d8b2ffe86138087da36,OP/DCA,DCA,2026-03-14,3070.517711139359
OP Mainnet,0xd6821af358d804a37fd82b956d80b2fcf74e6463069e7d8b2ffe86138087da36,OP/DCA,DCA,2026-03-15,3060.548641319599
OP Mainnet,0xd6821af358d804a37fd82b956d80b2fcf74e6463069e7d8b2ffe86138087da36,OP/DCA,DCA,2026-03-16,3100.2401615310473
OP Mainnet,0xd6821af358d804a37fd82b956d80b2fcf74e6463069e7d8b2ffe86138087da36,OP/DCA,DCA,2026-03-17,3100.1670190218224
OP Mainnet,0xd6821af358d804a37fd82b956d80b2fcf74e6463069e7d8b2ffe86138087da36,OP/DCA,DCA,2026-03-18,3060.591996681767
OP Mainnet,0xd6821af358d804a37fd82b956d80b2fcf74e6463069e7d8b2ffe86138087da36,OP/DCA,DCA,2026-03-19,3060.468651235572
OP Mainnet,0xd6821af358d804a37fd82b956d80b2fcf74e6463069e7d8b2ffe86138087da36,OP/DCA,DCA,2026-03-20,3060.4170914787014
OP Mainnet,0xd6821af358d804a37fd82b956d80b2fcf74e6463069e7d8b2ffe86138087da36,OP/DCA,DCA,2026-03-21,3040.6819893223574
OP Mainnet,0xd6821af358d804a37fd82b956d80b2fcf74e6463069e7d8b2ffe86138087da36,OP/DCA,DCA,2026-03-22,3011.141087627312
OP Mainnet,0xd6821af358d804a37fd82b956d80b2fcf74e6463069e7d8b2ffe86138087da36,OP/DCA,DCA,2026-03-23,2951.404381665476
OP Mainnet,0xd6821af358d804a37fd82b956d80b2fcf74e6463069e7d8b2ffe86138087da36,OP/DCA,DCA,2026-03-24,2952.297666020115
OP Mainnet,0xd6821af358d804a37fd82b956d80b2fcf74e6463069e7d8b2ffe86138087da36,OP/DCA,DCA,2026-03-25,2944.7803004594957
OP Mainnet,0xd6821af358d804a37fd82b956d80b2fcf74e6463069e7d8b2ffe86138087da36,OP/DCA,DCA,2026-03-26,2946.3903115719977
OP Mainnet,0xd6821af358d804a37fd82b956d80b2fcf74e6463069e7d8b2ffe86138087da36,OP/DCA,DCA,2026-03-27,2909.4955603065696
OP Mainnet,0xd6821af358d804a37fd82b956d80b2fcf74e6463069e7d8b2ffe86138087da36,OP/DCA,DCA,2026-03-28,2902.1925422925365
OP Mainnet,0xd6821af358d804a37fd82b956d80b2fcf74e6463069e7d8b2ffe86138087da36,OP/DCA,DCA,2026-03-29,2924.588598742411
OP Mainnet,0xd6821af358d804a37fd82b956d80b2fcf74e6463069e7d8b2ffe86138087da36,OP/DCA,DCA,2026-03-30,2927.1390392138187
OP Mainnet,0xd6821af358d804a37fd82b956d80b2fcf74e6463069e7d8b2ffe86138087da36,OP/DCA,DCA,2026-03-31,2939.337849266374
OP Mainnet,0xd6821af358d804a37fd82b956d80b2fcf74e6463069e7d8b2ffe86138087da36,OP/DCA,DCA,2026-04-01,2931.3628839487783
OP Mainnet,0xd6821af358d804a37fd82b956d80b2fcf74e6463069e7d8b2ffe86138087da36,OP/DCA,DCA,2026-04-02,2923.6172986015845
OP Mainnet,0xd6821af358d804a37fd82b956d80b2fcf74e6463069e7d8b2ffe86138087da36,OP/DCA,DCA,2026-04-03,2966.156758739321
OP Mainnet,0xd6821af358d804a37fd82b956d80b2fcf74e6463069e7d8b2ffe86138087da36,OP/DCA,DCA,2026-04-04,2948.9800265220415
OP Mainnet,0xd6821af358d804a37fd82b956d80b2fcf74e6463069e7d8b2ffe86138087da36,OP/DCA,DCA,2026-04-05,2941.736141988148
OP Mainnet,0xd6821af358d804a37fd82b956d80b2fcf74e6463069e7d8b2ffe86138087da36,OP/DCA,DCA,2026-04-06,2933.948561608125
OP Mainnet,0xd6821af358d804a37fd82b956d80b2fcf74e6463069e7d8b2ffe86138087da36,OP/DCA,DCA,2026-04-07,2986.6402840827704
OP Mainnet,0xd6821af358d804a37fd82b956d80b2fcf74e6463069e7d8b2ffe86138087da36,OP/DCA,DCA,2026-04-08,2948.648171691193
OP Mainnet,0xd6821af358d804a37fd82b956d80b2fcf74e6463069e7d8b2ffe86138087da36,OP/DCA,DCA,2026-04-09,2950.708439403519
OP Mainnet,0xd6821af358d804a37fd82b956d80b2fcf74e6463069e7d8b2ffe86138087da36,OP/DCA,DCA,2026-04-10,2922.3347509376977
OP Mainnet,0xd6821af358d804a37fd82b956d80b2fcf74e6463069e7d8b2ffe86138087da36,OP/DCA,DCA,2026-04-11,2894.031752912112
OP Mainnet,0xd6821af358d804a37fd82b956d80b2fcf74e6463069e7d8b2ffe86138087da36,OP/DCA,OP,2025-11-16,26.903824411199288
OP Mainnet,0xd6821af358d804a37fd82b956d80b2fcf74e6463069e7d8b2ffe86138087da36,OP/DCA,OP,2025-11-17,26.903824411199288
OP Mainnet,0xd6821af358d804a37fd82b956d80b2fcf74e6463069e7d8b2ffe86138087da36,OP/DCA,OP,2025-11-18,1536.140821159152
OP Mainnet,0xd6821af358d804a37fd82b956d80b2fcf74e6463069e7d8b2ffe86138087da36,OP/DCA,OP,2025-11-19,1536.140821159152
OP Mainnet,0xd6821af358d804a37fd82b956d80b2fcf74e6463069e7d8b2ffe86138087da36,OP/DCA,OP,2025-11-20,1536.140821159152
OP Mainnet,0xd6821af358d804a37fd82b956d80b2fcf74e6463069e7d8b2ffe86138087da36,OP/DCA,OP,2025-11-21,1600.8501164914321
OP Mainnet,0xd6821af358d804a37fd82b956d80b2fcf74e6463069e7d8b2ffe86138087da36,OP/DCA,OP,2025-11-22,1700.279275519749
OP Mainnet,0xd6821af358d804a37fd82b956d80b2fcf74e6463069e7d8b2ffe86138087da36,OP/DCA,OP,2025-11-23,1698.5181861956357
OP Mainnet,0xd6821af358d804a37fd82b956d80b2fcf74e6463069e7d8b2ffe86138087da36,OP/DCA,OP,2025-11-24,1745.3467324414883
OP Mainnet,0xd6821af358d804a37fd82b956d80b2fcf74e6463069e7d8b2ffe86138087da36,OP/DCA,OP,2025-11-25,1742.6728969587625
OP Mainnet,0xd6821af358d804a37fd82b956d80b2fcf74e6463069e7d8b2ffe86138087da36,OP/DCA,OP,2025-11-26,1749.2603629612397
OP Mainnet,0xd6821af358d804a37fd82b956d80b2fcf74e6463069e7d8b2ffe86138087da36,OP/DCA,OP,2025-11-27,1737.7757498758288
OP Mainnet,0xd6821af358d804a37fd82b956d80b2fcf74e6463069e7d8b2ffe86138087da36,OP/DCA,OP,2025-11-28,1734.6220698899067
OP Mainnet,0xd6821af358d804a37fd82b956d80b2fcf74e6463069e7d8b2ffe86138087da36,OP/DCA,OP,2025-11-29,1740.1666615472911
OP Mainnet,0xd6821af358d804a37fd82b956d80b2fcf74e6463069e7d8b2ffe86138087da36,OP/DCA,OP,2025-11-30,1783.6594653733166
OP Mainnet,0xd6821af358d804a37fd82b956d80b2fcf74e6463069e7d8b2ffe86138087da36,OP/DCA,OP,2025-12-01,1798.9897612693144
OP Mainnet,0xd6821af358d804a37fd82b956d80b2fcf74e6463069e7d8b2ffe86138087da36,OP/DCA,OP,2025-12-02,1766.0334331699228
OP Mainnet,0xd6821af358d804a37fd82b956d80b2fcf74e6463069e7d8b2ffe86138087da36,OP/DCA,OP,2025-12-03,1945.2949827722782
OP Mainnet,0xd6821af358d804a37fd82b956d80b2fcf74e6463069e7d8b2ffe86138087da36,OP/DCA,OP,2025-12-04,2039.848702379191
OP Mainnet,0xd6821af358d804a37fd82b956d80b2fcf74e6463069e7d8b2ffe86138087da36,OP/DCA,OP,2025-12-05,2074.9157410849043
OP Mainnet,0xd6821af358d804a37fd82b956d80b2fcf74e6463069e7d8b2ffe86138087da36,OP/DCA,OP,2025-12-06,2296.816305975595
OP Mainnet,0xd6821af358d804a37fd82b956d80b2fcf74e6463069e7d8b2ffe86138087da36,OP/DCA,OP,2025-12-07,2321.8978540223575
OP Mainnet,0xd6821af358d804a37fd82b956d80b2fcf74e6463069e7d8b2ffe86138087da36,OP/DCA,OP,2025-12-08,2297.49528021316
OP Mainnet,0xd6821af358d804a37fd82b956d80b2fcf74e6463069e7d8b2ffe86138087da36,OP/DCA,OP,2025-12-09,2112.6155425623388
OP Mainnet,0xd6821af358d804a37fd82b956d80b2fcf74e6463069e7d8b2ffe86138087da36,OP/DCA,OP,2025-12-10,2179.420656837125
OP Mainnet,0xd6821af358d804a37fd82b956d80b2fcf74e6463069e7d8b2ffe86138087da36,OP/DCA,OP,2025-12-11,2185.099571036639
OP Mainnet,0xd6821af358d804a37fd82b956d80b2fcf74e6463069e7d8b2ffe86138087da36,OP/DCA,OP,2025-12-12,2170.163156884952
OP Mainnet,0xd6821af358d804a37fd82b956d80b2fcf74e6463069e7d8b2ffe86138087da36,OP/DCA,OP,2025-12-13,2479.4534280403436
OP Mainnet,0xd6821af358d804a37fd82b956d80b2fcf74e6463069e7d8b2ffe86138087da36,OP/DCA,OP,2025-12-14,2572.1052347240648
OP Mainnet,0xd6821af358d804a37fd82b956d80b2fcf74e6463069e7d8b2ffe86138087da36,OP/DCA,OP,2025-12-15,2876.637215960724
OP Mainnet,0xd6821af358d804a37fd82b956d80b2fcf74e6463069e7d8b2ffe86138087da36,OP/DCA,OP,2025-12-16,2869.782316014015
OP Mainnet,0xd6821af358d804a37fd82b956d80b2fcf74e6463069e7d8b2ffe86138087da36,OP/DCA,OP,2025-12-17,2957.157860124134
OP Mainnet,0xd6821af358d804a37fd82b956d80b2fcf74e6463069e7d8b2ffe86138087da36,OP/DCA,OP,2025-12-18,3027.19444322827
OP Mainnet,0xd6821af358d804a37fd82b956d80b2fcf74e6463069e7d8b2ffe86138087da36,OP/DCA,OP,2025-12-19,3067.6125239586568
OP Mainnet,0xd6821af358d804a37fd82b956d80b2fcf74e6463069e7d8b2ffe86138087da36,OP/DCA,OP,2025-12-20,3084.8395540876672
OP Mainnet,0xd6821af358d804a37fd82b956d80b2fcf74e6463069e7d8b2ffe86138087da36,OP/DCA,OP,2025-12-21,3123.0536335851107
OP Mainnet,0xd6821af358d804a37fd82b956d80b2fcf74e6463069e7d8b2ffe86138087da36,OP/DCA,OP,2025-12-22,3128.5875168435837
OP Mainnet,0xd6821af358d804a37fd82b956d80b2fcf74e6463069e7d8b2ffe86138087da36,OP/DCA,OP,2025-12-23,3122.9877271111036
OP Mainnet,0xd6821af358d804a37fd82b956d80b2fcf74e6463069e7d8b2ffe86138087da36,OP/DCA,OP,2025-12-24,3323.3198607029376
OP Mainnet,0xd6821af358d804a37fd82b956d80b2fcf74e6463069e7d8b2ffe86138087da36,OP/DCA,OP,2025-12-25,3441.1836025182997
OP Mainnet,0xd6821af358d804a37fd82b956d80b2fcf74e6463069e7d8b2ffe86138087da36,OP/DCA,OP,2025-12-26,3382.414101441733
OP Mainnet,0xd6821af358d804a37fd82b956d80b2fcf74e6463069e7d8b2ffe86138087da36,OP/DCA,OP,2025-12-27,3434.475956525457
OP Mainnet,0xd6821af358d804a37fd82b956d80b2fcf74e6463069e7d8b2ffe86138087da36,OP/DCA,OP,2025-12-28,3459.4601502605015
OP Mainnet,0xd6821af358d804a37fd82b956d80b2fcf74e6463069e7d8b2ffe86138087da36,OP/DCA,OP,2025-12-29,3666.189619217438
OP Mainnet,0xd6821af358d804a37fd82b956d80b2fcf74e6463069e7d8b2ffe86138087da36,OP/DCA,OP,2025-12-30,3582.3381462230773
OP Mainnet,0xd6821af358d804a37fd82b956d80b2fcf74e6463069e7d8b2ffe86138087da36,OP/DCA,OP,2025-12-31,3619.8822754935477
OP Mainnet,0xd6821af358d804a37fd82b956d80b2fcf74e6463069e7d8b2ffe86138087da36,OP/DCA,OP,2026-01-01,3351.0913174250572
OP Mainnet,0xd6821af358d804a37fd82b956d80b2fcf74e6463069e7d8b2ffe86138087da36,OP/DCA,OP,2026-01-02,3341.241326247702
OP Mainnet,0xd6821af358d804a37fd82b956d80b2fcf74e6463069e7d8b2ffe86138087da36,OP/DCA,OP,2026-01-03,3385.6328673142475
OP Mainnet,0xd6821af358d804a37fd82b956d80b2fcf74e6463069e7d8b2ffe86138087da36,OP/DCA,OP,2026-01-04,3334.498006938135
OP Mainnet,0xd6821af358d804a37fd82b956d80b2fcf74e6463069e7d8b2ffe86138087da36,OP/DCA,OP,2026-01-05,3264.487351270445
OP Mainnet,0xd6821af358d804a37fd82b956d80b2fcf74e6463069e7d8b2ffe86138087da36,OP/DCA,OP,2026-01-06,3394.7649109810695
OP Mainnet,0xd6821af358d804a37fd82b956d80b2fcf74e6463069e7d8b2ffe86138087da36,OP/DCA,OP,2026-01-07,3398.7237068915424
OP Mainnet,0xd6821af358d804a37fd82b956d80b2fcf74e6463069e7d8b2ffe86138087da36,OP/DCA,OP,2026-01-08,3388.025513244708
OP Mainnet,0xd6821af358d804a37fd82b956d80b2fcf74e6463069e7d8b2ffe86138087da36,OP/DCA,OP,2026-01-09,3625.725285516622
OP Mainnet,0xd6821af358d804a37fd82b956d80b2fcf74e6463069e7d8b2ffe86138087da36,OP/DCA,OP,2026-01-10,3590.6978490157876
OP Mainnet,0xd6821af358d804a37fd82b956d80b2fcf74e6463069e7d8b2ffe86138087da36,OP/DCA,OP,2026-01-11,3670.4720620737194
OP Mainnet,0xd6821af358d804a37fd82b956d80b2fcf74e6463069e7d8b2ffe86138087da36,OP/DCA,OP,2026-01-12,3728.164954063594
OP Mainnet,0xd6821af358d804a37fd82b956d80b2fcf74e6463069e7d8b2ffe86138087da36,OP/DCA,OP,2026-01-13,2701.603471556701
OP Mainnet,0xd6821af358d804a37fd82b956d80b2fcf74e6463069e7d8b2ffe86138087da36,OP/DCA,OP,2026-01-14,2637.9862908629852
OP Mainnet,0xd6821af358d804a37fd82b956d80b2fcf74e6463069e7d8b2ffe86138087da36,OP/DCA,OP,2026-01-15,2681.5743375179923
OP Mainnet,0xd6821af358d804a37fd82b956d80b2fcf74e6463069e7d8b2ffe86138087da36,OP/DCA,OP,2026-01-16,2668.058947028052
OP Mainnet,0xd6821af358d804a37fd82b956d80b2fcf74e6463069e7d8b2ffe86138087da36,OP/DCA,OP,2026-01-17,2665.7416879657444
OP Mainnet,0xd6821af358d804a37fd82b956d80b2fcf74e6463069e7d8b2ffe86138087da36,OP/DCA,OP,2026-01-18,2743.929258620649
OP Mainnet,0xd6821af358d804a37fd82b956d80b2fcf74e6463069e7d8b2ffe86138087da36,OP/DCA,OP,2026-01-19,2695.504584092874
OP Mainnet,0xd6821af358d804a37fd82b956d80b2fcf74e6463069e7d8b2ffe86138087da36,OP/DCA,OP,2026-01-20,2673.221145952123
OP Mainnet,0xd6821af358d804a37fd82b956d80b2fcf74e6463069e7d8b2ffe86138087da36,OP/DCA,OP,2026-01-21,3545.8580134127824
OP Mainnet,0xd6821af358d804a37fd82b956d80b2fcf74e6463069e7d8b2ffe86138087da36,OP/DCA,OP,2026-01-22,2662.3327528549135
OP Mainnet,0xd6821af358d804a37fd82b956d80b2fcf74e6463069e7d8b2ffe86138087da36,OP/DCA,OP,2026-01-23,2688.1022792371123
OP Mainnet,0xd6821af358d804a37fd82b956d80b2fcf74e6463069e7d8b2ffe86138087da36,OP/DCA,OP,2026-01-24,2695.7868273410318
OP Mainnet,0xd6821af358d804a37fd82b956d80b2fcf74e6463069e7d8b2ffe86138087da36,OP/DCA,OP,2026-01-25,2723.155524822939
OP Mainnet,0xd6821af358d804a37fd82b956d80b2fcf74e6463069e7d8b2ffe86138087da36,OP/DCA,OP,2026-01-26,2706.1879782163865
OP Mainnet,0xd6821af358d804a37fd82b956d80b2fcf74e6463069e7d8b2ffe86138087da36,OP/DCA,OP,2026-01-27,2714.089149452352
OP Mainnet,0xd6821af358d804a37fd82b956d80b2fcf74e6463069e7d8b2ffe86138087da36,OP/DCA,OP,2026-01-28,2742.1195341838757
OP Mainnet,0xd6821af358d804a37fd82b956d80b2fcf74e6463069e7d8b2ffe86138087da36,OP/DCA,OP,2026-01-29,2744.7357988649137
OP Mainnet,0xd6821af358d804a37fd82b956d80b2fcf74e6463069e7d8b2ffe86138087da36,OP/DCA,OP,2026-01-30,2736.6057760749745
OP Mainnet,0xd6821af358d804a37fd82b956d80b2fcf74e6463069e7d8b2ffe86138087da36,OP/DCA,OP,2026-01-31,2771.1894207536034
OP Mainnet,0xd6821af358d804a37fd82b956d80b2fcf74e6463069e7d8b2ffe86138087da36,OP/DCA,OP,2026-02-01,2747.8945450917977
OP Mainnet,0xd6821af358d804a37fd82b956d80b2fcf74e6463069e7d8b2ffe86138087da36,OP/DCA,OP,2026-02-02,2765.1860001137793
OP Mainnet,0xd6821af358d804a37fd82b956d80b2fcf74e6463069e7d8b2ffe86138087da36,OP/DCA,OP,2026-02-03,2795.311671254084
OP Mainnet,0xd6821af358d804a37fd82b956d80b2fcf74e6463069e7d8b2ffe86138087da36,OP/DCA,OP,2026-02-04,2730.1678917001154
OP Mainnet,0xd6821af358d804a37fd82b956d80b2fcf74e6463069e7d8b2ffe86138087da36,OP/DCA,OP,2026-02-05,2878.1671108167693
OP Mainnet,0xd6821af358d804a37fd82b956d80b2fcf74e6463069e7d8b2ffe86138087da36,OP/DCA,OP,2026-02-06,2784.4707325933564
OP Mainnet,0xd6821af358d804a37fd82b956d80b2fcf74e6463069e7d8b2ffe86138087da36,OP/DCA,OP,2026-02-07,2791.9367308909923
OP Mainnet,0xd6821af358d804a37fd82b956d80b2fcf74e6463069e7d8b2ffe86138087da36,OP/DCA,OP,2026-02-08,2810.283433645846
OP Mainnet,0xd6821af358d804a37fd82b956d80b2fcf74e6463069e7d8b2ffe86138087da36,OP/DCA,OP,2026-02-09,2840.002489925926
OP Mainnet,0xd6821af358d804a37fd82b956d80b2fcf74e6463069e7d8b2ffe86138087da36,OP/DCA,OP,2026-02-10,2803.201889595235
OP Mainnet,0xd6821af358d804a37fd82b956d80b2fcf74e6463069e7d8b2ffe86138087da36,OP/DCA,OP,2026-02-11,2793.8508130653513
OP Mainnet,0xd6821af358d804a37fd82b956d80b2fcf74e6463069e7d8b2ffe86138087da36,OP/DCA,OP,2026-02-12,2779.9691930176423
OP Mainnet,0xd6821af358d804a37fd82b956d80b2fcf74e6463069e7d8b2ffe86138087da36,OP/DCA,OP,2026-02-13,2557.239703389064
OP Mainnet,0xd6821af358d804a37fd82b956d80b2fcf74e6463069e7d8b2ffe86138087da36,OP/DCA,OP,2026-02-14,2469.1129532427717
OP Mainnet,0xd6821af358d804a37fd82b956d80b2fcf74e6463069e7d8b2ffe86138087da36,OP/DCA,OP,2026-02-15,2481.786096125049
OP Mainnet,0xd6821af358d804a37fd82b956d80b2fcf74e6463069e7d8b2ffe86138087da36,OP/DCA,OP,2026-02-16,2483.9476609470553
OP Mainnet,0xd6821af358d804a37fd82b956d80b2fcf74e6463069e7d8b2ffe86138087da36,OP/DCA,OP,2026-02-17,2487.432367686516
OP Mainnet,0xd6821af358d804a37fd82b956d80b2fcf74e6463069e7d8b2ffe86138087da36,OP/DCA,OP,2026-02-18,2656.1199174348585
OP Mainnet,0xd6821af358d804a37fd82b956d80b2fcf74e6463069e7d8b2ffe86138087da36,OP/DCA,OP,2026-02-19,3032.2868609508223
OP Mainnet,0xd6821af358d804a37fd82b956d80b2fcf74e6463069e7d8b2ffe86138087da36,OP/DCA,OP,2026-02-20,3021.4291634162
OP Mainnet,0xd6821af358d804a37fd82b956d80b2fcf74e6463069e7d8b2ffe86138087da36,OP/DCA,OP,2026-02-21,3101.508894380315
OP Mainnet,0xd6821af358d804a37fd82b956d80b2fcf74e6463069e7d8b2ffe86138087da36,OP/DCA,OP,2026-02-22,2781.8848459737424
OP Mainnet,0xd6821af358d804a37fd82b956d80b2fcf74e6463069e7d8b2ffe86138087da36,OP/DCA,OP,2026-02-23,2744.2669215784344
OP Mainnet,0xd6821af358d804a37fd82b956d80b2fcf74e6463069e7d8b2ffe86138087da36,OP/DCA,OP,2026-02-24,2787.303460599359
OP Mainnet,0xd6821af358d804a37fd82b956d80b2fcf74e6463069e7d8b2ffe86138087da36,OP/DCA,OP,2026-02-25,2769.0383457426046
OP Mainnet,0xd6821af358d804a37fd82b956d80b2fcf74e6463069e7d8b2ffe86138087da36,OP/DCA,OP,2026-02-26,2791.3723272415123
OP Mainnet,0xd6821af358d804a37fd82b956d80b2fcf74e6463069e7d8b2ffe86138087da36,OP/DCA,OP,2026-02-27,2763.962486407734
OP Mainnet,0xd6821af358d804a37fd82b956d80b2fcf74e6463069e7d8b2ffe86138087da36,OP/DCA,OP,2026-02-28,2761.2638641089334
OP Mainnet,0xd6821af358d804a37fd82b956d80b2fcf74e6463069e7d8b2ffe86138087da36,OP/DCA,OP,2026-03-01,2749.9631357088065
OP Mainnet,0xd6821af358d804a37fd82b956d80b2fcf74e6463069e7d8b2ffe86138087da36,OP/DCA,OP,2026-03-02,2737.8076183557187
OP Mainnet,0xd6821af358d804a37fd82b956d80b2fcf74e6463069e7d8b2ffe86138087da36,OP/DCA,OP,2026-03-03,2719.01619759781
OP Mainnet,0xd6821af358d804a37fd82b956d80b2fcf74e6463069e7d8b2ffe86138087da36,OP/DCA,OP,2026-03-04,2772.326959215482
OP Mainnet,0xd6821af358d804a37fd82b956d80b2fcf74e6463069e7d8b2ffe86138087da36,OP/DCA,OP,2026-03-05,2748.3577807845527
OP Mainnet,0xd6821af358d804a37fd82b956d80b2fcf74e6463069e7d8b2ffe86138087da36,OP/DCA,OP,2026-03-06,2762.6396578347003
OP Mainnet,0xd6821af358d804a37fd82b956d80b2fcf74e6463069e7d8b2ffe86138087da36,OP/DCA,OP,2026-03-07,2801.2910163389633
OP Mainnet,0xd6821af358d804a37fd82b956d80b2fcf74e6463069e7d8b2ffe86138087da36,OP/DCA,OP,2026-03-08,2790.9352783145987
OP Mainnet,0xd6821af358d804a37fd82b956d80b2fcf74e6463069e7d8b2ffe86138087da36,OP/DCA,OP,2026-03-09,2834.43098963219
OP Mainnet,0xd6821af358d804a37fd82b956d80b2fcf74e6463069e7d8b2ffe86138087da36,OP/DCA,OP,2026-03-10,2904.225690631082
OP Mainnet,0xd6821af358d804a37fd82b956d80b2fcf74e6463069e7d8b2ffe86138087da36,OP/DCA,OP,2026-03-11,2944.5838832619174
OP Mainnet,0xd6821af358d804a37fd82b956d80b2fcf74e6463069e7d8b2ffe86138087da36,OP/DCA,OP,2026-03-12,2927.1162988651317
OP Mainnet,0xd6821af358d804a37fd82b956d80b2fcf74e6463069e7d8b2ffe86138087da36,OP/DCA,OP,2026-03-13,2715.2646246277186
OP Mainnet,0xd6821af358d804a37fd82b956d80b2fcf74e6463069e7d8b2ffe86138087da36,OP/DCA,OP,2026-03-14,2698.577015189003
OP Mainnet,0xd6821af358d804a37fd82b956d80b2fcf74e6463069e7d8b2ffe86138087da36,OP/DCA,OP,2026-03-15,2707.367041367714
OP Mainnet,0xd6821af358d804a37fd82b956d80b2fcf74e6463069e7d8b2ffe86138087da36,OP/DCA,OP,2026-03-16,2672.7053674188205
OP Mainnet,0xd6821af358d804a37fd82b956d80b2fcf74e6463069e7d8b2ffe86138087da36,OP/DCA,OP,2026-03-17,2672.768424788244
OP Mainnet,0xd6821af358d804a37fd82b956d80b2fcf74e6463069e7d8b2ffe86138087da36,OP/DCA,OP,2026-03-18,2707.3286896766926
OP Mainnet,0xd6821af358d804a37fd82b956d80b2fcf74e6463069e7d8b2ffe86138087da36,OP/DCA,OP,2026-03-19,2707.437802594772
OP Mainnet,0xd6821af358d804a37fd82b956d80b2fcf74e6463069e7d8b2ffe86138087da36,OP/DCA,OP,2026-03-20,2707.483415604591
OP Mainnet,0xd6821af358d804a37fd82b956d80b2fcf74e6463069e7d8b2ffe86138087da36,OP/DCA,OP,2026-03-21,2725.055941104198
OP Mainnet,0xd6821af358d804a37fd82b956d80b2fcf74e6463069e7d8b2ffe86138087da36,OP/DCA,OP,2026-03-22,2751.7901947731584
OP Mainnet,0xd6821af358d804a37fd82b956d80b2fcf74e6463069e7d8b2ffe86138087da36,OP/DCA,OP,2026-03-23,2807.4866905685153
OP Mainnet,0xd6821af358d804a37fd82b956d80b2fcf74e6463069e7d8b2ffe86138087da36,OP/DCA,OP,2026-03-24,2806.637222045945
OP Mainnet,0xd6821af358d804a37fd82b956d80b2fcf74e6463069e7d8b2ffe86138087da36,OP/DCA,OP,2026-03-25,2813.8019392205565
OP Mainnet,0xd6821af358d804a37fd82b956d80b2fcf74e6463069e7d8b2ffe86138087da36,OP/DCA,OP,2026-03-26,2812.2643790498173
OP Mainnet,0xd6821af358d804a37fd82b956d80b2fcf74e6463069e7d8b2ffe86138087da36,OP/DCA,OP,2026-03-27,2847.9261604847866
OP Mainnet,0xd6821af358d804a37fd82b956d80b2fcf74e6463069e7d8b2ffe86138087da36,OP/DCA,OP,2026-03-28,2855.092623684443
OP Mainnet,0xd6821af358d804a37fd82b956d80b2fcf74e6463069e7d8b2ffe86138087da36,OP/DCA,OP,2026-03-29,2833.228756883775
OP Mainnet,0xd6821af358d804a37fd82b956d80b2fcf74e6463069e7d8b2ffe86138087da36,OP/DCA,OP,2026-03-30,2830.760141218612
OP Mainnet,0xd6821af358d804a37fd82b956d80b2fcf74e6463069e7d8b2ffe86138087da36,OP/DCA,OP,2026-03-31,2819.011949265894
OP Mainnet,0xd6821af358d804a37fd82b956d80b2fcf74e6463069e7d8b2ffe86138087da36,OP/DCA,OP,2026-04-01,2826.6812564841803
OP Mainnet,0xd6821af358d804a37fd82b956d80b2fcf74e6463069e7d8b2ffe86138087da36,OP/DCA,OP,2026-04-02,2834.1700276485462
OP Mainnet,0xd6821af358d804a37fd82b956d80b2fcf74e6463069e7d8b2ffe86138087da36,OP/DCA,OP,2026-04-03,2793.523469586671
OP Mainnet,0xd6821af358d804a37fd82b956d80b2fcf74e6463069e7d8b2ffe86138087da36,OP/DCA,OP,2026-04-04,2809.7947241045817
OP Mainnet,0xd6821af358d804a37fd82b956d80b2fcf74e6463069e7d8b2ffe86138087da36,OP/DCA,OP,2026-04-05,2816.713709208256
OP Mainnet,0xd6821af358d804a37fd82b956d80b2fcf74e6463069e7d8b2ffe86138087da36,OP/DCA,OP,2026-04-06,2824.1901130910665
OP Mainnet,0xd6821af358d804a37fd82b956d80b2fcf74e6463069e7d8b2ffe86138087da36,OP/DCA,OP,2026-04-07,2774.364413475442
OP Mainnet,0xd6821af358d804a37fd82b956d80b2fcf74e6463069e7d8b2ffe86138087da36,OP/DCA,OP,2026-04-08,2810.1109517107907
OP Mainnet,0xd6821af358d804a37fd82b956d80b2fcf74e6463069e7d8b2ffe86138087da36,OP/DCA,OP,2026-04-09,2808.1488531230243
OP Mainnet,0xd6821af358d804a37fd82b956d80b2fcf74e6463069e7d8b2ffe86138087da36,OP/DCA,OP,2026-04-10,2835.4138817781436
OP Mainnet,0xd6821af358d804a37fd82b956d80b2fcf74e6463069e7d8b2ffe86138087da36,OP/DCA,OP,2026-04-11,2863.1436098355266
OP Mainnet,0xfaf4de6b4f92e8c44735d8224ceb89f54b7e6d9137ad7fac238057f09db75964,DCA/USDC,DCA,2025-11-16,276.4912631854217
OP Mainnet,0xfaf4de6b4f92e8c44735d8224ceb89f54b7e6d9137ad7fac238057f09db75964,DCA/USDC,DCA,2025-11-17,276.4912631854217
OP Mainnet,0xfaf4de6b4f92e8c44735d8224ceb89f54b7e6d9137ad7fac238057f09db75964,DCA/USDC,DCA,2025-11-18,276.4912631854217
OP Mainnet,0xfaf4de6b4f92e8c44735d8224ceb89f54b7e6d9137ad7fac238057f09db75964,DCA/USDC,DCA,2025-11-19,739.8938663542428
OP Mainnet,0xfaf4de6b4f92e8c44735d8224ceb89f54b7e6d9137ad7fac238057f09db75964,DCA/USDC,DCA,2025-11-20,658.7435186434328
OP Mainnet,0xfaf4de6b4f92e8c44735d8224ceb89f54b7e6d9137ad7fac238057f09db75964,DCA/USDC,DCA,2025-11-21,677.6189107537339
OP Mainnet,0xfaf4de6b4f92e8c44735d8224ceb89f54b7e6d9137ad7fac238057f09db75964,DCA/USDC,DCA,2025-11-22,742.6876507446792
OP Mainnet,0xfaf4de6b4f92e8c44735d8224ceb89f54b7e6d9137ad7fac238057f09db75964,DCA/USDC,DCA,2025-11-23,811.536534943033
OP Mainnet,0xfaf4de6b4f92e8c44735d8224ceb89f54b7e6d9137ad7fac238057f09db75964,DCA/USDC,DCA,2025-11-24,817.5461413204215
OP Mainnet,0xfaf4de6b4f92e8c44735d8224ceb89f54b7e6d9137ad7fac238057f09db75964,DCA/USDC,DCA,2025-11-25,813.5504116988482
OP Mainnet,0xfaf4de6b4f92e8c44735d8224ceb89f54b7e6d9137ad7fac238057f09db75964,DCA/USDC,DCA,2025-11-26,839.3228529465731
OP Mainnet,0xfaf4de6b4f92e8c44735d8224ceb89f54b7e6d9137ad7fac238057f09db75964,DCA/USDC,DCA,2025-11-27,1091.2930306951635
OP Mainnet,0xfaf4de6b4f92e8c44735d8224ceb89f54b7e6d9137ad7fac238057f09db75964,DCA/USDC,DCA,2025-11-28,1096.4746538264226
OP Mainnet,0xfaf4de6b4f92e8c44735d8224ceb89f54b7e6d9137ad7fac238057f09db75964,DCA/USDC,DCA,2025-11-29,1099.5817700797402
OP Mainnet,0xfaf4de6b4f92e8c44735d8224ceb89f54b7e6d9137ad7fac238057f09db75964,DCA/USDC,DCA,2025-11-30,1136.8356519543959
OP Mainnet,0xfaf4de6b4f92e8c44735d8224ceb89f54b7e6d9137ad7fac238057f09db75964,DCA/USDC,DCA,2025-12-01,1138.3356615830976
OP Mainnet,0xfaf4de6b4f92e8c44735d8224ceb89f54b7e6d9137ad7fac238057f09db75964,DCA/USDC,DCA,2025-12-02,1093.8752803472457
OP Mainnet,0xfaf4de6b4f92e8c44735d8224ceb89f54b7e6d9137ad7fac238057f09db75964,DCA/USDC,DCA,2025-12-03,1092.1200118477132
OP Mainnet,0xfaf4de6b4f92e8c44735d8224ceb89f54b7e6d9137ad7fac238057f09db75964,DCA/USDC,DCA,2025-12-04,1474.4856058515743
OP Mainnet,0xfaf4de6b4f92e8c44735d8224ceb89f54b7e6d9137ad7fac238057f09db75964,DCA/USDC,DCA,2025-12-05,1665.452430879975
OP Mainnet,0xfaf4de6b4f92e8c44735d8224ceb89f54b7e6d9137ad7fac238057f09db75964,DCA/USDC,DCA,2025-12-06,2718.8791677161703
OP Mainnet,0xfaf4de6b4f92e8c44735d8224ceb89f54b7e6d9137ad7fac238057f09db75964,DCA/USDC,DCA,2025-12-07,2699.6189225709873
OP Mainnet,0xfaf4de6b4f92e8c44735d8224ceb89f54b7e6d9137ad7fac238057f09db75964,DCA/USDC,DCA,2025-12-08,2693.287964618628
OP Mainnet,0xfaf4de6b4f92e8c44735d8224ceb89f54b7e6d9137ad7fac238057f09db75964,DCA/USDC,DCA,2025-12-09,2199.937180570972
OP Mainnet,0xfaf4de6b4f92e8c44735d8224ceb89f54b7e6d9137ad7fac238057f09db75964,DCA/USDC,DCA,2025-12-10,2255.0048882147453
OP Mainnet,0xfaf4de6b4f92e8c44735d8224ceb89f54b7e6d9137ad7fac238057f09db75964,DCA/USDC,DCA,2025-12-11,2236.34595278563
OP Mainnet,0xfaf4de6b4f92e8c44735d8224ceb89f54b7e6d9137ad7fac238057f09db75964,DCA/USDC,DCA,2025-12-12,2273.0783314323044
OP Mainnet,0xfaf4de6b4f92e8c44735d8224ceb89f54b7e6d9137ad7fac238057f09db75964,DCA/USDC,DCA,2025-12-13,2264.551818888305
OP Mainnet,0xfaf4de6b4f92e8c44735d8224ceb89f54b7e6d9137ad7fac238057f09db75964,DCA/USDC,DCA,2025-12-14,2276.5842272930754
OP Mainnet,0xfaf4de6b4f92e8c44735d8224ceb89f54b7e6d9137ad7fac238057f09db75964,DCA/USDC,DCA,2025-12-15,2362.8928216457093
OP Mainnet,0xfaf4de6b4f92e8c44735d8224ceb89f54b7e6d9137ad7fac238057f09db75964,DCA/USDC,DCA,2025-12-16,2548.835768869302
OP Mainnet,0xfaf4de6b4f92e8c44735d8224ceb89f54b7e6d9137ad7fac238057f09db75964,DCA/USDC,DCA,2025-12-17,2599.392567776072
OP Mainnet,0xfaf4de6b4f92e8c44735d8224ceb89f54b7e6d9137ad7fac238057f09db75964,DCA/USDC,DCA,2025-12-18,2196.5594184061365
OP Mainnet,0xfaf4de6b4f92e8c44735d8224ceb89f54b7e6d9137ad7fac238057f09db75964,DCA/USDC,DCA,2025-12-19,2164.6562836349403
OP Mainnet,0xfaf4de6b4f92e8c44735d8224ceb89f54b7e6d9137ad7fac238057f09db75964,DCA/USDC,DCA,2025-12-20,2178.650007792858
OP Mainnet,0xfaf4de6b4f92e8c44735d8224ceb89f54b7e6d9137ad7fac238057f09db75964,DCA/USDC,DCA,2025-12-21,2165.977969089905
OP Mainnet,0xfaf4de6b4f92e8c44735d8224ceb89f54b7e6d9137ad7fac238057f09db75964,DCA/USDC,DCA,2025-12-22,2185.59768153487
OP Mainnet,0xfaf4de6b4f92e8c44735d8224ceb89f54b7e6d9137ad7fac238057f09db75964,DCA/USDC,DCA,2025-12-23,2201.2463952302637
OP Mainnet,0xfaf4de6b4f92e8c44735d8224ceb89f54b7e6d9137ad7fac238057f09db75964,DCA/USDC,DCA,2025-12-24,2410.150416622998
OP Mainnet,0xfaf4de6b4f92e8c44735d8224ceb89f54b7e6d9137ad7fac238057f09db75964,DCA/USDC,DCA,2025-12-25,2416.990205037889
OP Mainnet,0xfaf4de6b4f92e8c44735d8224ceb89f54b7e6d9137ad7fac238057f09db75964,DCA/USDC,DCA,2025-12-26,2416.0828470931897
OP Mainnet,0xfaf4de6b4f92e8c44735d8224ceb89f54b7e6d9137ad7fac238057f09db75964,DCA/USDC,DCA,2025-12-27,2395.8690424972015
OP Mainnet,0xfaf4de6b4f92e8c44735d8224ceb89f54b7e6d9137ad7fac238057f09db75964,DCA/USDC,DCA,2025-12-28,2380.1957297342274
OP Mainnet,0xfaf4de6b4f92e8c44735d8224ceb89f54b7e6d9137ad7fac238057f09db75964,DCA/USDC,DCA,2025-12-29,2525.8091695043236
OP Mainnet,0xfaf4de6b4f92e8c44735d8224ceb89f54b7e6d9137ad7fac238057f09db75964,DCA/USDC,DCA,2025-12-30,2416.372636161701
OP Mainnet,0xfaf4de6b4f92e8c44735d8224ceb89f54b7e6d9137ad7fac238057f09db75964,DCA/USDC,DCA,2025-12-31,2439.3612924338736
OP Mainnet,0xfaf4de6b4f92e8c44735d8224ceb89f54b7e6d9137ad7fac238057f09db75964,DCA/USDC,DCA,2026-01-01,2403.3722854404837
OP Mainnet,0xfaf4de6b4f92e8c44735d8224ceb89f54b7e6d9137ad7fac238057f09db75964,DCA/USDC,DCA,2026-01-02,2553.5555766444877
OP Mainnet,0xfaf4de6b4f92e8c44735d8224ceb89f54b7e6d9137ad7fac238057f09db75964,DCA/USDC,DCA,2026-01-03,2545.966456722253
OP Mainnet,0xfaf4de6b4f92e8c44735d8224ceb89f54b7e6d9137ad7fac238057f09db75964,DCA/USDC,DCA,2026-01-04,2401.365615173065
OP Mainnet,0xfaf4de6b4f92e8c44735d8224ceb89f54b7e6d9137ad7fac238057f09db75964,DCA/USDC,DCA,2026-01-05,2381.255738408264
OP Mainnet,0xfaf4de6b4f92e8c44735d8224ceb89f54b7e6d9137ad7fac238057f09db75964,DCA/USDC,DCA,2026-01-06,2382.1778027066807
OP Mainnet,0xfaf4de6b4f92e8c44735d8224ceb89f54b7e6d9137ad7fac238057f09db75964,DCA/USDC,DCA,2026-01-07,2450.628768542123
OP Mainnet,0xfaf4de6b4f92e8c44735d8224ceb89f54b7e6d9137ad7fac238057f09db75964,DCA/USDC,DCA,2026-01-08,2453.8002330131826
OP Mainnet,0xfaf4de6b4f92e8c44735d8224ceb89f54b7e6d9137ad7fac238057f09db75964,DCA/USDC,DCA,2026-01-09,2470.9119724273082
OP Mainnet,0xfaf4de6b4f92e8c44735d8224ceb89f54b7e6d9137ad7fac238057f09db75964,DCA/USDC,DCA,2026-01-10,2459.68249652774
OP Mainnet,0xfaf4de6b4f92e8c44735d8224ceb89f54b7e6d9137ad7fac238057f09db75964,DCA/USDC,DCA,2026-01-11,2564.8709583090294
OP Mainnet,0xfaf4de6b4f92e8c44735d8224ceb89f54b7e6d9137ad7fac238057f09db75964,DCA/USDC,DCA,2026-01-12,2595.9969351788363
OP Mainnet,0xfaf4de6b4f92e8c44735d8224ceb89f54b7e6d9137ad7fac238057f09db75964,DCA/USDC,DCA,2026-01-13,2501.568523907122
OP Mainnet,0xfaf4de6b4f92e8c44735d8224ceb89f54b7e6d9137ad7fac238057f09db75964,DCA/USDC,DCA,2026-01-14,2617.2553187243916
OP Mainnet,0xfaf4de6b4f92e8c44735d8224ceb89f54b7e6d9137ad7fac238057f09db75964,DCA/USDC,DCA,2026-01-15,2604.8527770859687
OP Mainnet,0xfaf4de6b4f92e8c44735d8224ceb89f54b7e6d9137ad7fac238057f09db75964,DCA/USDC,DCA,2026-01-16,2594.7249634289524
OP Mainnet,0xfaf4de6b4f92e8c44735d8224ceb89f54b7e6d9137ad7fac238057f09db75964,DCA/USDC,DCA,2026-01-17,2589.855686385052
OP Mainnet,0xfaf4de6b4f92e8c44735d8224ceb89f54b7e6d9137ad7fac238057f09db75964,DCA/USDC,DCA,2026-01-18,2589.3034352173954
OP Mainnet,0xfaf4de6b4f92e8c44735d8224ceb89f54b7e6d9137ad7fac238057f09db75964,DCA/USDC,DCA,2026-01-19,2604.4334253352
OP Mainnet,0xfaf4de6b4f92e8c44735d8224ceb89f54b7e6d9137ad7fac238057f09db75964,DCA/USDC,DCA,2026-01-20,2693.5882744303694
OP Mainnet,0xfaf4de6b4f92e8c44735d8224ceb89f54b7e6d9137ad7fac238057f09db75964,DCA/USDC,DCA,2026-01-21,2670.8322070983086
OP Mainnet,0xfaf4de6b4f92e8c44735d8224ceb89f54b7e6d9137ad7fac238057f09db75964,DCA/USDC,DCA,2026-01-22,2687.7055624742375
OP Mainnet,0xfaf4de6b4f92e8c44735d8224ceb89f54b7e6d9137ad7fac238057f09db75964,DCA/USDC,DCA,2026-01-23,2698.789721241105
OP Mainnet,0xfaf4de6b4f92e8c44735d8224ceb89f54b7e6d9137ad7fac238057f09db75964,DCA/USDC,DCA,2026-01-24,2707.838663675699
OP Mainnet,0xfaf4de6b4f92e8c44735d8224ceb89f54b7e6d9137ad7fac238057f09db75964,DCA/USDC,DCA,2026-01-25,2747.8538957242486
OP Mainnet,0xfaf4de6b4f92e8c44735d8224ceb89f54b7e6d9137ad7fac238057f09db75964,DCA/USDC,DCA,2026-01-26,2718.7364113207286
OP Mainnet,0xfaf4de6b4f92e8c44735d8224ceb89f54b7e6d9137ad7fac238057f09db75964,DCA/USDC,DCA,2026-01-27,2701.2402327869227
OP Mainnet,0xfaf4de6b4f92e8c44735d8224ceb89f54b7e6d9137ad7fac238057f09db75964,DCA/USDC,DCA,2026-01-28,2730.0205948334024
OP Mainnet,0xfaf4de6b4f92e8c44735d8224ceb89f54b7e6d9137ad7fac238057f09db75964,DCA/USDC,DCA,2026-01-29,2548.1957634648006
OP Mainnet,0xfaf4de6b4f92e8c44735d8224ceb89f54b7e6d9137ad7fac238057f09db75964,DCA/USDC,DCA,2026-01-30,2574.255475987809
OP Mainnet,0xfaf4de6b4f92e8c44735d8224ceb89f54b7e6d9137ad7fac238057f09db75964,DCA/USDC,DCA,2026-01-31,2683.9446070379877
OP Mainnet,0xfaf4de6b4f92e8c44735d8224ceb89f54b7e6d9137ad7fac238057f09db75964,DCA/USDC,DCA,2026-02-01,2706.808943963424
OP Mainnet,0xfaf4de6b4f92e8c44735d8224ceb89f54b7e6d9137ad7fac238057f09db75964,DCA/USDC,DCA,2026-02-02,2659.0475918374264
OP Mainnet,0xfaf4de6b4f92e8c44735d8224ceb89f54b7e6d9137ad7fac238057f09db75964,DCA/USDC,DCA,2026-02-03,2699.168984380097
OP Mainnet,0xfaf4de6b4f92e8c44735d8224ceb89f54b7e6d9137ad7fac238057f09db75964,DCA/USDC,DCA,2026-02-04,2786.2132224290367
OP Mainnet,0xfaf4de6b4f92e8c44735d8224ceb89f54b7e6d9137ad7fac238057f09db75964,DCA/USDC,DCA,2026-02-05,2933.0465483970484
OP Mainnet,0xfaf4de6b4f92e8c44735d8224ceb89f54b7e6d9137ad7fac238057f09db75964,DCA/USDC,DCA,2026-02-06,2854.36819040272
OP Mainnet,0xfaf4de6b4f92e8c44735d8224ceb89f54b7e6d9137ad7fac238057f09db75964,DCA/USDC,DCA,2026-02-07,2861.1034566676417
OP Mainnet,0xfaf4de6b4f92e8c44735d8224ceb89f54b7e6d9137ad7fac238057f09db75964,DCA/USDC,DCA,2026-02-08,2869.5788204330856
OP Mainnet,0xfaf4de6b4f92e8c44735d8224ceb89f54b7e6d9137ad7fac238057f09db75964,DCA/USDC,DCA,2026-02-09,2902.1449739938685
OP Mainnet,0xfaf4de6b4f92e8c44735d8224ceb89f54b7e6d9137ad7fac238057f09db75964,DCA/USDC,DCA,2026-02-10,2967.718352097175
OP Mainnet,0xfaf4de6b4f92e8c44735d8224ceb89f54b7e6d9137ad7fac238057f09db75964,DCA/USDC,DCA,2026-02-11,2991.3958072242826
OP Mainnet,0xfaf4de6b4f92e8c44735d8224ceb89f54b7e6d9137ad7fac238057f09db75964,DCA/USDC,DCA,2026-02-12,3000.370651894587
OP Mainnet,0xfaf4de6b4f92e8c44735d8224ceb89f54b7e6d9137ad7fac238057f09db75964,DCA/USDC,DCA,2026-02-13,2931.5136905121476
OP Mainnet,0xfaf4de6b4f92e8c44735d8224ceb89f54b7e6d9137ad7fac238057f09db75964,DCA/USDC,DCA,2026-02-14,2982.8300980106187
OP Mainnet,0xfaf4de6b4f92e8c44735d8224ceb89f54b7e6d9137ad7fac238057f09db75964,DCA/USDC,DCA,2026-02-15,3043.8102078667475
OP Mainnet,0xfaf4de6b4f92e8c44735d8224ceb89f54b7e6d9137ad7fac238057f09db75964,DCA/USDC,DCA,2026-02-16,3039.5093598081226
OP Mainnet,0xfaf4de6b4f92e8c44735d8224ceb89f54b7e6d9137ad7fac238057f09db75964,DCA/USDC,DCA,2026-02-17,3032.8118293991
OP Mainnet,0xfaf4de6b4f92e8c44735d8224ceb89f54b7e6d9137ad7fac238057f09db75964,DCA/USDC,DCA,2026-02-18,3203.974702541289
OP Mainnet,0xfaf4de6b4f92e8c44735d8224ceb89f54b7e6d9137ad7fac238057f09db75964,DCA/USDC,DCA,2026-02-19,3356.644815647648
OP Mainnet,0xfaf4de6b4f92e8c44735d8224ceb89f54b7e6d9137ad7fac238057f09db75964,DCA/USDC,DCA,2026-02-20,3342.8236480264495
OP Mainnet,0xfaf4de6b4f92e8c44735d8224ceb89f54b7e6d9137ad7fac238057f09db75964,DCA/USDC,DCA,2026-02-21,3391.123834397645
OP Mainnet,0xfaf4de6b4f92e8c44735d8224ceb89f54b7e6d9137ad7fac238057f09db75964,DCA/USDC,DCA,2026-02-22,3472.913191867841
OP Mainnet,0xfaf4de6b4f92e8c44735d8224ceb89f54b7e6d9137ad7fac238057f09db75964,DCA/USDC,DCA,2026-02-23,3502.0946321723122
OP Mainnet,0xfaf4de6b4f92e8c44735d8224ceb89f54b7e6d9137ad7fac238057f09db75964,DCA/USDC,DCA,2026-02-24,3412.177833582519
OP Mainnet,0xfaf4de6b4f92e8c44735d8224ceb89f54b7e6d9137ad7fac238057f09db75964,DCA/USDC,DCA,2026-02-25,3411.600504587984
OP Mainnet,0xfaf4de6b4f92e8c44735d8224ceb89f54b7e6d9137ad7fac238057f09db75964,DCA/USDC,DCA,2026-02-26,3428.7748886152704
OP Mainnet,0xfaf4de6b4f92e8c44735d8224ceb89f54b7e6d9137ad7fac238057f09db75964,DCA/USDC,DCA,2026-02-27,3518.134133989581
OP Mainnet,0xfaf4de6b4f92e8c44735d8224ceb89f54b7e6d9137ad7fac238057f09db75964,DCA/USDC,DCA,2026-02-28,3429.2339757615673
OP Mainnet,0xfaf4de6b4f92e8c44735d8224ceb89f54b7e6d9137ad7fac238057f09db75964,DCA/USDC,DCA,2026-03-01,3458.2165011704965
OP Mainnet,0xfaf4de6b4f92e8c44735d8224ceb89f54b7e6d9137ad7fac238057f09db75964,DCA/USDC,DCA,2026-03-02,3435.9588526393645
OP Mainnet,0xfaf4de6b4f92e8c44735d8224ceb89f54b7e6d9137ad7fac238057f09db75964,DCA/USDC,DCA,2026-03-03,3459.711312830934
OP Mainnet,0xfaf4de6b4f92e8c44735d8224ceb89f54b7e6d9137ad7fac238057f09db75964,DCA/USDC,DCA,2026-03-04,3360.3562035877717
OP Mainnet,0xfaf4de6b4f92e8c44735d8224ceb89f54b7e6d9137ad7fac238057f09db75964,DCA/USDC,DCA,2026-03-05,3422.475752763516
OP Mainnet,0xfaf4de6b4f92e8c44735d8224ceb89f54b7e6d9137ad7fac238057f09db75964,DCA/USDC,DCA,2026-03-06,3501.742318113882
OP Mainnet,0xfaf4de6b4f92e8c44735d8224ceb89f54b7e6d9137ad7fac238057f09db75964,DCA/USDC,DCA,2026-03-07,3535.007289646636
OP Mainnet,0xfaf4de6b4f92e8c44735d8224ceb89f54b7e6d9137ad7fac238057f09db75964,DCA/USDC,DCA,2026-03-08,3488.3902782879086
OP Mainnet,0xfaf4de6b4f92e8c44735d8224ceb89f54b7e6d9137ad7fac238057f09db75964,DCA/USDC,DCA,2026-03-09,3397.5075576115228
OP Mainnet,0xfaf4de6b4f92e8c44735d8224ceb89f54b7e6d9137ad7fac238057f09db75964,DCA/USDC,DCA,2026-03-10,3412.8869235344423
OP Mainnet,0xfaf4de6b4f92e8c44735d8224ceb89f54b7e6d9137ad7fac238057f09db75964,DCA/USDC,DCA,2026-03-11,3329.338162866189
OP Mainnet,0xfaf4de6b4f92e8c44735d8224ceb89f54b7e6d9137ad7fac238057f09db75964,DCA/USDC,DCA,2026-03-12,3282.185781392379
OP Mainnet,0xfaf4de6b4f92e8c44735d8224ceb89f54b7e6d9137ad7fac238057f09db75964,DCA/USDC,DCA,2026-03-13,3299.958109323454
OP Mainnet,0xfaf4de6b4f92e8c44735d8224ceb89f54b7e6d9137ad7fac238057f09db75964,DCA/USDC,DCA,2026-03-14,3292.8010676396198
OP Mainnet,0xfaf4de6b4f92e8c44735d8224ceb89f54b7e6d9137ad7fac238057f09db75964,DCA/USDC,DCA,2026-03-15,3228.225441721617
OP Mainnet,0xfaf4de6b4f92e8c44735d8224ceb89f54b7e6d9137ad7fac238057f09db75964,DCA/USDC,DCA,2026-03-16,3215.1794093229782
OP Mainnet,0xfaf4de6b4f92e8c44735d8224ceb89f54b7e6d9137ad7fac238057f09db75964,DCA/USDC,DCA,2026-03-17,3207.387175356704
OP Mainnet,0xfaf4de6b4f92e8c44735d8224ceb89f54b7e6d9137ad7fac238057f09db75964,DCA/USDC,DCA,2026-03-18,3290.38894751521
OP Mainnet,0xfaf4de6b4f92e8c44735d8224ceb89f54b7e6d9137ad7fac238057f09db75964,DCA/USDC,DCA,2026-03-19,3321.4438601791694
OP Mainnet,0xfaf4de6b4f92e8c44735d8224ceb89f54b7e6d9137ad7fac238057f09db75964,DCA/USDC,DCA,2026-03-20,3313.042772870254
OP Mainnet,0xfaf4de6b4f92e8c44735d8224ceb89f54b7e6d9137ad7fac238057f09db75964,DCA/USDC,DCA,2026-03-21,3344.609394171398
OP Mainnet,0xfaf4de6b4f92e8c44735d8224ceb89f54b7e6d9137ad7fac238057f09db75964,DCA/USDC,DCA,2026-03-22,3387.6582753053403
OP Mainnet,0xfaf4de6b4f92e8c44735d8224ceb89f54b7e6d9137ad7fac238057f09db75964,DCA/USDC,DCA,2026-03-23,3348.971841024586
OP Mainnet,0xfaf4de6b4f92e8c44735d8224ceb89f54b7e6d9137ad7fac238057f09db75964,DCA/USDC,DCA,2026-03-24,3332.632602625767
OP Mainnet,0xfaf4de6b4f92e8c44735d8224ceb89f54b7e6d9137ad7fac238057f09db75964,DCA/USDC,DCA,2026-03-25,3361.0283627252943
OP Mainnet,0xfaf4de6b4f92e8c44735d8224ceb89f54b7e6d9137ad7fac238057f09db75964,DCA/USDC,DCA,2026-03-26,3401.5334084415476
OP Mainnet,0xfaf4de6b4f92e8c44735d8224ceb89f54b7e6d9137ad7fac238057f09db75964,DCA/USDC,DCA,2026-03-27,3447.9149660824446
OP Mainnet,0xfaf4de6b4f92e8c44735d8224ceb89f54b7e6d9137ad7fac238057f09db75964,DCA/USDC,DCA,2026-03-28,3448.08683108363
OP Mainnet,0xfaf4de6b4f92e8c44735d8224ceb89f54b7e6d9137ad7fac238057f09db75964,DCA/USDC,DCA,2026-03-29,3414.1515273193927
OP Mainnet,0xfaf4de6b4f92e8c44735d8224ceb89f54b7e6d9137ad7fac238057f09db75964,DCA/USDC,DCA,2026-03-30,3403.3157858974896
OP Mainnet,0xfaf4de6b4f92e8c44735d8224ceb89f54b7e6d9137ad7fac238057f09db75964,DCA/USDC,DCA,2026-03-31,3370.693058424191
OP Mainnet,0xfaf4de6b4f92e8c44735d8224ceb89f54b7e6d9137ad7fac238057f09db75964,DCA/USDC,DCA,2026-04-01,3413.147566281843
OP Mainnet,0xfaf4de6b4f92e8c44735d8224ceb89f54b7e6d9137ad7fac238057f09db75964,DCA/USDC,DCA,2026-04-02,3407.6280480938203
OP Mainnet,0xfaf4de6b4f92e8c44735d8224ceb89f54b7e6d9137ad7fac238057f09db75964,DCA/USDC,DCA,2026-04-03,3400.9035211954906
OP Mainnet,0xfaf4de6b4f92e8c44735d8224ceb89f54b7e6d9137ad7fac238057f09db75964,DCA/USDC,DCA,2026-04-04,3408.2451970485827
OP Mainnet,0xfaf4de6b4f92e8c44735d8224ceb89f54b7e6d9137ad7fac238057f09db75964,DCA/USDC,DCA,2026-04-05,3356.7127140049033
OP Mainnet,0xfaf4de6b4f92e8c44735d8224ceb89f54b7e6d9137ad7fac238057f09db75964,DCA/USDC,DCA,2026-04-06,3369.60176190604
OP Mainnet,0xfaf4de6b4f92e8c44735d8224ceb89f54b7e6d9137ad7fac238057f09db75964,DCA/USDC,DCA,2026-04-07,3295.2739549254507
OP Mainnet,0xfaf4de6b4f92e8c44735d8224ceb89f54b7e6d9137ad7fac238057f09db75964,DCA/USDC,DCA,2026-04-08,3327.3917084720238
OP Mainnet,0xfaf4de6b4f92e8c44735d8224ceb89f54b7e6d9137ad7fac238057f09db75964,DCA/USDC,DCA,2026-04-09,3310.49677588705
OP Mainnet,0xfaf4de6b4f92e8c44735d8224ceb89f54b7e6d9137ad7fac238057f09db75964,DCA/USDC,DCA,2026-04-10,3311.802154111999
OP Mainnet,0xfaf4de6b4f92e8c44735d8224ceb89f54b7e6d9137ad7fac238057f09db75964,DCA/USDC,DCA,2026-04-11,3329.1560666904516
OP Mainnet,0xfaf4de6b4f92e8c44735d8224ceb89f54b7e6d9137ad7fac238057f09db75964,DCA/USDC,USDC,2025-11-16,68.593057
OP Mainnet,0xfaf4de6b4f92e8c44735d8224ceb89f54b7e6d9137ad7fac238057f09db75964,DCA/USDC,USDC,2025-11-17,68.593057
OP Mainnet,0xfaf4de6b4f92e8c44735d8224ceb89f54b7e6d9137ad7fac238057f09db75964,DCA/USDC,USDC,2025-11-18,68.593057
OP Mainnet,0xfaf4de6b4f92e8c44735d8224ceb89f54b7e6d9137ad7fac238057f09db75964,DCA/USDC,USDC,2025-11-19,183.555826
OP Mainnet,0xfaf4de6b4f92e8c44735d8224ceb89f54b7e6d9137ad7fac238057f09db75964,DCA/USDC,USDC,2025-11-20,206.167994
OP Mainnet,0xfaf4de6b4f92e8c44735d8224ceb89f54b7e6d9137ad7fac238057f09db75964,DCA/USDC,USDC,2025-11-21,200.425088
OP Mainnet,0xfaf4de6b4f92e8c44735d8224ceb89f54b7e6d9137ad7fac238057f09db75964,DCA/USDC,USDC,2025-11-22,182.86534
OP Mainnet,0xfaf4de6b4f92e8c44735d8224ceb89f54b7e6d9137ad7fac238057f09db75964,DCA/USDC,USDC,2025-11-23,204.449027
OP Mainnet,0xfaf4de6b4f92e8c44735d8224ceb89f54b7e6d9137ad7fac238057f09db75964,DCA/USDC,USDC,2025-11-24,208.027729
OP Mainnet,0xfaf4de6b4f92e8c44735d8224ceb89f54b7e6d9137ad7fac238057f09db75964,DCA/USDC,USDC,2025-11-25,209.049451
OP Mainnet,0xfaf4de6b4f92e8c44735d8224ceb89f54b7e6d9137ad7fac238057f09db75964,DCA/USDC,USDC,2025-11-26,223.741975
OP Mainnet,0xfaf4de6b4f92e8c44735d8224ceb89f54b7e6d9137ad7fac238057f09db75964,DCA/USDC,USDC,2025-11-27,291.541399
OP Mainnet,0xfaf4de6b4f92e8c44735d8224ceb89f54b7e6d9137ad7fac238057f09db75964,DCA/USDC,USDC,2025-11-28,290.163659
OP Mainnet,0xfaf4de6b4f92e8c44735d8224ceb89f54b7e6d9137ad7fac238057f09db75964,DCA/USDC,USDC,2025-11-29,289.343736
OP Mainnet,0xfaf4de6b4f92e8c44735d8224ceb89f54b7e6d9137ad7fac238057f09db75964,DCA/USDC,USDC,2025-11-30,279.861998
OP Mainnet,0xfaf4de6b4f92e8c44735d8224ceb89f54b7e6d9137ad7fac238057f09db75964,DCA/USDC,USDC,2025-12-01,279.493218
OP Mainnet,0xfaf4de6b4f92e8c44735d8224ceb89f54b7e6d9137ad7fac238057f09db75964,DCA/USDC,USDC,2025-12-02,290.853174
OP Mainnet,0xfaf4de6b4f92e8c44735d8224ceb89f54b7e6d9137ad7fac238057f09db75964,DCA/USDC,USDC,2025-12-03,295.099356
OP Mainnet,0xfaf4de6b4f92e8c44735d8224ceb89f54b7e6d9137ad7fac238057f09db75964,DCA/USDC,USDC,2025-12-04,391.856254
OP Mainnet,0xfaf4de6b4f92e8c44735d8224ceb89f54b7e6d9137ad7fac238057f09db75964,DCA/USDC,USDC,2025-12-05,423.147747
OP Mainnet,0xfaf4de6b4f92e8c44735d8224ceb89f54b7e6d9137ad7fac238057f09db75964,DCA/USDC,USDC,2025-12-06,707.604682
OP Mainnet,0xfaf4de6b4f92e8c44735d8224ceb89f54b7e6d9137ad7fac238057f09db75964,DCA/USDC,USDC,2025-12-07,712.744905
OP Mainnet,0xfaf4de6b4f92e8c44735d8224ceb89f54b7e6d9137ad7fac238057f09db75964,DCA/USDC,USDC,2025-12-08,714.428457
OP Mainnet,0xfaf4de6b4f92e8c44735d8224ceb89f54b7e6d9137ad7fac238057f09db75964,DCA/USDC,USDC,2025-12-09,607.836666
OP Mainnet,0xfaf4de6b4f92e8c44735d8224ceb89f54b7e6d9137ad7fac238057f09db75964,DCA/USDC,USDC,2025-12-10,592.932471
OP Mainnet,0xfaf4de6b4f92e8c44735d8224ceb89f54b7e6d9137ad7fac238057f09db75964,DCA/USDC,USDC,2025-12-11,597.907303
OP Mainnet,0xfaf4de6b4f92e8c44735d8224ceb89f54b7e6d9137ad7fac238057f09db75964,DCA/USDC,USDC,2025-12-12,592.305564
OP Mainnet,0xfaf4de6b4f92e8c44735d8224ceb89f54b7e6d9137ad7fac238057f09db75964,DCA/USDC,USDC,2025-12-13,594.550792
OP Mainnet,0xfaf4de6b4f92e8c44735d8224ceb89f54b7e6d9137ad7fac238057f09db75964,DCA/USDC,USDC,2025-12-14,591.386854
OP Mainnet,0xfaf4de6b4f92e8c44735d8224ceb89f54b7e6d9137ad7fac238057f09db75964,DCA/USDC,USDC,2025-12-15,572.376939
OP Mainnet,0xfaf4de6b4f92e8c44735d8224ceb89f54b7e6d9137ad7fac238057f09db75964,DCA/USDC,USDC,2025-12-16,627.783654
OP Mainnet,0xfaf4de6b4f92e8c44735d8224ceb89f54b7e6d9137ad7fac238057f09db75964,DCA/USDC,USDC,2025-12-17,615.420115
OP Mainnet,0xfaf4de6b4f92e8c44735d8224ceb89f54b7e6d9137ad7fac238057f09db75964,DCA/USDC,USDC,2025-12-18,528.333571
OP Mainnet,0xfaf4de6b4f92e8c44735d8224ceb89f54b7e6d9137ad7fac238057f09db75964,DCA/USDC,USDC,2025-12-19,536.227727
OP Mainnet,0xfaf4de6b4f92e8c44735d8224ceb89f54b7e6d9137ad7fac238057f09db75964,DCA/USDC,USDC,2025-12-20,537.497452
OP Mainnet,0xfaf4de6b4f92e8c44735d8224ceb89f54b7e6d9137ad7fac238057f09db75964,DCA/USDC,USDC,2025-12-21,538.187744
OP Mainnet,0xfaf4de6b4f92e8c44735d8224ceb89f54b7e6d9137ad7fac238057f09db75964,DCA/USDC,USDC,2025-12-22,534.698353
OP Mainnet,0xfaf4de6b4f92e8c44735d8224ceb89f54b7e6d9137ad7fac238057f09db75964,DCA/USDC,USDC,2025-12-23,530.843687
OP Mainnet,0xfaf4de6b4f92e8c44735d8224ceb89f54b7e6d9137ad7fac238057f09db75964,DCA/USDC,USDC,2025-12-24,541.704435
OP Mainnet,0xfaf4de6b4f92e8c44735d8224ceb89f54b7e6d9137ad7fac238057f09db75964,DCA/USDC,USDC,2025-12-25,544.833588
OP Mainnet,0xfaf4de6b4f92e8c44735d8224ceb89f54b7e6d9137ad7fac238057f09db75964,DCA/USDC,USDC,2025-12-26,545.057176
OP Mainnet,0xfaf4de6b4f92e8c44735d8224ceb89f54b7e6d9137ad7fac238057f09db75964,DCA/USDC,USDC,2025-12-27,550.07788
OP Mainnet,0xfaf4de6b4f92e8c44735d8224ceb89f54b7e6d9137ad7fac238057f09db75964,DCA/USDC,USDC,2025-12-28,557.664586
OP Mainnet,0xfaf4de6b4f92e8c44735d8224ceb89f54b7e6d9137ad7fac238057f09db75964,DCA/USDC,USDC,2025-12-29,581.904228
OP Mainnet,0xfaf4de6b4f92e8c44735d8224ceb89f54b7e6d9137ad7fac238057f09db75964,DCA/USDC,USDC,2025-12-30,552.890912
OP Mainnet,0xfaf4de6b4f92e8c44735d8224ceb89f54b7e6d9137ad7fac238057f09db75964,DCA/USDC,USDC,2025-12-31,551.256728
OP Mainnet,0xfaf4de6b4f92e8c44735d8224ceb89f54b7e6d9137ad7fac238057f09db75964,DCA/USDC,USDC,2026-01-01,562.180096
OP Mainnet,0xfaf4de6b4f92e8c44735d8224ceb89f54b7e6d9137ad7fac238057f09db75964,DCA/USDC,USDC,2026-01-02,613.451425
OP Mainnet,0xfaf4de6b4f92e8c44735d8224ceb89f54b7e6d9137ad7fac238057f09db75964,DCA/USDC,USDC,2026-01-03,617.922443
OP Mainnet,0xfaf4de6b4f92e8c44735d8224ceb89f54b7e6d9137ad7fac238057f09db75964,DCA/USDC,USDC,2026-01-04,577.836596
OP Mainnet,0xfaf4de6b4f92e8c44735d8224ceb89f54b7e6d9137ad7fac238057f09db75964,DCA/USDC,USDC,2026-01-05,583.109228
OP Mainnet,0xfaf4de6b4f92e8c44735d8224ceb89f54b7e6d9137ad7fac238057f09db75964,DCA/USDC,USDC,2026-01-06,582.865711
OP Mainnet,0xfaf4de6b4f92e8c44735d8224ceb89f54b7e6d9137ad7fac238057f09db75964,DCA/USDC,USDC,2026-01-07,582.764202
OP Mainnet,0xfaf4de6b4f92e8c44735d8224ceb89f54b7e6d9137ad7fac238057f09db75964,DCA/USDC,USDC,2026-01-08,582.429127
OP Mainnet,0xfaf4de6b4f92e8c44735d8224ceb89f54b7e6d9137ad7fac238057f09db75964,DCA/USDC,USDC,2026-01-09,578.061318
OP Mainnet,0xfaf4de6b4f92e8c44735d8224ceb89f54b7e6d9137ad7fac238057f09db75964,DCA/USDC,USDC,2026-01-10,580.921456
OP Mainnet,0xfaf4de6b4f92e8c44735d8224ceb89f54b7e6d9137ad7fac238057f09db75964,DCA/USDC,USDC,2026-01-11,618.802922
OP Mainnet,0xfaf4de6b4f92e8c44735d8224ceb89f54b7e6d9137ad7fac238057f09db75964,DCA/USDC,USDC,2026-01-12,610.809412
OP Mainnet,0xfaf4de6b4f92e8c44735d8224ceb89f54b7e6d9137ad7fac238057f09db75964,DCA/USDC,USDC,2026-01-13,635.616617
OP Mainnet,0xfaf4de6b4f92e8c44735d8224ceb89f54b7e6d9137ad7fac238057f09db75964,DCA/USDC,USDC,2026-01-14,605.449584
OP Mainnet,0xfaf4de6b4f92e8c44735d8224ceb89f54b7e6d9137ad7fac238057f09db75964,DCA/USDC,USDC,2026-01-15,608.566925
OP Mainnet,0xfaf4de6b4f92e8c44735d8224ceb89f54b7e6d9137ad7fac238057f09db75964,DCA/USDC,USDC,2026-01-16,601.673637
OP Mainnet,0xfaf4de6b4f92e8c44735d8224ceb89f54b7e6d9137ad7fac238057f09db75964,DCA/USDC,USDC,2026-01-17,602.897504
OP Mainnet,0xfaf4de6b4f92e8c44735d8224ceb89f54b7e6d9137ad7fac238057f09db75964,DCA/USDC,USDC,2026-01-18,571.84034
OP Mainnet,0xfaf4de6b4f92e8c44735d8224ceb89f54b7e6d9137ad7fac238057f09db75964,DCA/USDC,USDC,2026-01-19,568.214744
OP Mainnet,0xfaf4de6b4f92e8c44735d8224ceb89f54b7e6d9137ad7fac238057f09db75964,DCA/USDC,USDC,2026-01-20,562.484728
OP Mainnet,0xfaf4de6b4f92e8c44735d8224ceb89f54b7e6d9137ad7fac238057f09db75964,DCA/USDC,USDC,2026-01-21,567.74124
OP Mainnet,0xfaf4de6b4f92e8c44735d8224ceb89f54b7e6d9137ad7fac238057f09db75964,DCA/USDC,USDC,2026-01-22,563.835806
OP Mainnet,0xfaf4de6b4f92e8c44735d8224ceb89f54b7e6d9137ad7fac238057f09db75964,DCA/USDC,USDC,2026-01-23,561.294597
OP Mainnet,0xfaf4de6b4f92e8c44735d8224ceb89f54b7e6d9137ad7fac238057f09db75964,DCA/USDC,USDC,2026-01-24,559.23409
OP Mainnet,0xfaf4de6b4f92e8c44735d8224ceb89f54b7e6d9137ad7fac238057f09db75964,DCA/USDC,USDC,2026-01-25,550.271223
OP Mainnet,0xfaf4de6b4f92e8c44735d8224ceb89f54b7e6d9137ad7fac238057f09db75964,DCA/USDC,USDC,2026-01-26,556.769242
OP Mainnet,0xfaf4de6b4f92e8c44735d8224ceb89f54b7e6d9137ad7fac238057f09db75964,DCA/USDC,USDC,2026-01-27,560.735353
OP Mainnet,0xfaf4de6b4f92e8c44735d8224ceb89f54b7e6d9137ad7fac238057f09db75964,DCA/USDC,USDC,2026-01-28,554.235956
OP Mainnet,0xfaf4de6b4f92e8c44735d8224ceb89f54b7e6d9137ad7fac238057f09db75964,DCA/USDC,USDC,2026-01-29,526.161873
OP Mainnet,0xfaf4de6b4f92e8c44735d8224ceb89f54b7e6d9137ad7fac238057f09db75964,DCA/USDC,USDC,2026-01-30,520.835429
OP Mainnet,0xfaf4de6b4f92e8c44735d8224ceb89f54b7e6d9137ad7fac238057f09db75964,DCA/USDC,USDC,2026-01-31,499.5496
OP Mainnet,0xfaf4de6b4f92e8c44735d8224ceb89f54b7e6d9137ad7fac238057f09db75964,DCA/USDC,USDC,2026-02-01,472.62636
OP Mainnet,0xfaf4de6b4f92e8c44735d8224ceb89f54b7e6d9137ad7fac238057f09db75964,DCA/USDC,USDC,2026-02-02,481.115593
OP Mainnet,0xfaf4de6b4f92e8c44735d8224ceb89f54b7e6d9137ad7fac238057f09db75964,DCA/USDC,USDC,2026-02-03,473.964122
OP Mainnet,0xfaf4de6b4f92e8c44735d8224ceb89f54b7e6d9137ad7fac238057f09db75964,DCA/USDC,USDC,2026-02-04,459.156984
OP Mainnet,0xfaf4de6b4f92e8c44735d8224ceb89f54b7e6d9137ad7fac238057f09db75964,DCA/USDC,USDC,2026-02-05,436.1708
OP Mainnet,0xfaf4de6b4f92e8c44735d8224ceb89f54b7e6d9137ad7fac238057f09db75964,DCA/USDC,USDC,2026-02-06,448.193496
OP Mainnet,0xfaf4de6b4f92e8c44735d8224ceb89f54b7e6d9137ad7fac238057f09db75964,DCA/USDC,USDC,2026-02-07,447.138413
OP Mainnet,0xfaf4de6b4f92e8c44735d8224ceb89f54b7e6d9137ad7fac238057f09db75964,DCA/USDC,USDC,2026-02-08,445.81778
OP Mainnet,0xfaf4de6b4f92e8c44735d8224ceb89f54b7e6d9137ad7fac238057f09db75964,DCA/USDC,USDC,2026-02-09,440.815077
OP Mainnet,0xfaf4de6b4f92e8c44735d8224ceb89f54b7e6d9137ad7fac238057f09db75964,DCA/USDC,USDC,2026-02-10,431.075024
OP Mainnet,0xfaf4de6b4f92e8c44735d8224ceb89f54b7e6d9137ad7fac238057f09db75964,DCA/USDC,USDC,2026-02-11,433.368618
OP Mainnet,0xfaf4de6b4f92e8c44735d8224ceb89f54b7e6d9137ad7fac238057f09db75964,DCA/USDC,USDC,2026-02-12,432.072306
OP Mainnet,0xfaf4de6b4f92e8c44735d8224ceb89f54b7e6d9137ad7fac238057f09db75964,DCA/USDC,USDC,2026-02-13,442.221051
OP Mainnet,0xfaf4de6b4f92e8c44735d8224ceb89f54b7e6d9137ad7fac238057f09db75964,DCA/USDC,USDC,2026-02-14,434.61311
OP Mainnet,0xfaf4de6b4f92e8c44735d8224ceb89f54b7e6d9137ad7fac238057f09db75964,DCA/USDC,USDC,2026-02-15,425.906012
OP Mainnet,0xfaf4de6b4f92e8c44735d8224ceb89f54b7e6d9137ad7fac238057f09db75964,DCA/USDC,USDC,2026-02-16,426.508661
OP Mainnet,0xfaf4de6b4f92e8c44735d8224ceb89f54b7e6d9137ad7fac238057f09db75964,DCA/USDC,USDC,2026-02-17,427.450544
OP Mainnet,0xfaf4de6b4f92e8c44735d8224ceb89f54b7e6d9137ad7fac238057f09db75964,DCA/USDC,USDC,2026-02-18,404.615263
OP Mainnet,0xfaf4de6b4f92e8c44735d8224ceb89f54b7e6d9137ad7fac238057f09db75964,DCA/USDC,USDC,2026-02-19,386.212166
OP Mainnet,0xfaf4de6b4f92e8c44735d8224ceb89f54b7e6d9137ad7fac238057f09db75964,DCA/USDC,USDC,2026-02-20,387.808991
OP Mainnet,0xfaf4de6b4f92e8c44735d8224ceb89f54b7e6d9137ad7fac238057f09db75964,DCA/USDC,USDC,2026-02-21,387.637366
OP Mainnet,0xfaf4de6b4f92e8c44735d8224ceb89f54b7e6d9137ad7fac238057f09db75964,DCA/USDC,USDC,2026-02-22,378.508254
OP Mainnet,0xfaf4de6b4f92e8c44735d8224ceb89f54b7e6d9137ad7fac238057f09db75964,DCA/USDC,USDC,2026-02-23,375.354309
OP Mainnet,0xfaf4de6b4f92e8c44735d8224ceb89f54b7e6d9137ad7fac238057f09db75964,DCA/USDC,USDC,2026-02-24,375.785377
OP Mainnet,0xfaf4de6b4f92e8c44735d8224ceb89f54b7e6d9137ad7fac238057f09db75964,DCA/USDC,USDC,2026-02-25,398.393719
OP Mainnet,0xfaf4de6b4f92e8c44735d8224ceb89f54b7e6d9137ad7fac238057f09db75964,DCA/USDC,USDC,2026-02-26,396.412024
OP Mainnet,0xfaf4de6b4f92e8c44735d8224ceb89f54b7e6d9137ad7fac238057f09db75964,DCA/USDC,USDC,2026-02-27,386.390763
OP Mainnet,0xfaf4de6b4f92e8c44735d8224ceb89f54b7e6d9137ad7fac238057f09db75964,DCA/USDC,USDC,2026-02-28,396.359304
OP Mainnet,0xfaf4de6b4f92e8c44735d8224ceb89f54b7e6d9137ad7fac238057f09db75964,DCA/USDC,USDC,2026-03-01,393.057277
OP Mainnet,0xfaf4de6b4f92e8c44735d8224ceb89f54b7e6d9137ad7fac238057f09db75964,DCA/USDC,USDC,2026-03-02,395.588532
OP Mainnet,0xfaf4de6b4f92e8c44735d8224ceb89f54b7e6d9137ad7fac238057f09db75964,DCA/USDC,USDC,2026-03-03,392.88836
OP Mainnet,0xfaf4de6b4f92e8c44735d8224ceb89f54b7e6d9137ad7fac238057f09db75964,DCA/USDC,USDC,2026-03-04,404.417916
OP Mainnet,0xfaf4de6b4f92e8c44735d8224ceb89f54b7e6d9137ad7fac238057f09db75964,DCA/USDC,USDC,2026-03-05,397.136722
OP Mainnet,0xfaf4de6b4f92e8c44735d8224ceb89f54b7e6d9137ad7fac238057f09db75964,DCA/USDC,USDC,2026-03-06,388.193518
OP Mainnet,0xfaf4de6b4f92e8c44735d8224ceb89f54b7e6d9137ad7fac238057f09db75964,DCA/USDC,USDC,2026-03-07,384.551273
OP Mainnet,0xfaf4de6b4f92e8c44735d8224ceb89f54b7e6d9137ad7fac238057f09db75964,DCA/USDC,USDC,2026-03-08,389.673568
OP Mainnet,0xfaf4de6b4f92e8c44735d8224ceb89f54b7e6d9137ad7fac238057f09db75964,DCA/USDC,USDC,2026-03-09,376.581857
OP Mainnet,0xfaf4de6b4f92e8c44735d8224ceb89f54b7e6d9137ad7fac238057f09db75964,DCA/USDC,USDC,2026-03-10,374.890602
OP Mainnet,0xfaf4de6b4f92e8c44735d8224ceb89f54b7e6d9137ad7fac238057f09db75964,DCA/USDC,USDC,2026-03-11,361.833627
OP Mainnet,0xfaf4de6b4f92e8c44735d8224ceb89f54b7e6d9137ad7fac238057f09db75964,DCA/USDC,USDC,2026-03-12,367.031784
OP Mainnet,0xfaf4de6b4f92e8c44735d8224ceb89f54b7e6d9137ad7fac238057f09db75964,DCA/USDC,USDC,2026-03-13,365.05509
OP Mainnet,0xfaf4de6b4f92e8c44735d8224ceb89f54b7e6d9137ad7fac238057f09db75964,DCA/USDC,USDC,2026-03-14,365.848552
OP Mainnet,0xfaf4de6b4f92e8c44735d8224ceb89f54b7e6d9137ad7fac238057f09db75964,DCA/USDC,USDC,2026-03-15,373.166783
OP Mainnet,0xfaf4de6b4f92e8c44735d8224ceb89f54b7e6d9137ad7fac238057f09db75964,DCA/USDC,USDC,2026-03-16,374.680959
OP Mainnet,0xfaf4de6b4f92e8c44735d8224ceb89f54b7e6d9137ad7fac238057f09db75964,DCA/USDC,USDC,2026-03-17,375.591233
OP Mainnet,0xfaf4de6b4f92e8c44735d8224ceb89f54b7e6d9137ad7fac238057f09db75964,DCA/USDC,USDC,2026-03-18,366.116749
OP Mainnet,0xfaf4de6b4f92e8c44735d8224ceb89f54b7e6d9137ad7fac238057f09db75964,DCA/USDC,USDC,2026-03-19,362.693622
OP Mainnet,0xfaf4de6b4f92e8c44735d8224ceb89f54b7e6d9137ad7fac238057f09db75964,DCA/USDC,USDC,2026-03-20,363.613326
OP Mainnet,0xfaf4de6b4f92e8c44735d8224ceb89f54b7e6d9137ad7fac238057f09db75964,DCA/USDC,USDC,2026-03-21,360.181522
OP Mainnet,0xfaf4de6b4f92e8c44735d8224ceb89f54b7e6d9137ad7fac238057f09db75964,DCA/USDC,USDC,2026-03-22,355.604493
OP Mainnet,0xfaf4de6b4f92e8c44735d8224ceb89f54b7e6d9137ad7fac238057f09db75964,DCA/USDC,USDC,2026-03-23,359.712342
OP Mainnet,0xfaf4de6b4f92e8c44735d8224ceb89f54b7e6d9137ad7fac238057f09db75964,DCA/USDC,USDC,2026-03-24,361.47594
OP Mainnet,0xfaf4de6b4f92e8c44735d8224ceb89f54b7e6d9137ad7fac238057f09db75964,DCA/USDC,USDC,2026-03-25,358.421999
OP Mainnet,0xfaf4de6b4f92e8c44735d8224ceb89f54b7e6d9137ad7fac238057f09db75964,DCA/USDC,USDC,2026-03-26,354.153953
OP Mainnet,0xfaf4de6b4f92e8c44735d8224ceb89f54b7e6d9137ad7fac238057f09db75964,DCA/USDC,USDC,2026-03-27,349.389853
OP Mainnet,0xfaf4de6b4f92e8c44735d8224ceb89f54b7e6d9137ad7fac238057f09db75964,DCA/USDC,USDC,2026-03-28,349.372438
OP Mainnet,0xfaf4de6b4f92e8c44735d8224ceb89f54b7e6d9137ad7fac238057f09db75964,DCA/USDC,USDC,2026-03-29,352.845061
OP Mainnet,0xfaf4de6b4f92e8c44735d8224ceb89f54b7e6d9137ad7fac238057f09db75964,DCA/USDC,USDC,2026-03-30,353.968476
OP Mainnet,0xfaf4de6b4f92e8c44735d8224ceb89f54b7e6d9137ad7fac238057f09db75964,DCA/USDC,USDC,2026-03-31,357.394305
OP Mainnet,0xfaf4de6b4f92e8c44735d8224ceb89f54b7e6d9137ad7fac238057f09db75964,DCA/USDC,USDC,2026-04-01,352.948848
OP Mainnet,0xfaf4de6b4f92e8c44735d8224ceb89f54b7e6d9137ad7fac238057f09db75964,DCA/USDC,USDC,2026-04-02,353.520539
OP Mainnet,0xfaf4de6b4f92e8c44735d8224ceb89f54b7e6d9137ad7fac238057f09db75964,DCA/USDC,USDC,2026-04-03,354.219547
OP Mainnet,0xfaf4de6b4f92e8c44735d8224ceb89f54b7e6d9137ad7fac238057f09db75964,DCA/USDC,USDC,2026-04-04,353.456525
OP Mainnet,0xfaf4de6b4f92e8c44735d8224ceb89f54b7e6d9137ad7fac238057f09db75964,DCA/USDC,USDC,2026-04-05,358.882814
OP Mainnet,0xfaf4de6b4f92e8c44735d8224ceb89f54b7e6d9137ad7fac238057f09db75964,DCA/USDC,USDC,2026-04-06,357.510053
OP Mainnet,0xfaf4de6b4f92e8c44735d8224ceb89f54b7e6d9137ad7fac238057f09db75964,DCA/USDC,USDC,2026-04-07,365.574007
OP Mainnet,0xfaf4de6b4f92e8c44735d8224ceb89f54b7e6d9137ad7fac238057f09db75964,DCA/USDC,USDC,2026-04-08,362.045292
OP Mainnet,0xfaf4de6b4f92e8c44735d8224ceb89f54b7e6d9137ad7fac238057f09db75964,DCA/USDC,USDC,2026-04-09,363.89297
OP Mainnet,0xfaf4de6b4f92e8c44735d8224ceb89f54b7e6d9137ad7fac238057f09db75964,DCA/USDC,USDC,2026-04-10,363.749538
OP Mainnet,0xfaf4de6b4f92e8c44735d8224ceb89f54b7e6d9137ad7fac238057f09db75964,DCA/USDC,USDC,2026-04-11,361.853418
